"id";"data_inversa";"dia_semana";"horario";"uf";"br";"km";"municipio";"causa_acidente";"tipo_acidente";"classificacao_acidente";"fase_dia";"sentido_via";"condicao_metereologica";"tipo_pista";"tracado_via";"uso_solo";"pessoas";"mortos";"feridos_leves";"feridos_graves";"ilesos";"ignorados";"feridos";"veiculos";"latitude";"longitude";"regional";"delegacia";"uop"
475294;2022-09-18;"domingo";"20:20:00";"SC";101;210;"PALHOCA";"Ingestão de álcool pelo condutor";"Colisão lateral mesmo sentido";"Sem Vítimas";"Plena Noite";"Decrescente";"Céu Claro";"Dupla";"Viaduto";"Sim";2;0;0;0;2;0;0;2;-27,6167305;-48,6457265;"SPRF-SC";"DEL01-SC";"UOP01-DEL01-SC"
475295;2022-09-18;"domingo";"21:00:00";"ES";262;48;"MARECHAL FLORIANO";"Demais falhas mecânicas ou elétricas";"Saída de leito carroçável";"Com Vítimas Feridas";"Plena Noite";"Crescente";"Nublado";"Simples";"Ponte";"Sim";2;0;1;0;1;0;1;1;-20,41192401;-40,68856;"SPRF-ES";"DEL01-ES";"UOP01-DEL01-ES"
475297;2022-09-18;"domingo";"18:00:00";"BA";101;430;"UBAITABA";"Velocidade Incompatível";"Saída de leito carroçável";"Com Vítimas Feridas";"Anoitecer";"Crescente";"Céu Claro";"Simples";"Curva";"Não";1;0;1;0;0;0;1;1;-14,330602;-39,314425;"SPRF-BA";"DEL05-BA";"UOP01-DEL05-BA"
475299;2022-09-18;"domingo";"21:25:00";"PE";101;41;"IGARASSU";"Ingestão de álcool pelo condutor";"Colisão traseira";"Com Vítimas Feridas";"Pleno dia";"Crescente";"Céu Claro";"Simples";"Reta";"Sim";2;0;0;1;1;0;1;2;-7,83038346;-34,91426785;"SPRF-PE";"DEL01-PE";"UOP02-DEL01-PE"
475301;2022-09-18;"domingo";"18:10:00";"PE";428;64;"SANTA MARIA DA BOA VISTA";"Condutor deixou de manter distância do veículo da frente";"Colisão transversal";"Com Vítimas Feridas";"Plena Noite";"Crescente";"Céu Claro";"Simples";"Reta";"Não";7;0;0;2;5;0;2;2;-8,65436324;-39,72965878;"SPRF-PE";"DEL06-PE";"UOP03-DEL06-PE"
475302;2022-09-18;"domingo";"19:10:00";"MS";463;105,3;"PONTA PORA";"Ausência de reação do condutor";"Atropelamento de Pedestre";"Com Vítimas Feridas";"Plena Noite";"Decrescente";"Céu Claro";"Simples";"Reta";"Não";2;0;2;0;0;0;2;2;-22,59966;-55,6614133;"SPRF-MS";"DEL04-MS";"UOP03-DEL04-MS"
475303;2022-09-18;"domingo";"19:00:00";"RJ";101;485;"ANGRA DOS REIS";"Pedestre cruzava a pista fora da faixa";"Atropelamento de Pedestre";"Com Vítimas Feridas";"Plena Noite";"Crescente";"Nublado";"Simples";"Reta";"Sim";2;0;1;0;1;0;1;2;-22,97943;-44,295612;"SPRF-RJ";"DEL03-RJ";"UOP03-DEL03-RJ"
475304;2022-09-18;"domingo";"19:35:00";"SC";470;282;"BRUNOPOLIS";"Ingestão de álcool pelo condutor";"Saída de leito carroçável";"Com Vítimas Feridas";"Plena Noite";"Decrescente";"Céu Claro";"Simples";"Curva";"Não";3;0;2;1;0;0;3;1;-27,334223;-50,887123;"SPRF-SC";"DEL07-SC";"UOP06-DEL07-SC"
475306;2022-09-18;"domingo";"20:00:00";"GO";70;13,2;"AGUAS LINDAS DE GOIAS";"Ausência de reação do condutor";"Colisão traseira";"Com Vítimas Feridas";"Plena Noite";"Crescente";"Chuva";"Dupla";"Aclive";"Não";2;0;1;0;0;1;1;2;-15,746271;-48,319645;"SPRF-DF";"DEL03-DF";"UOP02-DEL03-DF"
475307;2022-09-18;"domingo";"21:30:00";"PR";376;175;"MARINGA";"Reação tardia ou ineficiente do condutor";"Colisão traseira";"Com Vítimas Feridas";"Plena Noite";"Crescente";"Céu Claro";"Dupla";"Reta";"Sim";2;0;1;0;1;0;1;2;-23,4113569;-51,9407767;"SPRF-PR";"DEL09-PR";"UOP01-DEL09-PR"
475308;2022-09-18;"domingo";"19:00:00";"RO";364;320;"PRESIDENTE MEDICI";"Reação tardia ou ineficiente do condutor";"Colisão lateral mesmo sentido";"Com Vítimas Feridas";"Plena Noite";"Crescente";"Nublado";"Dupla";"Reta";"Não";3;0;3;0;0;0;3;2;-11,06933715;-61,92319428;"SPRF-RO";"DEL02-RO";"UOP01-DEL02-RO"
475309;2022-09-18;"domingo";"21:10:00";"PR";277;5,7;"FOZ DO IGUACU";"Velocidade Incompatível";"Saída de leito carroçável";"Com Vítimas Feridas";"Plena Noite";"Crescente";"Céu Claro";"Dupla";"Interseção de Vias";"Não";1;0;1;0;0;0;1;1;-25,5469;-54,5882;"SPRF-PR";"DEL05-PR";"UOP03-DEL05-PR"
475311;2022-09-18;"domingo";"20:50:00";"PR";376;242;"APUCARANA";"Avarias e/ou desgaste excessivo no pneu";"Colisão com objeto";"Com Vítimas Feridas";"Plena Noite";"Crescente";"Nublado";"Dupla";"Curva;Declive";"Não";3;0;3;0;0;0;3;1;-23,580046;-51,418804;"SPRF-PR";"DEL07-PR";"UOP03-DEL07-PR"
475313;2022-09-18;"domingo";"20:20:00";"RS";116;216;"MORRO REUTER";"Transitar na contramão";"Colisão frontal";"Com Vítimas Feridas";"Plena Noite";"Decrescente";"Céu Claro";"Dupla";"Interseção de Vias";"Sim";5;0;1;1;2;1;2;3;-29,54001608;-51,07711676;"SPRF-RS";"DEL05-RS";"UOP02-DEL05-RS"
475315;2022-09-18;"domingo";"21:40:00";"GO";50;105,1;"CRISTALINA";"Reação tardia ou ineficiente do condutor";"Saída de leito carroçável";"Com Vítimas Feridas";"Plena Noite";"Crescente";"Céu Claro";"Dupla";"Reta";"Não";1;0;0;1;0;0;1;1;-16,81504769;-47,66859412;"SPRF-DF";"DEL01-DF";"UOP02-DEL01-DF"
475316;2022-09-18;"domingo";"21:40:00";"PR";369;201;"APUCARANA";"Acesso irregular";"Colisão transversal";"Com Vítimas Feridas";"Plena Noite";"Decrescente";"Céu Claro";"Simples";"Reta";"Sim";4;0;2;0;1;1;2;2;-23,53667179;-51,45667255;"SPRF-PR";"DEL07-PR";"UOP03-DEL07-PR"
475317;2022-09-18;"domingo";"18:20:00";"MS";463;1;"DOURADOS";"Ausência de reação do condutor";"Colisão traseira";"Com Vítimas Feridas";"Plena Noite";"Crescente";"Céu Claro";"Simples";"Reta";"Sim";2;0;1;0;0;1;1;2;-22,25910019;-54,81076956;"SPRF-MS";"DEL04-MS";"UOP01-DEL04-MS"
475318;2022-09-18;"domingo";"21:00:00";"MA";316;588;"CAXIAS";"Transitar no acostamento";"Saída de leito carroçável";"Com Vítimas Feridas";"Plena Noite";"Crescente";"Céu Claro";"Simples";"Declive";"Não";1;0;0;1;0;0;1;1;-4,987743;-43,065375;"SPRF-MA";"DEL03-MA";"UOP02-DEL03-MA"
475319;2022-09-18;"domingo";"21:15:00";"RJ";101;475;"ANGRA DOS REIS";"Velocidade Incompatível";"Saída de leito carroçável";"Com Vítimas Feridas";"Plena Noite";"Crescente";"Céu Claro";"Simples";"Curva";"Não";1;0;0;1;0;0;1;1;-23,00030529;-44,25655988;"SPRF-RJ";"DEL03-RJ";"UOP03-DEL03-RJ"
475320;2022-09-18;"domingo";"23:00:00";"MG";381;492;"BETIM";"Acessar a via sem observar a presença dos outros veículos";"Atropelamento de Pedestre";"Com Vítimas Feridas";"Plena Noite";"Decrescente";"Céu Claro";"Dupla";"Reta";"Sim";2;0;1;0;1;0;1;2;-19,97490091;-44,19004301;"SPRF-MG";"DEL01-MG";"UOP03-DEL01-MG"
475321;2022-09-18;"domingo";"23:25:00";"PR";376;150;"PRESIDENTE CASTELO BRANCO";"Velocidade Incompatível";"Tombamento";"Sem Vítimas";"Plena Noite";"Crescente";"Céu Claro";"Dupla";"Reta";"Não";1;0;0;0;0;1;0;1;-23,30300223;-52,11227146;"SPRF-PR";"DEL09-PR";"UOP01-DEL09-PR"
475323;2022-09-18;"domingo";"19:50:00";"BA";242;778;"BARREIRAS";"Pista Escorregadia";"Queda de ocupante de veículo";"Com Vítimas Feridas";"Plena Noite";"Decrescente";"Nublado";"Simples";"Curva";"Não";2;0;1;0;1;0;1;2;-12,15141977;-44,88678932;"SPRF-BA";"DEL10-BA";"UOP01-DEL10-BA"
475325;2022-09-18;"domingo";"20:00:00";"MG";153;82,5;"PRATA";"Ingestão de álcool pelo condutor";"Eventos atípicos";"Com Vítimas Fatais";"Plena Noite";"Crescente";"Céu Claro";"Múltipla";"Declive";"Não";1;1;0;0;0;0;0;1;-19,08091412;-48,9973372;"SPRF-MG";"DEL15-MG";"UOP03-DEL15-MG"
475328;2022-09-18;"domingo";"18:45:00";"PR";277;201;"PALMEIRA";"Transitar na contramão";"Colisão frontal";"Com Vítimas Feridas";"Anoitecer";"Decrescente";"Céu Claro";"Simples";"Curva";"Não";4;0;2;0;2;0;2;2;-25,46505185;-50,27112007;"SPRF-PR";"DEL08-PR";"UOP02-DEL08-PR"
475329;2022-09-18;"domingo";"22:45:00";"RS";116;253;"SAPUCAIA DO SUL";"Ausência de reação do condutor";"Colisão transversal";"Com Vítimas Feridas";"Plena Noite";"Decrescente";"Céu Claro";"Múltipla";"Reta";"Sim";4;0;1;0;3;0;1;2;-29,81784209;-51,16996166;"SPRF-RS";"DEL01-RS";"UOP02-DEL01-RS"
475331;2022-09-18;"domingo";"23:30:00";"ES";101;50;"CONCEICAO DA BARRA";"Velocidade Incompatível";"Saída de leito carroçável";"Com Vítimas Feridas";"Plena Noite";"Crescente";"Céu Claro";"Simples";"Interseção de Vias";"Não";1;0;1;0;0;0;1;1;-18,58588752;-39,89233239;"SPRF-ES";"DEL04-ES";"UOP02-DEL04-ES"
475332;2022-09-18;"domingo";"18:00:00";"MG";354;741;"POUSO ALTO";"Mal súbito do condutor";"Colisão frontal";"Com Vítimas Feridas";"Anoitecer";"Crescente";"Céu Claro";"Simples";"Curva";"Não";6;0;4;1;1;0;5;2;-22,21827183;-44,94078051;"SPRF-MG";"DEL17-MG";"UOP01-DEL17-MG"
475333;2022-09-18;"domingo";"20:58:00";"RO";364;235;"CACOAL";"Reação tardia ou ineficiente do condutor";"Queda de ocupante de veículo";"Com Vítimas Feridas";"Plena Noite";"Decrescente";"Céu Claro";"Simples";"Rotatória";"Sim";1;0;1;0;0;0;1;1;-11,4530702;-61,42774929;"SPRF-RO";"DEL02-RO";"UOP02-DEL02-RO"
475335;2022-09-18;"domingo";"22:50:00";"RJ";116;174;"MESQUITA";"Ingestão de álcool pelo condutor";"Colisão traseira";"Sem Vítimas";"Plena Noite";"Decrescente";"Céu Claro";"Múltipla";"Reta";"Sim";4;0;0;0;4;0;0;4;-22,79423806;-43,36403759;"SPRF-RJ";"DEL01-RJ";"UOP02-DEL01-RJ"
475336;2022-09-18;"domingo";"19:00:00";"MT";174;487;"COMODORO";"Ingestão de álcool pelo condutor";"Saída de leito carroçável";"Sem Vítimas";"Plena Noite";"Crescente";"Céu Claro";"Simples";"Reta";"Sim";1;0;0;0;1;0;0;1;-13,64760393;-59,79662967;"SPRF-MT";"DEL04-MT";"UOP01-DEL04-MT"
475338;2022-09-18;"domingo";"08:05:00";"AC";364;462;"FEIJO";"Acessar a via sem observar a presença dos outros veículos";"Colisão frontal";"Com Vítimas Feridas";"Pleno dia";"Crescente";"Céu Claro";"Simples";"Reta";"Não";2;0;1;0;1;0;1;2;-8,39271314;-70,19439419;"SPRF-AC";"DEL01-AC";"UOP01-DEL01-AC"
475339;2022-09-18;"domingo";"22:40:00";"SC";158;126;"CUNHA PORA";"Ingestão de álcool pelo condutor";"Colisão frontal";"Com Vítimas Feridas";"Plena Noite";"Decrescente";"Céu Claro";"Simples";"Reta";"Não";4;0;1;3;0;0;4;2;-26,864369;-53,164295;"SPRF-SC";"DEL07-SC";"UOP02-DEL07-SC"
475340;2022-09-19;"segunda-feira";"00:15:00";"MG";116;411;"GOVERNADOR VALADARES";"Animais na Pista";"Atropelamento de Animal";"Com Vítimas Feridas";"Plena Noite";"Crescente";"Céu Claro";"Dupla";"Reta";"Sim";1;0;0;1;0;0;1;1;-18,86244705;-41,97405237;"SPRF-MG";"DEL06-MG";"UOP01-DEL06-MG"
475341;2022-09-18;"domingo";"23:30:00";"MA";135;9,8;"SAO LUIS";"Reação tardia ou ineficiente do condutor";"Colisão com objeto";"Com Vítimas Feridas";"Plena Noite";"Crescente";"Céu Claro";"Dupla";"Reta";"Sim";4;0;2;0;2;0;2;1;-2,64941425;-44,28038883;"SPRF-MA";"DEL01-MA";"UOP01-DEL01-MA"
475342;2022-09-18;"domingo";"23:40:00";"SC";101;328;"CAPIVARI DE BAIXO";"Avarias e/ou desgaste excessivo no pneu";"Tombamento";"Com Vítimas Feridas";"Plena Noite";"Crescente";"Céu Claro";"Dupla";"Reta";"Não";2;0;1;1;0;0;2;1;-28,43648094;-48,95989307;"SPRF-SC";"DEL02-SC";"UOP01-DEL02-SC"
475343;2022-09-19;"segunda-feira";"00:40:00";"SP";381;58;"MAIRIPORA";"Ultrapassagem Indevida";"Colisão traseira";"Sem Vítimas";"Plena Noite";"Crescente";"Nublado";"Dupla";"Aclive";"Não";2;0;0;0;2;0;0;2;-23,27822781;-46,58614039;"SPRF-SP";"DEL03-SP";"UOP01-DEL03-SP"
475344;2022-09-18;"domingo";"23:10:00";"RJ";101;500;"ANGRA DOS REIS";"Velocidade Incompatível";"Colisão com objeto";"Com Vítimas Feridas";"Plena Noite";"Crescente";"Céu Claro";"Simples";"Reta";"Não";1;0;1;0;0;0;1;1;-22,91719505;-44,35485495;"SPRF-RJ";"DEL03-RJ";"UOP03-DEL03-RJ"
475345;2022-09-18;"domingo";"23:00:00";"RJ";465;21;"NOVA IGUACU";"Ausência de reação do condutor";"Colisão lateral sentido oposto";"Sem Vítimas";"Plena Noite";"Decrescente";"Nublado";"Simples";"Reta";"Sim";1;0;0;0;0;1;0;1;-22,854782;-43,601933;"SPRF-RJ";"DEL03-RJ";"UOP01-DEL03-RJ"
475346;2022-09-18;"domingo";"23:45:00";"CE";116;47;"PACAJUS";"Ausência de reação do condutor";"Saída de leito carroçável";"Com Vítimas Feridas";"Plena Noite";"Crescente";"Céu Claro";"Dupla";"Curva";"Sim";2;0;0;2;0;0;2;1;-4,14746618;-38,47778184;"SPRF-CE";"DEL01-CE";"UOP02-DEL01-CE"
475348;2022-09-19;"segunda-feira";"00:30:00";"SC";280;228,2;"TRES BARRAS";"Ausência de reação do condutor";"Capotamento";"Sem Vítimas";"Plena Noite";"Crescente";"Céu Claro";"Simples";"Reta";"Não";1;0;0;0;1;0;0;1;-26,18436373;-50,34232305;"SPRF-SC";"DEL06-SC";"UOP04-DEL06-SC"
475349;2022-09-18;"domingo";"22:43:00";"RO";364;17;"VILHENA";"Reação tardia ou ineficiente do condutor";"Colisão traseira";"Com Vítimas Feridas";"Plena Noite";"Decrescente";"Nublado";"Simples";"Reta;Aclive";"Não";2;0;1;0;1;0;1;2;-12,73207998;-60,16589399;"SPRF-RO";"DEL04-RO";"UOP01-DEL04-RO"
475350;2022-09-18;"domingo";"20:00:00";"PI";316;257,5;"IPIRANGA DO PIAUI";"Condutor deixou de manter distância do veículo da frente";"Colisão traseira";"Com Vítimas Fatais";"Plena Noite";"Crescente";"Céu Claro";"Simples";"Reta";"Não";3;1;0;0;0;2;0;3;-6,80156899;-41,73855674;"SPRF-PI";"DEL04-PI";"UOP02-DEL04-PI"
475351;2022-09-18;"domingo";"21:50:00";"MS";163;465;"CAMPO GRANDE";"Acessar a via sem observar a presença dos outros veículos";"Colisão traseira";"Com Vítimas Feridas";"Plena Noite";"Crescente";"Céu Claro";"Simples";"Interseção de Vias";"Não";2;0;0;1;0;1;1;2;-20,59436908;-54,5809341;"SPRF-MS";"DEL01-MS";"UOP01-DEL01-MS"
475352;2022-09-18;"domingo";"21:35:00";"PR";116;157;"MANDIRITUBA";"Transitar na contramão";"Colisão frontal";"Com Vítimas Fatais";"Plena Noite";"Crescente";"Chuva";"Simples";"Reta";"Não";4;1;1;0;2;0;1;2;-25,861959;-49,403241;"SPRF-PR";"DEL01-PR";"UOP03-DEL01-PR"
475355;2022-09-19;"segunda-feira";"00:25:00";"BA";324;621,9;"SALVADOR";"Avarias e/ou desgaste excessivo no pneu";"Colisão com objeto";"Com Vítimas Feridas";"Plena Noite";"Crescente";"Chuva";"Dupla";"Curva";"Sim";1;0;1;0;0;0;1;1;-12,91233708;-38,45956983;"SPRF-BA";"DEL01-BA";"UOP01-DEL01-BA"
475357;2022-09-19;"segunda-feira";"00:50:00";"RJ";101;305;"SAO GONCALO";"Condutor deixou de manter distância do veículo da frente";"Colisão traseira";"Com Vítimas Fatais";"Plena Noite";"Crescente";"Céu Claro";"Dupla";"Reta";"Sim";2;1;0;0;1;0;0;2;-22,78702832;-42,99589293;"SPRF-RJ";"DEL02-RJ";"UOP02-DEL02-RJ"
475358;2022-09-19;"segunda-feira";"02:00:00";"PR";373;248,3;"GUAMIRANGA";"Condutor Dormindo";"Saída de leito carroçável";"Com Vítimas Feridas";"Plena Noite";"Crescente";"Céu Claro";"Simples";"Reta";"Não";1;0;0;1;0;0;1;1;-25,19099772;-50,8222121;"SPRF-PR";"DEL03-PR";"UOP04-DEL03-PR"
475359;2022-09-19;"segunda-feira";"01:15:00";"SC";101;338;"TUBARAO";"Ingestão de álcool e/ou substâncias psicoativas pelo pedestre";"Saída de leito carroçável";"Com Vítimas Feridas";"Plena Noite";"Crescente";"Céu Claro";"Dupla";"Reta";"Sim";2;0;1;0;1;0;1;1;-28,485725;-49,03726;"SPRF-SC";"DEL02-SC";"UOP01-DEL02-SC"
475361;2022-09-19;"segunda-feira";"02:20:00";"SC";470;47;"BLUMENAU";"Condutor Dormindo";"Saída de leito carroçável";"Com Vítimas Feridas";"Plena Noite";"Crescente";"Garoa/Chuvisco";"Simples";"Desvio Temporário;Em Obras;Reta";"Não";2;0;0;1;1;0;1;1;-26,864044;-49,046516;"SPRF-SC";"DEL04-SC";"UOP01-DEL04-SC"
475362;2022-09-19;"segunda-feira";"02:15:00";"DF";70;9,9;"BRASILIA";"Condutor deixou de manter distância do veículo da frente";"Colisão traseira";"Com Vítimas Feridas";"Plena Noite";"Crescente";"Céu Claro";"Dupla";"Reta";"Sim";2;0;1;0;0;1;1;2;-15,784615;-48,132023;"SPRF-DF";"DEL03-DF";"UOP02-DEL03-DF"
475363;2022-09-18;"domingo";"23:40:00";"PR";277;355,3;"GUARAPUAVA";"Ultrapassagem Indevida";"Colisão frontal";"Com Vítimas Fatais";"Plena Noite";"Decrescente";"Céu Claro";"Simples";"Reta";"Não";15;2;1;1;11;0;2;2;-25,4166682;-51,5700581;"SPRF-PR";"DEL08-PR";"UOP01-DEL08-PR"
475364;2022-09-19;"segunda-feira";"04:00:00";"RJ";101;318;"SAO GONCALO";"Frear bruscamente";"Colisão traseira";"Com Vítimas Feridas";"Amanhecer";"Decrescente";"Chuva";"Dupla";"Reta";"Sim";2;0;1;0;1;0;1;1;-22,84562994;-43,09841211;"SPRF-RJ";"DEL02-RJ";"UOP02-DEL02-RJ"
475367;2022-09-18;"domingo";"18:35:00";"BA";101;782;"ITAMARAJU";"Animais na Pista";"Atropelamento de Animal";"Com Vítimas Fatais";"Plena Noite";"Decrescente";"Chuva";"Simples";"Reta";"Não";2;1;1;0;0;0;1;1;-17,00105579;-39,5513695;"SPRF-BA";"DEL09-BA";"UOP01-DEL09-BA"
475368;2022-09-19;"segunda-feira";"04:40:00";"BA";324;619;"SALVADOR";"Demais falhas mecânicas ou elétricas";"Eventos atípicos";"Com Vítimas Feridas";"Amanhecer";"Decrescente";"Chuva";"Simples";"Viaduto";"Sim";1;0;1;0;0;0;1;1;-12,908129;-38,45736;"SPRF-BA";"DEL01-BA";"UOP01-DEL01-BA"
475369;2022-09-19;"segunda-feira";"04:40:00";"MT";364;234;"RONDONOPOLIS";"Acumulo de água sobre o pavimento";"Capotamento";"Com Vítimas Feridas";"Amanhecer";"Decrescente";"Chuva";"Dupla";"Declive";"Não";5;0;5;0;0;0;5;1;-16,23115894;-54,78177125;"SPRF-MT";"DEL02-MT";"UOP01-DEL02-MT"
475370;2022-09-19;"segunda-feira";"05:20:00";"BA";242;416;"SEABRA";"Acostamento em desnível";"Queda de ocupante de veículo";"Com Vítimas Feridas";"Amanhecer";"Crescente";"Nublado";"Simples";"Reta";"Não";1;0;1;0;0;0;1;1;-12,42981176;-41,78832603;"SPRF-BA";"DEL06-BA";"UOP01-DEL06-BA"
475371;2022-09-19;"segunda-feira";"05:40:00";"GO";153;692,1;"ITUMBIARA";"Condutor Dormindo";"Saída de leito carroçável";"Com Vítimas Feridas";"Plena Noite";"Decrescente";"Céu Claro";"Dupla";"Curva";"Não";1;0;1;0;0;0;1;1;-18,3259;-49,2276;"SPRF-GO";"DEL03-GO";"UOP02-DEL03-GO"
475373;2022-09-19;"segunda-feira";"06:50:00";"PB";230;42;"SANTA RITA";"Ausência de reação do condutor";"Saída de leito carroçável";"Com Vítimas Feridas";"Pleno dia";"Decrescente";"Sol";"Dupla";"Curva";"Não";3;0;1;0;2;0;1;1;-7,1426;-34,9956;"SPRF-PB";"DEL01-PB";"UOP03-DEL01-PB"
475374;2022-08-31;"quarta-feira";"18:00:00";"PE";104;82,4;"AGRESTINA";"Pedestre andava na pista";"Atropelamento de Pedestre";"Com Vítimas Fatais";"Plena Noite";"Decrescente";"Chuva";"Simples";"Declive";"Não";3;1;0;0;1;1;0;2;-8,414513;-35,967102;"SPRF-PE";"DEL02-PE";"UOP01-DEL02-PE"
475376;2022-09-19;"segunda-feira";"07:00:00";"RS";116;270;"CANOAS";"Manobra de mudança de faixa";"Colisão lateral mesmo sentido";"Sem Vítimas";"Pleno dia";"Decrescente";"Nublado";"Dupla";"Reta";"Sim";2;0;0;0;2;0;0;2;-29,96839095;-51,17623895;"SPRF-RS";"DEL01-RS";"UOP01-DEL01-RS"
475377;2022-09-19;"segunda-feira";"06:30:00";"SC";101;150;"ITAPEMA";"Manobra de mudança de faixa";"Colisão lateral mesmo sentido";"Com Vítimas Feridas";"Pleno dia";"Crescente";"Céu Claro";"Simples";"Reta";"Sim";3;0;0;2;1;0;2;2;-27,11744799;-48,60940987;"SPRF-SC";"DEL04-SC";"UOP03-DEL04-SC"
475378;2022-09-19;"segunda-feira";"05:45:00";"MT";70;12,6;"BARRA DO GARCAS";"Obstrução na via";"Queda de ocupante de veículo";"Com Vítimas Feridas";"Amanhecer";"Crescente";"Céu Claro";"Simples";"Curva";"Não";1;0;0;1;0;0;1;1;-15,87933551;-52,36195898;"SPRF-MT";"DEL07-MT";"UOP01-DEL07-MT"
475379;2022-09-17;"sábado";"19:00:00";"BA";415;47;"ITABUNA";"Ingestão de álcool e/ou substâncias psicoativas pelo pedestre";"Atropelamento de Pedestre";"Com Vítimas Feridas";"Plena Noite";"Crescente";"Céu Claro";"Simples";"Reta";"Não";3;0;2;0;1;0;2;2;-14,81574494;-39,29612388;"SPRF-BA";"DEL05-BA";"UOP01-DEL05-BA"
475381;2022-09-19;"segunda-feira";"01:00:00";"MG";381;374;"SAO GONCALO DO RIO ABAIXO";"Ausência de reação do condutor";"Saída de leito carroçável";"Com Vítimas Feridas";"Plena Noite";"Decrescente";"Garoa/Chuvisco";"Simples";"Curva";"Não";2;0;2;0;0;0;2;1;-19,84141645;-43,32982083;"SPRF-MG";"DEL01-MG";"UOP01-DEL01-MG"
475382;2022-09-19;"segunda-feira";"05:35:00";"MT";70;12,6;"BARRA DO GARCAS";"Obstrução na via";"Queda de ocupante de veículo";"Com Vítimas Feridas";"Amanhecer";"Crescente";"Céu Claro";"Simples";"Curva";"Não";1;0;0;1;0;0;1;1;-15,87933551;-52,36195898;"SPRF-MT";"DEL07-MT";"UOP01-DEL07-MT"
475383;2022-09-19;"segunda-feira";"06:20:00";"ES";101;264;"SERRA";"Condutor deixou de manter distância do veículo da frente";"Colisão traseira";"Com Vítimas Feridas";"Pleno dia";"Crescente";"Sol";"Múltipla";"Reta";"Sim";2;0;0;1;1;0;1;2;-20,17292791;-40,26736384;"SPRF-ES";"DEL02-ES";"UOP01-DEL02-ES"
475384;2022-09-19;"segunda-feira";"06:00:00";"PR";467;110,9;"CASCAVEL";"Área urbana sem a presença de local apropriado para a travessia de pedestres";"Atropelamento de Pedestre";"Com Vítimas Feridas";"Amanhecer";"Crescente";"Céu Claro";"Dupla";"Reta";"Sim";2;0;0;1;1;0;1;2;-24,9299;-53,4505;"SPRF-PR";"DEL04-PR";"UOP01-DEL04-PR"
475385;2022-09-19;"segunda-feira";"06:50:00";"BA";116;427;"FEIRA DE SANTANA";"Velocidade Incompatível";"Engavetamento";"Com Vítimas Feridas";"Pleno dia";"Decrescente";"Chuva";"Dupla";"Declive";"Não";4;0;0;1;3;0;1;4;-12,272828;-38,993998;"SPRF-BA";"DEL02-BA";"UOP01-DEL02-BA"
475386;2022-09-18;"domingo";"22:30:00";"RS";290;583;"ALEGRETE";"Reação tardia ou ineficiente do condutor";"Saída de leito carroçável";"Sem Vítimas";"Plena Noite";"Crescente";"Chuva";"Simples";"Rotatória";"Sim";1;0;0;0;1;0;0;1;-29,813101;-55,806679;"SPRF-RS";"DEL13-RS";"UOP02-DEL13-RS"
475388;2022-09-19;"segunda-feira";"07:19:00";"MG";40;528,5;"CONTAGEM";"Trafegar com motocicleta (ou similar) entre as faixas";"Tombamento";"Com Vítimas Feridas";"Pleno dia";"Crescente";"Céu Claro";"Simples";"Reta;Aclive;Interseção de Vias";"Sim";1;0;1;0;0;0;1;1;-19,90883179;-44,04436577;"SPRF-MG";"DEL01-MG";"UOP02-DEL01-MG"
475389;2022-09-19;"segunda-feira";"07:40:00";"SP";116;227;"SAO PAULO";"Manobra de mudança de faixa";"Colisão lateral mesmo sentido";"Com Vítimas Feridas";"Pleno dia";"Crescente";"Céu Claro";"Múltipla";"Reta";"Não";2;0;1;0;1;0;1;2;-23,49659264;-46,55648754;"SPRF-SP";"DEL01-SP";"UOP01-DEL01-SP"
475391;2022-09-19;"segunda-feira";"07:10:00";"MG";381;890,3;"CAMBUI";"Condutor Dormindo";"Colisão com objeto";"Com Vítimas Feridas";"Pleno dia";"Crescente";"Céu Claro";"Dupla";"Reta";"Não";4;0;3;0;1;0;3;1;-22,54093986;-46,03762865;"SPRF-MG";"DEL16-MG";"UOP03-DEL16-MG"
475392;2022-09-19;"segunda-feira";"07:30:00";"PR";376;441;"TIBAGI";"Reação tardia ou ineficiente do condutor";"Colisão com objeto";"Com Vítimas Feridas";"Pleno dia";"Decrescente";"Céu Claro";"Dupla";"Reta";"Não";4;0;2;0;2;0;2;1;-24,82109404;-50,48239231;"SPRF-PR";"DEL03-PR";"UOP02-DEL03-PR"
475393;2022-09-19;"segunda-feira";"08:08:00";"PB";230;17;"JOAO PESSOA";"Manobra de mudança de faixa";"Colisão traseira";"Com Vítimas Feridas";"Pleno dia";"Decrescente";"Céu Claro";"Dupla";"Reta";"Sim";2;0;1;0;1;0;1;2;-7,121589;-34,844954;"SPRF-PB";"DEL01-PB";"UOP01-DEL01-PB"
475395;2022-09-19;"segunda-feira";"06:30:00";"GO";158;185;"CAIAPONIA";"Ultrapassagem Indevida";"Colisão frontal";"Com Vítimas Feridas";"Plena Noite";"Crescente";"Céu Claro";"Simples";"Reta";"Não";2;0;1;1;0;0;2;2;-17,18509903;-51,89085084;"SPRF-GO";"DEL05-GO";"UOP01-DEL05-GO"
475396;2022-09-19;"segunda-feira";"06:30:00";"PI";343;322,9;"TERESINA";"Ausência de reação do condutor";"Colisão traseira";"Com Vítimas Feridas";"Pleno dia";"Crescente";"Céu Claro";"Simples";"Reta;Aclive";"Não";3;0;1;0;2;0;1;2;-5,054964;-42,585648;"SPRF-PI";"DEL01-PI";"UOP01-DEL01-PI"