"id";"data_inversa";"dia_semana";"horario";"uf";"br";"km";"municipio";"causa_acidente";"tipo_acidente";"classificacao_acidente";"fase_dia";"sentido_via";"condicao_metereologica";"tipo_pista";"tracado_via";"uso_solo";"pessoas";"mortos";"feridos_leves";"feridos_graves";"ilesos";"ignorados";"feridos";"veiculos";"latitude";"longitude";"regional";"delegacia";"uop"
475398;2022-08-18;"quinta-feira";"18:40:00";"PR";376;158;"MANDAGUACU";"Condutor deixou de manter distância do veículo da frente";"Tombamento";"Com Vítimas Feridas";"Plena Noite";"Decrescente";"Chuva";"Dupla";"Reta";"Sim";2;0;1;1;0;0;2;1;-23,36169997;-52,08593395;"SPRF-PR";"DEL09-PR";"UOP01-DEL09-PR"
475399;2022-09-19;"segunda-feira";"08:15:00";"PR";369;151;"LONDRINA";"Condutor desrespeitou a iluminação vermelha do semáforo";"Colisão transversal";"Com Vítimas Feridas";"Pleno dia";"Crescente";"Céu Claro";"Dupla";"Reta";"Sim";2;0;1;0;1;0;1;2;-23,292781;-51,16273;"SPRF-PR";"DEL07-PR";"UOP01-DEL07-PR"
475402;2022-09-19;"segunda-feira";"08:00:00";"MT";364;272;"JACIARA";"Ausência de reação do condutor";"Tombamento";"Com Vítimas Feridas";"Plena Noite";"Crescente";"Chuva";"Dupla";"Curva";"Sim";1;0;1;0;0;0;1;1;-15,96667987;-54,96121981;"SPRF-MT";"DEL02-MT";"UOP01-DEL02-MT"
475403;2022-05-15;"domingo";"23:26:00";"MG";40;498;"ESMERALDAS";"Pedestre andava na pista";"Atropelamento de Pedestre";"Com Vítimas Fatais";"Plena Noite";"Decrescente";"Nublado";"Dupla";"Reta;Aclive";"Não";2;1;0;0;1;0;0;2;-19,68696695;-44,18039634;"SPRF-MG";"DEL02-MG";"UOP01-DEL02-MG"
475404;2022-09-19;"segunda-feira";"09:20:00";"ES";101;278;"SERRA";"Manobra de mudança de faixa";"Colisão traseira";"Com Vítimas Feridas";"Pleno dia";"Decrescente";"Céu Claro";"Dupla";"Reta";"Não";3;0;2;0;1;0;2;2;-20,21698365;-40,32974606;"SPRF-ES";"DEL02-ES";"UOP01-DEL02-ES"
475408;2022-09-19;"segunda-feira";"09:30:00";"ES";101;391;"RIO NOVO DO SUL";"Reação tardia ou ineficiente do condutor";"Queda de ocupante de veículo";"Com Vítimas Feridas";"Pleno dia";"Crescente";"Sol";"Simples";"Reta";"Não";1;0;1;0;0;0;1;1;-20,8657929;-40,89634385;"SPRF-ES";"DEL03-ES";"UOP02-DEL03-ES"
475409;2022-09-18;"domingo";"23:00:00";"PE";408;64,2;"CARPINA";"Reação tardia ou ineficiente do condutor";"Saída de leito carroçável";"Sem Vítimas";"Plena Noite";"Decrescente";"Ignorado";"Dupla";"Rotatória";"Sim";1;0;0;0;0;1;0;1;-7,846511;-35,24029;"SPRF-PE";"DEL01-PE";"UOP01-DEL01-PE"
475411;2022-09-11;"domingo";"19:50:00";"MS";158;303;"TRES LAGOAS";"Condutor Dormindo";"Saída de leito carroçável";"Com Vítimas Feridas";"Plena Noite";"Crescente";"Céu Claro";"Simples";"Reta";"Não";3;0;2;0;1;0;2;1;-20,98104597;-51,85503705;"SPRF-MS";"DEL07-MS";"UOP01-DEL07-MS"
475412;2022-06-11;"sábado";"21:10:00";"MG";40;506;"RIBEIRAO DAS NEVES";"Ausência de reação do condutor";"Tombamento";"Com Vítimas Feridas";"Plena Noite";"Decrescente";"Céu Claro";"Dupla";"Retorno Regulamentado";"Não";2;0;2;0;0;0;2;1;-19,74716686;-44,14731173;"SPRF-MG";"DEL02-MG";"UOP01-DEL02-MG"
475413;2022-09-17;"sábado";"10:30:00";"MG";116;768;"LEOPOLDINA";"Reação tardia ou ineficiente do condutor";"Colisão com objeto";"Sem Vítimas";"Pleno dia";"Crescente";"Chuva";"Simples";"Reta";"Sim";1;0;0;0;1;0;0;1;-21,54357124;-42,65688182;"SPRF-MG";"DEL07-MG";"UOP01-DEL07-MG"
475414;2022-09-19;"segunda-feira";"09:10:00";"SC";163;68;"SAO MIGUEL DO OESTE";"Acumulo de água sobre o pavimento";"Colisão traseira";"Sem Vítimas";"Pleno dia";"Crescente";"Chuva";"Dupla";"Reta";"Sim";2;0;0;0;2;0;0;2;-26,74357919;-53,50097179;"SPRF-SC";"DEL07-SC";"UOP03-DEL07-SC"
475416;2022-04-16;"sábado";"21:30:00";"PR";369;144;"LONDRINA";"Ultrapassagem Indevida";"Colisão lateral mesmo sentido";"Com Vítimas Feridas";"Plena Noite";"Decrescente";"Céu Claro";"Dupla";"Reta";"Sim";2;0;1;0;1;0;1;2;-23,292813;-51,096274;"SPRF-PR";"DEL07-PR";"UOP01-DEL07-PR"
475418;2022-09-19;"segunda-feira";"11:15:00";"RN";406;149;"CEARA-MIRIM";"Acessar a via sem observar a presença dos outros veículos";"Colisão transversal";"Com Vítimas Feridas";"Pleno dia";"Crescente";"Céu Claro";"Simples";"Interseção de Vias";"Não";2;0;1;0;1;0;1;2;-5,6485583;-35,44127004;"SPRF-RN";"DEL02-RN";"UOP01-DEL02-RN"
475419;2022-09-19;"segunda-feira";"11:00:00";"SC";101;203,6;"SAO JOSE";"Manobra de mudança de faixa";"Colisão lateral mesmo sentido";"Com Vítimas Feridas";"Pleno dia";"Decrescente";"Céu Claro";"Múltipla";"Reta";"Sim";3;0;2;1;0;0;3;2;-27,5650044;-48,61460082;"SPRF-SC";"DEL01-SC";"UOP01-DEL01-SC"
475423;2022-09-19;"segunda-feira";"10:00:00";"BA";101;371;"GANDU";"Velocidade Incompatível";"Saída de leito carroçável";"Com Vítimas Feridas";"Pleno dia";"Decrescente";"Céu Claro";"Simples";"Curva";"Não";2;0;2;0;0;0;2;1;-13,9178362;-39,48511279;"SPRF-BA";"DEL05-BA";"UOP03-DEL05-BA"
475424;2022-09-19;"segunda-feira";"11:00:00";"PR";369;464;"UBIRATA";"Avarias e/ou desgaste excessivo no pneu";"Saída de leito carroçável";"Com Vítimas Feridas";"Pleno dia";"Decrescente";"Chuva";"Simples";"Declive";"Não";1;0;1;0;0;0;1;1;-24,5544;-53,1229;"SPRF-PR";"DEL04-PR";"UOP03-DEL04-PR"
475426;2022-09-19;"segunda-feira";"12:19:00";"MG";381;490,8;"BETIM";"Demais falhas na via";"Colisão com objeto";"Com Vítimas Feridas";"Pleno dia";"Decrescente";"Céu Claro";"Múltipla";"Reta";"Não";1;0;1;0;0;0;1;1;-19,95744;-44,14979;"SPRF-MG";"DEL01-MG";"UOP03-DEL01-MG"
475427;2022-08-30;"terça-feira";"08:30:00";"SP";116;550;"BARRA DO TURVO";"Reação tardia ou ineficiente do condutor";"Colisão com objeto";"Com Vítimas Feridas";"Pleno dia";"Decrescente";"Chuva";"Simples";"Curva";"Não";2;0;2;0;0;0;2;1;-24,95749618;-48,46440871;"SPRF-SP";"DEL05-SP";"UOP02-DEL05-SP"
475428;2022-09-19;"segunda-feira";"12:00:00";"GO";153;508;"APARECIDA DE GOIANIA";"Manobra de mudança de faixa";"Colisão lateral mesmo sentido";"Com Vítimas Feridas";"Pleno dia";"Decrescente";"Céu Claro";"Simples";"Curva";"Sim";2;0;1;0;1;0;1;1;-16,7804;-49,2371;"SPRF-GO";"DEL01-GO";"UOP03-DEL01-GO"
475430;2022-09-19;"segunda-feira";"12:15:00";"PB";230;23,7;"JOAO PESSOA";"Avarias e/ou desgaste excessivo no pneu";"Tombamento";"Com Vítimas Feridas";"Pleno dia";"Crescente";"Céu Claro";"Dupla";"Reta";"Sim";2;0;2;0;0;0;2;1;-7,16185074;-34,86086369;"SPRF-PB";"DEL01-PB";"UOP01-DEL01-PB"
475431;2022-09-19;"segunda-feira";"11:50:00";"PI";316;310;"PICOS";"Acumulo de óleo sobre o pavimento";"Queda de ocupante de veículo";"Com Vítimas Feridas";"Pleno dia";"Crescente";"Céu Claro";"Dupla";"Rotatória";"Sim";2;0;2;0;0;0;2;1;-7,07562772;-41,46713376;"SPRF-PI";"DEL04-PI";"UOP01-DEL04-PI"
475432;2022-09-07;"quarta-feira";"09:00:00";"RS";0;0;"PORTO ALEGRE";"Condutor desrespeitou a iluminação vermelha do semáforo";"Colisão transversal";"Sem Vítimas";"Pleno dia";"Não Informado";"Céu Claro";"Dupla";"Reta";"Sim";2;0;0;0;2;0;0;2;-30,04735726;-51,21168842;"SPRF-RS";"DEL01-RS";"UOP01-DEL01-RS"
475436;2022-07-13;"quarta-feira";"16:30:00";"SP";101;50;"UBATUBA";"Acessar a via sem observar a presença dos outros veículos";"Colisão transversal";"Com Vítimas Feridas";"Pleno dia";"Decrescente";"Céu Claro";"Simples";"Reta";"Sim";2;0;0;1;0;1;1;2;-23,45018939;-45,07743735;"SPRF-SP";"DEL06-SP";"UOP01-DEL06-SP"
475437;2022-09-19;"segunda-feira";"12:50:00";"PB";230;23,7;"JOAO PESSOA";"Reação tardia ou ineficiente do condutor";"Colisão com objeto";"Com Vítimas Feridas";"Pleno dia";"Crescente";"Sol";"Dupla";"Curva;Aclive";"Sim";1;0;0;1;0;0;1;1;-7,1562;-34,8574;"SPRF-PB";"DEL01-PB";"UOP01-DEL01-PB"
475439;2022-09-19;"segunda-feira";"12:45:00";"SC";101;206,9;"SAO JOSE";"Acessar a via sem observar a presença dos outros veículos";"Colisão transversal";"Com Vítimas Feridas";"Pleno dia";"Decrescente";"Céu Claro";"Simples";"Interseção de Vias";"Sim";3;0;1;0;2;0;1;2;-27,599549;-48,621768;"SPRF-SC";"DEL01-SC";"UOP01-DEL01-SC"
475440;2022-09-19;"segunda-feira";"13:25:00";"RS";285;124,7;"VACARIA";"Reação tardia ou ineficiente do condutor";"Colisão traseira";"Com Vítimas Feridas";"Pleno dia";"Decrescente";"Chuva";"Simples";"Reta";"Sim";3;0;1;0;2;0;1;2;-28,491489;-50,955837;"SPRF-RS";"DEL05-RS";"UOP03-DEL05-RS"
475441;2022-01-25;"terça-feira";"19:20:00";"PR";476;133;"CURITIBA";"Manobra de mudança de faixa";"Colisão traseira";"Com Vítimas Feridas";"Plena Noite";"Crescente";"Céu Claro";"Múltipla";"Interseção de Vias;Reta";"Sim";3;0;1;0;2;0;1;2;-25,469219;-49,254143;"SPRF-PR";"DEL01-PR";"UOP03-DEL01-PR"
475442;2022-09-18;"domingo";"11:00:00";"PE";116;62;"SALGUEIRO";"Condutor Dormindo";"Saída de leito carroçável";"Com Vítimas Feridas";"Pleno dia";"Crescente";"Sol";"Simples";"Reta";"Não";1;0;0;1;0;0;1;1;-8,30118811;-39,12231445;"SPRF-PE";"DEL05-PE";"UOP03-DEL05-PE"
475443;2022-09-19;"segunda-feira";"11:30:00";"PI";402;79;"CAJUEIRO DA PRAIA";"Acessar a via sem observar a presença dos outros veículos";"Colisão lateral mesmo sentido";"Sem Vítimas";"Pleno dia";"Crescente";"Céu Claro";"Simples";"Interseção de Vias";"Não";2;0;0;0;2;0;0;2;-3,07581078;-41,42705109;"SPRF-PI";"DEL05-PI";"UOP01-DEL05-PI"
475444;2022-09-19;"segunda-feira";"12:48:00";"PR";116;108;"CURITIBA";"Reação tardia ou ineficiente do condutor";"Saída de leito carroçável";"Com Vítimas Fatais";"Pleno dia";"Crescente";"Nublado";"Dupla";"Reta";"Sim";1;1;0;0;0;0;0;1;-25,56704;-49,238307;"SPRF-PR";"DEL01-PR";"UOP06-DEL01-PR"
475445;2022-09-19;"segunda-feira";"10:40:00";"AC";364;141;"RIO BRANCO";"Retorno proibido";"Colisão transversal";"Com Vítimas Fatais";"Pleno dia";"Crescente";"Céu Claro";"Dupla";"Reta";"Não";2;1;0;1;0;0;1;2;-9,93837455;-67,87945668;"SPRF-AC";"DEL01-AC";"UOP01-DEL01-AC"
475446;2022-09-19;"segunda-feira";"14:00:00";"RS";285;314;"PASSO FUNDO";"Chuva";"Saída de leito carroçável";"Com Vítimas Feridas";"Pleno dia";"Decrescente";"Chuva";"Simples";"Reta";"Não";3;0;3;0;0;0;3;1;-28,245794;-52,572262;"SPRF-RS";"DEL08-RS";"UOP03-DEL08-RS"
475449;2022-09-19;"segunda-feira";"14:20:00";"TO";153;145;"ARAGUAINA";"Avarias e/ou desgaste excessivo no pneu";"Queda de ocupante de veículo";"Com Vítimas Feridas";"Pleno dia";"Crescente";"Céu Claro";"Dupla";"Reta";"Sim";2;0;1;0;1;0;1;1;-7,20503614;-48,24035166;"SPRF-TO";"DEL02-TO";"UOP01-DEL02-TO"
475450;2022-09-19;"segunda-feira";"13:00:00";"RJ";101;513;"ANGRA DOS REIS";"Desrespeitar a preferência no cruzamento";"Colisão transversal";"Com Vítimas Feridas";"Pleno dia";"Decrescente";"Céu Claro";"Simples";"Rotatória";"Não";3;0;2;0;1;0;2;2;-23,003136;-44,2630144;"SPRF-RJ";"DEL03-RJ";"UOP03-DEL03-RJ"
475451;2022-09-19;"segunda-feira";"14:08:00";"BA";101;219;"CRUZ DAS ALMAS";"Condutor deixou de manter distância do veículo da frente";"Colisão lateral mesmo sentido";"Com Vítimas Feridas";"Pleno dia";"Decrescente";"Garoa/Chuvisco";"Simples";"Reta";"Sim";2;0;1;0;1;0;1;2;-12,655417;-39,123678;"SPRF-BA";"DEL01-BA";"UOP02-DEL01-BA"
475452;2022-09-19;"segunda-feira";"14:40:00";"MG";40;753,3;"EWBANK DA CAMARA";"Demais falhas mecânicas ou elétricas";"Incêndio";"Sem Vítimas";"Pleno dia";"Crescente";"Céu Claro";"Simples";"Reta";"Não";2;0;0;0;2;0;0;1;-21,47144207;-43,5456067;"SPRF-MG";"DEL05-MG";"UOP01-DEL05-MG"
475453;2022-09-19;"segunda-feira";"14:54:00";"PI";343;343;"TERESINA";"Ingestão de álcool pelo condutor";"Colisão com objeto";"Com Vítimas Feridas";"Pleno dia";"Decrescente";"Céu Claro";"Simples";"Aclive";"Sim";1;0;1;0;0;0;1;1;-5,087362;-42,757851;"SPRF-PI";"DEL01-PI";"UOP01-DEL01-PI"
475455;2022-09-19;"segunda-feira";"10:15:00";"ES";262;113,8;"VENDA NOVA DO IMIGRANTE";"Acessar a via sem observar a presença dos outros veículos";"Colisão lateral sentido oposto";"Com Vítimas Feridas";"Pleno dia";"Crescente";"Céu Claro";"Simples";"Interseção de Vias";"Sim";4;0;3;0;1;0;3;2;-20,33171889;-41,20453016;"SPRF-ES";"DEL01-ES";"UOP02-DEL01-ES"
475456;2022-09-19;"segunda-feira";"14:35:00";"RS";116;333;"BARRA DO RIBEIRO";"Acumulo de água sobre o pavimento";"Saída de leito carroçável";"Com Vítimas Feridas";"Pleno dia";"Crescente";"Chuva";"Dupla";"Curva";"Não";2;0;2;0;0;0;2;1;-30,40262929;-51,44811873;"SPRF-RS";"DEL02-RS";"UOP02-DEL02-RS"
475457;2022-09-19;"segunda-feira";"12:15:00";"PR";277;202;"PALMEIRA";"Ausência de reação do condutor";"Saída de leito carroçável";"Com Vítimas Feridas";"Pleno dia";"Crescente";"Nublado";"Simples";"Reta;Declive";"Não";2;0;2;0;0;0;2;1;-25,4617584;-50,22090389;"SPRF-PR";"DEL08-PR";"UOP02-DEL08-PR"
475458;2022-09-19;"segunda-feira";"15:00:00";"SC";470;54;"BLUMENAU";"Reação tardia ou ineficiente do condutor";"Tombamento";"Com Vítimas Feridas";"Pleno dia";"Decrescente";"Chuva";"Simples";"Interseção de Vias";"Não";1;0;0;1;0;0;1;1;-26,871065;-49,110374;"SPRF-SC";"DEL04-SC";"UOP01-DEL04-SC"
475459;2022-09-19;"segunda-feira";"11:45:00";"SC";282;397;"JOACABA";"Chuva";"Saída de leito carroçável";"Sem Vítimas";"Pleno dia";"Crescente";"Chuva";"Simples";"Curva";"Não";1;0;0;0;1;0;0;1;-27,1551134;-51,60161912;"SPRF-SC";"DEL07-SC";"UOP05-DEL07-SC"
475461;2022-09-19;"segunda-feira";"16:08:00";"DF";70;9;"BRASILIA";"Condutor deixou de manter distância do veículo da frente";"Colisão transversal";"Sem Vítimas";"Pleno dia";"Crescente";"Nublado";"Dupla";"Retorno Regulamentado";"Sim";4;0;0;0;4;0;0;2;-15,784615;-48,132023;"SPRF-DF";"DEL03-DF";"UOP02-DEL03-DF"
475462;2022-09-19;"segunda-feira";"09:20:00";"GO";364;4;"SAO SIMAO";"Acessar a via sem observar a presença dos outros veículos";"Atropelamento de Pedestre";"Com Vítimas Feridas";"Pleno dia";"Decrescente";"Nublado";"Simples";"Reta";"Não";3;0;0;1;1;1;1;2;-19,024111;-50,528896;"SPRF-GO";"DEL05-GO";"UOP02-DEL05-GO"
475463;2022-09-19;"segunda-feira";"16:20:00";"SC";101;198,4;"SAO JOSE";"Velocidade Incompatível";"Capotamento";"Com Vítimas Feridas";"Pleno dia";"Crescente";"Garoa/Chuvisco";"Múltipla";"Curva";"Sim";1;0;1;0;0;0;1;1;-27,52658712;-48,63506019;"SPRF-SC";"DEL01-SC";"UOP01-DEL01-SC"
475464;2022-09-19;"segunda-feira";"16:20:00";"RS";116;295;"GUAIBA";"Ausência de reação do condutor";"Saída de leito carroçável";"Com Vítimas Feridas";"Pleno dia";"Crescente";"Chuva";"Dupla";"Reta";"Não";5;0;2;0;3;0;2;1;-30,07969402;-51,34154882;"SPRF-RS";"DEL02-RS";"UOP01-DEL02-RS"
475467;2022-09-19;"segunda-feira";"16:44:00";"SP";116;431;"REGISTRO";"Manobra de mudança de faixa";"Queda de ocupante de veículo";"Com Vítimas Feridas";"Pleno dia";"Crescente";"Nublado";"Dupla";"Reta";"Não";1;0;1;0;0;0;1;1;-24,41194876;-47,75392914;"SPRF-SP";"DEL05-SP";"UOP01-DEL05-SP"
475468;2022-09-19;"segunda-feira";"15:40:00";"RO";364;705;"PORTO VELHO";"Avarias e/ou desgaste excessivo no pneu";"Colisão com objeto";"Com Vítimas Feridas";"Pleno dia";"Crescente";"Céu Claro";"Múltipla";"Curva";"Não";2;0;1;0;1;0;1;1;-8,80031556;-63,813994;"SPRF-RO";"DEL01-RO";"UOP01-DEL01-RO"
475469;2022-08-30;"terça-feira";"19:45:00";"RJ";101;302;"SAO GONCALO";"Ausência de reação do condutor";"Colisão com objeto";"Sem Vítimas";"Anoitecer";"Decrescente";"Céu Claro";"Dupla";"Ponte";"Sim";1;0;0;0;1;0;0;1;-22,78069318;-42,96706396;"SPRF-RJ";"DEL02-RJ";"UOP02-DEL02-RJ"
475470;2022-09-19;"segunda-feira";"17:00:00";"SP";116;227;"SAO PAULO";"Condutor deixou de manter distância do veículo da frente";"Engavetamento";"Com Vítimas Feridas";"Pleno dia";"Crescente";"Céu Claro";"Múltipla";"Reta";"Sim";6;0;2;0;4;0;2;6;-23,49659264;-46,55648754;"SPRF-SP";"DEL01-SP";"UOP01-DEL01-SP"
475472;2022-09-19;"segunda-feira";"17:00:00";"RJ";101;511;"ANGRA DOS REIS";"Pedestre cruzava a pista fora da faixa";"Atropelamento de Pedestre";"Com Vítimas Feridas";"Pleno dia";"Crescente";"Céu Claro";"Dupla";"Reta";"Sim";2;0;0;1;1;0;1;2;-22,9609111;-44,4382966;"SPRF-RJ";"DEL03-RJ";"UOP03-DEL03-RJ"
475473;2022-09-19;"segunda-feira";"17:00:00";"BA";324;513;"FEIRA DE SANTANA";"Conversão proibida";"Colisão frontal";"Com Vítimas Feridas";"Pleno dia";"Decrescente";"Nublado";"Simples";"Reta";"Sim";2;0;0;1;1;0;1;2;-12,23098007;-38,96101401;"SPRF-BA";"DEL02-BA";"UOP01-DEL02-BA"
475474;2022-09-19;"segunda-feira";"16:40:00";"PI";343;349;"TERESINA";"Ingestão de álcool pelo condutor";"Colisão lateral mesmo sentido";"Sem Vítimas";"Pleno dia";"Decrescente";"Céu Claro";"Dupla";"Reta";"Sim";2;0;0;0;2;0;0;2;-5,122515;-42,794392;"SPRF-PI";"DEL01-PI";"UOP01-DEL01-PI"
475475;2022-09-19;"segunda-feira";"17:00:00";"SP";116;209;"GUARULHOS";"Obstrução na via";"Eventos atípicos";"Com Vítimas Feridas";"Pleno dia";"Crescente";"Nublado";"Múltipla";"Reta";"Não";1;0;1;0;0;0;1;1;-23,42511799;-46,40221101;"SPRF-SP";"DEL01-SP";"UOP01-DEL01-SP"
475477;2022-09-19;"segunda-feira";"17:00:00";"MG";40;668,1;"CARANDAI";"Conversão proibida";"Colisão transversal";"Com Vítimas Feridas";"Pleno dia";"Crescente";"Céu Claro";"Simples";"Curva";"Não";2;0;1;1;0;0;2;2;-20,95785283;-43,79098892;"SPRF-MG";"DEL05-MG";"UOP02-DEL05-MG"
475478;2022-09-19;"segunda-feira";"17:49:00";"RN";405;0;"MOSSORO";"Acessar a via sem observar a presença dos outros veículos";"Colisão frontal";"Com Vítimas Feridas";"Plena Noite";"Crescente";"Céu Claro";"Simples";"Reta";"Sim";3;0;1;0;2;0;1;2;-5,1914673;-37,351887;"SPRF-RN";"DEL04-RN";"UOP02-DEL04-RN"
475479;2022-09-19;"segunda-feira";"18:00:00";"RJ";116;168;"SAO JOAO DE MERITI";"Ausência de reação do condutor";"Tombamento";"Com Vítimas Feridas";"Plena Noite";"Crescente";"Céu Claro";"Múltipla";"Reta";"Sim";1;0;1;0;0;0;1;1;-22,7941765;-43,3648634;"SPRF-RJ";"DEL01-RJ";"UOP02-DEL01-RJ"
475480;2022-09-19;"segunda-feira";"18:00:00";"SP";381;60;"MAIRIPORA";"Reação tardia ou ineficiente do condutor";"Tombamento";"Com Vítimas Feridas";"Anoitecer";"Crescente";"Céu Claro";"Dupla";"Curva";"Não";2;0;2;0;0;0;2;1;-23,28957673;-46,58729853;"SPRF-SP";"DEL03-SP";"UOP01-DEL03-SP"
475481;2022-09-19;"segunda-feira";"14:40:00";"MS";267;481,5;"JARDIM";"Manobra de mudança de faixa";"Colisão lateral mesmo sentido";"Com Vítimas Feridas";"Pleno dia";"Crescente";"Sol";"Dupla";"Interseção de Vias";"Sim";3;0;1;1;1;0;2;2;-21,478745;-56,13899;"SPRF-MS";"DEL05-MS";"UOP01-DEL05-MS"
475484;2022-09-19;"segunda-feira";"16:30:00";"PR";153;14,9;"JACAREZINHO";"Ausência de reação do condutor";"Capotamento";"Com Vítimas Feridas";"Pleno dia";"Crescente";"Nublado";"Simples";"Curva";"Não";1;0;1;0;0;0;1;1;-23,11032208;-49,94221363;"SPRF-PR";"DEL07-PR";"UOP04-DEL07-PR"
475486;2022-09-19;"segunda-feira";"15:50:00";"MG";262;41,2;"MANHUACU";"Ausência de reação do condutor";"Tombamento";"Com Vítimas Feridas";"Pleno dia";"Crescente";"Sol";"Simples";"Reta";"Não";3;0;2;0;0;1;2;2;-20,27444334;-42,05896416;"SPRF-MG";"DEL06-MG";"UOP03-DEL06-MG"
475488;2022-09-19;"segunda-feira";"17:50:00";"ES";101;267,8;"SERRA";"Manobra de mudança de faixa";"Colisão lateral mesmo sentido";"Com Vítimas Feridas";"Anoitecer";"Crescente";"Céu Claro";"Múltipla";"Reta";"Sim";2;0;1;0;1;0;1;2;-20,19930999;-40,26884609;"SPRF-ES";"DEL02-ES";"UOP01-DEL02-ES"
475489;2022-09-19;"segunda-feira";"12:40:00";"AC";317;306;"BRASILEIA";"Transitar na contramão";"Colisão transversal";"Com Vítimas Feridas";"Pleno dia";"Crescente";"Sol";"Simples";"Reta";"Não";3;0;1;0;2;0;1;3;-10,96150904;-68,81372404;"SPRF-AC";"DEL01-AC";"UOP02-DEL01-AC"
475492;2022-09-19;"segunda-feira";"18:30:00";"ES";101;297,7;"VIANA";"Ausência de reação do condutor";"Colisão traseira";"Com Vítimas Feridas";"Anoitecer";"Decrescente";"Céu Claro";"Dupla";"Reta";"Sim";2;0;1;0;1;0;1;2;-20,35109212;-40,41303819;"SPRF-ES";"DEL01-ES";"UOP01-DEL01-ES"
475493;2022-09-19;"segunda-feira";"18:13:00";"PR";476;115,4;"COLOMBO";"Transitar no acostamento";"Colisão frontal";"Com Vítimas Feridas";"Plena Noite";"Decrescente";"Chuva";"Simples";"Aclive";"Sim";2;0;2;0;0;0;2;2;-25,344196;-49,159679;"SPRF-PR";"DEL01-PR";"UOP01-DEL01-PR"
475494;2022-09-19;"segunda-feira";"18:43:00";"SC";101;209,2;"SAO JOSE";"Ausência de reação do condutor";"Colisão traseira";"Com Vítimas Feridas";"Plena Noite";"Crescente";"Chuva";"Múltipla";"Reta";"Sim";2;0;1;0;1;0;1;2;-27,61000542;-48,63895057;"SPRF-SC";"DEL01-SC";"UOP01-DEL01-SC"
475498;2022-09-19;"segunda-feira";"18:50:00";"PB";101;89;"JOAO PESSOA";"Acessar a via sem observar a presença dos outros veículos";"Colisão lateral mesmo sentido";"Com Vítimas Feridas";"Plena Noite";"Crescente";"Céu Claro";"Dupla";"Interseção de Vias";"Sim";3;0;0;1;1;1;1;2;-7,16934152;-34,89710446;"SPRF-PB";"DEL01-PB";"UOP02-DEL01-PB"
475500;2022-09-19;"segunda-feira";"19:48:00";"MG";381;943;"EXTREMA";"Entrada inopinada do pedestre";"Atropelamento de Pedestre";"Com Vítimas Feridas";"Anoitecer";"Decrescente";"Céu Claro";"Dupla";"Reta";"Não";2;0;1;0;1;0;1;2;-22,87018424;-46,3581479;"SPRF-MG";"DEL16-MG";"UOP03-DEL16-MG"
475501;2022-09-19;"segunda-feira";"18:50:00";"RJ";493;89;"SEROPEDICA";"Ausência de reação do condutor";"Saída de leito carroçável";"Com Vítimas Fatais";"Plena Noite";"Decrescente";"Céu Claro";"Dupla";"Reta";"Não";1;1;0;0;0;0;0;1;-22,67833196;-43,66069794;"SPRF-RJ";"DEL03-RJ";"UOP01-DEL03-RJ"
475503;2022-09-17;"sábado";"03:30:00";"SC";101;260;"GAROPABA";"Condutor Dormindo";"Colisão com objeto";"Com Vítimas Feridas";"Plena Noite";"Decrescente";"Chuva";"Simples";"Curva;Aclive";"Não";1;0;1;0;0;0;1;1;-28,02584;-48,702678;"SPRF-SC";"DEL02-SC";"UOP03-DEL02-SC"
475504;2022-09-19;"segunda-feira";"17:30:00";"RN";101;106,2;"PARNAMIRIM";"Manobra de mudança de faixa";"Colisão lateral mesmo sentido";"Com Vítimas Feridas";"Anoitecer";"Crescente";"Céu Claro";"Dupla";"Reta";"Sim";2;0;0;1;0;1;1;2;-5,91056401;-35,26130795;"SPRF-RN";"DEL01-RN";"UOP01-DEL01-RN"
475505;2022-09-19;"segunda-feira";"19:45:00";"SC";101;131;"BALNEARIO CAMBORIU";"Ultrapassagem Indevida";"Colisão frontal";"Com Vítimas Feridas";"Plena Noite";"Crescente";"Chuva";"Simples";"Reta";"Sim";2;0;0;1;1;0;1;2;-26,99064209;-48,66310912;"SPRF-SC";"DEL04-SC";"UOP03-DEL04-SC"
475506;2022-09-19;"segunda-feira";"19:30:00";"SC";470;70;"INDAIAL";"Transitar no acostamento";"Tombamento";"Com Vítimas Feridas";"Plena Noite";"Crescente";"Chuva";"Simples";"Reta;Aclive";"Sim";2;0;1;0;1;0;1;1;-26,889374;-49,254478;"SPRF-SC";"DEL04-SC";"UOP01-DEL04-SC"
475509;2022-09-19;"segunda-feira";"20:15:00";"SC";101;278,3;"IMBITUBA";"Avarias e/ou desgaste excessivo no pneu";"Saída de leito carroçável";"Com Vítimas Feridas";"Plena Noite";"Decrescente";"Chuva";"Múltipla";"Reta;Declive";"Não";3;0;2;0;1;0;2;2;-28,1781059;-48,69526863;"SPRF-SC";"DEL02-SC";"UOP03-DEL02-SC"
475510;2022-09-19;"segunda-feira";"16:35:00";"RJ";40;116;"DUQUE DE CAXIAS";"Velocidade Incompatível";"Saída de leito carroçável";"Com Vítimas Fatais";"Pleno dia";"Crescente";"Céu Claro";"Dupla";"Reta";"Sim";1;1;0;0;0;0;0;1;-22,739631;-43,288407;"SPRF-RJ";"DEL01-RJ";"UOP01-DEL01-RJ"