"id";"data_inversa";"dia_semana";"horario";"uf";"br";"km";"municipio";"causa_acidente";"tipo_acidente";"classificacao_acidente";"fase_dia";"sentido_via";"condicao_metereologica";"tipo_pista";"tracado_via";"uso_solo";"pessoas";"mortos";"feridos_leves";"feridos_graves";"ilesos";"ignorados";"feridos";"veiculos";"latitude";"longitude";"regional";"delegacia";"uop"
475512;2022-09-19;"segunda-feira";"21:20:00";"BA";116;457;"SANTO ESTEVAO";"Chuva";"Saída de leito carroçável";"Com Vítimas Feridas";"Plena Noite";"Crescente";"Chuva";"Dupla";"Reta";"Não";1;0;0;1;0;0;1;1;-12,41101412;-39,18356593;"SPRF-BA";"DEL02-BA";"UOP01-DEL02-BA"
475513;2022-09-19;"segunda-feira";"17:40:00";"MG";153;116,8;"PRATA";"Conversão proibida";"Colisão transversal";"Com Vítimas Feridas";"Pleno dia";"Decrescente";"Céu Claro";"Simples";"Reta";"Não";3;0;3;0;0;0;3;2;-19,36692295;-48,89960054;"SPRF-MG";"DEL15-MG";"UOP03-DEL15-MG"
475514;2022-09-19;"segunda-feira";"19:30:00";"GO";70;472;"ARAGARCAS";"Reação tardia ou ineficiente do condutor";"Atropelamento de Pedestre";"Com Vítimas Feridas";"Plena Noite";"Crescente";"Céu Claro";"Dupla";"Reta";"Sim";2;0;1;0;1;0;1;2;-15,89622953;-52,2468996;"SPRF-GO";"DEL04-GO";"UOP01-DEL04-GO"
475515;2022-09-19;"segunda-feira";"21:20:00";"RJ";495;5;"TERESOPOLIS";"Demais falhas mecânicas ou elétricas";"Incêndio";"Sem Vítimas";"Plena Noite";"Crescente";"Céu Claro";"Simples";"Curva";"Não";1;0;0;0;1;0;0;1;-22,403255;-42,998791;"SPRF-RJ";"DEL04-RJ";"UOP01-DEL04-RJ"
475516;2022-09-19;"segunda-feira";"21:40:00";"SC";101;125;"ITAJAI";"Falta de acostamento";"Eventos atípicos";"Com Vítimas Feridas";"Plena Noite";"Crescente";"Garoa/Chuvisco";"Dupla";"Curva";"Não";2;0;0;1;1;0;1;2;-26,94802427;-48,68338515;"SPRF-SC";"DEL04-SC";"UOP04-DEL04-SC"
475517;2022-09-19;"segunda-feira";"00:10:00";"MA";135;9;"SAO LUIS";"Condutor deixou de manter distância do veículo da frente";"Colisão traseira";"Sem Vítimas";"Plena Noite";"Crescente";"Céu Claro";"Dupla";"Reta";"Não";2;0;0;0;0;2;0;2;-2,64941425;-44,28038883;"SPRF-MA";"DEL01-MA";"UOP01-DEL01-MA"
475519;2022-09-19;"segunda-feira";"20:30:00";"PE";232;108;"BEZERROS";"Demais falhas mecânicas ou elétricas";"Incêndio";"Sem Vítimas";"Plena Noite";"Decrescente";"Céu Claro";"Dupla";"Reta";"Não";1;0;0;0;0;1;0;1;-8,27437583;-35,80416315;"SPRF-PE";"DEL02-PE";"UOP02-DEL02PE"
475520;2022-09-19;"segunda-feira";"21:30:00";"BA";324;513;"FEIRA DE SANTANA";"Conversão proibida";"Colisão transversal";"Com Vítimas Feridas";"Plena Noite";"Decrescente";"Céu Claro";"Simples";"Interseção de Vias";"Sim";2;0;1;0;1;0;1;2;-12,23098007;-38,96101401;"SPRF-BA";"DEL02-BA";"UOP01-DEL02-BA"
475525;2022-09-19;"segunda-feira";"20:55:00";"RS";116;121,7;"SAO MARCOS";"Ingestão de álcool pelo condutor";"Saída de leito carroçável";"Com Vítimas Feridas";"Plena Noite";"Crescente";"Chuva";"Simples";"Curva";"Não";2;0;1;1;0;0;2;1;-29,00573128;-51,06932906;"SPRF-RS";"DEL05-RS";"UOP01-DEL05-RS"
475527;2022-09-19;"segunda-feira";"23:30:00";"PR";476;152;"ARAUCARIA";"Pedestre cruzava a pista fora da faixa";"Atropelamento de Pedestre";"Com Vítimas Feridas";"Plena Noite";"Crescente";"Chuva";"Dupla";"Reta";"Sim";2;0;0;1;1;0;1;2;-25,570036;-49,384193;"SPRF-PR";"DEL01-PR";"UOP03-DEL01-PR"
475528;2022-09-19;"segunda-feira";"22:30:00";"PR";277;670;"MEDIANEIRA";"Ausência de reação do condutor";"Saída de leito carroçável";"Com Vítimas Feridas";"Plena Noite";"Crescente";"Nublado";"Dupla";"Reta";"Sim";1;0;1;0;0;0;1;1;-25,28037085;-54,07911108;"SPRF-PR";"DEL05-PR";"UOP02-DEL05-PR"
475529;2022-09-19;"segunda-feira";"23:15:00";"RS";290;75;"GRAVATAI";"Chuva";"Saída de leito carroçável";"Sem Vítimas";"Plena Noite";"Crescente";"Chuva";"Múltipla";"Reta";"Não";1;0;0;0;1;0;0;1;-29,95521;-51,006855;"SPRF-RS";"DEL01-RS";"UOP01-DEL01-RS"
475530;2022-09-19;"segunda-feira";"23:30:00";"GO";153;491,7;"GOIANIA";"Falta de elemento de contenção que evite a saída do leito carroçável";"Saída de leito carroçável";"Com Vítimas Feridas";"Plena Noite";"Crescente";"Céu Claro";"Dupla";"Reta";"Sim";2;0;1;0;0;1;1;1;-16,639;-49,2063;"SPRF-GO";"DEL01-GO";"UOP01-DEL01-GO"
475531;2022-09-19;"segunda-feira";"21:04:00";"RR";432;208;"CANTA";"Animais na Pista";"Atropelamento de Animal";"Com Vítimas Feridas";"Plena Noite";"Crescente";"Céu Claro";"Simples";"Reta";"Não";2;0;0;1;0;1;1;2;2,753729;-60,608643;"SPRF-RR";"DEL01-RR";"UOP01-DEL01-RR"
475532;2022-09-19;"segunda-feira";"23:50:00";"RN";101;113;"SAO JOSE DE MIPIBU";"Condutor Dormindo";"Capotamento";"Com Vítimas Feridas";"Plena Noite";"Crescente";"Céu Claro";"Dupla";"Reta";"Não";1;0;1;0;0;0;1;1;-5,973247;-35,26489;"SPRF-RN";"DEL01-RN";"UOP01-DEL01-RN"
475536;2022-09-20;"terça-feira";"02:20:00";"RJ";493;85;"JAPERI";"Reação tardia ou ineficiente do condutor";"Colisão transversal";"Com Vítimas Feridas";"Plena Noite";"Crescente";"Céu Claro";"Dupla";"Reta";"Não";2;0;1;0;1;0;1;1;-22,66772151;-43,64167505;"SPRF-RJ";"DEL01-RJ";"UOP03-DEL01-RJ"
475537;2022-09-20;"terça-feira";"00:25:00";"MS";262;93;"TRES LAGOAS";"Ausência de reação do condutor";"Saída de leito carroçável";"Sem Vítimas";"Plena Noite";"Decrescente";"Chuva";"Simples";"Curva";"Não";1;0;0;0;0;1;0;1;-20,58966838;-52,43305716;"SPRF-MS";"DEL07-MS";"UOP02-DEL07-MS"
475539;2022-09-20;"terça-feira";"02:40:00";"MS";158;150,9;"APARECIDA DO TABOADO";"Transitar na contramão";"Colisão frontal";"Com Vítimas Fatais";"Plena Noite";"Crescente";"Chuva";"Simples";"Reta";"Não";2;1;0;0;1;0;0;2;-20,10404596;-51,16426403;"SPRF-MS";"DEL08-MS";"UOP01-DEL08-MS"
475542;2022-09-20;"terça-feira";"06:46:00";"MG";381;510,2;"SAO JOAQUIM DE BICAS";"Reação tardia ou ineficiente do condutor";"Tombamento";"Com Vítimas Feridas";"Pleno dia";"Decrescente";"Céu Claro";"Dupla";"Reta";"Sim";1;0;1;0;0;0;1;1;-20,05648;-44,28635;"SPRF-MG";"DEL01-MG";"UOP03-DEL01-MG"
475543;2022-09-20;"terça-feira";"06:55:00";"PR";376;176,3;"MARINGA";"Acessar a via sem observar a presença dos outros veículos";"Colisão lateral mesmo sentido";"Com Vítimas Feridas";"Pleno dia";"Crescente";"Céu Claro";"Dupla";"Interseção de Vias";"Sim";2;0;1;0;1;0;1;2;-23,41135054;-51,93657875;"SPRF-PR";"DEL09-PR";"UOP01-DEL09-PR"
475544;2022-09-20;"terça-feira";"07:01:00";"SC";101;203;"SAO JOSE";"Manobra de mudança de faixa";"Colisão lateral mesmo sentido";"Com Vítimas Feridas";"Pleno dia";"Crescente";"Céu Claro";"Dupla";"Reta";"Sim";2;0;0;1;1;0;1;2;-27,5650044;-48,61460082;"SPRF-SC";"DEL01-SC";"UOP01-DEL01-SC"
475545;2022-09-19;"segunda-feira";"23:00:00";"MT";163;591,5;"NOVA MUTUM";"Avarias e/ou desgaste excessivo no pneu";"Capotamento";"Com Vítimas Feridas";"Plena Noite";"Crescente";"Céu Claro";"Simples";"Reta";"Não";6;0;1;5;0;0;6;1;-13,98765008;-56,09892131;"SPRF-MT";"DEL01-MT";"UOP01-DEL01-MT"
475546;2022-09-20;"terça-feira";"00:15:00";"SP";116;550;"BARRA DO TURVO";"Acumulo de água sobre o pavimento";"Colisão com objeto";"Sem Vítimas";"Plena Noite";"Decrescente";"Chuva";"Simples";"Curva";"Não";2;0;0;0;2;0;0;1;-24,95749618;-48,46440871;"SPRF-SP";"DEL05-SP";"UOP02-DEL05-SP"
475549;2022-09-20;"terça-feira";"07:50:00";"ES";101;146,5;"LINHARES";"Manobra de mudança de faixa";"Colisão lateral mesmo sentido";"Com Vítimas Feridas";"Pleno dia";"Crescente";"Sol";"Dupla";"Reta";"Sim";2;0;1;0;1;0;1;2;-19,36990998;-40,06560718;"SPRF-ES";"DEL04-ES";"UOP01-DEL04-ES"
475550;2022-09-20;"terça-feira";"07:10:00";"PE";408;96,1;"SAO LOURENCO DA MATA";"Ausência de reação do condutor";"Colisão traseira";"Com Vítimas Feridas";"Pleno dia";"Crescente";"Céu Claro";"Dupla";"Declive";"Sim";2;0;0;1;1;0;1;2;-8,02062;-35,041045;"SPRF-PE";"DEL01-PE";"UOP01-DEL01-PE"
475551;2022-09-20;"terça-feira";"01:20:00";"CE";304;13,1;"BEBERIBE";"Condutor Dormindo";"Queda de ocupante de veículo";"Com Vítimas Feridas";"Plena Noite";"Decrescente";"Céu Claro";"Simples";"Reta";"Sim";1;0;1;0;0;0;1;1;-4,58703267;-38,094508;"SPRF-CE";"DEL03-CE";"UOP03-DEL03-CE"
475552;2022-09-20;"terça-feira";"08:16:00";"DF";20;19;"BRASILIA";"Trafegar com motocicleta (ou similar) entre as faixas";"Colisão lateral mesmo sentido";"Com Vítimas Feridas";"Pleno dia";"Crescente";"Nublado";"Dupla";"Reta";"Não";2;0;1;0;1;0;1;2;-15,612175;-47,700928;"SPRF-DF";"DEL02-DF";"UOP01-DEL02-DF"
475553;2022-09-16;"sexta-feira";"22:00:00";"MG";381;511,2;"SAO JOAQUIM DE BICAS";"Ingestão de álcool e/ou substâncias psicoativas pelo pedestre";"Queda de ocupante de veículo";"Com Vítimas Feridas";"Plena Noite";"Decrescente";"Céu Claro";"Dupla";"Reta";"Sim";1;0;1;0;0;0;1;1;-20,08463223;-44,3099407;"SPRF-MG";"DEL01-MG";"UOP03-DEL01-MG"
475555;2022-09-20;"terça-feira";"07:55:00";"MG";50;140;"UBERABA";"Demais falhas mecânicas ou elétricas";"Saída de leito carroçável";"Com Vítimas Feridas";"Pleno dia";"Decrescente";"Céu Claro";"Dupla";"Reta";"Não";1;0;1;0;0;0;1;1;-19,48581718;-48,05052633;"SPRF-MG";"DEL13-MG";"UOP01-DEL13-MG"
475556;2022-09-18;"domingo";"22:10:00";"AP";156;820;"OIAPOQUE";"Iluminação deficiente";"Colisão traseira";"Sem Vítimas";"Plena Noite";"Decrescente";"Céu Claro";"Simples";"Reta";"Sim";3;0;0;0;3;0;0;1;3,83886329;-51,81873322;"SPRF-AP";"DEL01-AP";"UOP03-DEL01-AP"
475557;2022-09-20;"terça-feira";"07:40:00";"BA";101;875;"TEIXEIRA DE FREITAS";"Acessar a via sem observar a presença dos outros veículos";"Colisão transversal";"Com Vítimas Feridas";"Pleno dia";"Decrescente";"Nublado";"Simples";"Interseção de Vias";"Sim";2;0;1;0;1;0;1;2;-17,52951332;-39,70953768;"SPRF-BA";"DEL09-BA";"UOP02-DEL09-BA"
475560;2022-09-20;"terça-feira";"09:05:00";"SC";101;117,3;"ITAJAI";"Desrespeitar a preferência no cruzamento";"Colisão transversal";"Com Vítimas Feridas";"Pleno dia";"Decrescente";"Céu Claro";"Simples";"Interseção de Vias;Rotatória";"Sim";2;0;1;0;1;0;1;2;-26,88747187;-48,72252969;"SPRF-SC";"DEL04-SC";"UOP04-DEL04-SC"
475561;2022-09-20;"terça-feira";"08:09:00";"RN";101;83;"SAO GONCALO DO AMARANTE";"Manobra de mudança de faixa";"Colisão lateral mesmo sentido";"Com Vítimas Feridas";"Pleno dia";"Crescente";"Céu Claro";"Múltipla";"Reta";"Sim";2;0;2;0;0;0;2;2;-5,7710445;-35,26616981;"SPRF-RN";"DEL02-RN";"UOP01-DEL02-RN"
475562;2022-09-19;"segunda-feira";"23:20:00";"MG";381;577,4;"CARMOPOLIS DE MINAS";"Ingestão de substâncias psicoativas pelo condutor";"Queda de ocupante de veículo";"Com Vítimas Feridas";"Plena Noite";"Crescente";"Nublado";"Dupla";"Reta";"Não";1;0;1;0;0;0;1;1;-20,48737278;-44,59529111;"SPRF-MG";"DEL04-MG";"UOP01-DEL04-MG"
475563;2022-09-20;"terça-feira";"05:40:00";"MG";381;619,7;"OLIVEIRA";"Manobra de mudança de faixa";"Colisão lateral mesmo sentido";"Com Vítimas Feridas";"Amanhecer";"Decrescente";"Céu Claro";"Dupla";"Reta;Declive";"Não";5;0;1;1;3;0;2;2;-20,77747317;-44,78250849;"SPRF-MG";"DEL04-MG";"UOP01-DEL04-MG"
475564;2022-09-20;"terça-feira";"09:15:00";"MG";381;487;"BETIM";"Condutor deixou de manter distância do veículo da frente";"Colisão traseira";"Com Vítimas Feridas";"Pleno dia";"Crescente";"Céu Claro";"Dupla";"Declive;Curva";"Sim";3;0;2;0;1;0;2;2;-19,95539612;-44,11697572;"SPRF-MG";"DEL01-MG";"UOP03-DEL01-MG"
475565;2022-09-20;"terça-feira";"08:20:00";"SC";470;71,9;"INDAIAL";"Acessar a via sem observar a presença dos outros veículos";"Colisão transversal";"Com Vítimas Feridas";"Pleno dia";"Decrescente";"Céu Claro";"Simples";"Reta";"Não";2;0;0;1;1;0;1;2;-26,89455168;-49,26130241;"SPRF-SC";"DEL04-SC";"UOP01-DEL04-SC"
475566;2022-09-20;"terça-feira";"09:20:00";"MG";40;453,8;"CAETANOPOLIS";"Condutor deixou de manter distância do veículo da frente";"Queda de ocupante de veículo";"Com Vítimas Feridas";"Pleno dia";"Crescente";"Céu Claro";"Dupla";"Reta";"Não";1;0;1;0;0;0;1;1;-19,34189163;-44,35667832;"SPRF-MG";"DEL02-MG";"UOP01-DEL02-MG"
475567;2022-09-20;"terça-feira";"09:00:00";"SC";101;210;"SAO JOSE";"Manobra de mudança de faixa";"Colisão lateral mesmo sentido";"Com Vítimas Feridas";"Pleno dia";"Decrescente";"Sol";"Múltipla";"Reta";"Sim";2;0;1;0;0;1;1;2;-27,6167305;-48,6457265;"SPRF-SC";"DEL01-SC";"UOP01-DEL01-SC"
475568;2022-09-20;"terça-feira";"07:12:00";"AC";364;123;"RIO BRANCO";"Condutor deixou de manter distância do veículo da frente";"Colisão traseira";"Sem Vítimas";"Pleno dia";"Crescente";"Céu Claro";"Dupla";"Reta";"Sim";2;0;0;0;2;0;0;2;-10,0117071;-67,782373;"SPRF-AC";"DEL01-AC";"UOP01-DEL01-AC"
475569;2022-09-20;"terça-feira";"09:20:00";"DF";70;9;"BRASILIA";"Acessar a via sem observar a presença dos outros veículos";"Colisão traseira";"Com Vítimas Feridas";"Pleno dia";"Decrescente";"Céu Claro";"Dupla";"Reta";"Sim";2;0;1;0;1;0;1;2;-15,784615;-48,132023;"SPRF-DF";"DEL03-DF";"UOP02-DEL03-DF"
475570;2022-09-20;"terça-feira";"08:00:00";"MG";40;552;"NOVA LIMA";"Mal súbito do condutor";"Colisão frontal";"Com Vítimas Feridas";"Pleno dia";"Decrescente";"Céu Claro";"Simples";"Reta";"Sim";2;0;1;0;1;0;1;2;-20,06084086;-43,97716423;"SPRF-MG";"DEL01-MG";"UOP02-DEL01-MG"
475572;2022-09-20;"terça-feira";"00:15:00";"RJ";40;121;"DUQUE DE CAXIAS";"Velocidade Incompatível";"Capotamento";"Sem Vítimas";"Plena Noite";"Crescente";"Céu Claro";"Dupla";"Reta";"Sim";1;0;0;0;1;0;0;1;-22,78185499;-43,28571273;"SPRF-RJ";"DEL01-RJ";"UOP01-DEL01-RJ"
475580;2022-09-20;"terça-feira";"10:50:00";"PB";230;26;"JOAO PESSOA";"Acessar a via sem observar a presença dos outros veículos";"Colisão traseira";"Com Vítimas Feridas";"Pleno dia";"Decrescente";"Céu Claro";"Múltipla";"Declive;Reta;Interseção de Vias";"Sim";3;0;2;0;1;0;2;2;-7,1693;-34,8782;"SPRF-PB";"DEL01-PB";"UOP01-DEL01-PB"
475581;2022-09-20;"terça-feira";"11:00:00";"SP";381;88,5;"GUARULHOS";"Frear bruscamente";"Colisão traseira";"Com Vítimas Feridas";"Pleno dia";"Crescente";"Céu Claro";"Múltipla";"Reta";"Sim";2;0;1;0;1;0;1;2;-23,47469314;-46,56112919;"SPRF-SP";"DEL03-SP";"UOP01-DEL03-SP"
475582;2022-08-04;"quinta-feira";"18:04:00";"BA";116;426;"FEIRA DE SANTANA";"Conversão proibida";"Colisão transversal";"Com Vítimas Feridas";"Anoitecer";"Crescente";"Céu Claro";"Simples";"Reta";"Sim";2;0;0;1;1;0;1;2;-12,27157318;-38,99082184;"SPRF-BA";"DEL02-BA";"UOP01-DEL02-BA"
475584;2022-09-20;"terça-feira";"09:30:00";"RJ";116;180;"NOVA IGUACU";"Manobra de mudança de faixa";"Tombamento";"Com Vítimas Feridas";"Pleno dia";"Crescente";"Céu Claro";"Dupla";"Reta";"Sim";1;0;1;0;0;0;1;1;-22,7651616;-43,4154728;"SPRF-RJ";"DEL01-RJ";"UOP02-DEL01-RJ"
475585;2022-09-20;"terça-feira";"11:00:00";"SP";116;229;"SAO PAULO";"Ausência de reação do condutor";"Colisão traseira";"Com Vítimas Feridas";"Pleno dia";"Crescente";"Nublado";"Múltipla";"Reta";"Sim";2;0;1;0;1;0;1;2;-23,51291902;-46,57604698;"SPRF-SP";"DEL01-SP";"UOP01-DEL01-SP"
475586;2022-09-20;"terça-feira";"11:15:00";"PR";277;692;"SAO MIGUEL DO IGUACU";"Demais falhas mecânicas ou elétricas";"Queda de ocupante de veículo";"Com Vítimas Feridas";"Pleno dia";"Decrescente";"Sol";"Dupla";"Reta";"Não";2;0;2;0;0;0;2;1;-25,36774473;-54,26181715;"SPRF-PR";"DEL05-PR";"UOP01-DEL05-PR"
475589;2022-09-20;"terça-feira";"11:20:00";"RJ";40;97;"DUQUE DE CAXIAS";"Curva acentuada";"Queda de ocupante de veículo";"Com Vítimas Feridas";"Pleno dia";"Crescente";"Nublado";"Simples";"Curva;Declive";"Não";1;0;1;0;0;0;1;1;-22,57356181;-43,27802893;"SPRF-RJ";"DEL01-RJ";"UOP01-DEL01-RJ"
475590;2022-09-20;"terça-feira";"10:50:00";"RJ";101;282;"ITABORAI";"Manobra de mudança de faixa";"Colisão lateral mesmo sentido";"Com Vítimas Feridas";"Pleno dia";"Decrescente";"Sol";"Dupla";"Reta";"Não";3;0;2;0;1;0;2;2;-22,7371391;-42,79664601;"SPRF-RJ";"DEL02-RJ";"UOP03-DEL02-RJ"
475591;2022-09-20;"terça-feira";"12:40:00";"PA";230;117;"MARABA";"Entrada inopinada do pedestre";"Atropelamento de Pedestre";"Com Vítimas Feridas";"Pleno dia";"Crescente";"Sol";"Dupla";"Reta";"Sim";2;0;2;0;0;0;2;2;-5,35569904;-49,09047302;"SPRF-PA";"DEL03-PA";"UOP01-DEL03-PA"
475593;2022-09-20;"terça-feira";"12:40:00";"SC";101;200;"SAO JOSE";"Condutor deixou de manter distância do veículo da frente";"Colisão traseira";"Com Vítimas Feridas";"Pleno dia";"Crescente";"Céu Claro";"Múltipla";"Reta";"Sim";2;0;1;0;1;0;1;2;-27,54018513;-48,62287714;"SPRF-SC";"DEL01-SC";"UOP01-DEL01-SC"
475596;2022-09-20;"terça-feira";"12:42:00";"MG";40;449;"CAETANOPOLIS";"Avarias e/ou desgaste excessivo no pneu";"Queda de ocupante de veículo";"Com Vítimas Feridas";"Pleno dia";"Crescente";"Céu Claro";"Dupla";"Reta";"Não";1;0;1;0;0;0;1;1;-19,30931885;-44,37278577;"SPRF-MG";"DEL02-MG";"UOP01-DEL02-MG"
475600;2022-09-20;"terça-feira";"13:25:00";"PB";230;27,8;"JOAO PESSOA";"Frear bruscamente";"Capotamento";"Com Vítimas Feridas";"Pleno dia";"Crescente";"Sol";"Dupla";"Reta;Aclive";"Não";1;0;1;0;0;0;1;1;-7,1677;-34,8855;"SPRF-PB";"DEL01-PB";"UOP01-DEL01-PB"
475603;2022-09-20;"terça-feira";"13:10:00";"MA";135;2;"SAO LUIS";"Condutor deixou de manter distância do veículo da frente";"Colisão traseira";"Com Vítimas Feridas";"Pleno dia";"Crescente";"Céu Claro";"Dupla";"Reta";"Sim";5;0;3;0;1;1;3;3;-2,59806699;-44,24573511;"SPRF-MA";"DEL01-MA";"UOP01-DEL01-MA"
475605;2022-09-20;"terça-feira";"14:30:00";"GO";50;268,4;"CATALAO";"Avarias e/ou desgaste excessivo no pneu";"Saída de leito carroçável";"Com Vítimas Feridas";"Pleno dia";"Decrescente";"Chuva";"Dupla";"Declive;Reta";"Não";1;0;1;0;0;0;1;1;-18,0944;-47,8761;"SPRF-GO";"DEL06-GO";"UOP01-DEL06-GO"
475607;2022-09-20;"terça-feira";"13:50:00";"PR";277;98;"CURITIBA";"Ausência de reação do condutor";"Colisão traseira";"Com Vítimas Feridas";"Pleno dia";"Crescente";"Sol";"Dupla";"Reta";"Não";2;0;1;0;1;0;1;2;-25,540113;-49,311317;"SPRF-PR";"DEL01-PR";"UOP06-DEL01-PR"
475608;2022-09-20;"terça-feira";"14:30:00";"SC";470;10,5;"NAVEGANTES";"Retorno proibido";"Colisão lateral mesmo sentido";"Com Vítimas Feridas";"Pleno dia";"Crescente";"Céu Claro";"Simples";"Interseção de Vias";"Não";2;0;0;1;1;0;1;2;-26,83392238;-48,74147773;"SPRF-SC";"DEL04-SC";"UOP04-DEL04-SC"
475609;2022-09-20;"terça-feira";"12:55:00";"PR";467;84,6;"CASCAVEL";"Manobra de mudança de faixa";"Colisão traseira";"Com Vítimas Feridas";"Pleno dia";"Decrescente";"Céu Claro";"Dupla";"Reta";"Sim";4;0;4;0;0;0;4;2;-24,8184;-53,6572;"SPRF-PR";"DEL04-PR";"UOP01-DEL04-PR"
475612;2022-09-20;"terça-feira";"15:05:00";"SC";280;23,9;"ARAQUARI";"Obstrução na via";"Colisão transversal";"Com Vítimas Feridas";"Pleno dia";"Crescente";"Céu Claro";"Simples";"Reta";"Sim";2;0;0;1;1;0;1;2;-26,37043169;-48,69219602;"SPRF-SC";"DEL03-SC";"UOP03-DEL03-SC"
475614;2022-09-20;"terça-feira";"15:05:00";"SP";116;210;"GUARULHOS";"Condutor deixou de manter distância do veículo da frente";"Colisão traseira";"Com Vítimas Feridas";"Pleno dia";"Decrescente";"Céu Claro";"Múltipla";"Reta";"Sim";2;0;1;0;1;0;1;2;-23,42870023;-46,41085991;"SPRF-SP";"DEL01-SP";"UOP01-DEL01-SP"
475615;2022-09-20;"terça-feira";"14:45:00";"PR";376;196;"MARIALVA";"Avarias e/ou desgaste excessivo no pneu";"Tombamento";"Com Vítimas Feridas";"Pleno dia";"Crescente";"Céu Claro";"Dupla";"Reta";"Não";1;0;1;0;0;0;1;1;-23,50026007;-51,76384001;"SPRF-PR";"DEL09-PR";"UOP01-DEL09-PR"
475619;2022-09-20;"terça-feira";"14:55:00";"MG";50;186;"UBERABA";"Ausência de reação do condutor";"Colisão com objeto";"Com Vítimas Feridas";"Pleno dia";"Crescente";"Céu Claro";"Dupla";"Curva";"Não";1;0;1;0;0;0;1;1;-19,82507776;-47,89035168;"SPRF-MG";"DEL13-MG";"UOP01-DEL13-MG"
475620;2022-09-20;"terça-feira";"15:40:00";"RJ";116;27;"SAPUCAIA";"Ausência de reação do condutor";"Colisão com objeto";"Com Vítimas Feridas";"Pleno dia";"Crescente";"Céu Claro";"Simples";"Reta";"Não";1;0;1;0;0;0;1;1;-22,05084092;-42,78853;"SPRF-RJ";"DEL05-RJ";"UOP01-DEL05-RJ"
475621;2022-09-20;"terça-feira";"15:30:00";"BA";324;621;"SALVADOR";"Pedestre cruzava a pista fora da faixa";"Atropelamento de Pedestre";"Com Vítimas Feridas";"Pleno dia";"Crescente";"Céu Claro";"Múltipla";"Reta";"Sim";2;0;1;0;0;1;1;2;-12,91233708;-38,45956983;"SPRF-BA";"DEL01-BA";"UOP01-DEL01-BA"
475622;2022-09-20;"terça-feira";"14:40:00";"PR";476;124;"CURITIBA";"Condutor deixou de manter distância do veículo da frente";"Engavetamento";"Com Vítimas Feridas";"Pleno dia";"Crescente";"Sol";"Dupla";"Em Obras";"Sim";7;0;2;0;4;1;2;5;-25,399845;-49,215855;"SPRF-PR";"DEL01-PR";"UOP01-DEL01-PR"
475624;2022-09-13;"terça-feira";"02:30:00";"SC";280;238,2;"CANOINHAS";"Condutor deixou de manter distância do veículo da frente";"Colisão traseira";"Com Vítimas Feridas";"Plena Noite";"Crescente";"Céu Claro";"Simples";"Reta";"Não";3;0;1;0;2;0;1;2;-26,2253741;-50,46018541;"SPRF-SC";"DEL06-SC";"UOP04-DEL06-SC"
475626;2022-09-16;"sexta-feira";"15:10:00";"BA";116;384;"SANTA BARBARA";"Demais falhas mecânicas ou elétricas";"Saída de leito carroçável";"Com Vítimas Feridas";"Pleno dia";"Crescente";"Céu Claro";"Simples";"Aclive";"Não";1;0;1;0;0;0;1;1;-11,88554396;-38,98038031;"SPRF-BA";"DEL02-BA";"UOP01-DEL02-BA"
475627;2022-09-20;"terça-feira";"15:40:00";"SC";101;201;"SAO JOSE";"Condutor deixou de manter distância do veículo da frente";"Colisão traseira";"Com Vítimas Feridas";"Pleno dia";"Decrescente";"Sol";"Múltipla";"Reta";"Sim";2;0;1;0;1;0;1;2;-27,54836599;-48,61977975;"SPRF-SC";"DEL01-SC";"UOP01-DEL01-SC"
475630;2022-09-20;"terça-feira";"15:45:00";"DF";60;2,5;"BRASILIA";"Acessar a via sem observar a presença dos outros veículos";"Colisão lateral mesmo sentido";"Sem Vítimas";"Pleno dia";"Decrescente";"Nublado";"Dupla";"Reta";"Sim";2;0;0;0;1;1;0;2;-15,890521;-48,086864;"SPRF-DF";"DEL03-DF";"UOP01-DEL03-DF"
475631;2022-09-20;"terça-feira";"16:05:00";"RS";290;183;"MINAS DO LEAO";"Desrespeitar a preferência no cruzamento";"Colisão transversal";"Com Vítimas Feridas";"Pleno dia";"Crescente";"Sol";"Simples";"Interseção de Vias";"Sim";5;0;0;1;4;0;1;2;-30,143766;-52,043301;"SPRF-RS";"DEL02-RS";"UOP03-DEL02-RS"
475633;2022-09-20;"terça-feira";"16:35:00";"MG";40;630,8;"CONSELHEIRO LAFAIETE";"Acessar a via sem observar a presença dos outros veículos";"Colisão transversal";"Com Vítimas Feridas";"Pleno dia";"Crescente";"Céu Claro";"Simples";"Reta";"Sim";2;0;2;0;0;0;2;2;-20,65824152;-43,80259134;"SPRF-MG";"DEL05-MG";"UOP02-DEL05-MG"
475634;2022-09-20;"terça-feira";"17:15:00";"ES";101;35;"CONCEICAO DA BARRA";"Reação tardia ou ineficiente do condutor";"Colisão com objeto";"Com Vítimas Feridas";"Pleno dia";"Crescente";"Céu Claro";"Simples";"Aclive";"Não";1;0;0;1;0;0;1;1;-18,45416994;-39,9307555;"SPRF-ES";"DEL04-ES";"UOP02-DEL04-ES"
475636;2022-09-20;"terça-feira";"17:15:00";"RS";392;349;"SANTA MARIA";"Acessar a via sem observar a presença dos outros veículos";"Colisão transversal";"Com Vítimas Feridas";"Pleno dia";"Crescente";"Céu Claro";"Simples";"Interseção de Vias";"Sim";2;0;1;0;1;0;1;2;-29,73451408;-53,79897594;"SPRF-RS";"DEL09-RS";"UOP01-DEL09-RS"