"id";"data_inversa";"dia_semana";"horario";"uf";"br";"km";"municipio";"causa_acidente";"tipo_acidente";"classificacao_acidente";"fase_dia";"sentido_via";"condicao_metereologica";"tipo_pista";"tracado_via";"uso_solo";"pessoas";"mortos";"feridos_leves";"feridos_graves";"ilesos";"ignorados";"feridos";"veiculos";"latitude";"longitude";"regional";"delegacia";"uop"
475765;2022-06-30;"quinta-feira";"22:38:00";"RO";174;13,1;"VILHENA";"Manobra de mudança de faixa";"Colisão transversal";"Com Vítimas Feridas";"Plena Noite";"Decrescente";"Céu Claro";"Dupla";"Interseção de Vias";"Sim";4;0;3;0;0;1;3;3;-12,74140004;-60,13026401;"SPRF-RO";"DEL04-RO";"UOP01-DEL04-RO"
475766;2022-09-21;"quarta-feira";"12:20:00";"SC";470;3;"NAVEGANTES";"Acessar a via sem observar a presença dos outros veículos";"Colisão transversal";"Com Vítimas Feridas";"Pleno dia";"Decrescente";"Céu Claro";"Simples";"Reta";"Sim";2;0;0;1;1;0;1;2;-26,861937;-48,681618;"SPRF-SC";"DEL04-SC";"UOP04-DEL04-SC"
475767;2022-09-21;"quarta-feira";"11:15:00";"PE";101;46;"IGARASSU";"Manobra de mudança de faixa";"Colisão lateral mesmo sentido";"Sem Vítimas";"Pleno dia";"Decrescente";"Céu Claro";"Múltipla";"Reta;Interseção de Vias";"Sim";2;0;0;0;1;1;0;2;-7,87406004;-34,90588126;"SPRF-PE";"DEL01-PE";"UOP02-DEL01-PE"
475769;2022-09-21;"quarta-feira";"09:10:00";"MT";70;512;"VARZEA GRANDE";"Acumulo de óleo sobre o pavimento";"Queda de ocupante de veículo";"Com Vítimas Feridas";"Pleno dia";"Crescente";"Céu Claro";"Simples";"Reta";"Não";1;0;1;0;0;0;1;1;-15,7042751;-56,12073898;"SPRF-MT";"DEL01-MT";"UOP02-DEL01-MT"
475770;2022-09-21;"quarta-feira";"12:55:00";"PR";369;190,9;"ARAPONGAS";"Acumulo de água sobre o pavimento";"Saída de leito carroçável";"Com Vítimas Feridas";"Pleno dia";"Crescente";"Chuva";"Dupla";"Reta";"Não";1;0;1;0;0;0;1;1;-23,464078;-51,423568;"SPRF-PR";"DEL07-PR";"UOP03-DEL07-PR"
475775;2022-09-21;"quarta-feira";"10:15:00";"MG";365;759,4;"ITUIUTABA";"Reação tardia ou ineficiente do condutor";"Capotamento";"Com Vítimas Feridas";"Pleno dia";"Crescente";"Sol";"Simples";"Reta";"Não";1;0;1;0;0;0;1;1;-18,96582569;-49,49808098;"SPRF-MG";"DEL15-MG";"UOP03-DEL15-MG"
475778;2022-09-21;"quarta-feira";"13:30:00";"SP";116;106;"TAUBATE";"Reação tardia ou ineficiente do condutor";"Colisão traseira";"Com Vítimas Feridas";"Pleno dia";"Decrescente";"Céu Claro";"Dupla";"Reta";"Não";3;0;1;0;2;0;1;3;-23,01250593;-45,52256005;"SPRF-SP";"DEL08-SP";"UOP01-DEL08-SP"
475780;2022-09-21;"quarta-feira";"10:50:00";"GO";153;74;"PORANGATU";"Ausência de reação do condutor";"Saída de leito carroçável";"Sem Vítimas";"Pleno dia";"Decrescente";"Nublado";"Simples";"Declive";"Não";1;0;0;0;1;0;0;1;-13,46114;-49,135703;"SPRF-GO";"DEL07-GO";"UOP01-DEL07-GO"
475781;2022-09-21;"quarta-feira";"14:20:00";"RS";470;217;"BENTO GONCALVES";"Condutor deixou de manter distância do veículo da frente";"Colisão traseira";"Sem Vítimas";"Pleno dia";"Decrescente";"Nublado";"Simples";"Aclive;Reta";"Sim";3;0;0;0;3;0;0;2;-29,177414;-51,51892634;"SPRF-RS";"DEL06-RS";"UOP01-DEL06-RS"
475782;2022-09-19;"segunda-feira";"19:05:00";"RS";116;243;"SAO LEOPOLDO";"Condutor deixou de manter distância do veículo da frente";"Colisão traseira";"Com Vítimas Feridas";"Plena Noite";"Crescente";"Chuva";"Dupla";"Reta";"Sim";3;0;1;0;2;0;1;2;-29,72639934;-51,14909291;"SPRF-RS";"DEL01-RS";"UOP02-DEL01-RS"
475783;2022-09-21;"quarta-feira";"13:32:00";"PB";230;60,8;"CRUZ DO ESPIRITO SANTO";"Pedestre cruzava a pista fora da faixa";"Atropelamento de Pedestre";"Com Vítimas Feridas";"Pleno dia";"Crescente";"Céu Claro";"Dupla";"Reta;Retorno Regulamentado";"Sim";2;0;1;0;1;0;1;2;-7,20380126;-35,15333176;"SPRF-PB";"DEL01-PB";"UOP03-DEL01-PB"
475787;2022-09-21;"quarta-feira";"14:00:00";"MT";70;0;"BARRA DO GARCAS";"Reação tardia ou ineficiente do condutor";"Colisão traseira";"Com Vítimas Feridas";"Pleno dia";"Crescente";"Céu Claro";"Simples";"Ponte";"Sim";1;0;1;0;0;0;1;1;-15,895538;-52,25599;"SPRF-MT";"DEL07-MT";"UOP01-DEL07-MT"
475788;2022-09-21;"quarta-feira";"12:30:00";"PR";476;179;"CONTENDA";"Ausência de reação do condutor";"Saída de leito carroçável";"Com Vítimas Feridas";"Pleno dia";"Crescente";"Chuva";"Múltipla";"Reta";"Não";1;0;1;0;0;0;1;1;-25,702982;-49,582001;"SPRF-PR";"DEL01-PR";"UOP03-DEL01-PR"
475789;2022-09-21;"quarta-feira";"14:30:00";"GO";70;0;"AGUAS LINDAS DE GOIAS";"Avarias e/ou desgaste excessivo no pneu";"Colisão com objeto";"Com Vítimas Feridas";"Pleno dia";"Decrescente";"Chuva";"Dupla";"Curva";"Não";4;0;4;0;0;0;4;1;-15,783543;-48,2326;"SPRF-DF";"DEL03-DF";"UOP02-DEL03-DF"
475790;2022-09-21;"quarta-feira";"15:00:00";"MG";381;516;"IGARAPE";"Ausência de reação do condutor";"Colisão com objeto";"Com Vítimas Feridas";"Pleno dia";"Decrescente";"Nublado";"Dupla";"Curva";"Não";1;0;1;0;0;0;1;1;-20,10866993;-44,31488799;"SPRF-MG";"DEL01-MG";"UOP03-DEL01-MG"
475792;2022-09-21;"quarta-feira";"13:40:00";"SC";101;207,9;"SAO JOSE";"Condutor deixou de manter distância do veículo da frente";"Colisão traseira";"Com Vítimas Feridas";"Pleno dia";"Decrescente";"Nublado";"Dupla";"Reta";"Sim";4;0;1;0;3;0;1;3;-27,60001226;-48,6226467;"SPRF-SC";"DEL01-SC";"UOP01-DEL01-SC"
475793;2022-08-21;"domingo";"17:00:00";"RS";470;232;"CARLOS BARBOSA";"Acessar a via sem observar a presença dos outros veículos";"Colisão transversal";"Sem Vítimas";"Pleno dia";"Crescente";"Céu Claro";"Dupla";"Reta;Interseção de Vias";"Não";3;0;0;0;3;0;0;2;-29,29860039;-51,48092508;"SPRF-RS";"DEL06-RS";"UOP01-DEL06-RS"
475794;2022-09-21;"quarta-feira";"13:30:00";"SC";470;174,5;"POUSO REDONDO";"Ingestão de álcool pelo condutor";"Colisão transversal";"Com Vítimas Feridas";"Pleno dia";"Decrescente";"Nublado";"Simples";"Reta;Interseção de Vias";"Sim";2;0;1;0;1;0;1;2;-27,256663;-49,936712;"SPRF-SC";"DEL04-SC";"UOP02-DEL04-SC"
475795;2022-09-21;"quarta-feira";"14:30:00";"RJ";493;20;"MAGE";"Desrespeitar a preferência no cruzamento";"Colisão transversal";"Com Vítimas Feridas";"Pleno dia";"Decrescente";"Céu Claro";"Simples";"Reta";"Não";2;0;2;0;0;0;2;2;-22,66364;-43,036495;"SPRF-RJ";"DEL04-RJ";"UOP02-DEL04-RJ"
475796;2022-09-21;"quarta-feira";"13:10:00";"RJ";493;21;"MAGE";"Reação tardia ou ineficiente do condutor";"Colisão transversal";"Com Vítimas Feridas";"Pleno dia";"Crescente";"Nublado";"Simples";"Reta";"Sim";3;0;1;0;1;1;1;3;-22,66151289;-43,04480692;"SPRF-RJ";"DEL04-RJ";"UOP02-DEL04-RJ"
475797;2022-09-21;"quarta-feira";"09:00:00";"SC";101;391,6;"CRICIUMA";"Demais falhas mecânicas ou elétricas";"Tombamento";"Com Vítimas Feridas";"Pleno dia";"Decrescente";"Nublado";"Múltipla";"Reta";"Não";1;0;1;0;0;0;1;1;-28,80004819;-49,36282789;"SPRF-SC";"DEL02-SC";"UOP02-DEL02-SC"
475800;2022-09-21;"quarta-feira";"15:29:00";"RS";471;177,9;"RIO PARDO";"Manobra de mudança de faixa";"Colisão lateral mesmo sentido";"Com Vítimas Feridas";"Pleno dia";"Decrescente";"Céu Claro";"Simples";"Reta";"Não";2;0;0;1;1;0;1;2;-30,01619266;-52,36976624;"SPRF-RS";"DEL02-RS";"UOP03-DEL02-RS"
475802;2022-09-21;"quarta-feira";"14:00:00";"PR";116;209,5;"RIO NEGRO";"Reação tardia ou ineficiente do condutor";"Queda de ocupante de veículo";"Com Vítimas Feridas";"Pleno dia";"Crescente";"Chuva";"Simples";"Rotatória";"Sim";1;0;1;0;0;0;1;1;-26,0893367;-49,78021145;"SPRF-SC";"DEL06-SC";"UOP01-DEL06-SC"
475803;2022-09-21;"quarta-feira";"15:35:00";"RS";116;253;"SAPUCAIA DO SUL";"Reação tardia ou ineficiente do condutor";"Colisão com objeto";"Com Vítimas Feridas";"Pleno dia";"Crescente";"Nublado";"Dupla";"Reta";"Sim";2;0;1;0;1;0;1;2;-29,81784209;-51,16996166;"SPRF-RS";"DEL01-RS";"UOP02-DEL01-RS"
475804;2022-09-21;"quarta-feira";"16:20:00";"ES";101;256;"SERRA";"Ausência de reação do condutor";"Colisão lateral mesmo sentido";"Com Vítimas Feridas";"Pleno dia";"Crescente";"Céu Claro";"Simples";"Reta";"Não";3;0;2;0;1;0;2;2;-20,119123;-40,311005;"SPRF-ES";"DEL02-ES";"UOP01-DEL02-ES"
475805;2022-09-21;"quarta-feira";"07:20:00";"BA";101;185;"CONCEICAO DA FEIRA";"Demais falhas mecânicas ou elétricas";"Colisão com objeto";"Com Vítimas Feridas";"Pleno dia";"Crescente";"Céu Claro";"Simples";"Reta";"Não";2;0;2;0;0;0;2;2;-12,55297187;-38,97831256;"SPRF-BA";"DEL01-BA";"UOP03-DEL01-BA"
475806;2022-09-21;"quarta-feira";"15:40:00";"RO";364;208,8;"PIMENTA BUENO";"Ausência de reação do condutor";"Colisão traseira";"Sem Vítimas";"Pleno dia";"Crescente";"Sol";"Simples";"Reta";"Não";6;0;0;0;6;0;0;2;-11,594315;-61,244523;"SPRF-RO";"DEL02-RO";"UOP02-DEL02-RO"
475807;2022-09-17;"sábado";"15:00:00";"RS";116;262;"CANOAS";"Acessar a via sem observar a presença dos outros veículos";"Colisão transversal";"Com Vítimas Feridas";"Pleno dia";"Decrescente";"Céu Claro";"Múltipla";"Reta";"Sim";3;0;1;0;2;0;1;2;-29,8977869;-51,17586526;"SPRF-RS";"DEL01-RS";"UOP01-DEL01-RS"
475808;2022-09-21;"quarta-feira";"14:40:00";"SC";101;130,7;"BALNEARIO CAMBORIU";"Reação tardia ou ineficiente do condutor";"Tombamento";"Com Vítimas Feridas";"Pleno dia";"Crescente";"Céu Claro";"Dupla";"Reta";"Sim";1;0;0;1;0;0;1;1;-26,98407618;-48,66977107;"SPRF-SC";"DEL04-SC";"UOP03-DEL04-SC"
475809;2022-09-12;"segunda-feira";"07:20:00";"RS";158;565;"SANTANA DO LIVRAMENTO";"Desrespeitar a preferência no cruzamento";"Colisão transversal";"Com Vítimas Feridas";"Pleno dia";"Decrescente";"Céu Claro";"Simples";"Rotatória";"Sim";2;0;1;0;1;0;1;2;-30,87670924;-55,51070994;"SPRF-RS";"DEL11-RS";"UOP01-DEL11-RS"
475810;2022-09-21;"quarta-feira";"12:30:00";"RS";386;33,8;"FREDERICO WESTPHALEN";"Desrespeitar a preferência no cruzamento";"Colisão transversal";"Com Vítimas Feridas";"Pleno dia";"Decrescente";"Nublado";"Simples";"Interseção de Vias";"Sim";2;0;1;0;1;0;1;2;-27,349504;-53,386337;"SPRF-RS";"DEL08-RS";"UOP02-DEL08-RS"
475811;2022-09-21;"quarta-feira";"17:55:00";"PR";369;185,9;"ARAPONGAS";"Ultrapassagem Indevida";"Colisão transversal";"Com Vítimas Feridas";"Plena Noite";"Crescente";"Chuva";"Simples";"Reta;Interseção de Vias";"Sim";2;0;1;0;1;0;1;2;-23,41524;-51,4272;"SPRF-PR";"DEL07-PR";"UOP03-DEL07-PR"
475815;2022-09-21;"quarta-feira";"17:15:00";"ES";262;106;"VENDA NOVA DO IMIGRANTE";"Desrespeitar a preferência no cruzamento";"Colisão transversal";"Com Vítimas Feridas";"Pleno dia";"Decrescente";"Céu Claro";"Simples";"Reta";"Não";2;0;1;0;1;0;1;2;-20,32620639;-41,14442285;"SPRF-ES";"DEL01-ES";"UOP02-DEL01-ES"
475817;2022-09-21;"quarta-feira";"14:40:00";"GO";153;655,8;"GOIATUBA";"Velocidade Incompatível";"Saída de leito carroçável";"Com Vítimas Feridas";"Pleno dia";"Crescente";"Nublado";"Dupla";"Reta";"Não";1;0;1;0;0;0;1;1;-18,0103;-49,2621;"SPRF-GO";"DEL03-GO";"UOP01-DEL03-GO"
475818;2022-09-21;"quarta-feira";"18:15:00";"PR";369;193,3;"ARAPONGAS";"Acumulo de água sobre o pavimento";"Saída de leito carroçável";"Com Vítimas Feridas";"Anoitecer";"Decrescente";"Chuva";"Dupla";"Reta";"Não";1;0;1;0;0;0;1;1;-23,47652663;-51,423746;"SPRF-PR";"DEL07-PR";"UOP03-DEL07-PR"
475819;2022-09-21;"quarta-feira";"19:00:00";"PR";376;2,3;"MARINGA";"Ausência de reação do condutor";"Tombamento";"Com Vítimas Feridas";"Plena Noite";"Crescente";"Chuva";"Dupla";"Declive";"Sim";1;0;0;1;0;0;1;1;-23,39351605;-51,97236478;"SPRF-PR";"DEL09-PR";"UOP01-DEL09-PR"
475820;2022-09-21;"quarta-feira";"17:55:00";"PR";369;31;"CAMBARA";"Velocidade Incompatível";"Saída de leito carroçável";"Com Vítimas Feridas";"Plena Noite";"Crescente";"Chuva";"Simples";"Curva";"Não";1;0;0;1;0;0;1;1;-23,040736;-50,189872;"SPRF-PR";"DEL07-PR";"UOP01-DEL07-PR"
475823;2022-09-21;"quarta-feira";"18:30:00";"SC";101;216;"PALHOCA";"Mal súbito do condutor";"Capotamento";"Com Vítimas Feridas";"Plena Noite";"Decrescente";"Garoa/Chuvisco";"Dupla";"Reta";"Não";2;0;2;0;0;0;2;1;-27,65981409;-48,67747798;"SPRF-SC";"DEL01-SC";"UOP02-DEL01-SC"
475824;2022-05-13;"sexta-feira";"07:25:00";"PR";163;83;"PLANALTO";"Velocidade Incompatível";"Engavetamento";"Com Vítimas Feridas";"Pleno dia";"Decrescente";"Céu Claro";"Simples";"Reta";"Não";8;0;0;1;7;0;1;5;-25,73044895;-53,79670803;"SPRF-PR";"DEL02-PR";"UOP02-DEL02-PR"
475825;2022-09-21;"quarta-feira";"17:02:00";"BA";242;266;"BOA VISTA DO TUPIM";"Condutor deixou de manter distância do veículo da frente";"Colisão traseira";"Com Vítimas Feridas";"Pleno dia";"Crescente";"Céu Claro";"Simples";"Curva";"Não";5;0;2;0;3;0;2;1;-12,4525739;-40,59396496;"SPRF-BA";"DEL06-BA";"UOP02-DEL06-BA"
475826;2022-09-21;"quarta-feira";"17:30:00";"RJ";40;121;"DUQUE DE CAXIAS";"Manobra de mudança de faixa";"Colisão traseira";"Com Vítimas Feridas";"Anoitecer";"Decrescente";"Céu Claro";"Múltipla";"Reta";"Não";3;0;1;1;1;0;2;2;-22,78185499;-43,28571273;"SPRF-RJ";"DEL01-RJ";"UOP01-DEL01-RJ"
475828;2022-09-21;"quarta-feira";"21:40:00";"SC";101;211,1;"SAO JOSE";"Acessar a via sem observar a presença dos outros veículos";"Colisão transversal";"Com Vítimas Feridas";"Plena Noite";"Decrescente";"Chuva";"Múltipla";"Reta";"Não";2;0;1;0;0;1;1;2;-27,62399964;-48,65265369;"SPRF-SC";"DEL01-SC";"UOP02-DEL01-SC"
475829;2022-09-21;"quarta-feira";"22:00:00";"SP";116;156;"SAO JOSE DOS CAMPOS";"Pista Escorregadia";"Queda de ocupante de veículo";"Com Vítimas Feridas";"Plena Noite";"Crescente";"Chuva";"Dupla";"Reta";"Sim";1;0;1;0;0;0;1;1;-23,25044084;-45,93572909;"SPRF-SP";"DEL02-SP";"UOP01-DEL02-SP"
475830;2022-09-21;"quarta-feira";"19:30:00";"MG";50;176,6;"UBERABA";"Reação tardia ou ineficiente do condutor";"Colisão traseira";"Com Vítimas Feridas";"Plena Noite";"Decrescente";"Chuva";"Dupla";"Reta";"Sim";2;0;1;1;0;0;2;2;-19,779213;-47,953617;"SPRF-MG";"DEL13-MG";"UOP01-DEL13-MG"
475833;2022-09-21;"quarta-feira";"22:10:00";"RS";116;148,3;"CAXIAS DO SUL";"Velocidade Incompatível";"Saída de leito carroçável";"Com Vítimas Feridas";"Plena Noite";"Decrescente";"Chuva";"Dupla";"Curva";"Sim";1;0;1;0;0;0;1;1;-29,15444539;-51,15101681;"SPRF-RS";"DEL05-RS";"UOP01-DEL05-RS"
475839;2022-09-21;"quarta-feira";"18:40:00";"MG";262;44,1;"MANHUACU";"Ausência de reação do condutor";"Colisão com objeto";"Com Vítimas Feridas";"Plena Noite";"Crescente";"Céu Claro";"Simples";"Reta";"Não";1;0;1;0;0;0;1;1;-20,26011575;-42,08811198;"SPRF-MG";"DEL06-MG";"UOP03-DEL06-MG"
475841;2022-09-21;"quarta-feira";"21:10:00";"MG";262;38,5;"MANHUACU";"Desrespeitar a preferência no cruzamento";"Colisão frontal";"Com Vítimas Feridas";"Pleno dia";"Crescente";"Nublado";"Simples";"Reta";"Sim";2;0;0;1;1;0;1;2;-20,26305859;-42,03684948;"SPRF-MG";"DEL06-MG";"UOP03-DEL06-MG"
475842;2022-09-21;"quarta-feira";"23:00:00";"RJ";40;68;"PETROPOLIS";"Velocidade Incompatível";"Capotamento";"Com Vítimas Feridas";"Plena Noite";"Decrescente";"Garoa/Chuvisco";"Simples";"Curva";"Não";1;0;1;0;0;0;1;1;-22,4381808;-43,18488009;"SPRF-RJ";"DEL06-RJ";"UOP01-DEL06-RJ"
475843;2022-09-21;"quarta-feira";"16:50:00";"PR";116;1;"CAMPINA GRANDE DO SUL";"Pista Escorregadia";"Colisão traseira";"Sem Vítimas";"Pleno dia";"Crescente";"Ignorado";"Dupla";"Curva";"Não";2;0;0;0;2;0;0;2;-25,06368403;-48,57051896;"SPRF-PR";"DEL01-PR";"UOP02-DEL01-PR"
475844;2022-09-21;"quarta-feira";"10:15:00";"BA";407;0;"JUAZEIRO";"Condutor deixou de manter distância do veículo da frente";"Engavetamento";"Com Vítimas Feridas";"Pleno dia";"Decrescente";"Céu Claro";"Simples";"Ponte";"Sim";5;0;2;0;3;0;2;3;-9,409546;-40,505337;"SPRF-PE";"DEL06-PE";"UOP01-DEL06-PE"
475846;2022-09-21;"quarta-feira";"21:00:00";"RJ";40;82;"PETROPOLIS";"Chuva";"Colisão lateral mesmo sentido";"Com Vítimas Feridas";"Plena Noite";"Crescente";"Chuva";"Dupla";"Curva";"Não";3;0;2;0;1;0;2;2;-22,51183137;-43,23076171;"SPRF-RJ";"DEL06-RJ";"UOP01-DEL06-RJ"
475847;2022-09-21;"quarta-feira";"21:40:00";"SC";101;210,1;"SAO JOSE";"Manobra de mudança de faixa";"Tombamento";"Com Vítimas Fatais";"Plena Noite";"Crescente";"Chuva";"Múltipla";"Reta";"Sim";6;1;0;0;3;2;0;5;-27,618302;-48,64736;"SPRF-SC";"DEL01-SC";"UOP01-DEL01-SC"
475850;2022-09-22;"quinta-feira";"01:15:00";"RS";290;92;"PORTO ALEGRE";"Acumulo de água sobre o pavimento";"Tombamento";"Com Vítimas Feridas";"Plena Noite";"Crescente";"Céu Claro";"Simples";"Curva";"Não";2;0;2;0;0;0;2;1;-29,96939755;-51,17674112;"SPRF-RS";"DEL01-RS";"UOP01-DEL01-RS"
475852;2022-09-21;"quarta-feira";"18:20:00";"SC";101;327;"CAPIVARI DE BAIXO";"Acessar a via sem observar a presença dos outros veículos";"Colisão transversal";"Com Vítimas Feridas";"Plena Noite";"Decrescente";"Garoa/Chuvisco";"Simples";"Interseção de Vias";"Não";2;0;1;0;1;0;1;2;-28,439;-48,961;"SPRF-SC";"DEL02-SC";"UOP01-DEL02-SC"
475854;2022-09-22;"quinta-feira";"01:10:00";"RJ";393;180;"PARAIBA DO SUL";"Ingestão de álcool pelo condutor";"Colisão lateral sentido oposto";"Sem Vítimas";"Plena Noite";"Crescente";"Garoa/Chuvisco";"Simples";"Reta";"Não";3;0;0;0;3;0;0;2;-22,13161004;-43,24326096;"SPRF-RJ";"DEL05-RJ";"UOP03-DEL05-RJ"
475859;2022-09-22;"quinta-feira";"03:00:00";"TO";226;13;"PALMEIRAS DO TOCANTINS";"Ausência de reação do condutor";"Tombamento";"Com Vítimas Feridas";"Plena Noite";"Crescente";"Céu Claro";"Simples";"Reta";"Não";2;0;0;2;0;0;2;1;-6,618478;-47,553204;"SPRF-TO";"DEL02-TO";"UOP03-DEL02-TO"
475860;2022-09-22;"quinta-feira";"03:30:00";"RJ";493;18;"MAGE";"Condutor Dormindo";"Saída de leito carroçável";"Com Vítimas Feridas";"Plena Noite";"Crescente";"Chuva";"Simples";"Reta";"Não";3;0;3;0;0;0;3;1;-22,6687122;-43,01862696;"SPRF-RJ";"DEL04-RJ";"UOP02-DEL04-RJ"
475861;2022-09-21;"quarta-feira";"16:30:00";"RN";406;115;"POCO BRANCO";"Ingestão de álcool pelo condutor";"Tombamento";"Com Vítimas Fatais";"Anoitecer";"Crescente";"Sol";"Simples";"Reta";"Não";1;1;0;0;0;0;0;1;-5,569565;-35,713005;"SPRF-RN";"DEL02-RN";"UOP01-DEL02-RN"
475862;2022-09-21;"quarta-feira";"15:30:00";"PE";232;59,6;"POMBOS";"Retorno proibido";"Colisão transversal";"Com Vítimas Fatais";"Pleno dia";"Decrescente";"Céu Claro";"Dupla";"Reta";"Sim";2;1;0;0;0;1;0;2;-8,1471233;-35,39890998;"SPRF-PE";"DEL02-PE";"UOP02-DEL02PE"
475864;2022-09-22;"quinta-feira";"01:20:00";"MG";40;527;"CONTAGEM";"Demais falhas mecânicas ou elétricas";"Tombamento";"Com Vítimas Feridas";"Plena Noite";"Decrescente";"Céu Claro";"Múltipla";"Reta;Declive";"Sim";1;0;1;0;0;0;1;1;-19,90149502;-44,04938939;"SPRF-MG";"DEL01-MG";"UOP02-DEL01-MG"
475865;2022-09-21;"quarta-feira";"17:15:00";"PR";277;589;"CASCAVEL";"Condutor deixou de manter distância do veículo da frente";"Colisão traseira";"Com Vítimas Feridas";"Pleno dia";"Crescente";"Garoa/Chuvisco";"Simples";"Reta";"Sim";2;0;1;0;1;0;1;2;-24,97777319;-53,44688591;"SPRF-PR";"DEL04-PR";"UOP01-DEL04-PR"
475866;2022-09-21;"quarta-feira";"20:30:00";"RJ";101;483;"ANGRA DOS REIS";"Condutor deixou de manter distância do veículo da frente";"Colisão traseira";"Com Vítimas Feridas";"Plena Noite";"Crescente";"Céu Claro";"Simples";"Reta";"Sim";5;0;3;0;2;0;3;2;-22,99719001;-44,30136205;"SPRF-RJ";"DEL03-RJ";"UOP03-DEL03-RJ"
475867;2022-09-22;"quinta-feira";"05:20:00";"PR";373;215;"IMBITUVA";"Velocidade Incompatível";"Saída de leito carroçável";"Com Vítimas Feridas";"Amanhecer";"Decrescente";"Garoa/Chuvisco";"Simples";"Curva";"Não";1;0;1;0;0;0;1;1;-25,15460675;-50,53263107;"SPRF-PR";"DEL03-PR";"UOP01-DEL03-PR"
475868;2022-09-21;"quarta-feira";"17:00:00";"RJ";116;304;"RESENDE";"Condutor deixou de manter distância do veículo da frente";"Colisão traseira";"Sem Vítimas";"Pleno dia";"Crescente";"Nublado";"Dupla";"Reta";"Não";2;0;0;0;2;0;0;2;-22,4550412;-44,38649998;"SPRF-RJ";"DEL07-RJ";"UOP02-DEL07-RJ"
475869;2022-09-21;"quarta-feira";"22:30:00";"PE";101;82;"JABOATAO DOS GUARARAPES";"Condutor deixou de manter distância do veículo da frente";"Colisão traseira";"Com Vítimas Feridas";"Plena Noite";"Crescente";"Céu Claro";"Dupla";"Reta";"Sim";4;0;2;0;2;0;2;3;-8,168383;-34,9376;"SPRF-PE";"DEL01-PE";"UOP01-DEL01-PE"
475870;2022-09-21;"quarta-feira";"19:50:00";"SC";101;277;"IMBITUBA";"Ausência de reação do condutor";"Colisão traseira";"Com Vítimas Feridas";"Plena Noite";"Decrescente";"Nublado";"Dupla";"Reta";"Não";2;0;1;0;1;0;1;1;-28,15478103;-48,69265474;"SPRF-SC";"DEL02-SC";"UOP03-DEL02-SC"
475872;2022-09-22;"quinta-feira";"06:10:00";"ES";101;281,2;"SERRA";"Ausência de reação do condutor";"Colisão com objeto";"Sem Vítimas";"Amanhecer";"Crescente";"Céu Claro";"Múltipla";"Reta";"Não";1;0;0;0;0;1;0;1;-20,22112792;-40,35720552;"SPRF-ES";"DEL02-ES";"UOP01-DEL02-ES"
475874;2022-09-21;"quarta-feira";"17:40:00";"PR";277;10;"PARANAGUA";"Ausência de reação do condutor";"Saída de leito carroçável";"Com Vítimas Feridas";"Anoitecer";"Crescente";"Chuva";"Simples";"Curva;Aclive";"Não";2;0;2;0;0;0;2;2;-25,568198;-48,615292;"SPRF-PR";"DEL01-PR";"UOP05-DEL01-PR"
475875;2022-09-22;"quinta-feira";"06:30:00";"SP";116;222;"SAO PAULO";"Reação tardia ou ineficiente do condutor";"Engavetamento";"Com Vítimas Feridas";"Pleno dia";"Crescente";"Céu Claro";"Múltipla";"Reta";"Sim";3;0;0;1;2;0;1;3;-23,47093408;-46,51631097;"SPRF-SP";"DEL01-SP";"UOP01-DEL01-SP"
475877;2022-09-22;"quinta-feira";"06:30:00";"MG";381;4;"BETIM";"Avarias e/ou desgaste excessivo no pneu";"Queda de ocupante de veículo";"Com Vítimas Feridas";"Amanhecer";"Crescente";"Nublado";"Dupla";"Reta";"Não";1;0;1;0;0;0;1;1;-19,98661215;-44,17283893;"SPRF-MG";"DEL01-MG";"UOP03-DEL01-MG"
475878;2022-09-21;"quarta-feira";"20:00:00";"MG";381;675;"PERDOES";"Reação tardia ou ineficiente do condutor";"Colisão com objeto";"Sem Vítimas";"Plena Noite";"Decrescente";"Ignorado";"Simples";"Reta";"Sim";1;0;0;0;1;0;0;1;-21,11551592;-45,09411331;"SPRF-MG";"DEL04-MG";"UOP02-DEL04-MG"
475879;2022-09-21;"quarta-feira";"15:45:00";"MG";50;21;"UBERLANDIA";"Área urbana sem a presença de local apropriado para a travessia de pedestres";"Atropelamento de Pedestre";"Com Vítimas Feridas";"Pleno dia";"Crescente";"Céu Claro";"Simples";"Reta";"Sim";3;0;1;0;0;2;1;2;-18,938592;-48,220712;"SPRF-MG";"DEL15-MG";"UOP01-DEL15-MG"
475883;2022-08-05;"sexta-feira";"09:14:00";"RN";101;96;"NATAL";"Condutor deixou de manter distância do veículo da frente";"Colisão traseira";"Com Vítimas Feridas";"Pleno dia";"Decrescente";"Céu Claro";"Dupla";"Reta";"Sim";3;0;0;2;1;0;2;2;-5,84949622;-35,20890752;"SPRF-RN";"DEL01-RN";"UOP01-DEL01-RN"
475884;2022-09-18;"domingo";"19:00:00";"RJ";101;311;"SAO GONCALO";"Acessar a via sem observar a presença dos outros veículos";"Atropelamento de Pedestre";"Com Vítimas Feridas";"Plena Noite";"Decrescente";"Céu Claro";"Dupla";"Reta";"Sim";2;0;1;0;1;0;1;2;-22,80062246;-43,05318779;"SPRF-RJ";"DEL02-RJ";"UOP02-DEL02-RJ"
475886;2022-09-22;"quinta-feira";"07:30:00";"SP";116;563;"BARRA DO TURVO";"Reação tardia ou ineficiente do condutor";"Saída de leito carroçável";"Com Vítimas Feridas";"Amanhecer";"Decrescente";"Chuva";"Simples";"Curva";"Não";2;0;1;0;1;0;1;1;-25,02939642;-48,5286439;"SPRF-SP";"DEL05-SP";"UOP02-DEL05-SP"