"id";"data_inversa";"dia_semana";"horario";"uf";"br";"km";"municipio";"causa_acidente";"tipo_acidente";"classificacao_acidente";"fase_dia";"sentido_via";"condicao_metereologica";"tipo_pista";"tracado_via";"uso_solo";"pessoas";"mortos";"feridos_leves";"feridos_graves";"ilesos";"ignorados";"feridos";"veiculos";"latitude";"longitude";"regional";"delegacia";"uop"
475887;2022-09-22;"quinta-feira";"06:50:00";"AP";210;0,6;"MACAPA";"Ingestão de álcool pelo condutor";"Atropelamento de Pedestre";"Com Vítimas Feridas";"Pleno dia";"Decrescente";"Céu Claro";"Dupla";"Reta";"Sim";5;0;0;1;4;0;1;2;0,07780012;-51,06097;"SPRF-AP";"DEL01-AP";"UOP01-DEL01-AP"
475890;2022-09-22;"quinta-feira";"05:10:00";"PR";373;173;"PONTA GROSSA";"Ingestão de álcool pelo condutor";"Capotamento";"Com Vítimas Feridas";"Amanhecer";"Crescente";"Garoa/Chuvisco";"Dupla";"Reta";"Sim";3;0;1;0;2;0;1;1;-25,08056547;-50,20068526;"SPRF-PR";"DEL03-PR";"UOP01-DEL03-PR"
475892;2022-09-22;"quinta-feira";"07:35:00";"SP";116;210;"GUARULHOS";"Manobra de mudança de faixa";"Colisão lateral mesmo sentido";"Com Vítimas Feridas";"Pleno dia";"Crescente";"Nublado";"Múltipla";"Reta";"Sim";3;0;1;0;1;1;1;3;-23,42870023;-46,41085991;"SPRF-SP";"DEL01-SP";"UOP01-DEL01-SP"
475893;2022-09-22;"quinta-feira";"07:30:00";"SP";116;139;"SAO JOSE DOS CAMPOS";"Trafegar com motocicleta (ou similar) entre as faixas";"Colisão lateral mesmo sentido";"Com Vítimas Feridas";"Pleno dia";"Crescente";"Nublado";"Dupla";"Reta";"Sim";2;0;1;0;1;0;1;2;-23,16153216;-45,80400592;"SPRF-SP";"DEL02-SP";"UOP01-DEL02-SP"
475894;2022-09-22;"quinta-feira";"07:35:00";"AP";210;6,6;"MACAPA";"Acessar a via sem observar a presença dos outros veículos";"Colisão lateral mesmo sentido";"Com Vítimas Feridas";"Pleno dia";"Decrescente";"Céu Claro";"Dupla";"Reta";"Sim";4;0;2;0;1;1;2;3;0,09726758;-51,11862302;"SPRF-AP";"DEL01-AP";"UOP01-DEL01-AP"
475896;2022-09-22;"quinta-feira";"07:44:00";"PB";230;17;"JOAO PESSOA";"Ausência de reação do condutor";"Colisão traseira";"Com Vítimas Feridas";"Pleno dia";"Crescente";"Céu Claro";"Dupla";"Curva";"Sim";2;0;1;0;0;1;1;2;-7,11885304;-34,84485626;"SPRF-PB";"DEL01-PB";"UOP01-DEL01-PB"
475897;2022-09-22;"quinta-feira";"05:30:00";"RJ";393;237;"VASSOURAS";"Ultrapassagem Indevida";"Capotamento";"Sem Vítimas";"Amanhecer";"Crescente";"Chuva";"Simples";"Reta";"Não";1;0;0;0;1;0;0;1;-22,39566493;-43,65681106;"SPRF-RJ";"DEL05-RJ";"UOP03-DEL05-RJ"
475898;2022-09-22;"quinta-feira";"07:30:00";"RJ";101;315;"SAO GONCALO";"Ausência de reação do condutor";"Colisão traseira";"Com Vítimas Feridas";"Pleno dia";"Crescente";"Garoa/Chuvisco";"Dupla";"Reta";"Não";3;0;2;0;1;0;2;3;-22,82262092;-43,08460805;"SPRF-RJ";"DEL02-RJ";"UOP02-DEL02-RJ"
475900;2022-09-22;"quinta-feira";"07:59:00";"RN";110;49;"MOSSORO";"Reação tardia ou ineficiente do condutor";"Colisão com objeto";"Com Vítimas Feridas";"Pleno dia";"Decrescente";"Céu Claro";"Dupla";"Reta";"Sim";2;0;2;0;0;0;2;1;-5,21645975;-37,32927128;"SPRF-RN";"DEL04-RN";"UOP01-DEL04-RN"
475902;2022-09-22;"quinta-feira";"07:50:00";"BA";324;626;"SALVADOR";"Demais falhas mecânicas ou elétricas";"Tombamento";"Com Vítimas Feridas";"Pleno dia";"Crescente";"Céu Claro";"Dupla";"Reta";"Não";2;0;2;0;0;0;2;1;-12,95020997;-38,47073108;"SPRF-BA";"DEL01-BA";"UOP01-DEL01-BA"
475904;2022-09-22;"quinta-feira";"06:50:00";"RN";406;162,3;"SAO GONCALO DO AMARANTE";"Transitar na contramão";"Colisão frontal";"Com Vítimas Fatais";"Pleno dia";"Decrescente";"Sol";"Simples";"Reta;Aclive";"Não";6;1;1;0;0;4;1;2;-5,73059;-35,359105;"SPRF-RN";"DEL02-RN";"UOP01-DEL02-RN"
475905;2022-09-22;"quinta-feira";"07:00:00";"PR";116;122,8;"CURITIBA";"Reação tardia ou ineficiente do condutor";"Saída de leito carroçável";"Sem Vítimas";"Pleno dia";"Crescente";"Nublado";"Dupla";"Retorno Regulamentado";"Sim";1;0;0;0;0;1;0;1;-25,6099491;-49,31946343;"SPRF-PR";"DEL01-PR";"UOP03-DEL01-PR"
475909;2022-09-22;"quinta-feira";"07:12:00";"SC";470;144,8;"RIO DO SUL";"Desrespeitar a preferência no cruzamento";"Colisão transversal";"Com Vítimas Feridas";"Pleno dia";"Crescente";"Nublado";"Simples";"Reta";"Não";2;0;0;1;1;0;1;2;-27,243439;-49,690025;"SPRF-SC";"DEL04-SC";"UOP02-DEL04-SC"
475911;2022-09-22;"quinta-feira";"08:20:00";"MG";50;29,8;"ARAGUARI";"Velocidade Incompatível";"Colisão com objeto";"Com Vítimas Feridas";"Pleno dia";"Decrescente";"Nublado";"Dupla";"Curva;Declive";"Não";1;0;1;0;0;0;1;1;-18,62034416;-48,11087208;"SPRF-MG";"DEL15-MG";"UOP02-DEL15-MG"
475912;2022-09-22;"quinta-feira";"08:40:00";"SC";101;122;"ITAJAI";"Trafegar com motocicleta (ou similar) entre as faixas";"Colisão traseira";"Com Vítimas Feridas";"Pleno dia";"Decrescente";"Sol";"Dupla";"Interseção de Vias";"Não";2;0;1;0;1;0;1;2;-26,92955916;-48,70499836;"SPRF-SC";"DEL04-SC";"UOP04-DEL04-SC"
475913;2022-09-22;"quinta-feira";"08:00:00";"MG";381;531,1;"ITATIAIUCU";"Pista Escorregadia";"Saída de leito carroçável";"Com Vítimas Feridas";"Pleno dia";"Crescente";"Chuva";"Dupla";"Curva";"Não";1;0;1;0;0;0;1;1;-20,18182886;-44,37895835;"SPRF-MG";"DEL04-MG";"UOP03-DEL04-MG"
475914;2022-09-22;"quinta-feira";"07:30:00";"PE";408;70,8;"PAUDALHO";"Pedestre cruzava a pista fora da faixa";"Atropelamento de Pedestre";"Com Vítimas Feridas";"Pleno dia";"Decrescente";"Nublado";"Dupla";"Curva";"Não";3;0;0;1;2;0;1;2;-7,87169406;-35,19398501;"SPRF-PE";"DEL01-PE";"UOP01-DEL01-PE"
475917;2022-09-22;"quinta-feira";"08:15:00";"SP";459;27;"LORENA";"Animais na Pista";"Colisão com objeto";"Com Vítimas Feridas";"Pleno dia";"Crescente";"Céu Claro";"Simples";"Reta";"Não";2;0;2;0;0;0;2;1;-22,70034629;-45,11921883;"SPRF-SP";"DEL08-SP";"UOP02-DEL08-SP"
475918;2022-09-22;"quinta-feira";"09:00:00";"ES";262;49,8;"MARECHAL FLORIANO";"Velocidade Incompatível";"Colisão lateral sentido oposto";"Com Vítimas Feridas";"Pleno dia";"Crescente";"Nublado";"Simples";"Curva";"Não";2;0;1;0;1;0;1;2;-20,41251052;-40,69798571;"SPRF-ES";"DEL01-ES";"UOP01-DEL01-ES"
475920;2022-09-22;"quinta-feira";"08:05:00";"PR";369;100;"URAI";"Velocidade Incompatível";"Saída de leito carroçável";"Com Vítimas Feridas";"Pleno dia";"Decrescente";"Nublado";"Dupla";"Curva";"Não";1;0;1;0;0;0;1;1;-23,24326756;-50,71737733;"SPRF-PR";"DEL07-PR";"UOP01-DEL07-PR"
475921;2022-08-30;"terça-feira";"17:40:00";"AM";230;613,1;"HUMAITA";"Acessar a via sem observar a presença dos outros veículos";"Colisão lateral sentido oposto";"Sem Vítimas";"Pleno dia";"Decrescente";"Céu Claro";"Simples";"Reta";"Sim";3;0;0;0;3;0;0;2;-7,518778;-63,032456;"SPRF-AM";"DEL01-AM";"UOP05-DEL01-AM"
475923;2022-09-22;"quinta-feira";"07:40:00";"PE";408;72;"PAUDALHO";"Transitar na contramão";"Colisão frontal";"Com Vítimas Feridas";"Pleno dia";"Decrescente";"Céu Claro";"Dupla";"Curva";"Sim";2;0;0;1;1;0;1;2;-7,88298505;-35,18197309;"SPRF-PE";"DEL01-PE";"UOP01-DEL01-PE"
475924;2022-09-22;"quinta-feira";"08:20:00";"PR";369;161;"CAMBE";"Manobra de mudança de faixa";"Colisão lateral mesmo sentido";"Com Vítimas Feridas";"Pleno dia";"Crescente";"Céu Claro";"Dupla";"Reta";"Sim";2;0;0;1;1;0;1;2;-23,28693043;-51,26030799;"SPRF-PR";"DEL07-PR";"UOP01-DEL07-PR"
475925;2022-09-22;"quinta-feira";"07:30:00";"GO";20;11;"FORMOSA";"Chuva";"Saída de leito carroçável";"Com Vítimas Feridas";"Pleno dia";"Crescente";"Chuva";"Simples";"Reta";"Não";2;0;1;0;1;0;1;1;-15,565637;-47,249306;"SPRF-DF";"DEL02-DF";"UOP02-DEL02-DF"
475926;2022-09-22;"quinta-feira";"09:50:00";"SC";470;57,3;"BLUMENAU";"Reação tardia ou ineficiente do condutor";"Colisão transversal";"Com Vítimas Feridas";"Pleno dia";"Decrescente";"Céu Claro";"Simples";"Retorno Regulamentado;Reta";"Não";2;0;1;0;1;0;1;2;-26,88138;-49,164543;"SPRF-SC";"DEL04-SC";"UOP01-DEL04-SC"
475927;2022-09-22;"quinta-feira";"09:30:00";"RS";290;69,7;"GRAVATAI";"Reação tardia ou ineficiente do condutor";"Saída de leito carroçável";"Com Vítimas Feridas";"Pleno dia";"Decrescente";"Chuva";"Dupla";"Reta";"Não";1;0;1;0;0;0;1;1;-29,944933;-50,946438;"SPRF-RS";"DEL03-RS";"UOP01-DEL03-RS"
475931;2022-09-22;"quinta-feira";"07:15:00";"MG";116;534,2;"CARATINGA";"Ausência de sinalização";"Saída de leito carroçável";"Com Vítimas Feridas";"Pleno dia";"Decrescente";"Chuva";"Simples";"Curva";"Não";2;0;1;0;0;1;1;2;-19,84469501;-42,13981698;"SPRF-MG";"DEL06-MG";"UOP02-DEL06-MG"
475932;2022-09-22;"quinta-feira";"10:50:00";"GO";60;382;"RIO VERDE";"Reação tardia ou ineficiente do condutor";"Queda de ocupante de veículo";"Com Vítimas Feridas";"Pleno dia";"Decrescente";"Garoa/Chuvisco";"Dupla";"Declive";"Não";1;0;1;0;0;0;1;1;-17,779;-50,8933;"SPRF-GO";"DEL04-GO";"UOP01-DEL04-GO"
475934;2022-09-22;"quinta-feira";"11:20:00";"MG";40;780;"JUIZ DE FORA";"Objeto estático sobre o leito carroçável";"Eventos atípicos";"Sem Vítimas";"Pleno dia";"Crescente";"Céu Claro";"Dupla";"Reta";"Não";1;0;0;0;1;0;0;1;-21,67939981;-43,44987329;"SPRF-MG";"DEL05-MG";"UOP01-DEL05-MG"
475938;2022-09-22;"quinta-feira";"07:42:00";"MS";163;477,9;"CAMPO GRANDE";"Transitar no acostamento";"Colisão transversal";"Com Vítimas Feridas";"Pleno dia";"Crescente";"Garoa/Chuvisco";"Simples";"Reta";"Não";2;0;1;0;1;0;1;2;-20,50427591;-54,55557367;"SPRF-MS";"DEL01-MS";"UOP01-DEL01-MS"
475939;2022-09-22;"quinta-feira";"10:40:00";"MG";40;510,4;"RIBEIRAO DAS NEVES";"Reação tardia ou ineficiente do condutor";"Colisão com objeto";"Com Vítimas Feridas";"Pleno dia";"Crescente";"Nublado";"Dupla";"Reta";"Sim";1;0;1;0;0;0;1;1;-19,77463885;-44,12321882;"SPRF-MG";"DEL01-MG";"UOP02-DEL01-MG"
475942;2022-09-22;"quinta-feira";"09:27:00";"MG";262;95;"ABRE CAMPO";"Ausência de reação do condutor";"Colisão traseira";"Sem Vítimas";"Pleno dia";"Crescente";"Nublado";"Simples";"Reta";"Não";3;0;0;0;3;0;0;2;-20,3007766;-42,47286782;"SPRF-MG";"DEL03-MG";"UOP03-DEL03-MG"
475943;2022-09-21;"quarta-feira";"19:30:00";"MG";116;802,6;"ALEM PARAIBA";"Ausência de reação do condutor";"Saída de leito carroçável";"Com Vítimas Feridas";"Plena Noite";"Decrescente";"Chuva";"Simples";"Reta";"Não";1;0;1;0;0;0;1;1;-21,77810174;-42,72568662;"SPRF-MG";"DEL07-MG";"UOP01-DEL07-MG"
475944;2022-09-22;"quinta-feira";"09:00:00";"AC";364;147;"RIO BRANCO";"Reação tardia ou ineficiente do condutor";"Colisão traseira";"Com Vítimas Feridas";"Pleno dia";"Decrescente";"Sol";"Dupla";"Reta";"Não";2;0;1;0;1;0;1;2;-9,89439913;-67,89537421;"SPRF-AC";"DEL01-AC";"UOP01-DEL01-AC"
475947;2022-09-22;"quinta-feira";"10:40:00";"SP";381;58,2;"MAIRIPORA";"Reação tardia ou ineficiente do condutor";"Tombamento";"Com Vítimas Feridas";"Pleno dia";"Crescente";"Nublado";"Dupla";"Aclive";"Sim";1;0;1;0;0;0;1;1;-23,27438497;-46,58530615;"SPRF-SP";"DEL03-SP";"UOP01-DEL03-SP"
475948;2022-09-22;"quinta-feira";"07:55:00";"RJ";101;316,9;"SAO GONCALO";"Ausência de reação do condutor";"Colisão traseira";"Com Vítimas Feridas";"Pleno dia";"Crescente";"Nublado";"Dupla";"Reta";"Não";2;0;1;0;1;0;1;2;-22,82835879;-43,09208739;"SPRF-RJ";"DEL02-RJ";"UOP02-DEL02-RJ"
475949;2022-09-22;"quinta-feira";"12:00:00";"SE";235;51;"ITABAIANA";"Pedestre andava na pista";"Atropelamento de Pedestre";"Com Vítimas Feridas";"Pleno dia";"Decrescente";"Céu Claro";"Simples";"Rotatória";"Sim";2;0;1;1;0;0;2;2;-10,700226;-37,431423;"SPRF-SE";"DEL01-SE";"UOP02-DEL01-SE"
475951;2022-09-21;"quarta-feira";"17:00:00";"SP";116;269;"TABOAO DA SERRA";"Condutor deixou de manter distância do veículo da frente";"Colisão traseira";"Com Vítimas Feridas";"Pleno dia";"Decrescente";"Céu Claro";"Dupla";"Reta";"Sim";2;0;1;0;1;0;1;2;-23,61593059;-46,78826044;"SPRF-SP";"DEL04-SP";"UOP01-DEL04-SP"
475953;2022-09-22;"quinta-feira";"12:00:00";"PE";232;6,2;"RECIFE";"Obras na pista";"Colisão lateral mesmo sentido";"Com Vítimas Feridas";"Pleno dia";"Decrescente";"Céu Claro";"Dupla";"Em Obras";"Não";2;0;1;0;1;0;1;2;-8,07079525;-34,9535389;"SPRF-PE";"DEL01-PE";"UOP01-DEL01-PE"
475954;2022-09-13;"terça-feira";"06:00:00";"GO";60;232;"CEZARINA";"Condutor Dormindo";"Saída de leito carroçável";"Com Vítimas Feridas";"Amanhecer";"Crescente";"Céu Claro";"Dupla";"Reta";"Não";1;0;1;0;0;0;1;1;-17,0685;-49,806;"SPRF-GO";"DEL01-GO";"UOP02-DEL01-GO"
475957;2022-09-22;"quinta-feira";"12:30:00";"CE";222;1,8;"FORTALEZA";"Condutor deixou de manter distância do veículo da frente";"Colisão traseira";"Com Vítimas Feridas";"Pleno dia";"Decrescente";"Céu Claro";"Múltipla";"Reta";"Sim";4;0;0;1;3;0;1;4;-3,737804;-38,578061;"SPRF-CE";"DEL01-CE";"UOP01-DEL01-CE"
475958;2022-09-22;"quinta-feira";"12:30:00";"SC";101;333;"TUBARAO";"Desrespeitar a preferência no cruzamento";"Colisão transversal";"Com Vítimas Feridas";"Pleno dia";"Decrescente";"Sol";"Dupla";"Interseção de Vias";"Sim";3;0;0;1;2;0;1;2;-28,46630107;-48,99653096;"SPRF-SC";"DEL02-SC";"UOP01-DEL02-SC"
475959;2022-03-11;"sexta-feira";"22:30:00";"MG";459;24,5;"CALDAS";"Velocidade Incompatível";"Tombamento";"Com Vítimas Feridas";"Plena Noite";"Decrescente";"Nublado";"Simples";"Curva";"Não";1;0;0;1;0;0;1;1;-21,89538;-46,382635;"SPRF-MG";"DEL09-MG";"UOP01-DEL09-MG"
475963;2022-09-03;"sábado";"11:30:00";"RS";116;146,5;"CAXIAS DO SUL";"Transitar na contramão";"Colisão transversal";"Com Vítimas Feridas";"Pleno dia";"Crescente";"Céu Claro";"Dupla";"Reta";"Sim";2;0;1;0;1;0;1;2;-29,1499303;-51,1449402;"SPRF-RS";"DEL05-RS";"UOP01-DEL05-RS"
475964;2022-09-22;"quinta-feira";"12:30:00";"ES";101;294,8;"CARIACICA";"Reação tardia ou ineficiente do condutor";"Colisão traseira";"Com Vítimas Feridas";"Pleno dia";"Crescente";"Nublado";"Dupla";"Reta";"Sim";4;0;2;0;2;0;2;2;-20,31526144;-40,39567044;"SPRF-ES";"DEL01-ES";"UOP01-DEL01-ES"
475967;2022-09-22;"quinta-feira";"11:30:00";"RJ";116;252;"PINHEIRAL";"Mal súbito do condutor";"Saída de leito carroçável";"Com Vítimas Feridas";"Pleno dia";"Crescente";"Céu Claro";"Dupla";"Reta";"Não";1;0;1;0;0;0;1;1;-22,58294737;-43,96879302;"SPRF-RJ";"DEL07-RJ";"UOP02-DEL07-RJ"
475968;2022-09-22;"quinta-feira";"13:50:00";"MG";381;356;"JOAO MONLEVADE";"Condutor deixou de manter distância do veículo da frente";"Colisão traseira";"Com Vítimas Feridas";"Pleno dia";"Crescente";"Nublado";"Simples";"Reta";"Sim";3;0;1;0;2;0;1;3;-19,84765404;-43,20566395;"SPRF-MG";"DEL03-MG";"UOP01-DEL03-MG"
475969;2022-09-22;"quinta-feira";"13:15:00";"SC";101;130;"BALNEARIO CAMBORIU";"Velocidade Incompatível";"Colisão traseira";"Com Vítimas Feridas";"Pleno dia";"Decrescente";"Céu Claro";"Dupla";"Reta";"Sim";2;0;1;0;1;0;1;2;-26,98407618;-48,66977107;"SPRF-SC";"DEL04-SC";"UOP03-DEL04-SC"
475971;2022-09-22;"quinta-feira";"07:25:00";"MG";381;451;"SABARA";"Acessar a via sem observar a presença dos outros veículos";"Queda de ocupante de veículo";"Com Vítimas Feridas";"Pleno dia";"Crescente";"Nublado";"Simples";"Declive;Reta";"Sim";2;0;2;0;0;0;2;2;-19,83832024;-43,8806931;"SPRF-MG";"DEL01-MG";"UOP01-DEL01-MG"
475973;2022-09-22;"quinta-feira";"14:00:00";"SC";101;194;"BIGUACU";"Condutor deixou de manter distância do veículo da frente";"Colisão traseira";"Sem Vítimas";"Pleno dia";"Crescente";"Céu Claro";"Simples";"Viaduto";"Sim";2;0;0;0;2;0;0;2;-27,49815117;-48,65661236;"SPRF-SC";"DEL01-SC";"UOP01-DEL01-SC"
475976;2022-09-22;"quinta-feira";"12:25:00";"RO";364;15;"VILHENA";"Reação tardia ou ineficiente do condutor";"Colisão traseira";"Com Vítimas Feridas";"Pleno dia";"Crescente";"Céu Claro";"Simples";"Rotatória";"Sim";2;0;1;0;1;0;1;2;-12,73672751;-60,14804088;"SPRF-RO";"DEL04-RO";"UOP01-DEL04-RO"
475977;2022-07-24;"domingo";"17:55:00";"PE";101;71,7;"RECIFE";"Acesso irregular";"Colisão transversal";"Com Vítimas Feridas";"Plena Noite";"Decrescente";"Céu Claro";"Múltipla";"Interseção de Vias";"Sim";2;0;1;0;1;0;1;2;-8,07663102;-34,94277871;"SPRF-PE";"DEL01-PE";"UOP01-DEL01-PE"
475979;2022-09-22;"quinta-feira";"13:35:00";"SP";381;86,7;"SAO PAULO";"Pedestre cruzava a pista fora da faixa";"Atropelamento de Pedestre";"Com Vítimas Feridas";"Pleno dia";"Decrescente";"Nublado";"Múltipla";"Reta";"Sim";2;0;0;1;1;0;1;2;-23,45930499;-46,57161179;"SPRF-SP";"DEL03-SP";"UOP01-DEL03-SP"
475980;2022-09-22;"quinta-feira";"14:50:00";"SC";101;120,6;"ITAJAI";"Acumulo de areia ou detritos sobre o pavimento";"Tombamento";"Com Vítimas Feridas";"Pleno dia";"Decrescente";"Sol";"Simples";"Viaduto";"Não";1;0;1;0;0;0;1;1;-26,912758;-48,711998;"SPRF-SC";"DEL04-SC";"UOP04-DEL04-SC"
475981;2022-09-22;"quinta-feira";"14:30:00";"PR";116;119;"CURITIBA";"Manobra de mudança de faixa";"Colisão lateral mesmo sentido";"Com Vítimas Feridas";"Pleno dia";"Crescente";"Sol";"Dupla";"Reta";"Não";2;0;1;0;1;0;1;2;-25,54456009;-49,30146002;"SPRF-PR";"DEL01-PR";"UOP06-DEL01-PR"
475982;2022-09-21;"quarta-feira";"16:50:00";"MA";135;23;"SAO LUIS";"Desrespeitar a preferência no cruzamento";"Colisão transversal";"Com Vítimas Feridas";"Plena Noite";"Decrescente";"Ignorado";"Dupla";"Reta";"Sim";2;0;1;0;1;0;1;2;-2,556;-44,311;"SPRF-MA";"DEL01-MA";"UOP01-DEL01-MA"
475985;2022-09-22;"quinta-feira";"12:20:00";"MT";174;288;"PONTES E LACERDA";"Acessar a via sem observar a presença dos outros veículos";"Colisão transversal";"Sem Vítimas";"Pleno dia";"Decrescente";"Céu Claro";"Simples";"Reta";"Sim";3;0;0;0;3;0;0;2;-15,23378885;-59,31756535;"SPRF-MT";"DEL04-MT";"UOP01-DEL04-MT"
475986;2022-09-22;"quinta-feira";"13:20:00";"MA";135;23,8;"SAO LUIS";"Acessar a via sem observar a presença dos outros veículos";"Colisão transversal";"Com Vítimas Feridas";"Pleno dia";"Decrescente";"Céu Claro";"Dupla";"Reta";"Sim";3;0;2;0;1;0;2;2;-2,53073;-44,3068;"SPRF-MA";"DEL01-MA";"UOP01-DEL01-MA"
475988;2022-09-22;"quinta-feira";"11:05:00";"RS";116;247;"SAO LEOPOLDO";"Reação tardia ou ineficiente do condutor";"Tombamento";"Com Vítimas Feridas";"Pleno dia";"Crescente";"Garoa/Chuvisco";"Dupla";"Aclive";"Sim";1;0;1;0;0;0;1;1;-29,77175057;-51,15403354;"SPRF-RS";"DEL01-RS";"UOP02-DEL01-RS"
475990;2022-09-22;"quinta-feira";"14:00:00";"SC";280;52;"GUARAMIRIM";"Acessar a via sem observar a presença dos outros veículos";"Colisão transversal";"Com Vítimas Feridas";"Pleno dia";"Crescente";"Céu Claro";"Simples";"Reta";"Não";2;0;1;0;0;1;1;2;-26,47539893;-48,983748;"SPRF-SC";"DEL03-SC";"UOP03-DEL03-SC"
475991;2022-09-22;"quinta-feira";"13:15:00";"SC";116;22,7;"ITAIOPOLIS";"Reação tardia ou ineficiente do condutor";"Tombamento";"Com Vítimas Feridas";"Pleno dia";"Decrescente";"Céu Claro";"Simples";"Reta";"Não";1;0;1;0;0;0;1;1;-26,2574752;-49,91194265;"SPRF-SC";"DEL06-SC";"UOP01-DEL06-SC"
475997;2022-09-22;"quinta-feira";"14:20:00";"RS";153;582;"BAGE";"Ultrapassagem Indevida";"Colisão frontal";"Com Vítimas Feridas";"Pleno dia";"Decrescente";"Garoa/Chuvisco";"Simples";"Curva";"Não";5;0;1;1;3;0;2;2;-31,0847958;-53,7038741;"SPRF-RS";"DEL11-RS";"UOP03-DEL11-RS"
475998;2022-09-22;"quinta-feira";"15:00:00";"MG";381;908,6;"CAMBUI";"Velocidade Incompatível";"Colisão com objeto";"Com Vítimas Feridas";"Pleno dia";"Crescente";"Nublado";"Múltipla";"Curva";"Não";1;0;1;0;0;0;1;1;-22,68117675;-46,10143384;"SPRF-MG";"DEL16-MG";"UOP03-DEL16-MG"
475999;2022-09-22;"quinta-feira";"14:04:00";"GO";40;13;"LUZIANIA";"Chuva";"Saída de leito carroçável";"Sem Vítimas";"Pleno dia";"Crescente";"Chuva";"Dupla";"Reta";"Sim";1;0;0;0;0;1;0;1;-16,151832;-47,939162;"SPRF-DF";"DEL01-DF";"UOP01-DEL01-DF"
476001;2022-09-22;"quinta-feira";"14:40:00";"BA";330;439,5;"UBAITABA";"Reação tardia ou ineficiente do condutor";"Colisão transversal";"Com Vítimas Feridas";"Pleno dia";"Decrescente";"Céu Claro";"Simples";"Interseção de Vias";"Não";2;0;1;0;1;0;1;2;-14,26671224;-39,32624817;"SPRF-BA";"DEL06-BA";"UOP01-DEL06-BA"
476002;2022-09-22;"quinta-feira";"16:10:00";"SC";101;201;"SAO JOSE";"Acessar a via sem observar a presença dos outros veículos";"Atropelamento de Pedestre";"Com Vítimas Feridas";"Pleno dia";"Crescente";"Céu Claro";"Múltipla";"Reta";"Sim";2;0;0;1;1;0;1;2;-27,54836599;-48,61977975;"SPRF-SC";"DEL01-SC";"UOP01-DEL01-SC"
476006;2022-09-22;"quinta-feira";"13:15:00";"MA";135;21,8;"SAO LUIS";"Condutor deixou de manter distância do veículo da frente";"Colisão lateral mesmo sentido";"Sem Vítimas";"Pleno dia";"Crescente";"Céu Claro";"Dupla";"Reta";"Sim";2;0;0;0;1;1;0;2;-2,53073;-44,3068;"SPRF-MA";"DEL01-MA";"UOP01-DEL01-MA"
476007;2022-09-22;"quinta-feira";"15:15:00";"MS";163;615,8;"SAO GABRIEL DO OESTE";"Acessar a via sem observar a presença dos outros veículos";"Colisão transversal";"Com Vítimas Feridas";"Pleno dia";"Crescente";"Céu Claro";"Simples";"Reta;Interseção de Vias";"Sim";3;0;1;0;2;0;1;2;-19,39850778;-54,56579964;"SPRF-MS";"DEL06-MS";"UOP02-DEL06-MS"
476010;2022-09-22;"quinta-feira";"16:45:00";"DF";60;24,8;"BRASILIA";"Acumulo de água sobre o pavimento";"Saída de leito carroçável";"Sem Vítimas";"Pleno dia";"Crescente";"Chuva";"Dupla";"Reta;Declive";"Não";1;0;0;0;1;0;0;1;-15,991807;-48,232067;"SPRF-DF";"DEL03-DF";"UOP01-DEL03-DF"
476013;2022-09-22;"quinta-feira";"17:00:00";"ES";101;174;"LINHARES";"Ausência de reação do condutor";"Queda de ocupante de veículo";"Com Vítimas Feridas";"Pleno dia";"Decrescente";"Sol";"Simples";"Reta";"Não";2;0;1;0;1;0;1;1;-19,58047007;-40,18782185;"SPRF-ES";"DEL04-ES";"UOP01-DEL04-ES"
476014;2022-09-22;"quinta-feira";"17:10:00";"ES";101;283,2;"CARIACICA";"Pedestre cruzava a pista fora da faixa";"Atropelamento de Pedestre";"Com Vítimas Feridas";"Anoitecer";"Crescente";"Céu Claro";"Múltipla";"Curva";"Não";3;0;0;1;2;0;1;3;-20,23438373;-40,3693577;"SPRF-ES";"DEL01-ES";"UOP01-DEL01-ES"
476018;2022-09-22;"quinta-feira";"17:15:00";"RJ";101;330;"RIO DE JANEIRO";"Demais falhas mecânicas ou elétricas";"Colisão traseira";"Com Vítimas Feridas";"Anoitecer";"Crescente";"Céu Claro";"Dupla";"Reta";"Sim";2;0;1;0;1;0;1;2;-22,8684989;-43,18548699;"SPRF-RJ";"DEL02-RJ";"UOP01-DEL02-RJ"
476019;2022-09-22;"quinta-feira";"16:40:00";"SC";101;130;"BALNEARIO CAMBORIU";"Frear bruscamente";"Tombamento";"Com Vítimas Feridas";"Pleno dia";"Crescente";"Céu Claro";"Dupla";"Reta";"Sim";1;0;0;1;0;0;1;1;-26,98407618;-48,66977107;"SPRF-SC";"DEL04-SC";"UOP03-DEL04-SC"
476020;2022-09-22;"quinta-feira";"17:15:00";"AL";316;103;"DOIS RIACHOS";"Acessar a via sem observar a presença dos outros veículos";"Colisão transversal";"Com Vítimas Feridas";"Pleno dia";"Crescente";"Céu Claro";"Simples";"Reta";"Sim";3;0;1;1;0;1;2;2;-9,389313;-37,0887;"SPRF-AL";"DEL03-AL";"UOP01-DEL03-AL"
476022;2022-09-22;"quinta-feira";"15:50:00";"MG";262;464;"ARAUJOS";"Avarias e/ou desgaste excessivo no pneu";"Tombamento";"Com Vítimas Feridas";"Pleno dia";"Crescente";"Nublado";"Simples";"Reta";"Não";2;0;2;0;0;0;2;1;-19,8117408;-45,10677395;"SPRF-MG";"DEL08-MG";"UOP03-DEL08-MG"