"id";"data_inversa";"dia_semana";"horario";"uf";"br";"km";"municipio";"causa_acidente";"tipo_acidente";"classificacao_acidente";"fase_dia";"sentido_via";"condicao_metereologica";"tipo_pista";"tracado_via";"uso_solo";"pessoas";"mortos";"feridos_leves";"feridos_graves";"ilesos";"ignorados";"feridos";"veiculos";"latitude";"longitude";"regional";"delegacia";"uop"
476023;2022-09-22;"quinta-feira";"13:45:00";"SC";163;1,2;"DIONISIO CERQUEIRA";"Desrespeitar a preferência no cruzamento";"Colisão transversal";"Com Vítimas Feridas";"Pleno dia";"Decrescente";"Céu Claro";"Simples";"Rotatória;Reta";"Sim";3;0;3;0;0;0;3;2;-26,26635807;-53,62614512;"SPRF-SC";"DEL07-SC";"UOP03-DEL07-SC"
476024;2022-09-22;"quinta-feira";"18:30:00";"RN";304;30,3;"MOSSORO";"Transitar no acostamento";"Colisão traseira";"Com Vítimas Feridas";"Plena Noite";"Decrescente";"Céu Claro";"Simples";"Reta";"Sim";4;0;0;3;1;0;3;4;-5,11703801;-37,34100094;"SPRF-RN";"DEL04-RN";"UOP02-DEL04-RN"
476025;2022-09-22;"quinta-feira";"18:00:00";"RS";386;51;"SEBERI";"Acessar a via sem observar a presença dos outros veículos";"Colisão transversal";"Com Vítimas Feridas";"Pleno dia";"Crescente";"Céu Claro";"Simples";"Reta";"Sim";2;0;1;0;1;0;1;2;-27,500874;-53,388092;"SPRF-RS";"DEL08-RS";"UOP02-DEL08-RS"
476027;2022-09-22;"quinta-feira";"17:17:00";"SC";470;65;"INDAIAL";"Reação tardia ou ineficiente do condutor";"Colisão lateral sentido oposto";"Sem Vítimas";"Pleno dia";"Decrescente";"Nublado";"Simples";"Reta";"Sim";3;0;0;0;3;0;0;2;-26,870411;-49,211864;"SPRF-SC";"DEL04-SC";"UOP01-DEL04-SC"
476028;2022-09-22;"quinta-feira";"18:22:00";"PB";230;102,8;"GURINHEM";"Acesso irregular";"Colisão transversal";"Com Vítimas Feridas";"Plena Noite";"Crescente";"Céu Claro";"Dupla";"Reta";"Não";2;0;0;1;1;0;1;2;-7,2018;-35,497;"SPRF-PB";"DEL01-PB";"UOP03-DEL01-PB"
476029;2022-09-22;"quinta-feira";"18:25:00";"GO";40;7,5;"LUZIANIA";"Condutor deixou de manter distância do veículo da frente";"Colisão traseira";"Sem Vítimas";"Plena Noite";"Decrescente";"Garoa/Chuvisco";"Dupla";"Reta";"Não";2;0;0;0;2;0;0;2;-16,108482;-47,972524;"SPRF-DF";"DEL01-DF";"UOP01-DEL01-DF"
476030;2022-08-31;"quarta-feira";"09:24:00";"RS";116;242,5;"NOVO HAMBURGO";"Ausência de reação do condutor";"Engavetamento";"Com Vítimas Feridas";"Pleno dia";"Crescente";"Céu Claro";"Dupla";"Reta";"Sim";3;0;2;0;1;0;2;3;-29,73196199;-51,14952004;"SPRF-RS";"DEL01-RS";"UOP02-DEL01-RS"
476031;2022-09-22;"quinta-feira";"17:40:00";"RS";470;177;"VERANOPOLIS";"Condutor deixou de manter distância do veículo da frente";"Colisão traseira";"Sem Vítimas";"Anoitecer";"Decrescente";"Garoa/Chuvisco";"Simples";"Reta";"Sim";2;0;0;0;2;0;0;2;-28,93915139;-51,54591976;"SPRF-RS";"DEL06-RS";"UOP02-DEL06-RS"
476032;2022-09-22;"quinta-feira";"17:40:00";"SC";282;223,4;"LAGES";"Acessar a via sem observar a presença dos outros veículos";"Colisão transversal";"Com Vítimas Feridas";"Anoitecer";"Crescente";"Céu Claro";"Simples";"Reta";"Sim";2;0;0;1;1;0;1;2;-27,79832798;-50,36567515;"SPRF-SC";"DEL05-SC";"UOP01-DEL05-SC"
476035;2022-09-22;"quinta-feira";"18:40:00";"RS";386;39,1;"FREDERICO WESTPHALEN";"Velocidade Incompatível";"Saída de leito carroçável";"Com Vítimas Feridas";"Anoitecer";"Decrescente";"Céu Claro";"Simples";"Curva";"Não";1;0;1;0;0;0;1;1;-27,40084189;-53,40415478;"SPRF-RS";"DEL08-RS";"UOP02-DEL08-RS"
476036;2022-09-22;"quinta-feira";"17:40:00";"RO";364;715;"PORTO VELHO";"Velocidade Incompatível";"Capotamento";"Com Vítimas Feridas";"Anoitecer";"Decrescente";"Céu Claro";"Simples";"Viaduto";"Sim";2;0;1;0;1;0;1;1;-8,77957291;-63,89174213;"SPRF-RO";"DEL01-RO";"UOP01-DEL01-RO"
476037;2022-09-22;"quinta-feira";"19:00:00";"ES";101;147;"LINHARES";"Trafegar com motocicleta (ou similar) entre as faixas";"Colisão traseira";"Com Vítimas Feridas";"Plena Noite";"Crescente";"Céu Claro";"Múltipla";"Reta";"Sim";2;0;1;0;1;0;1;2;-19,37887202;-40,06657892;"SPRF-ES";"DEL04-ES";"UOP01-DEL04-ES"
476038;2022-09-22;"quinta-feira";"10:00:00";"RS";285;229;"CASEIROS";"Condutor deixou de manter distância do veículo da frente";"Colisão traseira";"Com Vítimas Feridas";"Pleno dia";"Decrescente";"Nublado";"Simples";"Reta";"Não";2;0;1;0;1;0;1;2;-28,247715;-51,781624;"SPRF-RS";"DEL08-RS";"UOP05-DEL08-RS"
476039;2022-09-22;"quinta-feira";"19:02:00";"MG";40;530,2;"CONTAGEM";"Condutor usando celular";"Colisão traseira";"Com Vítimas Feridas";"Plena Noite";"Crescente";"Nublado";"Dupla";"Reta;Aclive";"Sim";4;0;2;0;2;0;2;2;-19,92064782;-44,0335681;"SPRF-MG";"DEL01-MG";"UOP02-DEL01-MG"
476043;2022-09-22;"quinta-feira";"19:30:00";"PR";277;724,6;"FOZ DO IGUACU";"Pedestre cruzava a pista fora da faixa";"Atropelamento de Pedestre";"Com Vítimas Fatais";"Plena Noite";"Decrescente";"Céu Claro";"Múltipla";"Reta";"Sim";2;1;0;1;0;0;1;2;-25,50257577;-54,53868311;"SPRF-PR";"DEL05-PR";"UOP03-DEL05-PR"
476045;2022-09-22;"quinta-feira";"20:00:00";"SC";101;98;"BARRA VELHA";"Avarias e/ou desgaste excessivo no pneu";"Queda de ocupante de veículo";"Com Vítimas Feridas";"Plena Noite";"Decrescente";"Céu Claro";"Dupla";"Reta";"Não";1;0;1;0;0;0;1;1;-26,73760897;-48,69918789;"SPRF-SC";"DEL03-SC";"UOP02-DEL03-SC"
476048;2022-09-22;"quinta-feira";"18:20:00";"PB";230;14;"CABEDELO";"Condutor deixou de manter distância do veículo da frente";"Colisão lateral mesmo sentido";"Com Vítimas Feridas";"Plena Noite";"Decrescente";"Céu Claro";"Dupla";"Reta";"Sim";2;0;1;0;0;1;1;2;-7,09107312;-34,84822389;"SPRF-PB";"DEL01-PB";"UOP01-DEL01-PB"
476049;2022-09-22;"quinta-feira";"15:30:00";"AL";316;177,8;"BELEM";"Acessar a via sem observar a presença dos outros veículos";"Colisão transversal";"Com Vítimas Feridas";"Pleno dia";"Decrescente";"Céu Claro";"Simples";"Reta";"Sim";2;0;0;1;1;0;1;2;-9,56791796;-36,50654692;"SPRF-AL";"DEL03-AL";"UOP01-DEL03-AL"
476055;2022-09-22;"quinta-feira";"17:16:00";"AL";316;155,8;"PALMEIRA DOS INDIOS";"Acesso irregular";"Colisão traseira";"Com Vítimas Feridas";"Pleno dia";"Crescente";"Céu Claro";"Simples";"Reta";"Sim";2;0;0;1;1;0;1;2;-9,42806399;-36,61846161;"SPRF-AL";"DEL03-AL";"UOP01-DEL03-AL"
476056;2022-09-22;"quinta-feira";"20:37:00";"MS";267;29,7;"BATAGUASSU";"Ausência de reação do condutor";"Colisão com objeto";"Com Vítimas Feridas";"Plena Noite";"Decrescente";"Céu Claro";"Dupla";"Retorno Regulamentado";"Sim";2;0;1;0;0;1;1;2;-21,71982031;-52,423208;"SPRF-MS";"DEL02-MS";"UOP04-DEL02-MS"
476057;2022-09-22;"quinta-feira";"21:30:00";"SC";280;46,3;"GUARAMIRIM";"Acessar a via sem observar a presença dos outros veículos";"Colisão transversal";"Com Vítimas Feridas";"Plena Noite";"Crescente";"Céu Claro";"Simples";"Reta;Em Obras";"Não";2;0;1;0;1;0;1;2;-26,45506795;-48,92766502;"SPRF-SC";"DEL03-SC";"UOP03-DEL03-SC"
476058;2022-09-22;"quinta-feira";"20:50:00";"PR";476;119;"COLOMBO";"Condutor desrespeitou a iluminação vermelha do semáforo";"Colisão transversal";"Com Vítimas Feridas";"Plena Noite";"Decrescente";"Céu Claro";"Dupla";"Aclive;Reta";"Sim";2;0;2;0;0;0;2;2;-25,364202;-49,185825;"SPRF-PR";"DEL01-PR";"UOP01-DEL01-PR"
476060;2022-09-22;"quinta-feira";"17:20:00";"GO";158;153;"CAIAPONIA";"Ultrapassagem Indevida";"Colisão frontal";"Com Vítimas Fatais";"Pleno dia";"Crescente";"Chuva";"Simples";"Declive;Reta";"Não";2;1;0;0;1;0;0;2;-16,93043824;-51,810987;"SPRF-GO";"DEL04-GO";"UOP01-DEL04-GO"
476061;2022-09-22;"quinta-feira";"21:58:00";"PE";101;51;"ABREU E LIMA";"Condutor deixou de manter distância do veículo da frente";"Colisão traseira";"Com Vítimas Feridas";"Plena Noite";"Crescente";"Céu Claro";"Múltipla";"Reta";"Sim";2;0;0;1;1;0;1;2;-7,9169968;-34,89689272;"SPRF-PE";"DEL01-PE";"UOP02-DEL01-PE"
476062;2022-09-22;"quinta-feira";"21:20:00";"RJ";101;319;"SAO GONCALO";"Ingestão de álcool pelo condutor";"Colisão traseira";"Com Vítimas Feridas";"Plena Noite";"Decrescente";"Nublado";"Dupla";"Curva";"Sim";4;0;1;0;3;0;1;3;-22,85411774;-43,1018014;"SPRF-RJ";"DEL02-RJ";"UOP02-DEL02-RJ"
476063;2022-09-22;"quinta-feira";"20:20:00";"RO";364;597;"ITAPUA DO OESTE";"Acessar a via sem observar a presença dos outros veículos";"Colisão transversal";"Com Vítimas Feridas";"Plena Noite";"Crescente";"Nublado";"Simples";"Reta";"Não";2;0;0;1;1;0;1;2;-9,24866599;-63,16459996;"SPRF-RO";"DEL01-RO";"UOP04-DEL01-RO"
476066;2022-09-22;"quinta-feira";"18:30:00";"PR";116;109;"CURITIBA";"Reação tardia ou ineficiente do condutor";"Tombamento";"Com Vítimas Feridas";"Anoitecer";"Crescente";"Céu Claro";"Múltipla";"Reta";"Não";1;0;1;0;0;0;1;1;-25,57140489;-49,20748999;"SPRF-PR";"DEL01-PR";"UOP06-DEL01-PR"
476067;2022-09-22;"quinta-feira";"18:34:00";"RJ";101;298,6;"SAO GONCALO";"Demais falhas mecânicas ou elétricas";"Tombamento";"Com Vítimas Feridas";"Anoitecer";"Decrescente";"Chuva";"Dupla";"Curva";"Não";2;0;1;1;0;0;2;1;-22,77128476;-42,92904496;"SPRF-RJ";"DEL02-RJ";"UOP02-DEL02-RJ"
476068;2022-09-22;"quinta-feira";"19:45:00";"RJ";101;318;"SAO GONCALO";"Avarias e/ou desgaste excessivo no pneu";"Tombamento";"Com Vítimas Feridas";"Plena Noite";"Crescente";"Garoa/Chuvisco";"Dupla";"Reta";"Não";2;0;2;0;0;0;2;1;-22,83707798;-43,09492006;"SPRF-RJ";"DEL02-RJ";"UOP02-DEL02-RJ"
476069;2022-09-22;"quinta-feira";"22:40:00";"PE";428;189;"PETROLINA";"Ingestão de álcool pelo condutor";"Colisão com objeto";"Sem Vítimas";"Plena Noite";"Crescente";"Céu Claro";"Simples";"Reta";"Não";4;0;0;0;4;0;0;1;-9,37197508;-40,48679585;"SPRF-PE";"DEL06-PE";"UOP01-DEL06-PE"
476070;2022-09-22;"quinta-feira";"22:40:00";"SP";116;104,5;"TAUBATE";"Ingestão de álcool pelo condutor";"Tombamento";"Com Vítimas Feridas";"Plena Noite";"Crescente";"Céu Claro";"Dupla";"Aclive;Rotatória;Reta";"Não";2;0;2;0;0;0;2;1;-23,00340176;-45,50626912;"SPRF-SP";"DEL08-SP";"UOP01-DEL08-SP"
476071;2022-09-22;"quinta-feira";"17:15:00";"PB";230;292;"SANTA LUZIA";"Acessar a via sem observar a presença dos outros veículos";"Colisão transversal";"Com Vítimas Feridas";"Plena Noite";"Crescente";"Céu Claro";"Simples";"Reta";"Sim";4;0;3;0;1;0;3;2;-6,8684;-36,9222;"SPRF-PB";"DEL03-PB";"UOP01-DEL03-PB"
476072;2022-09-21;"quarta-feira";"20:25:00";"BA";101;251;"CONCEICAO DO ALMEIDA";"Conversão proibida";"Colisão transversal";"Com Vítimas Feridas";"Plena Noite";"Crescente";"Céu Claro";"Simples";"Reta";"Não";2;0;1;0;1;0;1;2;-12,99277217;-39,28802128;"SPRF-BA";"DEL01-BA";"UOP02-DEL01-BA"
476074;2022-09-22;"quinta-feira";"21:25:00";"GO";60;382;"RIO VERDE";"Ingestão de álcool pelo condutor";"Colisão com objeto";"Com Vítimas Feridas";"Plena Noite";"Decrescente";"Nublado";"Dupla";"Curva";"Não";1;0;0;1;0;0;1;1;-17,779;-50,8933;"SPRF-GO";"DEL04-GO";"UOP01-DEL04-GO"
476075;2022-09-16;"sexta-feira";"17:00:00";"RJ";101;295;"ITABORAI";"Ausência de reação do condutor";"Colisão traseira";"Sem Vítimas";"Anoitecer";"Crescente";"Garoa/Chuvisco";"Dupla";"Reta";"Sim";3;0;0;0;3;0;0;3;-22,76365068;-42,90223623;"SPRF-RJ";"DEL02-RJ";"UOP02-DEL02-RJ"
476076;2022-09-22;"quinta-feira";"23:30:00";"PR";369;123;"JATAIZINHO";"Animais na Pista";"Atropelamento de Animal";"Com Vítimas Feridas";"Plena Noite";"Crescente";"Nublado";"Dupla";"Reta";"Não";1;0;0;1;0;0;1;1;-23,2843686;-50,92953606;"SPRF-PR";"DEL07-PR";"UOP01-DEL07-PR"
476079;2022-09-22;"quinta-feira";"23:30:00";"PR";376;499,3;"PONTA GROSSA";"Ausência de reação do condutor";"Colisão com objeto";"Com Vítimas Feridas";"Plena Noite";"Decrescente";"Céu Claro";"Dupla";"Reta";"Sim";1;0;0;1;0;0;1;1;-25,20185079;-50,07092178;"SPRF-PR";"DEL03-PR";"UOP01-DEL03-PR"
476080;2022-09-22;"quinta-feira";"23:40:00";"MG";40;507,5;"RIBEIRAO DAS NEVES";"Reação tardia ou ineficiente do condutor";"Queda de ocupante de veículo";"Com Vítimas Feridas";"Plena Noite";"Crescente";"Céu Claro";"Dupla";"Interseção de Vias";"Não";1;0;0;1;0;0;1;1;-19,75431705;-44,14152606;"SPRF-MG";"DEL02-MG";"UOP01-DEL02-MG"
476081;2022-09-22;"quinta-feira";"23:40:00";"RS";158;326;"SANTA MARIA";"Ausência de reação do condutor";"Queda de ocupante de veículo";"Com Vítimas Feridas";"Plena Noite";"Decrescente";"Nublado";"Simples";"Desvio Temporário;Em Obras";"Sim";2;0;1;0;1;0;1;1;-29,71515315;-53,81253719;"SPRF-RS";"DEL09-RS";"UOP01-DEL09-RS"
476083;2022-09-22;"quinta-feira";"23:15:00";"RS";116;128,7;"SAO MARCOS";"Reação tardia ou ineficiente do condutor";"Capotamento";"Sem Vítimas";"Plena Noite";"Decrescente";"Ignorado";"Simples";"Reta";"Não";2;0;0;0;2;0;0;1;-29,0318692;-51,1033343;"SPRF-RS";"DEL05-RS";"UOP01-DEL05-RS"
476084;2022-09-22;"quinta-feira";"23:40:00";"PI";343;308,2;"ALTOS";"Acessar a via sem observar a presença dos outros veículos";"Colisão transversal";"Com Vítimas Feridas";"Plena Noite";"Crescente";"Céu Claro";"Simples";"Reta;Interseção de Vias";"Sim";2;0;0;1;1;0;1;2;-5,0389502;-42,4658563;"SPRF-PI";"DEL01-PI";"UOP01-DEL01-PI"
476086;2022-09-23;"sexta-feira";"00:40:00";"SC";470;4;"NAVEGANTES";"Ingestão de álcool pelo condutor";"Colisão transversal";"Com Vítimas Feridas";"Plena Noite";"Decrescente";"Céu Claro";"Dupla";"Rotatória";"Sim";2;0;1;0;1;0;1;2;-26,858473;-48,690788;"SPRF-SC";"DEL04-SC";"UOP04-DEL04-SC"
476087;2022-09-22;"quinta-feira";"21:25:00";"RO";421;63;"MONTE NEGRO";"Reação tardia ou ineficiente do condutor";"Queda de ocupante de veículo";"Com Vítimas Feridas";"Plena Noite";"Decrescente";"Nublado";"Simples";"Reta";"Não";1;0;1;0;0;0;1;1;-10,343851;-63,373764;"SPRF-RO";"DEL03-RO";"UOP01-DEL03-RO"
476088;2022-09-22;"quinta-feira";"23:30:00";"ES";259;81,9;"COLATINA";"Ingestão de álcool pelo condutor";"Saída de leito carroçável";"Com Vítimas Feridas";"Plena Noite";"Decrescente";"Céu Claro";"Simples";"Reta";"Não";1;0;1;0;0;0;1;1;-19,51058503;-40,8510451;"SPRF-ES";"DEL02-ES";"UOP01-DEL02-ES"
476091;2022-09-23;"sexta-feira";"01:20:00";"RS";116;25;"VACARIA";"Ingestão de álcool pelo condutor";"Saída de leito carroçável";"Com Vítimas Feridas";"Plena Noite";"Decrescente";"Nublado";"Simples";"Reta";"Não";1;0;1;0;0;0;1;1;-28,40611002;-50,85626496;"SPRF-RS";"DEL05-RS";"UOP03-DEL05-RS"
476094;2022-09-23;"sexta-feira";"02:25:00";"SC";470;63,8;"INDAIAL";"Objeto estático sobre o leito carroçável";"Colisão com objeto";"Com Vítimas Feridas";"Plena Noite";"Decrescente";"Céu Claro";"Simples";"Reta";"Não";1;0;1;0;0;0;1;1;-26,872396;-49,19228;"SPRF-SC";"DEL04-SC";"UOP01-DEL04-SC"
476097;2022-09-23;"sexta-feira";"03:20:00";"PI";343;0;"TERESINA";"Velocidade Incompatível";"Saída de leito carroçável";"Sem Vítimas";"Plena Noite";"Decrescente";"Céu Claro";"Dupla";"Reta;Em Obras";"Sim";1;0;0;0;1;0;0;1;-5,089569;-42,802288;"SPRF-PI";"DEL01-PI";"UOP01-DEL01-PI"
476099;2022-09-23;"sexta-feira";"05:15:00";"RJ";101;322;"NITEROI";"Condutor deixou de manter distância do veículo da frente";"Tombamento";"Com Vítimas Feridas";"Pleno dia";"Decrescente";"Céu Claro";"Simples";"Curva";"Sim";4;0;2;0;1;1;2;2;-22,878923;-43,110676;"SPRF-RJ";"DEL02-RJ";"UOP01-DEL02-RJ"
476101;2022-09-23;"sexta-feira";"05:00:00";"ES";101;306;"VIANA";"Reação tardia ou ineficiente do condutor";"Saída de leito carroçável";"Com Vítimas Feridas";"Amanhecer";"Decrescente";"Céu Claro";"Dupla";"Curva";"Sim";1;0;1;0;0;0;1;1;-20,3959207;-40,41881678;"SPRF-ES";"DEL01-ES";"UOP01-DEL01-ES"
476103;2022-09-22;"quinta-feira";"21:30:00";"SC";101;270,8;"IMBITUBA";"Reação tardia ou ineficiente do condutor";"Colisão traseira";"Sem Vítimas";"Plena Noite";"Crescente";"Céu Claro";"Dupla";"Reta;Em Obras";"Não";3;0;0;0;3;0;0;2;-28,1015411;-48,70410641;"SPRF-SC";"DEL02-SC";"UOP03-DEL02-SC"
476104;2022-09-23;"sexta-feira";"05:15:00";"MS";60;566,8;"GUIA LOPES DA LAGUNA";"Reação tardia ou ineficiente do condutor";"Tombamento";"Com Vítimas Feridas";"Amanhecer";"Crescente";"Céu Claro";"Simples";"Reta";"Não";1;0;1;0;0;0;1;1;-21,33671103;-56,00212097;"SPRF-MS";"DEL05-MS";"UOP01-DEL05-MS"
476106;2022-05-31;"terça-feira";"07:50:00";"RJ";101;297;"ITABORAI";"Acessar a via sem observar a presença dos outros veículos";"Atropelamento de Pedestre";"Com Vítimas Feridas";"Pleno dia";"Decrescente";"Céu Claro";"Dupla";"Reta";"Sim";2;0;0;1;1;0;1;2;-22,76942037;-42,91873581;"SPRF-RJ";"DEL02-RJ";"UOP02-DEL02-RJ"
476107;2022-09-23;"sexta-feira";"06:00:00";"RJ";116;165,5;"RIO DE JANEIRO";"Manobra de mudança de faixa";"Colisão lateral mesmo sentido";"Com Vítimas Feridas";"Pleno dia";"Decrescente";"Céu Claro";"Múltipla";"Reta";"Sim";2;0;1;0;1;0;1;2;-22,81004835;-43,33934784;"SPRF-RJ";"DEL01-RJ";"UOP02-DEL01-RJ"
476109;2022-09-23;"sexta-feira";"06:40:00";"MG";381;482;"BETIM";"Velocidade Incompatível";"Colisão traseira";"Com Vítimas Feridas";"Pleno dia";"Decrescente";"Nublado";"Dupla";"Túnel;Aclive;Interseção de Vias;Em Obras;Desvio Temporário;Rotatória;Retorno Regulamentado;Viaduto;Curva";"Sim";3;0;1;0;2;0;1;2;-19,95769672;-44,07823384;"SPRF-MG";"DEL01-MG";"UOP03-DEL01-MG"
476110;2022-09-23;"sexta-feira";"06:00:00";"SC";280;232;"CANOINHAS";"Reação tardia ou ineficiente do condutor";"Colisão traseira";"Sem Vítimas";"Amanhecer";"Crescente";"Céu Claro";"Simples";"Reta";"Sim";2;0;0;0;2;0;0;2;-26,19014736;-50,38186997;"SPRF-SC";"DEL06-SC";"UOP04-DEL06-SC"
476112;2022-09-22;"quinta-feira";"21:12:00";"TO";0;0;"ARAGUAINA";"Frear bruscamente";"Tombamento";"Com Vítimas Feridas";"Plena Noite";"Não Informado";"Nublado";"Simples";"Interseção de Vias";"Sim";3;0;1;0;2;0;1;2;-7,15899185;-48,20360776;"SPRF-TO";"DEL02-TO";"UOP01-DEL02-TO"
476116;2022-09-23;"sexta-feira";"07:13:00";"PR";277;724;"FOZ DO IGUACU";"Manobra de mudança de faixa";"Colisão lateral mesmo sentido";"Com Vítimas Feridas";"Amanhecer";"Crescente";"Céu Claro";"Dupla";"Reta";"Sim";2;0;1;0;1;0;1;2;-25,50257577;-54,53868311;"SPRF-PR";"DEL05-PR";"UOP03-DEL05-PR"
476118;2022-09-23;"sexta-feira";"08:15:00";"ES";101;262,5;"SERRA";"Demais falhas mecânicas ou elétricas";"Incêndio";"Sem Vítimas";"Pleno dia";"Decrescente";"Nublado";"Dupla";"Retorno Regulamentado";"Sim";1;0;0;0;1;0;0;1;-20,1572331;-40,27678329;"SPRF-ES";"DEL02-ES";"UOP01-DEL02-ES"
476120;2022-09-23;"sexta-feira";"07:50:00";"GO";153;505,7;"APARECIDA DE GOIANIA";"Condutor deixou de manter distância do veículo da frente";"Colisão traseira";"Com Vítimas Feridas";"Pleno dia";"Decrescente";"Nublado";"Dupla";"Reta";"Sim";2;0;1;0;1;0;1;2;-16,751842;-49,241256;"SPRF-GO";"DEL01-GO";"UOP01-DEL01-GO"
476121;2022-09-23;"sexta-feira";"07:50:00";"PR";376;224;"CAMBIRA";"Acessar a via sem observar a presença dos outros veículos";"Saída de leito carroçável";"Com Vítimas Feridas";"Pleno dia";"Crescente";"Céu Claro";"Dupla";"Aclive";"Não";1;0;0;1;0;0;1;1;-23,58517584;-51,567336;"SPRF-PR";"DEL07-PR";"UOP03-DEL07-PR"
476124;2022-09-17;"sábado";"20:08:00";"RN";226;62,5;"SENADOR ELOI DE SOUZA";"Manobra de mudança de faixa";"Colisão frontal";"Com Vítimas Feridas";"Plena Noite";"Crescente";"Céu Claro";"Simples";"Reta";"Não";2;0;0;1;1;0;1;2;-6,05854712;-35,6779147;"SPRF-RN";"DEL01-RN";"UOP02-DEL01-RN"
476125;2022-09-23;"sexta-feira";"08:10:00";"RJ";101;330;"RIO DE JANEIRO";"Avarias e/ou desgaste excessivo no pneu";"Queda de ocupante de veículo";"Com Vítimas Feridas";"Pleno dia";"Decrescente";"Vento";"Múltipla";"Reta";"Não";2;0;2;0;0;0;2;1;-22,8684989;-43,18548699;"SPRF-RJ";"DEL02-RJ";"UOP01-DEL02-RJ"
476128;2022-09-23;"sexta-feira";"09:10:00";"DF";20;17;"BRASILIA";"Condutor deixou de manter distância do veículo da frente";"Colisão traseira";"Com Vítimas Fatais";"Pleno dia";"Decrescente";"Céu Claro";"Dupla";"Aclive";"Sim";3;1;0;0;1;1;0;3;-15,621374;-47,71698;"SPRF-DF";"DEL02-DF";"UOP01-DEL02-DF"
476129;2022-09-23;"sexta-feira";"07:30:00";"SP";101;45,8;"UBATUBA";"Acessar a via sem observar a presença dos outros veículos";"Colisão transversal";"Sem Vítimas";"Pleno dia";"Crescente";"Nublado";"Simples";"Reta";"Sim";4;0;0;0;4;0;0;2;-23,41956151;-45,06924391;"SPRF-SP";"DEL06-SP";"UOP01-DEL06-SP"
476131;2022-09-23;"sexta-feira";"09:15:00";"PB";101;87,9;"JOAO PESSOA";"Ingestão de álcool e/ou substâncias psicoativas pelo pedestre";"Atropelamento de Pedestre";"Com Vítimas Feridas";"Pleno dia";"Crescente";"Nublado";"Dupla";"Interseção de Vias";"Sim";2;0;0;1;0;1;1;2;-7,16539274;-34,89912271;"SPRF-PB";"DEL01-PB";"UOP01-DEL01-PB"
476132;2022-09-23;"sexta-feira";"08:40:00";"SC";101;212,6;"PALHOCA";"Condutor deixou de manter distância do veículo da frente";"Colisão lateral mesmo sentido";"Com Vítimas Feridas";"Pleno dia";"Decrescente";"Céu Claro";"Múltipla";"Reta";"Sim";3;0;1;0;1;1;1;3;-27,62996929;-48,65903871;"SPRF-SC";"DEL01-SC";"UOP02-DEL01-SC"
476134;2022-09-23;"sexta-feira";"01:40:00";"RJ";40;122;"DUQUE DE CAXIAS";"Ingestão de álcool pelo condutor";"Colisão com objeto";"Com Vítimas Feridas";"Plena Noite";"Crescente";"Céu Claro";"Múltipla";"Curva";"Sim";1;0;1;0;0;0;1;1;-22,79083113;-43,28611569;"SPRF-RJ";"DEL01-RJ";"UOP01-DEL01-RJ"
476137;2022-09-23;"sexta-feira";"09:00:00";"RS";472;446;"ITAQUI";"Ausência de reação do condutor";"Colisão traseira";"Com Vítimas Feridas";"Pleno dia";"Decrescente";"Céu Claro";"Simples";"Reta";"Não";3;0;1;0;2;0;1;2;-28,98786572;-56,16371129;"SPRF-RS";"DEL12-RS";"UOP01-DEL12-RS"
476138;2022-09-23;"sexta-feira";"10:00:00";"SP";116;219;"GUARULHOS";"Ausência de reação do condutor";"Colisão lateral mesmo sentido";"Com Vítimas Feridas";"Pleno dia";"Crescente";"Céu Claro";"Múltipla";"Reta";"Sim";3;0;1;0;2;0;1;2;-23,46143954;-46,48885316;"SPRF-SP";"DEL01-SP";"UOP01-DEL01-SP"
476139;2022-09-08;"quinta-feira";"06:56:00";"ES";262;18;"VIANA";"Desrespeitar a preferência no cruzamento";"Colisão transversal";"Com Vítimas Feridas";"Pleno dia";"Crescente";"Céu Claro";"Simples";"Reta";"Sim";2;0;1;0;1;0;1;2;-20,38687366;-40,47399214;"SPRF-ES";"DEL01-ES";"UOP01-DEL01-ES"
476140;2022-09-23;"sexta-feira";"09:50:00";"MG";40;698,9;"BARBACENA";"Demais falhas mecânicas ou elétricas";"Incêndio";"Sem Vítimas";"Pleno dia";"Decrescente";"Céu Claro";"Dupla";"Reta";"Sim";2;0;0;0;2;0;0;1;-21,16235;-43,759854;"SPRF-MG";"DEL05-MG";"UOP02-DEL05-MG"
476143;2022-09-23;"sexta-feira";"09:50:00";"GO";414;303;"VILA PROPICIO";"Ingestão de álcool pelo condutor";"Saída de leito carroçável";"Sem Vítimas";"Pleno dia";"Crescente";"Céu Claro";"Simples";"Reta";"Não";1;0;0;0;0;1;0;1;-15,20091703;-48,70185812;"SPRF-GO";"DEL02-GO";"UOP01-DEL02-GO"
476144;2022-09-23;"sexta-feira";"09:40:00";"PR";376;12,8;"MARINGA";"Velocidade Incompatível";"Colisão traseira";"Com Vítimas Feridas";"Pleno dia";"Crescente";"Céu Claro";"Dupla";"Reta";"Sim";2;0;1;0;0;1;1;2;-23,39457259;-51,88821316;"SPRF-PR";"DEL09-PR";"UOP01-DEL09-PR"
476145;2022-09-23;"sexta-feira";"07:30:00";"PA";222;33,1;"DOM ELISEU";"Reação tardia ou ineficiente do condutor";"Saída de leito carroçável";"Com Vítimas Feridas";"Pleno dia";"Decrescente";"Sol";"Simples";"Reta;Aclive";"Não";2;0;1;0;0;1;1;1;-4,324125;-47,687481;"SPRF-PA";"DEL02-PA";"UOP02-DEL02-PA"