"id";"data_inversa";"dia_semana";"horario";"uf";"br";"km";"municipio";"causa_acidente";"tipo_acidente";"classificacao_acidente";"fase_dia";"sentido_via";"condicao_metereologica";"tipo_pista";"tracado_via";"uso_solo";"pessoas";"mortos";"feridos_leves";"feridos_graves";"ilesos";"ignorados";"feridos";"veiculos";"latitude";"longitude";"regional";"delegacia";"uop"
476147;2022-09-23;"sexta-feira";"07:50:00";"PR";369;148;"LONDRINA";"Velocidade Incompatível";"Tombamento";"Sem Vítimas";"Pleno dia";"Decrescente";"Céu Claro";"Dupla";"Curva";"Sim";3;0;0;0;0;3;0;3;-23,293087;-51,147698;"SPRF-PR";"DEL07-PR";"UOP01-DEL07-PR"
476148;2022-09-23;"sexta-feira";"10:00:00";"GO";153;700;"ITUMBIARA";"Pedestre cruzava a pista fora da faixa";"Atropelamento de Pedestre";"Com Vítimas Feridas";"Pleno dia";"Crescente";"Céu Claro";"Simples";"Reta";"Sim";3;0;0;2;0;1;2;2;-18,3945;-49,2051;"SPRF-GO";"DEL03-GO";"UOP02-DEL03-GO"
476151;2022-09-23;"sexta-feira";"10:50:00";"BA";135;124,5;"RIACHAO DAS NEVES";"Ultrapassagem Indevida";"Saída de leito carroçável";"Com Vítimas Feridas";"Pleno dia";"Decrescente";"Céu Claro";"Simples";"Reta";"Não";1;0;1;0;0;0;1;1;-11,7562524;-44,90586611;"SPRF-BA";"DEL10-BA";"UOP01-DEL10-BA"
476153;2022-09-23;"sexta-feira";"12:19:00";"SC";101;118,7;"ITAJAI";"Reação tardia ou ineficiente do condutor";"Engavetamento";"Sem Vítimas";"Pleno dia";"Crescente";"Céu Claro";"Simples";"Reta";"Sim";5;0;0;0;5;0;0;3;-26,895859;-48,71903;"SPRF-SC";"DEL04-SC";"UOP04-DEL04-SC"
476157;2022-09-23;"sexta-feira";"13:00:00";"BA";324;512;"FEIRA DE SANTANA";"Reação tardia ou ineficiente do condutor";"Colisão traseira";"Sem Vítimas";"Pleno dia";"Crescente";"Céu Claro";"Simples";"Reta";"Sim";2;0;0;0;2;0;0;2;-12,22584428;-38,96500584;"SPRF-BA";"DEL02-BA";"UOP01-DEL02-BA"
476158;2022-08-22;"segunda-feira";"09:00:00";"MG";381;407;"NOVA UNIAO";"Condutor Dormindo";"Saída de leito carroçável";"Com Vítimas Feridas";"Pleno dia";"Decrescente";"Céu Claro";"Dupla";"Curva";"Não";2;0;1;0;1;0;1;1;-19,75184057;-43,53984833;"SPRF-MG";"DEL01-MG";"UOP01-DEL01-MG"
476159;2022-09-17;"sábado";"15:25:00";"MS";163;763;"COXIM";"Transitar na contramão";"Colisão frontal";"Com Vítimas Fatais";"Pleno dia";"Decrescente";"Céu Claro";"Simples";"Reta";"Não";6;2;1;3;0;0;4;2;-18,23181793;-54,6556115;"SPRF-MS";"DEL06-MS";"UOP01-DEL06-MS"
476161;2022-09-23;"sexta-feira";"12:45:00";"GO";60;387;"RIO VERDE";"Ausência de reação do condutor";"Colisão traseira";"Com Vítimas Feridas";"Pleno dia";"Decrescente";"Céu Claro";"Múltipla";"Declive";"Sim";2;0;0;1;1;0;1;2;-17,8098;-50,9267;"SPRF-GO";"DEL04-GO";"UOP01-DEL04-GO"
476162;2022-09-23;"sexta-feira";"12:45:00";"MT";163;831;"SINOP";"Área urbana sem a presença de local apropriado para a travessia de pedestres";"Colisão traseira";"Com Vítimas Feridas";"Pleno dia";"Decrescente";"Céu Claro";"Dupla";"Retorno Regulamentado";"Sim";5;0;1;0;4;0;1;4;-12,022768;-55,51723;"SPRF-MT";"DEL06-MT";"UOP01-DEL06-MT"
476163;2022-09-23;"sexta-feira";"13:40:00";"BA";324;602;"SIMOES FILHO";"Manobra de mudança de faixa";"Saída de leito carroçável";"Com Vítimas Feridas";"Pleno dia";"Decrescente";"Céu Claro";"Dupla";"Reta";"Não";5;0;2;0;3;0;2;2;-12,76402892;-38,42393483;"SPRF-BA";"DEL01-BA";"UOP01-DEL01-BA"
476164;2022-09-23;"sexta-feira";"04:00:00";"PI";316;316;"PICOS";"Ausência de reação do condutor";"Saída de leito carroçável";"Sem Vítimas";"Pleno dia";"Crescente";"Céu Claro";"Simples";"Reta";"Sim";1;0;0;0;0;1;0;1;-7,08133721;-41,42347604;"SPRF-PI";"DEL04-PI";"UOP01-DEL04-PI"
476165;2022-09-23;"sexta-feira";"13:20:00";"RS";116;657,3;"JAGUARAO";"Desrespeitar a preferência no cruzamento";"Colisão transversal";"Com Vítimas Feridas";"Pleno dia";"Decrescente";"Céu Claro";"Simples";"Interseção de Vias";"Sim";3;0;0;1;2;0;1;2;-32,55333977;-53,38457215;"SPRF-RS";"DEL07-RS";"UOP03-DEL07-RS"
476167;2022-09-23;"sexta-feira";"13:25:00";"SC";101;322,2;"PESCARIA BRAVA";"Trafegar com motocicleta (ou similar) entre as faixas";"Colisão lateral mesmo sentido";"Com Vítimas Feridas";"Pleno dia";"Decrescente";"Céu Claro";"Dupla";"Declive";"Sim";5;0;1;1;3;0;2;3;-28,42531645;-48,89240026;"SPRF-SC";"DEL02-SC";"UOP01-DEL02-SC"
476168;2022-09-23;"sexta-feira";"13:33:00";"PB";230;22,8;"JOAO PESSOA";"Ausência de reação do condutor";"Colisão traseira";"Com Vítimas Feridas";"Pleno dia";"Decrescente";"Céu Claro";"Simples";"Reta";"Não";4;0;2;0;0;2;2;3;-7,15838086;-34,85837214;"SPRF-PB";"DEL01-PB";"UOP01-DEL01-PB"
476170;2022-09-23;"sexta-feira";"08:30:00";"AM";319;778;"CANUTAMA";"Ausência de reação do condutor";"Saída de leito carroçável";"Com Vítimas Feridas";"Pleno dia";"Crescente";"Nublado";"Simples";"Reta";"Não";1;0;1;0;0;0;1;1;-8,29451;-63,941936;"SPRF-RO";"DEL01-RO";"UOP01-DEL01-RO"
476172;2022-09-11;"domingo";"16:45:00";"AC";317;154;"CAPIXABA";"Animais na Pista";"Atropelamento de Animal";"Com Vítimas Feridas";"Pleno dia";"Crescente";"Céu Claro";"Simples";"Reta";"Não";2;0;2;0;0;0;2;1;-10,591671;-67,98208416;"SPRF-AC";"DEL01-AC";"UOP02-DEL01-AC"
476174;2022-09-05;"segunda-feira";"22:20:00";"PB";101;86;"BAYEUX";"Pedestre andava na pista";"Atropelamento de Pedestre";"Com Vítimas Fatais";"Plena Noite";"Crescente";"Chuva";"Dupla";"Reta";"Sim";2;1;0;0;1;0;0;2;-7,1484;-34,9129;"SPRF-PB";"DEL01-PB";"UOP01-DEL01-PB"
476175;2022-09-23;"sexta-feira";"14:00:00";"SC";282;510;"XANXERE";"Velocidade Incompatível";"Colisão lateral mesmo sentido";"Sem Vítimas";"Pleno dia";"Crescente";"Céu Claro";"Simples";"Reta";"Não";5;0;0;0;5;0;0;3;-26,897114;-52,463585;"SPRF-SC";"DEL07-SC";"UOP01-DEL07-SC"
476176;2022-09-23;"sexta-feira";"13:15:00";"PI";343;589;"FLORIANO";"Manobra de mudança de faixa";"Colisão lateral mesmo sentido";"Com Vítimas Feridas";"Pleno dia";"Crescente";"Céu Claro";"Dupla";"Reta";"Sim";2;0;1;0;1;0;1;2;-6,776695;-43,009346;"SPRF-PI";"DEL03-PI";"UOP01-DEL03-PI"
476177;2022-09-23;"sexta-feira";"13:20:00";"MS";163;501,3;"JARAGUARI";"Avarias e/ou desgaste excessivo no pneu";"Tombamento";"Com Vítimas Feridas";"Pleno dia";"Crescente";"Céu Claro";"Simples";"Reta";"Não";1;0;1;0;0;0;1;1;-20,31813699;-54,51434503;"SPRF-MS";"DEL01-MS";"UOP02-DEL01-MS"
476178;2022-09-21;"quarta-feira";"17:35:00";"RJ";101;312;"SAO GONCALO";"Reação tardia ou ineficiente do condutor";"Colisão lateral mesmo sentido";"Com Vítimas Feridas";"Anoitecer";"Crescente";"Nublado";"Dupla";"Reta";"Sim";3;0;1;0;2;0;1;3;-22,80546555;-43,06156967;"SPRF-RJ";"DEL02-RJ";"UOP02-DEL02-RJ"
476180;2022-09-23;"sexta-feira";"08:00:00";"PE";232;253,5;"ARCOVERDE";"Animais na Pista";"Atropelamento de Animal";"Com Vítimas Feridas";"Pleno dia";"Crescente";"Céu Claro";"Simples";"Reta";"Sim";1;0;0;1;0;0;1;1;-8,42522112;-37,07235809;"SPRF-PE";"DEL04-PE";"UOP02-DEL04-PE"
476183;2022-07-21;"quinta-feira";"06:05:00";"ES";262;43,3;"DOMINGOS MARTINS";"Transitar na contramão";"Colisão frontal";"Com Vítimas Feridas";"Pleno dia";"Decrescente";"Céu Claro";"Simples";"Curva;Aclive";"Não";3;0;2;1;0;0;3;2;-20,38396894;-40,66517472;"SPRF-ES";"DEL01-ES";"UOP01-DEL01-ES"
476185;2022-09-23;"sexta-feira";"15:35:00";"SP";116;221;"GUARULHOS";"Reação tardia ou ineficiente do condutor";"Colisão traseira";"Com Vítimas Feridas";"Pleno dia";"Decrescente";"Céu Claro";"Múltipla";"Reta";"Sim";3;0;1;0;2;0;1;2;-23,46802395;-46,50704901;"SPRF-SP";"DEL01-SP";"UOP01-DEL01-SP"
476186;2022-09-23;"sexta-feira";"15:15:00";"RJ";116;280;"BARRA MANSA";"Ultrapassagem Indevida";"Colisão lateral mesmo sentido";"Com Vítimas Feridas";"Pleno dia";"Crescente";"Céu Claro";"Dupla";"Aclive;Reta";"Não";2;0;0;1;1;0;1;2;-22,54134895;-44,19176093;"SPRF-RJ";"DEL07-RJ";"UOP02-DEL07-RJ"
476188;2022-09-23;"sexta-feira";"15:30:00";"SC";282;17,4;"PALHOCA";"Transitar no acostamento";"Colisão transversal";"Com Vítimas Feridas";"Pleno dia";"Decrescente";"Céu Claro";"Simples";"Reta";"Sim";2;0;1;0;1;0;1;2;-27,665707;-48,688065;"SPRF-SC";"DEL01-SC";"UOP02-DEL01-SC"
476189;2022-09-16;"sexta-feira";"11:30:00";"RS";116;262;"CANOAS";"Manobra de mudança de faixa";"Colisão lateral mesmo sentido";"Com Vítimas Feridas";"Pleno dia";"Crescente";"Ignorado";"Dupla";"Reta";"Sim";2;0;1;0;0;1;1;2;-29,88211359;-51,18064642;"SPRF-RS";"DEL01-RS";"UOP01-DEL01-RS"
476194;2022-09-23;"sexta-feira";"16:00:00";"SP";116;145;"SAO JOSE DOS CAMPOS";"Ausência de reação do condutor";"Colisão traseira";"Sem Vítimas";"Pleno dia";"Crescente";"Céu Claro";"Dupla";"Declive";"Sim";2;0;0;0;2;0;0;2;-23,1869844;-45,8548078;"SPRF-SP";"DEL02-SP";"UOP01-DEL02-SP"
476196;2022-09-23;"sexta-feira";"16:20:00";"PR";116;211,3;"RIO NEGRO";"Transitar na contramão";"Colisão frontal";"Com Vítimas Feridas";"Pleno dia";"Decrescente";"Céu Claro";"Simples";"Curva;Interseção de Vias";"Sim";2;0;1;0;1;0;1;2;-26,10573546;-49,7811234;"SPRF-SC";"DEL06-SC";"UOP01-DEL06-SC"
476197;2022-09-23;"sexta-feira";"14:05:00";"MA";135;16;"SAO LUIS";"Condutor deixou de manter distância do veículo da frente";"Colisão traseira";"Com Vítimas Feridas";"Pleno dia";"Crescente";"Céu Claro";"Dupla";"Reta";"Não";2;0;1;0;1;0;1;2;-2,70259;-44,310452;"SPRF-MA";"DEL01-MA";"UOP01-DEL01-MA"
476198;2022-09-09;"sexta-feira";"06:55:00";"PR";158;532;"PATO BRANCO";"Reação tardia ou ineficiente do condutor";"Colisão traseira";"Com Vítimas Feridas";"Pleno dia";"Decrescente";"Nublado";"Simples";"Reta";"Sim";2;0;1;0;1;0;1;2;-26,21099702;-52,6807167;"SPRF-PR";"DEL02-PR";"UOP01-DEL02-PR"
476199;2022-09-23;"sexta-feira";"14:40:00";"GO";153;371,1;"SAO FRANCISCO DE GOIAS";"Condutor deixou de manter distância do veículo da frente";"Colisão traseira";"Com Vítimas Feridas";"Pleno dia";"Decrescente";"Céu Claro";"Simples";"Reta";"Não";8;0;6;0;2;0;6;2;-15,85826655;-49,26272482;"SPRF-GO";"DEL02-GO";"UOP02-DEL02-GO"
476200;2022-09-23;"sexta-feira";"16:15:00";"GO";40;7,1;"VALPARAISO DE GOIAS";"Ausência de reação do condutor";"Saída de leito carroçável";"Sem Vítimas";"Pleno dia";"Decrescente";"Céu Claro";"Dupla";"Reta";"Sim";1;0;0;0;1;0;0;1;-16,108482;-47,972524;"SPRF-DF";"DEL01-DF";"UOP01-DEL01-DF"
476201;2022-01-08;"sábado";"21:20:00";"PR";277;144;"PORTO AMAZONAS";"Velocidade Incompatível";"Colisão frontal";"Com Vítimas Fatais";"Plena Noite";"Crescente";"Céu Claro";"Simples";"Declive;Curva";"Não";4;3;0;0;1;0;0;2;-25,46791629;-49,76882815;"SPRF-PR";"DEL01-PR";"UOP03-DEL03-PR"
476202;2022-09-23;"sexta-feira";"16:15:00";"SC";101;208;"SAO JOSE";"Manobra de mudança de faixa";"Colisão lateral mesmo sentido";"Com Vítimas Feridas";"Pleno dia";"Crescente";"Céu Claro";"Dupla";"Declive";"Sim";2;0;1;0;1;0;1;2;-27,60327979;-48,63201818;"SPRF-SC";"DEL01-SC";"UOP01-DEL01-SC"
476204;2022-09-23;"sexta-feira";"16:15:00";"MG";381;506;"BETIM";"Ultrapassagem Indevida";"Colisão lateral mesmo sentido";"Sem Vítimas";"Pleno dia";"Crescente";"Céu Claro";"Dupla";"Reta";"Não";2;0;0;0;2;0;0;2;-20,05039397;-44,27962502;"SPRF-MG";"DEL01-MG";"UOP03-DEL01-MG"
476205;2022-09-23;"sexta-feira";"16:30:00";"SP";116;275;"EMBU DAS ARTES";"Condutor deixou de manter distância do veículo da frente";"Colisão traseira";"Com Vítimas Feridas";"Anoitecer";"Crescente";"Céu Claro";"Dupla";"Reta";"Sim";5;0;2;0;2;1;2;3;-23,63638826;-46,83251584;"SPRF-SP";"DEL04-SP";"UOP01-DEL04-SP"
476206;2022-09-23;"sexta-feira";"16:40:00";"MG";40;632;"CONSELHEIRO LAFAIETE";"Manobra de mudança de faixa";"Colisão lateral mesmo sentido";"Com Vítimas Feridas";"Pleno dia";"Crescente";"Céu Claro";"Simples";"Interseção de Vias;Curva;Aclive";"Sim";3;0;1;0;2;0;1;2;-20,67348593;-43,7968977;"SPRF-MG";"DEL05-MG";"UOP02-DEL05-MG"
476207;2022-09-23;"sexta-feira";"17:00:00";"MG";50;32;"ARAGUARI";"Ausência de reação do condutor";"Colisão com objeto";"Com Vítimas Feridas";"Pleno dia";"Crescente";"Céu Claro";"Dupla";"Reta";"Não";1;0;1;0;0;0;1;1;-18,63251728;-48,11918755;"SPRF-MG";"DEL15-MG";"UOP02-DEL15-MG"
476210;2022-09-23;"sexta-feira";"12:27:00";"SC";101;320,5;"PESCARIA BRAVA";"Reação tardia ou ineficiente do condutor";"Colisão traseira";"Com Vítimas Feridas";"Pleno dia";"Decrescente";"Céu Claro";"Múltipla";"Reta";"Sim";3;0;2;0;1;0;2;2;-28,42800492;-48,88171497;"SPRF-SC";"DEL02-SC";"UOP01-DEL02-SC"
476214;2022-09-23;"sexta-feira";"16:55:00";"SP";116;112,5;"TAUBATE";"Condutor deixou de manter distância do veículo da frente";"Colisão traseira";"Com Vítimas Feridas";"Pleno dia";"Decrescente";"Sol";"Dupla";"Reta";"Sim";4;0;1;0;3;0;1;4;-23,04159343;-45,57065616;"SPRF-SP";"DEL02-SP";"UOP02-DEL02-SP"
476215;2022-09-14;"quarta-feira";"17:50:00";"PR";116;43;"CAMPINA GRANDE DO SUL";"Acumulo de água sobre o pavimento";"Capotamento";"Com Vítimas Feridas";"Anoitecer";"Crescente";"Chuva";"Simples";"Reta";"Não";5;0;5;0;0;0;5;1;-25,1787285;-48,88010502;"SPRF-PR";"DEL01-PR";"UOP02-DEL01-PR"
476216;2022-09-23;"sexta-feira";"18:00:00";"MG";40;506,1;"RIBEIRAO DAS NEVES";"Acessar a via sem observar a presença dos outros veículos";"Colisão lateral mesmo sentido";"Com Vítimas Feridas";"Anoitecer";"Crescente";"Céu Claro";"Dupla";"Curva";"Sim";2;0;1;0;1;0;1;2;-19,74716686;-44,14731173;"SPRF-MG";"DEL02-MG";"UOP01-DEL02-MG"
476219;2022-09-11;"domingo";"16:45:00";"PR";277;126;"BALSA NOVA";"Reação tardia ou ineficiente do condutor";"Engavetamento";"Sem Vítimas";"Pleno dia";"Decrescente";"Nublado";"Simples";"Reta";"Não";3;0;0;0;3;0;0;3;-25,47;-49,609;"SPRF-PR";"DEL03-PR";"UOP03-DEL03-PR"
476221;2022-09-23;"sexta-feira";"16:10:00";"RJ";40;6;"COMENDADOR LEVY GASPARIAN";"Acessar a via sem observar a presença dos outros veículos";"Atropelamento de Pedestre";"Com Vítimas Feridas";"Pleno dia";"Decrescente";"Sol";"Dupla";"Reta";"Sim";3;0;1;0;2;0;1;2;-22,0261703;-43,23146528;"SPRF-RJ";"DEL05-RJ";"UOP02-DEL05-RJ"
476222;2022-09-23;"sexta-feira";"16:40:00";"MG";459;105;"POUSO ALEGRE";"Condutor deixou de manter distância do veículo da frente";"Colisão lateral mesmo sentido";"Com Vítimas Feridas";"Pleno dia";"Crescente";"Céu Claro";"Dupla";"Reta";"Não";2;0;1;0;0;1;1;2;-22,24050117;-45,8839653;"SPRF-MG";"DEL16-MG";"UOP01-DEL16-MG"
476224;2022-09-23;"sexta-feira";"18:00:00";"SC";101;84,5;"BARRA VELHA";"Ultrapassagem Indevida";"Colisão lateral mesmo sentido";"Com Vítimas Feridas";"Plena Noite";"Crescente";"Nublado";"Dupla";"Reta";"Sim";2;0;1;0;1;0;1;2;-26,62840879;-48,70813584;"SPRF-SC";"DEL03-SC";"UOP02-DEL03-SC"
476226;2022-09-23;"sexta-feira";"18:20:00";"SC";470;89,3;"ASCURRA";"Transitar na contramão";"Colisão frontal";"Com Vítimas Feridas";"Anoitecer";"Decrescente";"Céu Claro";"Simples";"Reta";"Sim";3;0;2;0;1;0;2;3;-26,96447652;-49,36920675;"SPRF-SC";"DEL04-SC";"UOP01-DEL04-SC"
476228;2022-09-23;"sexta-feira";"18:10:00";"RS";158;328;"SANTA MARIA";"Ausência de reação do condutor";"Colisão traseira";"Com Vítimas Feridas";"Anoitecer";"Decrescente";"Céu Claro";"Dupla";"Aclive;Reta";"Sim";2;0;1;0;0;1;1;2;-29,7051358;-53,83079767;"SPRF-RS";"DEL09-RS";"UOP01-DEL09-RS"
476230;2022-09-23;"sexta-feira";"17:40:00";"PR";376;405;"TIBAGI";"Reação tardia ou ineficiente do condutor";"Queda de ocupante de veículo";"Com Vítimas Fatais";"Pleno dia";"Decrescente";"Céu Claro";"Dupla";"Reta;Declive";"Não";2;1;0;0;0;1;0;2;-24,589822;-50,67713141;"SPRF-PR";"DEL03-PR";"UOP02-DEL03-PR"
476231;2022-09-23;"sexta-feira";"12:10:00";"BA";116;180;"CANUDOS";"Condutor Dormindo";"Saída de leito carroçável";"Com Vítimas Feridas";"Pleno dia";"Crescente";"Céu Claro";"Simples";"Reta";"Não";2;0;0;2;0;0;2;1;-10,20953893;-39,09409273;"SPRF-BA";"DEL07-BA";"UOP02-DEL07-BA"
476232;2022-09-23;"sexta-feira";"15:40:00";"SC";282;421,4;"VARGEM BONITA";"Velocidade Incompatível";"Saída de leito carroçável";"Com Vítimas Feridas";"Pleno dia";"Crescente";"Céu Claro";"Simples";"Curva";"Sim";2;0;0;2;0;0;2;1;-27,006414;-51,737789;"SPRF-SC";"DEL07-SC";"UOP05-DEL07-SC"
476233;2022-09-23;"sexta-feira";"17:20:00";"RJ";393;231;"VASSOURAS";"Desrespeitar a preferência no cruzamento";"Colisão transversal";"Com Vítimas Feridas";"Pleno dia";"Crescente";"Céu Claro";"Simples";"Reta";"Sim";3;0;1;0;2;0;1;2;-22,36464204;-43,61055598;"SPRF-RJ";"DEL05-RJ";"UOP03-DEL05-RJ"
476234;2022-09-23;"sexta-feira";"19:00:00";"PR";277;75;"CURITIBA";"Manobra de mudança de faixa";"Colisão lateral mesmo sentido";"Com Vítimas Feridas";"Plena Noite";"Crescente";"Céu Claro";"Dupla";"Reta";"Sim";3;0;2;0;1;0;2;2;-25,49254869;-49,17032003;"SPRF-PR";"DEL01-PR";"UOP01-DEL01-PR"
476235;2022-09-23;"sexta-feira";"12:40:00";"SC";101;292;"IMBITUBA";"Ausência de reação do condutor";"Colisão traseira";"Com Vítimas Feridas";"Pleno dia";"Crescente";"Sol";"Simples";"Interseção de Vias";"Sim";2;0;1;0;1;0;1;2;-28,278057;-48,700386;"SPRF-SC";"DEL02-SC";"UOP03-DEL02-SC"
476236;2022-09-23;"sexta-feira";"18:20:00";"PR";116;123;"CURITIBA";"Manobra de mudança de faixa";"Colisão traseira";"Com Vítimas Feridas";"Plena Noite";"Crescente";"Céu Claro";"Dupla";"Reta";"Não";3;0;2;0;1;0;2;2;-25,61595;-49,317717;"SPRF-PR";"DEL01-PR";"UOP03-DEL01-PR"
476237;2022-02-15;"terça-feira";"19:15:00";"MG";40;42,3;"PARACATU";"Acessar a via sem observar a presença dos outros veículos";"Colisão transversal";"Com Vítimas Feridas";"Plena Noite";"Crescente";"Garoa/Chuvisco";"Simples";"Aclive;Interseção de Vias";"Sim";2;0;1;0;1;0;1;2;-17,2188441;-46,8666753;"SPRF-MG";"DEL14-MG";"UOP01-DEL14-MG"
476239;2022-09-23;"sexta-feira";"19:00:00";"SP";116;147;"SAO JOSE DOS CAMPOS";"Ausência de reação do condutor";"Colisão lateral mesmo sentido";"Com Vítimas Feridas";"Plena Noite";"Decrescente";"Céu Claro";"Dupla";"Reta";"Não";2;0;1;0;1;0;1;2;-23,19542994;-45,87176303;"SPRF-SP";"DEL02-SP";"UOP01-DEL02-SP"
476240;2022-09-23;"sexta-feira";"19:05:00";"RJ";465;20;"NOVA IGUACU";"Transitar na contramão";"Colisão lateral sentido oposto";"Com Vítimas Feridas";"Plena Noite";"Decrescente";"Ignorado";"Simples";"Reta";"Não";2;0;1;0;1;0;1;2;-22,846828;-43,605339;"SPRF-RJ";"DEL03-RJ";"UOP01-DEL03-RJ"
476242;2022-09-23;"sexta-feira";"19:10:00";"MG";381;503,2;"BETIM";"Condutor deixou de manter distância do veículo da frente";"Colisão traseira";"Com Vítimas Feridas";"Plena Noite";"Decrescente";"Céu Claro";"Dupla";"Reta";"Não";4;0;2;0;2;0;2;2;-20,02436;-44,23044;"SPRF-MG";"DEL01-MG";"UOP03-DEL01-MG"
476243;2022-09-23;"sexta-feira";"19:20:00";"MG";381;484,7;"BETIM";"Ausência de reação do condutor";"Tombamento";"Com Vítimas Feridas";"Plena Noite";"Decrescente";"Céu Claro";"Múltipla";"Aclive;Curva";"Sim";1;0;0;1;0;0;1;1;-19,95917;-44,09045;"SPRF-MG";"DEL01-MG";"UOP03-DEL01-MG"
476248;2022-09-23;"sexta-feira";"19:45:00";"MG";40;512;"RIBEIRAO DAS NEVES";"Ausência de reação do condutor";"Colisão traseira";"Com Vítimas Feridas";"Plena Noite";"Decrescente";"Céu Claro";"Dupla";"Declive;Reta";"Sim";2;0;1;0;0;1;1;2;-19,77463885;-44,12321882;"SPRF-MG";"DEL01-MG";"UOP02-DEL01-MG"
476249;2022-09-23;"sexta-feira";"18:30:00";"MT";163;841,9;"SINOP";"Ausência de reação do condutor";"Colisão lateral mesmo sentido";"Com Vítimas Feridas";"Plena Noite";"Crescente";"Garoa/Chuvisco";"Simples";"Reta";"Sim";2;0;1;0;1;0;1;2;-11,92479503;-55,5117839;"SPRF-MT";"DEL06-MT";"NPF/DEL06-MT"
476250;2022-09-23;"sexta-feira";"18:30:00";"MT";163;879;"SINOP";"Ultrapassagem Indevida";"Colisão frontal";"Com Vítimas Fatais";"Anoitecer";"Crescente";"Céu Claro";"Simples";"Reta";"Não";8;3;1;4;0;0;5;2;-11,498894;-55,36441;"SPRF-MT";"DEL06-MT";"NPF/DEL06-MT"
476251;2022-09-23;"sexta-feira";"20:00:00";"GO";414;437;"ANAPOLIS";"Acessar a via sem observar a presença dos outros veículos";"Colisão lateral mesmo sentido";"Com Vítimas Feridas";"Plena Noite";"Crescente";"Céu Claro";"Simples";"Reta";"Sim";2;0;1;0;1;0;1;2;-16,26365299;-48,93824303;"SPRF-GO";"DEL02-GO";"UOP01-DEL02-GO"
476252;2022-09-23;"sexta-feira";"20:10:00";"SE";235;89;"NOSSA SENHORA DO SOCORRO";"Ingestão de álcool pelo condutor";"Queda de ocupante de veículo";"Com Vítimas Feridas";"Plena Noite";"Decrescente";"Céu Claro";"Simples";"Reta";"Não";1;0;0;1;0;0;1;1;-10,88607377;-37,13267326;"SPRF-SE";"DEL01-SE";"UOP02-DEL01-SE"
476253;2022-09-23;"sexta-feira";"16:30:00";"PI";402;65;"LUIS CORREIA";"Condutor deixou de manter distância do veículo da frente";"Colisão transversal";"Sem Vítimas";"Plena Noite";"Crescente";"Céu Claro";"Simples";"Reta";"Não";4;0;0;0;4;0;0;2;-3,09161406;-41,54005005;"SPRF-PI";"DEL05-PI";"UOP01-DEL05-PI"
476254;2022-09-23;"sexta-feira";"15:00:00";"SC";280;84;"CORUPA";"Manobra de mudança de faixa";"Colisão traseira";"Com Vítimas Feridas";"Pleno dia";"Crescente";"Céu Claro";"Simples";"Reta";"Não";2;0;1;0;1;0;1;2;-26,43589072;-49,24351466;"SPRF-SC";"DEL06-SC";"UOP03-DEL06-SC"
476257;2022-09-23;"sexta-feira";"18:45:00";"SC";101;364,1;"SANGAO";"Demais falhas mecânicas ou elétricas";"Incêndio";"Sem Vítimas";"Plena Noite";"Decrescente";"Céu Claro";"Múltipla";"Reta";"Sim";2;0;0;0;2;0;0;1;-28,67821759;-49,13926425;"SPRF-SC";"DEL02-SC";"UOP01-DEL02-SC"
476258;2022-09-23;"sexta-feira";"19:00:00";"RJ";101;66,5;"CAMPOS DOS GOYTACAZES";"Condutor deixou de manter distância do veículo da frente";"Colisão traseira";"Com Vítimas Feridas";"Plena Noite";"Crescente";"Nublado";"Simples";"Reta";"Sim";6;0;2;0;3;1;2;2;-21,76090387;-41,34788959;"SPRF-RJ";"DEL08-RJ";"UOP02-DEL08-RJ"
476259;2022-09-23;"sexta-feira";"18:00:00";"RJ";393;119;"SAPUCAIA";"Demais falhas mecânicas ou elétricas";"Queda de ocupante de veículo";"Com Vítimas Feridas";"Plena Noite";"Crescente";"Céu Claro";"Dupla";"Reta";"Não";2;0;1;0;1;0;1;1;-21,92646988;-42,77880706;"SPRF-RJ";"DEL05-RJ";"UOP01-DEL05-RJ"
476260;2022-09-23;"sexta-feira";"18:30:00";"RO";319;57;"PORTO VELHO";"Conversão proibida";"Colisão traseira";"Com Vítimas Feridas";"Plena Noite";"Decrescente";"Céu Claro";"Simples";"Reta";"Sim";2;0;1;0;1;0;1;2;-8,739714;-63,93214024;"SPRF-RO";"DEL01-RO";"UOP01-DEL01-RO"
476263;2022-09-23;"sexta-feira";"19:30:00";"SE";101;182;"UMBAUBA";"Acessar a via sem observar a presença dos outros veículos";"Colisão transversal";"Com Vítimas Feridas";"Plena Noite";"Crescente";"Céu Claro";"Simples";"Reta";"Sim";2;0;0;1;1;0;1;2;-11,37390377;-37,65552315;"SPRF-SE";"DEL02-SE";"UOP03-DEL02-SE"
476264;2022-09-23;"sexta-feira";"20:00:00";"PE";232;110;"BEZERROS";"Reação tardia ou ineficiente do condutor";"Queda de ocupante de veículo";"Com Vítimas Feridas";"Plena Noite";"Crescente";"Céu Claro";"Dupla";"Curva";"Não";1;0;0;1;0;0;1;1;-8,28634529;-35,81755579;"SPRF-PE";"DEL02-PE";"UOP02-DEL02PE"