"id";"data_inversa";"dia_semana";"horario";"uf";"br";"km";"municipio";"causa_acidente";"tipo_acidente";"classificacao_acidente";"fase_dia";"sentido_via";"condicao_metereologica";"tipo_pista";"tracado_via";"uso_solo";"pessoas";"mortos";"feridos_leves";"feridos_graves";"ilesos";"ignorados";"feridos";"veiculos";"latitude";"longitude";"regional";"delegacia";"uop"
476717;2022-09-25;"domingo";"08:00:00";"CE";116;18,3;"EUSEBIO";"Condutor deixou de manter distância do veículo da frente";"Colisão traseira";"Com Vítimas Feridas";"Pleno dia";"Crescente";"Nublado";"Dupla";"Reta";"Sim";3;0;1;1;1;0;2;2;-3,9125945;-38,50660801;"SPRF-CE";"DEL01-CE";"UOP02-DEL01-CE"
476718;2022-09-25;"domingo";"02:00:00";"RR";401;182;"NORMANDIA";"Ausência de reação do condutor";"Atropelamento de Pedestre";"Com Vítimas Feridas";"Plena Noite";"Crescente";"Céu Claro";"Simples";"Reta";"Não";2;0;0;1;0;1;1;2;3,87277424;-59,65118109;"SPRF-RR";"DEL01-RR";"UOP01-DEL01-RR"
476719;2022-09-25;"domingo";"06:50:00";"RJ";101;332;"RIO DE JANEIRO";"Ausência de reação do condutor";"Colisão traseira";"Com Vítimas Feridas";"Pleno dia";"Decrescente";"Céu Claro";"Dupla";"Reta";"Não";2;0;1;0;1;0;1;2;-22,87133305;-43,20407695;"SPRF-RJ";"DEL02-RJ";"UOP01-DEL02-RJ"
476720;2022-09-25;"domingo";"07:50:00";"SP";116;211;"GUARULHOS";"Reação tardia ou ineficiente do condutor";"Colisão com objeto";"Com Vítimas Feridas";"Pleno dia";"Crescente";"Céu Claro";"Múltipla";"Reta";"Sim";1;0;1;0;0;0;1;1;-23,4324306;-46,4194352;"SPRF-SP";"DEL01-SP";"UOP01-DEL01-SP"
476721;2022-09-25;"domingo";"04:30:00";"MT";174;111;"MIRASSOL DOESTE";"Condutor Dormindo";"Saída de leito carroçável";"Com Vítimas Feridas";"Amanhecer";"Decrescente";"Céu Claro";"Simples";"Reta";"Não";2;0;1;1;0;0;2;1;-15,81464186;-57,96947996;"SPRF-MT";"DEL03-MT";"UOP01-DEL03-MT"
476722;2022-09-25;"domingo";"08:30:00";"MG";40;806;"MATIAS BARBOSA";"Acesso irregular";"Colisão transversal";"Com Vítimas Feridas";"Pleno dia";"Crescente";"Sol";"Dupla";"Declive";"Não";3;0;2;0;1;0;2;2;-21,86659197;-43,361643;"SPRF-MG";"DEL05-MG";"UOP01-DEL05-MG"
476724;2022-09-25;"domingo";"08:40:00";"RS";285;475,6;"CORONEL BARROS";"Conversão proibida";"Colisão transversal";"Com Vítimas Feridas";"Pleno dia";"Crescente";"Céu Claro";"Simples";"Reta";"Sim";6;0;5;0;1;0;5;2;-28,38217588;-54,0620631;"SPRF-RS";"DEL10-RS";"UOP01-DEL10-RS"
476725;2022-09-25;"domingo";"09:10:00";"PB";230;19;"JOAO PESSOA";"Ausência de reação do condutor";"Tombamento";"Com Vítimas Feridas";"Pleno dia";"Decrescente";"Céu Claro";"Dupla";"Curva";"Não";1;0;1;0;0;0;1;1;-7,1281;-34,8466;"SPRF-PB";"DEL01-PB";"UOP01-DEL01-PB"
476726;2022-07-28;"quinta-feira";"05:30:00";"PR";163;167;"LINDOESTE";"Ausência de reação do condutor";"Tombamento";"Com Vítimas Feridas";"Plena Noite";"Decrescente";"Ignorado";"Dupla";"Reta";"Sim";1;0;1;0;0;0;1;1;-25,25628901;-53,57683724;"SPRF-PR";"DEL05-PR";"UOP05-DEL05-PR"
476729;2022-09-21;"quarta-feira";"22:10:00";"ES";101;362;"ANCHIETA";"Ausência de reação do condutor";"Saída de leito carroçável";"Com Vítimas Feridas";"Plena Noite";"Crescente";"Nublado";"Simples";"Curva";"Não";1;0;1;0;0;0;1;1;-20,71645213;-40,7300389;"SPRF-ES";"DEL03-ES";"UOP01-DEL03-ES"
476730;2022-09-25;"domingo";"08:15:00";"SP";116;3;"GUARULHOS";"Ausência de reação do condutor";"Atropelamento de Pedestre";"Com Vítimas Feridas";"Pleno dia";"Crescente";"Céu Claro";"Dupla";"Reta";"Sim";2;0;1;0;1;0;1;2;-23,463257;-46,53373;"SPRF-SP";"DEL01-SP";"UOP01-DEL01-SP"
476731;2022-09-25;"domingo";"08:45:00";"MG";381;3;"BETIM";"Velocidade Incompatível";"Saída de leito carroçável";"Com Vítimas Feridas";"Pleno dia";"Crescente";"Céu Claro";"Dupla";"Curva";"Não";1;0;0;1;0;0;1;1;-19,97999778;-44,16105162;"SPRF-MG";"DEL01-MG";"UOP03-DEL01-MG"
476732;2022-09-25;"domingo";"08:35:00";"MG";262;364;"JUATUBA";"Ausência de reação do condutor";"Saída de leito carroçável";"Com Vítimas Feridas";"Pleno dia";"Crescente";"Céu Claro";"Dupla";"Curva";"Não";1;0;1;0;0;0;1;1;-19,98290644;-44,24492623;"SPRF-MG";"DEL01-MG";"UOP03-DEL01-MG"
476733;2022-09-25;"domingo";"08:50:00";"RJ";116;178,6;"NOVA IGUACU";"Reação tardia ou ineficiente do condutor";"Colisão com objeto";"Com Vítimas Fatais";"Pleno dia";"Decrescente";"Céu Claro";"Múltipla";"Reta";"Sim";1;1;0;0;0;0;0;1;-22,77496393;-43,40081465;"SPRF-RJ";"DEL01-RJ";"UOP02-DEL01-RJ"
476734;2022-09-25;"domingo";"10:00:00";"AP";0;0;"MACAPA";"Deficiência do Sistema de Iluminação/Sinalização";"Colisão lateral mesmo sentido";"Com Vítimas Feridas";"Pleno dia";"Não Informado";"Céu Claro";"Simples";"Reta;Aclive";"Sim";4;0;1;0;3;0;1;2;0,07780012;-51,06097;"SPRF-AP";"DEL01-AP";"UOP01-DEL01-AP"
476735;2022-09-25;"domingo";"06:00:00";"MG";116;366,3;"FREI INOCENCIO";"Acessar a via sem observar a presença dos outros veículos";"Colisão lateral mesmo sentido";"Com Vítimas Fatais";"Pleno dia";"Crescente";"Nublado";"Simples";"Reta";"Não";2;1;0;0;0;1;0;2;-18,50765094;-41,87950721;"SPRF-MG";"DEL11-MG";"UOP01-DEL11-MG"
476736;2022-09-25;"domingo";"03:00:00";"PI";230;254;"OEIRAS";"Animais na Pista";"Atropelamento de Animal";"Sem Vítimas";"Plena Noite";"Crescente";"Nublado";"Simples";"Reta";"Não";1;0;0;0;1;0;0;1;-6,99276149;-42,57903292;"SPRF-PI";"DEL03-PI";"UOP01-DEL03-PI"
476737;2022-09-25;"domingo";"10:20:00";"SC";101;100,5;"BALNEARIO PICARRAS";"Reação tardia ou ineficiente do condutor";"Tombamento";"Com Vítimas Feridas";"Pleno dia";"Decrescente";"Chuva";"Dupla";"Curva";"Sim";2;0;1;0;1;0;1;1;-26,75482787;-48,68993675;"SPRF-SC";"DEL03-SC";"UOP02-DEL03-SC"
476738;2022-09-25;"domingo";"10:25:00";"RS";158;326;"SANTA MARIA";"Ingestão de álcool pelo condutor";"Tombamento";"Com Vítimas Feridas";"Pleno dia";"Decrescente";"Nublado";"Dupla";"Em Obras;Reta;Declive";"Sim";1;0;1;0;0;0;1;1;-29,713367;-53,806833;"SPRF-RS";"DEL09-RS";"UOP01-DEL09-RS"
476739;2022-09-21;"quarta-feira";"23:00:00";"MG";262;423;"IGARATINGA";"Velocidade Incompatível";"Capotamento";"Sem Vítimas";"Plena Noite";"Crescente";"Céu Claro";"Dupla";"Reta";"Não";1;0;0;0;1;0;0;1;-19,88411644;-44,73943306;"SPRF-MG";"DEL08-MG";"UOP03-DEL08-MG"
476740;2022-09-25;"domingo";"08:45:00";"RR";401;6;"CANTA";"Reação tardia ou ineficiente do condutor";"Saída de leito carroçável";"Com Vítimas Feridas";"Pleno dia";"Decrescente";"Céu Claro";"Dupla";"Reta";"Sim";3;0;2;0;1;0;2;1;2,79051846;-60,64300847;"SPRF-RR";"DEL01-RR";"UOP01-DEL01-RR"
476743;2022-09-25;"domingo";"11:00:00";"DF";70;9;"BRASILIA";"Manobra de mudança de faixa";"Colisão lateral mesmo sentido";"Sem Vítimas";"Pleno dia";"Crescente";"Nublado";"Dupla";"Reta";"Não";2;0;0;0;1;1;0;2;-15,784615;-48,132023;"SPRF-DF";"DEL03-DF";"UOP02-DEL03-DF"
476747;2022-09-25;"domingo";"11:00:00";"PR";277;36;"MORRETES";"Reação tardia ou ineficiente do condutor";"Saída de leito carroçável";"Com Vítimas Feridas";"Pleno dia";"Decrescente";"Garoa/Chuvisco";"Dupla";"Curva";"Não";4;0;1;0;3;0;1;1;-25,5585949;-48,80593311;"SPRF-PR";"DEL01-PR";"UOP05-DEL01-PR"
476748;2022-09-25;"domingo";"10:50:00";"RJ";40;35;"AREAL";"Reação tardia ou ineficiente do condutor";"Tombamento";"Com Vítimas Feridas";"Pleno dia";"Decrescente";"Céu Claro";"Dupla";"Declive;Curva";"Não";1;0;1;0;0;0;1;1;-22,20877957;-43,13804875;"SPRF-RJ";"DEL05-RJ";"UOP02-DEL05-RJ"
476749;2022-09-25;"domingo";"08:20:00";"RS";116;155,2;"CAXIAS DO SUL";"Reação tardia ou ineficiente do condutor";"Capotamento";"Sem Vítimas";"Pleno dia";"Crescente";"Céu Claro";"Dupla";"Reta";"Sim";2;0;0;0;2;0;0;1;-29,19873129;-51,17629631;"SPRF-RS";"DEL05-RS";"UOP01-DEL05-RS"
476750;2022-09-25;"domingo";"10:40:00";"PE";101;160;"GAMELEIRA";"Pista Escorregadia";"Capotamento";"Com Vítimas Feridas";"Pleno dia";"Decrescente";"Chuva";"Dupla";"Curva;Aclive";"Não";2;0;2;0;0;0;2;1;-8,55559186;-35,42237611;"SPRF-PE";"DEL01-PE";"UOP03-DEL01-PE"
476751;2022-09-25;"domingo";"12:40:00";"PR";376;618,1;"SAO JOSE DOS PINHAIS";"Reação tardia ou ineficiente do condutor";"Colisão com objeto";"Com Vítimas Feridas";"Pleno dia";"Decrescente";"Chuva";"Dupla";"Curva";"Sim";2;0;2;0;0;0;2;1;-25,59781628;-49,17391956;"SPRF-PR";"DEL01-PR";"UOP04-DEL01-PR"
476753;2022-09-25;"domingo";"12:40:00";"RJ";493;20;"MAGE";"Ausência de reação do condutor";"Saída de leito carroçável";"Com Vítimas Feridas";"Pleno dia";"Crescente";"Nublado";"Simples";"Reta";"Sim";1;0;1;0;0;0;1;1;-22,66364;-43,036495;"SPRF-RJ";"DEL04-RJ";"UOP02-DEL04-RJ"
476754;2022-08-06;"sábado";"12:30:00";"PE";407;125,4;"PETROLINA";"Manobra de mudança de faixa";"Colisão lateral mesmo sentido";"Com Vítimas Feridas";"Pleno dia";"Decrescente";"Céu Claro";"Dupla";"Reta";"Sim";2;0;0;1;0;1;1;2;-9,38102274;-40,53221762;"SPRF-PE";"DEL06-PE";"UOP01-DEL06-PE"
476755;2022-09-25;"domingo";"12:40:00";"AL";316;158;"PALMEIRA DOS INDIOS";"Ingestão de álcool pelo condutor";"Colisão lateral mesmo sentido";"Com Vítimas Feridas";"Pleno dia";"Crescente";"Céu Claro";"Simples";"Interseção de Vias";"Sim";2;0;1;0;1;0;1;2;-9,43334352;-36,61323443;"SPRF-AL";"DEL03-AL";"UOP01-DEL03-AL"
476756;2022-09-25;"domingo";"04:40:00";"SC";282;513,4;"XANXERE";"Ausência de reação do condutor";"Colisão frontal";"Com Vítimas Feridas";"Plena Noite";"Decrescente";"Garoa/Chuvisco";"Simples";"Reta";"Não";4;0;3;1;0;0;4;2;-26,91486;-52,480682;"SPRF-SC";"DEL07-SC";"UOP01-DEL07-SC"
476759;2022-09-25;"domingo";"12:45:00";"PR";369;510,3;"CASCAVEL";"Acessar a via sem observar a presença dos outros veículos";"Colisão transversal";"Com Vítimas Fatais";"Pleno dia";"Decrescente";"Nublado";"Simples";"Interseção de Vias;Reta";"Não";7;1;1;0;5;0;1;2;-24,86293688;-53,33681172;"SPRF-PR";"DEL04-PR";"UOP01-DEL04-PR"
476760;2022-09-25;"domingo";"13:10:00";"RS";470;224;"GARIBALDI";"Reação tardia ou ineficiente do condutor";"Tombamento";"Com Vítimas Feridas";"Pleno dia";"Decrescente";"Nublado";"Simples";"Interseção de Vias;Declive;Curva";"Sim";1;0;1;0;0;0;1;1;-29,235083;-51,51637;"SPRF-RS";"DEL06-RS";"UOP01-DEL06-RS"
476763;2022-09-25;"domingo";"12:44:00";"MG";40;513,2;"RIBEIRAO DAS NEVES";"Condutor deixou de manter distância do veículo da frente";"Engavetamento";"Com Vítimas Feridas";"Pleno dia";"Decrescente";"Céu Claro";"Dupla";"Reta";"Não";8;0;4;0;4;0;4;5;-19,7970544;-44,1080512;"SPRF-MG";"DEL01-MG";"UOP02-DEL01-MG"
476765;2022-09-25;"domingo";"10:00:00";"PR";163;109,1;"CAPANEMA";"Conversão proibida";"Colisão transversal";"Com Vítimas Fatais";"Pleno dia";"Decrescente";"Chuva";"Simples";"Interseção de Vias;Reta";"Sim";6;1;2;3;0;0;5;2;-25,6107186;-53,70691797;"SPRF-PR";"DEL02-PR";"UOP02-DEL02-PR"
476766;2022-09-25;"domingo";"13:50:00";"PR";373;205;"IPIRANGA";"Ultrapassagem Indevida";"Colisão frontal";"Com Vítimas Fatais";"Pleno dia";"Decrescente";"Nublado";"Simples";"Curva";"Não";6;3;0;3;0;0;3;2;-25,12571028;-50,44092536;"SPRF-PR";"DEL03-PR";"UOP01-DEL03-PR"
476768;2022-09-25;"domingo";"15:00:00";"MG";267;41,1;"ARGIRITA";"Velocidade Incompatível";"Saída de leito carroçável";"Com Vítimas Feridas";"Pleno dia";"Crescente";"Céu Claro";"Simples";"Curva";"Não";1;0;0;1;0;0;1;1;-21,68128685;-42,91226426;"SPRF-MG";"DEL07-MG";"UOP01-DEL07-MG"
476769;2022-09-25;"domingo";"14:10:00";"MG";262;380,8;"JUATUBA";"Velocidade Incompatível";"Capotamento";"Com Vítimas Feridas";"Pleno dia";"Crescente";"Nublado";"Dupla";"Reta";"Não";2;0;1;1;0;0;2;1;-19,93518248;-44,43602438;"SPRF-MG";"DEL01-MG";"UOP03-DEL01-MG"
476771;2022-09-25;"domingo";"14:45:00";"RJ";101;403;"ITAGUAI";"Ingestão de álcool pelo condutor";"Saída de leito carroçável";"Com Vítimas Feridas";"Pleno dia";"Crescente";"Nublado";"Dupla";"Reta";"Não";3;0;3;0;0;0;3;1;-22,85924449;-43,79010059;"SPRF-RJ";"DEL03-RJ";"UOP01-DEL03-RJ"
476773;2022-09-25;"domingo";"15:15:00";"SC";470;171,8;"POUSO REDONDO";"Manobra de mudança de faixa";"Colisão frontal";"Com Vítimas Feridas";"Pleno dia";"Crescente";"Chuva";"Simples";"Curva";"Sim";4;0;4;0;0;0;4;2;-27,257526;-49,909592;"SPRF-SC";"DEL04-SC";"UOP02-DEL04-SC"
476776;2022-09-25;"domingo";"14:25:00";"RJ";101;448;"MANGARATIBA";"Velocidade Incompatível";"Saída de leito carroçável";"Com Vítimas Feridas";"Pleno dia";"Crescente";"Nublado";"Simples";"Curva";"Não";2;0;1;0;1;0;1;1;-23,00877098;-44,10488901;"SPRF-RJ";"DEL03-RJ";"UOP02-DEL03-RJ"
476777;2022-09-25;"domingo";"14:34:00";"MS";163;254;"DOURADOS";"Ausência de reação do condutor";"Colisão com objeto";"Com Vítimas Feridas";"Pleno dia";"Decrescente";"Céu Claro";"Dupla";"Reta";"Não";2;0;1;1;0;0;2;1;-22,27184267;-54,81657129;"SPRF-MS";"DEL04-MS";"UOP01-DEL04-MS"
476778;2022-09-25;"domingo";"14:00:00";"RS";287;520;"SAO BORJA";"Ingestão de álcool pelo condutor";"Saída de leito carroçável";"Sem Vítimas";"Pleno dia";"Crescente";"Nublado";"Simples";"Reta";"Não";1;0;0;0;1;0;0;1;-28,72442588;-55,85837293;"SPRF-RS";"DEL12-RS";"UOP01-DEL12-RS"
476779;2022-09-25;"domingo";"14:10:00";"PR";277;724;"FOZ DO IGUACU";"Ingestão de álcool pelo condutor";"Saída de leito carroçável";"Sem Vítimas";"Pleno dia";"Crescente";"Chuva";"Dupla";"Reta";"Sim";1;0;0;0;1;0;0;1;-25,50257577;-54,53868311;"SPRF-PR";"DEL05-PR";"UOP03-DEL05-PR"
476780;2022-09-25;"domingo";"15:40:00";"PR";116;115,7;"CURITIBA";"Ingestão de álcool pelo condutor";"Colisão com objeto";"Sem Vítimas";"Pleno dia";"Crescente";"Garoa/Chuvisco";"Dupla";"Interseção de Vias;Reta";"Sim";2;0;0;0;2;0;0;1;-25,54634508;-49,30372141;"SPRF-PR";"DEL01-PR";"UOP06-DEL01-PR"
476781;2022-09-25;"domingo";"14:30:00";"PR";277;38;"MORRETES";"Avarias e/ou desgaste excessivo no pneu";"Saída de leito carroçável";"Com Vítimas Feridas";"Pleno dia";"Decrescente";"Chuva";"Múltipla";"Curva;Aclive";"Não";2;0;1;0;1;0;1;1;-25,56584471;-48,81116269;"SPRF-PR";"DEL01-PR";"UOP05-DEL01-PR"
476782;2022-09-25;"domingo";"14:30:00";"PR";376;666;"GUARATUBA";"Chuva";"Colisão com objeto";"Com Vítimas Feridas";"Pleno dia";"Crescente";"Chuva";"Simples";"Curva";"Não";3;0;2;0;1;0;2;1;-25,86037408;-48,95087256;"SPRF-PR";"DEL01-PR";"UOP04-DEL01-PR"
476783;2022-09-25;"domingo";"13:10:00";"RO";364;344;"JI-PARANA";"Conversão proibida";"Colisão transversal";"Com Vítimas Feridas";"Pleno dia";"Decrescente";"Céu Claro";"Múltipla";"Interseção de Vias";"Sim";4;0;2;1;0;1;3;3;-10,87376391;-61,95256893;"SPRF-RO";"DEL02-RO";"UOP01-DEL02-RO"
476786;2022-09-25;"domingo";"14:30:00";"MG";116;523;"CARATINGA";"Acessar a via sem observar a presença dos outros veículos";"Colisão transversal";"Com Vítimas Feridas";"Pleno dia";"Decrescente";"Céu Claro";"Simples";"Interseção de Vias";"Sim";3;0;1;1;0;1;2;2;-19,75187896;-42,1326603;"SPRF-MG";"DEL06-MG";"UOP02-DEL06-MG"
476787;2022-09-25;"domingo";"15:37:00";"SC";470;156,7;"TROMBUDO CENTRAL";"Chuva";"Saída de leito carroçável";"Sem Vítimas";"Pleno dia";"Crescente";"Chuva";"Simples";"Curva";"Não";1;0;0;0;1;0;0;1;-27,284967;-49,765123;"SPRF-SC";"DEL04-SC";"UOP02-DEL04-SC"
476788;2022-09-25;"domingo";"16:11:00";"SC";101;41;"JOINVILLE";"Frear bruscamente";"Colisão com objeto";"Com Vítimas Feridas";"Pleno dia";"Crescente";"Chuva";"Dupla";"Reta";"Sim";3;0;1;0;2;0;1;2;-26,28215489;-48,88973081;"SPRF-SC";"DEL03-SC";"UOP01-DEL03-SC"
476789;2022-09-25;"domingo";"15:47:00";"SC";101;41,1;"JOINVILLE";"Avarias e/ou desgaste excessivo no pneu";"Colisão com objeto";"Com Vítimas Feridas";"Pleno dia";"Crescente";"Chuva";"Dupla";"Viaduto";"Sim";3;0;2;0;1;0;2;1;-26,28215489;-48,88973081;"SPRF-SC";"DEL03-SC";"UOP01-DEL03-SC"
476790;2022-09-25;"domingo";"16:00:00";"PR";116;44,5;"CAMPINA GRANDE DO SUL";"Velocidade Incompatível";"Saída de leito carroçável";"Com Vítimas Feridas";"Pleno dia";"Crescente";"Garoa/Chuvisco";"Dupla";"Curva";"Não";1;0;1;0;0;0;1;1;-25,1944956;-48,88943911;"SPRF-PR";"DEL01-PR";"UOP02-DEL01-PR"
476791;2022-09-25;"domingo";"15:30:00";"PR";116;78,7;"PIRAQUARA";"Demais falhas mecânicas ou elétricas";"Incêndio";"Sem Vítimas";"Pleno dia";"Decrescente";"Garoa/Chuvisco";"Dupla";"Reta";"Não";1;0;0;0;1;0;0;1;-25,39030098;-49,05511906;"SPRF-PR";"DEL01-PR";"UOP02-DEL01-PR"
476792;2022-09-25;"domingo";"16:00:00";"RN";101;95;"NATAL";"Acessar a via sem observar a presença dos outros veículos";"Colisão com objeto";"Sem Vítimas";"Pleno dia";"Decrescente";"Céu Claro";"Múltipla";"Reta";"Sim";1;0;0;0;1;0;0;1;-5,84076841;-35,21035949;"SPRF-RN";"DEL01-RN";"UOP01-DEL01-RN"
476793;2022-09-25;"domingo";"15:45:00";"PR";116;111;"CURITIBA";"Condutor deixou de manter distância do veículo da frente";"Colisão traseira";"Com Vítimas Feridas";"Pleno dia";"Crescente";"Nublado";"Dupla";"Reta";"Sim";4;0;2;0;1;1;2;2;-25,56885181;-49,22724597;"SPRF-PR";"DEL01-PR";"UOP06-DEL01-PR"
476794;2022-09-21;"quarta-feira";"21:00:00";"PI";316;11,2;"TERESINA";"Desrespeitar a preferência no cruzamento";"Colisão transversal";"Com Vítimas Feridas";"Plena Noite";"Crescente";"Céu Claro";"Dupla";"Rotatória";"Sim";2;0;1;0;1;0;1;2;-5,191739;-42,76076102;"SPRF-PI";"DEL01-PI";"UOP02-DEL01-PI"
476795;2022-09-25;"domingo";"15:14:00";"SC";282;208;"LAGES";"Ingestão de substâncias psicoativas pelo condutor";"Colisão com objeto";"Sem Vítimas";"Pleno dia";"Crescente";"Chuva";"Simples";"Reta;Aclive";"Não";1;0;0;0;1;0;0;1;-27,775284;-50,211971;"SPRF-SC";"DEL05-SC";"UOP01-DEL05-SC"
476796;2022-09-25;"domingo";"16:20:00";"MG";365;1,6;"MONTES CLAROS";"Ingestão de álcool e/ou substâncias psicoativas pelo pedestre";"Queda de ocupante de veículo";"Com Vítimas Feridas";"Pleno dia";"Crescente";"Céu Claro";"Simples";"Reta";"Não";1;0;1;0;0;0;1;1;-16,716154;-43,863327;"SPRF-MG";"DEL12-MG";"UOP01-DEL12-MG"
476799;2022-09-25;"domingo";"15:25:00";"RO";364;709;"PORTO VELHO";"Acessar a via sem observar a presença dos outros veículos";"Colisão traseira";"Com Vítimas Feridas";"Pleno dia";"Crescente";"Sol";"Dupla";"Retorno Regulamentado";"Sim";3;0;1;0;2;0;1;2;-8,79449018;-63,84253442;"SPRF-RO";"DEL01-RO";"UOP01-DEL01-RO"
476801;2022-09-25;"domingo";"13:37:00";"PR";376;178,2;"MARINGA";"Condutor desrespeitou a iluminação vermelha do semáforo";"Colisão transversal";"Com Vítimas Feridas";"Pleno dia";"Decrescente";"Nublado";"Dupla";"Interseção de Vias";"Sim";3;0;1;0;2;0;1;2;-23,41747144;-51,91806614;"SPRF-PR";"DEL09-PR";"UOP01-DEL09-PR"
476803;2022-09-25;"domingo";"16:20:00";"SP";116;141,8;"SAO JOSE DOS CAMPOS";"Avarias e/ou desgaste excessivo no pneu";"Tombamento";"Com Vítimas Feridas";"Pleno dia";"Crescente";"Céu Claro";"Dupla";"Reta;Declive";"Sim";2;0;1;0;1;0;1;1;-23,17125563;-45,82378149;"SPRF-SP";"DEL02-SP";"UOP01-DEL02-SP"
476804;2022-09-25;"domingo";"17:00:00";"CE";222;3,6;"CAUCAIA";"Condutor deixou de manter distância do veículo da frente";"Colisão lateral mesmo sentido";"Com Vítimas Feridas";"Pleno dia";"Decrescente";"Céu Claro";"Múltipla";"Aclive";"Sim";4;0;2;0;0;2;2;3;-3,7403769;-38,59569202;"SPRF-CE";"DEL01-CE";"UOP01-DEL01-CE"
476805;2022-09-25;"domingo";"15:40:00";"MT";174;486;"COMODORO";"Desrespeitar a preferência no cruzamento";"Colisão transversal";"Sem Vítimas";"Pleno dia";"Crescente";"Céu Claro";"Simples";"Reta";"Sim";4;0;0;0;4;0;0;2;-13,675572;-59,790978;"SPRF-MT";"DEL04-MT";"UOP01-DEL04-MT"
476807;2022-09-25;"domingo";"16:40:00";"SC";282;37,3;"AGUAS MORNAS";"Velocidade Incompatível";"Colisão lateral sentido oposto";"Com Vítimas Feridas";"Pleno dia";"Decrescente";"Chuva";"Simples";"Curva";"Não";4;0;3;0;1;0;3;2;-27,707325;-48,842983;"SPRF-SC";"DEL01-SC";"UOP03-DEL01-SC"
476808;2022-09-25;"domingo";"17:50:00";"PE";232;57;"POMBOS";"Acessar a via sem observar a presença dos outros veículos";"Colisão lateral mesmo sentido";"Com Vítimas Feridas";"Plena Noite";"Crescente";"Céu Claro";"Dupla";"Reta";"Não";3;0;2;0;0;1;2;2;-8,1412132;-35,38181492;"SPRF-PE";"DEL02-PE";"UOP02-DEL02PE"
476810;2022-09-25;"domingo";"16:00:00";"SC";470;122,8;"IBIRAMA";"Pista Escorregadia";"Colisão frontal";"Com Vítimas Feridas";"Pleno dia";"Decrescente";"Chuva";"Simples";"Curva";"Sim";3;0;3;0;0;0;3;2;-27,095861;-49,526859;"SPRF-SC";"DEL04-SC";"UOP02-DEL04-SC"
476811;2022-09-25;"domingo";"17:30:00";"SP";381;46,9;"ATIBAIA";"Ultrapassagem Indevida";"Colisão lateral mesmo sentido";"Com Vítimas Feridas";"Pleno dia";"Crescente";"Céu Claro";"Dupla";"Reta";"Sim";2;0;1;0;1;0;1;2;-23,18904617;-46,58407757;"SPRF-SP";"DEL03-SP";"UOP01-DEL03-SP"
476812;2022-09-25;"domingo";"16:20:00";"GO";452;177;"ITUMBIARA";"Desrespeitar a preferência no cruzamento";"Colisão transversal";"Com Vítimas Feridas";"Pleno dia";"Crescente";"Céu Claro";"Simples";"Reta";"Não";3;0;3;0;0;0;3;2;-18,35924338;-49,3730033;"SPRF-GO";"DEL03-GO";"UOP02-DEL03-GO"
476813;2022-09-25;"domingo";"12:05:00";"SC";116;48;"PAPANDUVA";"Transitar na contramão";"Colisão frontal";"Com Vítimas Feridas";"Pleno dia";"Crescente";"Garoa/Chuvisco";"Simples";"Reta";"Não";5;0;2;0;2;1;2;3;-26,36355729;-50,11956966;"SPRF-SC";"DEL06-SC";"UOP01-DEL06-SC"
476814;2022-09-25;"domingo";"16:45:00";"AL";416;15;"COLONIA LEOPOLDINA";"Transitar na contramão";"Colisão frontal";"Com Vítimas Feridas";"Pleno dia";"Decrescente";"Céu Claro";"Simples";"Reta";"Não";2;0;1;0;1;0;1;2;-8,91326;-35,715965;"SPRF-AL";"DEL01-AL";"UOP02-DEL01-AL"
476816;2022-09-25;"domingo";"15:20:00";"MG";381;481;"BETIM";"Velocidade Incompatível";"Tombamento";"Com Vítimas Feridas";"Pleno dia";"Decrescente";"Nublado";"Dupla";"Reta";"Sim";2;0;2;0;0;0;2;1;-19,95903648;-44,07006975;"SPRF-MG";"DEL01-MG";"UOP03-DEL01-MG"
476818;2022-09-25;"domingo";"17:50:00";"SC";101;333;"TUBARAO";"Acessar a via sem observar a presença dos outros veículos";"Colisão transversal";"Com Vítimas Feridas";"Anoitecer";"Crescente";"Garoa/Chuvisco";"Simples";"Interseção de Vias;Retorno Regulamentado;Viaduto";"Sim";2;0;1;0;0;1;1;2;-28,46630107;-48,99653096;"SPRF-SC";"DEL02-SC";"UOP01-DEL02-SC"
476819;2022-09-25;"domingo";"17:35:00";"PR";476;135;"CURITIBA";"Ingestão de álcool pelo condutor";"Colisão transversal";"Sem Vítimas";"Pleno dia";"Decrescente";"Chuva";"Múltipla";"Interseção de Vias";"Sim";2;0;0;0;2;0;0;2;-25,460718;-49,250488;"SPRF-PR";"DEL01-PR";"UOP03-DEL01-PR"
476820;2022-09-25;"domingo";"18:41:00";"RN";304;8,3;"MOSSORO";"Pedestre cruzava a pista fora da faixa";"Atropelamento de Pedestre";"Com Vítimas Fatais";"Plena Noite";"Crescente";"Céu Claro";"Simples";"Reta";"Não";3;1;0;0;2;0;0;2;-4,94112923;-37,40833037;"SPRF-RN";"DEL04-RN";"UOP02-DEL04-RN"
476821;2022-09-25;"domingo";"17:30:00";"PE";232;48;"VITORIA DE SANTO ANTAO";"Manobra de mudança de faixa";"Colisão lateral mesmo sentido";"Com Vítimas Feridas";"Plena Noite";"Decrescente";"Céu Claro";"Dupla";"Reta";"Não";3;0;0;2;1;0;2;2;-8,141766;-35,305175;"SPRF-PE";"DEL01-PE";"UOP01-DEL01-PE"