"id";"data_inversa";"dia_semana";"horario";"uf";"br";"km";"municipio";"causa_acidente";"tipo_acidente";"classificacao_acidente";"fase_dia";"sentido_via";"condicao_metereologica";"tipo_pista";"tracado_via";"uso_solo";"pessoas";"mortos";"feridos_leves";"feridos_graves";"ilesos";"ignorados";"feridos";"veiculos";"latitude";"longitude";"regional";"delegacia";"uop"
476822;2022-09-25;"domingo";"17:30:00";"PR";163;203;"CASCAVEL";"Objeto estático sobre o leito carroçável";"Colisão com objeto";"Com Vítimas Feridas";"Pleno dia";"Decrescente";"Chuva";"Simples";"Reta";"Não";1;0;1;0;0;0;1;1;-24,97952283;-53,55766296;"SPRF-PR";"DEL05-PR";"UOP05-DEL05-PR"
476823;2022-09-25;"domingo";"19:03:00";"CE";20;310,1;"CANINDE";"Entrada inopinada do pedestre";"Atropelamento de Pedestre";"Com Vítimas Feridas";"Plena Noite";"Crescente";"Céu Claro";"Simples";"Reta";"Não";2;0;1;0;1;0;1;2;-4,33526699;-39,28862702;"SPRF-CE";"DEL02-CE";"UOP01-DEL02-CE"
476825;2022-09-25;"domingo";"19:00:00";"MG";365;21;"UBERLANDIA";"Demais falhas mecânicas ou elétricas";"Tombamento";"Com Vítimas Feridas";"Plena Noite";"Crescente";"Céu Claro";"Simples";"Reta";"Não";1;0;1;0;0;0;1;1;-18,93819395;-48,21790557;"SPRF-MG";"DEL12-MG";"UOP01-DEL12-MG"
476826;2022-09-25;"domingo";"18:53:00";"TO";153;148;"ARAGUAINA";"Acessar a via sem observar a presença dos outros veículos";"Colisão lateral mesmo sentido";"Sem Vítimas";"Plena Noite";"Crescente";"Nublado";"Dupla";"Reta";"Sim";2;0;0;0;2;0;0;2;-7,23023092;-48,25208725;"SPRF-TO";"DEL02-TO";"UOP01-DEL02-TO"
476827;2022-09-25;"domingo";"18:40:00";"MA";222;364;"SANTA INES";"Reação tardia ou ineficiente do condutor";"Queda de ocupante de veículo";"Com Vítimas Feridas";"Plena Noite";"Crescente";"Céu Claro";"Simples";"Rotatória";"Sim";3;0;1;1;1;0;2;1;-3,67592147;-45,39093733;"SPRF-MA";"DEL02-MA";"UOP01-DEL02-MA"
476828;2022-09-25;"domingo";"16:10:00";"MT";174;281;"PONTES E LACERDA";"Ingestão de álcool e/ou substâncias psicoativas pelo pedestre";"Queda de ocupante de veículo";"Com Vítimas Feridas";"Pleno dia";"Decrescente";"Céu Claro";"Simples";"Reta";"Não";2;0;1;0;0;1;1;1;-15,28974853;-59,27750967;"SPRF-MT";"DEL04-MT";"UOP01-DEL04-MT"
476829;2022-09-25;"domingo";"19:10:00";"MG";381;800;"SAO GONCALO DO SAPUCAI";"Ausência de reação do condutor";"Tombamento";"Com Vítimas Feridas";"Anoitecer";"Decrescente";"Céu Claro";"Dupla";"Curva";"Não";1;0;1;0;0;0;1;1;-21,97761923;-45,63996491;"SPRF-MG";"DEL16-MG";"UOP02-DEL16-MG"
476830;2022-09-25;"domingo";"19:30:00";"SC";101;105,2;"PENHA";"Reação tardia ou ineficiente do condutor";"Queda de ocupante de veículo";"Com Vítimas Feridas";"Plena Noite";"Crescente";"Chuva";"Dupla";"Curva";"Não";2;0;1;0;1;0;1;1;-26,80215497;-48,67891041;"SPRF-SC";"DEL03-SC";"UOP02-DEL03-SC"
476833;2022-09-25;"domingo";"18:55:00";"SP";153;1,2;"ICEM";"Transitar na contramão";"Colisão frontal";"Com Vítimas Fatais";"Plena Noite";"Decrescente";"Nublado";"Simples";"Declive";"Não";2;1;0;1;0;0;1;2;-20,31427991;-49,20946944;"SPRF-SP";"DEL09-SP";"UOP01-DEL09-SP"
476834;2022-09-25;"domingo";"18:30:00";"PR";369;56;"BANDEIRANTES";"Ultrapassagem Indevida";"Colisão lateral mesmo sentido";"Com Vítimas Feridas";"Plena Noite";"Crescente";"Nublado";"Dupla";"Reta";"Sim";3;0;1;0;2;0;1;2;-23,11148013;-50,37335515;"SPRF-PR";"DEL07-PR";"UOP01-DEL07-PR"
476836;2022-09-25;"domingo";"18:20:00";"RS";116;143;"CAXIAS DO SUL";"Reação tardia ou ineficiente do condutor";"Colisão traseira";"Sem Vítimas";"Anoitecer";"Crescente";"Garoa/Chuvisco";"Dupla";"Reta";"Sim";3;0;0;0;3;0;0;2;-29,1201739;-51,12260651;"SPRF-RS";"DEL05-RS";"UOP01-DEL05-RS"
476837;2022-09-25;"domingo";"19:54:00";"TO";153;758;"ALVORADA";"Reação tardia ou ineficiente do condutor";"Queda de ocupante de veículo";"Com Vítimas Feridas";"Plena Noite";"Crescente";"Céu Claro";"Simples";"Reta";"Não";1;0;1;0;0;0;1;1;-12,45418101;-49,11937505;"SPRF-TO";"DEL01-TO";"UOP02-DEL01-TO"
476838;2022-09-25;"domingo";"16:30:00";"SC";282;48;"AGUAS MORNAS";"Ingestão de álcool pelo condutor";"Colisão frontal";"Com Vítimas Feridas";"Pleno dia";"Decrescente";"Chuva";"Simples";"Curva";"Não";6;0;4;1;1;0;5;2;-27,714352;-48,938072;"SPRF-SC";"DEL01-SC";"UOP03-DEL01-SC"
476839;2022-09-25;"domingo";"19:40:00";"PR";476;140,5;"CURITIBA";"Ingestão de álcool e/ou substâncias psicoativas pelo pedestre";"Atropelamento de Pedestre";"Com Vítimas Feridas";"Plena Noite";"Decrescente";"Chuva";"Múltipla";"Reta";"Sim";3;0;1;0;2;0;1;2;-25,52367677;-49,2957527;"SPRF-PR";"DEL01-PR";"UOP03-DEL01-PR"
476840;2022-09-25;"domingo";"18:25:00";"PB";104;112,8;"LAGOA SECA";"Ingestão de álcool pelo condutor";"Colisão lateral mesmo sentido";"Sem Vítimas";"Plena Noite";"Crescente";"Céu Claro";"Simples";"Reta";"Sim";3;0;0;0;3;0;0;3;-7,150847;-35,853311;"SPRF-PB";"DEL02-PB";"UOP04-DEL02-PB"
476841;2022-09-25;"domingo";"12:30:00";"RJ";116;239;"PIRAI";"Ausência de reação do condutor";"Queda de ocupante de veículo";"Com Vítimas Feridas";"Pleno dia";"Crescente";"Céu Claro";"Dupla";"Reta";"Não";1;0;1;0;0;0;1;1;-22,65832258;-43,88969593;"SPRF-RJ";"DEL07-RJ";"UOP01-DEL07-RJ"
476843;2022-09-25;"domingo";"19:30:00";"RJ";40;34,9;"AREAL";"Demais falhas mecânicas ou elétricas";"Incêndio";"Sem Vítimas";"Plena Noite";"Decrescente";"Céu Claro";"Dupla";"Curva";"Não";1;0;0;0;0;1;0;1;-22,20122568;-43,14116761;"SPRF-RJ";"DEL05-RJ";"UOP02-DEL05-RJ"
476844;2022-09-25;"domingo";"18:30:00";"RJ";493;10;"GUAPIMIRIM";"Ausência de reação do condutor";"Colisão lateral sentido oposto";"Sem Vítimas";"Plena Noite";"Decrescente";"Céu Claro";"Simples";"Reta";"Não";3;0;0;0;3;0;0;3;-22,69541193;-42,95667763;"SPRF-RJ";"DEL04-RJ";"UOP02-DEL04-RJ"
476845;2022-09-25;"domingo";"20:15:00";"PE";232;179,3;"BELO JARDIM";"Ingestão de álcool pelo condutor";"Tombamento";"Com Vítimas Feridas";"Plena Noite";"Crescente";"Céu Claro";"Simples";"Reta";"Não";1;0;1;0;0;0;1;1;-8,343357;-36,423376;"SPRF-PE";"DEL03-PE";"UOP02-DEL03-PE"
476846;2022-09-25;"domingo";"20:05:00";"PR";476;159,5;"ARAUCARIA";"Ingestão de álcool pelo condutor";"Colisão frontal";"Com Vítimas Feridas";"Plena Noite";"Crescente";"Chuva";"Simples";"Reta";"Sim";4;0;1;2;1;0;3;2;-25,619013;-49,440125;"SPRF-PR";"DEL01-PR";"UOP03-DEL01-PR"
476847;2022-09-25;"domingo";"19:05:00";"BA";116;5,3;"ABARE";"Demais falhas mecânicas ou elétricas";"Incêndio";"Sem Vítimas";"Plena Noite";"Crescente";"Céu Claro";"Simples";"Reta";"Não";2;0;0;0;2;0;0;1;-8,65917098;-39,26584886;"SPRF-PE";"DEL05-PE";"UOP03-DEL05-PE"
476848;2022-09-25;"domingo";"20:10:00";"SP";381;46;"ATIBAIA";"Ausência de reação do condutor";"Colisão traseira";"Com Vítimas Feridas";"Plena Noite";"Crescente";"Céu Claro";"Dupla";"Reta";"Não";3;0;1;1;0;1;2;2;-23,180897;-46,580777;"SPRF-SP";"DEL03-SP";"UOP01-DEL03-SP"
476849;2022-09-25;"domingo";"20:50:00";"MG";381;433,5;"SABARA";"Ausência de reação do condutor";"Colisão frontal";"Com Vítimas Feridas";"Plena Noite";"Crescente";"Céu Claro";"Simples";"Curva";"Não";5;0;4;0;1;0;4;3;-19,78633026;-43,71614456;"SPRF-MG";"DEL01-MG";"UOP01-DEL01-MG"
476850;2022-09-25;"domingo";"18:12:00";"PB";230;7;"CABEDELO";"Ingestão de álcool pelo condutor";"Saída de leito carroçável";"Sem Vítimas";"Plena Noite";"Crescente";"Céu Claro";"Dupla";"Reta";"Sim";1;0;0;0;1;0;0;1;-7,026;-34,8385;"SPRF-PB";"DEL01-PB";"UOP01-DEL01-PB"
476854;2022-09-25;"domingo";"19:30:00";"GO";70;450;"ARAGARCAS";"Condutor deixou de manter distância do veículo da frente";"Colisão traseira";"Com Vítimas Feridas";"Plena Noite";"Crescente";"Céu Claro";"Simples";"Reta";"Não";2;0;1;0;1;0;1;2;-15,91048927;-52,10678101;"SPRF-GO";"DEL04-GO";"UOP01-DEL04-GO"
476855;2022-09-25;"domingo";"19:30:00";"SP";116;230;"GUARULHOS";"Ausência de reação do condutor";"Atropelamento de Pedestre";"Com Vítimas Feridas";"Plena Noite";"Decrescente";"Céu Claro";"Múltipla";"Reta";"Sim";2;0;0;1;0;1;1;2;-23,52251783;-46,5855702;"SPRF-SP";"DEL01-SP";"UOP01-DEL01-SP"
476856;2022-09-25;"domingo";"14:20:00";"SC";101;411;"ARARANGUA";"Ingestão de álcool pelo condutor";"Colisão frontal";"Com Vítimas Feridas";"Pleno dia";"Decrescente";"Nublado";"Simples";"Reta";"Sim";4;0;3;0;0;1;3;3;-28,93112097;-49,4940421;"SPRF-SC";"DEL02-SC";"UOP02-DEL02-SC"
476857;2022-09-25;"domingo";"19:20:00";"SC";163;77;"SAO MIGUEL DO OESTE";"Ingestão de álcool pelo condutor";"Saída de leito carroçável";"Com Vítimas Feridas";"Plena Noite";"Decrescente";"Garoa/Chuvisco";"Simples";"Declive";"Não";2;0;1;1;0;0;2;1;-26,67615498;-53,51669997;"SPRF-SC";"DEL07-SC";"UOP03-DEL07-SC"
476858;2022-09-25;"domingo";"19:00:00";"BA";101;816,4;"ITAMARAJU";"Chuva";"Saída de leito carroçável";"Com Vítimas Feridas";"Plena Noite";"Crescente";"Chuva";"Simples";"Declive";"Não";1;0;1;0;0;0;1;1;-17,086197;-39,571142;"SPRF-BA";"DEL09-BA";"UOP02-DEL09-BA"
476859;2022-09-25;"domingo";"19:10:00";"MS";463;91;"PONTA PORA";"Pista Escorregadia";"Saída de leito carroçável";"Com Vítimas Feridas";"Plena Noite";"Crescente";"Chuva";"Simples";"Curva";"Não";1;0;1;0;0;0;1;1;-22,597691;-55,538864;"SPRF-MS";"DEL04-MS";"UOP03-DEL04-MS"
476860;2022-09-25;"domingo";"20:45:00";"SP";116;33,5;"CRUZEIRO";"Reação tardia ou ineficiente do condutor";"Saída de leito carroçável";"Sem Vítimas";"Plena Noite";"Crescente";"Céu Claro";"Simples";"Rotatória";"Não";1;0;0;0;1;0;0;1;-22,64775685;-44,95420606;"SPRF-SP";"DEL08-SP";"UOP02-DEL08-SP"
476861;2022-09-25;"domingo";"20:50:00";"PR";277;247;"IRATI";"Pedestre andava na pista";"Atropelamento de Pedestre";"Com Vítimas Feridas";"Plena Noite";"Decrescente";"Chuva";"Simples";"Curva";"Não";4;0;0;1;3;0;1;2;-25,44149;-50,69438;"SPRF-PR";"DEL08-PR";"UOP02-DEL08-PR"
476862;2022-09-25;"domingo";"19:40:00";"PR";277;602,5;"CASCAVEL";"Velocidade Incompatível";"Saída de leito carroçável";"Com Vítimas Feridas";"Plena Noite";"Decrescente";"Chuva";"Dupla";"Curva;Declive";"Não";2;0;1;0;1;0;1;1;-25,00282;-53,523851;"SPRF-PR";"DEL04-PR";"UOP01-DEL04-PR"
476863;2022-09-25;"domingo";"08:00:00";"AL";101;54;"FLEXEIRAS";"Demais falhas na via";"Colisão lateral mesmo sentido";"Sem Vítimas";"Pleno dia";"Crescente";"Céu Claro";"Dupla";"Reta";"Não";2;0;0;0;2;0;0;2;-9,25462415;-35,77287179;"SPRF-AL";"DEL01-AL";"UOP02-DEL01-AL"
476864;2022-09-25;"domingo";"20:10:00";"MS";267;476,9;"GUIA LOPES DA LAGUNA";"Ausência de reação do condutor";"Colisão com objeto";"Com Vítimas Feridas";"Plena Noite";"Decrescente";"Nublado";"Dupla";"Reta";"Sim";1;0;1;0;0;0;1;1;-21,4533;-56,1118;"SPRF-MS";"DEL05-MS";"UOP01-DEL05-MS"
476865;2022-09-25;"domingo";"21:10:00";"SP";381;36,8;"ATIBAIA";"Condutor deixou de manter distância do veículo da frente";"Colisão traseira";"Com Vítimas Feridas";"Plena Noite";"Crescente";"Céu Claro";"Dupla";"Declive;Reta";"Sim";7;0;3;2;1;1;5;3;-23,09707232;-46,57180706;"SPRF-SP";"DEL03-SP";"UOP01-DEL03-SP"
476869;2022-09-25;"domingo";"18:20:00";"RO";364;544;"ALTO PARAISO";"Condutor deixou de manter distância do veículo da frente";"Colisão traseira";"Com Vítimas Feridas";"Anoitecer";"Decrescente";"Céu Claro";"Simples";"Reta";"Não";3;0;1;0;2;0;1;2;-9,69258495;-63,10766741;"SPRF-RO";"DEL03-RO";"UOP01-DEL03-RO"
476870;2022-09-25;"domingo";"09:00:00";"RJ";116;221;"PIRAI";"Velocidade Incompatível";"Queda de ocupante de veículo";"Com Vítimas Feridas";"Pleno dia";"Crescente";"Sol";"Dupla";"Curva";"Não";2;0;2;0;0;0;2;1;-22,6931486;-43,78279481;"SPRF-RJ";"DEL07-RJ";"UOP01-DEL07-RJ"
476871;2022-09-25;"domingo";"22:10:00";"RS";386;226,5;"SOLEDADE";"Condutor deixou de manter distância do veículo da frente";"Colisão traseira";"Com Vítimas Feridas";"Plena Noite";"Decrescente";"Céu Claro";"Simples";"Reta";"Não";2;0;2;0;0;0;2;1;-28,68041;-52,600636;"SPRF-RS";"DEL04-RS";"UOP03-DEL04-RS"
476873;2022-09-25;"domingo";"20:30:00";"RS";153;573;"BAGE";"Velocidade Incompatível";"Saída de leito carroçável";"Sem Vítimas";"Plena Noite";"Decrescente";"Céu Claro";"Simples";"Curva";"Não";1;0;0;0;1;0;0;1;-31,01710818;-53,66078571;"SPRF-RS";"DEL11-RS";"UOP03-DEL11-RS"
476874;2022-09-25;"domingo";"22:05:00";"SP";116;157;"SAO JOSE DOS CAMPOS";"Deficiência do Sistema de Iluminação/Sinalização";"Colisão traseira";"Com Vítimas Feridas";"Plena Noite";"Crescente";"Nublado";"Dupla";"Reta";"Sim";2;0;1;0;1;0;1;2;-23,25558031;-45,9437828;"SPRF-SP";"DEL02-SP";"UOP01-DEL02-SP"
476875;2022-09-25;"domingo";"22:40:00";"SC";101;139;"BALNEARIO CAMBORIU";"Velocidade Incompatível";"Colisão com objeto";"Com Vítimas Feridas";"Plena Noite";"Decrescente";"Chuva";"Múltipla";"Curva";"Sim";4;0;2;0;2;0;2;2;-27,02982303;-48,60115006;"SPRF-SC";"DEL04-SC";"UOP03-DEL04-SC"
476876;2022-09-25;"domingo";"19:00:00";"PR";277;338;"GUARAPUAVA";"Ausência de reação do condutor";"Colisão traseira";"Sem Vítimas";"Plena Noite";"Crescente";"Chuva";"Dupla";"Reta";"Não";2;0;0;0;2;0;0;2;-25,35029389;-51,37783491;"SPRF-PR";"DEL08-PR";"UOP01-DEL08-PR"
476877;2022-09-25;"domingo";"22:40:00";"SC";101;207;"SAO JOSE";"Acessar a via sem observar a presença dos outros veículos";"Colisão transversal";"Com Vítimas Feridas";"Plena Noite";"Crescente";"Chuva";"Simples";"Reta";"Sim";3;0;1;1;1;0;2;2;-27,58550628;-48,62124355;"SPRF-SC";"DEL01-SC";"UOP01-DEL01-SC"
476878;2022-09-25;"domingo";"20:00:00";"PR";272;410;"JANIOPOLIS";"Ingestão de álcool pelo condutor";"Colisão lateral sentido oposto";"Sem Vítimas";"Plena Noite";"Crescente";"Nublado";"Simples";"Reta";"Não";2;0;0;0;2;0;0;2;-24,13441992;-52,77883002;"SPRF-PR";"DEL09-PR";"UOP03-DEL09-PR"
476880;2022-09-25;"domingo";"21:00:00";"PR";272;391,2;"FAROL";"Transitar na contramão";"Colisão frontal";"Com Vítimas Fatais";"Plena Noite";"Crescente";"Nublado";"Simples";"Reta";"Não";3;1;0;2;0;0;2;2;-24,086574;-52,617577;"SPRF-PR";"DEL09-PR";"UOP03-DEL09-PR"
476881;2022-09-25;"domingo";"23:20:00";"RJ";116;292;"BARRA MANSA";"Ausência de reação do condutor";"Colisão traseira";"Com Vítimas Feridas";"Plena Noite";"Decrescente";"Nublado";"Dupla";"Reta";"Não";1;0;0;1;0;0;1;1;-22,47234102;-44,27715902;"SPRF-RJ";"DEL07-RJ";"UOP02-DEL07-RJ"
476882;2022-09-25;"domingo";"22:10:00";"PE";104;67;"CARUARU";"Ausência de reação do condutor";"Atropelamento de Pedestre";"Com Vítimas Feridas";"Plena Noite";"Decrescente";"Céu Claro";"Dupla";"Declive";"Sim";2;0;1;0;1;0;1;2;-8,3016;-35,9882;"SPRF-PE";"DEL02-PE";"UOP01-DEL02-PE"
476884;2022-09-25;"domingo";"19:30:00";"BA";242;386;"PALMEIRAS";"Acessar a via sem observar a presença dos outros veículos";"Colisão lateral sentido oposto";"Sem Vítimas";"Plena Noite";"Crescente";"Céu Claro";"Simples";"Curva";"Não";4;0;0;0;2;2;0;2;-12,44497741;-41,57168204;"SPRF-BA";"DEL06-BA";"UOP01-DEL06-BA"
476885;2022-09-25;"domingo";"19:40:00";"PI";316;209,4;"VALENCA DO PIAUI";"Transitar na contramão";"Colisão lateral sentido oposto";"Com Vítimas Fatais";"Plena Noite";"Crescente";"Céu Claro";"Simples";"Curva";"Não";5;1;0;0;4;0;0;2;-6,37832412;-41,7689261;"SPRF-PI";"DEL04-PI";"UOP02-DEL04-PI"
476887;2022-09-26;"segunda-feira";"00:09:00";"TO";242;367,3;"GURUPI";"Condutor deixou de manter distância do veículo da frente";"Colisão traseira";"Com Vítimas Feridas";"Plena Noite";"Crescente";"Nublado";"Simples";"Reta";"Não";4;0;1;0;3;0;1;2;-11,79096983;-48,97402368;"SPRF-TO";"DEL01-TO";"UOP02-DEL01-TO"
476888;2022-09-25;"domingo";"22:30:00";"PR";376;404;"TIBAGI";"Acumulo de água sobre o pavimento";"Colisão com objeto";"Com Vítimas Feridas";"Plena Noite";"Crescente";"Chuva";"Dupla";"Declive";"Não";3;0;1;0;2;0;1;1;-24,573495;-50,684735;"SPRF-PR";"DEL03-PR";"UOP02-DEL03-PR"
476889;2022-09-25;"domingo";"23:40:00";"CE";116;4;"FORTALEZA";"Ausência de reação do condutor";"Colisão traseira";"Sem Vítimas";"Plena Noite";"Crescente";"Céu Claro";"Múltipla";"Reta";"Sim";2;0;0;0;2;0;0;2;-3,7867209;-38,5114568;"SPRF-CE";"DEL01-CE";"UOP02-DEL01-CE"
476891;2022-09-26;"segunda-feira";"00:40:00";"DF";70;3;"BRASILIA";"Pedestre cruzava a pista fora da faixa";"Atropelamento de Pedestre";"Com Vítimas Fatais";"Plena Noite";"Decrescente";"Céu Claro";"Dupla";"Reta";"Sim";2;1;0;0;0;1;0;2;-15,802453;-48,080387;"SPRF-DF";"DEL03-DF";"UOP02-DEL03-DF"
476893;2022-09-25;"domingo";"22:10:00";"RS";293;249;"DOM PEDRITO";"Animais na Pista";"Atropelamento de Animal";"Com Vítimas Feridas";"Plena Noite";"Crescente";"Nublado";"Simples";"Reta";"Não";2;0;1;1;0;0;2;1;-30,97348605;-54,65115603;"SPRF-RS";"DEL11-RS";"UOP03-DEL11-RS"
476894;2022-09-26;"segunda-feira";"00:50:00";"SC";470;172,9;"POUSO REDONDO";"Condutor Dormindo";"Colisão lateral sentido oposto";"Com Vítimas Feridas";"Plena Noite";"Crescente";"Garoa/Chuvisco";"Simples";"Reta";"Sim";2;0;1;0;1;0;1;2;-27,259867;-49,919886;"SPRF-SC";"DEL04-SC";"UOP02-DEL04-SC"
476895;2022-09-26;"segunda-feira";"01:00:00";"ES";262;67;"MARECHAL FLORIANO";"Velocidade Incompatível";"Capotamento";"Com Vítimas Feridas";"Plena Noite";"Crescente";"Chuva";"Simples";"Curva";"Não";4;0;2;0;2;0;2;1;-20,41413461;-40,84117366;"SPRF-ES";"DEL01-ES";"UOP02-DEL01-ES"
476896;2022-09-25;"domingo";"22:40:00";"MA";316;350;"BACABAL";"Ingestão de álcool pelo condutor";"Colisão transversal";"Com Vítimas Fatais";"Plena Noite";"Decrescente";"Céu Claro";"Simples";"Reta";"Não";2;1;0;0;1;0;0;2;-4,23255;-44,878704;"SPRF-MA";"DEL02-MA";"UOP01-DEL02-MA"
476897;2022-09-26;"segunda-feira";"01:20:00";"PR";116;9,2;"CAMPINA GRANDE DO SUL";"Reação tardia ou ineficiente do condutor";"Colisão com objeto";"Com Vítimas Feridas";"Plena Noite";"Crescente";"Chuva";"Simples";"Curva";"Não";4;0;2;0;2;0;2;1;-25,08299476;-48,63814831;"SPRF-PR";"DEL01-PR";"UOP02-DEL01-PR"
476898;2022-09-25;"domingo";"18:30:00";"CE";222;326,1;"TIANGUA";"Reação tardia ou ineficiente do condutor";"Colisão traseira";"Com Vítimas Fatais";"Plena Noite";"Decrescente";"Céu Claro";"Simples";"Reta";"Não";5;1;2;1;1;0;3;2;-3,80431029;-41,07902378;"SPRF-CE";"DEL04-CE";"UOP02-DEL04-CE"
476899;2022-09-26;"segunda-feira";"01:20:00";"MG";40;411,3;"CURVELO";"Condutor Dormindo";"Colisão traseira";"Sem Vítimas";"Plena Noite";"Decrescente";"Céu Claro";"Simples";"Reta";"Não";4;0;0;0;4;0;0;2;-19,12589;-44,63348;"SPRF-MG";"DEL02-MG";"UOP01-DEL02-MG"
476900;2022-09-25;"domingo";"23:40:00";"SC";282;307,8;"VARGEM";"Pista Escorregadia";"Saída de leito carroçável";"Com Vítimas Feridas";"Plena Noite";"Crescente";"Nublado";"Simples";"Declive;Curva";"Não";1;0;1;0;0;0;1;1;-27,495266;-50,962605;"SPRF-SC";"DEL07-SC";"UOP06-DEL07-SC"
476901;2022-09-26;"segunda-feira";"02:30:00";"PI";316;5;"TERESINA";"Condutor desrespeitou a iluminação vermelha do semáforo";"Colisão transversal";"Com Vítimas Feridas";"Plena Noite";"Crescente";"Céu Claro";"Dupla";"Interseção de Vias";"Sim";4;0;3;0;0;1;3;3;-5,13655894;-42,78900388;"SPRF-PI";"DEL01-PI";"UOP02-DEL01-PI"
476902;2022-09-26;"segunda-feira";"03:05:00";"PR";116;29,4;"CAMPINA GRANDE DO SUL";"Pista Escorregadia";"Colisão com objeto";"Com Vítimas Feridas";"Plena Noite";"Decrescente";"Chuva";"Dupla";"Curva";"Sim";2;0;1;0;1;0;1;1;-25,10057871;-48,81128876;"SPRF-PR";"DEL01-PR";"UOP02-DEL01-PR"
476903;2022-09-26;"segunda-feira";"02:45:00";"RJ";101;306;"SAO GONCALO";"Ausência de reação do condutor";"Capotamento";"Sem Vítimas";"Plena Noite";"Crescente";"Céu Claro";"Dupla";"Reta";"Sim";1;0;0;0;1;0;0;1;-22,78913759;-43,00550909;"SPRF-RJ";"DEL02-RJ";"UOP02-DEL02-RJ"
476905;2022-09-26;"segunda-feira";"01:30:00";"MG";267;10,4;"LEOPOLDINA";"Ingestão de álcool pelo condutor";"Saída de leito carroçável";"Com Vítimas Feridas";"Plena Noite";"Decrescente";"Céu Claro";"Simples";"Reta";"Não";3;0;1;2;0;0;3;1;-21,56689881;-42,70017394;"SPRF-MG";"DEL07-MG";"UOP01-DEL07-MG"
476906;2022-09-25;"domingo";"21:15:00";"PA";230;122;"MARABA";"Condutor desrespeitou a iluminação vermelha do semáforo";"Colisão transversal";"Com Vítimas Feridas";"Plena Noite";"Decrescente";"Céu Claro";"Dupla";"Reta";"Sim";6;0;2;0;4;0;2;2;-5,36137537;-49,12376139;"SPRF-PA";"DEL03-PA";"UOP01-DEL03-PA"
476908;2022-09-25;"domingo";"20:35:00";"BA";324;620;"SALVADOR";"Ingestão de álcool pelo condutor";"Colisão com objeto";"Sem Vítimas";"Plena Noite";"Decrescente";"Céu Claro";"Dupla";"Reta";"Sim";1;0;0;0;1;0;0;1;-12,90482172;-38,45556535;"SPRF-BA";"DEL01-BA";"UOP01-DEL01-BA"
476911;2022-09-25;"domingo";"23:10:00";"PA";316;54;"CASTANHAL";"Acessar a via sem observar a presença dos outros veículos";"Colisão transversal";"Com Vítimas Feridas";"Plena Noite";"Crescente";"Céu Claro";"Dupla";"Reta";"Não";2;0;2;0;0;0;2;2;-1,30608532;-48,00803597;"SPRF-PA";"DEL01-PA";"UOP01-DEL01-PA"
476914;2022-09-25;"domingo";"20:06:00";"MS";262;488;"ANASTACIO";"Demais falhas mecânicas ou elétricas";"Incêndio";"Sem Vítimas";"Plena Noite";"Crescente";"Céu Claro";"Simples";"Reta";"Sim";1;0;0;0;1;0;0;1;-20,50029059;-55,79656096;"SPRF-MS";"DEL03-MS";"UOP01-DEL03-MS"
476915;2022-09-26;"segunda-feira";"00:40:00";"MG";262;829;"UBERABA";"Ausência de reação do condutor";"Saída de leito carroçável";"Sem Vítimas";"Plena Noite";"Decrescente";"Céu Claro";"Dupla";"Reta";"Não";2;0;0;0;2;0;0;1;-19,74361573;-48,19142596;"SPRF-MG";"DEL13-MG";"UOP01-DEL13-MG"
476916;2022-09-25;"domingo";"19:15:00";"RS";285;604;"SANTO ANTONIO DAS MISSOES";"Transitar na contramão";"Colisão frontal";"Com Vítimas Feridas";"Plena Noite";"Decrescente";"Céu Claro";"Simples";"Reta";"Sim";4;0;2;2;0;0;4;2;-28,493431;-55,324024;"SPRF-RS";"DEL12-RS";"UOP01-DEL12-RS"
476917;2022-09-26;"segunda-feira";"05:20:00";"SC";282;5,3;"SAO JOSE";"Demais falhas mecânicas ou elétricas";"Eventos atípicos";"Com Vítimas Feridas";"Plena Noite";"Crescente";"Nublado";"Dupla";"Curva";"Sim";1;0;1;0;0;0;1;1;-27,58703466;-48,61495256;"SPRF-SC";"DEL01-SC";"UOP01-DEL01-SC"
476918;2022-09-26;"segunda-feira";"05:15:00";"BA";324;581;"CANDEIAS";"Reação tardia ou ineficiente do condutor";"Saída de leito carroçável";"Sem Vítimas";"Amanhecer";"Crescente";"Céu Claro";"Dupla";"Reta";"Não";4;0;0;0;4;0;0;1;-12,614059;-38,487208;"SPRF-BA";"DEL01-BA";"UOP01-DEL01-BA"
476919;2022-09-26;"segunda-feira";"04:30:00";"GO";40;31;"LUZIANIA";"Ingestão de álcool pelo condutor";"Saída de leito carroçável";"Sem Vítimas";"Amanhecer";"Crescente";"Céu Claro";"Dupla";"Reta";"Não";1;0;0;0;1;0;0;1;-16,284329;-47,857156;"SPRF-DF";"DEL01-DF";"UOP01-DEL01-DF"
476920;2022-09-26;"segunda-feira";"06:00:00";"SC";280;53,2;"GUARAMIRIM";"Acessar a via sem observar a presença dos outros veículos";"Atropelamento de Pedestre";"Com Vítimas Feridas";"Amanhecer";"Decrescente";"Chuva";"Dupla";"Reta;Em Obras";"Sim";2;0;1;0;1;0;1;2;-26,44904351;-48,82753372;"SPRF-SC";"DEL03-SC";"UOP03-DEL03-SC"