"id";"data_inversa";"dia_semana";"horario";"uf";"br";"km";"municipio";"causa_acidente";"tipo_acidente";"classificacao_acidente";"fase_dia";"sentido_via";"condicao_metereologica";"tipo_pista";"tracado_via";"uso_solo";"pessoas";"mortos";"feridos_leves";"feridos_graves";"ilesos";"ignorados";"feridos";"veiculos";"latitude";"longitude";"regional";"delegacia";"uop"
476923;2022-09-26;"segunda-feira";"04:15:00";"GO";153;299,7;"RIALMA";"Ausência de reação do condutor";"Saída de leito carroçável";"Com Vítimas Feridas";"Plena Noite";"Crescente";"Céu Claro";"Simples";"Reta";"Sim";2;0;2;0;0;0;2;1;-15,27176552;-49,55027103;"SPRF-GO";"DEL02-GO";"UOP02-DEL02-GO"
476924;2022-09-26;"segunda-feira";"06:30:00";"GO";60;15;"ALEXANIA";"Ausência de reação do condutor";"Saída de leito carroçável";"Sem Vítimas";"Pleno dia";"Crescente";"Céu Claro";"Dupla";"Reta";"Não";1;0;0;0;1;0;0;1;-16,110851;-48,353918;"SPRF-DF";"DEL03-DF";"UOP01-DEL03-DF"
476925;2022-09-26;"segunda-feira";"05:30:00";"MG";381;484;"BETIM";"Velocidade Incompatível";"Colisão com objeto";"Com Vítimas Feridas";"Amanhecer";"Crescente";"Céu Claro";"Dupla";"Reta";"Não";1;0;1;0;0;0;1;1;-19,95902324;-44,09067535;"SPRF-MG";"DEL01-MG";"UOP03-DEL01-MG"
476926;2022-09-26;"segunda-feira";"04:00:00";"MG";262;649,8;"IBIA";"Condutor Dormindo";"Saída de leito carroçável";"Com Vítimas Feridas";"Plena Noite";"Crescente";"Céu Claro";"Simples";"Reta";"Não";3;0;2;0;1;0;2;1;-19,58640732;-46,62679709;"SPRF-MG";"DEL08-MG";"UOP01-DEL08-MG"
476927;2022-09-25;"domingo";"21:20:00";"PR";277;727;"FOZ DO IGUACU";"Acesso irregular";"Saída de leito carroçável";"Sem Vítimas";"Anoitecer";"Decrescente";"Chuva";"Dupla";"Reta";"Sim";1;0;0;0;1;0;0;1;-25,51017487;-54,56454899;"SPRF-PR";"DEL05-PR";"UOP03-DEL05-PR"
476928;2022-09-26;"segunda-feira";"05:20:00";"GO";60;25;"ALEXANIA";"Reação tardia ou ineficiente do condutor";"Saída de leito carroçável";"Com Vítimas Feridas";"Amanhecer";"Crescente";"Nublado";"Dupla";"Curva";"Não";1;0;1;0;0;0;1;1;-16,108211;-48,448947;"SPRF-DF";"DEL03-DF";"UOP01-DEL03-DF"
476931;2022-09-26;"segunda-feira";"06:10:00";"PE";232;12;"JABOATAO DOS GUARARAPES";"Reação tardia ou ineficiente do condutor";"Colisão traseira";"Com Vítimas Feridas";"Pleno dia";"Decrescente";"Céu Claro";"Dupla";"Reta";"Sim";2;0;1;0;1;0;1;2;-8,08577691;-35,00345603;"SPRF-PE";"DEL01-PE";"UOP01-DEL01-PE"
476933;2022-09-26;"segunda-feira";"05:55:00";"MG";262;800;"UBERABA";"Ausência de reação do condutor";"Colisão traseira";"Sem Vítimas";"Amanhecer";"Decrescente";"Céu Claro";"Dupla";"Reta";"Sim";2;0;0;0;0;2;0;2;-19,779129;-47,945794;"SPRF-MG";"DEL13-MG";"UOP01-DEL13-MG"
476934;2022-09-26;"segunda-feira";"06:40:00";"MG";40;392;"CURVELO";"Demais falhas mecânicas ou elétricas";"Capotamento";"Com Vítimas Feridas";"Pleno dia";"Decrescente";"Céu Claro";"Simples";"Reta";"Não";1;0;0;1;0;0;1;1;-18,96510778;-44,67719968;"SPRF-MG";"DEL02-MG";"UOP01-DEL02-MG"
476936;2022-09-26;"segunda-feira";"07:20:00";"GO";60;188;"GUAPO";"Frear bruscamente";"Colisão com objeto";"Sem Vítimas";"Pleno dia";"Crescente";"Céu Claro";"Dupla";"Reta";"Sim";1;0;0;0;1;0;0;1;-16,8138;-49,5294;"SPRF-GO";"DEL01-GO";"UOP02-DEL01-GO"
476937;2022-09-26;"segunda-feira";"07:00:00";"CE";222;3,2;"FORTALEZA";"Manobra de mudança de faixa";"Colisão traseira";"Com Vítimas Feridas";"Pleno dia";"Decrescente";"Céu Claro";"Dupla";"Aclive";"Não";4;0;3;0;1;0;3;3;-3,74081278;-38,59863997;"SPRF-CE";"DEL01-CE";"UOP01-DEL01-CE"
476940;2022-09-26;"segunda-feira";"06:45:00";"PR";116;125;"FAZENDA RIO GRANDE";"Trafegar com motocicleta (ou similar) entre as faixas";"Colisão lateral mesmo sentido";"Com Vítimas Feridas";"Pleno dia";"Decrescente";"Chuva";"Dupla";"Reta";"Sim";2;0;1;0;1;0;1;2;-25,59505309;-49,31630659;"SPRF-PR";"DEL01-PR";"UOP03-DEL01-PR"
476941;2022-09-26;"segunda-feira";"07:35:00";"BA";324;625;"SALVADOR";"Reação tardia ou ineficiente do condutor";"Colisão traseira";"Com Vítimas Feridas";"Pleno dia";"Crescente";"Céu Claro";"Simples";"Reta";"Sim";2;0;1;0;1;0;1;2;-12,94194706;-38,47081224;"SPRF-BA";"DEL01-BA";"UOP01-DEL01-BA"
476944;2022-09-25;"domingo";"15:00:00";"BA";116;357;"SERRINHA";"Ingestão de álcool pelo condutor";"Queda de ocupante de veículo";"Com Vítimas Feridas";"Pleno dia";"Crescente";"Céu Claro";"Simples";"Reta";"Sim";1;0;1;0;0;0;1;1;-11,650703;-38,991596;"SPRF-BA";"DEL02-BA";"UOP01-DEL02-BA"
476945;2022-09-26;"segunda-feira";"07:29:00";"GO";251;26;"CRISTALINA";"Retorno proibido";"Colisão transversal";"Com Vítimas Feridas";"Pleno dia";"Crescente";"Céu Claro";"Simples";"Reta";"Não";4;0;1;1;2;0;2;2;-16,10610344;-47,49477642;"SPRF-DF";"DEL01-DF";"UOP01-DEL01-DF"
476946;2022-09-26;"segunda-feira";"07:30:00";"SC";101;208;"SAO JOSE";"Condutor deixou de manter distância do veículo da frente";"Colisão lateral mesmo sentido";"Com Vítimas Feridas";"Pleno dia";"Decrescente";"Céu Claro";"Múltipla";"Reta";"Sim";4;0;2;0;2;0;2;3;-27,60327979;-48,63201818;"SPRF-SC";"DEL01-SC";"UOP01-DEL01-SC"
476948;2022-09-26;"segunda-feira";"08:00:00";"PR";116;23;"CAMPINA GRANDE DO SUL";"Chuva";"Capotamento";"Com Vítimas Feridas";"Pleno dia";"Crescente";"Chuva";"Dupla";"Curva";"Não";2;0;1;0;1;0;1;1;-25,1104764;-48,75592011;"SPRF-PR";"DEL01-PR";"UOP02-DEL01-PR"
476949;2022-09-26;"segunda-feira";"08:10:00";"SC";101;48;"JOINVILLE";"Condutor deixou de manter distância do veículo da frente";"Colisão traseira";"Com Vítimas Feridas";"Pleno dia";"Decrescente";"Nublado";"Dupla";"Reta";"Não";2;0;1;0;1;0;1;2;-26,35345909;-48,85867862;"SPRF-SC";"DEL03-SC";"UOP01-DEL03-SC"
476950;2022-09-26;"segunda-feira";"07:45:00";"RN";110;48,8;"MOSSORO";"Entrada inopinada do pedestre";"Atropelamento de Pedestre";"Com Vítimas Feridas";"Pleno dia";"Decrescente";"Sol";"Dupla";"Reta";"Sim";2;0;0;1;0;1;1;2;-5,20881178;-37,33285083;"SPRF-RN";"DEL04-RN";"UOP01-DEL04-RN"
476952;2022-08-15;"segunda-feira";"20:00:00";"RS";386;316;"MARQUES DE SOUZA";"Objeto estático sobre o leito carroçável";"Colisão com objeto";"Com Vítimas Feridas";"Plena Noite";"Decrescente";"Chuva";"Simples";"Reta";"Não";1;0;0;1;0;0;1;1;-29,26033396;-52,15117877;"SPRF-RS";"DEL04-RS";"UOP01-DEL04-RS"
476954;2022-09-26;"segunda-feira";"05:30:00";"MT";163;27,7;"ITIQUIRA";"Demais falhas mecânicas ou elétricas";"Saída de leito carroçável";"Com Vítimas Feridas";"Amanhecer";"Crescente";"Céu Claro";"Dupla";"Reta";"Não";1;0;1;0;0;0;1;1;-17,28031699;-54,76490839;"SPRF-MT";"DEL02-MT";"UOP01-DEL02-MT"
476957;2022-09-26;"segunda-feira";"08:00:00";"MG";40;522,5;"CONTAGEM";"Condutor deixou de manter distância do veículo da frente";"Colisão traseira";"Com Vítimas Feridas";"Pleno dia";"Crescente";"Céu Claro";"Dupla";"Reta";"Não";3;0;2;0;1;0;2;2;-19,8638731;-44,06749809;"SPRF-MG";"DEL01-MG";"UOP02-DEL01-MG"
476958;2022-09-26;"segunda-feira";"08:15:00";"PE";232;5,7;"RECIFE";"Obras na pista";"Atropelamento de Pedestre";"Com Vítimas Feridas";"Pleno dia";"Crescente";"Céu Claro";"Dupla";"Reta";"Sim";2;0;1;0;1;0;1;2;-8,069776;-34,950585;"SPRF-PE";"DEL01-PE";"UOP01-DEL01-PE"
476960;2022-08-17;"quarta-feira";"11:50:00";"ES";259;33;"COLATINA";"Ausência de reação do condutor";"Saída de leito carroçável";"Com Vítimas Feridas";"Pleno dia";"Decrescente";"Ignorado";"Simples";"Reta";"Não";1;0;1;0;0;0;1;1;-19,5706707;-40,50497334;"SPRF-ES";"DEL02-ES";"UOP01-DEL02-ES"
476961;2022-09-26;"segunda-feira";"07:00:00";"SC";101;199,2;"SAO JOSE";"Demais falhas mecânicas ou elétricas";"Tombamento";"Com Vítimas Feridas";"Pleno dia";"Decrescente";"Nublado";"Dupla";"Curva";"Não";1;0;1;0;0;0;1;1;-27,53413705;-48,63003205;"SPRF-SC";"DEL01-SC";"UOP01-DEL01-SC"
476965;2022-09-26;"segunda-feira";"07:15:00";"MT";364;198;"RONDONOPOLIS";"Acessar a via sem observar a presença dos outros veículos";"Colisão transversal";"Com Vítimas Feridas";"Pleno dia";"Crescente";"Céu Claro";"Simples";"Reta";"Não";2;0;1;0;1;0;1;2;-16,50621198;-54,62294799;"SPRF-MT";"DEL02-MT";"UOP01-DEL02-MT"
476972;2022-03-05;"sábado";"10:00:00";"BA";101;588,2;"CAMACAN";"Velocidade Incompatível";"Colisão com objeto";"Com Vítimas Feridas";"Pleno dia";"Crescente";"Céu Claro";"Simples";"Interseção de Vias";"Não";3;0;0;1;2;0;1;1;-15,57185184;-39,40626224;"SPRF-BA";"DEL05-BA";"UOP02-DEL05-BA"
476973;2022-09-13;"terça-feira";"15:00:00";"PE";232;116,7;"CARUARU";"Afundamento ou ondulação no pavimento";"Saída de leito carroçável";"Com Vítimas Feridas";"Pleno dia";"Decrescente";"Céu Claro";"Dupla";"Reta";"Não";1;0;1;0;0;0;1;1;-8,2970005;-35,86666391;"SPRF-PE";"DEL02-PE";"UOP01-DEL02-PE"
476978;2022-09-25;"domingo";"00:30:00";"BA";415;50;"ITABUNA";"Reação tardia ou ineficiente do condutor";"Tombamento";"Com Vítimas Feridas";"Pleno dia";"Decrescente";"Chuva";"Simples";"Reta";"Sim";2;0;2;0;0;0;2;1;-14,82122899;-39,30355361;"SPRF-BA";"DEL05-BA";"UOP01-DEL05-BA"
476979;2022-09-17;"sábado";"04:00:00";"PR";116;126;"FAZENDA RIO GRANDE";"Ausência de reação do condutor";"Colisão traseira";"Com Vítimas Feridas";"Plena Noite";"Decrescente";"Céu Claro";"Dupla";"Interseção de Vias";"Sim";3;0;2;0;0;1;2;2;-25,6374156;-49,31311011;"SPRF-PR";"DEL01-PR";"UOP03-DEL01-PR"
476981;2022-09-26;"segunda-feira";"10:40:00";"PR";376;176;"MARINGA";"Condutor deixou de manter distância do veículo da frente";"Colisão traseira";"Sem Vítimas";"Pleno dia";"Decrescente";"Chuva";"Múltipla";"Reta";"Sim";3;0;0;0;3;0;0;2;-23,41269173;-51,93158327;"SPRF-PR";"DEL09-PR";"UOP01-DEL09-PR"
476982;2022-09-26;"segunda-feira";"11:00:00";"PI";316;318;"PICOS";"Condutor deixou de manter distância do veículo da frente";"Colisão lateral mesmo sentido";"Com Vítimas Feridas";"Pleno dia";"Decrescente";"Céu Claro";"Dupla";"Reta";"Sim";2;0;1;0;1;0;1;2;-7,08606465;-41,40601287;"SPRF-PI";"DEL04-PI";"UOP01-DEL04-PI"
476983;2022-09-26;"segunda-feira";"11:00:00";"PE";232;30,2;"MORENO";"Fumaça";"Colisão traseira";"Com Vítimas Feridas";"Pleno dia";"Crescente";"Céu Claro";"Dupla";"Curva";"Não";3;0;1;1;1;0;2;2;-8,11063325;-35,15197001;"SPRF-PE";"DEL01-PE";"UOP01-DEL01-PE"
476984;2022-09-02;"sexta-feira";"16:30:00";"MG";40;532;"CONTAGEM";"Condutor deixou de manter distância do veículo da frente";"Colisão lateral mesmo sentido";"Com Vítimas Feridas";"Anoitecer";"Decrescente";"Céu Claro";"Dupla";"Reta";"Sim";2;0;1;0;1;0;1;2;-19,92372561;-44,01700789;"SPRF-MG";"DEL01-MG";"UOP02-DEL01-MG"
476985;2022-09-26;"segunda-feira";"09:30:00";"MS";158;187;"APARECIDA DO TABOADO";"Mal súbito do condutor";"Saída de leito carroçável";"Com Vítimas Feridas";"Pleno dia";"Decrescente";"Céu Claro";"Simples";"Reta";"Não";1;0;0;1;0;0;1;1;-20,289557;-51,412544;"SPRF-MS";"DEL08-MS";"UOP01-DEL08-MS"
476987;2022-09-26;"segunda-feira";"11:25:00";"RJ";393;205,5;"VASSOURAS";"Avarias e/ou desgaste excessivo no pneu";"Tombamento";"Com Vítimas Feridas";"Pleno dia";"Crescente";"Nublado";"Simples";"Declive;Reta";"Não";2;0;2;0;0;0;2;1;-22,25620778;-43,444991;"SPRF-RJ";"DEL05-RJ";"UOP03-DEL05-RJ"
476988;2022-09-26;"segunda-feira";"11:40:00";"BA";415;22;"ILHEUS";"Ultrapassagem Indevida";"Colisão lateral sentido oposto";"Com Vítimas Feridas";"Pleno dia";"Decrescente";"Sol";"Simples";"Curva";"Não";3;0;1;1;1;0;2;3;-14,799736;-39,160337;"SPRF-BA";"DEL05-BA";"UOP01-DEL05-BA"
476989;2022-09-26;"segunda-feira";"11:45:00";"PE";232;136,7;"CARUARU";"Manobra de mudança de faixa";"Colisão traseira";"Com Vítimas Feridas";"Pleno dia";"Crescente";"Céu Claro";"Dupla";"Aclive";"Não";2;0;1;0;1;0;1;2;-8,31339932;-36,04175591;"SPRF-PE";"DEL02-PE";"UOP01-DEL02-PE"
476991;2022-09-18;"domingo";"19:33:00";"MS";163;614,7;"SAO GABRIEL DO OESTE";"Desrespeitar a preferência no cruzamento";"Colisão transversal";"Com Vítimas Feridas";"Plena Noite";"Crescente";"Céu Claro";"Simples";"Interseção de Vias";"Sim";4;0;1;0;3;0;1;2;-19,39625381;-54,56675291;"SPRF-MS";"DEL06-MS";"UOP02-DEL06-MS"
476992;2022-09-26;"segunda-feira";"12:40:00";"PR";116;54;"CAMPINA GRANDE DO SUL";"Chuva";"Capotamento";"Sem Vítimas";"Pleno dia";"Crescente";"Chuva";"Dupla";"Declive";"Não";2;0;0;0;2;0;0;1;-25,2656158;-48,91632335;"SPRF-PR";"DEL01-PR";"UOP02-DEL01-PR"
476993;2022-09-23;"sexta-feira";"22:30:00";"BA";101;178;"CONCEICAO DA FEIRA";"Animais na Pista";"Atropelamento de Animal";"Sem Vítimas";"Plena Noite";"Crescente";"Céu Claro";"Simples";"Declive";"Não";1;0;0;0;1;0;0;1;-12,519078;-38,970829;"SPRF-BA";"DEL01-BA";"UOP03-DEL01-BA"
476995;2022-09-26;"segunda-feira";"10:30:00";"SP";116;515,5;"CAJATI";"Chuva";"Saída de leito carroçável";"Com Vítimas Feridas";"Pleno dia";"Decrescente";"Chuva";"Simples";"Curva";"Não";1;0;1;0;0;0;1;1;-24,86868296;-48,21092606;"SPRF-SP";"DEL05-SP";"UOP02-DEL05-SP"
476996;2022-09-26;"segunda-feira";"13:00:00";"PA";316;62;"CASTANHAL";"Acessar a via sem observar a presença dos outros veículos";"Colisão transversal";"Com Vítimas Feridas";"Pleno dia";"Decrescente";"Sol";"Dupla";"Reta";"Sim";2;0;1;0;1;0;1;2;-1,29786885;-47,93764104;"SPRF-PA";"DEL01-PA";"UOP01-DEL01-PA"
476997;2022-09-26;"segunda-feira";"13:05:00";"RN";101;94,8;"NATAL";"Ausência de reação do condutor";"Colisão traseira";"Com Vítimas Feridas";"Pleno dia";"Crescente";"Sol";"Múltipla";"Reta";"Sim";2;0;1;0;1;0;1;2;-5,83176615;-35,21191342;"SPRF-RN";"DEL01-RN";"UOP01-DEL01-RN"
476999;2022-09-26;"segunda-feira";"12:30:00";"SP";116;556;"BARRA DO TURVO";"Chuva";"Saída de leito carroçável";"Sem Vítimas";"Pleno dia";"Crescente";"Chuva";"Simples";"Curva";"Não";2;0;0;0;2;0;0;1;-24,98257286;-48,50670145;"SPRF-SP";"DEL05-SP";"UOP02-DEL05-SP"
477002;2022-09-26;"segunda-feira";"13:30:00";"PE";101;52;"PAULISTA";"Acessar a via sem observar a presença dos outros veículos";"Colisão transversal";"Com Vítimas Feridas";"Pleno dia";"Decrescente";"Céu Claro";"Dupla";"Curva";"Não";2;0;0;1;1;0;1;2;-7,92358799;-34,89607201;"SPRF-PE";"DEL01-PE";"UOP02-DEL01-PE"
477009;2022-09-26;"segunda-feira";"08:40:00";"SC";282;3,8;"SAO JOSE";"Demais falhas mecânicas ou elétricas";"Incêndio";"Sem Vítimas";"Pleno dia";"Crescente";"Nublado";"Múltipla";"Reta";"Sim";1;0;0;0;1;0;0;1;-27,600384;-48,599705;"SPRF-SC";"DEL01-SC";"UOP01-DEL01-SC"
477010;2022-09-26;"segunda-feira";"08:45:00";"PR";163;18;"SANTO ANTONIO DO SUDOESTE";"Condutor Dormindo";"Saída de leito carroçável";"Com Vítimas Feridas";"Pleno dia";"Crescente";"Chuva";"Simples";"Curva";"Não";1;0;1;0;0;0;1;1;-26,190369;-53,655371;"SPRF-PR";"DEL02-PR";"UOP02-DEL02-PR"
477011;2022-09-26;"segunda-feira";"14:10:00";"SP";116;550;"BARRA DO TURVO";"Acumulo de água sobre o pavimento";"Colisão com objeto";"Com Vítimas Feridas";"Pleno dia";"Decrescente";"Chuva";"Simples";"Curva";"Não";2;0;1;0;1;0;1;1;-24,95749618;-48,46440871;"SPRF-SP";"DEL05-SP";"UOP02-DEL05-SP"
477014;2022-09-26;"segunda-feira";"06:30:00";"RO";435;125;"CEREJEIRAS";"Ausência de reação do condutor";"Colisão com objeto";"Com Vítimas Feridas";"Amanhecer";"Decrescente";"Céu Claro";"Simples";"Reta;Declive";"Não";1;0;0;1;0;0;1;1;-13,18891758;-60,82687399;"SPRF-RO";"DEL04-RO";"UOP02-DEL04-RO"
477015;2022-09-26;"segunda-feira";"14:45:00";"RJ";101;310;"SAO GONCALO";"Mal súbito do condutor";"Atropelamento de Pedestre";"Com Vítimas Fatais";"Pleno dia";"Crescente";"Céu Claro";"Dupla";"Reta";"Sim";2;1;0;0;1;0;0;2;-22,79717023;-43,04404993;"SPRF-RJ";"DEL02-RJ";"UOP02-DEL02-RJ"
477016;2022-09-26;"segunda-feira";"13:40:00";"MS";163;265,4;"DOURADOS";"Desrespeitar a preferência no cruzamento";"Colisão traseira";"Com Vítimas Feridas";"Pleno dia";"Crescente";"Chuva";"Dupla";"Rotatória";"Sim";3;0;2;0;1;0;2;2;-22,2236013;-54,7307539;"SPRF-MS";"DEL04-MS";"UOP01-DEL04-MS"
477018;2022-09-26;"segunda-feira";"13:27:00";"PR";277;218;"TEIXEIRA SOARES";"Pista esburacada";"Saída de leito carroçável";"Com Vítimas Feridas";"Pleno dia";"Crescente";"Garoa/Chuvisco";"Simples";"Reta";"Não";5;0;1;0;4;0;1;1;-25,46475363;-50,35922095;"SPRF-PR";"DEL08-PR";"UOP02-DEL08-PR"
477019;2022-09-20;"terça-feira";"05:40:00";"PR";277;450;"LARANJEIRAS DO SUL";"Animais na Pista";"Atropelamento de Animal";"Com Vítimas Feridas";"Amanhecer";"Decrescente";"Nublado";"Simples";"Reta";"Sim";1;0;1;0;0;0;1;1;-25,36762674;-52,35059397;"SPRF-PR";"DEL04-PR";"UOP02-DEL04-PR"
477021;2022-09-26;"segunda-feira";"13:34:00";"MS";163;11;"MUNDO NOVO";"Chuva";"Saída de leito carroçável";"Com Vítimas Feridas";"Pleno dia";"Decrescente";"Chuva";"Simples";"Reta";"Não";3;0;2;0;1;0;2;1;-23,96872579;-54,32871421;"SPRF-MS";"DEL09-MS";"UOP02-DEL09-MS"
477022;2022-09-26;"segunda-feira";"07:40:00";"PR";369;36,9;"ANDIRA";"Acessar a via sem observar a presença dos outros veículos";"Colisão transversal";"Com Vítimas Feridas";"Pleno dia";"Crescente";"Chuva";"Simples";"Reta";"Sim";2;0;1;1;0;0;2;2;-23,044704;-50,230035;"SPRF-PR";"DEL07-PR";"UOP01-DEL07-PR"
477025;2022-09-26;"segunda-feira";"14:45:00";"RN";101;81,9;"SAO GONCALO DO AMARANTE";"Condutor deixou de manter distância do veículo da frente";"Colisão traseira";"Sem Vítimas";"Pleno dia";"Crescente";"Céu Claro";"Dupla";"Reta";"Sim";3;0;0;0;3;0;0;2;-5,76469466;-35,28295988;"SPRF-RN";"DEL02-RN";"UOP01-DEL02-RN"
477026;2022-09-26;"segunda-feira";"15:30:00";"PB";101;68;"SANTA RITA";"Condutor Dormindo";"Saída de leito carroçável";"Com Vítimas Feridas";"Pleno dia";"Crescente";"Céu Claro";"Dupla";"Reta";"Não";3;0;0;1;2;0;1;1;-7,05686225;-35,02780412;"SPRF-PB";"DEL01-PB";"UOP04-DEL01-PB"
477027;2022-09-26;"segunda-feira";"15:15:00";"SP";116;269,7;"TABOAO DA SERRA";"Chuva";"Tombamento";"Com Vítimas Feridas";"Pleno dia";"Crescente";"Chuva";"Dupla";"Reta";"Sim";1;0;0;1;0;0;1;1;-23,61593059;-46,78826044;"SPRF-SP";"DEL04-SP";"UOP01-DEL04-SP"
477028;2022-09-26;"segunda-feira";"15:20:00";"PR";116;92;"SAO JOSE DOS PINHAIS";"Reação tardia ou ineficiente do condutor";"Colisão com objeto";"Com Vítimas Feridas";"Pleno dia";"Decrescente";"Nublado";"Múltipla";"Reta";"Não";2;0;2;0;0;0;2;2;-25,48227693;-49,10588805;"SPRF-PR";"DEL01-PR";"UOP01-DEL01-PR"
477029;2022-09-26;"segunda-feira";"13:40:00";"MT";364;402;"CUIABA";"Demais falhas mecânicas ou elétricas";"Capotamento";"Com Vítimas Feridas";"Pleno dia";"Crescente";"Céu Claro";"Simples";"Reta";"Sim";1;0;1;0;0;0;1;1;-15,65080858;-55,99868774;"SPRF-MT";"DEL01-MT";"UOP02-DEL01-MT"
477033;2022-09-26;"segunda-feira";"16:10:00";"SP";116;217;"GUARULHOS";"Chuva";"Colisão com objeto";"Com Vítimas Feridas";"Pleno dia";"Decrescente";"Chuva";"Múltipla";"Reta";"Sim";2;0;1;0;1;0;1;1;-23,45423824;-46,47119028;"SPRF-SP";"DEL01-SP";"UOP01-DEL01-SP"
477034;2022-09-26;"segunda-feira";"16:00:00";"RJ";101;313,4;"SAO GONCALO";"Ausência de reação do condutor";"Colisão traseira";"Com Vítimas Feridas";"Pleno dia";"Decrescente";"Céu Claro";"Dupla";"Reta";"Não";4;0;2;0;2;0;2;2;-22,81049093;-43,06983304;"SPRF-RJ";"DEL02-RJ";"UOP02-DEL02-RJ"
477035;2022-09-26;"segunda-feira";"16:22:00";"GO";153;501;"GOIANIA";"Acessar a via sem observar a presença dos outros veículos";"Tombamento";"Com Vítimas Feridas";"Pleno dia";"Decrescente";"Sol";"Múltipla";"Reta";"Sim";1;0;1;0;0;0;1;1;-16,610971;-49,2074602;"SPRF-GO";"DEL01-GO";"UOP01-DEL01-GO"
477038;2022-09-26;"segunda-feira";"16:45:00";"CE";116;42;"HORIZONTE";"Acessar a via sem observar a presença dos outros veículos";"Colisão transversal";"Com Vítimas Feridas";"Pleno dia";"Crescente";"Céu Claro";"Múltipla";"Reta";"Não";2;0;0;1;1;0;1;2;-4,10857928;-38,4942173;"SPRF-CE";"DEL01-CE";"UOP02-DEL01-CE"
477040;2022-09-26;"segunda-feira";"17:02:00";"DF";40;1;"BRASILIA";"Condutor deixou de manter distância do veículo da frente";"Colisão traseira";"Sem Vítimas";"Pleno dia";"Crescente";"Céu Claro";"Dupla";"Reta";"Sim";2;0;0;0;2;0;0;2;-15,985532;-47,987747;"SPRF-DF";"DEL01-DF";"UOP01-DEL01-DF"
477042;2022-09-17;"sábado";"16:37:00";"GO";60;25,3;"ALEXANIA";"Avarias e/ou desgaste excessivo no pneu";"Saída de leito carroçável";"Com Vítimas Feridas";"Pleno dia";"Crescente";"Chuva";"Dupla";"Reta;Declive";"Não";2;0;2;0;0;0;2;1;-16,0963;-48,5202;"SPRF-DF";"DEL03-DF";"UOP01-DEL03-DF"
477043;2022-09-26;"segunda-feira";"17:05:00";"RN";226;114;"SANTA CRUZ";"Condutor deixou de manter distância do veículo da frente";"Colisão traseira";"Com Vítimas Feridas";"Pleno dia";"Crescente";"Nublado";"Simples";"Reta";"Sim";4;0;1;0;3;0;1;3;-6,20524036;-36,0260342;"SPRF-RN";"DEL03-RN";"UOP02-DEL03-RN"
477044;2022-09-26;"segunda-feira";"14:20:00";"PE";316;54;"TRINDADE";"Ausência de reação do condutor";"Colisão com objeto";"Com Vítimas Feridas";"Pleno dia";"Crescente";"Sol";"Simples";"Reta";"Não";1;0;0;1;0;0;1;1;-7,73669808;-40,29450303;"SPRF-PE";"DEL05-PE";"UOP02-DEL05-PE"
477045;2022-09-26;"segunda-feira";"17:00:00";"SC";101;288;"IMBITUBA";"Desrespeitar a preferência no cruzamento";"Colisão transversal";"Com Vítimas Feridas";"Pleno dia";"Decrescente";"Nublado";"Múltipla";"Rotatória";"Sim";3;0;1;0;2;0;1;2;-28,24598003;-48,70010284;"SPRF-SC";"DEL02-SC";"UOP03-DEL02-SC"
477047;2022-09-26;"segunda-feira";"16:15:00";"RJ";116;226;"PIRAI";"Velocidade Incompatível";"Capotamento";"Com Vítimas Feridas";"Pleno dia";"Decrescente";"Chuva";"Simples";"Curva";"Não";1;0;1;0;0;0;1;1;-22,66981827;-43,8354063;"SPRF-RJ";"DEL07-RJ";"UOP01-DEL07-RJ"
477049;2022-09-26;"segunda-feira";"18:00:00";"CE";116;6,4;"FORTALEZA";"Transitar no acostamento";"Colisão frontal";"Com Vítimas Feridas";"Plena Noite";"Decrescente";"Céu Claro";"Dupla";"Reta";"Sim";4;0;0;1;3;0;1;2;-3,802624;-38,50400499;"SPRF-CE";"DEL01-CE";"UOP02-DEL01-CE"
477050;2022-09-26;"segunda-feira";"17:00:00";"SC";101;206,1;"SAO JOSE";"Objeto estático sobre o leito carroçável";"Tombamento";"Com Vítimas Feridas";"Pleno dia";"Decrescente";"Céu Claro";"Múltipla";"Reta";"Sim";1;0;1;0;0;0;1;1;-27,59193546;-48,61824557;"SPRF-SC";"DEL01-SC";"UOP01-DEL01-SC"
477051;2022-09-26;"segunda-feira";"18:30:00";"SP";116;223;"GUARULHOS";"Chuva";"Queda de ocupante de veículo";"Com Vítimas Feridas";"Plena Noite";"Decrescente";"Garoa/Chuvisco";"Múltipla";"Reta";"Sim";1;0;1;0;0;0;1;1;-23,47559815;-46,5246609;"SPRF-SP";"DEL01-SP";"UOP01-DEL01-SP"
477052;2022-09-26;"segunda-feira";"16:40:00";"RN";405;105,7;"ITAU";"Conversão proibida";"Colisão frontal";"Com Vítimas Feridas";"Pleno dia";"Crescente";"Céu Claro";"Simples";"Curva;Declive";"Não";2;0;0;1;1;0;1;2;-5,81999296;-37,95884902;"SPRF-RN";"DEL04-RN";"UOP02-DEL04-RN"
477054;2022-09-26;"segunda-feira";"18:00:00";"BA";116;485;"RAFAEL JAMBEIRO";"Reação tardia ou ineficiente do condutor";"Tombamento";"Com Vítimas Feridas";"Anoitecer";"Crescente";"Céu Claro";"Dupla";"Reta";"Não";1;0;1;0;0;0;1;1;-12,52896304;-39,40894998;"SPRF-BA";"DEL02-BA";"UOP01-DEL02-BA"