"id";"data_inversa";"dia_semana";"horario";"uf";"br";"km";"municipio";"causa_acidente";"tipo_acidente";"classificacao_acidente";"fase_dia";"sentido_via";"condicao_metereologica";"tipo_pista";"tracado_via";"uso_solo";"pessoas";"mortos";"feridos_leves";"feridos_graves";"ilesos";"ignorados";"feridos";"veiculos";"latitude";"longitude";"regional";"delegacia";"uop"
477183;2022-05-27;"sexta-feira";"08:00:00";"RJ";40;110;"DUQUE DE CAXIAS";"Condutor deixou de manter distância do veículo da frente";"Colisão traseira";"Sem Vítimas";"Pleno dia";"Crescente";"Céu Claro";"Dupla";"Reta";"Sim";2;0;0;0;1;1;0;2;-22,68289906;-43,28549346;"SPRF-RJ";"DEL01-RJ";"UOP01-DEL01-RJ"
477184;2022-09-27;"terça-feira";"08:35:00";"SC";101;158,2;"PORTO BELO";"Reação tardia ou ineficiente do condutor";"Colisão traseira";"Com Vítimas Feridas";"Pleno dia";"Decrescente";"Nublado";"Dupla";"Reta";"Sim";2;0;0;1;0;1;1;2;-27,19096301;-48,61259017;"SPRF-SC";"DEL04-SC";"UOP03-DEL04-SC"
477185;2022-09-27;"terça-feira";"11:00:00";"SC";101;201,2;"SAO JOSE";"Reação tardia ou ineficiente do condutor";"Colisão traseira";"Com Vítimas Feridas";"Pleno dia";"Decrescente";"Céu Claro";"Múltipla";"Aclive";"Sim";3;0;1;1;1;0;2;2;-27,54836599;-48,61977975;"SPRF-SC";"DEL01-SC";"UOP01-DEL01-SC"
477187;2022-09-27;"terça-feira";"10:30:00";"CE";116;3;"FORTALEZA";"Manobra de mudança de faixa";"Colisão traseira";"Com Vítimas Feridas";"Pleno dia";"Decrescente";"Céu Claro";"Múltipla";"Reta";"Sim";2;0;1;0;1;0;1;2;-3,77866493;-38,51490171;"SPRF-CE";"DEL01-CE";"UOP02-DEL01-CE"
477189;2022-09-27;"terça-feira";"11:00:00";"MG";40;557;"NOVA LIMA";"Ausência de reação do condutor";"Colisão traseira";"Com Vítimas Feridas";"Pleno dia";"Crescente";"Chuva";"Dupla";"Reta";"Sim";3;0;1;0;1;1;1;2;-20,10255103;-43,9749284;"SPRF-MG";"DEL01-MG";"UOP02-DEL01-MG"
477191;2022-09-27;"terça-feira";"11:15:00";"SP";116;227;"SAO PAULO";"Reação tardia ou ineficiente do condutor";"Colisão lateral mesmo sentido";"Com Vítimas Feridas";"Pleno dia";"Crescente";"Sol";"Múltipla";"Reta";"Sim";2;0;1;0;1;0;1;2;-23,49659264;-46,55648754;"SPRF-SP";"DEL01-SP";"UOP01-DEL01-SP"
477192;2022-09-27;"terça-feira";"11:15:00";"PR";369;145,5;"LONDRINA";"Condutor deixou de manter distância do veículo da frente";"Colisão traseira";"Com Vítimas Feridas";"Pleno dia";"Decrescente";"Garoa/Chuvisco";"Dupla";"Declive";"Sim";2;0;2;0;0;0;2;2;-23,293564;-51,118883;"SPRF-PR";"DEL07-PR";"UOP01-DEL07-PR"
477193;2022-09-27;"terça-feira";"11:45:00";"BA";324;620;"SALVADOR";"Manobra de mudança de faixa";"Colisão lateral mesmo sentido";"Com Vítimas Feridas";"Pleno dia";"Crescente";"Céu Claro";"Dupla";"Reta";"Sim";2;0;1;0;0;1;1;2;-12,90482172;-38,45556535;"SPRF-BA";"DEL01-BA";"UOP01-DEL01-BA"
477194;2022-09-27;"terça-feira";"09:00:00";"MG";50;159;"UBERABA";"Condutor Dormindo";"Capotamento";"Com Vítimas Feridas";"Pleno dia";"Crescente";"Garoa/Chuvisco";"Dupla";"Reta";"Não";1;0;1;0;0;0;1;1;-19,6422782;-48,00903852;"SPRF-MG";"DEL13-MG";"UOP01-DEL13-MG"
477196;2022-09-27;"terça-feira";"12:00:00";"SE";235;50,2;"ITABAIANA";"Ingestão de álcool pelo condutor";"Colisão transversal";"Com Vítimas Feridas";"Pleno dia";"Crescente";"Sol";"Múltipla";"Reta;Interseção de Vias";"Sim";2;0;1;0;1;0;1;2;-10,707879;-37,42606;"SPRF-SE";"DEL01-SE";"UOP02-DEL01-SE"
477197;2022-09-27;"terça-feira";"11:20:00";"PR";116;16;"COLOMBO";"Acesso irregular";"Colisão traseira";"Com Vítimas Feridas";"Pleno dia";"Crescente";"Nublado";"Dupla";"Reta";"Sim";3;0;1;0;1;1;1;3;-25,3874;-49,1774;"SPRF-PR";"DEL01-PR";"UOP02-DEL01-PR"
477199;2022-09-27;"terça-feira";"12:39:00";"MG";262;381,4;"MATEUS LEME";"Curva acentuada";"Saída de leito carroçável";"Com Vítimas Feridas";"Pleno dia";"Decrescente";"Chuva";"Dupla";"Curva";"Não";3;0;1;0;2;0;1;1;-19,93753;-44,4447;"SPRF-MG";"DEL01-MG";"UOP03-DEL01-MG"
477200;2022-09-27;"terça-feira";"11:30:00";"MG";40;636;"CONSELHEIRO LAFAIETE";"Velocidade Incompatível";"Saída de leito carroçável";"Com Vítimas Feridas";"Pleno dia";"Crescente";"Chuva";"Simples";"Curva";"Não";1;0;1;0;0;0;1;1;-20,70680192;-43,79284622;"SPRF-MG";"DEL05-MG";"UOP02-DEL05-MG"
477201;2022-08-03;"quarta-feira";"08:40:00";"RJ";116;168;"SAO JOAO DE MERITI";"Trafegar com motocicleta (ou similar) entre as faixas";"Colisão traseira";"Com Vítimas Feridas";"Pleno dia";"Decrescente";"Céu Claro";"Múltipla";"Reta";"Sim";2;0;1;0;1;0;1;2;-22,819969;-43,31499997;"SPRF-RJ";"DEL01-RJ";"UOP02-DEL01-RJ"
477204;2022-09-27;"terça-feira";"08:30:00";"AM";174;948,3;"MANAUS";"Animais na Pista";"Atropelamento de Animal";"Com Vítimas Feridas";"Pleno dia";"Crescente";"Céu Claro";"Simples";"Reta";"Não";1;0;0;1;0;0;1;1;-2,415265;-60,032292;"SPRF-AM";"DEL01-AM";"UOP01-DEL01-AM"
477207;2022-08-14;"domingo";"18:30:00";"RJ";493;18,2;"GUAPIMIRIM";"Reação tardia ou ineficiente do condutor";"Colisão transversal";"Com Vítimas Feridas";"Plena Noite";"Decrescente";"Céu Claro";"Dupla";"Reta";"Sim";3;0;0;2;1;0;2;2;-22,6687122;-43,01862696;"SPRF-RJ";"DEL04-RJ";"UOP02-DEL04-RJ"
477208;2022-09-27;"terça-feira";"13:00:00";"PB";101;87;"JOAO PESSOA";"Acumulo de óleo sobre o pavimento";"Tombamento";"Com Vítimas Feridas";"Pleno dia";"Decrescente";"Céu Claro";"Dupla";"Reta;Declive";"Sim";2;0;2;0;0;0;2;2;-7,15886802;-34,90628504;"SPRF-PB";"DEL01-PB";"UOP01-DEL01-PB"
477212;2022-09-27;"terça-feira";"13:57:00";"SP";116;230;"SAO PAULO";"Ausência de reação do condutor";"Atropelamento de Pedestre";"Com Vítimas Feridas";"Pleno dia";"Decrescente";"Chuva";"Múltipla";"Reta";"Sim";3;0;2;0;1;0;2;3;-23,52251783;-46,5855702;"SPRF-SP";"DEL01-SP";"UOP01-DEL01-SP"
477215;2022-09-27;"terça-feira";"12:30:00";"MT";163;687;"LUCAS DO RIO VERDE";"Acessar a via sem observar a presença dos outros veículos";"Colisão transversal";"Sem Vítimas";"Pleno dia";"Decrescente";"Céu Claro";"Dupla";"Interseção de Vias";"Sim";2;0;0;0;2;0;0;2;-13,18354788;-55,98612126;"SPRF-MT";"DEL06-MT";"UOP01-DEL06-MT"
477216;2022-09-17;"sábado";"22:47:00";"PR";476;132;"CURITIBA";"Reação tardia ou ineficiente do condutor";"Colisão lateral mesmo sentido";"Com Vítimas Feridas";"Pleno dia";"Decrescente";"Céu Claro";"Múltipla";"Reta";"Sim";2;0;1;0;0;1;1;2;-25,46499373;-49,25188065;"SPRF-PR";"DEL01-PR";"UOP03-DEL01-PR"
477219;2022-09-27;"terça-feira";"11:45:00";"PR";376;624;"SAO JOSE DOS PINHAIS";"Ausência de reação do condutor";"Saída de leito carroçável";"Com Vítimas Feridas";"Pleno dia";"Decrescente";"Céu Claro";"Dupla";"Reta";"Não";1;0;1;0;0;0;1;1;-25,64336599;-49,15942795;"SPRF-PR";"DEL01-PR";"UOP04-DEL01-PR"
477221;2022-09-27;"terça-feira";"13:00:00";"PR";369;101,9;"URAI";"Ausência de reação do condutor";"Colisão com objeto";"Com Vítimas Feridas";"Pleno dia";"Crescente";"Chuva";"Dupla";"Aclive;Reta";"Não";2;0;1;0;1;0;1;1;-23,24772421;-50,73299646;"SPRF-PR";"DEL07-PR";"UOP01-DEL07-PR"
477222;2022-09-27;"terça-feira";"14:20:00";"SC";282;1,5;"FLORIANOPOLIS";"Manobra de mudança de faixa";"Colisão com objeto";"Com Vítimas Feridas";"Pleno dia";"Crescente";"Céu Claro";"Múltipla";"Reta";"Sim";8;0;2;1;5;0;3;7;-27,602955;-48,580509;"SPRF-SC";"DEL01-SC";"UOP01-DEL01-SC"
477224;2022-09-27;"terça-feira";"14:00:00";"MG";354;741,2;"POUSO ALTO";"Mal súbito do condutor";"Saída de leito carroçável";"Com Vítimas Feridas";"Pleno dia";"Crescente";"Nublado";"Simples";"Curva";"Não";2;0;2;0;0;0;2;1;-22,22214207;-44,93331208;"SPRF-MG";"DEL17-MG";"UOP01-DEL17-MG"
477227;2022-09-27;"terça-feira";"14:30:00";"MG";40;489,6;"ESMERALDAS";"Ausência de reação do condutor";"Saída de leito carroçável";"Com Vítimas Feridas";"Pleno dia";"Crescente";"Nublado";"Dupla";"Reta";"Não";1;0;1;0;0;0;1;1;-19,61486882;-44,21456588;"SPRF-MG";"DEL02-MG";"UOP01-DEL02-MG"
477228;2022-09-27;"terça-feira";"12:50:00";"BA";430;423;"CAETITE";"Avarias e/ou desgaste excessivo no pneu";"Saída de leito carroçável";"Com Vítimas Feridas";"Pleno dia";"Crescente";"Céu Claro";"Simples";"Reta";"Não";1;0;0;1;0;0;1;1;-14,018235;-42,530666;"SPRF-BA";"DEL08-BA";"UOP01-DEL08-BA"
477229;2022-09-27;"terça-feira";"14:40:00";"SP";116;304;"SAO LOURENCO DA SERRA";"Pedestre cruzava a pista fora da faixa";"Atropelamento de Pedestre";"Com Vítimas Feridas";"Pleno dia";"Crescente";"Céu Claro";"Dupla";"Reta";"Não";2;0;0;2;0;0;2;2;-23,835151;-46,92964497;"SPRF-SP";"DEL04-SP";"UOP01-DEL04-SP"
477230;2022-09-27;"terça-feira";"14:22:00";"MA";10;254;"IMPERATRIZ";"Trafegar com motocicleta (ou similar) entre as faixas";"Colisão lateral mesmo sentido";"Com Vítimas Feridas";"Pleno dia";"Crescente";"Céu Claro";"Simples";"Reta";"Sim";2;0;1;0;1;0;1;2;-5,517879;-47,471581;"SPRF-MA";"DEL04-MA";"UOP01-DEL04-MA"
477233;2022-09-27;"terça-feira";"14:27:00";"MS";163;487;"CAMPO GRANDE";"Reação tardia ou ineficiente do condutor";"Colisão com objeto";"Com Vítimas Fatais";"Pleno dia";"Crescente";"Nublado";"Simples";"Reta";"Sim";1;1;0;0;0;0;0;1;-20,42493093;-54,54550758;"SPRF-MS";"DEL01-MS";"UOP02-DEL01-MS"
477234;2022-08-19;"sexta-feira";"04:00:00";"PI";316;25;"TERESINA";"Transitar na contramão";"Colisão frontal";"Com Vítimas Fatais";"Plena Noite";"Crescente";"Céu Claro";"Simples";"Reta";"Não";2;1;0;0;1;0;0;2;-5,28247202;-42,72203903;"SPRF-PI";"DEL01-PI";"UOP02-DEL01-PI"
477235;2022-09-27;"terça-feira";"14:00:00";"MA";316;261;"SANTA INES";"Condutor deixou de manter distância do veículo da frente";"Colisão traseira";"Sem Vítimas";"Pleno dia";"Decrescente";"Céu Claro";"Simples";"Reta";"Sim";2;0;0;0;2;0;0;2;-3,67007362;-45,36626296;"SPRF-MA";"DEL02-MA";"UOP01-DEL02-MA"
477237;2022-09-27;"terça-feira";"15:00:00";"BA";349;940,1;"CORRENTINA";"Reação tardia ou ineficiente do condutor";"Saída de leito carroçável";"Com Vítimas Fatais";"Pleno dia";"Crescente";"Ignorado";"Simples";"Reta";"Não";5;1;2;2;0;0;4;1;-13,52050815;-45,01647949;"SPRF-BA";"DEL10-BA";"UOP01-DEL10-BA"
477242;2022-09-27;"terça-feira";"16:10:00";"RJ";393;184,1;"PARAIBA DO SUL";"Acessar a via sem observar a presença dos outros veículos";"Colisão transversal";"Com Vítimas Feridas";"Pleno dia";"Decrescente";"Nublado";"Simples";"Reta";"Sim";2;0;1;0;0;1;1;2;-22,14296968;-43,27570421;"SPRF-RJ";"DEL05-RJ";"UOP03-DEL05-RJ"
477246;2022-09-27;"terça-feira";"16:30:00";"MG";262;380,5;"JUATUBA";"Velocidade Incompatível";"Saída de leito carroçável";"Sem Vítimas";"Pleno dia";"Crescente";"Nublado";"Dupla";"Aclive;Curva";"Não";1;0;0;0;1;0;0;1;-19,9348116;-44,435202;"SPRF-MG";"DEL01-MG";"UOP03-DEL01-MG"
477248;2022-09-27;"terça-feira";"17:01:00";"PE";101;57;"PAULISTA";"Manobra de mudança de faixa";"Colisão traseira";"Com Vítimas Feridas";"Anoitecer";"Crescente";"Céu Claro";"Dupla";"Retorno Regulamentado";"Sim";3;0;2;0;1;0;2;2;-7,96346213;-34,91513486;"SPRF-PE";"DEL01-PE";"UOP02-DEL01-PE"
477249;2022-09-27;"terça-feira";"17:00:00";"RS";386;435,5;"NOVA SANTA RITA";"Velocidade Incompatível";"Tombamento";"Com Vítimas Feridas";"Pleno dia";"Decrescente";"Céu Claro";"Dupla";"Curva";"Sim";1;0;1;0;0;0;1;1;-29,84832772;-51,26949068;"SPRF-RS";"DEL04-RS";"UOP02-DEL04-RS"
477251;2022-09-27;"terça-feira";"16:00:00";"PR";376;432;"TIBAGI";"Velocidade Incompatível";"Colisão com objeto";"Sem Vítimas";"Pleno dia";"Crescente";"Chuva";"Dupla";"Curva";"Não";2;0;0;0;2;0;0;1;-24,75487922;-50,53506017;"SPRF-PR";"DEL03-PR";"UOP02-DEL03-PR"
477252;2022-09-27;"terça-feira";"13:35:00";"BA";324;619;"SALVADOR";"Reação tardia ou ineficiente do condutor";"Saída de leito carroçável";"Com Vítimas Feridas";"Pleno dia";"Crescente";"Céu Claro";"Múltipla";"Reta";"Sim";1;0;1;0;0;0;1;1;-12,89820999;-38,45012202;"SPRF-BA";"DEL01-BA";"UOP01-DEL01-BA"
477254;2022-09-27;"terça-feira";"17:40:00";"GO";20;150,9;"ALVORADA DO NORTE";"Ingestão de álcool pelo condutor";"Colisão com objeto";"Sem Vítimas";"Pleno dia";"Crescente";"Céu Claro";"Simples";"Reta";"Não";1;0;0;0;1;0;0;1;-14,697994;-46,648884;"SPRF-DF";"DEL02-DF";"UOP03-DEL02-DF"
477255;2022-09-27;"terça-feira";"07:31:00";"BA";116;330;"ARACI";"Demais falhas na via";"Saída de leito carroçável";"Sem Vítimas";"Pleno dia";"Decrescente";"Céu Claro";"Simples";"Reta";"Não";2;0;0;0;2;0;0;1;-11,41818405;-38,97078986;"SPRF-BA";"DEL02-BA";"UOP01-DEL02-BA"
477257;2022-09-27;"terça-feira";"17:15:00";"RS";116;152,8;"CAXIAS DO SUL";"Manobra de mudança de faixa";"Colisão lateral mesmo sentido";"Com Vítimas Feridas";"Pleno dia";"Crescente";"Nublado";"Simples";"Reta";"Sim";2;0;1;0;1;0;1;2;-29,18579758;-51,17713005;"SPRF-RS";"DEL05-RS";"UOP01-DEL05-RS"
477259;2022-09-27;"terça-feira";"17:30:00";"DF";20;22,2;"BRASILIA";"Acessar a via sem observar a presença dos outros veículos";"Colisão traseira";"Com Vítimas Feridas";"Pleno dia";"Crescente";"Nublado";"Dupla";"Reta";"Sim";2;0;1;0;1;0;1;2;-15,59834;-47,676186;"SPRF-DF";"DEL02-DF";"UOP01-DEL02-DF"
477261;2022-09-27;"terça-feira";"17:30:00";"SP";381;62;"MAIRIPORA";"Ausência de reação do condutor";"Colisão lateral mesmo sentido";"Sem Vítimas";"Anoitecer";"Crescente";"Chuva";"Dupla";"Curva";"Sim";2;0;0;0;1;1;0;2;-23,29437896;-46,57254696;"SPRF-SP";"DEL03-SP";"UOP01-DEL03-SP"
477263;2022-09-27;"terça-feira";"17:35:00";"SC";282;3,5;"FLORIANOPOLIS";"Trafegar com motocicleta (ou similar) entre as faixas";"Colisão traseira";"Com Vítimas Feridas";"Anoitecer";"Crescente";"Nublado";"Dupla";"Reta";"Sim";3;0;0;1;2;0;1;3;-27,600384;-48,599705;"SPRF-SC";"DEL01-SC";"UOP01-DEL01-SC"
477264;2022-09-27;"terça-feira";"17:52:00";"MG";262;396,9;"PARA DE MINAS";"Avarias e/ou desgaste excessivo no pneu";"Tombamento";"Com Vítimas Feridas";"Anoitecer";"Crescente";"Nublado";"Dupla";"Reta";"Não";1;0;1;0;0;0;1;1;-19,8933487;-44,5759017;"SPRF-MG";"DEL01-MG";"UOP03-DEL01-MG"
477265;2022-09-27;"terça-feira";"18:00:00";"PE";408;101;"SAO LOURENCO DA MATA";"Avarias e/ou desgaste excessivo no pneu";"Tombamento";"Com Vítimas Feridas";"Plena Noite";"Crescente";"Céu Claro";"Dupla";"Reta";"Não";2;0;2;0;0;0;2;1;-8,04710272;-35,00887967;"SPRF-PE";"DEL01-PE";"UOP01-DEL01-PE"
477266;2022-09-27;"terça-feira";"18:00:00";"RS";116;149,5;"CAXIAS DO SUL";"Condutor deixou de manter distância do veículo da frente";"Colisão traseira";"Com Vítimas Feridas";"Pleno dia";"Crescente";"Nublado";"Dupla";"Curva";"Sim";3;0;1;0;2;0;1;3;-29,15996905;-51,15645292;"SPRF-RS";"DEL05-RS";"UOP01-DEL05-RS"
477269;2022-09-27;"terça-feira";"17:59:00";"RN";304;262;"SANTA MARIA";"Animais na Pista";"Atropelamento de Animal";"Com Vítimas Feridas";"Plena Noite";"Decrescente";"Céu Claro";"Simples";"Reta";"Não";1;0;1;0;0;0;1;1;-5,85243381;-35,64756396;"SPRF-RN";"DEL01-RN";"UOP02-DEL01-RN"
477270;2022-09-27;"terça-feira";"17:30:00";"MS";158;337;"BRASILANDIA";"Ausência de reação do condutor";"Colisão lateral mesmo sentido";"Com Vítimas Feridas";"Anoitecer";"Crescente";"Chuva";"Simples";"Reta";"Não";3;0;1;1;1;0;2;2;-21,23085992;-52,02208612;"SPRF-MS";"DEL07-MS";"UOP01-DEL07-MS"
477271;2022-09-27;"terça-feira";"18:20:00";"TO";153;334;"GUARAI";"Reação tardia ou ineficiente do condutor";"Atropelamento de Pedestre";"Com Vítimas Feridas";"Plena Noite";"Decrescente";"Céu Claro";"Simples";"Reta";"Sim";2;0;2;0;0;0;2;2;-8,835718;-48,512123;"SPRF-TO";"DEL02-TO";"UOP02-DEL02-TO"
477272;2022-09-27;"terça-feira";"18:00:00";"RJ";101;65;"CAMPOS DOS GOYTACAZES";"Acessar a via sem observar a presença dos outros veículos";"Colisão traseira";"Com Vítimas Feridas";"Plena Noite";"Crescente";"Nublado";"Simples";"Reta";"Sim";2;0;1;0;1;0;1;2;-21,75371806;-41,344292;"SPRF-RJ";"DEL08-RJ";"UOP02-DEL08-RJ"
477274;2022-09-27;"terça-feira";"17:50:00";"PE";407;127,6;"PETROLINA";"Transitar no acostamento";"Colisão lateral mesmo sentido";"Com Vítimas Feridas";"Anoitecer";"Crescente";"Céu Claro";"Dupla";"Reta";"Sim";2;0;2;0;0;0;2;2;-9,3908678;-40,52038627;"SPRF-PE";"DEL06-PE";"UOP01-DEL06-PE"
477275;2022-09-27;"terça-feira";"18:25:00";"AL";104;90;"RIO LARGO";"Condutor Dormindo";"Colisão com objeto";"Com Vítimas Feridas";"Plena Noite";"Crescente";"Céu Claro";"Dupla";"Reta";"Sim";1;0;1;0;0;0;1;1;-9,50059087;-35,81127569;"SPRF-AL";"DEL01-AL";"UOP01-DEL01-AL"
477276;2022-09-27;"terça-feira";"18:40:00";"AL";104;90;"RIO LARGO";"Reação tardia ou ineficiente do condutor";"Colisão traseira";"Com Vítimas Feridas";"Plena Noite";"Decrescente";"Céu Claro";"Dupla";"Reta";"Não";3;0;2;0;1;0;2;2;-9,50059087;-35,81127569;"SPRF-AL";"DEL01-AL";"UOP01-DEL01-AL"
477277;2022-09-27;"terça-feira";"19:00:00";"TO";153;489;"PARAISO DO TOCANTINS";"Ingestão de álcool pelo condutor";"Queda de ocupante de veículo";"Com Vítimas Feridas";"Plena Noite";"Crescente";"Céu Claro";"Simples";"Reta";"Não";1;0;0;1;0;0;1;1;-10,117185;-48,879249;"SPRF-TO";"DEL01-TO";"UOP01-DEL01-TO"
477278;2022-09-27;"terça-feira";"18:10:00";"RJ";101;564;"PARATY";"Pedestre andava na pista";"Atropelamento de Pedestre";"Com Vítimas Feridas";"Plena Noite";"Crescente";"Chuva";"Simples";"Reta";"Não";2;0;1;0;1;0;1;2;-23,14344223;-44,69851328;"SPRF-RJ";"DEL03-RJ";"UOP04-DEL03-RJ"
477279;2022-09-27;"terça-feira";"17:20:00";"RO";364;342;"JI-PARANA";"Demais falhas mecânicas ou elétricas";"Colisão traseira";"Com Vítimas Feridas";"Pleno dia";"Decrescente";"Céu Claro";"Dupla";"Reta";"Sim";2;0;2;0;0;0;2;2;-10,88381227;-61,93741416;"SPRF-RO";"DEL02-RO";"UOP01-DEL02-RO"
477280;2022-09-27;"terça-feira";"18:00:00";"RJ";465;0;"SEROPEDICA";"Reação tardia ou ineficiente do condutor";"Colisão transversal";"Sem Vítimas";"Plena Noite";"Crescente";"Céu Claro";"Simples";"Reta";"Não";3;0;0;0;2;1;0;2;-22,713446;-43,734077;"SPRF-RJ";"DEL01-RJ";"UOP03-DEL01-RJ"
477282;2022-09-27;"terça-feira";"19:00:00";"SC";280;123;"RIO NEGRINHO";"Transitar no acostamento";"Atropelamento de Pedestre";"Com Vítimas Feridas";"Plena Noite";"Decrescente";"Céu Claro";"Simples";"Reta";"Não";3;0;1;0;1;1;1;2;-26,24420169;-49,46557991;"SPRF-SC";"DEL06-SC";"UOP03-DEL06-SC"
477283;2022-09-27;"terça-feira";"18:30:00";"RJ";116;184;"NOVA IGUACU";"Deficiência do Sistema de Iluminação/Sinalização";"Colisão lateral mesmo sentido";"Com Vítimas Feridas";"Plena Noite";"Decrescente";"Nublado";"Múltipla";"Reta";"Sim";2;0;1;0;1;0;1;2;-22,74647215;-43,44594311;"SPRF-RJ";"DEL01-RJ";"UOP02-DEL01-RJ"
477284;2022-09-27;"terça-feira";"19:20:00";"SP";116;51,6;"LORENA";"Falta de acostamento";"Atropelamento de Pedestre";"Com Vítimas Fatais";"Plena Noite";"Crescente";"Nublado";"Dupla";"Reta";"Sim";3;1;0;0;1;1;0;2;-22,74487885;-45,09703159;"SPRF-SP";"DEL08-SP";"UOP02-DEL08-SP"
477286;2022-09-27;"terça-feira";"20:00:00";"RJ";116;102;"GUAPIMIRIM";"Problema com o freio";"Saída de leito carroçável";"Com Vítimas Feridas";"Plena Noite";"Decrescente";"Nublado";"Simples";"Declive";"Sim";2;0;1;0;1;0;1;1;-22,49820581;-42,99844401;"SPRF-RJ";"DEL04-RJ";"UOP01-DEL04-RJ"
477287;2022-09-27;"terça-feira";"05:30:00";"PA";230;1141;"ITAITUBA";"Reação tardia ou ineficiente do condutor";"Saída de leito carroçável";"Com Vítimas Feridas";"Amanhecer";"Decrescente";"Sol";"Simples";"Reta";"Não";1;0;0;1;0;0;1;1;-4;-56;"SPRF-PA";"DEL05-PA";"UOP01-DEL05-PA"
477289;2022-09-27;"terça-feira";"20:10:00";"RJ";40;86;"PETROPOLIS";"Chuva";"Saída de leito carroçável";"Com Vítimas Feridas";"Plena Noite";"Decrescente";"Chuva";"Dupla";"Curva";"Não";3;0;2;1;0;0;3;1;-22,53575484;-43,23295774;"SPRF-RJ";"DEL06-RJ";"UOP01-DEL06-RJ"
477294;2022-09-27;"terça-feira";"18:00:00";"MS";163;20;"MUNDO NOVO";"Acessar a via sem observar a presença dos outros veículos";"Colisão transversal";"Com Vítimas Feridas";"Plena Noite";"Crescente";"Chuva";"Simples";"Reta";"Sim";2;0;0;2;0;0;2;2;-23,92529776;-54,2835309;"SPRF-MS";"DEL09-MS";"UOP02-DEL09-MS"
477295;2022-09-27;"terça-feira";"20:00:00";"PR";369;207,1;"APUCARANA";"Chuva";"Atropelamento de Pedestre";"Com Vítimas Feridas";"Plena Noite";"Decrescente";"Chuva";"Simples";"Interseção de Vias";"Sim";2;0;1;1;0;0;2;2;-23,56293194;-51,48848355;"SPRF-PR";"DEL07-PR";"UOP03-DEL07-PR"
477296;2022-09-27;"terça-feira";"18:50:00";"MS";163;20;"MUNDO NOVO";"Ausência de reação do condutor";"Colisão transversal";"Sem Vítimas";"Plena Noite";"Crescente";"Chuva";"Simples";"Reta";"Sim";5;0;0;0;4;1;0;3;-23,92286498;-54,28561449;"SPRF-MS";"DEL09-MS";"UOP02-DEL09-MS"
477298;2022-09-27;"terça-feira";"21:00:00";"SP";116;414;"JUQUIA";"Demais falhas mecânicas ou elétricas";"Incêndio";"Sem Vítimas";"Pleno dia";"Decrescente";"Garoa/Chuvisco";"Dupla";"Retorno Regulamentado";"Sim";1;0;0;0;1;0;0;1;-24,34184089;-47,64612417;"SPRF-SP";"DEL05-SP";"UOP01-DEL05-SP"
477302;2022-09-27;"terça-feira";"18:30:00";"MG";116;549,9;"SANTA BARBARA DO LESTE";"Conversão proibida";"Colisão transversal";"Com Vítimas Feridas";"Plena Noite";"Crescente";"Nublado";"Simples";"Reta;Declive";"Não";2;0;0;1;1;0;1;2;-19,96608849;-42,13561535;"SPRF-MG";"DEL06-MG";"UOP02-DEL06-MG"
477303;2022-09-27;"terça-feira";"17:55:00";"MG";116;409;"GOVERNADOR VALADARES";"Acessar a via sem observar a presença dos outros veículos";"Colisão transversal";"Com Vítimas Feridas";"Anoitecer";"Crescente";"Nublado";"Simples";"Retorno Regulamentado";"Sim";2;0;1;0;1;0;1;2;-18,84936788;-41,97891368;"SPRF-MG";"DEL06-MG";"UOP01-DEL06-MG"
477305;2022-09-27;"terça-feira";"16:00:00";"MG";116;556,2;"MANHUACU";"Ausência de reação do condutor";"Saída de leito carroçável";"Com Vítimas Feridas";"Pleno dia";"Crescente";"Garoa/Chuvisco";"Simples";"Declive";"Não";1;0;1;0;0;0;1;1;-20,00951495;-42,15178013;"SPRF-MG";"DEL06-MG";"UOP02-DEL06-MG"
477306;2022-09-27;"terça-feira";"21:30:00";"GO";40;3;"VALPARAISO DE GOIAS";"Ingestão de álcool pelo condutor";"Colisão lateral mesmo sentido";"Sem Vítimas";"Plena Noite";"Decrescente";"Céu Claro";"Dupla";"Reta";"Sim";2;0;0;0;2;0;0;2;-16,076081;-47,985671;"SPRF-DF";"DEL01-DF";"UOP01-DEL01-DF"
477307;2022-09-27;"terça-feira";"17:45:00";"RJ";101;316;"NITEROI";"Avarias e/ou desgaste excessivo no pneu";"Tombamento";"Com Vítimas Feridas";"Pleno dia";"Decrescente";"Céu Claro";"Dupla";"Reta";"Sim";2;0;1;0;1;0;1;1;-22,82835879;-43,09208739;"SPRF-RJ";"DEL02-RJ";"UOP02-DEL02-RJ"
477309;2022-09-27;"terça-feira";"17:15:00";"RO";364;909;"PORTO VELHO";"Pista em desnível";"Saída de leito carroçável";"Com Vítimas Feridas";"Pleno dia";"Crescente";"Céu Claro";"Simples";"Reta";"Não";2;0;2;0;0;0;2;1;-9,71907895;-65,20508401;"SPRF-RO";"DEL01-RO";"UOP02-DEL01-RO"
477310;2022-09-16;"sexta-feira";"08:20:00";"PR";116;39,5;"CAMPINA GRANDE DO SUL";"Chuva";"Saída de leito carroçável";"Com Vítimas Feridas";"Pleno dia";"Decrescente";"Chuva";"Dupla";"Curva";"Não";2;0;2;0;0;0;2;1;-25,156168;-48,8613401;"SPRF-PR";"DEL01-PR";"UOP02-DEL01-PR"
477311;2022-09-27;"terça-feira";"18:30:00";"MG";365;365;"PATOS DE MINAS";"Falta de elemento de contenção que evite a saída do leito carroçável";"Saída de leito carroçável";"Com Vítimas Feridas";"Anoitecer";"Crescente";"Céu Claro";"Simples";"Curva";"Não";2;0;1;0;1;0;1;1;-18,52964545;-46,14723444;"SPRF-MG";"DEL10-MG";"UOP01-DEL10-MG"