"id";"data_inversa";"dia_semana";"horario";"uf";"br";"km";"municipio";"causa_acidente";"tipo_acidente";"classificacao_acidente";"fase_dia";"sentido_via";"condicao_metereologica";"tipo_pista";"tracado_via";"uso_solo";"pessoas";"mortos";"feridos_leves";"feridos_graves";"ilesos";"ignorados";"feridos";"veiculos";"latitude";"longitude";"regional";"delegacia";"uop"
477314;2022-09-27;"terça-feira";"23:10:00";"PR";277;69,6;"SAO JOSE DOS PINHAIS";"Entrada inopinada do pedestre";"Atropelamento de Pedestre";"Com Vítimas Feridas";"Plena Noite";"Crescente";"Céu Claro";"Dupla";"Reta";"Não";2;0;1;0;1;0;1;2;-25,53214123;-49,08154964;"SPRF-PR";"DEL01-PR";"UOP01-DEL01-PR"
477315;2022-09-27;"terça-feira";"23:15:00";"PR";476;119;"COLOMBO";"Entrada inopinada do pedestre";"Atropelamento de Pedestre";"Com Vítimas Feridas";"Plena Noite";"Crescente";"Céu Claro";"Múltipla";"Reta";"Sim";2;0;0;1;1;0;1;2;-25,364202;-49,185825;"SPRF-PR";"DEL01-PR";"UOP01-DEL01-PR"
477317;2022-09-27;"terça-feira";"23:50:00";"MG";146;481,3;"POCOS DE CALDAS";"Animais na Pista";"Atropelamento de Animal";"Com Vítimas Feridas";"Plena Noite";"Decrescente";"Céu Claro";"Simples";"Declive;Curva";"Não";1;0;1;0;0;0;1;1;-21,7671503;-46,4201536;"SPRF-MG";"DEL09-MG";"UOP01-DEL09-MG"
477318;2022-09-27;"terça-feira";"23:30:00";"PE";101;69;"RECIFE";"Manobra de mudança de faixa";"Colisão lateral mesmo sentido";"Sem Vítimas";"Plena Noite";"Crescente";"Céu Claro";"Dupla";"Viaduto";"Sim";2;0;0;0;2;0;0;2;-8,05951606;-34,94581024;"SPRF-PE";"DEL01-PE";"UOP01-DEL01-PE"
477319;2022-09-28;"quarta-feira";"00:01:00";"SC";282;547,2;"CHAPECO";"Ingestão de álcool pelo condutor";"Saída de leito carroçável";"Com Vítimas Feridas";"Plena Noite";"Crescente";"Nublado";"Simples";"Em Obras";"Não";1;0;1;0;0;0;1;1;-26,973904;-52,745403;"SPRF-SC";"DEL07-SC";"UOP01-DEL07-SC"
477320;2022-09-27;"terça-feira";"23:10:00";"SC";101;278,3;"IMBITUBA";"Velocidade Incompatível";"Saída de leito carroçável";"Com Vítimas Feridas";"Plena Noite";"Crescente";"Nublado";"Simples";"Reta";"Sim";1;0;0;1;0;0;1;1;-28,16300604;-48,6939345;"SPRF-SC";"DEL02-SC";"UOP03-DEL02-SC"
477323;2022-09-28;"quarta-feira";"01:30:00";"PR";369;149,3;"LONDRINA";"Ingestão de álcool pelo condutor";"Colisão traseira";"Com Vítimas Feridas";"Plena Noite";"Decrescente";"Chuva";"Dupla";"Reta";"Sim";2;0;1;0;1;0;1;2;-23,292952;-51,156595;"SPRF-PR";"DEL07-PR";"UOP01-DEL07-PR"
477324;2022-09-28;"quarta-feira";"02:15:00";"ES";101;58,9;"SAO MATEUS";"Ingestão de álcool pelo condutor";"Colisão traseira";"Com Vítimas Feridas";"Plena Noite";"Crescente";"Céu Claro";"Simples";"Declive";"Não";2;0;0;1;1;0;1;2;-18,65547194;-39,87148278;"SPRF-ES";"DEL04-ES";"UOP02-DEL04-ES"
477327;2022-09-28;"quarta-feira";"03:40:00";"SP";153;67,7;"SAO JOSE DO RIO PRETO";"Reação tardia ou ineficiente do condutor";"Saída de leito carroçável";"Com Vítimas Feridas";"Plena Noite";"Crescente";"Nublado";"Dupla";"Reta";"Sim";1;0;1;0;0;0;1;1;-20,84853593;-49,37585608;"SPRF-SP";"DEL09-SP";"UOP01-DEL09-SP"
477329;2022-09-27;"terça-feira";"22:00:00";"TO";226;40;"DARCINOPOLIS";"Animais na Pista";"Colisão com objeto";"Com Vítimas Feridas";"Plena Noite";"Crescente";"Céu Claro";"Simples";"Reta";"Não";1;0;1;0;0;0;1;1;-6,713252;-47,757927;"SPRF-TO";"DEL02-TO";"UOP03-DEL02-TO"
477330;2022-09-28;"quarta-feira";"04:20:00";"MG";262;148,3;"SAO DOMINGOS DO PRATA";"Reação tardia ou ineficiente do condutor";"Saída de leito carroçável";"Com Vítimas Feridas";"Plena Noite";"Crescente";"Garoa/Chuvisco";"Simples";"Reta";"Não";1;0;1;0;0;0;1;1;-20,0130291;-42,74983565;"SPRF-MG";"DEL03-MG";"UOP03-DEL03-MG"
477331;2022-09-28;"quarta-feira";"04:30:00";"PR";376;438;"TIBAGI";"Reação tardia ou ineficiente do condutor";"Colisão com objeto";"Sem Vítimas";"Plena Noite";"Crescente";"Garoa/Chuvisco";"Dupla";"Curva";"Não";2;0;0;0;2;0;0;1;-24,79836995;-50,49478034;"SPRF-PR";"DEL03-PR";"UOP02-DEL03-PR"
477332;2022-09-28;"quarta-feira";"04:10:00";"MS";262;15;"TRES LAGOAS";"Ausência de reação do condutor";"Colisão traseira";"Com Vítimas Feridas";"Plena Noite";"Decrescente";"Chuva";"Simples";"Curva";"Sim";2;0;0;1;0;1;1;2;-20,81325288;-51,73650801;"SPRF-MS";"DEL07-MS";"UOP01-DEL07-MS"
477334;2022-09-28;"quarta-feira";"06:25:00";"MG";40;514;"RIBEIRAO DAS NEVES";"Manobra de mudança de faixa";"Colisão traseira";"Com Vítimas Feridas";"Pleno dia";"Crescente";"Nublado";"Dupla";"Reta";"Não";2;0;2;0;0;0;2;2;-19,80151928;-44,10000333;"SPRF-MG";"DEL01-MG";"UOP02-DEL01-MG"
477335;2022-09-28;"quarta-feira";"06:30:00";"RN";101;82;"NATAL";"Acessar a via sem observar a presença dos outros veículos";"Colisão lateral mesmo sentido";"Com Vítimas Feridas";"Pleno dia";"Crescente";"Céu Claro";"Dupla";"Reta";"Sim";3;0;2;0;1;0;2;2;-5,76791511;-35,27456305;"SPRF-RN";"DEL02-RN";"UOP01-DEL02-RN"
477336;2022-09-28;"quarta-feira";"07:00:00";"DF";60;8,1;"BRASILIA";"Trafegar com motocicleta (ou similar) entre as faixas";"Colisão lateral mesmo sentido";"Com Vítimas Feridas";"Pleno dia";"Decrescente";"Céu Claro";"Dupla";"Aclive;Reta";"Não";3;0;1;0;2;0;1;3;-15,904178;-48,132121;"SPRF-DF";"DEL03-DF";"UOP01-DEL03-DF"
477337;2022-09-28;"quarta-feira";"00:50:00";"MG";40;613,8;"CONGONHAS";"Ingestão de álcool pelo condutor";"Saída de leito carroçável";"Com Vítimas Feridas";"Plena Noite";"Crescente";"Céu Claro";"Simples";"Reta";"Não";2;0;2;0;0;0;2;1;-20,52319889;-43,8291359;"SPRF-MG";"DEL05-MG";"UOP02-DEL05-MG"
477338;2022-09-28;"quarta-feira";"07:00:00";"MG";40;611;"CONGONHAS";"Conversão proibida";"Colisão transversal";"Com Vítimas Feridas";"Pleno dia";"Decrescente";"Céu Claro";"Simples";"Curva;Interseção de Vias";"Sim";2;0;1;0;0;1;1;2;-20,51043545;-43,84039195;"SPRF-MG";"DEL05-MG";"UOP02-DEL05-MG"
477339;2022-09-28;"quarta-feira";"07:14:00";"RN";304;47;"MOSSORO";"Manobra de mudança de faixa";"Colisão lateral mesmo sentido";"Com Vítimas Feridas";"Pleno dia";"Decrescente";"Céu Claro";"Dupla";"Interseção de Vias;Reta";"Sim";3;0;2;0;1;0;2;2;-5,2269934;-37,3226316;"SPRF-RN";"DEL04-RN";"UOP01-DEL04-RN"
477341;2022-09-28;"quarta-feira";"07:20:00";"RS";116;265;"CANOAS";"Trafegar com motocicleta (ou similar) entre as faixas";"Colisão lateral mesmo sentido";"Com Vítimas Feridas";"Pleno dia";"Crescente";"Céu Claro";"Dupla";"Reta";"Sim";2;0;1;0;1;0;1;2;-29,92342302;-51,17780944;"SPRF-RS";"DEL01-RS";"UOP01-DEL01-RS"
477342;2022-09-28;"quarta-feira";"06:30:00";"SP";381;14;"BRAGANCA PAULISTA";"Acumulo de água sobre o pavimento";"Capotamento";"Com Vítimas Feridas";"Pleno dia";"Decrescente";"Chuva";"Dupla";"Reta";"Não";2;0;1;0;1;0;1;1;-22,94112083;-46,47449533;"SPRF-SP";"DEL03-SP";"UOP01-DEL03-SP"
477343;2022-09-28;"quarta-feira";"08:00:00";"PE";101;64;"RECIFE";"Condutor deixou de manter distância do veículo da frente";"Colisão lateral mesmo sentido";"Com Vítimas Feridas";"Pleno dia";"Crescente";"Céu Claro";"Dupla";"Reta";"Não";2;0;1;0;0;1;1;2;-8,0162921;-34,94045886;"SPRF-PE";"DEL01-PE";"UOP01-DEL01-PE"
477344;2022-09-28;"quarta-feira";"07:30:00";"GO";153;493;"GOIANIA";"Velocidade Incompatível";"Colisão lateral mesmo sentido";"Com Vítimas Feridas";"Pleno dia";"Crescente";"Céu Claro";"Dupla";"Reta";"Sim";3;0;0;1;2;0;1;2;-16,6537;-49,2172;"SPRF-GO";"DEL01-GO";"UOP01-DEL01-GO"
477346;2022-09-28;"quarta-feira";"07:50:00";"BA";116;20,5;"VITORIA DA CONQUISTA";"Ausência de reação do condutor";"Queda de ocupante de veículo";"Com Vítimas Feridas";"Pleno dia";"Decrescente";"Céu Claro";"Simples";"Reta";"Não";1;0;1;0;0;0;1;1;-14,88773;-40,81392;"SPRF-PE";"DEL05-PE";"UOP03-DEL05-PE"
477347;2022-09-28;"quarta-feira";"06:45:00";"PB";230;7;"CABEDELO";"Reação tardia ou ineficiente do condutor";"Saída de leito carroçável";"Sem Vítimas";"Pleno dia";"Decrescente";"Sol";"Simples";"Reta";"Sim";1;0;0;0;0;1;0;1;-7,026;-34,8385;"SPRF-PB";"DEL01-PB";"UOP01-DEL01-PB"
477349;2022-09-12;"segunda-feira";"19:50:00";"PA";155;266;"ELDORADO DO CARAJAS";"Manobra de mudança de faixa";"Colisão frontal";"Com Vítimas Fatais";"Plena Noite";"Crescente";"Céu Claro";"Simples";"Reta";"Não";3;1;0;0;2;0;0;2;-6,00800036;-49,25711559;"SPRF-PA";"DEL03-PA";"UOP01-DEL03-PA"
477350;2022-09-28;"quarta-feira";"08:00:00";"RJ";101;332;"RIO DE JANEIRO";"Condutor deixou de manter distância do veículo da frente";"Colisão traseira";"Com Vítimas Feridas";"Pleno dia";"Crescente";"Chuva";"Múltipla";"Ponte";"Sim";3;0;2;0;1;0;2;2;-22,87133305;-43,20407695;"SPRF-RJ";"DEL02-RJ";"UOP01-DEL02-RJ"
477351;2022-09-28;"quarta-feira";"08:00:00";"PR";476;130;"CURITIBA";"Trafegar com motocicleta (ou similar) entre as faixas";"Colisão traseira";"Com Vítimas Feridas";"Pleno dia";"Crescente";"Nublado";"Dupla";"Reta";"Sim";3;0;1;0;2;0;1;3;-25,449564;-49,236427;"SPRF-PR";"DEL01-PR";"UOP01-DEL01-PR"
477355;2022-09-28;"quarta-feira";"08:30:00";"PR";153;336;"IRATI";"Acessar a via sem observar a presença dos outros veículos";"Colisão transversal";"Com Vítimas Feridas";"Pleno dia";"Crescente";"Nublado";"Simples";"Interseção de Vias;Aclive";"Sim";2;0;1;0;1;0;1;2;-25,49753795;-50,64815515;"SPRF-PR";"DEL08-PR";"UOP02-DEL08-PR"
477356;2022-09-28;"quarta-feira";"09:32:00";"MG";40;44,1;"PARACATU";"Desrespeitar a preferência no cruzamento";"Colisão transversal";"Com Vítimas Feridas";"Pleno dia";"Decrescente";"Céu Claro";"Simples";"Reta";"Sim";2;0;1;0;1;0;1;2;-17,23101648;-46,85390396;"SPRF-MG";"DEL14-MG";"UOP01-DEL14-MG"
477359;2022-09-11;"domingo";"07:10:00";"RJ";116;274;"BARRA MANSA";"Reação tardia ou ineficiente do condutor";"Colisão com objeto";"Com Vítimas Feridas";"Amanhecer";"Crescente";"Nublado";"Simples";"Interseção de Vias";"Sim";1;0;1;0;0;0;1;1;-22,56163574;-44,14771584;"SPRF-RJ";"DEL07-RJ";"UOP02-DEL07-RJ"
477362;2022-09-28;"quarta-feira";"08:45:00";"RJ";116;80;"TERESOPOLIS";"Acessar a via sem observar a presença dos outros veículos";"Colisão transversal";"Com Vítimas Feridas";"Pleno dia";"Decrescente";"Chuva";"Simples";"Rotatória";"Sim";2;0;1;0;1;0;1;2;-22,39006974;-42,9533628;"SPRF-RJ";"DEL04-RJ";"UOP01-DEL04-RJ"
477364;2022-09-28;"quarta-feira";"10:00:00";"PR";277;5,5;"PARANAGUA";"Conversão proibida";"Colisão transversal";"Com Vítimas Feridas";"Pleno dia";"Decrescente";"Nublado";"Simples";"Rotatória";"Sim";2;0;1;0;1;0;1;2;-25,51469175;-48,52242172;"SPRF-PR";"DEL01-PR";"UOP05-DEL01-PR"
477366;2022-09-28;"quarta-feira";"09:55:00";"GO";40;11,7;"VALPARAISO DE GOIAS";"Acessar a via sem observar a presença dos outros veículos";"Colisão transversal";"Com Vítimas Feridas";"Pleno dia";"Crescente";"Céu Claro";"Dupla";"Reta";"Sim";2;0;1;0;1;0;1;2;-16,138336;-47,951644;"SPRF-DF";"DEL01-DF";"UOP01-DEL01-DF"
477367;2022-09-28;"quarta-feira";"10:00:00";"PA";155;342;"MARABA";"Condutor deixou de manter distância do veículo da frente";"Colisão traseira";"Com Vítimas Feridas";"Pleno dia";"Crescente";"Céu Claro";"Simples";"Reta";"Sim";2;0;2;0;0;0;2;2;-5,37851903;-49,07674765;"SPRF-PA";"DEL03-PA";"UOP01-DEL03-PA"
477368;2022-09-28;"quarta-feira";"10:10:00";"CE";116;5;"FORTALEZA";"Acessar a via sem observar a presença dos outros veículos";"Colisão traseira";"Com Vítimas Feridas";"Pleno dia";"Decrescente";"Céu Claro";"Dupla";"Reta";"Sim";2;0;1;0;0;1;1;2;-3,79467116;-38,50772734;"SPRF-CE";"DEL01-CE";"UOP02-DEL01-CE"
477370;2022-09-28;"quarta-feira";"10:54:00";"SC";101;217,4;"PALHOCA";"Acessar a via sem observar a presença dos outros veículos";"Colisão traseira";"Com Vítimas Feridas";"Pleno dia";"Crescente";"Nublado";"Múltipla";"Reta";"Sim";3;0;0;2;1;0;2;2;-27,66779034;-48,67393586;"SPRF-SC";"DEL01-SC";"UOP02-DEL01-SC"
477371;2022-09-28;"quarta-feira";"10:40:00";"RJ";101;522,5;"ANGRA DOS REIS";"Velocidade Incompatível";"Colisão com objeto";"Com Vítimas Feridas";"Pleno dia";"Decrescente";"Chuva";"Simples";"Curva";"Não";2;0;1;0;1;0;1;1;-23,00449741;-44,46944694;"SPRF-RJ";"DEL03-RJ";"UOP03-DEL03-RJ"
477372;2022-09-28;"quarta-feira";"07:50:00";"PE";423;72,4;"JUPI";"Reação tardia ou ineficiente do condutor";"Queda de ocupante de veículo";"Com Vítimas Fatais";"Pleno dia";"Decrescente";"Céu Claro";"Simples";"Interseção de Vias;Declive;Reta";"Sim";3;1;0;1;1;0;1;2;-8,70118191;-36,4154612;"SPRF-PE";"DEL03-PE";"UOP01-DEL03-PE"
477373;2022-09-28;"quarta-feira";"10:00:00";"RJ";493;101;"SEROPEDICA";"Ausência de reação do condutor";"Saída de leito carroçável";"Com Vítimas Feridas";"Pleno dia";"Crescente";"Chuva";"Dupla";"Reta";"Não";3;0;3;0;0;0;3;1;-22,74875744;-43,72595072;"SPRF-RJ";"DEL03-RJ";"UOP01-DEL03-RJ"
477379;2022-09-28;"quarta-feira";"11:05:00";"PE";104;64,2;"CARUARU";"Condutor deixou de manter distância do veículo da frente";"Colisão traseira";"Com Vítimas Feridas";"Pleno dia";"Decrescente";"Céu Claro";"Dupla";"Reta";"Sim";2;0;1;0;1;0;1;2;-8,2783;-35,9815;"SPRF-PE";"DEL02-PE";"UOP01-DEL02-PE"
477382;2022-09-28;"quarta-feira";"10:30:00";"RO";364;425,6;"JARU";"Velocidade Incompatível";"Colisão traseira";"Com Vítimas Feridas";"Pleno dia";"Decrescente";"Sol";"Dupla";"Aclive";"Sim";2;0;1;0;1;0;1;2;-10,432905;-62,478749;"SPRF-RO";"DEL03-RO";"UOP02-DEL03-RO"
477383;2022-09-28;"quarta-feira";"09:48:00";"SC";282;425,7;"VARGEM BONITA";"Transitar na contramão";"Colisão frontal";"Com Vítimas Fatais";"Pleno dia";"Decrescente";"Garoa/Chuvisco";"Simples";"Curva";"Não";2;1;0;0;1;0;0;2;-26,9818664;-51,7546046;"SPRF-SC";"DEL07-SC";"UOP05-DEL07-SC"
477385;2022-08-27;"sábado";"13:40:00";"RJ";116;167;"SAO JOAO DE MERITI";"Condutor deixou de manter distância do veículo da frente";"Colisão traseira";"Com Vítimas Feridas";"Pleno dia";"Decrescente";"Céu Claro";"Múltipla";"Reta";"Sim";2;0;1;0;1;0;1;2;-22,79715146;-43,35942149;"SPRF-RJ";"DEL01-RJ";"UOP02-DEL01-RJ"
477388;2022-09-15;"quinta-feira";"17:30:00";"BA";324;602;"SIMOES FILHO";"Modificação proibida";"Colisão lateral sentido oposto";"Sem Vítimas";"Pleno dia";"Decrescente";"Céu Claro";"Dupla";"Reta";"Não";2;0;0;0;2;0;0;2;-12,74194511;-38,43853918;"SPRF-BA";"DEL01-BA";"UOP01-DEL01-BA"
477391;2022-09-28;"quarta-feira";"13:30:00";"ES";101;269;"SERRA";"Reação tardia ou ineficiente do condutor";"Colisão lateral mesmo sentido";"Com Vítimas Feridas";"Pleno dia";"Crescente";"Nublado";"Múltipla";"Reta";"Sim";3;0;1;0;2;0;1;2;-20,21740496;-40,26990578;"SPRF-ES";"DEL02-ES";"UOP01-DEL02-ES"
477392;2022-09-28;"quarta-feira";"13:50:00";"PI";343;8;"PARNAIBA";"Acessar a via sem observar a presença dos outros veículos";"Colisão transversal";"Com Vítimas Feridas";"Pleno dia";"Crescente";"Céu Claro";"Simples";"Reta";"Sim";3;0;2;0;1;0;2;2;-2,89967774;-41,7253983;"SPRF-PI";"DEL05-PI";"UOP01-DEL05-PI"
477393;2022-09-13;"terça-feira";"09:51:00";"MT";163;747;"SORRISO";"Reação tardia ou ineficiente do condutor";"Colisão lateral mesmo sentido";"Sem Vítimas";"Pleno dia";"Decrescente";"Céu Claro";"Dupla";"Reta";"Sim";1;0;0;0;1;0;0;1;-12,69420885;-55,80767215;"SPRF-MT";"DEL06-MT";"UOP01-DEL06-MT"
477396;2022-09-28;"quarta-feira";"14:45:00";"MG";40;83,8;"PARACATU";"Ultrapassagem Indevida";"Colisão lateral mesmo sentido";"Com Vítimas Fatais";"Pleno dia";"Crescente";"Nublado";"Simples";"Reta";"Não";6;2;2;2;0;0;4;2;-17,47406205;-46,63560502;"SPRF-MG";"DEL14-MG";"UOP01-DEL14-MG"
477397;2022-09-28;"quarta-feira";"12:45:00";"PR";277;278;"PRUDENTOPOLIS";"Mal súbito do condutor";"Saída de leito carroçável";"Com Vítimas Feridas";"Pleno dia";"Decrescente";"Chuva";"Simples";"Reta";"Não";1;0;1;0;0;0;1;1;-25,37023094;-50,90232697;"SPRF-PR";"DEL08-PR";"UOP02-DEL08-PR"
477400;2022-09-28;"quarta-feira";"14:15:00";"SP";116;289;"ITAPECERICA DA SERRA";"Demais falhas na via";"Saída de leito carroçável";"Sem Vítimas";"Pleno dia";"Decrescente";"Chuva";"Dupla";"Aclive";"Não";1;0;0;0;1;0;0;1;-23,72290969;-46,89096614;"SPRF-SP";"DEL04-SP";"UOP01-DEL04-SP"
477411;2022-09-09;"sexta-feira";"11:10:00";"RO";364;712;"PORTO VELHO";"Manobra de mudança de faixa";"Colisão lateral mesmo sentido";"Sem Vítimas";"Pleno dia";"Decrescente";"Céu Claro";"Simples";"Viaduto";"Sim";6;0;0;0;4;2;0;5;-8,7770354;-63,87316466;"SPRF-RO";"DEL01-RO";"UOP01-DEL01-RO"
477413;2022-09-28;"quarta-feira";"16:45:00";"GO";70;314;"JUSSARA";"Velocidade Incompatível";"Colisão com objeto";"Com Vítimas Feridas";"Pleno dia";"Decrescente";"Céu Claro";"Dupla";"Reta;Ponte";"Sim";1;0;1;0;0;0;1;1;-15,87452456;-50,86186051;"SPRF-GO";"DEL04-GO";"UOP02-DEL04-GO"
477414;2022-09-28;"quarta-feira";"15:15:00";"PR";277;265;"PRUDENTOPOLIS";"Reação tardia ou ineficiente do condutor";"Saída de leito carroçável";"Com Vítimas Feridas";"Pleno dia";"Crescente";"Nublado";"Simples";"Reta";"Não";2;0;2;0;0;0;2;1;-25,40796469;-50,78574703;"SPRF-PR";"DEL08-PR";"UOP02-DEL08-PR"
477416;2022-09-28;"quarta-feira";"16:00:00";"GO";40;2,3;"VALPARAISO DE GOIAS";"Manobra de mudança de faixa";"Colisão transversal";"Com Vítimas Feridas";"Pleno dia";"Decrescente";"Céu Claro";"Dupla";"Reta";"Sim";2;0;1;0;1;0;1;2;-16,067129;-47,984235;"SPRF-DF";"DEL01-DF";"UOP01-DEL01-DF"
477419;2022-09-28;"quarta-feira";"17:10:00";"SC";101;125;"ITAJAI";"Ausência de reação do condutor";"Colisão traseira";"Com Vítimas Feridas";"Pleno dia";"Decrescente";"Céu Claro";"Dupla";"Reta";"Não";2;0;1;0;1;0;1;2;-26,94802427;-48,68338515;"SPRF-SC";"DEL04-SC";"UOP04-DEL04-SC"
477420;2022-09-28;"quarta-feira";"17:30:00";"SC";101;207;"SAO JOSE";"Manobra de mudança de faixa";"Colisão lateral mesmo sentido";"Com Vítimas Feridas";"Pleno dia";"Crescente";"Céu Claro";"Múltipla";"Reta";"Sim";2;0;1;0;1;0;1;2;-27,60001226;-48,6226467;"SPRF-SC";"DEL01-SC";"UOP01-DEL01-SC"
477422;2022-09-28;"quarta-feira";"17:35:00";"PR";277;601,9;"CASCAVEL";"Reação tardia ou ineficiente do condutor";"Colisão traseira";"Com Vítimas Feridas";"Pleno dia";"Crescente";"Garoa/Chuvisco";"Dupla";"Declive;Reta";"Não";4;0;1;0;3;0;1;3;-25,02399806;-53,55071772;"SPRF-PR";"DEL04-PR";"UOP01-DEL04-PR"
477423;2022-09-28;"quarta-feira";"17:40:00";"RS";116;246;"SAO LEOPOLDO";"Trafegar com motocicleta (ou similar) entre as faixas";"Colisão lateral mesmo sentido";"Com Vítimas Feridas";"Anoitecer";"Decrescente";"Nublado";"Dupla";"Curva";"Sim";2;0;1;0;1;0;1;2;-29,758751;-51,15186806;"SPRF-RS";"DEL01-RS";"UOP02-DEL01-RS"
477424;2022-09-28;"quarta-feira";"13:15:00";"MG";381;779,9;"CAMPANHA";"Demais falhas mecânicas ou elétricas";"Incêndio";"Sem Vítimas";"Pleno dia";"Crescente";"Nublado";"Dupla";"Reta";"Não";1;0;0;0;1;0;0;1;-21,83682863;-45,50981014;"SPRF-MG";"DEL16-MG";"UOP02-DEL16-MG"
477425;2022-09-28;"quarta-feira";"17:50:00";"RS";0;0;"CAXIAS DO SUL";"Velocidade Incompatível";"Colisão transversal";"Com Vítimas Feridas";"Pleno dia";"Não Informado";"Céu Claro";"Simples";"Interseção de Vias";"Sim";2;0;0;1;1;0;1;2;-29,17694502;-51,16173896;"SPRF-RS";"DEL05-RS";"UOP01-DEL05-RS"
477426;2022-09-28;"quarta-feira";"17:30:00";"BA";324;610;"SIMOES FILHO";"Ultrapassagem Indevida";"Colisão lateral mesmo sentido";"Com Vítimas Feridas";"Plena Noite";"Crescente";"Céu Claro";"Dupla";"Reta";"Não";2;0;1;0;1;0;1;2;-12,8293170277;-38,4111319266;"SPRF-BA";"DEL01-BA";"UOP01-DEL01-BA"
477427;2022-09-28;"quarta-feira";"17:50:00";"MG";381;495,6;"BETIM";"Manobra de mudança de faixa";"Colisão lateral mesmo sentido";"Com Vítimas Feridas";"Pleno dia";"Crescente";"Céu Claro";"Múltipla";"Reta";"Sim";2;0;1;0;1;0;1;2;-19,98890883;-44,20522016;"SPRF-MG";"DEL01-MG";"UOP03-DEL01-MG"
477428;2022-09-28;"quarta-feira";"18:00:00";"RS";290;87;"PORTO ALEGRE";"Manobra de mudança de faixa";"Colisão traseira";"Com Vítimas Feridas";"Anoitecer";"Decrescente";"Céu Claro";"Múltipla";"Reta";"Não";2;0;1;0;1;0;1;2;-29,967838;-51,127197;"SPRF-RS";"DEL01-RS";"UOP01-DEL01-RS"
477430;2022-09-28;"quarta-feira";"17:30:00";"SC";280;23,5;"ARAQUARI";"Frear bruscamente";"Queda de ocupante de veículo";"Com Vítimas Feridas";"Pleno dia";"Decrescente";"Nublado";"Simples";"Reta";"Sim";2;0;0;1;1;0;1;2;-26,37146;-48,711887;"SPRF-SC";"DEL03-SC";"UOP03-DEL03-SC"
477431;2022-09-28;"quarta-feira";"18:05:00";"RS";285;298;"PASSO FUNDO";"Acessar a via sem observar a presença dos outros veículos";"Colisão transversal";"Com Vítimas Feridas";"Anoitecer";"Decrescente";"Sol";"Simples";"Interseção de Vias";"Sim";7;0;3;0;4;0;3;2;-28,236414;-52,423466;"SPRF-RS";"DEL08-RS";"UOP03-DEL08-RS"
477433;2022-09-28;"quarta-feira";"16:20:00";"RJ";101;298;"ITABORAI";"Reação tardia ou ineficiente do condutor";"Engavetamento";"Com Vítimas Feridas";"Pleno dia";"Decrescente";"Chuva";"Múltipla";"Reta";"Sim";9;0;1;3;5;0;4;4;-22,7714;-42,92896;"SPRF-RJ";"DEL02-RJ";"UOP02-DEL02-RJ"
477436;2022-09-28;"quarta-feira";"18:30:00";"SC";101;192;"BIGUACU";"Reação tardia ou ineficiente do condutor";"Colisão traseira";"Com Vítimas Feridas";"Plena Noite";"Decrescente";"Nublado";"Múltipla";"Desvio Temporário;Em Obras;Reta";"Sim";2;0;1;0;1;0;1;2;-27,48443781;-48,64765238;"SPRF-SC";"DEL01-SC";"UOP01-DEL01-SC"
477440;2022-09-28;"quarta-feira";"18:50:00";"SP";116;204;"GUARULHOS";"Estacionar ou parar em local proibido";"Colisão traseira";"Sem Vítimas";"Plena Noite";"Decrescente";"Chuva";"Múltipla";"Reta";"Sim";2;0;0;0;1;1;0;2;-23,41236123;-46,35692496;"SPRF-SP";"DEL01-SP";"UOP01-DEL01-SP"
477441;2022-09-28;"quarta-feira";"19:00:00";"SP";116;218;"GUARULHOS";"Manobra de mudança de faixa";"Colisão traseira";"Com Vítimas Feridas";"Plena Noite";"Decrescente";"Chuva";"Múltipla";"Reta";"Sim";3;0;1;0;2;0;1;3;-23,457972;-46,479927;"SPRF-SP";"DEL01-SP";"UOP01-DEL01-SP"
477443;2022-09-28;"quarta-feira";"18:40:00";"CE";116;3;"FORTALEZA";"Ausência de reação do condutor";"Colisão traseira";"Sem Vítimas";"Plena Noite";"Crescente";"Céu Claro";"Múltipla";"Reta";"Sim";2;0;0;0;2;0;0;2;-3,77866493;-38,51490171;"SPRF-CE";"DEL01-CE";"UOP02-DEL01-CE"
477444;2022-09-28;"quarta-feira";"19:10:00";"MG";262;172;"SAO DOMINGOS DO PRATA";"Animais na Pista";"Atropelamento de Animal";"Sem Vítimas";"Plena Noite";"Crescente";"Nublado";"Simples";"Reta";"Não";3;0;0;0;3;0;0;1;-19,94599643;-42,93527926;"SPRF-MG";"DEL03-MG";"UOP01-DEL03-MG"
477446;2022-09-28;"quarta-feira";"18:25:00";"PR";376;162,9;"MARINGA";"Acessar a via sem observar a presença dos outros veículos";"Colisão transversal";"Com Vítimas Fatais";"Anoitecer";"Decrescente";"Nublado";"Dupla";"Reta";"Não";3;1;0;0;1;1;0;3;-23,37710685;-52,04510993;"SPRF-PR";"DEL09-PR";"UOP01-DEL09-PR"
477448;2022-09-28;"quarta-feira";"18:25:00";"SC";163;67,7;"SAO MIGUEL DO OESTE";"Desrespeitar a preferência no cruzamento";"Colisão transversal";"Com Vítimas Feridas";"Plena Noite";"Crescente";"Céu Claro";"Dupla";"Reta;Interseção de Vias";"Sim";2;0;1;0;0;1;1;2;-26,75257555;-53,5006786;"SPRF-SC";"DEL07-SC";"UOP03-DEL07-SC"