"id";"data_inversa";"dia_semana";"horario";"uf";"br";"km";"municipio";"causa_acidente";"tipo_acidente";"classificacao_acidente";"fase_dia";"sentido_via";"condicao_metereologica";"tipo_pista";"tracado_via";"uso_solo";"pessoas";"mortos";"feridos_leves";"feridos_graves";"ilesos";"ignorados";"feridos";"veiculos";"latitude";"longitude";"regional";"delegacia";"uop"
477449;2022-09-20;"terça-feira";"17:45:00";"MG";116;552,8;"SANTA BARBARA DO LESTE";"Acessar a via sem observar a presença dos outros veículos";"Colisão transversal";"Com Vítimas Feridas";"Pleno dia";"Crescente";"Céu Claro";"Simples";"Interseção de Vias";"Sim";2;0;1;0;1;0;1;2;-19,98476697;-42,1434265;"SPRF-MG";"DEL06-MG";"UOP02-DEL06-MG"
477452;2022-09-28;"quarta-feira";"19:45:00";"SP";116;156;"SAO JOSE DOS CAMPOS";"Reação tardia ou ineficiente do condutor";"Tombamento";"Com Vítimas Feridas";"Plena Noite";"Decrescente";"Chuva";"Dupla";"Reta";"Sim";3;0;1;0;2;0;1;3;-23,25044084;-45,93572909;"SPRF-SP";"DEL02-SP";"UOP01-DEL02-SP"
477454;2022-09-28;"quarta-feira";"19:55:00";"MG";262;566;"CORREGO DANTA";"Ausência de reação do condutor";"Colisão com objeto";"Sem Vítimas";"Plena Noite";"Decrescente";"Nublado";"Simples";"Curva";"Não";2;0;0;0;2;0;0;1;-19,74959878;-45,99005005;"SPRF-MG";"DEL08-MG";"UOP02-DEL08-MG"
477455;2022-09-28;"quarta-feira";"20:00:00";"MG";40;529,9;"BELO HORIZONTE";"Ausência de reação do condutor";"Saída de leito carroçável";"Com Vítimas Feridas";"Plena Noite";"Crescente";"Céu Claro";"Dupla";"Reta";"Sim";2;0;1;0;1;0;1;1;-19,91635592;-44,03966566;"SPRF-MG";"DEL01-MG";"UOP02-DEL01-MG"
477457;2022-09-28;"quarta-feira";"17:30:00";"RJ";356;84;"CARDOSO MOREIRA";"Chuva";"Capotamento";"Com Vítimas Feridas";"Anoitecer";"Crescente";"Chuva";"Simples";"Reta";"Não";2;0;1;0;1;0;1;1;-21,4795004;-41,65646512;"SPRF-RJ";"DEL08-RJ";"UOP03-DEL08-RJ"
477458;2022-09-28;"quarta-feira";"19:00:00";"RJ";101;177;"MACAE";"Demais falhas mecânicas ou elétricas";"Colisão com objeto";"Sem Vítimas";"Plena Noite";"Crescente";"Chuva";"Simples";"Curva";"Não";2;0;0;0;1;1;0;2;-22,38696304;-41,98541396;"SPRF-RJ";"DEL08-RJ";"UOP04-DEL08-RJ"
477459;2022-09-28;"quarta-feira";"20:40:00";"PA";316;76;"SAO FRANCISCO DO PARA";"Mal súbito do condutor";"Saída de leito carroçável";"Sem Vítimas";"Plena Noite";"Crescente";"Céu Claro";"Simples";"Reta";"Não";1;0;0;0;1;0;0;1;-1,29862919;-47,81449908;"SPRF-PA";"DEL01-PA";"UOP01-DEL01-PA"
477462;2022-09-28;"quarta-feira";"21:05:00";"MG";381;481;"CONTAGEM";"Ausência de reação do condutor";"Tombamento";"Com Vítimas Feridas";"Plena Noite";"Crescente";"Chuva";"Dupla";"Reta";"Sim";2;0;2;0;0;0;2;1;-19,95931561;-44,08825597;"SPRF-MG";"DEL01-MG";"UOP03-DEL01-MG"
477463;2022-09-08;"quinta-feira";"07:45:00";"PB";230;121,9;"RIACHAO DO BACAMARTE";"Transitar na contramão";"Colisão transversal";"Com Vítimas Feridas";"Pleno dia";"Crescente";"Céu Claro";"Simples";"Reta";"Sim";2;0;1;0;0;1;1;2;-7,2452;-35,649;"SPRF-PB";"DEL02-PB";"UOP01-DEL02-PB"
477466;2022-09-28;"quarta-feira";"19:30:00";"BA";110;177;"RIBEIRA DO POMBAL";"Reação tardia ou ineficiente do condutor";"Colisão frontal";"Com Vítimas Feridas";"Plena Noite";"Crescente";"Céu Claro";"Simples";"Reta";"Sim";3;0;3;0;0;0;3;2;-10,90525204;-38,52224525;"SPRF-BA";"DEL07-BA";"UOP02-DEL07-BA"
477467;2022-09-28;"quarta-feira";"20:40:00";"GO";40;23,5;"LUZIANIA";"Ausência de reação do condutor";"Capotamento";"Com Vítimas Feridas";"Plena Noite";"Decrescente";"Céu Claro";"Dupla";"Reta";"Não";7;0;6;1;0;0;7;2;-16,252738;-47,900437;"SPRF-DF";"DEL01-DF";"UOP01-DEL01-DF"
477468;2022-09-28;"quarta-feira";"18:20:00";"RO";364;249;"CACOAL";"Ausência de reação do condutor";"Saída de leito carroçável";"Com Vítimas Feridas";"Anoitecer";"Decrescente";"Céu Claro";"Simples";"Reta";"Não";1;0;1;0;0;0;1;1;-11,43820557;-61,55158498;"SPRF-RO";"DEL02-RO";"UOP02-DEL02-RO"
477469;2022-09-28;"quarta-feira";"21:30:00";"SP";116;269;"TABOAO DA SERRA";"Velocidade Incompatível";"Atropelamento de Pedestre";"Com Vítimas Feridas";"Plena Noite";"Decrescente";"Chuva";"Dupla";"Reta";"Sim";3;0;0;1;2;0;1;2;-23,61799728;-46,79677694;"SPRF-SP";"DEL04-SP";"UOP01-DEL04-SP"
477470;2022-09-28;"quarta-feira";"21:35:00";"MG";116;279,1;"TEOFILO OTONI";"Conversão proibida";"Colisão transversal";"Com Vítimas Feridas";"Plena Noite";"Crescente";"Nublado";"Simples";"Reta";"Sim";4;0;3;0;1;0;3;2;-17,87634412;-41,52080762;"SPRF-MG";"DEL11-MG";"UOP01-DEL11-MG"
477473;2022-09-28;"quarta-feira";"21:10:00";"MG";381;481;"CONTAGEM";"Objeto estático sobre o leito carroçável";"Capotamento";"Com Vítimas Feridas";"Plena Noite";"Crescente";"Chuva";"Múltipla";"Reta";"Sim";1;0;1;0;0;0;1;1;-19,95931561;-44,08825597;"SPRF-MG";"DEL01-MG";"UOP03-DEL01-MG"
477475;2022-09-28;"quarta-feira";"21:55:00";"RS";287;253;"SANTA MARIA";"Acessar a via sem observar a presença dos outros veículos";"Colisão transversal";"Com Vítimas Feridas";"Plena Noite";"Crescente";"Céu Claro";"Dupla";"Rotatória";"Sim";3;0;2;0;1;0;2;2;-29,688843;-53,89518;"SPRF-RS";"DEL09-RS";"UOP01-DEL09-RS"
477476;2022-09-28;"quarta-feira";"20:50:00";"PR";373;174;"PONTA GROSSA";"Desrespeitar a preferência no cruzamento";"Colisão transversal";"Com Vítimas Feridas";"Plena Noite";"Crescente";"Céu Claro";"Múltipla";"Reta";"Sim";6;0;5;0;1;0;5;2;-25,07594908;-50,20995715;"SPRF-PR";"DEL03-PR";"UOP01-DEL03-PR"
477478;2022-09-28;"quarta-feira";"22:00:00";"SC";101;135;"BALNEARIO CAMBORIU";"Ingestão de álcool e/ou substâncias psicoativas pelo pedestre";"Colisão traseira";"Sem Vítimas";"Plena Noite";"Crescente";"Nublado";"Dupla";"Reta";"Sim";3;0;0;0;2;1;0;3;-27,0050108;-48,62677494;"SPRF-SC";"DEL04-SC";"UOP03-DEL04-SC"
477480;2022-09-28;"quarta-feira";"23:00:00";"RS";116;249;"SAO LEOPOLDO";"Manobra de mudança de faixa";"Colisão com objeto";"Sem Vítimas";"Plena Noite";"Decrescente";"Céu Claro";"Dupla";"Curva";"Sim";1;0;0;0;1;0;0;1;-29,7831804;-51,16099063;"SPRF-RS";"DEL01-RS";"UOP02-DEL01-RS"
477485;2022-08-12;"sexta-feira";"18:40:00";"RS";153;403,7;"CACHOEIRA DO SUL";"Acessar a via sem observar a presença dos outros veículos";"Colisão transversal";"Com Vítimas Feridas";"Plena Noite";"Decrescente";"Céu Claro";"Simples";"Reta";"Não";2;0;0;1;1;0;1;2;-29,99805706;-52,92285919;"SPRF-RS";"DEL02-RS";"UOP03-DEL02-RS"
477486;2022-09-29;"quinta-feira";"00:10:00";"ES";101;30,4;"CONCEICAO DA BARRA";"Reação tardia ou ineficiente do condutor";"Tombamento";"Com Vítimas Feridas";"Plena Noite";"Crescente";"Céu Claro";"Simples";"Aclive";"Não";1;0;0;1;0;0;1;1;-18,40842097;-39,93732567;"SPRF-ES";"DEL04-ES";"UOP02-DEL04-ES"
477488;2022-09-28;"quarta-feira";"19:00:00";"MA";316;372,9;"BACABAL";"Pista esburacada";"Colisão traseira";"Com Vítimas Fatais";"Plena Noite";"Crescente";"Ignorado";"Simples";"Reta";"Não";3;2;1;0;0;0;1;2;-4,21073;-44,690235;"SPRF-MA";"DEL03-MA";"UOP01-DEL03-MA"
477489;2022-09-28;"quarta-feira";"23:30:00";"RO";319;60;"PORTO VELHO";"Condutor deixou de manter distância do veículo da frente";"Colisão traseira";"Sem Vítimas";"Plena Noite";"Decrescente";"Céu Claro";"Dupla";"Rotatória";"Sim";2;0;0;0;2;0;0;2;-8,74033079;-63,8898325;"SPRF-RO";"DEL01-RO";"UOP01-DEL01-RO"
477490;2022-09-28;"quarta-feira";"23:30:00";"PI";343;305;"ALTOS";"Pedestre cruzava a pista fora da faixa";"Atropelamento de Pedestre";"Com Vítimas Feridas";"Plena Noite";"Decrescente";"Céu Claro";"Simples";"Reta";"Não";2;0;0;1;1;0;1;2;-5,03444;-42,443382;"SPRF-PI";"DEL01-PI";"UOP01-DEL01-PI"
477494;2022-09-28;"quarta-feira";"23:10:00";"PR";277;409,4;"CANDOI";"Animais na Pista";"Atropelamento de Animal";"Com Vítimas Feridas";"Plena Noite";"Crescente";"Chuva";"Simples";"Reta";"Não";1;0;0;1;0;0;1;1;-25,419957;-52,037179;"SPRF-PR";"DEL04-PR";"UOP02-DEL04-PR"
477496;2022-09-29;"quinta-feira";"01:10:00";"RJ";101;525;"ANGRA DOS REIS";"Ingestão de álcool pelo condutor";"Capotamento";"Com Vítimas Feridas";"Plena Noite";"Decrescente";"Chuva";"Simples";"Reta";"Não";1;0;1;0;0;0;1;1;-23,00539889;-44,48448504;"SPRF-RJ";"DEL03-RJ";"UOP03-DEL03-RJ"
477498;2022-09-29;"quinta-feira";"01:15:00";"RJ";116;178;"NOVA IGUACU";"Reação tardia ou ineficiente do condutor";"Colisão lateral mesmo sentido";"Com Vítimas Feridas";"Plena Noite";"Decrescente";"Chuva";"Simples";"Reta";"Sim";2;0;1;0;1;0;1;2;-22,77496393;-43,40081465;"SPRF-RJ";"DEL01-RJ";"UOP02-DEL01-RJ"
477500;2022-09-29;"quinta-feira";"03:00:00";"PR";116;50;"CAMPINA GRANDE DO SUL";"Ausência de reação do condutor";"Saída de leito carroçável";"Sem Vítimas";"Plena Noite";"Decrescente";"Garoa/Chuvisco";"Dupla";"Curva";"Não";2;0;0;0;2;0;0;1;-25,24249703;-48,90292205;"SPRF-PR";"DEL01-PR";"UOP02-DEL01-PR"
477502;2022-09-29;"quinta-feira";"04:20:00";"SP";116;107;"TAUBATE";"Manobra de mudança de faixa";"Saída de leito carroçável";"Com Vítimas Feridas";"Amanhecer";"Crescente";"Chuva";"Dupla";"Reta";"Sim";5;0;1;0;4;0;1;2;-23,01791287;-45,53009409;"SPRF-SP";"DEL08-SP";"UOP01-DEL08-SP"
477503;2022-09-29;"quinta-feira";"04:20:00";"SC";101;114,9;"ITAJAI";"Acessar a via sem observar a presença dos outros veículos";"Colisão transversal";"Com Vítimas Feridas";"Plena Noite";"Decrescente";"Nublado";"Dupla";"Interseção de Vias";"Sim";2;0;0;1;1;0;1;2;-26,86192886;-48,7286704;"SPRF-SC";"DEL04-SC";"UOP04-DEL04-SC"
477505;2022-09-29;"quinta-feira";"04:50:00";"AL";101;140;"SAO MIGUEL DOS CAMPOS";"Reação tardia ou ineficiente do condutor";"Colisão traseira";"Com Vítimas Feridas";"Amanhecer";"Crescente";"Céu Claro";"Dupla";"Reta";"Não";2;0;1;0;1;0;1;2;-9,82539401;-36,12632699;"SPRF-AL";"DEL02-AL";"UOP01-DEL02-AL"
477506;2022-09-28;"quarta-feira";"10:15:00";"GO";20;0;"FORMOSA";"Ingestão de álcool pelo condutor";"Colisão traseira";"Com Vítimas Feridas";"Pleno dia";"Crescente";"Céu Claro";"Dupla";"Aclive";"Sim";1;0;1;0;0;0;1;1;-15,581744;-47,343241;"SPRF-DF";"DEL02-DF";"UOP02-DEL02-DF"
477507;2022-08-19;"sexta-feira";"18:00:00";"ES";101;267,6;"SERRA";"Condutor deixou de manter distância do veículo da frente";"Colisão traseira";"Com Vítimas Feridas";"Plena Noite";"Decrescente";"Chuva";"Múltipla";"Reta";"Sim";6;0;0;1;5;0;1;3;-20,190199;-40,26828891;"SPRF-ES";"DEL02-ES";"UOP01-DEL02-ES"
477508;2022-09-29;"quinta-feira";"05:00:00";"MG";153;188,5;"FRUTAL";"Reação tardia ou ineficiente do condutor";"Saída de leito carroçável";"Com Vítimas Feridas";"Pleno dia";"Crescente";"Céu Claro";"Simples";"Reta";"Não";3;0;3;0;0;0;3;1;-19,92355905;-48,95950712;"SPRF-MG";"DEL13-MG";"UOP02-DEL13-MG"
477511;2022-09-29;"quinta-feira";"06:30:00";"ES";101;269;"SERRA";"Condutor deixou de manter distância do veículo da frente";"Colisão traseira";"Com Vítimas Feridas";"Pleno dia";"Crescente";"Chuva";"Múltipla";"Interseção de Vias";"Sim";2;0;1;0;1;0;1;2;-20,21740496;-40,26990578;"SPRF-ES";"DEL02-ES";"UOP01-DEL02-ES"
477513;2022-09-29;"quinta-feira";"06:28:00";"SC";280;113;"SAO BENTO DO SUL";"Acessar a via sem observar a presença dos outros veículos";"Colisão transversal";"Com Vítimas Feridas";"Amanhecer";"Decrescente";"Garoa/Chuvisco";"Simples";"Interseção de Vias";"Não";2;0;1;0;1;0;1;2;-26,29873518;-49,39799743;"SPRF-SC";"DEL06-SC";"UOP03-DEL06-SC"
477514;2022-09-29;"quinta-feira";"06:50:00";"GO";40;14;"LUZIANIA";"Acessar a via sem observar a presença dos outros veículos";"Colisão transversal";"Com Vítimas Feridas";"Amanhecer";"Decrescente";"Céu Claro";"Dupla";"Reta";"Sim";3;0;3;0;0;0;3;2;-16,158753;-47,933136;"SPRF-DF";"DEL01-DF";"UOP01-DEL01-DF"
477515;2022-09-29;"quinta-feira";"03:50:00";"SP";101;46;"UBATUBA";"Ausência de reação do condutor";"Tombamento";"Com Vítimas Feridas";"Plena Noite";"Crescente";"Chuva";"Simples";"Reta";"Sim";1;0;0;1;0;0;1;1;-23,42403383;-45,07492113;"SPRF-SP";"DEL06-SP";"UOP01-DEL06-SP"
477517;2022-09-29;"quinta-feira";"06:00:00";"SC";280;186;"MAFRA";"Animais na Pista";"Queda de ocupante de veículo";"Com Vítimas Feridas";"Pleno dia";"Decrescente";"Céu Claro";"Simples";"Reta";"Não";1;0;1;0;0;0;1;1;-26,16977284;-49,94508991;"SPRF-SC";"DEL06-SC";"UOP01-DEL06-SC"
477518;2022-09-25;"domingo";"13:35:00";"MT";163;582,8;"NOVA MUTUM";"Ausência de reação do condutor";"Capotamento";"Com Vítimas Feridas";"Pleno dia";"Crescente";"Garoa/Chuvisco";"Simples";"Reta";"Não";2;0;2;0;0;0;2;1;-14,06590909;-56,10266283;"SPRF-MT";"DEL01-MT";"UOP01-DEL01-MT"
477521;2022-09-29;"quinta-feira";"07:20:00";"SP";116;286;"ITAPECERICA DA SERRA";"Trafegar com motocicleta (ou similar) entre as faixas";"Colisão lateral mesmo sentido";"Com Vítimas Feridas";"Pleno dia";"Decrescente";"Nublado";"Dupla";"Curva";"Sim";2;0;1;0;1;0;1;2;-23,70925128;-46,87588966;"SPRF-SP";"DEL04-SP";"UOP01-DEL04-SP"
477522;2022-09-29;"quinta-feira";"07:25:00";"SC";101;213;"PALHOCA";"Reação tardia ou ineficiente do condutor";"Colisão traseira";"Sem Vítimas";"Pleno dia";"Decrescente";"Céu Claro";"Múltipla";"Reta";"Sim";2;0;0;0;2;0;0;2;-27,63697369;-48,66514142;"SPRF-SC";"DEL01-SC";"UOP02-DEL01-SC"
477525;2022-09-29;"quinta-feira";"07:45:00";"SP";116;222;"GUARULHOS";"Acessar a via sem observar a presença dos outros veículos";"Colisão traseira";"Com Vítimas Feridas";"Pleno dia";"Decrescente";"Nublado";"Múltipla";"Reta";"Sim";2;0;2;0;0;0;2;2;-23,47093408;-46,51631097;"SPRF-SP";"DEL01-SP";"UOP01-DEL01-SP"
477527;2022-09-29;"quinta-feira";"07:28:00";"PE";232;147;"SAO CAITANO";"Demais falhas na via";"Queda de ocupante de veículo";"Com Vítimas Feridas";"Pleno dia";"Crescente";"Céu Claro";"Dupla";"Reta";"Sim";2;0;2;0;0;0;2;1;-8,328619;-36,148814;"SPRF-PE";"DEL03-PE";"UOP02-DEL03-PE"
477529;2022-09-29;"quinta-feira";"07:40:00";"RS";392;0,6;"PELOTAS";"Ausência de reação do condutor";"Colisão frontal";"Com Vítimas Fatais";"Pleno dia";"Crescente";"Céu Claro";"Simples";"Ponte";"Não";3;1;1;0;1;0;1;3;-31,76145077;-52,40341187;"SPRF-RS";"DEL07-RS";"UOP01-DEL07-RS"
477530;2022-09-29;"quinta-feira";"06:56:00";"RO";364;422,9;"JARU";"Desrespeitar a preferência no cruzamento";"Colisão transversal";"Com Vítimas Feridas";"Pleno dia";"Decrescente";"Céu Claro";"Simples";"Reta";"Sim";2;0;1;0;1;0;1;2;-10,4597532;-62,4558043;"SPRF-RO";"DEL03-RO";"UOP02-DEL03-RO"
477533;2022-09-29;"quinta-feira";"08:45:00";"RS";392;347,8;"SANTA MARIA";"Acessar a via sem observar a presença dos outros veículos";"Colisão transversal";"Com Vítimas Feridas";"Pleno dia";"Decrescente";"Nublado";"Simples";"Reta;Declive";"Sim";3;0;2;0;0;1;2;2;-29,759862;-53,787262;"SPRF-RS";"DEL09-RS";"UOP01-DEL09-RS"
477535;2022-09-29;"quinta-feira";"08:50:00";"GO";153;529;"HIDROLANDIA";"Condutor deixou de manter distância do veículo da frente";"Colisão lateral mesmo sentido";"Com Vítimas Feridas";"Pleno dia";"Decrescente";"Céu Claro";"Dupla";"Reta";"Sim";3;0;1;1;1;0;2;2;-16,9603;-49,2384;"SPRF-GO";"DEL01-GO";"UOP03-DEL01-GO"
477538;2022-09-29;"quinta-feira";"08:45:00";"PE";101;68;"RECIFE";"Condutor deixou de manter distância do veículo da frente";"Colisão traseira";"Sem Vítimas";"Pleno dia";"Crescente";"Céu Claro";"Múltipla";"Curva";"Sim";2;0;0;0;2;0;0;2;-8,05074296;-34,94580619;"SPRF-PE";"DEL01-PE";"UOP01-DEL01-PE"
477539;2022-09-29;"quinta-feira";"08:40:00";"TO";153;493;"PARAISO DO TOCANTINS";"Ingestão de álcool pelo condutor";"Colisão transversal";"Com Vítimas Feridas";"Pleno dia";"Decrescente";"Céu Claro";"Simples";"Interseção de Vias";"Sim";3;0;0;1;2;0;1;2;-10,155331;-48,883129;"SPRF-TO";"DEL01-TO";"UOP01-DEL01-TO"
477540;2022-09-29;"quinta-feira";"09:20:00";"BA";324;624;"SALVADOR";"Condutor deixou de manter distância do veículo da frente";"Colisão traseira";"Sem Vítimas";"Pleno dia";"Decrescente";"Sol";"Dupla";"Reta";"Sim";2;0;0;0;2;0;0;2;-12,951165;-38,470865;"SPRF-BA";"DEL01-BA";"UOP01-DEL01-BA"
477541;2022-09-29;"quinta-feira";"07:30:00";"RS";116;91,1;"SAO MARCOS";"Velocidade Incompatível";"Colisão com objeto";"Sem Vítimas";"Amanhecer";"Decrescente";"Céu Claro";"Simples";"Curva";"Não";1;0;0;0;0;1;0;1;-28,86918963;-51,11955903;"SPRF-RS";"DEL05-RS";"UOP03-DEL05-RS"
477542;2022-09-29;"quinta-feira";"08:30:00";"PR";277;6;"PARANAGUA";"Reação tardia ou ineficiente do condutor";"Engavetamento";"Com Vítimas Feridas";"Pleno dia";"Crescente";"Garoa/Chuvisco";"Dupla";"Reta";"Sim";3;0;1;0;2;0;1;3;-25,5205;-48,5095;"SPRF-PR";"DEL01-PR";"UOP05-DEL01-PR"
477543;2022-09-29;"quinta-feira";"07:24:00";"PI";343;471,5;"ANGICAL DO PIAUI";"Acessar a via sem observar a presença dos outros veículos";"Colisão lateral sentido oposto";"Com Vítimas Feridas";"Pleno dia";"Crescente";"Céu Claro";"Simples";"Rotatória";"Não";2;0;0;1;1;0;1;2;-6,101971;-42,722939;"SPRF-PI";"DEL01-PI";"UOP02-DEL01-PI"
477544;2022-09-29;"quinta-feira";"09:30:00";"BA";101;99,6;"ALAGOINHAS";"Acessar a via sem observar a presença dos outros veículos";"Colisão transversal";"Com Vítimas Feridas";"Pleno dia";"Crescente";"Céu Claro";"Simples";"Reta";"Não";4;0;2;1;1;0;3;2;-12,132932;-38,39226983;"SPRF-BA";"DEL01-BA";"UOP04-DEL01-BA"
477548;2022-09-29;"quinta-feira";"08:55:00";"SP";381;76;"SAO PAULO";"Condutor deixou de manter distância do veículo da frente";"Colisão traseira";"Sem Vítimas";"Pleno dia";"Crescente";"Garoa/Chuvisco";"Múltipla";"Reta";"Não";3;0;0;0;3;0;0;3;-23,38372401;-46,56502116;"SPRF-SP";"DEL03-SP";"UOP01-DEL03-SP"
477550;2022-09-13;"terça-feira";"23:00:00";"RJ";116;164;"RIO DE JANEIRO";"Acostamento em desnível";"Colisão traseira";"Sem Vítimas";"Plena Noite";"Crescente";"Garoa/Chuvisco";"Múltipla";"Reta";"Sim";1;0;0;0;1;0;0;1;-22,81479537;-43,32733154;"SPRF-RJ";"DEL01-RJ";"UOP01-DEL01-RJ"
477552;2022-09-29;"quinta-feira";"11:00:00";"PE";428;188;"PETROLINA";"Reação tardia ou ineficiente do condutor";"Atropelamento de Pedestre";"Com Vítimas Feridas";"Pleno dia";"Crescente";"Céu Claro";"Simples";"Viaduto";"Sim";2;0;1;0;1;0;1;2;-9,36400596;-40,48266808;"SPRF-PE";"DEL06-PE";"UOP01-DEL06-PE"
477553;2022-09-29;"quinta-feira";"10:30:00";"BA";324;624;"SALVADOR";"Objeto estático sobre o leito carroçável";"Queda de ocupante de veículo";"Com Vítimas Feridas";"Pleno dia";"Crescente";"Nublado";"Dupla";"Declive";"Sim";1;0;1;0;0;0;1;1;-12,933839;-38,47190701;"SPRF-BA";"DEL01-BA";"UOP01-DEL01-BA"
477554;2022-09-29;"quinta-feira";"08:40:00";"MG";116;392,9;"GOVERNADOR VALADARES";"Reação tardia ou ineficiente do condutor";"Tombamento";"Com Vítimas Feridas";"Pleno dia";"Decrescente";"Nublado";"Simples";"Reta";"Não";1;0;1;0;0;0;1;1;-18,71692704;-41,98817074;"SPRF-MG";"DEL06-MG";"UOP01-DEL06-MG"
477555;2022-09-29;"quinta-feira";"11:20:00";"SC";282;3;"SAO JOSE";"Velocidade Incompatível";"Capotamento";"Sem Vítimas";"Pleno dia";"Crescente";"Nublado";"Simples";"Reta";"Sim";1;0;0;0;1;0;0;1;-27,600384;-48,599705;"SPRF-SC";"DEL01-SC";"UOP01-DEL01-SC"
477556;2022-09-29;"quinta-feira";"10:00:00";"PR";277;299;"GUARAPUAVA";"Ausência de reação do condutor";"Saída de leito carroçável";"Com Vítimas Fatais";"Pleno dia";"Decrescente";"Nublado";"Simples";"Reta";"Não";2;1;0;1;0;0;1;1;-25,3142531;-51,08912399;"SPRF-PR";"DEL08-PR";"UOP01-DEL08-PR"
477557;2022-09-21;"quarta-feira";"17:50:00";"RN";101;101;"PARNAMIRIM";"Manobra de mudança de faixa";"Colisão lateral mesmo sentido";"Com Vítimas Feridas";"Anoitecer";"Decrescente";"Céu Claro";"Simples";"Reta";"Sim";2;0;1;0;1;0;1;2;-5,88896924;-35,24161046;"SPRF-RN";"DEL01-RN";"UOP01-DEL01-RN"
477560;2022-09-29;"quinta-feira";"13:00:00";"PR";376;677;"GUARATUBA";"Reação tardia ou ineficiente do condutor";"Saída de leito carroçável";"Com Vítimas Feridas";"Pleno dia";"Decrescente";"Garoa/Chuvisco";"Simples";"Curva";"Não";2;0;2;0;0;0;2;1;-25,94064118;-48,90698075;"SPRF-PR";"DEL01-PR";"UOP04-DEL01-PR"
477561;2022-09-29;"quinta-feira";"11:50:00";"BA";242;610;"MUQUEM DE SAO FRANCISCO";"Demais Fenômenos da natureza";"Incêndio";"Sem Vítimas";"Pleno dia";"Crescente";"Sol";"Simples";"Reta";"Não";1;0;0;0;1;0;0;1;-12,17437769;-43,25482888;"SPRF-BA";"DEL10-BA";"UOP02-DEL10-BA"
477562;2022-09-29;"quinta-feira";"12:50:00";"PR";153;44;"SANTO ANTONIO DA PLATINA";"Reação tardia ou ineficiente do condutor";"Saída de leito carroçável";"Com Vítimas Feridas";"Pleno dia";"Crescente";"Nublado";"Simples";"Reta";"Não";1;0;1;0;0;0;1;1;-23,31209749;-50,0699544;"SPRF-PR";"DEL07-PR";"UOP04-DEL07-PR"
477563;2022-08-14;"domingo";"22:00:00";"MT";70;43,1;"BARRA DO GARCAS";"Ausência de reação do condutor";"Saída de leito carroçável";"Com Vítimas Fatais";"Amanhecer";"Crescente";"Céu Claro";"Simples";"Reta";"Não";1;1;0;0;0;0;0;1;-15,76276891;-52,58432491;"SPRF-MT";"DEL07-MT";"UOP01-DEL07-MT"
477564;2022-09-29;"quinta-feira";"14:00:00";"SC";101;339;"TUBARAO";"Avarias e/ou desgaste excessivo no pneu";"Saída de leito carroçável";"Sem Vítimas";"Pleno dia";"Decrescente";"Nublado";"Simples";"Reta";"Sim";1;0;0;0;1;0;0;1;-28,49351117;-49,04178985;"SPRF-SC";"DEL02-SC";"UOP01-DEL02-SC"
477565;2022-09-29;"quinta-feira";"14:30:00";"SC";101;123,4;"ITAJAI";"Trafegar com motocicleta (ou similar) entre as faixas";"Colisão traseira";"Com Vítimas Feridas";"Pleno dia";"Crescente";"Nublado";"Dupla";"Reta";"Não";3;0;1;0;2;0;1;2;-26,94335064;-48,69198648;"SPRF-SC";"DEL04-SC";"UOP04-DEL04-SC"
477566;2022-09-09;"sexta-feira";"12:30:00";"MG";365;492;"PATROCINIO";"Demais falhas na via";"Capotamento";"Com Vítimas Feridas";"Pleno dia";"Decrescente";"Céu Claro";"Simples";"Curva";"Não";2;0;2;0;0;0;2;1;-18,903334;-47,166953;"SPRF-MG";"DEL10-MG";"UOP01-DEL10-MG"
477567;2022-09-28;"quarta-feira";"10:00:00";"RO";364;909;"PORTO VELHO";"Obras na pista";"Saída de leito carroçável";"Com Vítimas Feridas";"Pleno dia";"Crescente";"Céu Claro";"Simples";"Reta";"Não";1;0;1;0;0;0;1;1;-9,7223987;-65,21477267;"SPRF-RO";"DEL01-RO";"UOP02-DEL01-RO"
477569;2022-09-29;"quinta-feira";"14:40:00";"SE";235;17;"NOSSA SENHORA DO SOCORRO";"Ingestão de álcool pelo condutor";"Colisão com objeto";"Com Vítimas Feridas";"Pleno dia";"Crescente";"Céu Claro";"Simples";"Curva";"Não";1;0;1;0;0;0;1;1;-10,9019136;-37,0868224;"SPRF-SE";"DEL01-SE";"UOP02-DEL01-SE"
477570;2022-09-29;"quinta-feira";"15:10:00";"SC";101;207;"SAO JOSE";"Ausência de reação do condutor";"Colisão traseira";"Com Vítimas Feridas";"Pleno dia";"Crescente";"Céu Claro";"Múltipla";"Reta";"Sim";3;0;1;1;1;0;2;3;-27,60001226;-48,6226467;"SPRF-SC";"DEL01-SC";"UOP01-DEL01-SC"
477572;2022-09-29;"quinta-feira";"14:50:00";"SC";282;206,8;"LAGES";"Objeto estático sobre o leito carroçável";"Colisão com objeto";"Sem Vítimas";"Pleno dia";"Crescente";"Garoa/Chuvisco";"Simples";"Declive;Rotatória;Reta";"Não";1;0;0;0;1;0;0;1;-27,77350987;-50,20121098;"SPRF-SC";"DEL05-SC";"UOP01-DEL05-SC"