"id";"data_inversa";"dia_semana";"horario";"uf";"br";"km";"municipio";"causa_acidente";"tipo_acidente";"classificacao_acidente";"fase_dia";"sentido_via";"condicao_metereologica";"tipo_pista";"tracado_via";"uso_solo";"pessoas";"mortos";"feridos_leves";"feridos_graves";"ilesos";"ignorados";"feridos";"veiculos";"latitude";"longitude";"regional";"delegacia";"uop"
477685;2022-09-30;"sexta-feira";"01:30:00";"MG";459;30,7;"CALDAS";"Transitar na contramão";"Atropelamento de Pedestre";"Com Vítimas Feridas";"Plena Noite";"Decrescente";"Céu Claro";"Simples";"Interseção de Vias;Curva";"Não";2;0;1;0;0;1;1;2;-21,935018;-46,355587;"SPRF-MG";"DEL09-MG";"UOP01-DEL09-MG"
477686;2022-09-30;"sexta-feira";"04:40:00";"SE";101;183;"UMBAUBA";"Condutor deixou de manter distância do veículo da frente";"Colisão traseira";"Sem Vítimas";"Amanhecer";"Crescente";"Nublado";"Simples";"Reta";"Sim";2;0;0;0;1;1;0;2;-11,37900039;-37,6630326;"SPRF-SE";"DEL02-SE";"UOP03-DEL02-SE"
477694;2022-09-30;"sexta-feira";"06:30:00";"SP";116;187;"SANTA ISABEL";"Ausência de reação do condutor";"Colisão com objeto";"Com Vítimas Feridas";"Pleno dia";"Crescente";"Nublado";"Dupla";"Reta";"Sim";1;0;1;0;0;0;1;1;-23,35713072;-46,20737811;"SPRF-SP";"DEL01-SP";"UOP01-DEL01-SP"
477696;2022-09-30;"sexta-feira";"03:00:00";"MA";135;116;"MIRANDA DO NORTE";"Reação tardia ou ineficiente do condutor";"Colisão lateral mesmo sentido";"Com Vítimas Fatais";"Amanhecer";"Decrescente";"Céu Claro";"Simples";"Reta";"Não";1;1;0;0;0;0;0;1;-3,488075;-44,539617;"SPRF-MA";"DEL01-MA";"UOP02-DEL01-MA"
477697;2022-09-29;"quinta-feira";"15:58:00";"PR";277;345;"GUARAPUAVA";"Ausência de reação do condutor";"Colisão traseira";"Com Vítimas Feridas";"Pleno dia";"Crescente";"Céu Claro";"Simples";"Reta";"Não";2;0;1;0;1;0;1;2;-25,33928412;-51,42880296;"SPRF-PR";"DEL08-PR";"UOP01-DEL08-PR"
477698;2022-09-30;"sexta-feira";"06:00:00";"PR";277;558;"CASCAVEL";"Pedestre andava na pista";"Atropelamento de Pedestre";"Com Vítimas Feridas";"Amanhecer";"Crescente";"Nevoeiro/Neblina";"Simples";"Reta";"Não";4;0;1;1;2;0;2;2;-25,08848857;-53,17848305;"SPRF-PR";"DEL04-PR";"UOP01-DEL04-PR"
477705;2022-09-30;"sexta-feira";"07:15:00";"PB";230;158,6;"CAMPINA GRANDE";"Acessar a via sem observar a presença dos outros veículos";"Colisão transversal";"Com Vítimas Feridas";"Pleno dia";"Crescente";"Céu Claro";"Simples";"Reta";"Sim";3;0;2;1;0;0;3;2;-7,2582;-35,9267;"SPRF-PB";"DEL02-PB";"UOP01-DEL02-PB"
477706;2022-09-30;"sexta-feira";"08:15:00";"PR";476;127,9;"CURITIBA";"Manobra de mudança de faixa";"Engavetamento";"Com Vítimas Feridas";"Pleno dia";"Crescente";"Nublado";"Dupla";"Reta";"Sim";4;0;2;0;2;0;2;3;-25,43283;-49,2313;"SPRF-PR";"DEL01-PR";"UOP01-DEL01-PR"
477709;2022-09-30;"sexta-feira";"08:00:00";"PE";232;8,3;"RECIFE";"Trafegar com motocicleta (ou similar) entre as faixas";"Colisão lateral mesmo sentido";"Com Vítimas Feridas";"Pleno dia";"Crescente";"Céu Claro";"Múltipla";"Em Obras";"Sim";3;0;2;0;1;0;2;2;-8,07583727;-34,97015791;"SPRF-PE";"DEL01-PE";"UOP01-DEL01-PE"
477710;2022-09-30;"sexta-feira";"07:20:00";"PR";476;124;"CURITIBA";"Ausência de reação do condutor";"Colisão com objeto";"Com Vítimas Feridas";"Pleno dia";"Decrescente";"Garoa/Chuvisco";"Dupla";"Reta;Em Obras";"Sim";1;0;1;0;0;0;1;1;-25,395779;-49,212421;"SPRF-PR";"DEL01-PR";"UOP01-DEL01-PR"
477713;2022-09-22;"quinta-feira";"06:10:00";"MG";381;333;"NOVA ERA";"Ausência de reação do condutor";"Saída de leito carroçável";"Com Vítimas Feridas";"Pleno dia";"Crescente";"Chuva";"Simples";"Reta;Ponte";"Não";2;0;1;0;1;0;1;1;-19,80306599;-43,06083702;"SPRF-MG";"DEL03-MG";"UOP01-DEL03-MG"
477714;2022-09-30;"sexta-feira";"06:50:00";"PE";232;182;"BELO JARDIM";"Entrada inopinada do pedestre";"Atropelamento de Pedestre";"Com Vítimas Feridas";"Pleno dia";"Crescente";"Céu Claro";"Simples";"Reta";"Sim";2;0;0;2;0;0;2;2;-8,34804728;-36,44664994;"SPRF-PE";"DEL03-PE";"UOP02-DEL03-PE"
477715;2022-09-30;"sexta-feira";"09:30:00";"SC";101;112,1;"ITAJAI";"Trafegar com motocicleta (ou similar) entre as faixas";"Colisão lateral mesmo sentido";"Com Vítimas Feridas";"Pleno dia";"Decrescente";"Garoa/Chuvisco";"Dupla";"Reta";"Não";2;0;0;1;1;0;1;2;-26,84589005;-48,72131295;"SPRF-SC";"DEL04-SC";"UOP04-DEL04-SC"
477716;2022-09-30;"sexta-feira";"06:50:00";"AC";364;130;"RIO BRANCO";"Acesso irregular";"Colisão transversal";"Com Vítimas Feridas";"Pleno dia";"Decrescente";"Nublado";"Dupla";"Curva";"Sim";2;0;1;0;1;0;1;2;-10,0240943;-67,8369574;"SPRF-AC";"DEL01-AC";"UOP01-DEL01-AC"
477717;2022-09-30;"sexta-feira";"08:00:00";"PE";232;8;"RECIFE";"Condutor deixou de manter distância do veículo da frente";"Colisão traseira";"Com Vítimas Feridas";"Pleno dia";"Crescente";"Céu Claro";"Simples";"Reta";"Sim";4;0;1;0;3;0;1;3;-8,07652;-34,973055;"SPRF-PE";"DEL01-PE";"UOP01-DEL01-PE"
477718;2022-09-30;"sexta-feira";"09:30:00";"RN";405;155;"PAU DOS FERROS";"Ausência de reação do condutor";"Colisão frontal";"Com Vítimas Feridas";"Pleno dia";"Decrescente";"Céu Claro";"Simples";"Reta";"Não";3;0;1;2;0;0;3;2;-6,151409;-38,206206;"SPRF-RN";"DEL04-RN";"UOP02-DEL04-RN"
477719;2022-09-30;"sexta-feira";"09:00:00";"MT";70;390,8;"CAMPO VERDE";"Transitar no acostamento";"Colisão com objeto";"Com Vítimas Fatais";"Pleno dia";"Crescente";"Céu Claro";"Simples";"Reta";"Não";1;1;0;0;0;0;0;1;-15,632552;-55,1999602;"SPRF-MT";"DEL05-MT";"UOP02-DEL05-MT"
477720;2022-09-30;"sexta-feira";"07:50:00";"MG";40;546;"NOVA LIMA";"Demais falhas mecânicas ou elétricas";"Colisão traseira";"Sem Vítimas";"Pleno dia";"Crescente";"Nublado";"Dupla";"Reta";"Não";5;0;0;0;4;1;0;3;-20,01695678;-43,97087043;"SPRF-MG";"DEL01-MG";"UOP02-DEL01-MG"
477722;2022-09-30;"sexta-feira";"10:00:00";"RJ";116;164;"RIO DE JANEIRO";"Avarias e/ou desgaste excessivo no pneu";"Tombamento";"Com Vítimas Feridas";"Pleno dia";"Crescente";"Céu Claro";"Múltipla";"Reta";"Sim";1;0;0;1;0;0;1;1;-22,81548519;-43,29087405;"SPRF-RJ";"DEL01-RJ";"UOP01-DEL01-RJ"
477723;2022-09-30;"sexta-feira";"10:15:00";"MG";381;361;"JOAO MONLEVADE";"Pedestre cruzava a pista fora da faixa";"Atropelamento de Pedestre";"Com Vítimas Feridas";"Pleno dia";"Crescente";"Céu Claro";"Simples";"Reta";"Sim";5;0;1;0;4;0;1;2;-19,85643939;-43,24280693;"SPRF-MG";"DEL03-MG";"UOP01-DEL03-MG"
477724;2022-09-30;"sexta-feira";"10:25:00";"SP";116;230;"SAO PAULO";"Manobra de mudança de faixa";"Colisão lateral mesmo sentido";"Com Vítimas Feridas";"Pleno dia";"Crescente";"Nublado";"Múltipla";"Reta";"Sim";2;0;0;1;1;0;1;2;-23,52251783;-46,5855702;"SPRF-SP";"DEL01-SP";"UOP01-DEL01-SP"
477727;2022-09-30;"sexta-feira";"06:30:00";"SC";282;89;"ALFREDO WAGNER";"Demais falhas mecânicas ou elétricas";"Saída de leito carroçável";"Com Vítimas Feridas";"Pleno dia";"Crescente";"Chuva";"Simples";"Curva;Declive";"Não";2;0;1;1;0;0;2;1;-27,677973;-49,215893;"SPRF-SC";"DEL01-SC";"UOP03-DEL01-SC"
477728;2022-09-30;"sexta-feira";"11:00:00";"CE";20;203;"BOA VIAGEM";"Acessar a via sem observar a presença dos outros veículos";"Colisão transversal";"Com Vítimas Feridas";"Pleno dia";"Decrescente";"Céu Claro";"Simples";"Reta";"Sim";3;0;2;0;1;0;2;2;-5,126841;-39,737419;"SPRF-CE";"DEL02-CE";"UOP02-DEL02-CE"
477730;2022-09-30;"sexta-feira";"10:20:00";"PE";101;69;"RECIFE";"Avarias e/ou desgaste excessivo no pneu";"Queda de ocupante de veículo";"Com Vítimas Feridas";"Pleno dia";"Crescente";"Sol";"Múltipla";"Reta";"Sim";2;0;2;0;0;0;2;1;-8,05951606;-34,94581024;"SPRF-PE";"DEL01-PE";"UOP01-DEL01-PE"
477733;2022-09-30;"sexta-feira";"10:00:00";"MG";40;570;"ITABIRITO";"Acesso irregular";"Colisão traseira";"Com Vítimas Feridas";"Pleno dia";"Crescente";"Céu Claro";"Simples";"Reta";"Sim";2;0;1;0;1;0;1;2;-20,21286706;-43,97263241;"SPRF-MG";"DEL01-MG";"UOP02-DEL01-MG"
477736;2022-09-17;"sábado";"15:00:00";"PR";277;388;"CANDOI";"Condutor deixou de manter distância do veículo da frente";"Colisão lateral mesmo sentido";"Com Vítimas Feridas";"Pleno dia";"Crescente";"Céu Claro";"Simples";"Reta";"Não";1;0;1;0;0;0;1;1;-25,443575;-51,858901;"SPRF-PR";"DEL08-PR";"UOP01-DEL08-PR"
477737;2022-09-30;"sexta-feira";"09:05:00";"PA";10;335;"SAO MIGUEL DO GUAMA";"Manobra de mudança de faixa";"Saída de leito carroçável";"Com Vítimas Feridas";"Pleno dia";"Decrescente";"Céu Claro";"Simples";"Reta";"Não";3;0;1;0;1;1;1;1;-1,51091907;-47,52235828;"SPRF-PA";"DEL01-PA";"UOP02-DEL01-PA"
477738;2022-09-30;"sexta-feira";"10:45:00";"PE";408;100,5;"JABOATAO DOS GUARARAPES";"Condutor deixou de manter distância do veículo da frente";"Colisão traseira";"Com Vítimas Feridas";"Pleno dia";"Crescente";"Céu Claro";"Simples";"Aclive";"Sim";2;0;0;1;1;0;1;2;-8,046017;-35,010274;"SPRF-PE";"DEL01-PE";"UOP01-DEL01-PE"
477740;2022-09-30;"sexta-feira";"11:30:00";"RS";285;528,1;"SAO LUIZ GONZAGA";"Velocidade Incompatível";"Colisão frontal";"Com Vítimas Fatais";"Pleno dia";"Crescente";"Chuva";"Simples";"Curva";"Não";2;1;0;1;0;0;1;2;-28,4058;-54,5525;"SPRF-RS";"DEL10-RS";"UOP01-DEL10-RS"
477743;2022-09-30;"sexta-feira";"12:45:00";"GO";153;698;"ITUMBIARA";"Acessar a via sem observar a presença dos outros veículos";"Colisão lateral sentido oposto";"Com Vítimas Feridas";"Pleno dia";"Decrescente";"Céu Claro";"Simples";"Interseção de Vias";"Sim";6;0;6;0;0;0;6;2;-18,3777;-49,2106;"SPRF-GO";"DEL03-GO";"UOP02-DEL03-GO"
477744;2022-09-30;"sexta-feira";"11:30:00";"PA";10;17,8;"DOM ELISEU";"Ingestão de álcool pelo condutor";"Colisão traseira";"Sem Vítimas";"Pleno dia";"Decrescente";"Céu Claro";"Simples";"Interseção de Vias";"Sim";2;0;0;0;2;0;0;2;-4,29364064;-47,55717885;"SPRF-PA";"DEL02-PA";"UOP02-DEL02-PA"
477745;2022-09-30;"sexta-feira";"12:20:00";"PB";230;21,7;"JOAO PESSOA";"Reação tardia ou ineficiente do condutor";"Colisão traseira";"Sem Vítimas";"Pleno dia";"Decrescente";"Céu Claro";"Dupla";"Reta";"Sim";2;0;0;0;1;1;0;2;-7,1495;-34,8517;"SPRF-PB";"DEL01-PB";"UOP01-DEL01-PB"
477754;2022-09-30;"sexta-feira";"13:40:00";"PB";104;107,3;"SAO SEBASTIAO DE LAGOA DE  ROCA";"Ausência de reação do condutor";"Colisão lateral mesmo sentido";"Com Vítimas Feridas";"Pleno dia";"Decrescente";"Céu Claro";"Dupla";"Reta";"Sim";2;0;0;1;1;0;1;2;-7,10299395;-35,8661241;"SPRF-PB";"DEL02-PB";"UOP04-DEL02-PB"
477757;2022-09-30;"sexta-feira";"14:25:00";"RN";406;99,9;"JOAO CAMARA";"Manobra de mudança de faixa";"Colisão frontal";"Com Vítimas Feridas";"Pleno dia";"Decrescente";"Céu Claro";"Simples";"Reta";"Não";7;0;3;2;2;0;5;3;-5,51695989;-35,84011497;"SPRF-RN";"DEL02-RN";"UOP01-DEL02-RN"
477758;2022-08-13;"sábado";"19:00:00";"RS";472;166,3;"SANTA ROSA";"Condutor Dormindo";"Colisão frontal";"Com Vítimas Fatais";"Plena Noite";"Decrescente";"Céu Claro";"Simples";"Reta";"Não";19;1;18;0;0;0;18;2;-27,8988853;-54,46115971;"SPRF-RS";"DEL10-RS";"UOP01-DEL10-RS"
477759;2022-09-30;"sexta-feira";"14:00:00";"RS";116;657;"JAGUARAO";"Acessar a via sem observar a presença dos outros veículos";"Colisão lateral sentido oposto";"Com Vítimas Feridas";"Pleno dia";"Decrescente";"Nublado";"Simples";"Reta;Interseção de Vias";"Sim";2;0;2;0;0;0;2;2;-32,568867;-53,37924;"SPRF-RS";"DEL07-RS";"UOP03-DEL07-RS"
477761;2022-09-30;"sexta-feira";"14:20:00";"BA";324;622;"SALVADOR";"Manobra de mudança de faixa";"Queda de ocupante de veículo";"Com Vítimas Feridas";"Pleno dia";"Decrescente";"Céu Claro";"Dupla";"Reta";"Sim";3;0;1;0;1;1;1;2;-12,91888605;-38,46502095;"SPRF-BA";"DEL01-BA";"UOP01-DEL01-BA"
477762;2022-09-30;"sexta-feira";"07:40:00";"SP";381;88,7;"SAO PAULO";"Ausência de reação do condutor";"Colisão traseira";"Com Vítimas Feridas";"Pleno dia";"Crescente";"Nublado";"Dupla";"Reta";"Sim";3;0;1;0;2;0;1;2;-23,47469314;-46,56112919;"SPRF-SP";"DEL03-SP";"UOP01-DEL03-SP"
477765;2022-09-30;"sexta-feira";"14:05:00";"MG";251;480;"FRANCISCO SA";"Acesso irregular";"Colisão transversal";"Com Vítimas Feridas";"Pleno dia";"Crescente";"Céu Claro";"Simples";"Reta";"Não";5;0;2;3;0;0;5;2;-16,48180299;-43,50645602;"SPRF-MG";"DEL12-MG";"UOP01-DEL12-MG"
477766;2022-09-30;"sexta-feira";"15:00:00";"PR";369;115,9;"URAI";"Condutor usando celular";"Saída de leito carroçável";"Com Vítimas Feridas";"Pleno dia";"Crescente";"Nublado";"Dupla";"Curva";"Não";1;0;1;0;0;0;1;1;-23,27820328;-50,86026192;"SPRF-PR";"DEL07-PR";"UOP01-DEL07-PR"
477767;2022-09-30;"sexta-feira";"14:30:00";"CE";20;198;"BOA VIAGEM";"Ausência de reação do condutor";"Saída de leito carroçável";"Com Vítimas Feridas";"Pleno dia";"Decrescente";"Céu Claro";"Simples";"Reta";"Não";1;0;1;0;0;0;1;1;-5,160325;-39,754755;"SPRF-CE";"DEL02-CE";"UOP02-DEL02-CE"
477769;2022-09-26;"segunda-feira";"22:30:00";"GO";60;109;"GOIANAPOLIS";"Ausência de reação do condutor";"Atropelamento de Animal";"Com Vítimas Feridas";"Plena Noite";"Crescente";"Nublado";"Dupla";"Reta";"Não";1;0;1;0;0;0;1;1;-16,4478;-49,0224;"SPRF-GO";"DEL02-GO";"UOP01-DEL02-GO"
477770;2022-09-30;"sexta-feira";"14:50:00";"SP";153;62;"SAO JOSE DO RIO PRETO";"Reação tardia ou ineficiente do condutor";"Colisão traseira";"Com Vítimas Feridas";"Pleno dia";"Crescente";"Céu Claro";"Dupla";"Reta;Aclive";"Sim";3;0;1;0;2;0;1;3;-20,81325404;-49,35675563;"SPRF-SP";"DEL09-SP";"UOP01-DEL09-SP"
477771;2022-09-30;"sexta-feira";"14:30:00";"RO";364;254;"CACOAL";"Reação tardia ou ineficiente do condutor";"Colisão com objeto";"Com Vítimas Feridas";"Pleno dia";"Crescente";"Sol";"Simples";"Declive";"Não";1;0;1;0;0;0;1;1;-11,43632734;-61,59742302;"SPRF-RO";"DEL02-RO";"UOP02-DEL02-RO"
477772;2022-09-30;"sexta-feira";"11:00:00";"RJ";40;62;"PETROPOLIS";"Acessar a via sem observar a presença dos outros veículos";"Colisão transversal";"Com Vítimas Feridas";"Pleno dia";"Decrescente";"Nublado";"Simples";"Interseção de Vias";"Sim";2;0;2;0;0;0;2;2;-22,41229809;-43,14296722;"SPRF-RJ";"DEL05-RJ";"UOP02-DEL05-RJ"
477774;2022-09-30;"sexta-feira";"15:20:00";"DF";60;5,4;"BRASILIA";"Ausência de reação do condutor";"Colisão traseira";"Com Vítimas Feridas";"Pleno dia";"Crescente";"Céu Claro";"Dupla";"Reta";"Sim";4;0;1;0;2;1;1;2;-15,895438;-48,104771;"SPRF-DF";"DEL03-DF";"UOP01-DEL03-DF"
477776;2022-09-30;"sexta-feira";"16:00:00";"TO";153;141;"ARAGUAINA";"Demais falhas mecânicas ou elétricas";"Incêndio";"Sem Vítimas";"Pleno dia";"Decrescente";"Céu Claro";"Múltipla";"Reta";"Sim";1;0;0;0;1;0;0;1;-7,17726147;-48,22057312;"SPRF-TO";"DEL02-TO";"UOP01-DEL02-TO"
477778;2022-07-21;"quinta-feira";"06:25:00";"BA";101;52;"ITABUNA";"Acumulo de água sobre o pavimento";"Tombamento";"Com Vítimas Feridas";"Pleno dia";"Crescente";"Ignorado";"Simples";"Reta";"Não";1;0;0;1;0;0;1;1;-14,83781104;-39,32608388;"SPRF-BA";"DEL01-BA";"UOP04-DEL01-BA"
477779;2022-09-30;"sexta-feira";"16:10:00";"PR";476;124;"CURITIBA";"Condutor deixou de manter distância do veículo da frente";"Colisão traseira";"Com Vítimas Feridas";"Pleno dia";"Crescente";"Nublado";"Dupla";"Reta";"Sim";2;0;1;0;1;0;1;2;-25,399845;-49,215855;"SPRF-PR";"DEL01-PR";"UOP01-DEL01-PR"
477782;2022-09-30;"sexta-feira";"16:27:00";"RS";386;401;"TRIUNFO";"Velocidade Incompatível";"Colisão com objeto";"Com Vítimas Feridas";"Pleno dia";"Decrescente";"Chuva";"Simples";"Curva";"Não";5;0;1;0;4;0;1;2;-29,758154;-51,594955;"SPRF-RS";"DEL04-RS";"UOP02-DEL04-RS"
477783;2022-09-30;"sexta-feira";"16:15:00";"RS";386;342,6;"LAJEADO";"Conversão proibida";"Colisão frontal";"Sem Vítimas";"Pleno dia";"Decrescente";"Chuva";"Simples";"Reta";"Sim";3;0;0;0;3;0;0;2;-29,431631;-52,011932;"SPRF-RS";"DEL04-RS";"UOP01-DEL04-RS"
477784;2022-09-30;"sexta-feira";"11:57:00";"AC";364;109;"RIO BRANCO";"Pista esburacada";"Saída de leito carroçável";"Com Vítimas Feridas";"Pleno dia";"Crescente";"Sol";"Simples";"Reta";"Não";1;0;1;0;0;0;1;1;-10,01587901;-67,65647501;"SPRF-AC";"DEL01-AC";"UOP01-DEL01-AC"
477785;2022-09-30;"sexta-feira";"16:15:00";"CE";116;8;"FORTALEZA";"Condutor deixou de manter distância do veículo da frente";"Colisão lateral mesmo sentido";"Com Vítimas Feridas";"Pleno dia";"Decrescente";"Céu Claro";"Múltipla";"Reta";"Sim";2;0;1;0;1;0;1;2;-3,82306292;-38,50334644;"SPRF-CE";"DEL01-CE";"UOP02-DEL01-CE"
477786;2022-09-30;"sexta-feira";"15:35:00";"SC";101;212;"PALHOCA";"Manobra de mudança de faixa";"Colisão lateral mesmo sentido";"Sem Vítimas";"Pleno dia";"Crescente";"Nublado";"Dupla";"Reta";"Sim";2;0;0;0;1;1;0;2;-27,62996929;-48,65903871;"SPRF-SC";"DEL01-SC";"UOP02-DEL01-SC"
477787;2022-09-30;"sexta-feira";"15:15:00";"MG";262;451,5;"NOVA SERRANA";"Reação tardia ou ineficiente do condutor";"Saída de leito carroçável";"Com Vítimas Feridas";"Pleno dia";"Decrescente";"Sol";"Simples";"Reta";"Não";1;0;1;0;0;0;1;1;-19,86372828;-44,99796931;"SPRF-MG";"DEL08-MG";"UOP03-DEL08-MG"
477788;2022-09-30;"sexta-feira";"16:50:00";"TO";153;672,5;"GURUPI";"Acessar a via sem observar a presença dos outros veículos";"Colisão transversal";"Com Vítimas Feridas";"Pleno dia";"Crescente";"Céu Claro";"Dupla";"Reta";"Sim";2;0;1;0;1;0;1;2;-11,72948104;-49,07908783;"SPRF-TO";"DEL01-TO";"UOP02-DEL01-TO"
477789;2022-09-30;"sexta-feira";"17:10:00";"PR";373;175;"PONTA GROSSA";"Condutor deixou de manter distância do veículo da frente";"Colisão traseira";"Com Vítimas Feridas";"Pleno dia";"Crescente";"Nublado";"Dupla";"Curva";"Sim";3;0;1;0;2;0;1;2;-25,06728094;-50,21211882;"SPRF-PR";"DEL03-PR";"UOP01-DEL03-PR"
477791;2022-09-30;"sexta-feira";"16:45:00";"RN";101;85,3;"NATAL";"Condutor deixou de manter distância do veículo da frente";"Colisão traseira";"Com Vítimas Feridas";"Anoitecer";"Decrescente";"Céu Claro";"Dupla";"Reta;Ponte";"Sim";4;0;1;0;3;0;1;3;-5,77977978;-35,24831414;"SPRF-RN";"DEL02-RN";"UOP01-DEL02-RN"
477792;2022-09-30;"sexta-feira";"18:00:00";"RS";290;88;"PORTO ALEGRE";"Reação tardia ou ineficiente do condutor";"Colisão lateral mesmo sentido";"Com Vítimas Feridas";"Pleno dia";"Decrescente";"Chuva";"Múltipla";"Reta";"Não";2;0;1;0;1;0;1;2;-29,967531;-51,137264;"SPRF-RS";"DEL01-RS";"UOP01-DEL01-RS"
477793;2022-09-30;"sexta-feira";"16:30:00";"RO";364;713;"PORTO VELHO";"Acessar a via sem observar a presença dos outros veículos";"Colisão transversal";"Com Vítimas Feridas";"Pleno dia";"Decrescente";"Céu Claro";"Simples";"Reta;Declive;Interseção de Vias";"Sim";2;0;1;1;0;0;2;2;-8,772699;-63,881158;"SPRF-RO";"DEL01-RO";"UOP01-DEL01-RO"
477794;2022-09-30;"sexta-feira";"16:30:00";"BA";116;352,9;"SERRINHA";"Ingestão de álcool pelo condutor";"Colisão frontal";"Com Vítimas Feridas";"Pleno dia";"Decrescente";"Céu Claro";"Simples";"Reta";"Sim";4;0;3;0;1;0;3;2;-11,60901206;-38,98384646;"SPRF-BA";"DEL02-BA";"UOP01-DEL02-BA"
477795;2022-09-18;"domingo";"14:50:00";"PR";476;277;"SAO MATEUS DO SUL";"Acessar a via sem observar a presença dos outros veículos";"Colisão lateral mesmo sentido";"Sem Vítimas";"Pleno dia";"Crescente";"Sol";"Simples";"Reta";"Sim";2;0;0;0;1;1;0;2;-25,87587646;-50,38747966;"SPRF-PR";"DEL02-PR";"UOP04-DEL02-PR"
477797;2022-09-30;"sexta-feira";"18:05:00";"ES";101;266,5;"SERRA";"Pedestre cruzava a pista fora da faixa";"Atropelamento de Pedestre";"Com Vítimas Feridas";"Plena Noite";"Crescente";"Nublado";"Múltipla";"Interseção de Vias";"Sim";2;0;1;0;0;1;1;2;-20,190199;-40,26828891;"SPRF-ES";"DEL02-ES";"UOP01-DEL02-ES"
477799;2022-09-30;"sexta-feira";"17:52:00";"RS";386;345,9;"LAJEADO";"Condutor deixou de manter distância do veículo da frente";"Colisão traseira";"Sem Vítimas";"Anoitecer";"Decrescente";"Chuva";"Dupla";"Reta;Em Obras";"Sim";3;0;0;0;3;0;0;3;-29,443069;-51,984135;"SPRF-RS";"DEL04-RS";"UOP01-DEL04-RS"
477800;2022-09-30;"sexta-feira";"18:35:00";"MG";40;545;"NOVA LIMA";"Condutor deixou de manter distância do veículo da frente";"Colisão traseira";"Com Vítimas Feridas";"Anoitecer";"Crescente";"Céu Claro";"Dupla";"Reta";"Não";2;0;0;1;1;0;1;2;-20,00670404;-43,96418668;"SPRF-MG";"DEL01-MG";"UOP02-DEL01-MG"
477801;2022-09-30;"sexta-feira";"18:43:00";"SP";116;147;"SAO JOSE DOS CAMPOS";"Reação tardia ou ineficiente do condutor";"Engavetamento";"Com Vítimas Feridas";"Plena Noite";"Decrescente";"Garoa/Chuvisco";"Dupla";"Reta";"Não";7;0;3;0;3;1;3;4;-23,19542994;-45,87176303;"SPRF-SP";"DEL02-SP";"UOP01-DEL02-SP"
477803;2022-09-30;"sexta-feira";"17:30:00";"PR";277;96;"CURITIBA";"Reação tardia ou ineficiente do condutor";"Colisão transversal";"Sem Vítimas";"Anoitecer";"Decrescente";"Garoa/Chuvisco";"Múltipla";"Reta";"Sim";2;0;0;0;2;0;0;2;-25,43092811;-49,3319058;"SPRF-PR";"DEL01-PR";"UOP06-DEL01-PR"
477804;2022-09-30;"sexta-feira";"18:30:00";"RS";290;42,5;"GLORINHA";"Chuva";"Saída de leito carroçável";"Com Vítimas Feridas";"Plena Noite";"Decrescente";"Chuva";"Dupla";"Reta";"Não";1;0;1;0;0;0;1;1;-29,889519;-50,684872;"SPRF-RS";"DEL03-RS";"UOP01-DEL03-RS"
477805;2022-09-30;"sexta-feira";"17:30:00";"RJ";393;178;"PARAIBA DO SUL";"Ultrapassagem Indevida";"Colisão transversal";"Sem Vítimas";"Anoitecer";"Crescente";"Céu Claro";"Simples";"Reta";"Sim";2;0;0;0;2;0;0;2;-22,13725711;-43,25259447;"SPRF-RJ";"DEL05-RJ";"UOP03-DEL05-RJ"
477806;2022-09-30;"sexta-feira";"19:20:00";"ES";101;266,1;"SERRA";"Ausência de reação do condutor";"Atropelamento de Pedestre";"Com Vítimas Feridas";"Plena Noite";"Crescente";"Nublado";"Múltipla";"Interseção de Vias";"Não";2;0;1;0;0;1;1;2;-20,190199;-40,26828891;"SPRF-ES";"DEL02-ES";"UOP01-DEL02-ES"
477809;2022-09-30;"sexta-feira";"18:40:00";"GO";40;18,9;"LUZIANIA";"Entrada inopinada do pedestre";"Atropelamento de Pedestre";"Com Vítimas Feridas";"Plena Noite";"Crescente";"Céu Claro";"Dupla";"Reta";"Sim";2;0;1;0;1;0;1;2;-16,19349;-47,925575;"SPRF-DF";"DEL01-DF";"UOP01-DEL01-DF"
477816;2022-09-30;"sexta-feira";"16:00:00";"RJ";101;452;"MANGARATIBA";"Acumulo de óleo sobre o pavimento";"Saída de leito carroçável";"Com Vítimas Feridas";"Pleno dia";"Crescente";"Chuva";"Simples";"Curva";"Não";5;0;1;0;4;0;1;3;-23,03179764;-44,13196391;"SPRF-RJ";"DEL03-RJ";"UOP02-DEL03-RJ"
477817;2022-09-30;"sexta-feira";"13:40:00";"MT";163;1043;"MATUPA";"Conversão proibida";"Colisão frontal";"Com Vítimas Feridas";"Pleno dia";"Decrescente";"Céu Claro";"Simples";"Reta";"Não";2;0;0;1;1;0;1;2;-10,146511;-54,929566;"SPRF-MT";"DEL06-MT";"NPF/DEL06-MT"
477818;2022-09-30;"sexta-feira";"19:30:00";"ES";101;157,6;"LINHARES";"Desrespeitar a preferência no cruzamento";"Colisão transversal";"Com Vítimas Feridas";"Plena Noite";"Crescente";"Nublado";"Simples";"Reta";"Sim";2;0;1;0;0;1;1;2;-19,45345303;-40,09963296;"SPRF-ES";"DEL04-ES";"UOP01-DEL04-ES"
477822;2022-09-30;"sexta-feira";"19:30:00";"SC";101;214;"PALHOCA";"Ingestão de álcool pelo condutor";"Colisão traseira";"Sem Vítimas";"Plena Noite";"Crescente";"Nublado";"Múltipla";"Reta";"Sim";2;0;0;0;2;0;0;2;-27,64443;-48,67057;"SPRF-SC";"DEL01-SC";"UOP02-DEL01-SC"