"id";"data_inversa";"dia_semana";"horario";"uf";"br";"km";"municipio";"causa_acidente";"tipo_acidente";"classificacao_acidente";"fase_dia";"sentido_via";"condicao_metereologica";"tipo_pista";"tracado_via";"uso_solo";"pessoas";"mortos";"feridos_leves";"feridos_graves";"ilesos";"ignorados";"feridos";"veiculos";"latitude";"longitude";"regional";"delegacia";"uop"
477823;2022-09-30;"sexta-feira";"19:30:00";"PB";230;293;"SANTA LUZIA";"Entrada inopinada do pedestre";"Atropelamento de Pedestre";"Com Vítimas Feridas";"Plena Noite";"Crescente";"Céu Claro";"Simples";"Reta";"Sim";4;0;0;1;3;0;1;2;-6,8748;-36,9296;"SPRF-PB";"DEL03-PB";"UOP01-DEL03-PB"
477824;2022-09-30;"sexta-feira";"19:25:00";"RN";110;1;"AREIA BRANCA";"Acessar a via sem observar a presença dos outros veículos";"Colisão transversal";"Com Vítimas Feridas";"Plena Noite";"Decrescente";"Céu Claro";"Simples";"Reta";"Sim";2;0;1;0;1;0;1;2;-4,94784603;-37,12300197;"SPRF-RN";"DEL04-RN";"UOP01-DEL04-RN"
477825;2022-09-30;"sexta-feira";"18:30:00";"PE";424;89,7;"GARANHUNS";"Ingestão de álcool e/ou substâncias psicoativas pelo pedestre";"Colisão traseira";"Com Vítimas Feridas";"Plena Noite";"Decrescente";"Céu Claro";"Simples";"Reta;Declive";"Sim";2;0;0;1;1;0;1;2;-8,89138375;-36,50571483;"SPRF-PE";"DEL03-PE";"UOP01-DEL03-PE"
477826;2022-09-30;"sexta-feira";"20:00:00";"DF";251;57;"BRASILIA";"Ingestão de álcool pelo condutor";"Colisão frontal";"Com Vítimas Feridas";"Plena Noite";"Crescente";"Céu Claro";"Simples";"Reta";"Não";7;0;1;6;0;0;7;2;-15,98212347;-47,95017242;"SPRF-DF";"DEL01-DF";"UOP01-DEL01-DF"
477827;2022-09-30;"sexta-feira";"15:00:00";"MG";381;838;"SAO SEBASTIAO DA BELA VISTA";"Ausência de reação do condutor";"Capotamento";"Com Vítimas Feridas";"Pleno dia";"Crescente";"Chuva";"Dupla";"Reta";"Não";2;0;1;0;1;0;1;1;-22,19252695;-45,84775906;"SPRF-MG";"DEL16-MG";"UOP01-DEL16-MG"
477828;2022-09-30;"sexta-feira";"17:05:00";"PB";230;325;"SAO MAMEDE";"Transitar na contramão";"Saída de leito carroçável";"Com Vítimas Feridas";"Pleno dia";"Crescente";"Céu Claro";"Simples";"Reta";"Não";3;0;0;1;2;0;1;1;-6,9912;-37,1874;"SPRF-PB";"DEL03-PB";"UOP01-DEL03-PB"
477829;2022-09-30;"sexta-feira";"17:00:00";"MG";381;811;"CAREACU";"Chuva";"Colisão com objeto";"Com Vítimas Feridas";"Pleno dia";"Crescente";"Chuva";"Dupla";"Curva";"Não";2;0;1;0;1;0;1;1;-22,05313393;-45,6960471;"SPRF-MG";"DEL16-MG";"UOP02-DEL16-MG"
477830;2022-09-30;"sexta-feira";"20:51:00";"ES";101;220,2;"IBIRACU";"Conversão proibida";"Colisão transversal";"Com Vítimas Feridas";"Plena Noite";"Crescente";"Céu Claro";"Simples";"Reta";"Sim";3;0;2;0;1;0;2;2;-19,86379124;-40,39171492;"SPRF-ES";"DEL02-ES";"UOP01-DEL02-ES"
477832;2022-09-30;"sexta-feira";"19:50:00";"SC";101;134;"BALNEARIO CAMBORIU";"Desrespeitar a preferência no cruzamento";"Colisão transversal";"Com Vítimas Feridas";"Plena Noite";"Crescente";"Garoa/Chuvisco";"Simples";"Interseção de Vias";"Sim";2;0;0;1;1;0;1;2;-27,00218;-48,636433;"SPRF-SC";"DEL04-SC";"UOP03-DEL04-SC"
477833;2022-09-30;"sexta-feira";"20:30:00";"PR";116;125;"FAZENDA RIO GRANDE";"Reação tardia ou ineficiente do condutor";"Colisão transversal";"Com Vítimas Feridas";"Plena Noite";"Crescente";"Chuva";"Dupla";"Reta";"Sim";2;0;1;0;1;0;1;2;-25,59505309;-49,31630659;"SPRF-PR";"DEL01-PR";"UOP03-DEL01-PR"
477834;2022-09-30;"sexta-feira";"19:35:00";"RJ";101;312;"SAO GONCALO";"Pedestre cruzava a pista fora da faixa";"Atropelamento de Pedestre";"Com Vítimas Fatais";"Plena Noite";"Decrescente";"Céu Claro";"Dupla";"Reta";"Sim";3;1;1;0;1;0;1;2;-22,80546555;-43,06156967;"SPRF-RJ";"DEL02-RJ";"UOP02-DEL02-RJ"
477835;2022-09-30;"sexta-feira";"19:20:00";"MG";262;97;"ABRE CAMPO";"Ausência de reação do condutor";"Atropelamento de Pedestre";"Com Vítimas Feridas";"Plena Noite";"Crescente";"Céu Claro";"Simples";"Reta";"Não";2;0;0;1;1;0;1;2;-20,29066833;-42,48754605;"SPRF-MG";"DEL03-MG";"UOP03-DEL03-MG"
477837;2022-09-30;"sexta-feira";"19:55:00";"PA";10;17;"DOM ELISEU";"Acessar a via sem observar a presença dos outros veículos";"Queda de ocupante de veículo";"Com Vítimas Feridas";"Plena Noite";"Decrescente";"Céu Claro";"Simples";"Reta;Interseção de Vias";"Sim";2;0;1;0;1;0;1;2;-4,30201297;-47,55571979;"SPRF-PA";"DEL02-PA";"UOP02-DEL02-PA"
477838;2022-09-30;"sexta-feira";"18:30:00";"PB";412;102;"SUME";"Acessar a via sem observar a presença dos outros veículos";"Colisão traseira";"Com Vítimas Fatais";"Plena Noite";"Crescente";"Céu Claro";"Simples";"Reta";"Não";3;2;0;0;1;0;0;3;-7,630156;-36,849079;"SPRF-PB";"DEL02-PB";"UOP02-DEL02-PB"
477841;2022-09-30;"sexta-feira";"20:13:00";"SC";280;56,8;"GUARAMIRIM";"Ingestão de álcool pelo condutor";"Colisão transversal";"Com Vítimas Feridas";"Plena Noite";"Crescente";"Chuva";"Simples";"Reta;Declive";"Sim";2;0;1;0;1;0;1;2;-26,47947677;-49,00298702;"SPRF-SC";"DEL03-SC";"UOP03-DEL03-SC"
477843;2022-09-30;"sexta-feira";"20:30:00";"RS";392;66;"PELOTAS";"Ausência de reação do condutor";"Saída de leito carroçável";"Sem Vítimas";"Plena Noite";"Crescente";"Chuva";"Dupla";"Reta";"Não";1;0;0;0;1;0;0;1;-31,7627503;-52,39165019;"SPRF-RS";"DEL07-RS";"UOP01-DEL07-RS"
477844;2022-09-30;"sexta-feira";"19:37:00";"BA";116;584;"NOVA ITARANA";"Ultrapassagem Indevida";"Colisão lateral sentido oposto";"Sem Vítimas";"Plena Noite";"Crescente";"Céu Claro";"Dupla";"Declive;Reta";"Não";1;0;0;0;1;0;0;1;-13,1052027;-39,98209294;"SPRF-BA";"DEL03-BA";"UOP02-DEL03-BA"
477845;2022-09-30;"sexta-feira";"21:10:00";"RJ";40;109;"DUQUE DE CAXIAS";"Acessar a via sem observar a presença dos outros veículos";"Colisão transversal";"Com Vítimas Feridas";"Plena Noite";"Decrescente";"Nublado";"Múltipla";"Reta";"Sim";3;0;1;0;2;0;1;2;-22,67374628;-43,28638368;"SPRF-RJ";"DEL01-RJ";"UOP01-DEL01-RJ"
477847;2022-09-30;"sexta-feira";"06:30:00";"RO";425;42;"PORTO VELHO";"Velocidade Incompatível";"Saída de leito carroçável";"Com Vítimas Feridas";"Amanhecer";"Decrescente";"Céu Claro";"Simples";"Reta";"Não";1;0;1;0;0;0;1;1;-9,929101;-65,287941;"SPRF-RO";"DEL01-RO";"UOP03-DEL01-RO"
477848;2022-09-30;"sexta-feira";"20:20:00";"PR";277;704,8;"SAO MIGUEL DO IGUACU";"Velocidade Incompatível";"Saída de leito carroçável";"Com Vítimas Feridas";"Plena Noite";"Crescente";"Chuva";"Dupla";"Declive";"Não";1;0;0;1;0;0;1;1;-25,42529621;-54,36142389;"SPRF-PR";"DEL05-PR";"UOP01-DEL05-PR"
477849;2022-09-30;"sexta-feira";"21:35:00";"PA";316;60;"CASTANHAL";"Ingestão de álcool pelo condutor";"Atropelamento de Pedestre";"Com Vítimas Feridas";"Pleno dia";"Crescente";"Céu Claro";"Dupla";"Reta";"Sim";2;0;1;1;0;0;2;2;-1,29767715;-47,94247622;"SPRF-PA";"DEL01-PA";"UOP01-DEL01-PA"
477850;2022-09-30;"sexta-feira";"21:40:00";"PB";230;12;"CABEDELO";"Acessar a via sem observar a presença dos outros veículos";"Colisão transversal";"Com Vítimas Feridas";"Plena Noite";"Decrescente";"Céu Claro";"Dupla";"Reta";"Sim";2;0;1;0;1;0;1;2;-7,068;-34,85;"SPRF-PB";"DEL01-PB";"UOP01-DEL01-PB"
477852;2022-09-30;"sexta-feira";"09:30:00";"MG";262;404,5;"PARA DE MINAS";"Velocidade Incompatível";"Tombamento";"Com Vítimas Feridas";"Pleno dia";"Crescente";"Céu Claro";"Dupla";"Reta";"Não";1;0;1;0;0;0;1;1;-19,89195069;-44,58054391;"SPRF-MG";"DEL01-MG";"UOP03-DEL01-MG"
477853;2022-09-30;"sexta-feira";"22:00:00";"PE";104;83,2;"AGRESTINA";"Condutor Dormindo";"Colisão lateral sentido oposto";"Com Vítimas Feridas";"Plena Noite";"Decrescente";"Céu Claro";"Simples";"Reta";"Não";4;0;2;0;2;0;2;3;-8,430662;-35,959164;"SPRF-PE";"DEL02-PE";"UOP01-DEL02-PE"
477854;2022-09-30;"sexta-feira";"23:00:00";"SP";116;1;"GUARULHOS";"Ingestão de álcool pelo condutor";"Colisão traseira";"Com Vítimas Feridas";"Plena Noite";"Crescente";"Céu Claro";"Múltipla";"Curva";"Sim";6;0;4;0;1;1;4;3;-23,463257;-46,53373;"SPRF-SP";"DEL01-SP";"UOP01-DEL01-SP"
477855;2022-09-30;"sexta-feira";"22:39:00";"DF";70;5;"BRASILIA";"Condutor Dormindo";"Saída de leito carroçável";"Sem Vítimas";"Plena Noite";"Crescente";"Céu Claro";"Dupla";"Reta";"Não";1;0;0;0;1;0;0;1;-15,794656;-48,096779;"SPRF-DF";"DEL03-DF";"UOP02-DEL03-DF"
477857;2022-09-30;"sexta-feira";"22:40:00";"RS";158;0,9;"SANTANA DO LIVRAMENTO";"Acessar a via sem observar a presença dos outros veículos";"Colisão transversal";"Com Vítimas Feridas";"Plena Noite";"Decrescente";"Nublado";"Dupla";"Reta";"Sim";2;0;1;0;1;0;1;2;-30,88019263;-55,51877618;"SPRF-RS";"DEL11-RS";"UOP01-DEL11-RS"
477858;2022-09-30;"sexta-feira";"19:20:00";"PA";10;322;"SAO MIGUEL DO GUAMA";"Transitar na contramão";"Colisão frontal";"Com Vítimas Feridas";"Plena Noite";"Decrescente";"Nublado";"Simples";"Reta";"Sim";3;0;2;0;0;1;2;2;-1,61939568;-47,47970107;"SPRF-PA";"DEL01-PA";"UOP02-DEL01-PA"
477859;2022-09-30;"sexta-feira";"22:10:00";"SC";101;417,8;"ARARANGUA";"Acessar a via sem observar a presença dos outros veículos";"Colisão frontal";"Com Vítimas Feridas";"Plena Noite";"Decrescente";"Céu Claro";"Simples";"Reta;Interseção de Vias";"Sim";2;0;0;2;0;0;2;2;-28,97376391;-49,53023409;"SPRF-SC";"DEL02-SC";"UOP02-DEL02-SC"
477860;2022-09-30;"sexta-feira";"20:15:00";"MT";174;289;"PONTES E LACERDA";"Transitar na contramão";"Colisão lateral sentido oposto";"Com Vítimas Feridas";"Plena Noite";"Decrescente";"Nublado";"Simples";"Reta";"Sim";2;0;1;0;0;1;1;2;-15,22419218;-59,31889821;"SPRF-MT";"DEL04-MT";"UOP01-DEL04-MT"
477863;2022-09-30;"sexta-feira";"23:00:00";"RS";101;65;"MAQUINE";"Velocidade Incompatível";"Tombamento";"Com Vítimas Fatais";"Plena Noite";"Crescente";"Chuva";"Dupla";"Reta";"Não";1;1;0;0;0;0;0;1;-29,69621105;-50,16781159;"SPRF-RS";"DEL03-RS";"UOP02-DEL03-RS"
477865;2022-09-30;"sexta-feira";"22:40:00";"PE";424;68,3;"CAETES";"Ultrapassagem Indevida";"Colisão frontal";"Sem Vítimas";"Plena Noite";"Decrescente";"Céu Claro";"Simples";"Reta";"Sim";4;0;0;0;1;3;0;3;-8,76884574;-36,63537082;"SPRF-PE";"DEL03-PE";"UOP01-DEL03-PE"
477866;2022-09-30;"sexta-feira";"19:15:00";"SP";116;64,7;"GUARATINGUETA";"Pedestre andava na pista";"Atropelamento de Pedestre";"Com Vítimas Fatais";"Plena Noite";"Decrescente";"Chuva";"Dupla";"Curva";"Sim";2;1;0;0;0;1;0;2;-22,81942006;-45,18421298;"SPRF-SP";"DEL08-SP";"UOP01-DEL08-SP"
477868;2022-09-30;"sexta-feira";"22:30:00";"BA";110;244,9;"OLINDINA";"Pedestre andava na pista";"Atropelamento de Pedestre";"Com Vítimas Fatais";"Plena Noite";"Crescente";"Céu Claro";"Simples";"Reta";"Não";2;1;0;0;0;1;0;2;-11,416905;-38,292923;"SPRF-BA";"DEL01-BA";"UOP04-DEL01-BA"
477870;2022-09-30;"sexta-feira";"22:00:00";"ES";262;148;"IBATIBA";"Velocidade Incompatível";"Saída de leito carroçável";"Com Vítimas Feridas";"Plena Noite";"Crescente";"Nevoeiro/Neblina";"Simples";"Curva";"Não";4;0;4;0;0;0;4;1;-20,21477309;-41,42392501;"SPRF-ES";"DEL01-ES";"UOP02-DEL01-ES"
477871;2022-09-30;"sexta-feira";"22:30:00";"TO";230;87;"CACHOEIRINHA";"Transitar na contramão";"Colisão frontal";"Com Vítimas Feridas";"Plena Noite";"Decrescente";"Céu Claro";"Simples";"Reta";"Não";2;0;0;1;0;1;1;2;-6,06687084;-47,92614187;"SPRF-TO";"DEL02-TO";"UOP03-DEL02-TO"
477872;2022-09-30;"sexta-feira";"23:40:00";"PR";376;650;"TIJUCAS DO SUL";"Reação tardia ou ineficiente do condutor";"Colisão com objeto";"Sem Vítimas";"Plena Noite";"Crescente";"Garoa/Chuvisco";"Dupla";"Reta";"Não";1;0;0;0;1;0;0;1;-25,84564757;-49,08816197;"SPRF-PR";"DEL01-PR";"UOP04-DEL01-PR"
477873;2022-09-30;"sexta-feira";"22:40:00";"SC";101;148;"ITAPEMA";"Transitar na contramão";"Colisão frontal";"Com Vítimas Fatais";"Plena Noite";"Crescente";"Garoa/Chuvisco";"Dupla";"Reta";"Sim";2;1;0;1;0;0;1;2;-27,10123686;-48,61807962;"SPRF-SC";"DEL04-SC";"UOP03-DEL04-SC"
477874;2022-10-01;"sábado";"00:50:00";"BA";324;514;"FEIRA DE SANTANA";"Desrespeitar a preferência no cruzamento";"Colisão transversal";"Com Vítimas Feridas";"Plena Noite";"Decrescente";"Céu Claro";"Simples";"Reta";"Sim";2;0;0;1;1;0;1;2;-12,23229233;-38,95215305;"SPRF-BA";"DEL02-BA";"UOP01-DEL02-BA"
477875;2022-10-01;"sábado";"01:20:00";"CE";116;8;"FORTALEZA";"Velocidade Incompatível";"Saída de leito carroçável";"Com Vítimas Feridas";"Plena Noite";"Crescente";"Céu Claro";"Múltipla";"Reta";"Sim";1;0;0;1;0;0;1;1;-3,8192799;-38,50268337;"SPRF-CE";"DEL01-CE";"UOP02-DEL01-CE"
477877;2022-09-30;"sexta-feira";"23:00:00";"SC";101;112,5;"ITAJAI";"Velocidade Incompatível";"Tombamento";"Com Vítimas Feridas";"Plena Noite";"Crescente";"Garoa/Chuvisco";"Múltipla";"Reta";"Não";1;0;1;0;0;0;1;1;-26,84589005;-48,72131295;"SPRF-SC";"DEL04-SC";"UOP04-DEL04-SC"
477878;2022-10-01;"sábado";"01:55:00";"RJ";101;324;"NITEROI";"Reação tardia ou ineficiente do condutor";"Tombamento";"Com Vítimas Feridas";"Plena Noite";"Decrescente";"Céu Claro";"Simples";"Reta";"Sim";1;0;1;0;0;0;1;1;-22,873405;-43,131162;"SPRF-RJ";"DEL02-RJ";"UOP01-DEL02-RJ"
477879;2022-10-01;"sábado";"01:20:00";"SC";480;128,5;"CHAPECO";"Ingestão de álcool pelo condutor";"Saída de leito carroçável";"Sem Vítimas";"Plena Noite";"Crescente";"Garoa/Chuvisco";"Dupla";"Reta";"Sim";1;0;0;0;1;0;0;1;-27,0444226;-52,6362199;"SPRF-SC";"DEL07-SC";"UOP01-DEL07-SC"
477882;2022-10-01;"sábado";"02:05:00";"PA";316;95,4;"IGARAPE-ACU";"Manobra de mudança de faixa";"Colisão frontal";"Com Vítimas Fatais";"Plena Noite";"Decrescente";"Céu Claro";"Simples";"Reta";"Não";3;1;0;0;2;0;0;2;-1,32723691;-47,64789581;"SPRF-PA";"DEL01-PA";"UOP02-DEL01-PA"
477883;2022-10-01;"sábado";"02:00:00";"PI";135;276;"ALVORADA DO GURGUEIA";"Ingestão de álcool pelo condutor";"Saída de leito carroçável";"Com Vítimas Fatais";"Plena Noite";"Crescente";"Céu Claro";"Simples";"Reta";"Não";2;1;0;1;0;0;1;1;-8,56641699;-43,96565901;"SPRF-PI";"DEL03-PI";"UOP02-DEL03-PI"
477884;2022-10-01;"sábado";"01:40:00";"MT";70;379,1;"CAMPO VERDE";"Ausência de reação do condutor";"Colisão com objeto";"Com Vítimas Fatais";"Plena Noite";"Decrescente";"Céu Claro";"Simples";"Reta";"Não";2;1;0;1;0;0;1;1;-15,5394616;-55,1437292;"SPRF-MT";"DEL05-MT";"UOP02-DEL05-MT"
477885;2022-10-01;"sábado";"00:40:00";"PR";158;539,2;"PATO BRANCO";"Ingestão de álcool pelo condutor";"Saída de leito carroçável";"Sem Vítimas";"Plena Noite";"Decrescente";"Chuva";"Simples";"Curva";"Não";1;0;0;0;1;0;0;1;-26,264463;-52,707403;"SPRF-PR";"DEL02-PR";"UOP01-DEL02-PR"
477886;2022-10-01;"sábado";"02:30:00";"RS";116;54;"VACARIA";"Ingestão de álcool pelo condutor";"Saída de leito carroçável";"Sem Vítimas";"Plena Noite";"Decrescente";"Céu Claro";"Simples";"Reta";"Não";2;0;0;0;2;0;0;1;-28,59550602;-51,03139299;"SPRF-RS";"DEL05-RS";"UOP03-DEL05-RS"
477887;2022-09-30;"sexta-feira";"23:50:00";"RS";153;374,7;"NOVO CABRAIS";"Ausência de reação do condutor";"Saída de leito carroçável";"Com Vítimas Feridas";"Plena Noite";"Decrescente";"Nublado";"Simples";"Reta";"Não";1;0;1;0;0;0;1;1;-29,79433699;-52,97267238;"SPRF-RS";"DEL02-RS";"UOP03-DEL02-RS"
477888;2022-10-01;"sábado";"03:30:00";"SP";116;221;"GUARULHOS";"Reação tardia ou ineficiente do condutor";"Colisão com objeto";"Com Vítimas Feridas";"Plena Noite";"Decrescente";"Céu Claro";"Múltipla";"Reta";"Sim";2;0;0;1;0;1;1;2;-23,47002419;-46,51495641;"SPRF-SP";"DEL01-SP";"UOP01-DEL01-SP"
477890;2022-10-01;"sábado";"00:45:00";"MT";364;277;"JACIARA";"Condutor deixou de manter distância do veículo da frente";"Colisão traseira";"Sem Vítimas";"Plena Noite";"Crescente";"Céu Claro";"Simples";"Reta";"Não";5;0;0;0;5;0;0;2;-15,95076591;-54,99952397;"SPRF-MT";"DEL02-MT";"UOP01-DEL02-MT"
477892;2022-10-01;"sábado";"04:32:00";"RS";386;344,2;"LAJEADO";"Ausência de reação do condutor";"Colisão frontal";"Sem Vítimas";"Plena Noite";"Decrescente";"Chuva";"Simples";"Declive";"Sim";3;0;0;0;2;1;0;3;-29,439268;-51,993633;"SPRF-RS";"DEL04-RS";"UOP01-DEL04-RS"
477893;2022-10-01;"sábado";"02:20:00";"RJ";393;284,3;"VOLTA REDONDA";"Acessar a via sem observar a presença dos outros veículos";"Colisão transversal";"Sem Vítimas";"Plena Noite";"Decrescente";"Chuva";"Dupla";"Reta";"Não";3;0;0;0;2;1;0;3;-22,47341979;-44,05990606;"SPRF-RJ";"DEL05-RJ";"UOP04-DEL05-RJ"
477894;2022-10-01;"sábado";"02:00:00";"MS";163;276,9;"DOURADOS";"Ausência de reação do condutor";"Saída de leito carroçável";"Sem Vítimas";"Plena Noite";"Crescente";"Céu Claro";"Dupla";"Reta";"Sim";1;0;0;0;1;0;0;1;-22,16094591;-54,64879607;"SPRF-MS";"DEL04-MS";"UOP01-DEL04-MS"
477895;2022-09-30;"sexta-feira";"17:40:00";"BA";101;432;"MARAU";"Reação tardia ou ineficiente do condutor";"Saída de leito carroçável";"Com Vítimas Fatais";"Anoitecer";"Crescente";"Nublado";"Simples";"Reta";"Não";2;1;0;1;0;0;1;1;-14,195478;-39,31439;"SPRF-BA";"DEL05-BA";"UOP01-DEL05-BA"
477896;2022-10-01;"sábado";"04:40:00";"PR";277;9;"PARANAGUA";"Reação tardia ou ineficiente do condutor";"Saída de leito carroçável";"Sem Vítimas";"Amanhecer";"Decrescente";"Nublado";"Dupla";"Reta;Aclive";"Não";1;0;0;0;1;0;0;1;-25,566324;-48,605893;"SPRF-PR";"DEL01-PR";"UOP05-DEL01-PR"
477897;2022-10-01;"sábado";"02:00:00";"PE";316;227;"BELEM DE SAO FRANCISCO";"Ausência de reação do condutor";"Saída de leito carroçável";"Com Vítimas Feridas";"Plena Noite";"Crescente";"Ignorado";"Simples";"Reta";"Não";1;0;1;0;0;0;1;1;-8,58381892;-39,15600296;"SPRF-PE";"DEL05-PE";"UOP03-DEL05-PE"
477898;2022-10-01;"sábado";"04:20:00";"SP";116;518;"CAJATI";"Chuva";"Saída de leito carroçável";"Com Vítimas Feridas";"Plena Noite";"Decrescente";"Chuva";"Simples";"Curva";"Não";2;0;1;0;1;0;1;1;-24,88363347;-48,22397232;"SPRF-SP";"DEL05-SP";"UOP02-DEL05-SP"
477901;2022-10-01;"sábado";"04:00:00";"MG";50;65,3;"UBERLANDIA";"Pedestre andava na pista";"Atropelamento de Pedestre";"Com Vítimas Fatais";"Plena Noite";"Crescente";"Céu Claro";"Dupla";"Reta;Declive";"Não";2;1;0;0;0;1;0;2;-18,85140204;-48,25345932;"SPRF-MG";"DEL15-MG";"UOP02-DEL15-MG"
477902;2022-10-01;"sábado";"05:18:00";"ES";101;264;"SERRA";"Avarias e/ou desgaste excessivo no pneu";"Saída de leito carroçável";"Sem Vítimas";"Amanhecer";"Decrescente";"Céu Claro";"Dupla";"Reta";"Sim";1;0;0;0;1;0;0;1;-20,17292791;-40,26736384;"SPRF-ES";"DEL02-ES";"UOP01-DEL02-ES"
477903;2022-10-01;"sábado";"05:20:00";"PE";101;50;"ABREU E LIMA";"Acessar a via sem observar a presença dos outros veículos";"Colisão lateral mesmo sentido";"Com Vítimas Feridas";"Pleno dia";"Decrescente";"Céu Claro";"Dupla";"Reta";"Sim";4;0;2;0;2;0;2;2;-7,90938602;-34,90123228;"SPRF-PE";"DEL01-PE";"UOP02-DEL01-PE"
477904;2022-10-01;"sábado";"03:00:00";"MG";381;491,5;"BETIM";"Ausência de reação do condutor";"Tombamento";"Com Vítimas Feridas";"Plena Noite";"Decrescente";"Chuva";"Dupla";"Reta";"Sim";2;0;1;0;1;0;1;1;-19,97018187;-44,18210416;"SPRF-MG";"DEL01-MG";"UOP03-DEL01-MG"
477906;2022-10-01;"sábado";"05:15:00";"PR";369;137,6;"IBIPORA";"Velocidade Incompatível";"Colisão com objeto";"Sem Vítimas";"Amanhecer";"Crescente";"Céu Claro";"Simples";"Curva";"Sim";1;0;0;0;0;1;0;1;-23,270395;-51,045908;"SPRF-PR";"DEL07-PR";"UOP01-DEL07-PR"
477909;2022-10-01;"sábado";"06:30:00";"MG";50;177;"UBERABA";"Ingestão de álcool pelo condutor";"Saída de leito carroçável";"Sem Vítimas";"Pleno dia";"Crescente";"Céu Claro";"Dupla";"Reta";"Sim";1;0;0;0;1;0;0;1;-19,77914852;-47,95047701;"SPRF-MG";"DEL13-MG";"UOP01-DEL13-MG"
477910;2022-10-01;"sábado";"05:00:00";"MS";60;423;"SIDROLANDIA";"Ingestão de álcool pelo condutor";"Colisão traseira";"Com Vítimas Feridas";"Amanhecer";"Crescente";"Céu Claro";"Simples";"Reta";"Sim";3;0;1;0;2;0;1;2;-20,91374372;-54,9470444;"SPRF-MS";"DEL01-MS";"UOP04-DEL01-MS"
477911;2022-10-01;"sábado";"06:00:00";"RJ";101;267,6;"RIO BONITO";"Condutor Dormindo";"Saída de leito carroçável";"Com Vítimas Feridas";"Amanhecer";"Decrescente";"Nublado";"Dupla";"Reta";"Sim";1;0;1;0;0;0;1;1;-22,7112997;-42,66922613;"SPRF-RJ";"DEL02-RJ";"UOP03-DEL02-RJ"
477913;2022-10-01;"sábado";"03:00:00";"SC";101;53;"JOINVILLE";"Ingestão de álcool pelo condutor";"Saída de leito carroçável";"Sem Vítimas";"Plena Noite";"Crescente";"Chuva";"Múltipla";"Reta";"Não";1;0;0;0;1;0;0;1;-26,41635494;-48,83477569;"SPRF-SC";"DEL03-SC";"UOP01-DEL03-SC"
477914;2022-10-01;"sábado";"05:05:00";"RJ";493;106;"SEROPEDICA";"Iluminação deficiente";"Tombamento";"Com Vítimas Feridas";"Amanhecer";"Decrescente";"Nublado";"Dupla";"Reta";"Não";5;0;2;0;3;0;2;1;-22,75633529;-43,73077333;"SPRF-RJ";"DEL03-RJ";"UOP01-DEL03-RJ"
477915;2022-10-01;"sábado";"06:00:00";"SP";153;227,6;"MARILIA";"Ingestão de álcool pelo condutor";"Saída de leito carroçável";"Sem Vítimas";"Amanhecer";"Decrescente";"Céu Claro";"Simples";"Reta";"Não";1;0;0;0;1;0;0;1;-22,05871399;-49,90221969;"SPRF-SP";"DEL07-SP";"UOP02-DEL07-SP"
477919;2022-10-01;"sábado";"07:15:00";"RJ";116;141;"DUQUE DE CAXIAS";"Condutor deixou de manter distância do veículo da frente";"Colisão traseira";"Com Vítimas Feridas";"Pleno dia";"Decrescente";"Nublado";"Dupla";"Reta";"Sim";2;0;1;0;0;1;1;2;-22,64724486;-43,22083001;"SPRF-RJ";"DEL01-RJ";"UOP01-DEL01-RJ"
477921;2022-10-01;"sábado";"04:20:00";"AL";101;174;"TEOTONIO VILELA";"Transitar na contramão";"Colisão frontal";"Com Vítimas Feridas";"Amanhecer";"Crescente";"Céu Claro";"Simples";"Reta";"Sim";3;0;2;0;1;0;2;2;-9,90270371;-36,35878384;"SPRF-AL";"DEL02-AL";"UOP02-DEL02-AL"
477922;2022-09-30;"sexta-feira";"19:00:00";"MT";163;996;"TERRA NOVA DO NORTE";"Condutor deixou de manter distância do veículo da frente";"Colisão traseira";"Com Vítimas Feridas";"Plena Noite";"Crescente";"Céu Claro";"Simples";"Reta";"Não";2;0;2;0;0;0;2;2;-10,64456298;-55,13366187;"SPRF-MT";"DEL06-MT";"NPF/DEL06-MT"
477924;2022-10-01;"sábado";"06:30:00";"PR";376;174,2;"MARINGA";"Manobra de mudança de faixa";"Colisão lateral mesmo sentido";"Com Vítimas Feridas";"Amanhecer";"Crescente";"Céu Claro";"Dupla";"Reta";"Sim";3;0;2;0;1;0;2;2;-23,41430102;-51,94984299;"SPRF-PR";"DEL09-PR";"UOP01-DEL09-PR"
477926;2022-10-01;"sábado";"07:05:00";"PA";316;23;"BENEVIDES";"Transitar na contramão";"Colisão transversal";"Com Vítimas Feridas";"Pleno dia";"Crescente";"Céu Claro";"Dupla";"Reta";"Sim";4;0;2;0;2;0;2;2;-1,34599732;-48,25152822;"SPRF-PA";"DEL01-PA";"UOP01-DEL01-PA"
477928;2022-10-01;"sábado";"05:00:00";"PR";277;726;"FOZ DO IGUACU";"Acesso irregular";"Eventos atípicos";"Sem Vítimas";"Amanhecer";"Crescente";"Chuva";"Dupla";"Rotatória";"Sim";1;0;0;0;0;1;0;1;-25,51045361;-54,55913544;"SPRF-PR";"DEL05-PR";"UOP03-DEL05-PR"
477929;2022-10-01;"sábado";"06:15:00";"MG";116;231,6;"TEOFILO OTONI";"Transitar no acostamento";"Atropelamento de Pedestre";"Com Vítimas Feridas";"Pleno dia";"Decrescente";"Céu Claro";"Simples";"Reta";"Não";3;0;1;1;1;0;2;2;-17,49572794;-41,49320186;"SPRF-MG";"DEL11-MG";"UOP01-DEL11-MG"