"id";"data_inversa";"dia_semana";"horario";"uf";"br";"km";"municipio";"causa_acidente";"tipo_acidente";"classificacao_acidente";"fase_dia";"sentido_via";"condicao_metereologica";"tipo_pista";"tracado_via";"uso_solo";"pessoas";"mortos";"feridos_leves";"feridos_graves";"ilesos";"ignorados";"feridos";"veiculos";"latitude";"longitude";"regional";"delegacia";"uop"
477930;2022-10-01;"sábado";"07:20:00";"ES";101;261,2;"SERRA";"Manobra de mudança de faixa";"Colisão lateral mesmo sentido";"Sem Vítimas";"Pleno dia";"Crescente";"Nublado";"Dupla";"Aclive";"Sim";2;0;0;0;2;0;0;2;-20,14854215;-40,27970926;"SPRF-ES";"DEL02-ES";"UOP01-DEL02-ES"
477931;2022-09-30;"sexta-feira";"18:30:00";"MT";163;1082;"GUARANTA DO NORTE";"Ausência de reação do condutor";"Saída de leito carroçável";"Com Vítimas Feridas";"Anoitecer";"Crescente";"Céu Claro";"Simples";"Curva";"Não";1;0;0;1;0;0;1;1;-9,808752;-54,891435;"SPRF-MT";"DEL06-MT";"NPF/DEL06-MT"
477932;2022-10-01;"sábado";"06:30:00";"MG";262;107,4;"SANTO ANTONIO DO GRAMA";"Velocidade Incompatível";"Saída de leito carroçável";"Sem Vítimas";"Pleno dia";"Crescente";"Chuva";"Simples";"Curva";"Não";1;0;0;0;1;0;0;1;-20,27440096;-42,56313226;"SPRF-MG";"DEL03-MG";"UOP03-DEL03-MG"
477933;2022-10-01;"sábado";"07:00:00";"RO";319;62;"PORTO VELHO";"Ausência de reação do condutor";"Colisão com objeto";"Com Vítimas Feridas";"Pleno dia";"Crescente";"Nublado";"Dupla";"Reta;Interseção de Vias";"Sim";2;0;0;1;0;1;1;1;-8,75032715;-63,88797518;"SPRF-RO";"DEL01-RO";"UOP01-DEL01-RO"
477934;2022-10-01;"sábado";"05:45:00";"MG";116;793,6;"ALEM PARAIBA";"Velocidade Incompatível";"Saída de leito carroçável";"Com Vítimas Fatais";"Amanhecer";"Decrescente";"Nublado";"Simples";"Reta";"Não";3;1;0;2;0;0;2;1;-21,70195806;-42,72965349;"SPRF-MG";"DEL07-MG";"UOP01-DEL07-MG"
477936;2022-10-01;"sábado";"07:30:00";"SC";101;57,7;"ARAQUARI";"Reação tardia ou ineficiente do condutor";"Colisão com objeto";"Com Vítimas Feridas";"Pleno dia";"Decrescente";"Chuva";"Dupla";"Curva";"Não";1;0;1;0;0;0;1;1;-26,43795016;-48,80423605;"SPRF-SC";"DEL03-SC";"UOP01-DEL03-SC"
477937;2022-10-01;"sábado";"08:00:00";"MS";436;9;"APARECIDA DO TABOADO";"Pista esburacada";"Saída de leito carroçável";"Com Vítimas Feridas";"Pleno dia";"Decrescente";"Céu Claro";"Simples";"Reta";"Não";3;0;1;0;2;0;1;1;-20,13847703;-51,1097324;"SPRF-MS";"DEL08-MS";"UOP01-DEL08-MS"
477940;2022-10-01;"sábado";"08:50:00";"BA";116;12,8;"VITORIA DA CONQUISTA";"Ausência de reação do condutor";"Queda de ocupante de veículo";"Com Vítimas Feridas";"Pleno dia";"Crescente";"Nublado";"Simples";"Reta";"Sim";2;0;2;0;0;0;2;1;-14,88349275;-40,87077141;"SPRF-BA";"DEL08-BA";"UOP01-DEL08-BA"
477944;2022-10-01;"sábado";"09:20:00";"BA";235;349;"JUAZEIRO";"Reação tardia ou ineficiente do condutor";"Colisão frontal";"Com Vítimas Feridas";"Pleno dia";"Decrescente";"Céu Claro";"Dupla";"Reta";"Sim";2;0;1;0;1;0;1;2;-9,43174507;-40,49803816;"SPRF-PE";"DEL06-PE";"UOP01-DEL06-PE"
477945;2022-10-01;"sábado";"02:00:00";"DF";40;2;"BRASILIA";"Condutor Dormindo";"Saída de leito carroçável";"Sem Vítimas";"Plena Noite";"Decrescente";"Céu Claro";"Dupla";"Reta";"Sim";1;0;0;0;1;0;0;1;-15,99435;-47,985947;"SPRF-DF";"DEL01-DF";"UOP01-DEL01-DF"
477946;2022-10-01;"sábado";"09:35:00";"ES";101;266,2;"SERRA";"Demais falhas mecânicas ou elétricas";"Incêndio";"Sem Vítimas";"Pleno dia";"Decrescente";"Nublado";"Múltipla";"Reta";"Sim";1;0;0;0;1;0;0;1;-20,190199;-40,26828891;"SPRF-ES";"DEL02-ES";"UOP01-DEL02-ES"
477947;2022-10-01;"sábado";"09:40:00";"SE";101;149;"ESTANCIA";"Acessar a via sem observar a presença dos outros veículos";"Colisão transversal";"Com Vítimas Feridas";"Pleno dia";"Decrescente";"Céu Claro";"Simples";"Reta";"Sim";2;0;0;1;1;0;1;2;-11,255004;-37,438574;"SPRF-SE";"DEL02-SE";"UOP01-DEL02-SE"
477948;2022-10-01;"sábado";"08:10:00";"SC";101;33,8;"JOINVILLE";"Chuva";"Saída de leito carroçável";"Com Vítimas Feridas";"Pleno dia";"Decrescente";"Garoa/Chuvisco";"Dupla";"Reta";"Não";1;0;1;0;0;0;1;1;-26,26070122;-48,90328516;"SPRF-SC";"DEL03-SC";"UOP01-DEL03-SC"
477949;2022-10-01;"sábado";"09:15:00";"GO";60;42;"ALEXANIA";"Manobra de mudança de faixa";"Saída de leito carroçável";"Com Vítimas Feridas";"Pleno dia";"Crescente";"Nublado";"Dupla";"Declive";"Sim";2;0;0;1;1;0;1;1;-16,17912363;-48,58222961;"SPRF-DF";"DEL03-DF";"UOP01-DEL03-DF"
477950;2022-10-01;"sábado";"09:00:00";"MG";381;652,1;"SANTO ANTONIO DO AMPARO";"Reação tardia ou ineficiente do condutor";"Colisão com objeto";"Com Vítimas Feridas";"Pleno dia";"Decrescente";"Nublado";"Dupla";"Curva";"Não";2;0;1;0;1;0;1;1;-20,961915;-44,928199;"SPRF-MG";"DEL04-MG";"UOP02-DEL04-MG"
477951;2022-10-01;"sábado";"07:00:00";"BA";101;927;"NOVA VICOSA";"Ingestão de álcool pelo condutor";"Saída de leito carroçável";"Com Vítimas Feridas";"Amanhecer";"Decrescente";"Céu Claro";"Simples";"Reta";"Não";3;0;1;0;0;2;1;2;-17,941036;-39,854776;"SPRF-BA";"DEL09-BA";"UOP02-DEL09-BA"
477953;2022-10-01;"sábado";"09:30:00";"SP";116;511;"CAJATI";"Velocidade Incompatível";"Atropelamento de Pedestre";"Com Vítimas Feridas";"Pleno dia";"Crescente";"Nublado";"Simples";"Ponte";"Não";4;0;1;1;2;0;2;3;-24,83558399;-48,2223738;"SPRF-SP";"DEL05-SP";"UOP02-DEL05-SP"
477954;2022-10-01;"sábado";"10:25:00";"DF";70;9;"BRASILIA";"Acessar a via sem observar a presença dos outros veículos";"Colisão traseira";"Com Vítimas Feridas";"Pleno dia";"Crescente";"Céu Claro";"Dupla";"Retorno Regulamentado";"Sim";3;0;2;0;1;0;2;2;-15,784615;-48,132023;"SPRF-DF";"DEL03-DF";"UOP02-DEL03-DF"
477955;2022-10-01;"sábado";"08:40:00";"MG";262;477,8;"BOM DESPACHO";"Desrespeitar a preferência no cruzamento";"Colisão transversal";"Com Vítimas Feridas";"Pleno dia";"Decrescente";"Nublado";"Simples";"Reta";"Não";2;0;2;0;0;0;2;2;-19,78872723;-45,22073799;"SPRF-MG";"DEL08-MG";"UOP03-DEL08-MG"
477959;2022-10-01;"sábado";"10:50:00";"RS";116;152,6;"CAXIAS DO SUL";"Reação tardia ou ineficiente do condutor";"Colisão traseira";"Com Vítimas Feridas";"Pleno dia";"Crescente";"Nublado";"Dupla";"Reta";"Sim";3;0;2;0;1;0;2;2;-29,1829343;-51,16801501;"SPRF-RS";"DEL05-RS";"UOP01-DEL05-RS"
477960;2022-09-12;"segunda-feira";"01:00:00";"PE";408;51;"NAZARE DA MATA";"Animais na Pista";"Atropelamento de Animal";"Com Vítimas Feridas";"Plena Noite";"Decrescente";"Céu Claro";"Simples";"Reta";"Não";1;0;0;1;0;0;1;1;-7,73723901;-35,23503603;"SPRF-PE";"DEL01-PE";"UOP02-DEL01-PE"
477961;2022-10-01;"sábado";"09:00:00";"RS";285;402,5;"PANAMBI";"Frear bruscamente";"Saída de leito carroçável";"Com Vítimas Feridas";"Pleno dia";"Crescente";"Céu Claro";"Simples";"Reta";"Não";5;0;2;1;2;0;3;1;-28,379646;-53,372883;"SPRF-RS";"DEL10-RS";"UOP02-DEL10-RS"
477963;2022-09-23;"sexta-feira";"15:15:00";"MG";50;172;"UBERABA";"Manobra de mudança de faixa";"Colisão lateral mesmo sentido";"Com Vítimas Feridas";"Pleno dia";"Decrescente";"Céu Claro";"Dupla";"Reta;Aclive";"Não";2;0;1;0;0;1;1;2;-19,75402507;-47,98051917;"SPRF-MG";"DEL13-MG";"UOP01-DEL13-MG"
477964;2022-10-01;"sábado";"07:40:00";"MG";40;177,2;"JOAO PINHEIRO";"Chuva";"Saída de leito carroçável";"Com Vítimas Feridas";"Amanhecer";"Decrescente";"Chuva";"Simples";"Reta";"Não";3;0;2;0;1;0;2;1;-17,96175123;-46,0104847;"SPRF-MG";"DEL14-MG";"UOP02-DEL14-MG"
477965;2022-10-01;"sábado";"11:00:00";"SC";470;66;"INDAIAL";"Velocidade Incompatível";"Saída de leito carroçável";"Sem Vítimas";"Pleno dia";"Crescente";"Céu Claro";"Simples";"Interseção de Vias";"Sim";1;0;0;0;1;0;0;1;-26,872158;-49,23127;"SPRF-SC";"DEL04-SC";"UOP01-DEL04-SC"
477966;2022-10-01;"sábado";"11:10:00";"ES";101;151;"LINHARES";"Acessar a via sem observar a presença dos outros veículos";"Colisão transversal";"Com Vítimas Feridas";"Pleno dia";"Crescente";"Céu Claro";"Simples";"Interseção de Vias";"Não";2;0;1;0;1;0;1;2;-19,41156656;-40,06592463;"SPRF-ES";"DEL04-ES";"UOP01-DEL04-ES"
477967;2022-10-01;"sábado";"10:55:00";"ES";101;40;"CONCEICAO DA BARRA";"Reação tardia ou ineficiente do condutor";"Saída de leito carroçável";"Com Vítimas Feridas";"Pleno dia";"Crescente";"Céu Claro";"Simples";"Reta";"Não";3;0;3;0;0;0;3;1;-18,49980697;-39,91851689;"SPRF-ES";"DEL04-ES";"UOP02-DEL04-ES"
477968;2022-10-01;"sábado";"11:35:00";"RS";116;258;"ESTEIO";"Ausência de reação do condutor";"Colisão traseira";"Com Vítimas Feridas";"Pleno dia";"Crescente";"Céu Claro";"Dupla";"Reta";"Sim";2;0;1;0;1;0;1;2;-29,86150502;-51,18091535;"SPRF-RS";"DEL01-RS";"UOP02-DEL01-RS"
477969;2022-10-01;"sábado";"08:40:00";"RR";432;174,3;"CANTA";"Manobra de mudança de faixa";"Colisão traseira";"Com Vítimas Feridas";"Pleno dia";"Decrescente";"Céu Claro";"Simples";"Reta";"Não";6;0;4;1;1;0;5;2;2,48446301;-60,63525565;"SPRF-RR";"DEL01-RR";"UOP01-DEL01-RR"
477972;2022-10-01;"sábado";"09:00:00";"SC";282;437;"IRANI";"Condutor deixou de manter distância do veículo da frente";"Colisão traseira";"Com Vítimas Feridas";"Pleno dia";"Crescente";"Chuva";"Simples";"Reta";"Não";3;0;2;0;0;1;2;2;-26,963764;-51,854839;"SPRF-SC";"DEL07-SC";"UOP04-DEL07-SC"
477973;2022-10-01;"sábado";"11:25:00";"RS";153;565;"BAGE";"Reação tardia ou ineficiente do condutor";"Saída de leito carroçável";"Com Vítimas Feridas";"Pleno dia";"Crescente";"Céu Claro";"Simples";"Reta";"Não";1;0;1;0;0;0;1;1;-30,94831637;-53,63576889;"SPRF-RS";"DEL11-RS";"UOP03-DEL11-RS"
477974;2022-10-01;"sábado";"12:30:00";"PR";369;139;"IBIPORA";"Ingestão de álcool pelo condutor";"Colisão traseira";"Com Vítimas Feridas";"Pleno dia";"Crescente";"Céu Claro";"Simples";"Reta";"Sim";2;0;1;1;0;0;2;2;-23,277309;-51,06363;"SPRF-PR";"DEL07-PR";"UOP01-DEL07-PR"
477977;2022-10-01;"sábado";"12:55:00";"PB";230;17;"JOAO PESSOA";"Frear bruscamente";"Tombamento";"Com Vítimas Feridas";"Pleno dia";"Decrescente";"Sol";"Dupla";"Retorno Regulamentado";"Sim";2;0;0;2;0;0;2;1;-7,11635208;-34,84204865;"SPRF-PB";"DEL01-PB";"UOP01-DEL01-PB"
477978;2022-10-01;"sábado";"13:03:00";"ES";101;144;"LINHARES";"Frear bruscamente";"Queda de ocupante de veículo";"Com Vítimas Feridas";"Pleno dia";"Decrescente";"Nublado";"Dupla";"Reta";"Sim";2;0;1;1;0;0;2;1;-19,33458987;-40,06755477;"SPRF-ES";"DEL04-ES";"UOP01-DEL04-ES"
477979;2022-10-01;"sábado";"10:25:00";"MG";116;540,9;"SANTA RITA DE MINAS";"Conversão proibida";"Colisão transversal";"Com Vítimas Feridas";"Pleno dia";"Decrescente";"Céu Claro";"Simples";"Curva";"Não";3;0;1;2;0;0;3;2;-19,85714398;-42,13977814;"SPRF-MG";"DEL06-MG";"UOP02-DEL06-MG"
477980;2022-10-01;"sábado";"10:09:00";"MT";70;520;"VARZEA GRANDE";"Reação tardia ou ineficiente do condutor";"Colisão traseira";"Com Vítimas Feridas";"Pleno dia";"Crescente";"Céu Claro";"Simples";"Reta";"Não";2;0;1;0;1;0;1;2;-15,6798471;-56,17427588;"SPRF-MT";"DEL01-MT";"UOP02-DEL01-MT"
477982;2022-10-01;"sábado";"12:30:00";"PR";277;126;"BALSA NOVA";"Acessar a via sem observar a presença dos outros veículos";"Colisão transversal";"Com Vítimas Fatais";"Pleno dia";"Decrescente";"Céu Claro";"Simples";"Reta";"Não";3;1;0;0;2;0;0;2;-25,470095;-49,609718;"SPRF-PR";"DEL03-PR";"UOP03-DEL03-PR"
477983;2022-10-01;"sábado";"13:20:00";"PE";232;128,5;"CARUARU";"Condutor deixou de manter distância do veículo da frente";"Colisão traseira";"Com Vítimas Feridas";"Pleno dia";"Crescente";"Sol";"Dupla";"Reta";"Sim";3;0;1;1;1;0;2;2;-8,30399306;-35,97216301;"SPRF-PE";"DEL02-PE";"UOP01-DEL02-PE"
477985;2022-10-01;"sábado";"13:23:00";"SP";116;222,7;"GUARULHOS";"Reação tardia ou ineficiente do condutor";"Colisão traseira";"Com Vítimas Feridas";"Pleno dia";"Decrescente";"Céu Claro";"Múltipla";"Reta";"Sim";4;0;1;0;3;0;1;3;-23,47093408;-46,51631097;"SPRF-SP";"DEL01-SP";"UOP01-DEL01-SP"
477986;2022-08-02;"terça-feira";"08:10:00";"BA";324;625;"SALVADOR";"Demais falhas mecânicas ou elétricas";"Queda de ocupante de veículo";"Com Vítimas Feridas";"Pleno dia";"Crescente";"Céu Claro";"Dupla";"Reta";"Não";2;0;2;0;0;0;2;1;-12,7930976;-38,4045558;"SPRF-BA";"DEL01-BA";"UOP01-DEL01-BA"
477987;2022-10-01;"sábado";"10:00:00";"SC";280;194,7;"MAFRA";"Ausência de reação do condutor";"Saída de leito carroçável";"Sem Vítimas";"Pleno dia";"Crescente";"Céu Claro";"Simples";"Reta";"Não";1;0;0;0;0;1;0;1;-26,17982857;-50,01575917;"SPRF-SC";"DEL06-SC";"UOP01-DEL06-SC"
477988;2022-09-28;"quarta-feira";"19:40:00";"SP";381;59;"MAIRIPORA";"Pedestre cruzava a pista fora da faixa";"Atropelamento de Pedestre";"Com Vítimas Feridas";"Plena Noite";"Crescente";"Chuva";"Dupla";"Curva";"Não";2;0;0;1;1;0;1;2;-23,28270705;-46,58787791;"SPRF-SP";"DEL03-SP";"UOP01-DEL03-SP"
477989;2022-10-01;"sábado";"13:46:00";"PE";101;68;"RECIFE";"Manobra de mudança de faixa";"Colisão lateral mesmo sentido";"Com Vítimas Feridas";"Pleno dia";"Crescente";"Sol";"Dupla";"Reta";"Sim";2;0;1;0;0;1;1;2;-8,05074296;-34,94580619;"SPRF-PE";"DEL01-PE";"UOP01-DEL01-PE"
477990;2022-10-01;"sábado";"14:00:00";"SP";381;82;"SAO PAULO";"Reação tardia ou ineficiente do condutor";"Colisão traseira";"Com Vítimas Feridas";"Pleno dia";"Crescente";"Céu Claro";"Dupla";"Reta";"Sim";3;0;1;0;2;0;1;3;-23,42399;-46,575112;"SPRF-SP";"DEL03-SP";"UOP01-DEL03-SP"
477991;2022-10-01;"sábado";"13:45:00";"AL";0;0;"BOCA DA MATA";"Ausência de sinalização";"Colisão traseira";"Sem Vítimas";"Pleno dia";"Não Informado";"Céu Claro";"Simples";"Reta";"Sim";5;0;0;0;5;0;0;2;-9,63951;-36,217682;"SPRF-AL";"DEL02-AL";"UOP01-DEL02-AL"
477992;2022-10-01;"sábado";"14:25:00";"RS";290;70,3;"GRAVATAI";"Condutor Dormindo";"Saída de leito carroçável";"Com Vítimas Feridas";"Pleno dia";"Crescente";"Céu Claro";"Dupla";"Reta";"Sim";1;0;1;0;0;0;1;1;-29,949383;-50,959658;"SPRF-RS";"DEL03-RS";"UOP01-DEL03-RS"
477993;2022-10-01;"sábado";"09:50:00";"PI";316;11;"TERESINA";"Desrespeitar a preferência no cruzamento";"Colisão transversal";"Sem Vítimas";"Pleno dia";"Crescente";"Céu Claro";"Simples";"Rotatória";"Sim";2;0;0;0;2;0;0;2;-5,191739;-42,76076102;"SPRF-PI";"DEL01-PI";"UOP02-DEL01-PI"
477995;2022-10-01;"sábado";"14:00:00";"RN";101;31,8;"RIO DO FOGO";"Demais falhas mecânicas ou elétricas";"Saída de leito carroçável";"Com Vítimas Feridas";"Pleno dia";"Crescente";"Céu Claro";"Simples";"Reta";"Não";4;0;3;1;0;0;4;1;-5,37679257;-35,3725139;"SPRF-RN";"DEL02-RN";"UOP01-DEL02-RN"
477996;2022-10-01;"sábado";"15:00:00";"MG";40;522,1;"RIBEIRAO DAS NEVES";"Avarias e/ou desgaste excessivo no pneu";"Queda de ocupante de veículo";"Com Vítimas Feridas";"Pleno dia";"Decrescente";"Céu Claro";"Dupla";"Reta";"Sim";2;0;2;0;0;0;2;1;-19,8638731;-44,06749809;"SPRF-MG";"DEL01-MG";"UOP02-DEL01-MG"
477997;2022-10-01;"sábado";"13:30:00";"RO";364;703;"PORTO VELHO";"Manobra de mudança de faixa";"Colisão traseira";"Com Vítimas Feridas";"Pleno dia";"Crescente";"Céu Claro";"Dupla";"Reta";"Sim";3;0;1;0;2;0;1;2;-8,80021523;-63,79557792;"SPRF-RO";"DEL01-RO";"UOP01-DEL01-RO"
477998;2022-10-01;"sábado";"14:50:00";"GO";20;5,4;"FORMOSA";"Ausência de reação do condutor";"Colisão traseira";"Com Vítimas Feridas";"Pleno dia";"Crescente";"Céu Claro";"Simples";"Em Obras;Reta;Declive";"Sim";6;0;1;0;5;0;1;2;-15,555275;-47,306908;"SPRF-DF";"DEL02-DF";"UOP02-DEL02-DF"
477999;2022-10-01;"sábado";"12:40:00";"RO";364;344;"JI-PARANA";"Acessar a via sem observar a presença dos outros veículos";"Colisão transversal";"Com Vítimas Feridas";"Pleno dia";"Decrescente";"Céu Claro";"Dupla";"Retorno Regulamentado";"Sim";2;0;0;1;1;0;1;2;-10,87376391;-61,95256893;"SPRF-RO";"DEL02-RO";"UOP01-DEL02-RO"
478000;2022-10-01;"sábado";"14:00:00";"PR";158;533;"PATO BRANCO";"Ingestão de álcool pelo condutor";"Colisão frontal";"Com Vítimas Feridas";"Pleno dia";"Decrescente";"Céu Claro";"Simples";"Reta";"Não";4;0;2;1;0;1;3;3;-26,21972809;-52,68262891;"SPRF-PR";"DEL02-PR";"UOP01-DEL02-PR"
478001;2022-10-01;"sábado";"15:20:00";"SC";101;203;"SAO JOSE";"Acumulo de óleo sobre o pavimento";"Queda de ocupante de veículo";"Com Vítimas Feridas";"Pleno dia";"Crescente";"Garoa/Chuvisco";"Simples";"Curva";"Sim";1;0;0;1;0;0;1;1;-27,5650044;-48,61460082;"SPRF-SC";"DEL01-SC";"UOP01-DEL01-SC"
478002;2022-10-01;"sábado";"15:40:00";"GO";40;10;"LUZIANIA";"Condutor deixou de manter distância do veículo da frente";"Colisão traseira";"Sem Vítimas";"Pleno dia";"Crescente";"Céu Claro";"Dupla";"Reta";"Não";2;0;0;0;2;0;0;2;-16,131285;-47,957923;"SPRF-DF";"DEL01-DF";"UOP01-DEL01-DF"
478003;2022-10-01;"sábado";"13:30:00";"BA";101;531;"BUERAREMA";"Condutor Dormindo";"Capotamento";"Com Vítimas Feridas";"Pleno dia";"Decrescente";"Nublado";"Simples";"Reta";"Não";2;0;2;0;0;0;2;1;-14,96468654;-39,31423187;"SPRF-BA";"DEL05-BA";"UOP01-DEL05-BA"
478004;2022-10-01;"sábado";"15:34:00";"PB";230;52;"CRUZ DO ESPIRITO SANTO";"Condutor deixou de manter distância do veículo da frente";"Colisão lateral mesmo sentido";"Com Vítimas Feridas";"Pleno dia";"Crescente";"Sol";"Dupla";"Reta";"Não";2;0;1;0;0;1;1;2;-7,1951;-35,0691;"SPRF-PB";"DEL01-PB";"UOP03-DEL01-PB"
478005;2022-10-01;"sábado";"15:32:00";"PB";230;51,9;"CRUZ DO ESPIRITO SANTO";"Condutor Dormindo";"Capotamento";"Com Vítimas Feridas";"Pleno dia";"Decrescente";"Céu Claro";"Dupla";"Reta";"Não";4;0;4;0;0;0;4;1;-7,1897;-35,0615;"SPRF-PB";"DEL01-PB";"UOP03-DEL01-PB"
478007;2022-10-01;"sábado";"15:20:00";"PE";232;72,2;"GRAVATA";"Ausência de reação do condutor";"Saída de leito carroçável";"Com Vítimas Feridas";"Pleno dia";"Decrescente";"Céu Claro";"Dupla";"Reta";"Não";3;0;2;0;1;0;2;1;-8,18714215;-35,50102523;"SPRF-PE";"DEL02-PE";"UOP02-DEL02PE"
478008;2022-10-01;"sábado";"15:00:00";"SC";101;217;"PALHOCA";"Desrespeitar a preferência no cruzamento";"Colisão transversal";"Com Vítimas Feridas";"Pleno dia";"Decrescente";"Nublado";"Múltipla";"Interseção de Vias";"Sim";3;0;0;2;1;0;2;2;-27,66779034;-48,67393586;"SPRF-SC";"DEL01-SC";"UOP02-DEL01-SC"
478010;2022-10-01;"sábado";"14:00:00";"RO";364;710;"PORTO VELHO";"Ausência de reação do condutor";"Saída de leito carroçável";"Sem Vítimas";"Pleno dia";"Decrescente";"Céu Claro";"Dupla";"Reta";"Não";1;0;0;0;1;0;0;1;-8,78621576;-63,85712687;"SPRF-RO";"DEL01-RO";"UOP01-DEL01-RO"
478014;2022-10-01;"sábado";"16:00:00";"PR";376;279,4;"MAUA DA SERRA";"Ausência de reação do condutor";"Queda de ocupante de veículo";"Com Vítimas Feridas";"Pleno dia";"Crescente";"Céu Claro";"Dupla";"Reta";"Não";1;0;0;1;0;0;1;1;-23,84268367;-51,2591707;"SPRF-PR";"DEL07-PR";"UOP02-DEL07-PR"
478015;2022-10-01;"sábado";"14:55:00";"RJ";116;141;"DUQUE DE CAXIAS";"Ultrapassagem Indevida";"Colisão lateral mesmo sentido";"Com Vítimas Feridas";"Pleno dia";"Decrescente";"Céu Claro";"Dupla";"Reta";"Não";2;0;1;0;1;0;1;2;-22,64724486;-43,22083001;"SPRF-RJ";"DEL01-RJ";"UOP01-DEL01-RJ"
478016;2022-10-01;"sábado";"15:00:00";"MG";381;413;"NOVA UNIAO";"Conversão proibida";"Colisão lateral mesmo sentido";"Com Vítimas Feridas";"Pleno dia";"Decrescente";"Céu Claro";"Dupla";"Reta";"Sim";3;0;1;0;2;0;1;2;-19,7272813;-43,59203339;"SPRF-MG";"DEL01-MG";"UOP01-DEL01-MG"
478017;2022-10-01;"sábado";"15:50:00";"AL";316;82;"SANTANA DO IPANEMA";"Ingestão de álcool pelo condutor";"Queda de ocupante de veículo";"Com Vítimas Feridas";"Pleno dia";"Crescente";"Céu Claro";"Simples";"Reta";"Sim";2;0;2;0;0;0;2;1;-9,36141079;-37,2685338;"SPRF-AL";"DEL03-AL";"UOP02-DEL03-AL"
478018;2022-10-01;"sábado";"17:00:00";"MG";381;487,4;"BETIM";"Ausência de reação do condutor";"Colisão transversal";"Com Vítimas Feridas";"Pleno dia";"Crescente";"Céu Claro";"Múltipla";"Curva";"Sim";5;0;3;0;2;0;3;3;-19,9576459;-44,1202519;"SPRF-MG";"DEL01-MG";"UOP03-DEL01-MG"
478021;2022-10-01;"sábado";"17:00:00";"MG";116;406;"GOVERNADOR VALADARES";"Demais falhas mecânicas ou elétricas";"Queda de ocupante de veículo";"Com Vítimas Feridas";"Pleno dia";"Crescente";"Céu Claro";"Simples";"Reta";"Não";1;0;1;0;0;0;1;1;-18,82669347;-41,98753335;"SPRF-MG";"DEL06-MG";"UOP01-DEL06-MG"
478022;2022-10-01;"sábado";"13:30:00";"MG";116;287,3;"TEOFILO OTONI";"Entrada inopinada do pedestre";"Atropelamento de Pedestre";"Com Vítimas Feridas";"Pleno dia";"Crescente";"Céu Claro";"Simples";"Reta";"Não";2;0;1;0;0;1;1;2;-17,94402795;-41,53056115;"SPRF-MG";"DEL11-MG";"UOP01-DEL11-MG"
478023;2022-10-01;"sábado";"15:20:00";"GO";50;117;"CRISTALINA";"Mal súbito do condutor";"Tombamento";"Com Vítimas Feridas";"Pleno dia";"Crescente";"Céu Claro";"Dupla";"Reta";"Não";1;0;1;0;0;0;1;1;-16,9309;-47,7117;"SPRF-DF";"DEL01-DF";"UOP02-DEL01-DF"
478024;2022-10-01;"sábado";"17:46:00";"PB";101;85,9;"BAYEUX";"Manobra de mudança de faixa";"Colisão lateral mesmo sentido";"Com Vítimas Feridas";"Anoitecer";"Crescente";"Céu Claro";"Dupla";"Reta";"Sim";2;0;1;1;0;0;2;2;-7,14538184;-34,91662887;"SPRF-PB";"DEL01-PB";"UOP01-DEL01-PB"
478027;2022-10-01;"sábado";"17:45:00";"CE";222;264;"COREAU";"Desrespeitar a preferência no cruzamento";"Colisão transversal";"Sem Vítimas";"Anoitecer";"Decrescente";"Céu Claro";"Simples";"Reta";"Não";4;0;0;0;4;0;0;2;-3,7479809;-40,68469599;"SPRF-CE";"DEL04-CE";"UOP02-DEL04-CE"
478029;2022-10-01;"sábado";"10:45:00";"MG";116;356,2;"JAMPRUCA";"Reação tardia ou ineficiente do condutor";"Colisão lateral mesmo sentido";"Com Vítimas Feridas";"Pleno dia";"Decrescente";"Sol";"Simples";"Reta";"Não";2;0;0;1;0;1;1;2;-18,434931;-41,828884;"SPRF-MG";"DEL11-MG";"UOP01-DEL11-MG"
478030;2022-10-01;"sábado";"18:00:00";"PI";343;329;"TERESINA";"Transitar no acostamento";"Tombamento";"Com Vítimas Feridas";"Anoitecer";"Decrescente";"Céu Claro";"Simples";"Reta";"Não";3;0;2;0;1;0;2;3;-5,064808;-42,641769;"SPRF-PI";"DEL01-PI";"UOP01-DEL01-PI"
478032;2022-10-01;"sábado";"18:40:00";"ES";259;100;"BAIXO GUANDU";"Acesso irregular";"Colisão traseira";"Com Vítimas Feridas";"Plena Noite";"Decrescente";"Nublado";"Simples";"Reta";"Não";2;0;1;0;1;0;1;2;-19,51441295;-40,99560702;"SPRF-ES";"DEL02-ES";"UOP01-DEL02-ES"
478033;2022-10-01;"sábado";"18:35:00";"PE";101;88;"JABOATAO DOS GUARARAPES";"Pedestre cruzava a pista fora da faixa";"Atropelamento de Pedestre";"Com Vítimas Feridas";"Plena Noite";"Crescente";"Céu Claro";"Dupla";"Reta";"Sim";2;0;0;1;1;0;1;2;-8,19971387;-34,9785382;"SPRF-PE";"DEL01-PE";"UOP01-DEL01-PE"
478034;2022-10-01;"sábado";"18:20:00";"CE";116;11;"FORTALEZA";"Ausência de reação do condutor";"Colisão lateral mesmo sentido";"Com Vítimas Feridas";"Plena Noite";"Decrescente";"Céu Claro";"Dupla";"Reta";"Sim";2;0;1;0;0;1;1;2;-3,84394724;-38,49891546;"SPRF-CE";"DEL01-CE";"UOP02-DEL01-CE"
478035;2022-10-01;"sábado";"18:27:00";"RS";472;574;"URUGUAIANA";"Velocidade Incompatível";"Tombamento";"Com Vítimas Fatais";"Pleno dia";"Crescente";"Céu Claro";"Simples";"Interseção de Vias;Reta";"Sim";5;1;0;1;1;2;1;3;-29,76344603;-57,05221653;"SPRF-RS";"DEL13-RS";"UOP01-DEL13-RS"