"id";"data_inversa";"dia_semana";"horario";"uf";"br";"km";"municipio";"causa_acidente";"tipo_acidente";"classificacao_acidente";"fase_dia";"sentido_via";"condicao_metereologica";"tipo_pista";"tracado_via";"uso_solo";"pessoas";"mortos";"feridos_leves";"feridos_graves";"ilesos";"ignorados";"feridos";"veiculos";"latitude";"longitude";"regional";"delegacia";"uop"
478149;2022-10-02;"domingo";"04:12:00";"MT";163;607;"NOVA MUTUM";"Ausência de reação do condutor";"Queda de ocupante de veículo";"Com Vítimas Feridas";"Plena Noite";"Crescente";"Céu Claro";"Simples";"Reta";"Não";1;0;1;0;0;0;1;1;-13,84568605;-56,08401163;"SPRF-MT";"DEL01-MT";"UOP01-DEL01-MT"
478150;2022-10-02;"domingo";"08:56:00";"GO";60;34;"ALEXANIA";"Chuva";"Saída de leito carroçável";"Com Vítimas Feridas";"Pleno dia";"Crescente";"Chuva";"Dupla";"Reta";"Não";2;0;1;0;1;0;1;1;-16,0963;-48,5202;"SPRF-DF";"DEL03-DF";"UOP01-DEL03-DF"
478151;2022-10-02;"domingo";"06:50:00";"MA";135;60;"SANTA RITA";"Ausência de reação do condutor";"Colisão frontal";"Com Vítimas Feridas";"Pleno dia";"Crescente";"Céu Claro";"Simples";"Reta";"Sim";6;0;2;0;4;0;2;2;-3,05225689;-44,31876443;"SPRF-MA";"DEL01-MA";"UOP02-DEL01-MA"
478154;2022-10-02;"domingo";"08:30:00";"DF";20;10,2;"BRASILIA";"Velocidade Incompatível";"Colisão lateral mesmo sentido";"Com Vítimas Feridas";"Pleno dia";"Decrescente";"Nublado";"Dupla";"Reta;Declive";"Sim";2;0;1;0;1;0;1;2;-15,650243;-47,773872;"SPRF-DF";"DEL02-DF";"UOP01-DEL02-DF"
478157;2022-10-02;"domingo";"07:50:00";"RS";285;386,2;"SANTA BARBARA DO SUL";"Ultrapassagem Indevida";"Colisão frontal";"Com Vítimas Fatais";"Amanhecer";"Crescente";"Céu Claro";"Simples";"Curva";"Não";6;5;0;1;0;0;1;2;-28,414564;-53,208912;"SPRF-RS";"DEL10-RS";"UOP02-DEL10-RS"
478159;2022-10-02;"domingo";"10:00:00";"PE";101;7;"GOIANA";"Afundamento ou ondulação no pavimento";"Atropelamento de Pedestre";"Com Vítimas Feridas";"Pleno dia";"Crescente";"Chuva";"Dupla";"Reta";"Sim";2;0;0;1;1;0;1;2;-7,55997111;-34,99072674;"SPRF-PE";"DEL01-PE";"UOP02-DEL01-PE"
478160;2022-10-02;"domingo";"09:17:00";"ES";262;78,7;"DOMINGOS MARTINS";"Reação tardia ou ineficiente do condutor";"Colisão lateral sentido oposto";"Com Vítimas Feridas";"Pleno dia";"Crescente";"Céu Claro";"Simples";"Curva";"Não";3;0;1;1;1;0;2;3;-20,40969257;-40,92830312;"SPRF-ES";"DEL01-ES";"UOP02-DEL01-ES"
478161;2022-10-02;"domingo";"05:00:00";"AL";424;102;"MARECHAL DEODORO";"Ausência de reação do condutor";"Saída de leito carroçável";"Sem Vítimas";"Pleno dia";"Decrescente";"Céu Claro";"Simples";"Reta";"Não";1;0;0;0;0;1;0;1;-9,66670281;-35,84489382;"SPRF-AL";"DEL02-AL";"UOP01-DEL02-AL"
478162;2022-10-02;"domingo";"10:15:00";"RJ";101;432;"MANGARATIBA";"Ultrapassagem Indevida";"Saída de leito carroçável";"Com Vítimas Feridas";"Pleno dia";"Crescente";"Chuva";"Simples";"Reta";"Não";6;0;4;0;2;0;4;2;-22,93437472;-44,02919087;"SPRF-RJ";"DEL03-RJ";"UOP02-DEL03-RJ"
478166;2022-10-02;"domingo";"10:35:00";"SP";116;528;"BARRA DO TURVO";"Reação tardia ou ineficiente do condutor";"Colisão traseira";"Com Vítimas Feridas";"Pleno dia";"Crescente";"Céu Claro";"Dupla";"Reta";"Não";4;0;1;0;3;0;1;2;-24,93621048;-48,29215184;"SPRF-SP";"DEL05-SP";"UOP02-DEL05-SP"
478167;2022-10-02;"domingo";"11:00:00";"PE";232;4,9;"RECIFE";"Ausência de reação do condutor";"Colisão traseira";"Com Vítimas Feridas";"Pleno dia";"Decrescente";"Céu Claro";"Dupla";"Reta";"Sim";2;0;2;0;0;0;2;2;-8,064473;-34,936928;"SPRF-PE";"DEL01-PE";"UOP01-DEL01-PE"
478168;2022-10-02;"domingo";"11:10:00";"RN";406;165,8;"SAO GONCALO DO AMARANTE";"Manobra de mudança de faixa";"Colisão lateral mesmo sentido";"Sem Vítimas";"Pleno dia";"Decrescente";"Sol";"Simples";"Aclive";"Não";2;0;0;0;2;0;0;2;-5,74491099;-35,33606529;"SPRF-RN";"DEL02-RN";"UOP01-DEL02-RN"
478169;2022-10-02;"domingo";"11:00:00";"RJ";393;250;"BARRA DO PIRAI";"Conversão proibida";"Colisão transversal";"Com Vítimas Feridas";"Pleno dia";"Crescente";"Nublado";"Simples";"Reta";"Sim";2;0;0;1;1;0;1;2;-22,42457483;-43,76088293;"SPRF-RJ";"DEL05-RJ";"UOP04-DEL05-RJ"
478170;2022-10-02;"domingo";"11:15:00";"MG";40;517,5;"RIBEIRAO DAS NEVES";"Acessar a via sem observar a presença dos outros veículos";"Colisão transversal";"Com Vítimas Feridas";"Pleno dia";"Crescente";"Céu Claro";"Dupla";"Reta";"Sim";2;0;0;1;1;0;1;2;-19,82959336;-44,08353209;"SPRF-MG";"DEL01-MG";"UOP02-DEL01-MG"
478172;2022-10-02;"domingo";"11:00:00";"ES";259;104,1;"BAIXO GUANDU";"Acessar a via sem observar a presença dos outros veículos";"Colisão transversal";"Com Vítimas Feridas";"Pleno dia";"Crescente";"Céu Claro";"Simples";"Curva";"Não";2;0;0;1;1;0;1;2;-19,5128073;-41,0276761;"SPRF-ES";"DEL02-ES";"UOP01-DEL02-ES"
478173;2022-10-02;"domingo";"12:00:00";"PR";376;628,9;"SAO JOSE DOS PINHAIS";"Reação tardia ou ineficiente do condutor";"Capotamento";"Com Vítimas Feridas";"Pleno dia";"Crescente";"Céu Claro";"Dupla";"Reta";"Não";2;0;2;0;0;0;2;1;-25,67832409;-49,14963231;"SPRF-PR";"DEL01-PR";"UOP04-DEL01-PR"
478175;2022-10-02;"domingo";"11:45:00";"CE";116;17,6;"FORTALEZA";"Condutor deixou de manter distância do veículo da frente";"Colisão traseira";"Com Vítimas Feridas";"Pleno dia";"Decrescente";"Céu Claro";"Dupla";"Reta";"Sim";2;0;0;1;1;0;1;2;-3,89617918;-38,50336042;"SPRF-CE";"DEL01-CE";"UOP02-DEL01-CE"
478176;2022-10-02;"domingo";"12:40:00";"PB";230;28;"JOAO PESSOA";"Trafegar com motocicleta (ou similar) entre as faixas";"Colisão traseira";"Com Vítimas Feridas";"Pleno dia";"Decrescente";"Nublado";"Múltipla";"Viaduto";"Sim";3;0;2;0;1;0;2;2;-7,16623845;-34,89758751;"SPRF-PB";"DEL01-PB";"UOP01-DEL01-PB"
478177;2022-10-02;"domingo";"12:10:00";"BA";135;192;"BARREIRAS";"Manobra de mudança de faixa";"Colisão frontal";"Com Vítimas Feridas";"Pleno dia";"Crescente";"Sol";"Simples";"Reta";"Não";3;0;1;1;1;0;2;2;-12,24636605;-45,0217325;"SPRF-BA";"DEL10-BA";"UOP01-DEL10-BA"
478178;2022-10-02;"domingo";"11:40:00";"SC";101;135;"BALNEARIO CAMBORIU";"Avarias e/ou desgaste excessivo no pneu";"Queda de ocupante de veículo";"Com Vítimas Feridas";"Pleno dia";"Crescente";"Céu Claro";"Dupla";"Reta";"Sim";1;0;1;0;0;0;1;1;-27,0050108;-48,62677494;"SPRF-SC";"DEL04-SC";"UOP03-DEL04-SC"
478179;2022-10-02;"domingo";"10:35:00";"SC";280;86;"CORUPA";"Conversão proibida";"Colisão transversal";"Com Vítimas Feridas";"Pleno dia";"Crescente";"Céu Claro";"Simples";"Aclive;Reta";"Não";3;0;2;1;0;0;3;2;-26,41501369;-49,25741675;"SPRF-SC";"DEL06-SC";"UOP03-DEL06-SC"
478181;2022-10-02;"domingo";"12:30:00";"ES";101;31,8;"CONCEICAO DA BARRA";"Reação tardia ou ineficiente do condutor";"Queda de ocupante de veículo";"Com Vítimas Feridas";"Pleno dia";"Crescente";"Céu Claro";"Simples";"Declive";"Não";1;0;1;0;0;0;1;1;-18,41695394;-39,93608555;"SPRF-ES";"DEL04-ES";"UOP02-DEL04-ES"
478185;2022-10-02;"domingo";"12:43:00";"PB";101;88,9;"JOAO PESSOA";"Reação tardia ou ineficiente do condutor";"Colisão traseira";"Com Vítimas Feridas";"Pleno dia";"Decrescente";"Sol";"Dupla";"Declive;Reta";"Sim";2;0;1;0;1;0;1;2;-7,16470016;-34,89993643;"SPRF-PB";"DEL01-PB";"UOP02-DEL01-PB"
478186;2022-10-02;"domingo";"13:30:00";"SC";470;48;"BLUMENAU";"Reação tardia ou ineficiente do condutor";"Queda de ocupante de veículo";"Com Vítimas Feridas";"Pleno dia";"Decrescente";"Céu Claro";"Dupla";"Em Obras";"Sim";2;0;1;0;0;1;1;2;-26,859823;-49,055393;"SPRF-SC";"DEL04-SC";"UOP01-DEL04-SC"
478187;2022-10-02;"domingo";"13:00:00";"CE";222;4;"CAUCAIA";"Condutor deixou de manter distância do veículo da frente";"Colisão traseira";"Com Vítimas Feridas";"Pleno dia";"Decrescente";"Céu Claro";"Múltipla";"Reta";"Não";4;0;1;0;3;0;1;4;-3,74164754;-38,60449792;"SPRF-CE";"DEL01-CE";"UOP01-DEL01-CE"
478188;2022-10-02;"domingo";"13:20:00";"GO";364;31;"PARANAIGUARA";"Transitar na contramão";"Colisão frontal";"Com Vítimas Feridas";"Pleno dia";"Decrescente";"Céu Claro";"Simples";"Reta";"Não";5;0;1;2;2;0;3;3;-18,889452;-50,739338;"SPRF-GO";"DEL05-GO";"UOP02-DEL05-GO"
478189;2022-10-02;"domingo";"12:15:00";"PI";343;20;"PARNAIBA";"Demais falhas mecânicas ou elétricas";"Incêndio";"Sem Vítimas";"Pleno dia";"Decrescente";"Céu Claro";"Simples";"Reta";"Não";1;0;0;0;0;1;0;1;-2,981128;-41,762501;"SPRF-PI";"DEL05-PI";"UOP01-DEL05-PI"
478190;2022-10-02;"domingo";"13:15:00";"MG";50;70;"UBERLANDIA";"Ingestão de álcool pelo condutor";"Saída de leito carroçável";"Com Vítimas Feridas";"Pleno dia";"Decrescente";"Céu Claro";"Dupla";"Reta";"Sim";1;0;1;0;0;0;1;1;-18,85140204;-48,25345932;"SPRF-MG";"DEL15-MG";"UOP01-DEL15-MG"
478191;2022-10-02;"domingo";"12:25:00";"MT";70;285;"PRIMAVERA DO LESTE";"Pista Escorregadia";"Saída de leito carroçável";"Com Vítimas Feridas";"Pleno dia";"Decrescente";"Nublado";"Simples";"Reta";"Não";1;0;1;0;0;0;1;1;-15,57491699;-54,340294;"SPRF-MT";"DEL05-MT";"UOP01-DEL05-MT"
478193;2022-10-02;"domingo";"13:40:00";"MG";146;441;"CABO VERDE";"Velocidade Incompatível";"Capotamento";"Com Vítimas Feridas";"Pleno dia";"Crescente";"Céu Claro";"Simples";"Curva";"Não";2;0;1;0;0;1;1;2;-21,4556249;-46,40899658;"SPRF-MG";"DEL09-MG";"UOP01-DEL09-MG"
478194;2022-10-02;"domingo";"13:40:00";"PE";232;129;"CARUARU";"Pista esburacada";"Tombamento";"Com Vítimas Feridas";"Pleno dia";"Decrescente";"Céu Claro";"Dupla";"Viaduto";"Sim";2;0;2;0;0;0;2;1;-8,300652;-35,986111;"SPRF-PE";"DEL02-PE";"UOP01-DEL02-PE"
478195;2022-10-02;"domingo";"10:30:00";"GO";153;292;"RIALMA";"Condutor deixou de manter distância do veículo da frente";"Colisão traseira";"Sem Vítimas";"Pleno dia";"Decrescente";"Céu Claro";"Simples";"Aclive";"Não";2;0;0;0;1;1;0;2;-15,225485;-49,553764;"SPRF-GO";"DEL02-GO";"UOP02-DEL02-GO"
478196;2022-10-02;"domingo";"13:14:00";"PE";104;23,1;"TORITAMA";"Ingestão de álcool pelo condutor";"Colisão com objeto";"Sem Vítimas";"Pleno dia";"Decrescente";"Sol";"Dupla";"Em Obras";"Não";1;0;0;0;0;1;0;1;-7,97182;-36,109932;"SPRF-PE";"DEL02-PE";"UOP01-DEL02-PE"
478198;2022-10-02;"domingo";"14:30:00";"GO";60;380;"RIO VERDE";"Acessar a via sem observar a presença dos outros veículos";"Colisão traseira";"Com Vítimas Feridas";"Pleno dia";"Crescente";"Sol";"Dupla";"Aclive;Retorno Regulamentado;Curva";"Não";4;0;2;0;2;0;2;2;-17,771365;-50,885411;"SPRF-GO";"DEL04-GO";"UOP02-DEL04-GO"
478199;2022-10-02;"domingo";"14:15:00";"MG";146;416;"MUZAMBINHO";"Velocidade Incompatível";"Saída de leito carroçável";"Com Vítimas Feridas";"Pleno dia";"Decrescente";"Céu Claro";"Simples";"Declive;Reta";"Não";1;0;1;0;0;0;1;1;-21,33651116;-46,55962944;"SPRF-MG";"DEL09-MG";"UOP01-DEL09-MG"
478201;2022-10-02;"domingo";"13:40:00";"BA";101;506;"ITABUNA";"Ingestão de álcool pelo condutor";"Colisão transversal";"Sem Vítimas";"Pleno dia";"Crescente";"Céu Claro";"Simples";"Reta";"Sim";2;0;0;0;2;0;0;2;-14,96379924;-39,31343385;"SPRF-BA";"DEL05-BA";"UOP01-DEL05-BA"
478202;2022-10-02;"domingo";"15:10:00";"PR";369;174;"ROLANDIA";"Condutor desrespeitou a iluminação vermelha do semáforo";"Colisão frontal";"Com Vítimas Feridas";"Pleno dia";"Decrescente";"Céu Claro";"Simples";"Interseção de Vias";"Sim";4;0;0;2;1;1;2;3;-23,316311;-51,376807;"SPRF-PR";"DEL07-PR";"UOP01-DEL07-PR"
478203;2022-10-02;"domingo";"14:53:00";"PR";277;578,1;"CASCAVEL";"Condutor deixou de manter distância do veículo da frente";"Colisão traseira";"Com Vítimas Feridas";"Pleno dia";"Decrescente";"Céu Claro";"Simples";"Reta";"Não";3;0;2;0;1;0;2;2;-24,98385591;-53,34955899;"SPRF-PR";"DEL04-PR";"UOP01-DEL04-PR"
478204;2022-10-02;"domingo";"15:10:00";"MG";381;455;"BELO HORIZONTE";"Conversão proibida";"Colisão lateral mesmo sentido";"Com Vítimas Feridas";"Pleno dia";"Crescente";"Céu Claro";"Dupla";"Reta";"Sim";2;0;1;0;1;0;1;2;-19,85777408;-43,90468298;"SPRF-MG";"DEL01-MG";"UOP01-DEL01-MG"
478205;2022-10-02;"domingo";"15:24:00";"MG";40;642,9;"CONSELHEIRO LAFAIETE";"Velocidade Incompatível";"Colisão frontal";"Com Vítimas Fatais";"Pleno dia";"Crescente";"Chuva";"Simples";"Curva;Declive";"Não";2;1;1;0;0;0;1;2;-20,76978;-43,805864;"SPRF-MG";"DEL05-MG";"UOP02-DEL05-MG"
478206;2022-10-02;"domingo";"15:30:00";"SP";116;222;"GUARULHOS";"Avarias e/ou desgaste excessivo no pneu";"Tombamento";"Com Vítimas Feridas";"Pleno dia";"Crescente";"Céu Claro";"Múltipla";"Reta";"Sim";1;0;1;0;0;0;1;1;-23,47093408;-46,51631097;"SPRF-SP";"DEL01-SP";"UOP01-DEL01-SP"
478208;2022-10-02;"domingo";"15:05:00";"PE";408;94,5;"SAO LOURENCO DA MATA";"Manobra de mudança de faixa";"Colisão lateral mesmo sentido";"Com Vítimas Feridas";"Pleno dia";"Crescente";"Céu Claro";"Dupla";"Reta";"Sim";2;0;0;1;1;0;1;2;-8,010107;-35,042785;"SPRF-PE";"DEL01-PE";"UOP01-DEL01-PE"
478209;2022-10-02;"domingo";"14:10:00";"RO";364;237,1;"CACOAL";"Ingestão de álcool pelo condutor";"Colisão traseira";"Com Vítimas Feridas";"Pleno dia";"Crescente";"Sol";"Simples";"Interseção de Vias";"Sim";2;0;1;0;1;0;1;2;-11,44341056;-61,44672787;"SPRF-RO";"DEL02-RO";"UOP02-DEL02-RO"
478210;2022-10-02;"domingo";"15:40:00";"MG";381;928,8;"ITAPEVA";"Velocidade Incompatível";"Saída de leito carroçável";"Com Vítimas Feridas";"Pleno dia";"Decrescente";"Nublado";"Dupla";"Curva";"Sim";2;0;1;0;0;1;1;2;-22,79564412;-46,25379582;"SPRF-MG";"DEL16-MG";"UOP03-DEL16-MG"
478211;2022-10-02;"domingo";"14:00:00";"MT";364;207;"RONDONOPOLIS";"Ausência de reação do condutor";"Colisão traseira";"Com Vítimas Feridas";"Pleno dia";"Crescente";"Sol";"Dupla";"Reta";"Sim";4;0;1;0;3;0;1;2;-16,44347006;-54,67236704;"SPRF-MT";"DEL02-MT";"UOP01-DEL02-MT"
478212;2022-10-02;"domingo";"15:50:00";"PA";316;74;"SAO FRANCISCO DO PARA";"Chuva";"Tombamento";"Com Vítimas Feridas";"Pleno dia";"Decrescente";"Chuva";"Simples";"Reta";"Não";2;0;2;0;0;0;2;1;-1,29131621;-47,83082209;"SPRF-PA";"DEL01-PA";"UOP01-DEL01-PA"
478213;2022-10-02;"domingo";"16:00:00";"MG";116;415;"GOVERNADOR VALADARES";"Ausência de reação do condutor";"Colisão traseira";"Com Vítimas Feridas";"Pleno dia";"Decrescente";"Céu Claro";"Simples";"Reta";"Sim";2;0;1;0;1;0;1;2;-18,88401297;-41,94924399;"SPRF-MG";"DEL06-MG";"UOP01-DEL06-MG"
478214;2022-10-02;"domingo";"14:40:00";"SC";101;376,3;"ICARA";"Condutor deixou de manter distância do veículo da frente";"Colisão traseira";"Com Vítimas Feridas";"Pleno dia";"Crescente";"Céu Claro";"Dupla";"Reta";"Não";1;0;1;0;0;0;1;1;-28,72736111;-49,24066084;"SPRF-SC";"DEL02-SC";"UOP01-DEL02-SC"
478215;2022-10-02;"domingo";"14:25:00";"MT";364;218;"RONDONOPOLIS";"Reação tardia ou ineficiente do condutor";"Tombamento";"Com Vítimas Feridas";"Pleno dia";"Crescente";"Céu Claro";"Dupla";"Aclive;Reta";"Não";1;0;1;0;0;0;1;1;-16,36282009;-54,72956815;"SPRF-MT";"DEL02-MT";"UOP01-DEL02-MT"
478216;2022-10-02;"domingo";"07:38:00";"PB";230;143,9;"CAMPINA GRANDE";"Reação tardia ou ineficiente do condutor";"Tombamento";"Com Vítimas Feridas";"Pleno dia";"Crescente";"Céu Claro";"Dupla";"Reta";"Sim";2;0;2;0;0;0;2;1;-7,2557;-35,8223;"SPRF-PB";"DEL02-PB";"UOP01-DEL02-PB"
478217;2022-10-02;"domingo";"15:25:00";"RJ";116;295,4;"BARRA MANSA";"Entrada inopinada do pedestre";"Atropelamento de Pedestre";"Com Vítimas Fatais";"Pleno dia";"Decrescente";"Nublado";"Múltipla";"Reta";"Sim";2;1;0;0;1;0;0;2;-22,453752;-44,303762;"SPRF-RJ";"DEL07-RJ";"UOP02-DEL07-RJ"
478219;2022-10-02;"domingo";"14:00:00";"MT";174;6;"PONTES E LACERDA";"Reação tardia ou ineficiente do condutor";"Engavetamento";"Sem Vítimas";"Pleno dia";"Crescente";"Céu Claro";"Simples";"Reta";"Sim";3;0;0;0;3;0;0;3;-15,223054;-59,350863;"SPRF-MT";"DEL03-MT";"UOP01-DEL03-MT"
478222;2022-10-02;"domingo";"16:55:00";"RS";448;3;"ESTEIO";"Ultrapassagem Indevida";"Colisão lateral mesmo sentido";"Com Vítimas Feridas";"Pleno dia";"Crescente";"Céu Claro";"Dupla";"Reta";"Não";2;0;1;0;1;0;1;2;-29,846483;-51,206802;"SPRF-RS";"DEL01-RS";"UOP02-DEL01-RS"
478226;2022-10-02;"domingo";"16:45:00";"PR";376;177,7;"MARINGA";"Ausência de reação do condutor";"Colisão com objeto";"Com Vítimas Feridas";"Pleno dia";"Crescente";"Céu Claro";"Dupla";"Reta";"Sim";1;0;1;0;0;0;1;1;-23,41864;-51,91523;"SPRF-PR";"DEL09-PR";"UOP01-DEL09-PR"
478227;2022-10-02;"domingo";"09:30:00";"PR";116;118;"CURITIBA";"Reação tardia ou ineficiente do condutor";"Queda de ocupante de veículo";"Com Vítimas Feridas";"Pleno dia";"Crescente";"Nublado";"Dupla";"Reta";"Sim";1;0;0;1;0;0;1;1;-25,54657438;-49,29173608;"SPRF-PR";"DEL01-PR";"UOP03-DEL01-PR"
478228;2022-10-02;"domingo";"10:30:00";"PA";316;31,6;"SANTA IZABEL DO PARA";"Manobra de mudança de faixa";"Colisão traseira";"Com Vítimas Feridas";"Pleno dia";"Decrescente";"Céu Claro";"Dupla";"Reta";"Não";5;0;0;1;2;2;1;3;-1,3025866;-48,1965672;"SPRF-PA";"DEL01-PA";"UOP01-DEL01-PA"
478229;2022-10-02;"domingo";"17:40:00";"BA";116;357;"SERRINHA";"Conversão proibida";"Colisão lateral mesmo sentido";"Com Vítimas Feridas";"Anoitecer";"Crescente";"Céu Claro";"Simples";"Rotatória";"Sim";2;0;1;0;0;1;1;2;-11,66988979;-38,99998134;"SPRF-BA";"DEL02-BA";"UOP01-DEL02-BA"
478230;2022-10-02;"domingo";"08:30:00";"MA";226;107,5;"CAXIAS";"Manobra de mudança de faixa";"Colisão transversal";"Com Vítimas Feridas";"Pleno dia";"Decrescente";"Céu Claro";"Simples";"Reta";"Não";5;0;1;3;1;0;4;2;-5,30393108;-43,71360596;"SPRF-MA";"DEL03-MA";"UOP02-DEL03-MA"
478231;2022-10-02;"domingo";"11:50:00";"SC";280;25;"ARAQUARI";"Trafegar com motocicleta (ou similar) entre as faixas";"Colisão transversal";"Com Vítimas Feridas";"Pleno dia";"Crescente";"Céu Claro";"Simples";"Reta";"Não";2;0;1;0;1;0;1;2;-26,38352781;-48,72677516;"SPRF-SC";"DEL03-SC";"UOP03-DEL03-SC"
478232;2022-10-02;"domingo";"14:30:00";"RO";364;477;"ARIQUEMES";"Demais falhas mecânicas ou elétricas";"Saída de leito carroçável";"Com Vítimas Feridas";"Pleno dia";"Decrescente";"Céu Claro";"Simples";"Reta";"Não";2;0;2;0;0;0;2;1;-10,1531818;-62,84130784;"SPRF-RO";"DEL03-RO";"UOP01-DEL03-RO"
478233;2022-10-02;"domingo";"16:30:00";"MT";364;56;"ALTO GARCAS";"Mal súbito do condutor";"Saída de leito carroçável";"Com Vítimas Feridas";"Anoitecer";"Crescente";"Nublado";"Simples";"Declive";"Sim";1;0;1;0;0;0;1;1;-16,95268297;-53,52608392;"SPRF-MT";"DEL02-MT";"UOP02-DEL02-MT"
478234;2022-10-02;"domingo";"15:51:00";"MG";381;661,9;"SANTO ANTONIO DO AMPARO";"Velocidade Incompatível";"Saída de leito carroçável";"Sem Vítimas";"Pleno dia";"Crescente";"Céu Claro";"Dupla";"Curva";"Não";1;0;0;0;0;1;0;1;-21,04169602;-45,0008111;"SPRF-MG";"DEL04-MG";"UOP02-DEL04-MG"
478235;2022-10-02;"domingo";"17:30:00";"PR";369;63;"BANDEIRANTES";"Avarias e/ou desgaste excessivo no pneu";"Tombamento";"Com Vítimas Feridas";"Pleno dia";"Crescente";"Céu Claro";"Simples";"Reta";"Não";2;0;2;0;0;0;2;1;-23,13245;-50,43086;"SPRF-PR";"DEL07-PR";"UOP01-DEL07-PR"
478236;2022-10-02;"domingo";"16:51:00";"PE";232;180,9;"BELO JARDIM";"Ingestão de álcool pelo condutor";"Colisão transversal";"Sem Vítimas";"Pleno dia";"Crescente";"Sol";"Simples";"Reta";"Sim";4;0;0;0;3;1;0;2;-8,34449745;-36,4288801;"SPRF-PE";"DEL03-PE";"UOP02-DEL03-PE"
478237;2022-10-02;"domingo";"13:30:00";"MG";365;579,3;"INDIANOPOLIS";"Manobra de mudança de faixa";"Saída de leito carroçável";"Sem Vítimas";"Pleno dia";"Crescente";"Céu Claro";"Simples";"Curva";"Não";2;0;0;0;1;1;0;2;-18,882683;-47,928043;"SPRF-MG";"DEL15-MG";"UOP02-DEL15-MG"
478238;2022-10-02;"domingo";"16:20:00";"MG";116;586,4;"MANHUACU";"Ingestão de álcool pelo condutor";"Colisão transversal";"Com Vítimas Feridas";"Anoitecer";"Decrescente";"Nublado";"Simples";"Reta";"Não";3;0;0;1;1;1;1;3;-20,23618707;-42,16556506;"SPRF-MG";"DEL06-MG";"UOP03-DEL06-MG"
478239;2022-10-02;"domingo";"18:00:00";"ES";101;235,1;"FUNDAO";"Ultrapassagem Indevida";"Colisão lateral mesmo sentido";"Com Vítimas Feridas";"Plena Noite";"Decrescente";"Céu Claro";"Simples";"Curva";"Não";2;0;0;1;1;0;1;2;-19,9799168;-40,40904276;"SPRF-ES";"DEL02-ES";"UOP01-DEL02-ES"
478240;2022-10-02;"domingo";"13:05:00";"PR";163;177,6;"LINDOESTE";"Demais falhas mecânicas ou elétricas";"Colisão com objeto";"Com Vítimas Feridas";"Pleno dia";"Decrescente";"Sol";"Dupla";"Reta";"Não";1;0;1;0;0;0;1;1;-25,2011763;-53,60081316;"SPRF-PR";"DEL05-PR";"UOP05-DEL05-PR"
478241;2022-10-02;"domingo";"18:25:00";"CE";116;25;"ITAITINGA";"Demais falhas mecânicas ou elétricas";"Colisão traseira";"Com Vítimas Feridas";"Plena Noite";"Crescente";"Céu Claro";"Dupla";"Declive";"Não";3;0;2;0;1;0;2;3;-3,96633279;-38,51525324;"SPRF-CE";"DEL01-CE";"UOP02-DEL01-CE"
478243;2022-10-02;"domingo";"17:50:00";"RR";174;7;"BOA VISTA";"Ingestão de álcool pelo condutor";"Saída de leito carroçável";"Com Vítimas Feridas";"Anoitecer";"Decrescente";"Nublado";"Simples";"Reta";"Não";5;0;4;1;0;0;5;1;2,819364;-60,673775;"SPRF-RR";"DEL01-RR";"UOP01-DEL01-RR"
478244;2022-10-02;"domingo";"15:14:00";"MG";40;694,6;"BARBACENA";"Manobra de mudança de faixa";"Colisão lateral mesmo sentido";"Com Vítimas Feridas";"Pleno dia";"Decrescente";"Nublado";"Simples";"Reta";"Não";3;0;2;0;1;0;2;2;-21,132076;-43,76202;"SPRF-MG";"DEL05-MG";"UOP02-DEL05-MG"
478245;2022-10-02;"domingo";"17:50:00";"SC";101;91,1;"BARRA VELHA";"Avarias e/ou desgaste excessivo no pneu";"Tombamento";"Com Vítimas Feridas";"Anoitecer";"Decrescente";"Céu Claro";"Dupla";"Reta";"Sim";2;0;2;0;0;0;2;1;-26,67120698;-48,69011814;"SPRF-SC";"DEL03-SC";"UOP02-DEL03-SC"
478246;2022-10-02;"domingo";"19:20:00";"RS";293;27,5;"CAPAO DO LEAO";"Reação tardia ou ineficiente do condutor";"Colisão com objeto";"Com Vítimas Feridas";"Anoitecer";"Decrescente";"Céu Claro";"Simples";"Ponte";"Não";1;0;1;0;0;0;1;1;-31,72820402;-52,592584;"SPRF-RS";"DEL07-RS";"UOP01-DEL07-RS"
478248;2022-10-02;"domingo";"17:15:00";"RO";364;710;"PORTO VELHO";"Acessar a via sem observar a presença dos outros veículos";"Colisão transversal";"Sem Vítimas";"Pleno dia";"Decrescente";"Chuva";"Simples";"Interseção de Vias";"Sim";2;0;0;0;2;0;0;2;-8,78621576;-63,85712687;"SPRF-RO";"DEL01-RO";"UOP01-DEL01-RO"
478250;2022-10-02;"domingo";"16:20:00";"MG";116;126,7;"ITAOBIM";"Reação tardia ou ineficiente do condutor";"Saída de leito carroçável";"Com Vítimas Feridas";"Pleno dia";"Decrescente";"Céu Claro";"Simples";"Reta";"Sim";2;0;2;0;0;0;2;1;-16,653504;-41,50203205;"SPRF-MG";"DEL11-MG";"UOP02-DEL11-MG"
478252;2022-10-02;"domingo";"19:00:00";"BA";242;578;"IBOTIRAMA";"Ausência de reação do condutor";"Saída de leito carroçável";"Com Vítimas Fatais";"Plena Noite";"Crescente";"Céu Claro";"Simples";"Reta";"Não";2;1;0;0;0;1;0;2;-12,145738;-43,18178;"SPRF-BA";"DEL10-BA";"UOP02-DEL10-BA"
478253;2022-10-02;"domingo";"11:40:00";"SC";101;2;"GARUVA";"Desrespeitar a preferência no cruzamento";"Colisão lateral mesmo sentido";"Com Vítimas Feridas";"Pleno dia";"Decrescente";"Céu Claro";"Dupla";"Reta";"Sim";1;0;1;0;0;0;1;1;-25,99699834;-48,87891655;"SPRF-SC";"DEL03-SC";"UOP01-DEL03-SC"