"id";"data_inversa";"dia_semana";"horario";"uf";"br";"km";"municipio";"causa_acidente";"tipo_acidente";"classificacao_acidente";"fase_dia";"sentido_via";"condicao_metereologica";"tipo_pista";"tracado_via";"uso_solo";"pessoas";"mortos";"feridos_leves";"feridos_graves";"ilesos";"ignorados";"feridos";"veiculos";"latitude";"longitude";"regional";"delegacia";"uop"
478254;2022-10-02;"domingo";"16:15:00";"MT";70;277;"PRIMAVERA DO LESTE";"Estacionar ou parar em local proibido";"Colisão traseira";"Com Vítimas Feridas";"Pleno dia";"Decrescente";"Céu Claro";"Dupla";"Reta";"Sim";5;0;1;0;4;0;1;2;-15,55572064;-54,27085588;"SPRF-MT";"DEL05-MT";"UOP01-DEL05-MT"
478255;2022-10-02;"domingo";"18:30:00";"SP";116;43;"CACHOEIRA PAULISTA";"Demais falhas mecânicas ou elétricas";"Tombamento";"Com Vítimas Feridas";"Plena Noite";"Crescente";"Céu Claro";"Dupla";"Reta";"Não";2;0;2;0;0;0;2;1;-22,6973511;-45,03013594;"SPRF-SP";"DEL08-SP";"UOP02-DEL08-SP"
478258;2022-10-02;"domingo";"20:10:00";"RS";290;66;"GRAVATAI";"Animais na Pista";"Atropelamento de Animal";"Sem Vítimas";"Plena Noite";"Decrescente";"Céu Claro";"Múltipla";"Reta";"Sim";1;0;0;0;1;0;0;1;-29,942627;-50,915585;"SPRF-RS";"DEL03-RS";"UOP01-DEL03-RS"
478261;2022-10-02;"domingo";"20:40:00";"SP";101;47,5;"UBATUBA";"Ultrapassagem Indevida";"Colisão lateral mesmo sentido";"Sem Vítimas";"Plena Noite";"Decrescente";"Chuva";"Simples";"Rotatória";"Sim";2;0;0;0;2;0;0;2;-23,43696329;-45,08768768;"SPRF-SP";"DEL06-SP";"UOP01-DEL06-SP"
478262;2022-10-02;"domingo";"20:30:00";"RN";101;125,5;"SAO JOSE DE MIPIBU";"Manobra de mudança de faixa";"Colisão lateral mesmo sentido";"Com Vítimas Feridas";"Plena Noite";"Decrescente";"Céu Claro";"Dupla";"Interseção de Vias";"Sim";2;0;1;0;1;0;1;2;-6,07865648;-35,23372829;"SPRF-RN";"DEL01-RN";"UOP01-DEL01-RN"
478264;2022-10-02;"domingo";"16:50:00";"MG";116;403,5;"GOVERNADOR VALADARES";"Ingestão de álcool pelo condutor";"Colisão traseira";"Com Vítimas Feridas";"Pleno dia";"Crescente";"Sol";"Simples";"Curva";"Não";3;0;3;0;0;0;3;2;-18,80262715;-41,98589615;"SPRF-MG";"DEL06-MG";"UOP01-DEL06-MG"
478265;2022-10-02;"domingo";"21:05:00";"PR";376;363;"ORTIGUEIRA";"Transitar na contramão";"Colisão frontal";"Com Vítimas Feridas";"Plena Noite";"Crescente";"Céu Claro";"Simples";"Reta";"Não";2;0;0;1;1;0;1;2;-24,33517026;-50,84050313;"SPRF-PR";"DEL07-PR";"UOP02-DEL07-PR"
478266;2022-10-02;"domingo";"17:00:00";"SC";470;103,5;"APIUNA";"Reação tardia ou ineficiente do condutor";"Saída de leito carroçável";"Com Vítimas Feridas";"Anoitecer";"Decrescente";"Céu Claro";"Simples";"Curva";"Não";1;0;0;1;0;0;1;1;-27,064796;-49,401424;"SPRF-SC";"DEL04-SC";"UOP02-DEL04-SC"
478268;2022-10-02;"domingo";"19:15:00";"MT";364;398;"CUIABA";"Ingestão de álcool pelo condutor";"Colisão frontal";"Sem Vítimas";"Plena Noite";"Crescente";"Céu Claro";"Simples";"Reta";"Sim";2;0;0;0;2;0;0;2;-15,68278673;-55,92170288;"SPRF-MT";"DEL01-MT";"UOP02-DEL01-MT"
478269;2022-10-02;"domingo";"15:00:00";"MG";40;244,8;"SAO GONCALO DO ABAETE";"Reação tardia ou ineficiente do condutor";"Saída de leito carroçável";"Com Vítimas Feridas";"Pleno dia";"Crescente";"Nublado";"Simples";"Curva";"Não";1;0;1;0;0;0;1;1;-18,08699422;-45,48026712;"SPRF-MG";"DEL14-MG";"UOP02-DEL14-MG"
478270;2022-10-02;"domingo";"20:10:00";"PE";428;183,8;"PETROLINA";"Velocidade Incompatível";"Colisão traseira";"Com Vítimas Feridas";"Plena Noite";"Crescente";"Céu Claro";"Dupla";"Reta";"Não";3;0;1;1;0;1;2;2;-9,32412987;-40,46211325;"SPRF-PE";"DEL06-PE";"UOP01-DEL06-PE"
478271;2022-10-02;"domingo";"16:20:00";"PR";467;110,5;"CASCAVEL";"Velocidade Incompatível";"Saída de leito carroçável";"Sem Vítimas";"Pleno dia";"Decrescente";"Sol";"Dupla";"Curva";"Sim";1;0;0;0;0;1;0;1;-24,9299;-53,4505;"SPRF-PR";"DEL04-PR";"UOP01-DEL04-PR"
478272;2022-10-02;"domingo";"19:15:00";"PE";428;184,6;"PETROLINA";"Ingestão de álcool pelo condutor";"Colisão lateral mesmo sentido";"Com Vítimas Feridas";"Plena Noite";"Decrescente";"Céu Claro";"Múltipla";"Reta";"Sim";3;0;2;0;1;0;2;2;-9,33211208;-40,46621385;"SPRF-PE";"DEL06-PE";"UOP01-DEL06-PE"
478273;2022-10-02;"domingo";"18:16:00";"RJ";101;557;"PARATY";"Pista Escorregadia";"Colisão lateral sentido oposto";"Com Vítimas Feridas";"Plena Noite";"Crescente";"Garoa/Chuvisco";"Simples";"Reta";"Não";3;0;1;0;2;0;1;2;-23,09154148;-44,6958992;"SPRF-RJ";"DEL03-RJ";"UOP04-DEL03-RJ"
478274;2022-10-02;"domingo";"17:25:00";"GO";60;274;"JANDAIA";"Chuva";"Saída de leito carroçável";"Com Vítimas Feridas";"Pleno dia";"Crescente";"Chuva";"Dupla";"Curva";"Não";4;0;4;0;0;0;4;1;-17,2123;-50,1583;"SPRF-GO";"DEL01-GO";"UOP02-DEL01-GO"
478275;2022-10-02;"domingo";"20:15:00";"RS";158;485;"ROSARIO DO SUL";"Ingestão de álcool pelo condutor";"Saída de leito carroçável";"Com Vítimas Feridas";"Plena Noite";"Crescente";"Céu Claro";"Simples";"Aclive";"Não";1;0;1;0;0;0;1;1;-30,38885306;-55,03889871;"SPRF-RS";"DEL11-RS";"UOP02-DEL11-RS"
478276;2022-10-02;"domingo";"21:50:00";"MG";50;204;"DELTA";"Sinalização mal posicionada";"Queda de ocupante de veículo";"Com Vítimas Feridas";"Anoitecer";"Crescente";"Céu Claro";"Dupla";"Em Obras;Reta";"Não";1;0;0;1;0;0;1;1;-19,92627147;-47,82191068;"SPRF-MG";"DEL13-MG";"UOP01-DEL13-MG"
478277;2022-10-02;"domingo";"21:00:00";"AP";210;1;"MACAPA";"Manobra de mudança de faixa";"Colisão lateral mesmo sentido";"Sem Vítimas";"Plena Noite";"Crescente";"Céu Claro";"Dupla";"Reta";"Sim";2;0;0;0;2;0;0;2;0,07816717;-51,06998693;"SPRF-AP";"DEL01-AP";"UOP01-DEL01-AP"
478278;2022-08-07;"domingo";"16:09:00";"RS";290;681;"URUGUAIANA";"Acostamento em desnível";"Saída de leito carroçável";"Com Vítimas Fatais";"Pleno dia";"Crescente";"Céu Claro";"Simples";"Reta";"Não";5;1;3;1;0;0;4;1;-29,90744752;-56,68255985;"SPRF-RS";"DEL13-RS";"UOP01-DEL13-RS"
478279;2022-10-02;"domingo";"21:57:00";"PR";376;672;"GUARATUBA";"Demais falhas mecânicas ou elétricas";"Incêndio";"Sem Vítimas";"Plena Noite";"Decrescente";"Chuva";"Dupla";"Aclive;Curva";"Não";1;0;0;0;1;0;0;1;-25,97311818;-48,89058063;"SPRF-PR";"DEL01-PR";"UOP04-DEL01-PR"
478281;2022-10-02;"domingo";"16:30:00";"RS";392;132,6;"CANGUCU";"Ausência de reação do condutor";"Saída de leito carroçável";"Com Vítimas Feridas";"Pleno dia";"Decrescente";"Céu Claro";"Simples";"Reta";"Não";1;0;1;0;0;0;1;1;-31,31385203;-52,76725603;"SPRF-RS";"DEL07-RS";"UOP01-DEL07-RS"
478282;2022-10-02;"domingo";"19:10:00";"PA";230;151;"MARABA";"Transitar na contramão";"Colisão transversal";"Com Vítimas Feridas";"Plena Noite";"Crescente";"Céu Claro";"Simples";"Reta";"Não";2;0;0;1;1;0;1;2;-5,26792547;-49,31200766;"SPRF-PA";"DEL03-PA";"UOP01-DEL03-PA"
478284;2022-10-02;"domingo";"21:20:00";"MS";163;486;"CAMPO GRANDE";"Ausência de reação do condutor";"Tombamento";"Com Vítimas Feridas";"Plena Noite";"Crescente";"Céu Claro";"Simples";"Declive";"Sim";1;0;1;0;0;0;1;1;-20,4336361;-54,54376745;"SPRF-MS";"DEL01-MS";"UOP02-DEL01-MS"
478285;2022-10-02;"domingo";"22:50:00";"RN";226;177;"CURRAIS NOVOS";"Ausência de reação do condutor";"Colisão lateral mesmo sentido";"Sem Vítimas";"Plena Noite";"Crescente";"Céu Claro";"Dupla";"Reta";"Sim";3;0;0;0;2;1;0;3;-6,26215846;-36,51709557;"SPRF-RN";"DEL03-RN";"UOP02-DEL03-RN"
478288;2022-10-02;"domingo";"22:27:00";"SP";116;110;"TAUBATE";"Condutor deixou de manter distância do veículo da frente";"Colisão traseira";"Com Vítimas Feridas";"Plena Noite";"Crescente";"Nublado";"Dupla";"Reta";"Sim";2;0;2;0;0;0;2;1;-23,03412614;-45,5526999;"SPRF-SP";"DEL08-SP";"UOP01-DEL08-SP"
478289;2022-10-02;"domingo";"20:50:00";"MT";70;279;"PRIMAVERA DO LESTE";"Transitar na contramão";"Colisão frontal";"Com Vítimas Feridas";"Plena Noite";"Crescente";"Céu Claro";"Simples";"Reta";"Não";5;0;1;0;4;0;1;2;-15,5590689;-54,28878402;"SPRF-MT";"DEL05-MT";"UOP01-DEL05-MT"
478291;2022-10-02;"domingo";"23:03:00";"PB";101;43;"MAMANGUAPE";"Reação tardia ou ineficiente do condutor";"Saída de leito carroçável";"Sem Vítimas";"Plena Noite";"Decrescente";"Céu Claro";"Dupla";"Declive";"Não";1;0;0;0;0;1;0;1;-6,865561;-35,133374;"SPRF-PB";"DEL01-PB";"UOP04-DEL01-PB"
478293;2022-10-02;"domingo";"22:30:00";"MG";40;553;"NOVA LIMA";"Pista Escorregadia";"Capotamento";"Com Vítimas Feridas";"Plena Noite";"Crescente";"Chuva";"Múltipla";"Curva";"Sim";5;0;5;0;0;0;5;1;-20,07334546;-43,98342133;"SPRF-MG";"DEL01-MG";"UOP02-DEL01-MG"
478296;2022-10-02;"domingo";"23:00:00";"PE";408;79;"PAUDALHO";"Ausência de reação do condutor";"Colisão traseira";"Com Vítimas Feridas";"Plena Noite";"Decrescente";"Céu Claro";"Múltipla";"Reta";"Sim";2;0;0;1;1;0;1;2;-7,92735072;-35,14679086;"SPRF-PE";"DEL01-PE";"UOP01-DEL01-PE"
478297;2022-10-02;"domingo";"23:20:00";"MG";381;931,9;"EXTREMA";"Condutor Dormindo";"Saída de leito carroçável";"Com Vítimas Feridas";"Plena Noite";"Decrescente";"Céu Claro";"Dupla";"Curva";"Sim";3;0;3;0;0;0;3;1;-22,8076393;-46,27636971;"SPRF-MG";"DEL16-MG";"UOP03-DEL16-MG"
478299;2022-10-02;"domingo";"23:30:00";"SP";116;339;"JUQUITIBA";"Condutor Dormindo";"Colisão com objeto";"Sem Vítimas";"Plena Noite";"Crescente";"Céu Claro";"Múltipla";"Curva";"Não";1;0;0;0;0;1;0;1;-23,9983939;-47,14927316;"SPRF-SP";"DEL04-SP";"UOP01-DEL04-SP"
478301;2022-10-02;"domingo";"23:40:00";"GO";20;223;"POSSE";"Ausência de reação do condutor";"Saída de leito carroçável";"Com Vítimas Feridas";"Pleno dia";"Decrescente";"Chuva";"Simples";"Reta";"Não";1;0;1;0;0;0;1;1;-14,170753;-46,328178;"SPRF-DF";"DEL02-DF";"UOP03-DEL02-DF"
478302;2022-10-02;"domingo";"22:50:00";"PE";101;42,3;"IGARASSU";"Pedestre andava na pista";"Atropelamento de Pedestre";"Com Vítimas Feridas";"Pleno dia";"Decrescente";"Céu Claro";"Dupla";"Reta";"Não";2;0;0;2;0;0;2;2;-7,83887431;-34,91196739;"SPRF-PE";"DEL01-PE";"UOP02-DEL01-PE"
478303;2022-10-02;"domingo";"23:00:00";"SP";381;82,8;"SAO PAULO";"Demais falhas mecânicas ou elétricas";"Incêndio";"Sem Vítimas";"Plena Noite";"Crescente";"Céu Claro";"Dupla";"Reta";"Não";1;0;0;0;0;1;0;1;-23,42399;-46,575112;"SPRF-SP";"DEL03-SP";"UOP01-DEL03-SP"
478304;2022-10-02;"domingo";"23:04:00";"PI";343;347;"TERESINA";"Ausência de reação do condutor";"Colisão traseira";"Com Vítimas Feridas";"Anoitecer";"Decrescente";"Céu Claro";"Simples";"Reta";"Sim";5;0;1;0;4;0;1;2;-5,114822;-42,778355;"SPRF-PI";"DEL01-PI";"UOP01-DEL01-PI"
478305;2022-10-02;"domingo";"16:45:00";"RO";174;28;"VILHENA";"Ausência de reação do condutor";"Saída de leito carroçável";"Com Vítimas Feridas";"Pleno dia";"Crescente";"Céu Claro";"Simples";"Reta";"Não";2;0;1;0;0;1;1;2;-12,614105;-60,09050498;"SPRF-RO";"DEL04-RO";"UOP01-DEL04-RO"
478307;2022-10-02;"domingo";"20:10:00";"RO";174;15,8;"VILHENA";"Ausência de reação do condutor";"Colisão traseira";"Sem Vítimas";"Plena Noite";"Decrescente";"Céu Claro";"Simples";"Reta";"Sim";2;0;0;0;2;0;0;2;-12,723321;-60,12801;"SPRF-RO";"DEL04-RO";"UOP01-DEL04-RO"
478310;2022-10-02;"domingo";"23:50:00";"MS";419;250,4;"ANASTACIO";"Animais na Pista";"Atropelamento de Animal";"Com Vítimas Feridas";"Plena Noite";"Crescente";"Céu Claro";"Simples";"Reta";"Não";2;0;1;1;0;0;2;1;-20,55009481;-55,83536043;"SPRF-MS";"DEL03-MS";"UOP01-DEL03-MS"
478311;2022-10-02;"domingo";"22:48:00";"PR";376;215;"MANDAGUARI";"Ausência de reação do condutor";"Queda de ocupante de veículo";"Com Vítimas Feridas";"Plena Noite";"Decrescente";"Céu Claro";"Simples";"Curva";"Não";1;0;1;0;0;0;1;1;-23,59537856;-51,64222304;"SPRF-PR";"DEL09-PR";"UOP01-DEL09-PR"
478312;2022-10-03;"segunda-feira";"00:40:00";"RS";470;229;"GARIBALDI";"Ingestão de álcool pelo condutor";"Colisão com objeto";"Com Vítimas Feridas";"Plena Noite";"Decrescente";"Céu Claro";"Simples";"Rotatória";"Não";1;0;1;0;0;0;1;1;-29,268615;-51,499205;"SPRF-RS";"DEL06-RS";"UOP01-DEL06-RS"
478314;2022-10-03;"segunda-feira";"00:30:00";"PR";277;328;"GUARAPUAVA";"Reação tardia ou ineficiente do condutor";"Saída de leito carroçável";"Com Vítimas Feridas";"Plena Noite";"Decrescente";"Céu Claro";"Simples";"Curva";"Não";1;0;0;1;0;0;1;1;-25,3774541;-51,28942499;"SPRF-PR";"DEL08-PR";"UOP01-DEL08-PR"
478315;2022-10-02;"domingo";"17:30:00";"MS";267;503,1;"JARDIM";"Ingestão de álcool pelo condutor";"Saída de leito carroçável";"Com Vítimas Feridas";"Plena Noite";"Decrescente";"Céu Claro";"Simples";"Reta";"Não";1;0;0;1;0;0;1;1;-21,468529;-56,330287;"SPRF-MS";"DEL05-MS";"UOP01-DEL05-MS"
478316;2022-10-02;"domingo";"16:40:00";"GO";153;436,8;"ANAPOLIS";"Desrespeitar a preferência no cruzamento";"Colisão transversal";"Sem Vítimas";"Pleno dia";"Decrescente";"Céu Claro";"Simples";"Interseção de Vias";"Sim";3;0;0;0;2;1;0;2;-16,25341263;-48,93584864;"SPRF-GO";"DEL02-GO";"UOP01-DEL02-GO"
478317;2022-10-02;"domingo";"23:30:00";"PE";232;411;"SERRA TALHADA";"Ingestão de álcool pelo condutor";"Colisão frontal";"Com Vítimas Fatais";"Plena Noite";"Decrescente";"Céu Claro";"Simples";"Reta";"Não";3;2;0;1;0;0;1;2;-7,97976163;-38,31087404;"SPRF-PE";"DEL04-PE";"UOP01-DEL04-PE"
478319;2022-10-03;"segunda-feira";"01:10:00";"RJ";393;222,5;"VASSOURAS";"Ausência de reação do condutor";"Saída de leito carroçável";"Sem Vítimas";"Plena Noite";"Decrescente";"Garoa/Chuvisco";"Simples";"Interseção de Vias";"Não";1;0;0;0;1;0;0;1;-22,32635987;-43,53667408;"SPRF-RJ";"DEL05-RJ";"UOP03-DEL05-RJ"
478320;2022-10-03;"segunda-feira";"02:15:00";"SE";101;90;"NOSSA SENHORA DO SOCORRO";"Ingestão de álcool pelo condutor";"Saída de leito carroçável";"Sem Vítimas";"Plena Noite";"Crescente";"Céu Claro";"Dupla";"Aclive;Curva;Viaduto";"Sim";1;0;0;0;0;1;0;1;-10,88958218;-37,13256719;"SPRF-SE";"DEL01-SE";"UOP01-DEL01-SE"
478322;2022-10-03;"segunda-feira";"02:15:00";"BA";415;50;"ITABUNA";"Acumulo de água sobre o pavimento";"Colisão com objeto";"Com Vítimas Feridas";"Plena Noite";"Decrescente";"Chuva";"Simples";"Reta";"Sim";1;0;1;0;0;0;1;1;-14,81574494;-39,29612388;"SPRF-BA";"DEL05-BA";"UOP01-DEL05-BA"
478323;2022-10-03;"segunda-feira";"01:28:00";"RJ";40;61;"PETROPOLIS";"Reação tardia ou ineficiente do condutor";"Queda de ocupante de veículo";"Com Vítimas Feridas";"Plena Noite";"Crescente";"Garoa/Chuvisco";"Dupla";"Reta";"Sim";1;0;1;0;0;0;1;1;-22,40240833;-43,13786279;"SPRF-RJ";"DEL05-RJ";"UOP02-DEL05-RJ"
478324;2022-10-03;"segunda-feira";"03:10:00";"SC";470;51,1;"BLUMENAU";"Ausência de reação do condutor";"Colisão com objeto";"Com Vítimas Feridas";"Plena Noite";"Crescente";"Céu Claro";"Simples";"Viaduto";"Sim";1;0;0;1;0;0;1;1;-26,862339;-49,084038;"SPRF-SC";"DEL04-SC";"UOP01-DEL04-SC"
478325;2022-10-03;"segunda-feira";"02:30:00";"SP";116;448;"REGISTRO";"Ingestão de álcool pelo condutor";"Saída de leito carroçável";"Com Vítimas Feridas";"Plena Noite";"Crescente";"Garoa/Chuvisco";"Simples";"Reta";"Sim";3;0;3;0;0;0;3;1;-24,52099699;-47,85336602;"SPRF-SP";"DEL05-SP";"UOP01-DEL05-SP"
478326;2022-10-03;"segunda-feira";"02:50:00";"PR";376;411;"TIBAGI";"Desrespeitar a preferência no cruzamento";"Colisão transversal";"Sem Vítimas";"Plena Noite";"Decrescente";"Céu Claro";"Simples";"Interseção de Vias";"Não";3;0;0;0;3;0;0;2;-24,673004;-50,601442;"SPRF-PR";"DEL03-PR";"UOP02-DEL03-PR"
478327;2022-10-03;"segunda-feira";"02:30:00";"BA";101;212;"GOVERNADOR MANGABEIRA";"Desrespeitar a preferência no cruzamento";"Colisão transversal";"Com Vítimas Feridas";"Plena Noite";"Decrescente";"Céu Claro";"Simples";"Retorno Regulamentado";"Sim";3;0;1;0;2;0;1;2;-12,64636826;-39,10446167;"SPRF-BA";"DEL01-BA";"UOP02-DEL01-BA"
478328;2022-10-03;"segunda-feira";"05:00:00";"SC";101;108,9;"PENHA";"Condutor Dormindo";"Saída de leito carroçável";"Com Vítimas Feridas";"Amanhecer";"Crescente";"Céu Claro";"Dupla";"Curva";"Não";2;0;1;0;1;0;1;1;-26,82606902;-48,69052298;"SPRF-SC";"DEL03-SC";"UOP02-DEL03-SC"
478329;2022-10-03;"segunda-feira";"04:30:00";"MG";50;78;"UBERLANDIA";"Animais na Pista";"Atropelamento de Animal";"Com Vítimas Feridas";"Plena Noite";"Crescente";"Céu Claro";"Dupla";"Reta";"Não";3;0;1;0;2;0;1;1;-18,95405025;-48,21715268;"SPRF-MG";"DEL15-MG";"UOP01-DEL15-MG"
478330;2022-10-03;"segunda-feira";"06:20:00";"CE";222;21,8;"CAUCAIA";"Condutor deixou de manter distância do veículo da frente";"Colisão traseira";"Com Vítimas Feridas";"Pleno dia";"Crescente";"Garoa/Chuvisco";"Simples";"Em Obras;Reta";"Sim";2;0;1;0;1;0;1;2;-3,73715313;-38,74293507;"SPRF-CE";"DEL01-CE";"UOP01-DEL01-CE"
478331;2022-10-03;"segunda-feira";"06:00:00";"CE";230;30;"LAVRAS DA MANGABEIRA";"Reação tardia ou ineficiente do condutor";"Colisão traseira";"Com Vítimas Fatais";"Amanhecer";"Decrescente";"Céu Claro";"Simples";"Reta";"Sim";4;2;0;0;1;1;0;2;-6,758191;-38,88553;"SPRF-CE";"DEL05-CE";"UOP01-DEL05-CE"
478333;2022-10-03;"segunda-feira";"05:10:00";"GO";70;311;"JUSSARA";"Ultrapassagem Indevida";"Colisão lateral sentido oposto";"Com Vítimas Feridas";"Amanhecer";"Crescente";"Céu Claro";"Simples";"Reta";"Não";2;0;0;1;1;0;1;2;-15,87416724;-50,82138062;"SPRF-GO";"DEL04-GO";"UOP02-DEL04-GO"
478334;2022-10-03;"segunda-feira";"00:20:00";"MG";381;897;"CAMBUI";"Ingestão de álcool pelo condutor";"Colisão com objeto";"Sem Vítimas";"Plena Noite";"Decrescente";"Céu Claro";"Dupla";"Reta";"Sim";1;0;0;0;0;1;0;1;-22,63961103;-46,08077997;"SPRF-MG";"DEL16-MG";"UOP03-DEL16-MG"
478335;2022-10-03;"segunda-feira";"06:55:00";"SP";116;208;"GUARULHOS";"Trafegar com motocicleta (ou similar) entre as faixas";"Queda de ocupante de veículo";"Com Vítimas Feridas";"Pleno dia";"Crescente";"Céu Claro";"Múltipla";"Reta";"Sim";3;0;1;0;2;0;1;3;-23,42222263;-46,3932771;"SPRF-SP";"DEL01-SP";"UOP01-DEL01-SP"
478337;2022-10-03;"segunda-feira";"06:50:00";"BA";324;614;"SALVADOR";"Manobra de mudança de faixa";"Colisão traseira";"Sem Vítimas";"Pleno dia";"Crescente";"Céu Claro";"Dupla";"Reta";"Sim";2;0;0;0;2;0;0;2;-12,8639793;-38,42370126;"SPRF-BA";"DEL01-BA";"UOP01-DEL01-BA"
478339;2022-10-02;"domingo";"21:10:00";"GO";0;0;"JATAI";"Ausência de reação do condutor";"Colisão transversal";"Sem Vítimas";"Plena Noite";"Não Informado";"Nublado";"Simples";"Aclive;Interseção de Vias";"Sim";3;0;0;0;3;0;0;2;-17,893442;-51,717599;"SPRF-GO";"DEL05-GO";"UOP01-DEL05-GO"
478340;2022-10-03;"segunda-feira";"06:20:00";"PB";230;124;"RIACHAO DO BACAMARTE";"Condutor Dormindo";"Saída de leito carroçável";"Com Vítimas Feridas";"Pleno dia";"Crescente";"Céu Claro";"Dupla";"Aclive";"Não";3;0;1;0;2;0;1;1;-7,2465;-35,6751;"SPRF-PB";"DEL02-PB";"UOP01-DEL02-PB"
478342;2022-10-03;"segunda-feira";"07:10:00";"RJ";40;112;"DUQUE DE CAXIAS";"Demais falhas mecânicas ou elétricas";"Incêndio";"Sem Vítimas";"Pleno dia";"Decrescente";"Nublado";"Múltipla";"Reta";"Sim";1;0;0;0;1;0;0;1;-22,7004454;-43,29014851;"SPRF-RJ";"DEL01-RJ";"UOP01-DEL01-RJ"
478344;2022-10-03;"segunda-feira";"07:30:00";"SC";101;212,2;"PALHOCA";"Trafegar com motocicleta (ou similar) entre as faixas";"Colisão lateral mesmo sentido";"Com Vítimas Feridas";"Pleno dia";"Decrescente";"Nublado";"Múltipla";"Reta";"Sim";2;0;1;0;1;0;1;2;-27,62996929;-48,65903871;"SPRF-SC";"DEL01-SC";"UOP02-DEL01-SC"
478345;2022-10-03;"segunda-feira";"06:30:00";"ES";259;90;"BAIXO GUANDU";"Acesso irregular";"Colisão lateral mesmo sentido";"Com Vítimas Feridas";"Pleno dia";"Decrescente";"Sol";"Simples";"Reta";"Sim";2;0;1;1;0;0;2;2;-19,51143698;-40,90961107;"SPRF-ES";"DEL02-ES";"UOP01-DEL02-ES"
478350;2022-10-03;"segunda-feira";"07:45:00";"PR";277;715,3;"SANTA TEREZINHA DE ITAIPU";"Condutor Dormindo";"Saída de leito carroçável";"Com Vítimas Feridas";"Pleno dia";"Decrescente";"Sol";"Dupla";"Reta";"Não";1;0;1;0;0;0;1;1;-25,470338;-54,461191;"SPRF-PR";"DEL05-PR";"UOP01-DEL05-PR"
478353;2022-10-03;"segunda-feira";"08:30:00";"MG";381;496;"BETIM";"Manobra de mudança de faixa";"Colisão traseira";"Com Vítimas Feridas";"Pleno dia";"Decrescente";"Céu Claro";"Múltipla";"Curva";"Sim";2;0;1;0;1;0;1;2;-19,99676497;-44,20958506;"SPRF-MG";"DEL01-MG";"UOP03-DEL01-MG"
478354;2022-10-03;"segunda-feira";"07:40:00";"GO";153;613,2;"MORRINHOS";"Manobra de mudança de faixa";"Saída de leito carroçável";"Com Vítimas Feridas";"Pleno dia";"Decrescente";"Chuva";"Dupla";"Reta";"Não";2;0;1;0;1;0;1;1;-17,654;-49,17;"SPRF-GO";"DEL03-GO";"UOP01-DEL03-GO"
478355;2022-10-03;"segunda-feira";"08:20:00";"DF";70;8;"BRASILIA";"Manobra de mudança de faixa";"Colisão transversal";"Com Vítimas Feridas";"Pleno dia";"Crescente";"Céu Claro";"Dupla";"Reta";"Sim";2;0;1;0;1;0;1;2;-15,784966;-48,122108;"SPRF-DF";"DEL03-DF";"UOP02-DEL03-DF"
478356;2022-10-03;"segunda-feira";"07:26:00";"RJ";465;22,5;"SEROPEDICA";"Ausência de reação do condutor";"Engavetamento";"Com Vítimas Feridas";"Pleno dia";"Decrescente";"Chuva";"Simples";"Reta";"Não";5;0;2;0;3;0;2;4;-22,863579;-43,601479;"SPRF-RJ";"DEL03-RJ";"UOP01-DEL03-RJ"
478357;2022-10-03;"segunda-feira";"08:00:00";"RJ";40;91;"PETROPOLIS";"Chuva";"Tombamento";"Com Vítimas Feridas";"Pleno dia";"Decrescente";"Chuva";"Simples";"Curva";"Não";1;0;1;0;0;0;1;1;-22,54903566;-43,24229724;"SPRF-RJ";"DEL06-RJ";"UOP01-DEL06-RJ"
478361;2022-10-03;"segunda-feira";"07:20:00";"BA";116;806,3;"VITORIA DA CONQUISTA";"Reação tardia ou ineficiente do condutor";"Tombamento";"Com Vítimas Feridas";"Pleno dia";"Crescente";"Céu Claro";"Simples";"Reta";"Não";2;0;0;1;1;0;1;1;-14,774;-40,724;"SPRF-BA";"DEL08-BA";"UOP01-DEL08-BA"
478362;2022-10-03;"segunda-feira";"08:15:00";"PR";369;184;"ARAPONGAS";"Conversão proibida";"Colisão transversal";"Com Vítimas Feridas";"Pleno dia";"Decrescente";"Nublado";"Simples";"Reta";"Sim";2;0;1;0;1;0;1;2;-23,42261342;-51,42459869;"SPRF-PR";"DEL07-PR";"UOP03-DEL07-PR"
478364;2022-10-03;"segunda-feira";"07:45:00";"SC";470;99,5;"APIUNA";"Condutor Dormindo";"Colisão lateral sentido oposto";"Com Vítimas Feridas";"Pleno dia";"Crescente";"Nublado";"Simples";"Curva";"Não";2;0;1;0;1;0;1;2;-27,064796;-49,401424;"SPRF-SC";"DEL04-SC";"UOP01-DEL04-SC"
478366;2022-10-03;"segunda-feira";"09:10:00";"RS";290;95,3;"PORTO ALEGRE";"Reação tardia ou ineficiente do condutor";"Engavetamento";"Com Vítimas Feridas";"Pleno dia";"Crescente";"Nublado";"Múltipla";"Reta";"Sim";7;0;1;0;6;0;1;4;-29,982832;-51,201572;"SPRF-RS";"DEL01-RS";"UOP01-DEL01-RS"
478367;2022-10-03;"segunda-feira";"06:00:00";"AP";156;416;"TARTARUGALZINHO";"Transitar na contramão";"Colisão lateral sentido oposto";"Com Vítimas Feridas";"Pleno dia";"Decrescente";"Sol";"Simples";"Reta";"Não";2;0;2;0;0;0;2;2;1,1016;-51,05523303;"SPRF-AP";"DEL01-AP";"UOP02-DEL01-AP"
478368;2022-10-03;"segunda-feira";"08:30:00";"CE";222;42,8;"CAUCAIA";"Demais falhas na via";"Tombamento";"Com Vítimas Feridas";"Pleno dia";"Crescente";"Céu Claro";"Simples";"Reta";"Não";1;0;0;1;0;0;1;1;-3,68175383;-38,92437394;"SPRF-CE";"DEL01-CE";"UOP03-DEL01-CE"