"id";"data_inversa";"dia_semana";"horario";"uf";"br";"km";"municipio";"causa_acidente";"tipo_acidente";"classificacao_acidente";"fase_dia";"sentido_via";"condicao_metereologica";"tipo_pista";"tracado_via";"uso_solo";"pessoas";"mortos";"feridos_leves";"feridos_graves";"ilesos";"ignorados";"feridos";"veiculos";"latitude";"longitude";"regional";"delegacia";"uop"
478369;2022-10-03;"segunda-feira";"08:30:00";"SP";116;230;"GUARULHOS";"Reação tardia ou ineficiente do condutor";"Tombamento";"Com Vítimas Feridas";"Pleno dia";"Crescente";"Nublado";"Múltipla";"Reta";"Sim";1;0;1;0;0;0;1;1;-23,52251783;-46,5855702;"SPRF-SP";"DEL01-SP";"UOP01-DEL01-SP"
478374;2022-10-03;"segunda-feira";"08:22:00";"RJ";101;319,6;"NITEROI";"Ingestão de álcool pelo condutor";"Colisão traseira";"Com Vítimas Feridas";"Pleno dia";"Crescente";"Nublado";"Múltipla";"Reta";"Sim";2;0;1;0;1;0;1;2;-22,85411774;-43,1018014;"SPRF-RJ";"DEL02-RJ";"UOP01-DEL02-RJ"
478376;2022-10-03;"segunda-feira";"10:15:00";"SC";470;7,2;"NAVEGANTES";"Conversão proibida";"Tombamento";"Com Vítimas Feridas";"Pleno dia";"Crescente";"Nublado";"Dupla";"Curva;Em Obras";"Não";2;0;2;0;0;0;2;1;-26,84499;-48,71505;"SPRF-SC";"DEL04-SC";"UOP04-DEL04-SC"
478378;2022-07-09;"sábado";"15:50:00";"MA";135;16;"SAO LUIS";"Ausência de reação do condutor";"Saída de leito carroçável";"Com Vítimas Feridas";"Pleno dia";"Crescente";"Céu Claro";"Dupla";"Reta";"Não";21;0;8;2;0;11;10;1;-2,53073;-44,3068;"SPRF-MA";"DEL01-MA";"UOP01-DEL01-MA"
478380;2022-10-03;"segunda-feira";"10:40:00";"DF";40;2,5;"BRASILIA";"Ausência de reação do condutor";"Colisão lateral mesmo sentido";"Com Vítimas Feridas";"Pleno dia";"Crescente";"Céu Claro";"Dupla";"Reta";"Não";2;0;1;0;1;0;1;2;-15,99435;-47,985947;"SPRF-DF";"DEL01-DF";"UOP01-DEL01-DF"
478381;2022-10-03;"segunda-feira";"10:00:00";"PR";369;118;"JATAIZINHO";"Demais falhas mecânicas ou elétricas";"Saída de leito carroçável";"Com Vítimas Feridas";"Pleno dia";"Crescente";"Chuva";"Dupla";"Retorno Regulamentado";"Não";1;0;1;0;0;0;1;1;-23,27962693;-50,85104048;"SPRF-PR";"DEL07-PR";"UOP01-DEL07-PR"
478385;2022-10-03;"segunda-feira";"10:35:00";"PB";230;54;"CRUZ DO ESPIRITO SANTO";"Ausência de reação do condutor";"Saída de leito carroçável";"Com Vítimas Feridas";"Pleno dia";"Decrescente";"Sol";"Dupla";"Reta";"Não";1;0;1;0;0;0;1;1;-7,2007;-35,0854;"SPRF-PB";"DEL01-PB";"UOP03-DEL01-PB"
478387;2022-10-03;"segunda-feira";"10:15:00";"MG";116;415;"GOVERNADOR VALADARES";"Condutor deixou de manter distância do veículo da frente";"Colisão traseira";"Com Vítimas Feridas";"Pleno dia";"Decrescente";"Nublado";"Simples";"Reta";"Sim";3;0;0;1;2;0;1;2;-18,88334589;-41,9528389;"SPRF-MG";"DEL06-MG";"UOP01-DEL06-MG"
478390;2022-10-03;"segunda-feira";"08:40:00";"AL";104;36,9;"BRANQUINHA";"Ausência de reação do condutor";"Saída de leito carroçável";"Com Vítimas Feridas";"Pleno dia";"Decrescente";"Céu Claro";"Simples";"Reta";"Não";1;0;1;0;0;0;1;1;-9,16857685;-36,0221529;"SPRF-AL";"DEL01-AL";"UOP02-DEL01-AL"
478393;2022-10-03;"segunda-feira";"10:20:00";"MA";135;1,4;"SAO LUIS";"Ausência de sinalização";"Atropelamento de Pedestre";"Com Vítimas Feridas";"Pleno dia";"Decrescente";"Céu Claro";"Dupla";"Reta";"Sim";2;0;1;0;1;0;1;2;-2,58917895;-44,24423719;"SPRF-MA";"DEL01-MA";"UOP01-DEL01-MA"
478394;2022-08-06;"sábado";"08:00:00";"BA";415;49;"ITABUNA";"Condutor deixou de manter distância do veículo da frente";"Colisão traseira";"Com Vítimas Feridas";"Pleno dia";"Crescente";"Céu Claro";"Simples";"Reta";"Sim";2;0;0;1;0;1;1;2;-14,81574494;-39,29612388;"SPRF-BA";"DEL05-BA";"UOP01-DEL05-BA"
478396;2022-10-03;"segunda-feira";"11:30:00";"CE";222;309;"TIANGUA";"Acessar a via sem observar a presença dos outros veículos";"Colisão lateral mesmo sentido";"Com Vítimas Feridas";"Pleno dia";"Decrescente";"Céu Claro";"Simples";"Reta";"Sim";4;0;1;0;3;0;1;2;-3,70966854;-40,97977638;"SPRF-CE";"DEL04-CE";"UOP02-DEL04-CE"
478397;2022-10-03;"segunda-feira";"11:50:00";"PB";230;77,9;"RIACHAO DO POCO";"Velocidade Incompatível";"Saída de leito carroçável";"Com Vítimas Feridas";"Pleno dia";"Decrescente";"Céu Claro";"Dupla";"Reta";"Não";2;0;2;0;0;0;2;1;-7,1869;-35,2871;"SPRF-PB";"DEL01-PB";"UOP03-DEL01-PB"
478398;2022-10-03;"segunda-feira";"12:00:00";"GO";153;510;"APARECIDA DE GOIANIA";"Manobra de mudança de faixa";"Colisão traseira";"Com Vítimas Feridas";"Pleno dia";"Crescente";"Céu Claro";"Dupla";"Reta";"Sim";2;0;1;0;1;0;1;2;-16,7977;-49,2386;"SPRF-GO";"DEL01-GO";"UOP03-DEL01-GO"
478400;2022-10-03;"segunda-feira";"11:16:00";"SC";282;21;"PALHOCA";"Acessar a via sem observar a presença dos outros veículos";"Colisão transversal";"Com Vítimas Feridas";"Pleno dia";"Crescente";"Céu Claro";"Simples";"Interseção de Vias";"Não";2;0;0;1;1;0;1;2;-27,68907;-48,717541;"SPRF-SC";"DEL01-SC";"UOP02-DEL01-SC"
478401;2022-10-03;"segunda-feira";"07:50:00";"SC";480;128;"CHAPECO";"Conversão proibida";"Colisão transversal";"Com Vítimas Feridas";"Pleno dia";"Crescente";"Céu Claro";"Múltipla";"Interseção de Vias";"Não";2;0;1;0;1;0;1;2;-27,03781899;-52,63432603;"SPRF-SC";"DEL07-SC";"UOP01-DEL07-SC"
478403;2022-10-01;"sábado";"23:00:00";"PE";407;124,7;"PETROLINA";"Ingestão de álcool pelo condutor";"Colisão lateral mesmo sentido";"Sem Vítimas";"Plena Noite";"Crescente";"Céu Claro";"Dupla";"Reta";"Sim";2;0;0;0;2;0;0;2;-9,38042996;-40,53310459;"SPRF-PE";"DEL06-PE";"UOP01-DEL06-PE"
478405;2022-10-03;"segunda-feira";"12:45:00";"SC";101;208;"SAO JOSE";"Manobra de mudança de faixa";"Queda de ocupante de veículo";"Com Vítimas Feridas";"Pleno dia";"Crescente";"Céu Claro";"Múltipla";"Reta";"Não";2;0;1;0;1;0;1;1;-27,60327979;-48,63201818;"SPRF-SC";"DEL01-SC";"UOP01-DEL01-SC"
478406;2022-09-29;"quinta-feira";"20:30:00";"PE";101;69;"RECIFE";"Acessar a via sem observar a presença dos outros veículos";"Colisão lateral mesmo sentido";"Sem Vítimas";"Plena Noite";"Decrescente";"Céu Claro";"Simples";"Curva";"Sim";2;0;0;0;2;0;0;2;-8,05951606;-34,94581024;"SPRF-PE";"DEL01-PE";"UOP01-DEL01-PE"
478410;2022-10-03;"segunda-feira";"13:00:00";"PE";101;59,1;"RECIFE";"Entrada inopinada do pedestre";"Atropelamento de Pedestre";"Com Vítimas Feridas";"Pleno dia";"Crescente";"Céu Claro";"Dupla";"Reta";"Não";2;0;0;1;1;0;1;2;-7,9789721;-34,9282348;"SPRF-PE";"DEL01-PE";"UOP02-DEL01-PE"
478411;2022-10-03;"segunda-feira";"04:30:00";"AP";210;18;"MACAPA";"Reação tardia ou ineficiente do condutor";"Saída de leito carroçável";"Sem Vítimas";"Amanhecer";"Decrescente";"Céu Claro";"Simples";"Curva";"Não";1;0;0;0;0;1;0;1;0,18005112;-51,12302527;"SPRF-AP";"DEL01-AP";"UOP01-DEL01-AP"
478414;2022-10-03;"segunda-feira";"11:30:00";"MT";163;686;"LUCAS DO RIO VERDE";"Condutor deixou de manter distância do veículo da frente";"Colisão traseira";"Com Vítimas Feridas";"Pleno dia";"Crescente";"Céu Claro";"Dupla";"Retorno Regulamentado;Reta";"Sim";2;0;1;0;1;0;1;2;-13,080112;-55,937727;"SPRF-MT";"DEL06-MT";"UOP01-DEL06-MT"
478415;2022-10-03;"segunda-feira";"12:40:00";"RO";364;430,8;"JARU";"Desrespeitar a preferência no cruzamento";"Colisão transversal";"Com Vítimas Feridas";"Pleno dia";"Decrescente";"Céu Claro";"Simples";"Rotatória";"Não";2;0;1;0;1;0;1;2;-10,41098263;-62,51010043;"SPRF-RO";"DEL03-RO";"UOP02-DEL03-RO"
478416;2022-10-03;"segunda-feira";"13:10:00";"RJ";493;74;"JAPERI";"Condutor Dormindo";"Colisão com objeto";"Com Vítimas Feridas";"Pleno dia";"Decrescente";"Nublado";"Dupla";"Reta";"Não";1;0;1;0;0;0;1;1;-22,68327018;-43,5254965;"SPRF-RJ";"DEL01-RJ";"UOP03-DEL01-RJ"
478418;2022-10-03;"segunda-feira";"13:40:00";"MG";459;99,7;"POUSO ALEGRE";"Reação tardia ou ineficiente do condutor";"Colisão lateral mesmo sentido";"Com Vítimas Feridas";"Pleno dia";"Crescente";"Céu Claro";"Dupla";"Curva";"Sim";3;0;2;0;1;0;2;2;-22,203484;-45,951649;"SPRF-MG";"DEL16-MG";"UOP01-DEL16-MG"
478419;2022-10-03;"segunda-feira";"13:35:00";"PE";423;38,1;"CACHOEIRINHA";"Condutor deixou de manter distância do veículo da frente";"Colisão lateral mesmo sentido";"Com Vítimas Feridas";"Pleno dia";"Decrescente";"Céu Claro";"Simples";"Reta";"Não";7;0;3;0;4;0;3;2;-8,48361315;-36,22574878;"SPRF-PE";"DEL03-PE";"UOP02-DEL03-PE"
478420;2022-10-03;"segunda-feira";"14:25:00";"BA";324;518;"FEIRA DE SANTANA";"Condutor deixou de manter distância do veículo da frente";"Colisão traseira";"Com Vítimas Feridas";"Pleno dia";"Crescente";"Sol";"Simples";"Reta";"Sim";2;0;1;0;0;1;1;2;-12,258195;-38,932182;"SPRF-BA";"DEL02-BA";"UOP01-DEL02-BA"
478422;2022-10-03;"segunda-feira";"14:40:00";"PE";101;45,5;"IGARASSU";"Acessar a via sem observar a presença dos outros veículos";"Colisão transversal";"Com Vítimas Feridas";"Pleno dia";"Decrescente";"Sol";"Múltipla";"Declive";"Sim";2;0;1;0;1;0;1;2;-7,86521297;-34,90715176;"SPRF-PE";"DEL01-PE";"UOP02-DEL01-PE"
478424;2022-10-03;"segunda-feira";"14:00:00";"GO";414;302;"VILA PROPICIO";"Conversão proibida";"Colisão lateral mesmo sentido";"Sem Vítimas";"Pleno dia";"Crescente";"Nublado";"Simples";"Reta";"Não";2;0;0;0;0;2;0;2;-15,20091703;-48,70185812;"SPRF-GO";"DEL02-GO";"UOP01-DEL02-GO"
478425;2022-09-30;"sexta-feira";"19:40:00";"RS";158;131;"CONDOR";"Acessar a via sem observar a presença dos outros veículos";"Colisão traseira";"Com Vítimas Feridas";"Plena Noite";"Decrescente";"Garoa/Chuvisco";"Simples";"Reta";"Não";5;0;1;3;1;0;4;2;-28,13046835;-53,44297171;"SPRF-RS";"DEL08-RS";"UOP01-DEL08-RS"
478427;2022-10-03;"segunda-feira";"14:00:00";"RS";468;73,6;"CAMPO NOVO";"Desrespeitar a preferência no cruzamento";"Colisão transversal";"Com Vítimas Feridas";"Pleno dia";"Crescente";"Céu Claro";"Simples";"Interseção de Vias";"Não";6;0;2;2;2;0;4;3;-27,68628098;-53,84698482;"SPRF-RS";"DEL08-RS";"UOP02-DEL08-RS"
478429;2022-10-03;"segunda-feira";"11:35:00";"MG";116;277,3;"TEOFILO OTONI";"Entrada inopinada do pedestre";"Atropelamento de Pedestre";"Com Vítimas Feridas";"Pleno dia";"Crescente";"Nublado";"Simples";"Reta";"Sim";2;0;1;0;1;0;1;2;-17,859945;-41,515144;"SPRF-MG";"DEL11-MG";"UOP01-DEL11-MG"
478430;2022-10-03;"segunda-feira";"09:30:00";"MG";381;843,1;"SAO SEBASTIAO DA BELA VISTA";"Reação tardia ou ineficiente do condutor";"Tombamento";"Com Vítimas Feridas";"Pleno dia";"Decrescente";"Céu Claro";"Dupla";"Reta";"Não";2;0;2;0;0;0;2;1;-22,22245372;-45,87389143;"SPRF-MG";"DEL16-MG";"UOP01-DEL16-MG"
478431;2022-10-01;"sábado";"07:10:00";"SC";101;217,1;"PALHOCA";"Velocidade Incompatível";"Colisão traseira";"Com Vítimas Feridas";"Pleno dia";"Decrescente";"Céu Claro";"Múltipla";"Reta";"Sim";4;0;1;1;2;0;2;4;-27,66779034;-48,67393586;"SPRF-SC";"DEL01-SC";"UOP02-DEL01-SC"
478432;2022-10-03;"segunda-feira";"14:40:00";"GO";80;34;"PADRE BERNARDO";"Velocidade Incompatível";"Saída de leito carroçável";"Com Vítimas Feridas";"Plena Noite";"Crescente";"Nublado";"Simples";"Reta";"Sim";1;0;1;0;0;0;1;1;-15,26891925;-48,26301455;"SPRF-DF";"DEL03-DF";"UOP02-DEL03-DF"
478433;2022-10-03;"segunda-feira";"11:30:00";"PE";104;72;"CARUARU";"Mal súbito do condutor";"Saída de leito carroçável";"Com Vítimas Feridas";"Pleno dia";"Decrescente";"Céu Claro";"Simples";"Curva";"Não";1;0;0;1;0;0;1;1;-8,332917;-35,981609;"SPRF-PE";"DEL02-PE";"UOP01-DEL02-PE"
478436;2022-10-03;"segunda-feira";"13:40:00";"RS";392;247,9;"CACAPAVA DO SUL";"Entrada inopinada do pedestre";"Atropelamento de Pedestre";"Com Vítimas Feridas";"Pleno dia";"Crescente";"Sol";"Simples";"Curva;Aclive";"Não";2;0;0;1;1;0;1;2;-30,56321289;-53,40525986;"SPRF-RS";"DEL09-RS";"UOP02-DEL09-RS"
478437;2022-10-03;"segunda-feira";"14:45:00";"MG";40;484,8;"ESMERALDAS";"Manobra de mudança de faixa";"Colisão traseira";"Com Vítimas Feridas";"Pleno dia";"Decrescente";"Céu Claro";"Dupla";"Retorno Regulamentado;Reta;Declive";"Não";3;0;1;0;2;0;1;2;-19,5795;-44,22888;"SPRF-MG";"DEL02-MG";"UOP01-DEL02-MG"
478440;2022-08-20;"sábado";"12:30:00";"RJ";116;176;"NOVA IGUACU";"Manobra de mudança de faixa";"Colisão traseira";"Com Vítimas Feridas";"Pleno dia";"Crescente";"Garoa/Chuvisco";"Dupla";"Reta";"Sim";1;0;1;0;0;0;1;1;-22,7839538;-43,38195488;"SPRF-RJ";"DEL01-RJ";"UOP02-DEL01-RJ"
478443;2022-10-03;"segunda-feira";"15:30:00";"SE";101;141,8;"ESTANCIA";"Reação tardia ou ineficiente do condutor";"Colisão traseira";"Com Vítimas Feridas";"Pleno dia";"Crescente";"Céu Claro";"Dupla";"Curva";"Não";5;0;2;1;1;1;3;3;-11,1880435;-37,4042769;"SPRF-SE";"DEL02-SE";"UOP01-DEL02-SE"
478444;2022-10-03;"segunda-feira";"15:36:00";"RN";405;158,3;"RAFAEL FERNANDES";"Reação tardia ou ineficiente do condutor";"Saída de leito carroçável";"Com Vítimas Feridas";"Pleno dia";"Decrescente";"Céu Claro";"Simples";"Reta";"Não";1;0;1;0;0;0;1;1;-6,17538396;-38,21372906;"SPRF-RN";"DEL04-RN";"UOP02-DEL04-RN"
478445;2022-08-19;"sexta-feira";"17:00:00";"ES";101;124,9;"SOORETAMA";"Acesso irregular";"Colisão transversal";"Com Vítimas Feridas";"Anoitecer";"Crescente";"Nublado";"Simples";"Reta";"Não";2;0;1;0;0;1;1;2;-19,17652792;-40,09118118;"SPRF-ES";"DEL04-ES";"UOP01-DEL04-ES"
478446;2022-10-03;"segunda-feira";"15:40:00";"PB";101;75;"SANTA RITA";"Avarias e/ou desgaste excessivo no pneu";"Saída de leito carroçável";"Sem Vítimas";"Pleno dia";"Crescente";"Céu Claro";"Dupla";"Curva";"Não";1;0;0;0;1;0;0;1;-7,0834229551;-34,9720239949;"SPRF-PB";"DEL01-PB";"UOP04-DEL01-PB"
478448;2022-10-03;"segunda-feira";"15:10:00";"SC";101;331;"TUBARAO";"Reação tardia ou ineficiente do condutor";"Colisão traseira";"Com Vítimas Feridas";"Pleno dia";"Decrescente";"Céu Claro";"Dupla";"Reta";"Sim";3;0;0;1;1;1;1;3;-28,45567521;-48,9812689;"SPRF-SC";"DEL02-SC";"UOP01-DEL02-SC"
478449;2022-05-08;"domingo";"03:00:00";"MG";116;759,3;"LEOPOLDINA";"Acessar a via sem observar a presença dos outros veículos";"Atropelamento de Animal";"Com Vítimas Feridas";"Plena Noite";"Crescente";"Nublado";"Simples";"Reta";"Sim";2;0;0;1;1;0;1;2;-21,50589297;-42,60923908;"SPRF-MG";"DEL07-MG";"UOP01-DEL07-MG"
478451;2022-10-03;"segunda-feira";"14:25:00";"PE";407;126;"PETROLINA";"Desrespeitar a preferência no cruzamento";"Colisão transversal";"Com Vítimas Feridas";"Pleno dia";"Crescente";"Céu Claro";"Dupla";"Curva";"Sim";2;0;1;0;1;0;1;2;-9,38491309;-40,52809509;"SPRF-PE";"DEL06-PE";"UOP01-DEL06-PE"
478452;2022-10-03;"segunda-feira";"16:15:00";"ES";101;159,2;"LINHARES";"Desrespeitar a preferência no cruzamento";"Colisão transversal";"Com Vítimas Feridas";"Pleno dia";"Crescente";"Nublado";"Dupla";"Interseção de Vias;Retorno Regulamentado";"Sim";2;0;1;0;0;1;1;2;-19,4684012;-40,1102557;"SPRF-ES";"DEL04-ES";"UOP01-DEL04-ES"
478455;2022-10-03;"segunda-feira";"15:30:00";"BA";410;22;"TUCANO";"Pista esburacada";"Saída de leito carroçável";"Com Vítimas Feridas";"Pleno dia";"Decrescente";"Sol";"Simples";"Reta";"Não";2;0;2;0;0;0;2;1;-10,92264593;-38,69736105;"SPRF-BA";"DEL07-BA";"UOP02-DEL07-BA"
478456;2022-08-18;"quinta-feira";"18:00:00";"MG";116;276;"TEOFILO OTONI";"Reação tardia ou ineficiente do condutor";"Colisão traseira";"Com Vítimas Feridas";"Anoitecer";"Decrescente";"Ignorado";"Múltipla";"Reta";"Sim";2;0;1;0;1;0;1;2;-17,85105696;-41,51454492;"SPRF-MG";"DEL11-MG";"UOP01-DEL11-MG"
478457;2022-10-03;"segunda-feira";"17:30:00";"BA";116;19;"VITORIA DA CONQUISTA";"Acessar a via sem observar a presença dos outros veículos";"Colisão transversal";"Com Vítimas Feridas";"Anoitecer";"Crescente";"Céu Claro";"Simples";"Reta";"Não";3;0;1;0;0;2;1;3;-14,851;-40,8485;"SPRF-BA";"DEL08-BA";"UOP01-DEL08-BA"
478458;2022-10-03;"segunda-feira";"16:30:00";"AL";316;203;"MARIBONDO";"Acessar a via sem observar a presença dos outros veículos";"Atropelamento de Animal";"Com Vítimas Feridas";"Pleno dia";"Decrescente";"Céu Claro";"Simples";"Reta";"Sim";4;0;1;0;3;0;1;2;-9,57623028;-36,30215685;"SPRF-AL";"DEL03-AL";"UOP01-DEL03-AL"
478460;2022-10-03;"segunda-feira";"17:00:00";"RS";386;245,1;"SOLEDADE";"Acessar a via sem observar a presença dos outros veículos";"Atropelamento de Pedestre";"Com Vítimas Feridas";"Anoitecer";"Decrescente";"Céu Claro";"Simples";"Reta";"Não";2;0;1;0;1;0;1;2;-28,802004;-52,509708;"SPRF-RS";"DEL04-RS";"UOP03-DEL04-RS"
478461;2022-10-03;"segunda-feira";"12:10:00";"MG";40;133,1;"JOAO PINHEIRO";"Reação tardia ou ineficiente do condutor";"Saída de leito carroçável";"Com Vítimas Fatais";"Pleno dia";"Crescente";"Céu Claro";"Simples";"Reta";"Não";3;2;0;1;0;0;1;1;-17,71287522;-46,25812209;"SPRF-MG";"DEL14-MG";"UOP01-DEL14-MG"
478466;2022-10-03;"segunda-feira";"17:40:00";"RS";470;216,7;"BENTO GONCALVES";"Trafegar com motocicleta (ou similar) entre as faixas";"Colisão lateral mesmo sentido";"Com Vítimas Feridas";"Pleno dia";"Decrescente";"Céu Claro";"Dupla";"Curva";"Sim";2;0;1;0;1;0;1;2;-29,17370957;-51,52434468;"SPRF-RS";"DEL06-RS";"UOP01-DEL06-RS"
478468;2022-10-03;"segunda-feira";"18:40:00";"SC";101;107,1;"PENHA";"Ausência de reação do condutor";"Tombamento";"Com Vítimas Feridas";"Plena Noite";"Decrescente";"Nublado";"Dupla";"Reta";"Não";1;0;1;0;0;0;1;1;-26,82161014;-48,68528008;"SPRF-SC";"DEL03-SC";"UOP02-DEL03-SC"
478470;2022-10-03;"segunda-feira";"19:18:00";"DF";70;10;"BRASILIA";"Acumulo de areia ou detritos sobre o pavimento";"Queda de ocupante de veículo";"Com Vítimas Feridas";"Plena Noite";"Decrescente";"Céu Claro";"Dupla";"Reta";"Sim";1;0;1;0;0;0;1;1;-15,787066;-48,140709;"SPRF-DF";"DEL03-DF";"UOP02-DEL03-DF"
478471;2022-10-03;"segunda-feira";"00:00:00";"PR";153;352,6;"REBOUCAS";"Ausência de reação do condutor";"Saída de leito carroçável";"Com Vítimas Fatais";"Plena Noite";"Crescente";"Ignorado";"Simples";"Ponte";"Não";2;2;0;0;0;0;0;1;-25,6240101;-50,70976188;"SPRF-PR";"DEL08-PR";"UOP02-DEL08-PR"
478472;2022-10-03;"segunda-feira";"10:10:00";"PE";232;410,4;"SERRA TALHADA";"Acessar a via sem observar a presença dos outros veículos";"Colisão lateral mesmo sentido";"Com Vítimas Feridas";"Pleno dia";"Crescente";"Céu Claro";"Simples";"Reta";"Sim";2;0;1;0;1;0;1;2;-7,98261841;-38,30039606;"SPRF-PE";"DEL04-PE";"UOP01-DEL04-PE"
478475;2022-10-03;"segunda-feira";"19:20:00";"SC";101;208,3;"SAO JOSE";"Acessar a via sem observar a presença dos outros veículos";"Colisão lateral mesmo sentido";"Com Vítimas Feridas";"Plena Noite";"Decrescente";"Céu Claro";"Dupla";"Reta";"Sim";2;0;1;0;1;0;1;2;-27,60327979;-48,63201818;"SPRF-SC";"DEL01-SC";"UOP01-DEL01-SC"
478476;2022-10-03;"segunda-feira";"18:40:00";"MG";365;154,1;"PIRAPORA";"Velocidade Incompatível";"Saída de leito carroçável";"Com Vítimas Feridas";"Plena Noite";"Decrescente";"Ignorado";"Simples";"Reta";"Não";1;0;0;1;0;0;1;1;-17,31522897;-44,89556828;"SPRF-MG";"DEL12-MG";"UOP01-DEL12-MG"
478477;2022-10-03;"segunda-feira";"18:50:00";"PE";101;67;"RECIFE";"Velocidade Incompatível";"Tombamento";"Com Vítimas Feridas";"Plena Noite";"Decrescente";"Céu Claro";"Dupla";"Reta";"Sim";1;0;0;1;0;0;1;1;-8,042334;-34,943096;"SPRF-PE";"DEL01-PE";"UOP01-DEL01-PE"
478478;2022-09-01;"quinta-feira";"08:30:00";"SC";101;134;"BALNEARIO CAMBORIU";"Acessar a via sem observar a presença dos outros veículos";"Tombamento";"Com Vítimas Feridas";"Pleno dia";"Decrescente";"Céu Claro";"Dupla";"Reta";"Sim";2;0;1;0;1;0;1;2;-27,00235811;-48,63488674;"SPRF-SC";"DEL04-SC";"UOP03-DEL04-SC"
478479;2022-10-03;"segunda-feira";"18:40:00";"PR";116;128;"FAZENDA RIO GRANDE";"Reação tardia ou ineficiente do condutor";"Colisão traseira";"Com Vítimas Feridas";"Plena Noite";"Crescente";"Nublado";"Dupla";"Reta";"Sim";2;0;1;0;1;0;1;2;-25,62150831;-49,31621728;"SPRF-PR";"DEL01-PR";"UOP03-DEL01-PR"
478480;2022-10-03;"segunda-feira";"19:30:00";"RJ";101;334;"RIO DE JANEIRO";"Pedestre andava na pista";"Atropelamento de Pedestre";"Com Vítimas Feridas";"Plena Noite";"Crescente";"Nublado";"Simples";"Reta";"Sim";2;0;0;1;1;0;1;2;-22,88517902;-43,21704364;"SPRF-RJ";"DEL02-RJ";"UOP01-DEL02-RJ"
478481;2022-10-03;"segunda-feira";"19:20:00";"RJ";116;211;"SEROPEDICA";"Animais na Pista";"Atropelamento de Animal";"Com Vítimas Feridas";"Plena Noite";"Decrescente";"Garoa/Chuvisco";"Dupla";"Curva";"Não";3;0;1;0;2;0;1;2;-22,71844298;-43,700897;"SPRF-RJ";"DEL01-RJ";"UOP03-DEL01-RJ"
478483;2022-10-03;"segunda-feira";"19:30:00";"MG";40;42,3;"PARACATU";"Desrespeitar a preferência no cruzamento";"Colisão transversal";"Com Vítimas Feridas";"Plena Noite";"Decrescente";"Nublado";"Simples";"Reta;Declive";"Sim";2;0;1;0;1;0;1;2;-17,2188441;-46,8666753;"SPRF-MG";"DEL14-MG";"UOP01-DEL14-MG"
478484;2022-10-03;"segunda-feira";"19:00:00";"MG";381;351;"JOAO MONLEVADE";"Chuva";"Queda de ocupante de veículo";"Com Vítimas Feridas";"Plena Noite";"Decrescente";"Chuva";"Simples";"Interseção de Vias";"Não";1;0;1;0;0;0;1;1;-19,84644336;-43,16611234;"SPRF-MG";"DEL03-MG";"UOP01-DEL03-MG"
478486;2022-09-26;"segunda-feira";"16:15:00";"MA";10;228;"GOVERNADOR EDISON LOBAO";"Acessar a via sem observar a presença dos outros veículos";"Atropelamento de Pedestre";"Com Vítimas Fatais";"Pleno dia";"Decrescente";"Céu Claro";"Simples";"Reta";"Não";7;1;0;0;5;1;0;2;-5,718728;-47,359982;"SPRF-MA";"DEL04-MA";"UOP01-DEL04-MA"
478487;2022-09-09;"sexta-feira";"11:00:00";"PR";116;76,5;"CAMPINA GRANDE DO SUL";"Velocidade Incompatível";"Colisão com objeto";"Com Vítimas Feridas";"Pleno dia";"Crescente";"Céu Claro";"Múltipla";"Reta";"Não";1;0;0;1;0;0;1;1;-25,38360492;-49,05301123;"SPRF-PR";"DEL01-PR";"UOP02-DEL01-PR"
478488;2022-10-03;"segunda-feira";"19:30:00";"RJ";101;387,5;"ITAGUAI";"Reação tardia ou ineficiente do condutor";"Engavetamento";"Com Vítimas Fatais";"Plena Noite";"Crescente";"Chuva";"Dupla";"Reta";"Não";5;1;3;0;1;0;3;3;-22,88537839;-43,64965688;"SPRF-RJ";"DEL03-RJ";"UOP01-DEL03-RJ"
478490;2022-10-03;"segunda-feira";"19:33:00";"MG";116;587,7;"MANHUACU";"Animais na Pista";"Atropelamento de Animal";"Com Vítimas Feridas";"Plena Noite";"Decrescente";"Nublado";"Simples";"Curva";"Não";1;0;1;0;0;0;1;1;-20,24173903;-42,15868042;"SPRF-MG";"DEL06-MG";"UOP03-DEL06-MG"
478491;2022-10-03;"segunda-feira";"19:40:00";"ES";262;115;"CONCEICAO DO CASTELO";"Neblina";"Saída de leito carroçável";"Com Vítimas Fatais";"Plena Noite";"Decrescente";"Nevoeiro/Neblina";"Simples";"Reta";"Não";2;1;0;1;0;0;1;1;-20,32053818;-41,21864322;"SPRF-ES";"DEL01-ES";"UOP02-DEL01-ES"
478495;2022-10-03;"segunda-feira";"20:52:00";"RJ";101;303;"SAO GONCALO";"Pedestre cruzava a pista fora da faixa";"Atropelamento de Pedestre";"Com Vítimas Feridas";"Plena Noite";"Decrescente";"Nublado";"Dupla";"Reta";"Sim";2;0;0;1;1;0;1;2;-22,7828205;-42,9766681;"SPRF-RJ";"DEL02-RJ";"UOP02-DEL02-RJ"