"id";"data_inversa";"dia_semana";"horario";"uf";"br";"km";"municipio";"causa_acidente";"tipo_acidente";"classificacao_acidente";"fase_dia";"sentido_via";"condicao_metereologica";"tipo_pista";"tracado_via";"uso_solo";"pessoas";"mortos";"feridos_leves";"feridos_graves";"ilesos";"ignorados";"feridos";"veiculos";"latitude";"longitude";"regional";"delegacia";"uop"
478627;2022-10-04;"terça-feira";"17:45:00";"GO";60;46;"ABADIANIA";"Ausência de reação do condutor";"Colisão com objeto";"Sem Vítimas";"Anoitecer";"Decrescente";"Céu Claro";"Dupla";"Reta";"Sim";2;0;0;0;2;0;0;1;-16,1417;-48,5988;"SPRF-GO";"DEL02-GO";"UOP01-DEL02-GO"
478628;2022-10-04;"terça-feira";"17:29:00";"RS";290;138;"ELDORADO DO SUL";"Reação tardia ou ineficiente do condutor";"Colisão traseira";"Com Vítimas Feridas";"Pleno dia";"Decrescente";"Céu Claro";"Simples";"Reta";"Não";2;0;1;0;1;0;1;2;-30,075125;-51,590378;"SPRF-RS";"DEL02-RS";"UOP01-DEL02-RS"
478630;2022-10-04;"terça-feira";"09:40:00";"RJ";101;515;"ANGRA DOS REIS";"Pista Escorregadia";"Queda de ocupante de veículo";"Com Vítimas Feridas";"Pleno dia";"Decrescente";"Garoa/Chuvisco";"Simples";"Curva";"Não";1;0;1;0;0;0;1;1;-22,986002;-44,439442;"SPRF-RJ";"DEL03-RJ";"UOP03-DEL03-RJ"
478631;2022-10-04;"terça-feira";"17:50:00";"RS";471;173,2;"RIO PARDO";"Desrespeitar a preferência no cruzamento";"Colisão transversal";"Sem Vítimas";"Pleno dia";"Crescente";"Céu Claro";"Simples";"Interseção de Vias";"Sim";4;0;0;0;4;0;0;2;-29,97374719;-52,37113953;"SPRF-RS";"DEL02-RS";"UOP03-DEL02-RS"
478635;2022-10-04;"terça-feira";"17:10:00";"PR";369;90;"CORNELIO PROCOPIO";"Desrespeitar a preferência no cruzamento";"Colisão transversal";"Com Vítimas Feridas";"Pleno dia";"Crescente";"Céu Claro";"Simples";"Interseção de Vias;Declive";"Sim";2;0;0;1;1;0;1;2;-23,194142;-50,651517;"SPRF-PR";"DEL07-PR";"UOP01-DEL07-PR"
478636;2022-10-04;"terça-feira";"17:40:00";"RN";406;168,8;"SAO GONCALO DO AMARANTE";"Área urbana sem a presença de local apropriado para a travessia de pedestres";"Atropelamento de Pedestre";"Com Vítimas Feridas";"Anoitecer";"Crescente";"Céu Claro";"Dupla";"Reta";"Sim";2;0;1;1;0;0;2;2;-5,75269453;-35,31535484;"SPRF-RN";"DEL02-RN";"UOP01-DEL02-RN"
478639;2022-10-04;"terça-feira";"16:05:00";"RO";364;691;"CANDEIAS DO JAMARI";"Acessar a via sem observar a presença dos outros veículos";"Colisão transversal";"Com Vítimas Feridas";"Pleno dia";"Decrescente";"Céu Claro";"Simples";"Interseção de Vias;Reta";"Não";2;0;1;1;0;0;2;2;-8,7961943;-63,68738597;"SPRF-RO";"DEL01-RO";"UOP01-DEL01-RO"
478640;2022-10-04;"terça-feira";"18:15:00";"BA";116;417,2;"FEIRA DE SANTANA";"Pedestre cruzava a pista fora da faixa";"Atropelamento de Pedestre";"Com Vítimas Feridas";"Plena Noite";"Decrescente";"Céu Claro";"Dupla";"Reta";"Sim";2;0;1;1;0;0;2;2;-12,185936;-38,965172;"SPRF-BA";"DEL02-BA";"UOP01-DEL02-BA"
478642;2022-10-04;"terça-feira";"18:15:00";"RS";386;340;"LAJEADO";"Pista Escorregadia";"Tombamento";"Com Vítimas Feridas";"Anoitecer";"Decrescente";"Céu Claro";"Simples";"Reta;Em Obras";"Não";1;0;1;0;0;0;1;1;-29,417793;-52,024105;"SPRF-RS";"DEL04-RS";"UOP01-DEL04-RS"
478643;2022-10-04;"terça-feira";"17:20:00";"MT";70;505;"CUIABA";"Ausência de reação do condutor";"Colisão traseira";"Com Vítimas Fatais";"Anoitecer";"Decrescente";"Céu Claro";"Simples";"Reta";"Não";5;1;1;0;2;1;1;4;-15,70492062;-56,05333507;"SPRF-MT";"DEL01-MT";"UOP02-DEL01-MT"
478644;2022-10-04;"terça-feira";"18:40:00";"ES";262;175;"IUNA";"Desrespeitar a preferência no cruzamento";"Colisão transversal";"Com Vítimas Feridas";"Plena Noite";"Crescente";"Nublado";"Simples";"Interseção de Vias";"Não";4;0;1;0;3;0;1;3;-20,26405912;-41,58091307;"SPRF-ES";"DEL01-ES";"UOP02-DEL01-ES"
478645;2022-10-04;"terça-feira";"17:47:00";"SC";101;212;"PALHOCA";"Trafegar com motocicleta (ou similar) entre as faixas";"Atropelamento de Pedestre";"Com Vítimas Feridas";"Plena Noite";"Crescente";"Nublado";"Dupla";"Reta";"Sim";2;0;1;0;0;1;1;2;-27,62996929;-48,65903871;"SPRF-SC";"DEL01-SC";"UOP02-DEL01-SC"
478646;2022-10-04;"terça-feira";"18:40:00";"MA";0;0;"TIMON";"Ingestão de álcool pelo condutor";"Colisão transversal";"Sem Vítimas";"Plena Noite";"Não Informado";"Céu Claro";"Simples";"Reta";"Não";2;0;0;0;2;0;0;2;-5,069847;-42,876633;"SPRF-MA";"DEL03-MA";"UOP02-DEL03-MA"
478647;2022-10-04;"terça-feira";"19:00:00";"TO";153;138,2;"ARAGUAINA";"Demais falhas mecânicas ou elétricas";"Queda de ocupante de veículo";"Com Vítimas Feridas";"Plena Noite";"Crescente";"Céu Claro";"Dupla";"Reta;Declive";"Sim";2;0;2;0;0;0;2;1;-7,15509994;-48,20416232;"SPRF-TO";"DEL02-TO";"UOP01-DEL02-TO"
478650;2022-10-04;"terça-feira";"19:30:00";"RJ";116;167;"RIO DE JANEIRO";"Manobra de mudança de faixa";"Colisão lateral mesmo sentido";"Com Vítimas Feridas";"Plena Noite";"Crescente";"Garoa/Chuvisco";"Múltipla";"Interseção de Vias";"Sim";5;0;1;0;2;2;1;3;-22,81803977;-43,30787252;"SPRF-RJ";"DEL01-RJ";"UOP02-DEL01-RJ"
478651;2022-10-04;"terça-feira";"19:05:00";"RN";101;98,6;"NATAL";"Reação tardia ou ineficiente do condutor";"Colisão lateral mesmo sentido";"Com Vítimas Feridas";"Plena Noite";"Crescente";"Céu Claro";"Múltipla";"Reta";"Sim";2;0;1;0;1;0;1;2;-5,86889761;-35,21844506;"SPRF-RN";"DEL01-RN";"UOP01-DEL01-RN"
478652;2022-10-04;"terça-feira";"19:15:00";"RN";101;105;"PARNAMIRIM";"Manobra de mudança de faixa";"Colisão lateral mesmo sentido";"Com Vítimas Feridas";"Plena Noite";"Decrescente";"Céu Claro";"Dupla";"Reta;Declive";"Sim";2;0;1;0;1;0;1;2;-5,90316294;-35,25961038;"SPRF-RN";"DEL01-RN";"UOP01-DEL01-RN"
478653;2022-10-04;"terça-feira";"20:00:00";"RJ";101;323;"NITEROI";"Ausência de reação do condutor";"Engavetamento";"Sem Vítimas";"Plena Noite";"Decrescente";"Nublado";"Dupla";"Reta";"Não";4;0;0;0;4;0;0;3;-22,87684786;-43,11728689;"SPRF-RJ";"DEL02-RJ";"UOP01-DEL02-RJ"
478655;2022-10-04;"terça-feira";"19:00:00";"PI";316;314,3;"PICOS";"Transitar na contramão";"Colisão frontal";"Com Vítimas Feridas";"Plena Noite";"Crescente";"Céu Claro";"Simples";"Reta";"Sim";3;0;0;2;0;1;2;2;-7,0776992;-41,44117384;"SPRF-PI";"DEL04-PI";"UOP01-DEL04-PI"
478656;2022-10-04;"terça-feira";"19:45:00";"SC";163;71,8;"SAO MIGUEL DO OESTE";"Estacionar ou parar em local proibido";"Colisão com objeto";"Com Vítimas Feridas";"Plena Noite";"Crescente";"Céu Claro";"Dupla";"Reta";"Sim";2;0;1;0;1;0;1;2;-26,72772401;-53,51281303;"SPRF-SC";"DEL07-SC";"UOP03-DEL07-SC"
478657;2022-10-04;"terça-feira";"19:50:00";"PR";277;110;"CAMPO LARGO";"Acessar a via sem observar a presença dos outros veículos";"Colisão frontal";"Com Vítimas Feridas";"Plena Noite";"Decrescente";"Ignorado";"Simples";"Reta";"Sim";2;0;1;0;1;0;1;2;-25,44625996;-49,36369775;"SPRF-PR";"DEL03-PR";"UOP03-DEL03-PR"
478658;2022-10-04;"terça-feira";"20:20:00";"RR";174;490;"BOA VISTA";"Ingestão de álcool pelo condutor";"Colisão traseira";"Com Vítimas Feridas";"Plena Noite";"Crescente";"Ignorado";"Simples";"Reta";"Não";2;0;1;0;1;0;1;2;2,735759;-60,77396;"SPRF-RR";"DEL01-RR";"UOP01-DEL01-RR"
478659;2022-10-04;"terça-feira";"18:57:00";"PR";277;589,3;"CASCAVEL";"Acessar a via sem observar a presença dos outros veículos";"Colisão transversal";"Com Vítimas Fatais";"Plena Noite";"Decrescente";"Céu Claro";"Simples";"Reta;Declive";"Sim";3;1;0;0;1;1;0;3;-24,97908519;-53,45024586;"SPRF-PR";"DEL04-PR";"UOP01-DEL04-PR"
478663;2022-10-04;"terça-feira";"21:00:00";"PR";476;120;"COLOMBO";"Reação tardia ou ineficiente do condutor";"Atropelamento de Pedestre";"Com Vítimas Feridas";"Plena Noite";"Decrescente";"Nublado";"Múltipla";"Reta";"Sim";3;0;1;0;2;0;1;2;-25,37191;-49,19146;"SPRF-PR";"DEL01-PR";"UOP01-DEL01-PR"
478664;2022-10-04;"terça-feira";"19:30:00";"SC";101;203;"SAO JOSE";"Manobra de mudança de faixa";"Colisão lateral mesmo sentido";"Com Vítimas Feridas";"Plena Noite";"Decrescente";"Céu Claro";"Múltipla";"Reta";"Sim";2;0;0;1;0;1;1;2;-27,5650044;-48,61460082;"SPRF-SC";"DEL01-SC";"UOP01-DEL01-SC"
478665;2022-10-04;"terça-feira";"22:00:00";"SC";470;2;"NAVEGANTES";"Entrada inopinada do pedestre";"Atropelamento de Pedestre";"Com Vítimas Feridas";"Plena Noite";"Crescente";"Céu Claro";"Dupla";"Reta";"Sim";2;0;1;0;1;0;1;2;-26,868551;-48,674831;"SPRF-SC";"DEL04-SC";"UOP04-DEL04-SC"
478666;2022-10-04;"terça-feira";"18:40:00";"PR";476;174,8;"CONTENDA";"Ingestão de álcool pelo condutor";"Colisão frontal";"Com Vítimas Feridas";"Plena Noite";"Decrescente";"Céu Claro";"Simples";"Reta";"Não";3;0;2;1;0;0;3;2;-25,685408;-49,535042;"SPRF-PR";"DEL01-PR";"UOP03-DEL01-PR"
478667;2022-10-04;"terça-feira";"16:30:00";"RO";429;46;"PRESIDENTE MEDICI";"Animais na Pista";"Saída de leito carroçável";"Com Vítimas Feridas";"Pleno dia";"Crescente";"Céu Claro";"Simples";"Aclive";"Não";2;0;2;0;0;0;2;1;-11,19974431;-61,94566595;"SPRF-RO";"DEL02-RO";"UOP03-DEL02-RO"
478670;2022-10-04;"terça-feira";"19:00:00";"RJ";356;85;"CARDOSO MOREIRA";"Chuva";"Saída de leito carroçável";"Sem Vítimas";"Plena Noite";"Decrescente";"Chuva";"Simples";"Curva";"Não";4;0;0;0;4;0;0;1;-21,48337624;-41,64795307;"SPRF-RJ";"DEL08-RJ";"UOP03-DEL08-RJ"
478673;2022-10-04;"terça-feira";"22:00:00";"AL";104;47;"BRANQUINHA";"Problema com o freio";"Queda de ocupante de veículo";"Com Vítimas Feridas";"Plena Noite";"Crescente";"Céu Claro";"Simples";"Declive";"Não";2;0;2;0;0;0;2;1;-9,2457014;-36,00588206;"SPRF-AL";"DEL01-AL";"UOP02-DEL01-AL"
478674;2022-10-04;"terça-feira";"18:05:00";"RS";116;171;"CAXIAS DO SUL";"Acessar a via sem observar a presença dos outros veículos";"Colisão transversal";"Com Vítimas Feridas";"Anoitecer";"Decrescente";"Céu Claro";"Simples";"Reta";"Sim";3;0;2;0;1;0;2;2;-29,30863186;-51,16752332;"SPRF-RS";"DEL05-RS";"UOP02-DEL05-RS"
478675;2022-10-04;"terça-feira";"23:30:00";"RN";101;97;"NATAL";"Reação tardia ou ineficiente do condutor";"Tombamento";"Com Vítimas Feridas";"Plena Noite";"Crescente";"Céu Claro";"Simples";"Reta";"Sim";1;0;1;0;0;0;1;1;-5,85758898;-35,21271205;"SPRF-RN";"DEL01-RN";"UOP01-DEL01-RN"
478676;2022-10-04;"terça-feira";"20:00:00";"RO";319;60;"PORTO VELHO";"Pedestre andava na pista";"Atropelamento de Pedestre";"Com Vítimas Feridas";"Plena Noite";"Crescente";"Céu Claro";"Dupla";"Reta";"Sim";2;0;1;0;1;0;1;2;-8,74175922;-63,89927572;"SPRF-RO";"DEL01-RO";"UOP01-DEL01-RO"
478677;2022-10-04;"terça-feira";"21:20:00";"RS";116;156;"CAXIAS DO SUL";"Reação tardia ou ineficiente do condutor";"Saída de leito carroçável";"Com Vítimas Feridas";"Plena Noite";"Decrescente";"Céu Claro";"Dupla";"Curva";"Não";1;0;1;0;0;0;1;1;-29,20731013;-51,17757864;"SPRF-RS";"DEL05-RS";"UOP01-DEL05-RS"
478680;2022-10-05;"quarta-feira";"00:00:00";"PA";230;122;"MARABA";"Reação tardia ou ineficiente do condutor";"Colisão traseira";"Com Vítimas Feridas";"Plena Noite";"Crescente";"Céu Claro";"Dupla";"Reta";"Sim";2;0;0;1;0;1;1;2;-5,36137537;-49,12376139;"SPRF-PA";"DEL03-PA";"UOP01-DEL03-PA"
478681;2022-10-05;"quarta-feira";"02:45:00";"MG";262;785;"UBERABA";"Condutor Dormindo";"Saída de leito carroçável";"Com Vítimas Feridas";"Plena Noite";"Decrescente";"Céu Claro";"Simples";"Reta";"Não";1;0;0;1;0;0;1;1;-19,74446;-47,760414;"SPRF-MG";"DEL13-MG";"UOP01-DEL13-MG"
478684;2022-10-05;"quarta-feira";"02:11:00";"GO";60;16,2;"ALEXANIA";"Reação tardia ou ineficiente do condutor";"Capotamento";"Com Vítimas Feridas";"Plena Noite";"Decrescente";"Nublado";"Dupla";"Reta";"Não";2;0;1;0;1;0;1;1;-16,094168;-48,517212;"SPRF-DF";"DEL03-DF";"UOP01-DEL03-DF"
478690;2022-10-05;"quarta-feira";"04:45:00";"RS";290;198,5;"RIO PARDO";"Condutor Dormindo";"Saída de leito carroçável";"Sem Vítimas";"Plena Noite";"Crescente";"Céu Claro";"Simples";"Declive;Reta";"Não";3;0;0;0;3;0;0;1;-30,16926;-52,196026;"SPRF-RS";"DEL02-RS";"UOP03-DEL02-RS"
478691;2022-10-05;"quarta-feira";"05:10:00";"RN";304;224;"CAICARA DO RIO DO VENTO";"Ultrapassagem Indevida";"Colisão frontal";"Com Vítimas Fatais";"Pleno dia";"Crescente";"Céu Claro";"Simples";"Declive";"Não";2;1;0;0;1;0;0;2;-5,75298665;-35,9575361;"SPRF-RN";"DEL01-RN";"UOP03-DEL01-RN"
478694;2022-10-05;"quarta-feira";"06:30:00";"DF";20;21;"BRASILIA";"Manobra de mudança de faixa";"Colisão lateral mesmo sentido";"Com Vítimas Feridas";"Pleno dia";"Crescente";"Céu Claro";"Dupla";"Declive;Reta";"Sim";3;0;2;0;1;0;2;3;-15,603384;-47,684692;"SPRF-DF";"DEL02-DF";"UOP01-DEL02-DF"
478695;2022-10-05;"quarta-feira";"07:00:00";"RS";153;47;"ERECHIM";"Condutor deixou de manter distância do veículo da frente";"Colisão traseira";"Com Vítimas Feridas";"Pleno dia";"Crescente";"Céu Claro";"Simples";"Rotatória";"Não";2;0;1;0;1;0;1;2;-27,64530366;-52,24998023;"SPRF-RS";"DEL08-RS";"UOP04-DEL08-RS"
478696;2022-10-05;"quarta-feira";"06:40:00";"PR";116;115,2;"CURITIBA";"Manobra de mudança de faixa";"Colisão traseira";"Com Vítimas Feridas";"Pleno dia";"Decrescente";"Nublado";"Dupla";"Reta";"Sim";3;0;1;0;2;0;1;3;-25,55953326;-49,26560414;"SPRF-PR";"DEL01-PR";"UOP06-DEL01-PR"
478698;2022-10-05;"quarta-feira";"07:20:00";"GO";70;0;"AGUAS LINDAS DE GOIAS";"Pista Escorregadia";"Queda de ocupante de veículo";"Com Vítimas Feridas";"Pleno dia";"Decrescente";"Chuva";"Múltipla";"Declive";"Sim";1;0;1;0;0;0;1;1;-15,783543;-48,2326;"SPRF-DF";"DEL03-DF";"UOP02-DEL03-DF"
478699;2022-09-09;"sexta-feira";"08:00:00";"SC";101;198;"SAO JOSE";"Condutor deixou de manter distância do veículo da frente";"Colisão traseira";"Com Vítimas Feridas";"Pleno dia";"Crescente";"Céu Claro";"Dupla";"Reta";"Sim";3;0;1;0;1;1;1;3;-27,52658712;-48,63506019;"SPRF-SC";"DEL01-SC";"UOP01-DEL01-SC"
478701;2022-10-05;"quarta-feira";"06:20:00";"PE";408;96;"SAO LOURENCO DA MATA";"Animais na Pista";"Saída de leito carroçável";"Com Vítimas Feridas";"Pleno dia";"Crescente";"Sol";"Dupla";"Reta";"Sim";1;0;1;0;0;0;1;1;-8,00448211;-35,04643006;"SPRF-PE";"DEL01-PE";"UOP01-DEL01-PE"
478702;2022-10-05;"quarta-feira";"07:25:00";"PB";101;87;"JOAO PESSOA";"Afundamento ou ondulação no pavimento";"Tombamento";"Com Vítimas Feridas";"Amanhecer";"Decrescente";"Nublado";"Dupla";"Reta";"Sim";1;0;1;0;0;0;1;1;-7,16222016;-34,90303338;"SPRF-PB";"DEL01-PB";"UOP01-DEL01-PB"
478703;2022-10-05;"quarta-feira";"07:30:00";"RS";290;87;"PORTO ALEGRE";"Condutor deixou de manter distância do veículo da frente";"Colisão lateral mesmo sentido";"Com Vítimas Feridas";"Pleno dia";"Crescente";"Céu Claro";"Múltipla";"Reta";"Não";4;0;2;0;2;0;2;3;-29,967838;-51,127197;"SPRF-RS";"DEL01-RS";"UOP01-DEL01-RS"
478705;2022-10-05;"quarta-feira";"07:25:00";"PR";277;5;"FOZ DO IGUACU";"Condutor deixou de manter distância do veículo da frente";"Colisão traseira";"Com Vítimas Feridas";"Amanhecer";"Crescente";"Céu Claro";"Dupla";"Reta";"Sim";2;0;1;0;1;0;1;2;-25,50749887;-54,58379896;"SPRF-PR";"DEL05-PR";"UOP03-DEL05-PR"
478706;2022-10-05;"quarta-feira";"07:00:00";"RO";364;517;"ARIQUEMES";"Reação tardia ou ineficiente do condutor";"Colisão com objeto";"Com Vítimas Feridas";"Pleno dia";"Decrescente";"Céu Claro";"Dupla";"Reta";"Sim";1;0;1;0;0;0;1;1;-9,90688101;-63,05581217;"SPRF-RO";"DEL03-RO";"UOP01-DEL03-RO"
478707;2022-10-05;"quarta-feira";"07:10:00";"RJ";40;91;"PETROPOLIS";"Chuva";"Colisão com objeto";"Com Vítimas Feridas";"Pleno dia";"Decrescente";"Chuva";"Simples";"Reta";"Não";2;0;1;0;1;0;1;1;-22,54903566;-43,24229724;"SPRF-RJ";"DEL06-RJ";"UOP01-DEL06-RJ"
478708;2022-10-05;"quarta-feira";"07:10:00";"MS";163;490;"CAMPO GRANDE";"Condutor deixou de manter distância do veículo da frente";"Colisão traseira";"Com Vítimas Feridas";"Pleno dia";"Crescente";"Céu Claro";"Dupla";"Rotatória";"Sim";3;0;0;1;2;0;1;2;-20,39521821;-54,55857754;"SPRF-MS";"DEL01-MS";"UOP02-DEL01-MS"
478710;2022-10-05;"quarta-feira";"08:15:00";"PE";407;119;"PETROLINA";"Acessar a via sem observar a presença dos outros veículos";"Colisão transversal";"Com Vítimas Feridas";"Pleno dia";"Decrescente";"Céu Claro";"Simples";"Reta";"Não";2;0;0;2;0;0;2;2;-9,338861;-40,559236;"SPRF-PE";"DEL06-PE";"UOP01-DEL06-PE"
478711;2022-10-05;"quarta-feira";"08:45:00";"MG";40;528;"CONTAGEM";"Condutor deixou de manter distância do veículo da frente";"Colisão lateral mesmo sentido";"Com Vítimas Feridas";"Pleno dia";"Crescente";"Céu Claro";"Dupla";"Reta";"Sim";3;0;2;0;1;0;2;2;-19,90883179;-44,04436577;"SPRF-MG";"DEL01-MG";"UOP02-DEL01-MG"
478712;2022-10-05;"quarta-feira";"07:50:00";"PE";101;158;"GAMELEIRA";"Condutor Dormindo";"Saída de leito carroçável";"Com Vítimas Feridas";"Pleno dia";"Crescente";"Chuva";"Dupla";"Curva";"Não";1;0;1;0;0;0;1;1;-8,55179162;-35,4051441;"SPRF-PE";"DEL01-PE";"UOP03-DEL01-PE"
478713;2022-09-19;"segunda-feira";"18:20:00";"RS";392;71,6;"PELOTAS";"Conversão proibida";"Colisão transversal";"Com Vítimas Feridas";"Anoitecer";"Crescente";"Céu Claro";"Múltipla";"Reta";"Não";4;0;4;0;0;0;4;2;-31,72790198;-52,38685478;"SPRF-RS";"DEL07-RS";"UOP01-DEL07-RS"
478714;2022-10-05;"quarta-feira";"08:20:00";"RJ";101;316;"SAO GONCALO";"Ausência de reação do condutor";"Colisão traseira";"Com Vítimas Feridas";"Pleno dia";"Crescente";"Garoa/Chuvisco";"Dupla";"Reta";"Sim";2;0;1;0;1;0;1;2;-22,82835879;-43,09208739;"SPRF-RJ";"DEL02-RJ";"UOP02-DEL02-RJ"
478716;2022-10-05;"quarta-feira";"09:15:00";"RS";116;269;"CANOAS";"Condutor deixou de manter distância do veículo da frente";"Colisão traseira";"Sem Vítimas";"Pleno dia";"Decrescente";"Céu Claro";"Múltipla";"Reta";"Sim";2;0;0;0;2;0;0;2;-29,95942501;-51,17608515;"SPRF-RS";"DEL01-RS";"UOP01-DEL01-RS"
478717;2022-10-05;"quarta-feira";"09:10:00";"SE";101;182;"UMBAUBA";"Conversão proibida";"Colisão frontal";"Com Vítimas Feridas";"Pleno dia";"Crescente";"Céu Claro";"Simples";"Reta";"Sim";2;0;0;1;1;0;1;2;-11,37390377;-37,65552315;"SPRF-SE";"DEL02-SE";"UOP03-DEL02-SE"
478719;2022-10-05;"quarta-feira";"09:20:00";"SP";116;221;"GUARULHOS";"Ultrapassagem Indevida";"Colisão lateral mesmo sentido";"Com Vítimas Feridas";"Pleno dia";"Decrescente";"Nublado";"Múltipla";"Reta";"Não";2;0;1;0;0;1;1;2;-23,46802395;-46,50704901;"SPRF-SP";"DEL01-SP";"UOP01-DEL01-SP"
478720;2022-09-09;"sexta-feira";"06:20:00";"PR";280;268,3;"MARMELEIRO";"Reação tardia ou ineficiente do condutor";"Colisão frontal";"Com Vítimas Feridas";"Amanhecer";"Decrescente";"Nublado";"Simples";"Curva";"Não";4;0;0;3;1;0;3;2;-26,21691888;-53,12340811;"SPRF-PR";"DEL02-PR";"UOP01-DEL02-PR"
478721;2022-10-05;"quarta-feira";"07:50:00";"RS";472;573;"URUGUAIANA";"Acessar a via sem observar a presença dos outros veículos";"Colisão lateral mesmo sentido";"Com Vítimas Feridas";"Amanhecer";"Crescente";"Céu Claro";"Simples";"Interseção de Vias";"Sim";2;0;1;0;1;0;1;2;-29,74143591;-56,97819304;"SPRF-RS";"DEL13-RS";"UOP01-DEL13-RS"
478725;2022-10-05;"quarta-feira";"10:15:00";"SP";116;207;"GUARULHOS";"Reação tardia ou ineficiente do condutor";"Queda de ocupante de veículo";"Com Vítimas Feridas";"Pleno dia";"Crescente";"Nublado";"Múltipla";"Reta";"Sim";1;0;1;0;0;0;1;1;-23,41972188;-46,38419203;"SPRF-SP";"DEL01-SP";"UOP01-DEL01-SP"
478727;2022-10-05;"quarta-feira";"10:10:00";"SP";381;22;"BRAGANCA PAULISTA";"Manobra de mudança de faixa";"Colisão lateral mesmo sentido";"Sem Vítimas";"Pleno dia";"Decrescente";"Céu Claro";"Múltipla";"Reta";"Não";2;0;0;0;2;0;0;2;-22,99790349;-46,5164566;"SPRF-SP";"DEL03-SP";"UOP01-DEL03-SP"
478728;2022-10-05;"quarta-feira";"10:00:00";"ES";101;298;"VIANA";"Reação tardia ou ineficiente do condutor";"Atropelamento de Pedestre";"Com Vítimas Feridas";"Pleno dia";"Crescente";"Nublado";"Múltipla";"Reta";"Sim";3;0;0;1;1;1;1;2;-20,35374444;-40,4156433;"SPRF-ES";"DEL01-ES";"UOP01-DEL01-ES"
478732;2022-10-05;"quarta-feira";"08:00:00";"MS";262;351,6;"CAMPO GRANDE";"Avarias e/ou desgaste excessivo no pneu";"Colisão com objeto";"Sem Vítimas";"Pleno dia";"Crescente";"Céu Claro";"Dupla";"Curva";"Sim";1;0;0;0;0;1;0;1;-20,56994516;-54,64056096;"SPRF-MS";"DEL01-MS";"UOP03-DEL01-MS"
478733;2022-10-05;"quarta-feira";"11:10:00";"RS";386;367,5;"FAZENDA VILANOVA";"Acessar a via sem observar a presença dos outros veículos";"Colisão transversal";"Com Vítimas Feridas";"Pleno dia";"Crescente";"Céu Claro";"Dupla";"Retorno Regulamentado;Reta;Rotatória";"Não";2;0;1;0;1;0;1;2;-29,58083772;-51,84102774;"SPRF-RS";"DEL04-RS";"NPF/DEL04-RS"
478735;2022-10-05;"quarta-feira";"12:05:00";"SP";101;49;"UBATUBA";"Condutor deixou de manter distância do veículo da frente";"Colisão traseira";"Com Vítimas Feridas";"Pleno dia";"Decrescente";"Nublado";"Simples";"Desvio Temporário;Reta";"Sim";3;0;1;0;2;0;1;2;-23,44410908;-45,08375708;"SPRF-SP";"DEL06-SP";"UOP01-DEL06-SP"
478738;2022-10-05;"quarta-feira";"11:40:00";"AL";101;190,8;"JUNQUEIRO";"Acessar a via sem observar a presença dos outros veículos";"Colisão frontal";"Com Vítimas Feridas";"Pleno dia";"Crescente";"Céu Claro";"Simples";"Reta";"Sim";3;0;0;1;1;1;1;3;-9,92466195;-36,47137449;"SPRF-AL";"DEL02-AL";"UOP02-DEL02-AL"
478743;2022-10-05;"quarta-feira";"12:55:00";"RN";101;107;"PARNAMIRIM";"Condutor deixou de manter distância do veículo da frente";"Colisão traseira";"Com Vítimas Feridas";"Pleno dia";"Decrescente";"Céu Claro";"Simples";"Reta";"Sim";2;0;1;0;1;0;1;2;-5,91920796;-35,26412409;"SPRF-RN";"DEL01-RN";"UOP01-DEL01-RN"
478744;2022-08-22;"segunda-feira";"10:43:00";"RS";386;353,4;"ESTRELA";"Ausência de reação do condutor";"Saída de leito carroçável";"Com Vítimas Feridas";"Pleno dia";"Decrescente";"Nublado";"Dupla";"Curva";"Não";1;0;0;1;0;0;1;1;-29,50320831;-51,94543272;"SPRF-RS";"DEL04-RS";"UOP02-DEL04-RS"
478746;2022-10-05;"quarta-feira";"12:00:00";"RS";386;158;"ALMIRANTE TAMANDARE DO SUL";"Frear bruscamente";"Tombamento";"Com Vítimas Feridas";"Pleno dia";"Decrescente";"Céu Claro";"Simples";"Reta";"Não";1;0;1;0;0;0;1;1;-28,13663708;-52,84749985;"SPRF-RS";"DEL08-RS";"UOP01-DEL08-RS"
478748;2022-10-05;"quarta-feira";"12:50:00";"BA";101;79;"ENTRE RIOS";"Desvio temporário";"Capotamento";"Com Vítimas Feridas";"Pleno dia";"Decrescente";"Céu Claro";"Simples";"Desvio Temporário;Em Obras";"Não";1;0;1;0;0;0;1;1;-12,01196305;-38,26882996;"SPRF-BA";"DEL01-BA";"UOP04-DEL01-BA"
478749;2022-10-05;"quarta-feira";"13:40:00";"RS";285;566,4;"SAO LUIZ GONZAGA";"Acessar a via sem observar a presença dos outros veículos";"Colisão transversal";"Sem Vítimas";"Pleno dia";"Decrescente";"Céu Claro";"Simples";"Reta";"Sim";2;0;0;0;2;0;0;2;-28,41774903;-54,96635914;"SPRF-RS";"DEL10-RS";"UOP01-DEL10-RS"
478758;2022-10-05;"quarta-feira";"12:40:00";"SC";116;175,2;"SAO CRISTOVAO DO SUL";"Transitar na contramão";"Colisão frontal";"Com Vítimas Feridas";"Pleno dia";"Crescente";"Céu Claro";"Simples";"Curva";"Não";3;0;0;3;0;0;3;2;-27,23177485;-50,46481848;"SPRF-SC";"DEL05-SC";"UOP03-DEL05-SC"