"id";"data_inversa";"dia_semana";"horario";"uf";"br";"km";"municipio";"causa_acidente";"tipo_acidente";"classificacao_acidente";"fase_dia";"sentido_via";"condicao_metereologica";"tipo_pista";"tracado_via";"uso_solo";"pessoas";"mortos";"feridos_leves";"feridos_graves";"ilesos";"ignorados";"feridos";"veiculos";"latitude";"longitude";"regional";"delegacia";"uop"
478759;2022-10-05;"quarta-feira";"14:00:00";"PE";423;94;"GARANHUNS";"Avarias e/ou desgaste excessivo no pneu";"Engavetamento";"Com Vítimas Feridas";"Pleno dia";"Crescente";"Céu Claro";"Simples";"Reta";"Sim";7;0;2;0;4;1;2;3;-8,874732;-36,46946;"SPRF-PE";"DEL03-PE";"UOP01-DEL03-PE"
478760;2022-09-08;"quinta-feira";"00:20:00";"SC";101;207,2;"SAO JOSE";"Pedestre andava na pista";"Atropelamento de Pedestre";"Com Vítimas Fatais";"Plena Noite";"Crescente";"Céu Claro";"Múltipla";"Reta";"Sim";2;1;0;0;1;0;0;2;-27,6011079;-48,6243014;"SPRF-SC";"DEL01-SC";"UOP01-DEL01-SC"
478762;2022-10-05;"quarta-feira";"15:00:00";"SE";101;157;"ESTANCIA";"Velocidade Incompatível";"Queda de ocupante de veículo";"Com Vítimas Feridas";"Pleno dia";"Decrescente";"Céu Claro";"Simples";"Curva";"Não";1;0;0;1;0;0;1;1;-11,28637986;-37,46182902;"SPRF-SE";"DEL02-SE";"UOP01-DEL02-SE"
478766;2022-10-05;"quarta-feira";"12:40:00";"PR";487;171,2;"CAMPO MOURAO";"Avarias e/ou desgaste excessivo no pneu";"Queda de ocupante de veículo";"Com Vítimas Feridas";"Pleno dia";"Crescente";"Nublado";"Simples";"Declive;Reta";"Não";1;0;1;0;0;0;1;1;-24,01675382;-52,45585442;"SPRF-PR";"DEL09-PR";"UOP03-DEL09-PR"
478767;2022-10-05;"quarta-feira";"15:05:00";"PB";230;24;"JOAO PESSOA";"Demais falhas mecânicas ou elétricas";"Eventos atípicos";"Sem Vítimas";"Pleno dia";"Crescente";"Nublado";"Múltipla";"Reta;Viaduto;Aclive";"Sim";2;0;0;0;2;0;0;2;-7,16900088;-34,86500379;"SPRF-PB";"DEL01-PB";"UOP01-DEL01-PB"
478768;2022-10-02;"domingo";"14:20:00";"MG";381;479,9;"CONTAGEM";"Manobra de mudança de faixa";"Colisão lateral mesmo sentido";"Com Vítimas Feridas";"Pleno dia";"Crescente";"Sol";"Dupla";"Declive;Reta";"Sim";2;0;1;0;1;0;1;2;-19,964131;-44,044582;"SPRF-MG";"DEL01-MG";"UOP03-DEL01-MG"
478771;2022-10-05;"quarta-feira";"16:15:00";"MG";381;441,5;"SABARA";"Reação tardia ou ineficiente do condutor";"Saída de leito carroçável";"Com Vítimas Feridas";"Pleno dia";"Decrescente";"Céu Claro";"Simples";"Curva";"Sim";1;0;0;1;0;0;1;1;-19,81604176;-43,80389901;"SPRF-MG";"DEL01-MG";"UOP01-DEL01-MG"
478776;2022-10-05;"quarta-feira";"15:40:00";"PB";230;0;"PATOS";"Ingestão de álcool pelo condutor";"Colisão frontal";"Com Vítimas Feridas";"Pleno dia";"Crescente";"Céu Claro";"Simples";"Reta";"Não";2;0;0;1;1;0;1;2;-7,024862;-37,280304;"SPRF-PB";"DEL03-PB";"UOP01-DEL03-PB"
478777;2022-10-05;"quarta-feira";"16:45:00";"MG";381;477,2;"CONTAGEM";"Condutor deixou de manter distância do veículo da frente";"Colisão traseira";"Com Vítimas Feridas";"Pleno dia";"Decrescente";"Sol";"Dupla";"Reta";"Sim";2;0;0;1;1;0;1;2;-19,96179268;-44,05041676;"SPRF-MG";"DEL01-MG";"UOP03-DEL01-MG"
478778;2022-10-05;"quarta-feira";"17:00:00";"PE";101;68,1;"RECIFE";"Manobra de mudança de faixa";"Colisão lateral mesmo sentido";"Com Vítimas Feridas";"Pleno dia";"Decrescente";"Céu Claro";"Múltipla";"Rotatória";"Sim";2;0;1;0;1;0;1;2;-8,05074296;-34,94580619;"SPRF-PE";"DEL01-PE";"UOP01-DEL01-PE"
478779;2022-10-05;"quarta-feira";"12:30:00";"RJ";101;473;"ANGRA DOS REIS";"Conversão proibida";"Atropelamento de Pedestre";"Com Vítimas Feridas";"Pleno dia";"Decrescente";"Nublado";"Dupla";"Curva";"Sim";2;0;1;0;1;0;1;2;-22,98960623;-44,24168693;"SPRF-RJ";"DEL03-RJ";"UOP03-DEL03-RJ"
478781;2022-10-05;"quarta-feira";"17:30:00";"PE";101;98,8;"CABO DE SANTO AGOSTINHO";"Reação tardia ou ineficiente do condutor";"Colisão lateral mesmo sentido";"Sem Vítimas";"Pleno dia";"Crescente";"Céu Claro";"Dupla";"Reta";"Não";2;0;0;0;2;0;0;2;-8,26025316;-35,04629883;"SPRF-PE";"DEL01-PE";"UOP03-DEL01-PE"
478782;2022-10-05;"quarta-feira";"16:20:00";"RS";471;173,4;"RIO PARDO";"Desrespeitar a preferência no cruzamento";"Colisão transversal";"Com Vítimas Feridas";"Pleno dia";"Crescente";"Céu Claro";"Simples";"Reta";"Sim";2;0;1;0;1;0;1;2;-29,971069;-52,370651;"SPRF-RS";"DEL02-RS";"UOP03-DEL02-RS"
478783;2022-09-19;"segunda-feira";"12:30:00";"RS";386;360,5;"ESTRELA";"Velocidade Incompatível";"Saída de leito carroçável";"Com Vítimas Feridas";"Pleno dia";"Crescente";"Chuva";"Dupla";"Curva";"Não";3;0;1;1;1;0;2;1;-29,5476;-51,908142;"SPRF-RS";"DEL04-RS";"UOP02-DEL04-RS"
478785;2022-10-05;"quarta-feira";"15:50:00";"PI";316;2,5;"TERESINA";"Ausência de reação do condutor";"Colisão traseira";"Com Vítimas Feridas";"Pleno dia";"Decrescente";"Céu Claro";"Múltipla";"Reta";"Sim";3;0;2;0;1;0;2;2;-5,12477477;-42,79848465;"SPRF-PI";"DEL01-PI";"UOP02-DEL01-PI"
478788;2022-10-05;"quarta-feira";"17:00:00";"SC";280;2;"SAO FRANCISCO DO SUL";"Acumulo de areia ou detritos sobre o pavimento";"Queda de ocupante de veículo";"Com Vítimas Feridas";"Pleno dia";"Crescente";"Céu Claro";"Simples";"Curva";"Não";1;0;1;0;0;0;1;1;-26,23700996;-48,61979093;"SPRF-SC";"DEL03-SC";"UOP03-DEL03-SC"
478789;2022-10-05;"quarta-feira";"17:55:00";"ES";101;291,3;"CARIACICA";"Pedestre cruzava a pista fora da faixa";"Colisão traseira";"Com Vítimas Feridas";"Plena Noite";"Decrescente";"Nublado";"Dupla";"Aclive";"Sim";3;0;1;0;1;1;1;3;-20,29755744;-40,39445616;"SPRF-ES";"DEL01-ES";"UOP01-DEL01-ES"
478790;2022-10-05;"quarta-feira";"15:50:00";"MG";354;738;"POUSO ALTO";"Ultrapassagem Indevida";"Colisão frontal";"Com Vítimas Feridas";"Pleno dia";"Crescente";"Céu Claro";"Simples";"Curva";"Não";4;0;3;0;1;0;3;3;-22,206763;-44,955621;"SPRF-MG";"DEL17-MG";"UOP01-DEL17-MG"
478791;2022-10-05;"quarta-feira";"17:40:00";"PR";116;120;"CURITIBA";"Reação tardia ou ineficiente do condutor";"Colisão traseira";"Com Vítimas Feridas";"Anoitecer";"Crescente";"Nublado";"Dupla";"Reta";"Sim";2;0;0;1;1;0;1;2;-25,58550789;-49,31427833;"SPRF-PR";"DEL01-PR";"UOP03-DEL01-PR"
478792;2022-09-23;"sexta-feira";"19:30:00";"PR";277;690;"SAO MIGUEL DO IGUACU";"Acessar a via sem observar a presença dos outros veículos";"Colisão transversal";"Sem Vítimas";"Plena Noite";"Crescente";"Céu Claro";"Dupla";"Interseção de Vias";"Sim";2;0;0;0;2;0;0;2;-25,3582673;-54,24527283;"SPRF-PR";"DEL05-PR";"UOP01-DEL05-PR"
478793;2022-10-05;"quarta-feira";"18:00:00";"PB";230;18;"JOAO PESSOA";"Ingestão de álcool pelo condutor";"Colisão traseira";"Sem Vítimas";"Plena Noite";"Decrescente";"Céu Claro";"Dupla";"Reta;Aclive";"Sim";2;0;0;0;2;0;0;2;-7,1198;-34,8453;"SPRF-PB";"DEL01-PB";"UOP01-DEL01-PB"
478794;2022-10-05;"quarta-feira";"13:30:00";"RJ";40;109;"DUQUE DE CAXIAS";"Ingestão de álcool pelo condutor";"Engavetamento";"Sem Vítimas";"Pleno dia";"Decrescente";"Céu Claro";"Múltipla";"Reta";"Sim";6;0;0;0;6;0;0;3;-22,67985645;-43,28571439;"SPRF-RJ";"DEL01-RJ";"UOP01-DEL01-RJ"
478795;2022-10-05;"quarta-feira";"16:18:00";"PR";163;249;"TOLEDO";"Chuva";"Saída de leito carroçável";"Com Vítimas Feridas";"Pleno dia";"Decrescente";"Chuva";"Dupla";"Reta";"Não";1;0;1;0;0;0;1;1;-24,69088486;-53,74666583;"SPRF-PR";"DEL06-PR";"UOP02-DEL06-PR"
478797;2022-10-05;"quarta-feira";"17:40:00";"MG";381;392,1;"BOM JESUS DO AMPARO";"Manobra de mudança de faixa";"Saída de leito carroçável";"Com Vítimas Feridas";"Plena Noite";"Decrescente";"Céu Claro";"Dupla";"Curva";"Não";1;0;1;0;0;0;1;1;-19,76614595;-43,45877192;"SPRF-MG";"DEL01-MG";"UOP01-DEL01-MG"
478798;2022-10-05;"quarta-feira";"17:15:00";"PA";230;745;"MEDICILANDIA";"Conversão proibida";"Colisão transversal";"Com Vítimas Feridas";"Pleno dia";"Crescente";"Céu Claro";"Simples";"Reta";"Não";4;0;0;2;1;1;2;3;-3,44538562;-52,89911989;"SPRF-PA";"DEL04-PA";"UOP01-DEL04-PA"
478799;2022-10-05;"quarta-feira";"19:00:00";"PR";376;680,9;"GUARATUBA";"Pedestre cruzava a pista fora da faixa";"Atropelamento de Pedestre";"Com Vítimas Feridas";"Plena Noite";"Crescente";"Chuva";"Dupla";"Reta";"Não";3;0;0;1;2;0;1;2;-25,95815;-48,900978;"SPRF-PR";"DEL01-PR";"UOP04-DEL01-PR"
478802;2022-10-05;"quarta-feira";"15:00:00";"PR";277;87;"SAO JOSE DOS PINHAIS";"Chuva";"Saída de leito carroçável";"Sem Vítimas";"Pleno dia";"Crescente";"Chuva";"Dupla";"Reta";"Não";1;0;0;0;1;0;0;1;-25,57089683;-49,21144198;"SPRF-PR";"DEL01-PR";"UOP06-DEL01-PR"
478804;2022-10-05;"quarta-feira";"19:10:00";"MG";381;425;"CAETE";"Ausência de sinalização";"Colisão frontal";"Com Vítimas Feridas";"Plena Noite";"Crescente";"Céu Claro";"Simples";"Curva";"Não";2;0;1;1;0;0;2;2;-19,789917;-43,68234;"SPRF-MG";"DEL01-MG";"UOP01-DEL01-MG"
478805;2022-10-05;"quarta-feira";"15:00:00";"GO";452;0;"RIO VERDE";"Acessar a via sem observar a presença dos outros veículos";"Colisão lateral mesmo sentido";"Com Vítimas Feridas";"Pleno dia";"Decrescente";"Nublado";"Dupla";"Interseção de Vias";"Sim";2;0;1;0;1;0;1;2;-17,786345;-50,901516;"SPRF-GO";"DEL04-GO";"UOP01-DEL04-GO"
478806;2022-10-05;"quarta-feira";"19:03:00";"MG";381;480,8;"CONTAGEM";"Ausência de reação do condutor";"Engavetamento";"Com Vítimas Feridas";"Plena Noite";"Decrescente";"Céu Claro";"Dupla";"Reta";"Sim";5;0;1;0;4;0;1;4;-19,95749597;-44,07899901;"SPRF-MG";"DEL01-MG";"UOP03-DEL01-MG"
478808;2022-10-05;"quarta-feira";"17:40:00";"PB";405;20,9;"UIRAUNA";"Transitar na contramão";"Colisão frontal";"Com Vítimas Fatais";"Anoitecer";"Crescente";"Céu Claro";"Simples";"Reta";"Não";2;2;0;0;0;0;0;2;-6,618517;-38,416306;"SPRF-PB";"DEL03-PB";"UOP03-DEL03-PB"
478809;2022-10-05;"quarta-feira";"19:50:00";"BA";324;625;"SALVADOR";"Reação tardia ou ineficiente do condutor";"Queda de ocupante de veículo";"Com Vítimas Feridas";"Plena Noite";"Decrescente";"Céu Claro";"Dupla";"Interseção de Vias";"Sim";1;0;0;1;0;0;1;1;-12,94194706;-38,47081224;"SPRF-BA";"DEL01-BA";"UOP01-DEL01-BA"
478810;2022-10-05;"quarta-feira";"11:30:00";"SC";280;43;"GUARAMIRIM";"Ausência de reação do condutor";"Colisão com objeto";"Com Vítimas Feridas";"Pleno dia";"Decrescente";"Nublado";"Simples";"Reta";"Não";1;0;1;0;0;0;1;1;-26,45118786;-48,87789901;"SPRF-SC";"DEL03-SC";"UOP03-DEL03-SC"
478813;2022-10-05;"quarta-feira";"19:30:00";"GO";414;439;"ANAPOLIS";"Condutor Dormindo";"Colisão traseira";"Com Vítimas Feridas";"Plena Noite";"Decrescente";"Céu Claro";"Simples";"Reta";"Sim";2;0;2;0;0;0;2;2;-16,28128823;-48,94258908;"SPRF-GO";"DEL02-GO";"UOP01-DEL02-GO"
478814;2022-10-05;"quarta-feira";"18:10:00";"SC";280;7;"SAO FRANCISCO DO SUL";"Desrespeitar a preferência no cruzamento";"Colisão transversal";"Com Vítimas Feridas";"Plena Noite";"Crescente";"Garoa/Chuvisco";"Simples";"Rotatória";"Não";2;0;1;0;1;0;1;2;-26,27127101;-48,64129599;"SPRF-SC";"DEL03-SC";"UOP03-DEL03-SC"
478816;2022-10-05;"quarta-feira";"19:50:00";"SP";116;156,8;"JACAREI";"Ausência de reação do condutor";"Colisão com objeto";"Com Vítimas Feridas";"Plena Noite";"Crescente";"Céu Claro";"Dupla";"Reta";"Sim";1;0;1;0;0;0;1;1;-23,25044084;-45,93572909;"SPRF-SP";"DEL02-SP";"UOP01-DEL02-SP"
478818;2022-10-05;"quarta-feira";"18:50:00";"MG";116;415,8;"GOVERNADOR VALADARES";"Pista esburacada";"Colisão frontal";"Com Vítimas Feridas";"Plena Noite";"Crescente";"Céu Claro";"Simples";"Curva";"Sim";3;0;1;1;0;1;2;3;-18,88401297;-41,94924399;"SPRF-MG";"DEL06-MG";"UOP01-DEL06-MG"
478820;2022-10-05;"quarta-feira";"18:45:00";"MT";364;67,3;"ALTO GARCAS";"Carga excessiva e/ou mal acondicionada";"Colisão com objeto";"Com Vítimas Feridas";"Plena Noite";"Decrescente";"Nublado";"Simples";"Reta";"Não";1;0;1;0;0;0;1;1;-16,92065826;-53,60975316;"SPRF-MT";"DEL02-MT";"UOP02-DEL02-MT"
478821;2022-10-05;"quarta-feira";"20:25:00";"PB";101;85;"BAYEUX";"Ausência de reação do condutor";"Colisão traseira";"Com Vítimas Fatais";"Plena Noite";"Crescente";"Chuva";"Dupla";"Reta";"Sim";8;1;1;0;6;0;1;4;-7,14538184;-34,91662887;"SPRF-PB";"DEL01-PB";"UOP01-DEL01-PB"
478823;2022-10-05;"quarta-feira";"17:40:00";"PR";376;153,8;"MANDAGUACU";"Velocidade Incompatível";"Saída de leito carroçável";"Com Vítimas Feridas";"Pleno dia";"Decrescente";"Chuva";"Dupla";"Reta";"Não";1;0;1;0;0;0;1;1;-23,32908302;-52,11162178;"SPRF-PR";"DEL09-PR";"UOP01-DEL09-PR"
478827;2022-10-05;"quarta-feira";"20:00:00";"RO";364;712;"PORTO VELHO";"Pedestre cruzava a pista fora da faixa";"Atropelamento de Pedestre";"Com Vítimas Feridas";"Plena Noite";"Decrescente";"Céu Claro";"Dupla";"Reta";"Sim";3;0;0;3;0;0;3;2;-8,7770354;-63,87316466;"SPRF-RO";"DEL01-RO";"UOP01-DEL01-RO"
478828;2022-10-05;"quarta-feira";"21:33:00";"DF";80;22;"BRASILIA";"Condutor deixou de manter distância do veículo da frente";"Colisão traseira";"Com Vítimas Feridas";"Plena Noite";"Crescente";"Céu Claro";"Simples";"Reta";"Não";1;0;1;0;0;0;1;1;-15,647892;-48,201756;"SPRF-DF";"DEL03-DF";"UOP02-DEL03-DF"
478830;2022-10-05;"quarta-feira";"17:05:00";"PR";476;278,5;"SAO MATEUS DO SUL";"Acessar a via sem observar a presença dos outros veículos";"Colisão transversal";"Com Vítimas Feridas";"Anoitecer";"Crescente";"Céu Claro";"Simples";"Reta;Declive";"Sim";3;0;2;1;0;0;3;2;-25,868753;-50,396477;"SPRF-PR";"DEL02-PR";"UOP04-DEL02-PR"
478831;2022-09-27;"terça-feira";"07:00:00";"MT";364;205;"RONDONOPOLIS";"Trafegar com motocicleta (ou similar) entre as faixas";"Colisão traseira";"Com Vítimas Feridas";"Pleno dia";"Decrescente";"Céu Claro";"Dupla";"Retorno Regulamentado";"Sim";2;0;1;0;1;0;1;2;-16,44767183;-54,66708899;"SPRF-MT";"DEL02-MT";"UOP01-DEL02-MT"
478834;2022-10-05;"quarta-feira";"20:20:00";"PR";376;434;"TIBAGI";"Pedestre andava na pista";"Atropelamento de Pedestre";"Com Vítimas Fatais";"Plena Noite";"Crescente";"Nublado";"Dupla";"Reta;Aclive";"Não";2;1;0;0;0;1;0;2;-24,77333098;-50,52062988;"SPRF-PR";"DEL03-PR";"UOP02-DEL03-PR"
478836;2022-10-05;"quarta-feira";"21:25:00";"PI";343;589;"FLORIANO";"Manobra de mudança de faixa";"Colisão lateral mesmo sentido";"Com Vítimas Feridas";"Plena Noite";"Decrescente";"Céu Claro";"Dupla";"Reta";"Sim";4;0;2;0;2;0;2;2;-6,775575;-43,008444;"SPRF-PI";"DEL03-PI";"UOP01-DEL03-PI"
478837;2022-10-05;"quarta-feira";"22:20:00";"SP";116;212;"GUARULHOS";"Manobra de mudança de faixa";"Queda de ocupante de veículo";"Com Vítimas Feridas";"Plena Noite";"Decrescente";"Céu Claro";"Múltipla";"Reta";"Sim";1;0;1;0;0;0;1;1;-23,43608315;-46,42805094;"SPRF-SP";"DEL01-SP";"UOP01-DEL01-SP"
478839;2022-10-05;"quarta-feira";"22:00:00";"PR";376;106;"PARANAVAI";"Ingestão de álcool pelo condutor";"Queda de ocupante de veículo";"Com Vítimas Feridas";"Plena Noite";"Decrescente";"Chuva";"Dupla";"Reta";"Sim";1;0;1;0;0;0;1;1;-23,06315623;-52,43184719;"SPRF-PR";"DEL09-PR";"UOP02-DEL09-PR"
478840;2022-10-05;"quarta-feira";"17:44:00";"MG";262;741,9;"PERDIZES";"Ingestão de álcool pelo condutor";"Colisão frontal";"Com Vítimas Feridas";"Pleno dia";"Crescente";"Céu Claro";"Simples";"Declive;Reta";"Não";2;0;1;1;0;0;2;2;-19,61046857;-47,43130904;"SPRF-MG";"DEL08-MG";"UOP01-DEL08-MG"
478843;2022-10-05;"quarta-feira";"21:00:00";"MS";163;256,7;"DOURADOS";"Demais falhas mecânicas ou elétricas";"Tombamento";"Com Vítimas Feridas";"Plena Noite";"Crescente";"Céu Claro";"Dupla";"Reta";"Sim";1;0;1;0;0;0;1;1;-22,25898104;-54,79297226;"SPRF-MS";"DEL04-MS";"UOP01-DEL04-MS"
478844;2022-10-05;"quarta-feira";"22:20:00";"PR";369;162,3;"CAMBE";"Ausência de reação do condutor";"Colisão traseira";"Com Vítimas Feridas";"Plena Noite";"Crescente";"Nublado";"Dupla";"Declive";"Não";2;0;1;1;0;0;2;1;-23,29495;-51,270353;"SPRF-PR";"DEL07-PR";"UOP01-DEL07-PR"
478847;2022-10-05;"quarta-feira";"23:20:00";"MG";50;173;"UBERABA";"Obras na pista";"Capotamento";"Com Vítimas Feridas";"Plena Noite";"Crescente";"Nublado";"Dupla";"Em Obras";"Sim";1;0;1;0;0;0;1;1;-19,7624352;-47,97701547;"SPRF-MG";"DEL13-MG";"UOP01-DEL13-MG"
478848;2022-10-05;"quarta-feira";"23:18:00";"SC";101;202,4;"SAO JOSE";"Acessar a via sem observar a presença dos outros veículos";"Colisão lateral mesmo sentido";"Sem Vítimas";"Plena Noite";"Crescente";"Garoa/Chuvisco";"Múltipla";"Reta";"Sim";3;0;0;0;2;1;0;3;-27,55711595;-48,61897889;"SPRF-SC";"DEL01-SC";"UOP01-DEL01-SC"
478849;2022-10-05;"quarta-feira";"23:30:00";"RS";116;150,5;"CAXIAS DO SUL";"Entrada inopinada do pedestre";"Atropelamento de Pedestre";"Com Vítimas Feridas";"Plena Noite";"Decrescente";"Céu Claro";"Dupla";"Reta";"Sim";2;0;1;0;1;0;1;2;-29,168428;-51,158337;"SPRF-RS";"DEL05-RS";"UOP01-DEL05-RS"
478850;2022-10-05;"quarta-feira";"23:30:00";"SP";381;23;"BRAGANCA PAULISTA";"Animais na Pista";"Saída de leito carroçável";"Sem Vítimas";"Plena Noite";"Crescente";"Céu Claro";"Dupla";"Reta";"Não";1;0;0;0;1;0;0;1;-23,00476488;-46,52061531;"SPRF-SP";"DEL03-SP";"UOP01-DEL03-SP"
478851;2022-10-05;"quarta-feira";"17:40:00";"PR";373;422;"CANDOI";"Velocidade Incompatível";"Capotamento";"Com Vítimas Feridas";"Anoitecer";"Crescente";"Garoa/Chuvisco";"Simples";"Declive";"Não";1;0;1;0;0;0;1;1;-25,70512086;-52,17452509;"SPRF-PR";"DEL08-PR";"UOP01-DEL08-PR"
478853;2022-10-06;"quinta-feira";"00:26:00";"SP";381;38;"ATIBAIA";"Ausência de reação do condutor";"Saída de leito carroçável";"Com Vítimas Feridas";"Plena Noite";"Crescente";"Céu Claro";"Dupla";"Reta";"Sim";1;0;1;0;0;0;1;1;-23,1133221;-46,57174974;"SPRF-SP";"DEL03-SP";"UOP01-DEL03-SP"
478854;2022-10-05;"quarta-feira";"19:20:00";"PR";277;344;"GUARAPUAVA";"Acessar a via sem observar a presença dos outros veículos";"Colisão transversal";"Com Vítimas Feridas";"Plena Noite";"Crescente";"Garoa/Chuvisco";"Simples";"Interseção de Vias";"Sim";2;0;1;0;1;0;1;2;-25,33928412;-51,42880296;"SPRF-PR";"DEL08-PR";"UOP01-DEL08-PR"
478855;2022-10-06;"quinta-feira";"01:10:00";"SC";101;136;"BALNEARIO CAMBORIU";"Ingestão de álcool pelo condutor";"Colisão com objeto";"Sem Vítimas";"Plena Noite";"Decrescente";"Garoa/Chuvisco";"Dupla";"Reta";"Sim";1;0;0;0;1;0;0;1;-27,008113;-48,617245;"SPRF-SC";"DEL04-SC";"UOP03-DEL04-SC"
478856;2022-10-06;"quinta-feira";"01:40:00";"MG";40;504,8;"RIBEIRAO DAS NEVES";"Animais na Pista";"Atropelamento de Animal";"Com Vítimas Feridas";"Plena Noite";"Decrescente";"Nublado";"Dupla";"Declive";"Não";3;0;2;1;0;0;3;1;-19,72987888;-44,15253368;"SPRF-MG";"DEL02-MG";"UOP01-DEL02-MG"
478858;2022-10-06;"quinta-feira";"02:10:00";"PR";369;157;"LONDRINA";"Ingestão de álcool pelo condutor";"Saída de leito carroçável";"Sem Vítimas";"Plena Noite";"Crescente";"Céu Claro";"Dupla";"Reta";"Sim";1;0;0;0;0;1;0;1;-23,287091;-51,227766;"SPRF-PR";"DEL07-PR";"UOP01-DEL07-PR"
478862;2022-10-06;"quinta-feira";"05:10:00";"GO";153;694;"ITUMBIARA";"Animais na Pista";"Atropelamento de Animal";"Com Vítimas Feridas";"Amanhecer";"Crescente";"Céu Claro";"Dupla";"Reta";"Sim";3;0;2;0;1;0;2;1;-18,3434;-49,2216;"SPRF-GO";"DEL03-GO";"UOP02-DEL03-GO"
478864;2022-10-06;"quinta-feira";"06:30:00";"SC";101;215,1;"PALHOCA";"Reação tardia ou ineficiente do condutor";"Colisão lateral mesmo sentido";"Com Vítimas Feridas";"Pleno dia";"Decrescente";"Nublado";"Múltipla";"Reta";"Sim";2;0;1;0;1;0;1;2;-27,65184843;-48,67604941;"SPRF-SC";"DEL01-SC";"UOP02-DEL01-SC"
478866;2022-10-06;"quinta-feira";"06:00:00";"PB";101;89;"JOAO PESSOA";"Acessar a via sem observar a presença dos outros veículos";"Colisão transversal";"Com Vítimas Feridas";"Pleno dia";"Crescente";"Garoa/Chuvisco";"Múltipla";"Interseção de Vias;Reta;Retorno Regulamentado";"Sim";2;0;2;0;0;0;2;2;-7,179652;-34,900417;"SPRF-PB";"DEL01-PB";"UOP02-DEL01-PB"
478868;2022-10-06;"quinta-feira";"06:15:00";"CE";116;16,5;"FORTALEZA";"Ausência de reação do condutor";"Atropelamento de Pedestre";"Com Vítimas Feridas";"Pleno dia";"Decrescente";"Sol";"Dupla";"Reta";"Sim";3;0;2;1;0;0;3;2;-3,88732794;-38,50185439;"SPRF-CE";"DEL01-CE";"UOP02-DEL01-CE"
478869;2022-10-06;"quinta-feira";"04:40:00";"PE";424;83;"GARANHUNS";"Neblina";"Eventos atípicos";"Com Vítimas Feridas";"Amanhecer";"Crescente";"Nevoeiro/Neblina";"Simples";"Aclive";"Não";1;0;1;0;0;0;1;1;-8,851567;-36,515352;"SPRF-PE";"DEL03-PE";"UOP01-DEL03-PE"
478872;2022-10-06;"quinta-feira";"06:50:00";"SC";101;213,5;"PALHOCA";"Manobra de mudança de faixa";"Colisão lateral mesmo sentido";"Com Vítimas Feridas";"Pleno dia";"Decrescente";"Garoa/Chuvisco";"Múltipla";"Reta";"Sim";3;0;1;0;2;0;1;2;-27,63697369;-48,66514142;"SPRF-SC";"DEL01-SC";"UOP02-DEL01-SC"
478874;2022-10-06;"quinta-feira";"06:15:00";"RJ";356;26,9;"ITAPERUNA";"Ausência de reação do condutor";"Saída de leito carroçável";"Com Vítimas Feridas";"Amanhecer";"Crescente";"Nublado";"Simples";"Reta";"Não";1;0;1;0;0;0;1;1;-21,17939459;-41,95448991;"SPRF-RJ";"DEL08-RJ";"UOP03-DEL08-RJ"
478875;2022-10-06;"quinta-feira";"04:00:00";"BA";324;574,9;"SAO SEBASTIAO DO PASSE";"Pedestre cruzava a pista fora da faixa";"Atropelamento de Pedestre";"Com Vítimas Feridas";"Amanhecer";"Crescente";"Garoa/Chuvisco";"Dupla";"Reta;Declive";"Não";2;0;0;1;0;1;1;2;-12,57475334;-38,54252815;"SPRF-BA";"DEL01-BA";"UOP01-DEL01-BA"
478876;2022-10-06;"quinta-feira";"04:30:00";"RR";432;160;"CANTA";"Ingestão de álcool pelo condutor";"Colisão frontal";"Com Vítimas Feridas";"Amanhecer";"Crescente";"Céu Claro";"Simples";"Reta";"Não";4;0;3;0;0;1;3;2;2,4220264;-60,667328;"SPRF-RR";"DEL01-RR";"UOP01-DEL01-RR"
478877;2022-10-06;"quinta-feira";"07:45:00";"SC";101;208;"SAO JOSE";"Ausência de reação do condutor";"Colisão traseira";"Com Vítimas Feridas";"Pleno dia";"Crescente";"Chuva";"Simples";"Reta";"Não";2;0;1;0;1;0;1;2;-27,60327979;-48,63201818;"SPRF-SC";"DEL01-SC";"UOP01-DEL01-SC"
478878;2022-10-06;"quinta-feira";"06:10:00";"PR";369;72,6;"SANTA MARIANA";"Desrespeitar a preferência no cruzamento";"Colisão transversal";"Com Vítimas Feridas";"Amanhecer";"Crescente";"Céu Claro";"Simples";"Reta;Interseção de Vias";"Não";3;0;0;1;0;2;1;3;-23,15511;-50,51227;"SPRF-PR";"DEL07-PR";"UOP01-DEL07-PR"
478879;2022-10-06;"quinta-feira";"07:50:00";"SP";116;145;"SAO JOSE DOS CAMPOS";"Manobra de mudança de faixa";"Colisão lateral mesmo sentido";"Com Vítimas Feridas";"Pleno dia";"Crescente";"Céu Claro";"Dupla";"Reta";"Sim";2;0;1;0;1;0;1;2;-23,1869844;-45,8548078;"SPRF-SP";"DEL02-SP";"UOP01-DEL02-SP"
478880;2022-10-06;"quinta-feira";"05:40:00";"MT";364;547;"ROSARIO OESTE";"Ausência de reação do condutor";"Saída de leito carroçável";"Com Vítimas Feridas";"Pleno dia";"Decrescente";"Céu Claro";"Dupla";"Reta";"Não";1;0;0;1;0;0;1;1;-14,87035692;-56,4590843;"SPRF-MT";"DEL01-MT";"UOP01-DEL01-MT"
478881;2022-10-06;"quinta-feira";"07:00:00";"MA";316;410,7;"ALTO ALEGRE DO MARANHAO";"Demais falhas mecânicas ou elétricas";"Incêndio";"Sem Vítimas";"Pleno dia";"Crescente";"Céu Claro";"Simples";"Reta";"Não";1;0;0;0;0;1;0;1;-4,288992;-44,418763;"SPRF-MA";"DEL03-MA";"UOP01-DEL03-MA"