"id";"data_inversa";"dia_semana";"horario";"uf";"br";"km";"municipio";"causa_acidente";"tipo_acidente";"classificacao_acidente";"fase_dia";"sentido_via";"condicao_metereologica";"tipo_pista";"tracado_via";"uso_solo";"pessoas";"mortos";"feridos_leves";"feridos_graves";"ilesos";"ignorados";"feridos";"veiculos";"latitude";"longitude";"regional";"delegacia";"uop"
478884;2022-10-06;"quinta-feira";"08:10:00";"RN";101;85;"NATAL";"Trafegar com motocicleta (ou similar) entre as faixas";"Colisão traseira";"Com Vítimas Feridas";"Pleno dia";"Crescente";"Céu Claro";"Dupla";"Ponte";"Sim";2;0;0;1;1;0;1;2;-5,777664;-35,24937;"SPRF-RN";"DEL02-RN";"UOP01-DEL02-RN"
478885;2022-10-06;"quinta-feira";"06:45:00";"PR";153;456,8;"UNIAO DA VITORIA";"Acessar a via sem observar a presença dos outros veículos";"Colisão traseira";"Com Vítimas Fatais";"Amanhecer";"Crescente";"Garoa/Chuvisco";"Simples";"Reta";"Não";2;1;0;0;1;0;0;2;-26,209551;-51,1178941;"SPRF-PR";"DEL02-PR";"UOP03-DEL02-PR"
478886;2022-10-06;"quinta-feira";"07:40:00";"SC";101;40,2;"JOINVILLE";"Reação tardia ou ineficiente do condutor";"Colisão transversal";"Com Vítimas Feridas";"Pleno dia";"Crescente";"Chuva";"Dupla";"Interseção de Vias;Declive";"Sim";2;0;1;0;1;0;1;2;-26,27176094;-48,89468382;"SPRF-SC";"DEL03-SC";"UOP01-DEL03-SC"
478888;2022-09-30;"sexta-feira";"18:50:00";"SP";116;202;"ARUJA";"Ausência de reação do condutor";"Engavetamento";"Com Vítimas Feridas";"Plena Noite";"Decrescente";"Chuva";"Múltipla";"Reta";"Sim";4;0;1;0;3;0;1;3;-23,40809408;-46,33859597;"SPRF-SP";"DEL01-SP";"UOP01-DEL01-SP"
478889;2022-10-06;"quinta-feira";"08:10:00";"MG";40;553;"NOVA LIMA";"Acessar a via sem observar a presença dos outros veículos";"Colisão transversal";"Com Vítimas Feridas";"Pleno dia";"Crescente";"Nublado";"Dupla";"Curva";"Sim";2;0;1;0;1;0;1;2;-20,07576395;-43,98313165;"SPRF-MG";"DEL01-MG";"UOP02-DEL01-MG"
478890;2022-10-06;"quinta-feira";"09:20:00";"RJ";101;64,3;"CAMPOS DOS GOYTACAZES";"Transitar no acostamento";"Atropelamento de Pedestre";"Com Vítimas Feridas";"Pleno dia";"Decrescente";"Nublado";"Simples";"Reta";"Sim";3;0;1;0;1;1;1;3;-21,751732;-41,338976;"SPRF-RJ";"DEL08-RJ";"UOP02-DEL08-RJ"
478894;2022-06-16;"quinta-feira";"18:40:00";"RS";470;181;"VERANOPOLIS";"Animais na Pista";"Atropelamento de Animal";"Com Vítimas Feridas";"Plena Noite";"Decrescente";"Céu Claro";"Simples";"Reta";"Não";2;0;2;0;0;0;2;1;-28,97313415;-51,56365161;"SPRF-RS";"DEL06-RS";"UOP02-DEL06-RS"
478898;2022-10-06;"quinta-feira";"09:00:00";"SC";116;247,9;"LAGES";"Desrespeitar a preferência no cruzamento";"Colisão transversal";"Com Vítimas Feridas";"Pleno dia";"Crescente";"Chuva";"Simples";"Reta;Interseção de Vias";"Sim";3;0;2;0;1;0;2;2;-27,81262488;-50,36859817;"SPRF-SC";"DEL05-SC";"UOP02-DEL05-SC"
478900;2022-10-05;"quarta-feira";"11:40:00";"PE";101;68,3;"RECIFE";"Acessar a via sem observar a presença dos outros veículos";"Colisão transversal";"Com Vítimas Feridas";"Pleno dia";"Decrescente";"Céu Claro";"Múltipla";"Reta";"Sim";2;0;1;0;1;0;1;2;-8,053847;-34,946129;"SPRF-PE";"DEL01-PE";"UOP01-DEL01-PE"
478902;2022-08-14;"domingo";"10:00:00";"RS";290;378,8;"VILA NOVA DO SUL";"Transitar na contramão";"Colisão frontal";"Com Vítimas Feridas";"Pleno dia";"Decrescente";"Céu Claro";"Simples";"Curva";"Não";5;0;1;3;1;0;4;2;-30,35465152;-53,94847523;"SPRF-RS";"DEL09-RS";"UOP02-DEL09-RS"
478903;2022-10-06;"quinta-feira";"09:40:00";"DF";20;7;"BRASILIA";"Velocidade Incompatível";"Saída de leito carroçável";"Com Vítimas Feridas";"Pleno dia";"Decrescente";"Céu Claro";"Dupla";"Reta";"Sim";3;0;0;1;0;2;1;2;-15,662208;-47,799866;"SPRF-DF";"DEL02-DF";"UOP01-DEL02-DF"
478905;2022-10-06;"quinta-feira";"10:00:00";"PB";230;13;"CABEDELO";"Ausência de reação do condutor";"Colisão traseira";"Com Vítimas Feridas";"Pleno dia";"Crescente";"Céu Claro";"Dupla";"Reta";"Sim";4;0;1;0;3;0;1;3;-7,08081284;-34,8491478;"SPRF-PB";"DEL01-PB";"UOP01-DEL01-PB"
478907;2022-08-12;"sexta-feira";"07:15:00";"GO";40;5;"VALPARAISO DE GOIAS";"Ausência de reação do condutor";"Queda de ocupante de veículo";"Com Vítimas Feridas";"Pleno dia";"Crescente";"Céu Claro";"Dupla";"Reta";"Sim";2;0;1;0;0;1;1;2;-16,093134;-47,982236;"SPRF-DF";"DEL01-DF";"UOP01-DEL01-DF"
478908;2022-10-05;"quarta-feira";"16:10:00";"BA";367;54,1;"SANTA CRUZ CABRALIA";"Reação tardia ou ineficiente do condutor";"Colisão frontal";"Com Vítimas Feridas";"Pleno dia";"Crescente";"Céu Claro";"Simples";"Reta";"Não";7;0;7;0;0;0;7;2;-16,38188445;-39,32763621;"SPRF-BA";"DEL09-BA";"UOP03-DEL09-BA"
478910;2022-09-20;"terça-feira";"22:00:00";"PR";116;142;"MANDIRITUBA";"Acessar a via sem observar a presença dos outros veículos";"Colisão transversal";"Com Vítimas Feridas";"Plena Noite";"Crescente";"Céu Claro";"Dupla";"Reta";"Sim";3;0;2;0;1;0;2;2;-25,77753727;-49,32453632;"SPRF-PR";"DEL01-PR";"UOP03-DEL01-PR"
478912;2022-10-06;"quinta-feira";"11:00:00";"RS";386;410,8;"TRIUNFO";"Chuva";"Colisão transversal";"Com Vítimas Feridas";"Pleno dia";"Crescente";"Chuva";"Dupla";"Rotatória";"Sim";4;0;4;0;0;0;4;2;-29,80348613;-51,51040792;"SPRF-RS";"DEL01-RS";"UOP01-DEL01-RS"
478914;2022-09-19;"segunda-feira";"18:40:00";"MS";376;63;"GLORIA DE DOURADOS";"Chuva";"Tombamento";"Sem Vítimas";"Plena Noite";"Crescente";"Chuva";"Simples";"Reta;Declive";"Sim";1;0;0;0;0;1;0;1;-22,42595755;-54,23484288;"SPRF-MS";"DEL04-MS";"UOP01-DEL04-MS"
478916;2022-10-06;"quinta-feira";"09:40:00";"PE";232;80,4;"GRAVATA";"Velocidade Incompatível";"Colisão traseira";"Sem Vítimas";"Pleno dia";"Decrescente";"Chuva";"Dupla";"Curva";"Sim";3;0;0;0;2;1;0;3;-8,19636881;-35,56954622;"SPRF-PE";"DEL02-PE";"UOP02-DEL02PE"
478917;2022-10-06;"quinta-feira";"08:00:00";"PR";163;22,8;"SANTO ANTONIO DO SUDOESTE";"Chuva";"Saída de leito carroçável";"Com Vítimas Feridas";"Pleno dia";"Decrescente";"Chuva";"Simples";"Reta;Aclive";"Não";1;0;1;0;0;0;1;1;-26,1942302;-53,64766821;"SPRF-PR";"DEL02-PR";"UOP02-DEL02-PR"
478919;2022-10-06;"quinta-feira";"14:00:00";"PE";408;71,6;"PAUDALHO";"Entrada inopinada do pedestre";"Atropelamento de Pedestre";"Com Vítimas Fatais";"Pleno dia";"Decrescente";"Nublado";"Dupla";"Reta";"Sim";4;1;1;0;1;1;1;3;-7,881486;-35,182777;"SPRF-PE";"DEL01-PE";"UOP01-DEL01-PE"
478920;2022-10-06;"quinta-feira";"14:29:00";"PE";101;86;"JABOATAO DOS GUARARAPES";"Acessar a via sem observar a presença dos outros veículos";"Colisão transversal";"Com Vítimas Feridas";"Pleno dia";"Decrescente";"Chuva";"Simples";"Reta";"Sim";2;0;1;0;1;0;1;2;-8,201724;-34,959968;"SPRF-PE";"DEL01-PE";"UOP01-DEL01-PE"
478923;2022-10-06;"quinta-feira";"14:10:00";"BA";101;878;"TEIXEIRA DE FREITAS";"Desrespeitar a preferência no cruzamento";"Colisão transversal";"Com Vítimas Feridas";"Pleno dia";"Crescente";"Céu Claro";"Simples";"Interseção de Vias";"Sim";2;0;1;0;1;0;1;2;-17,53831447;-39,7145462;"SPRF-BA";"DEL09-BA";"UOP02-DEL09-BA"
478924;2022-10-06;"quinta-feira";"12:27:00";"MG";381;500,5;"BETIM";"Avarias e/ou desgaste excessivo no pneu";"Colisão com objeto";"Com Vítimas Fatais";"Pleno dia";"Crescente";"Nublado";"Dupla";"Reta;Declive";"Sim";1;1;0;0;0;0;0;1;-20,0064154;-44,21493525;"SPRF-MG";"DEL01-MG";"UOP03-DEL01-MG"
478925;2022-10-06;"quinta-feira";"15:15:00";"MG";459;98;"POUSO ALEGRE";"Manobra de mudança de faixa";"Colisão lateral mesmo sentido";"Com Vítimas Feridas";"Pleno dia";"Crescente";"Céu Claro";"Dupla";"Rotatória";"Sim";3;0;0;1;2;0;1;2;-22,202055;-45,960964;"SPRF-MG";"DEL16-MG";"UOP01-DEL16-MG"
478926;2022-10-06;"quinta-feira";"12:00:00";"MS";163;129;"NAVIRAI";"Mal súbito do condutor";"Saída de leito carroçável";"Com Vítimas Feridas";"Pleno dia";"Decrescente";"Garoa/Chuvisco";"Simples";"Reta";"Não";1;0;1;0;0;0;1;1;-23,04564677;-54,25168086;"SPRF-MS";"DEL09-MS";"UOP01-DEL09-MS"
478927;2022-10-06;"quinta-feira";"14:41:00";"SP";116;289,1;"ITAPECERICA DA SERRA";"Trafegar com motocicleta (ou similar) entre as faixas";"Atropelamento de Pedestre";"Com Vítimas Feridas";"Pleno dia";"Decrescente";"Céu Claro";"Dupla";"Reta";"Não";2;0;1;0;0;1;1;2;-23,72290969;-46,89096614;"SPRF-SP";"DEL04-SP";"UOP01-DEL04-SP"
478928;2022-10-06;"quinta-feira";"15:20:00";"PR";158;530,5;"PATO BRANCO";"Acessar a via sem observar a presença dos outros veículos";"Colisão transversal";"Com Vítimas Feridas";"Pleno dia";"Decrescente";"Nublado";"Simples";"Interseção de Vias";"Sim";4;0;2;0;2;0;2;2;-26,19918947;-52,67511427;"SPRF-PR";"DEL02-PR";"UOP01-DEL02-PR"
478929;2022-10-06;"quinta-feira";"12:00:00";"SC";282;222;"LAGES";"Chuva";"Saída de leito carroçável";"Com Vítimas Feridas";"Pleno dia";"Crescente";"Chuva";"Simples";"Aclive";"Sim";1;0;1;0;0;0;1;1;-27,797739;-50,353409;"SPRF-SC";"DEL05-SC";"UOP01-DEL05-SC"
478930;2022-10-06;"quinta-feira";"15:14:00";"PB";101;96,7;"CONDE";"Velocidade Incompatível";"Saída de leito carroçável";"Com Vítimas Feridas";"Pleno dia";"Crescente";"Sol";"Dupla";"Reta";"Não";1;0;0;1;0;0;1;1;-7,230921;-34,921149;"SPRF-PB";"DEL01-PB";"UOP02-DEL01-PB"
478934;2022-10-06;"quinta-feira";"15:30:00";"PE";316;303;"FLORESTA";"Demais falhas mecânicas ou elétricas";"Incêndio";"Sem Vítimas";"Pleno dia";"Decrescente";"Céu Claro";"Simples";"Reta";"Não";1;0;0;0;1;0;0;1;-8,60774626;-38,57879405;"SPRF-PE";"DEL04-PE";"UOP03-DEL04-PE"
478935;2022-10-06;"quinta-feira";"07:20:00";"PI";343;325,9;"TERESINA";"Manobra de mudança de faixa";"Colisão traseira";"Com Vítimas Feridas";"Pleno dia";"Crescente";"Sol";"Simples";"Curva";"Não";2;0;2;0;0;0;2;2;-5,065521;-42,609653;"SPRF-PI";"DEL01-PI";"UOP01-DEL01-PI"
478936;2022-10-06;"quinta-feira";"07:50:00";"PE";232;281;"SERTANIA";"Ausência de reação do condutor";"Saída de leito carroçável";"Com Vítimas Feridas";"Pleno dia";"Decrescente";"Céu Claro";"Simples";"Reta";"Não";4;0;3;0;0;1;3;2;-8,34770731;-37,29960517;"SPRF-PE";"DEL04-PE";"UOP02-DEL04-PE"
478937;2022-10-06;"quinta-feira";"12:55:00";"RS";116;427;"CRISTAL";"Ausência de reação do condutor";"Colisão traseira";"Com Vítimas Feridas";"Pleno dia";"Crescente";"Chuva";"Simples";"Declive";"Sim";4;0;4;0;0;0;4;2;-30,99035;-52,038357;"SPRF-RS";"DEL02-RS";"UOP02-DEL02-RS"
478938;2022-10-06;"quinta-feira";"14:22:00";"PE";428;188;"PETROLINA";"Condutor deixou de manter distância do veículo da frente";"Colisão traseira";"Com Vítimas Feridas";"Pleno dia";"Decrescente";"Sol";"Dupla";"Viaduto;Aclive";"Sim";3;0;1;1;1;0;2;2;-9,37600211;-40,49226176;"SPRF-PE";"DEL06-PE";"UOP01-DEL06-PE"
478939;2022-09-25;"domingo";"19:10:00";"GO";70;4;"AGUAS LINDAS DE GOIAS";"Acessar a via sem observar a presença dos outros veículos";"Colisão transversal";"Sem Vítimas";"Plena Noite";"Decrescente";"Céu Claro";"Dupla";"Reta";"Sim";2;0;0;0;1;1;0;2;-15,759838;-48,246011;"SPRF-DF";"DEL03-DF";"UOP02-DEL03-DF"
478942;2022-10-06;"quinta-feira";"13:30:00";"PB";230;25;"JOAO PESSOA";"Ausência de reação do condutor";"Colisão lateral mesmo sentido";"Com Vítimas Feridas";"Pleno dia";"Decrescente";"Céu Claro";"Dupla";"Declive";"Não";3;0;1;0;2;0;1;2;-7,1707;-34,8684;"SPRF-PB";"DEL01-PB";"UOP01-DEL01-PB"
478944;2022-10-06;"quinta-feira";"11:55:00";"RO";364;308,6;"PRESIDENTE MEDICI";"Acessar a via sem observar a presença dos outros veículos";"Colisão transversal";"Com Vítimas Feridas";"Pleno dia";"Crescente";"Céu Claro";"Simples";"Reta";"Sim";2;0;0;1;1;0;1;2;-11,172427;-61,901573;"SPRF-RO";"DEL02-RO";"UOP01-DEL02-RO"
478945;2022-10-06;"quinta-feira";"14:32:00";"RS";287;247,5;"SANTA MARIA";"Área urbana sem a presença de local apropriado para a travessia de pedestres";"Atropelamento de Pedestre";"Com Vítimas Feridas";"Pleno dia";"Decrescente";"Céu Claro";"Dupla";"Reta";"Sim";3;0;0;1;0;2;1;3;-29,69846322;-53,84480953;"SPRF-RS";"DEL09-RS";"UOP01-DEL09-RS"
478946;2022-10-06;"quinta-feira";"11:15:00";"RS";116;143;"CAXIAS DO SUL";"Velocidade Incompatível";"Colisão lateral sentido oposto";"Com Vítimas Feridas";"Pleno dia";"Crescente";"Chuva";"Dupla";"Curva";"Sim";3;0;1;0;2;0;1;3;-29,12592248;-51,1275816;"SPRF-RS";"DEL05-RS";"UOP01-DEL05-RS"
478947;2022-10-06;"quinta-feira";"12:20:00";"SC";101;194,1;"BIGUACU";"Desrespeitar a preferência no cruzamento";"Colisão transversal";"Com Vítimas Feridas";"Pleno dia";"Crescente";"Chuva";"Múltipla";"Interseção de Vias";"Sim";2;0;1;0;1;0;1;2;-27,49815117;-48,65661236;"SPRF-SC";"DEL01-SC";"UOP01-DEL01-SC"
478949;2022-10-06;"quinta-feira";"16:00:00";"MG";40;758,5;"EWBANK DA CAMARA";"Condutor deixou de manter distância do veículo da frente";"Colisão lateral mesmo sentido";"Com Vítimas Feridas";"Pleno dia";"Crescente";"Céu Claro";"Simples";"Reta";"Não";3;0;1;0;2;0;1;3;-21,51149748;-43,5259874;"SPRF-MG";"DEL05-MG";"UOP01-DEL05-MG"
478950;2022-10-06;"quinta-feira";"14:00:00";"RS";116;246;"SAO LEOPOLDO";"Reação tardia ou ineficiente do condutor";"Tombamento";"Com Vítimas Feridas";"Pleno dia";"Crescente";"Céu Claro";"Dupla";"Curva;Declive";"Sim";1;0;1;0;0;0;1;1;-29,76198758;-51,15252614;"SPRF-RS";"DEL01-RS";"UOP02-DEL01-RS"
478951;2022-10-06;"quinta-feira";"13:00:00";"DF";70;15;"BRASILIA";"Avarias e/ou desgaste excessivo no pneu";"Queda de ocupante de veículo";"Com Vítimas Feridas";"Pleno dia";"Crescente";"Céu Claro";"Dupla";"Reta";"Sim";2;0;1;0;1;0;1;1;-15,798888;-48,185043;"SPRF-DF";"DEL03-DF";"UOP02-DEL03-DF"
478952;2022-10-06;"quinta-feira";"14:30:00";"RS";116;254;"SAPUCAIA DO SUL";"Reação tardia ou ineficiente do condutor";"Colisão traseira";"Com Vítimas Feridas";"Pleno dia";"Decrescente";"Nublado";"Dupla";"Reta;Interseção de Vias";"Sim";2;0;1;0;1;0;1;2;-29,82266245;-51,1712265;"SPRF-RS";"DEL01-RS";"UOP02-DEL01-RS"
478953;2022-04-13;"quarta-feira";"18:15:00";"RS";470;176;"VERANOPOLIS";"Condutor deixou de manter distância do veículo da frente";"Colisão traseira";"Com Vítimas Feridas";"Plena Noite";"Crescente";"Céu Claro";"Simples";"Reta";"Sim";3;0;1;0;2;0;1;2;-28,929109;-51,54315;"SPRF-RS";"DEL06-RS";"UOP02-DEL06-RS"
478954;2022-10-06;"quinta-feira";"17:15:00";"SP";101;50;"UBATUBA";"Retorno proibido";"Colisão transversal";"Com Vítimas Feridas";"Pleno dia";"Crescente";"Nublado";"Simples";"Reta";"Sim";2;0;1;0;1;0;1;2;-23,45018939;-45,07743735;"SPRF-SP";"DEL06-SP";"UOP01-DEL06-SP"
478956;2022-10-06;"quinta-feira";"17:10:00";"SC";101;206,7;"SAO JOSE";"Chuva";"Tombamento";"Com Vítimas Feridas";"Pleno dia";"Crescente";"Chuva";"Múltipla";"Reta";"Sim";1;0;1;0;0;0;1;1;-27,59193546;-48,61824557;"SPRF-SC";"DEL01-SC";"UOP01-DEL01-SC"
478958;2022-10-06;"quinta-feira";"10:10:00";"SC";101;148;"ITAPEMA";"Condutor deixou de manter distância do veículo da frente";"Colisão traseira";"Com Vítimas Feridas";"Pleno dia";"Crescente";"Chuva";"Múltipla";"Reta";"Sim";2;0;1;0;1;0;1;2;-27,10123686;-48,61807962;"SPRF-SC";"DEL04-SC";"UOP03-DEL04-SC"
478960;2022-10-06;"quinta-feira";"16:40:00";"SC";101;148;"ITAPEMA";"Acumulo de água sobre o pavimento";"Colisão traseira";"Com Vítimas Feridas";"Pleno dia";"Crescente";"Chuva";"Dupla";"Reta";"Sim";2;0;1;0;1;0;1;2;-27,10123686;-48,61807962;"SPRF-SC";"DEL04-SC";"UOP03-DEL04-SC"
478962;2022-10-06;"quinta-feira";"17:00:00";"PB";230;334;"PATOS";"Acessar a via sem observar a presença dos outros veículos";"Colisão transversal";"Com Vítimas Feridas";"Anoitecer";"Decrescente";"Céu Claro";"Simples";"Reta";"Sim";2;0;1;0;1;0;1;2;-7,018;-37,2589;"SPRF-PB";"DEL03-PB";"UOP01-DEL03-PB"
478963;2022-10-06;"quinta-feira";"14:40:00";"SC";101;148;"ITAPEMA";"Reação tardia ou ineficiente do condutor";"Colisão com objeto";"Sem Vítimas";"Pleno dia";"Decrescente";"Chuva";"Dupla";"Reta";"Sim";2;0;0;0;2;0;0;1;-27,10123686;-48,61807962;"SPRF-SC";"DEL04-SC";"UOP03-DEL04-SC"
478965;2022-09-16;"sexta-feira";"17:25:00";"MG";267;81,7;"JUIZ DE FORA";"Condutor Dormindo";"Saída de leito carroçável";"Com Vítimas Feridas";"Pleno dia";"Crescente";"Chuva";"Simples";"Declive;Curva";"Não";1;0;0;1;0;0;1;1;-21,76012664;-43,21968811;"SPRF-MG";"DEL05-MG";"UOP01-DEL05-MG"
478968;2022-10-06;"quinta-feira";"14:30:00";"PB";412;12,6;"BOA VISTA";"Mal súbito do condutor";"Colisão com objeto";"Com Vítimas Fatais";"Pleno dia";"Crescente";"Céu Claro";"Simples";"Aclive;Reta";"Não";1;1;0;0;0;0;0;1;-7,226268;-36,18747;"SPRF-PB";"DEL02-PB";"UOP02-DEL02-PB"
478969;2022-10-06;"quinta-feira";"17:45:00";"RS";285;111;"VACARIA";"Demais falhas mecânicas ou elétricas";"Eventos atípicos";"Sem Vítimas";"Pleno dia";"Crescente";"Céu Claro";"Simples";"Reta";"Não";1;0;0;0;0;1;0;1;-28,51087;-50,848324;"SPRF-RS";"DEL05-RS";"UOP03-DEL05-RS"
478971;2022-09-24;"sábado";"15:00:00";"BA";242;487;"IBITIARA";"Reação tardia ou ineficiente do condutor";"Tombamento";"Com Vítimas Feridas";"Pleno dia";"Decrescente";"Chuva";"Simples";"Curva";"Não";4;0;2;1;1;0;3;1;-12,47301328;-42,2890842;"SPRF-BA";"DEL06-BA";"UOP01-DEL06-BA"
478974;2022-10-06;"quinta-feira";"17:30:00";"PE";232;8,4;"RECIFE";"Transitar na contramão";"Colisão transversal";"Com Vítimas Feridas";"Anoitecer";"Crescente";"Nublado";"Dupla";"Reta";"Sim";2;0;1;1;0;0;2;2;-8,07583727;-34,97015791;"SPRF-PE";"DEL01-PE";"UOP01-DEL01-PE"
478975;2022-10-06;"quinta-feira";"18:20:00";"SC";101;149;"ITAPEMA";"Ausência de reação do condutor";"Colisão traseira";"Com Vítimas Feridas";"Anoitecer";"Decrescente";"Nublado";"Múltipla";"Reta";"Sim";3;0;2;0;1;0;2;2;-27,1089649;-48,61277586;"SPRF-SC";"DEL04-SC";"UOP03-DEL04-SC"
478976;2022-10-06;"quinta-feira";"18:10:00";"RS";116;258;"ESTEIO";"Reação tardia ou ineficiente do condutor";"Tombamento";"Com Vítimas Feridas";"Anoitecer";"Decrescente";"Nublado";"Dupla";"Reta";"Sim";3;0;0;1;0;2;1;2;-29,86150502;-51,18091535;"SPRF-RS";"DEL01-RS";"UOP02-DEL01-RS"
478978;2022-10-06;"quinta-feira";"18:00:00";"MG";365;625;"UBERLANDIA";"Reação tardia ou ineficiente do condutor";"Colisão traseira";"Com Vítimas Feridas";"Anoitecer";"Crescente";"Chuva";"Dupla";"Aclive";"Sim";2;0;1;0;1;0;1;2;-18,90537299;-48,32265615;"SPRF-MG";"DEL15-MG";"UOP01-DEL15-MG"
478979;2022-10-06;"quinta-feira";"18:15:00";"SE";235;44;"ITABAIANA";"Acostamento em desnível";"Queda de ocupante de veículo";"Com Vítimas Feridas";"Plena Noite";"Crescente";"Céu Claro";"Simples";"Reta";"Não";1;0;0;1;0;0;1;1;-10,75489;-37,394836;"SPRF-SE";"DEL01-SE";"UOP02-DEL01-SE"
478980;2022-10-06;"quinta-feira";"18:25:00";"SC";101;195;"BIGUACU";"Reação tardia ou ineficiente do condutor";"Colisão traseira";"Com Vítimas Feridas";"Plena Noite";"Decrescente";"Chuva";"Múltipla";"Reta";"Sim";2;0;1;0;1;0;1;2;-27,5047092;-48,65010819;"SPRF-SC";"DEL01-SC";"UOP01-DEL01-SC"
478981;2022-10-06;"quinta-feira";"18:52:00";"SP";116;351;"MIRACATU";"Velocidade Incompatível";"Saída de leito carroçável";"Com Vítimas Feridas";"Plena Noite";"Decrescente";"Chuva";"Dupla";"Curva";"Não";2;0;1;0;1;0;1;1;-24,06157909;-47,22591797;"SPRF-SP";"DEL04-SP";"UOP02-DEL04-SP"
478982;2022-10-06;"quinta-feira";"19:00:00";"SC";101;154;"ITAPEMA";"Reação tardia ou ineficiente do condutor";"Colisão traseira";"Sem Vítimas";"Plena Noite";"Decrescente";"Chuva";"Dupla";"Reta";"Sim";2;0;0;0;2;0;0;2;-27,153819;-48,61086393;"SPRF-SC";"DEL04-SC";"UOP03-DEL04-SC"
478983;2022-10-06;"quinta-feira";"17:50:00";"BA";324;525;"FEIRA DE SANTANA";"Mal súbito do condutor";"Colisão traseira";"Com Vítimas Feridas";"Anoitecer";"Decrescente";"Céu Claro";"Dupla";"Reta";"Sim";6;0;1;0;5;0;1;3;-12,31028709;-38,88522983;"SPRF-BA";"DEL01-BA";"UOP03-DEL01-BA"
478984;2022-10-06;"quinta-feira";"17:05:00";"SC";101;152,8;"PORTO BELO";"Demais falhas mecânicas ou elétricas";"Incêndio";"Sem Vítimas";"Anoitecer";"Crescente";"Chuva";"Dupla";"Reta";"Sim";1;0;0;0;0;1;0;1;-27,14378248;-48,61054301;"SPRF-SC";"DEL04-SC";"UOP03-DEL04-SC"
478985;2022-10-06;"quinta-feira";"19:15:00";"RS";386;36,1;"FREDERICO WESTPHALEN";"Desrespeitar a preferência no cruzamento";"Colisão transversal";"Com Vítimas Feridas";"Anoitecer";"Crescente";"Garoa/Chuvisco";"Simples";"Interseção de Vias";"Sim";2;0;1;0;1;0;1;2;-27,373381;-53,39772;"SPRF-RS";"DEL08-RS";"UOP02-DEL08-RS"
478987;2022-10-06;"quinta-feira";"17:45:00";"MT";163;842;"SINOP";"Reação tardia ou ineficiente do condutor";"Saída de leito carroçável";"Sem Vítimas";"Plena Noite";"Decrescente";"Céu Claro";"Simples";"Reta";"Não";2;0;0;0;2;0;0;1;-11,79947;-55,479451;"SPRF-MT";"DEL06-MT";"NPF/DEL06-MT"
478988;2022-10-06;"quinta-feira";"10:00:00";"MT";163;816;"SINOP";"Desrespeitar a preferência no cruzamento";"Colisão transversal";"Sem Vítimas";"Pleno dia";"Decrescente";"Céu Claro";"Simples";"Reta;Retorno Regulamentado";"Não";4;0;0;0;4;0;0;2;-12,02538569;-55,51743507;"SPRF-MT";"DEL06-MT";"UOP01-DEL06-MT"
478990;2022-10-06;"quinta-feira";"19:20:00";"RS";290;88;"PORTO ALEGRE";"Condutor deixou de manter distância do veículo da frente";"Colisão lateral mesmo sentido";"Com Vítimas Feridas";"Plena Noite";"Crescente";"Nublado";"Múltipla";"Reta";"Sim";2;0;1;0;1;0;1;2;-29,967531;-51,137264;"SPRF-RS";"DEL01-RS";"UOP01-DEL01-RS"
478992;2022-10-06;"quinta-feira";"19:20:00";"GO";50;97,1;"CRISTALINA";"Acessar a via sem observar a presença dos outros veículos";"Colisão transversal";"Com Vítimas Feridas";"Plena Noite";"Decrescente";"Céu Claro";"Simples";"Interseção de Vias";"Sim";2;0;1;0;1;0;1;2;-16,9309;-47,7117;"SPRF-DF";"DEL01-DF";"UOP02-DEL01-DF"
478993;2022-10-06;"quinta-feira";"19:15:00";"GO";50;145,4;"IPAMERI";"Animais na Pista";"Atropelamento de Animal";"Com Vítimas Feridas";"Plena Noite";"Decrescente";"Nublado";"Dupla";"Reta";"Não";1;0;1;0;0;0;1;1;-17,1301;-47,7224;"SPRF-GO";"DEL06-GO";"UOP01-DEL06-GO"
478995;2022-10-06;"quinta-feira";"17:45:00";"MG";116;415,7;"GOVERNADOR VALADARES";"Acessar a via sem observar a presença dos outros veículos";"Colisão transversal";"Com Vítimas Feridas";"Anoitecer";"Crescente";"Nublado";"Simples";"Reta";"Sim";2;0;1;0;1;0;1;2;-18,88401297;-41,94924399;"SPRF-MG";"DEL06-MG";"UOP01-DEL06-MG"
478996;2022-10-06;"quinta-feira";"19:40:00";"MG";146;425,1;"MUZAMBINHO";"Chuva";"Capotamento";"Com Vítimas Feridas";"Plena Noite";"Crescente";"Chuva";"Simples";"Reta";"Não";2;0;2;0;0;0;2;1;-21,35749596;-46,50684357;"SPRF-MG";"DEL09-MG";"UOP01-DEL09-MG"
478997;2022-10-06;"quinta-feira";"18:15:00";"BA";101;38;"ESPLANADA";"Animais na Pista";"Atropelamento de Animal";"Com Vítimas Feridas";"Plena Noite";"Decrescente";"Céu Claro";"Simples";"Reta";"Não";1;0;0;1;0;0;1;1;-11,801972;-37,957338;"SPRF-SE";"DEL02-SE";"UOP03-DEL02-SE"
479001;2022-10-06;"quinta-feira";"17:30:00";"SC";101;347,4;"JAGUARUNA";"Ausência de reação do condutor";"Saída de leito carroçável";"Sem Vítimas";"Plena Noite";"Decrescente";"Nublado";"Dupla";"Viaduto";"Não";1;0;0;0;1;0;0;1;-28,57848643;-49,05192029;"SPRF-SC";"DEL02-SC";"UOP01-DEL02-SC"