"id";"data_inversa";"dia_semana";"horario";"uf";"br";"km";"municipio";"causa_acidente";"tipo_acidente";"classificacao_acidente";"fase_dia";"sentido_via";"condicao_metereologica";"tipo_pista";"tracado_via";"uso_solo";"pessoas";"mortos";"feridos_leves";"feridos_graves";"ilesos";"ignorados";"feridos";"veiculos";"latitude";"longitude";"regional";"delegacia";"uop"
479002;2022-10-06;"quinta-feira";"19:40:00";"SP";153;61,6;"SAO JOSE DO RIO PRETO";"Reação tardia ou ineficiente do condutor";"Colisão lateral mesmo sentido";"Com Vítimas Feridas";"Plena Noite";"Decrescente";"Chuva";"Dupla";"Aclive";"Sim";2;0;1;0;1;0;1;2;-20,80502876;-49,35574909;"SPRF-SP";"DEL09-SP";"UOP01-DEL09-SP"
479003;2022-10-06;"quinta-feira";"19:32:00";"SP";116;282,1;"EMBU DAS ARTES";"Condutor deixou de manter distância do veículo da frente";"Colisão traseira";"Com Vítimas Feridas";"Plena Noite";"Decrescente";"Chuva";"Múltipla";"Reta";"Sim";2;0;1;0;0;1;1;2;-23,68570216;-46,85970975;"SPRF-SP";"DEL04-SP";"UOP01-DEL04-SP"
479004;2022-10-06;"quinta-feira";"19:20:00";"PR";469;13;"FOZ DO IGUACU";"Ingestão de álcool pelo condutor";"Colisão frontal";"Sem Vítimas";"Plena Noite";"Decrescente";"Nublado";"Simples";"Reta";"Não";3;0;0;0;3;0;0;3;-25,57860829;-54,53934258;"SPRF-PR";"DEL05-PR";"UOP04-DEL05-PR"
479005;2022-10-06;"quinta-feira";"18:10:00";"SC";470;64,2;"INDAIAL";"Ingestão de álcool pelo condutor";"Colisão traseira";"Sem Vítimas";"Anoitecer";"Crescente";"Nublado";"Simples";"Reta";"Não";3;0;0;0;3;0;0;2;-26,869867;-49,201859;"SPRF-SC";"DEL04-SC";"UOP01-DEL04-SC"
479006;2022-10-06;"quinta-feira";"13:00:00";"PR";153;188;"TIBAGI";"Chuva";"Saída de leito carroçável";"Com Vítimas Feridas";"Pleno dia";"Crescente";"Chuva";"Simples";"Reta";"Não";1;0;1;0;0;0;1;1;-24,41039225;-50,36085006;"SPRF-PR";"DEL03-PR";"UOP02-DEL03-PR"
479007;2022-10-06;"quinta-feira";"19:05:00";"PI";316;312;"PICOS";"Ausência de sinalização";"Colisão com objeto";"Com Vítimas Feridas";"Plena Noite";"Decrescente";"Céu Claro";"Simples";"Reta";"Sim";1;0;0;1;0;0;1;1;-7,08092534;-41,4582602;"SPRF-PI";"DEL04-PI";"UOP01-DEL04-PI"
479008;2022-10-06;"quinta-feira";"19:46:00";"SC";470;98;"APIUNA";"Acessar a via sem observar a presença dos outros veículos";"Colisão transversal";"Com Vítimas Feridas";"Plena Noite";"Crescente";"Nublado";"Simples";"Interseção de Vias";"Sim";2;0;0;1;1;0;1;2;-27,032537;-49,385468;"SPRF-SC";"DEL04-SC";"UOP01-DEL04-SC"
479010;2022-10-06;"quinta-feira";"17:55:00";"SC";470;126;"LONTRAS";"Acessar a via sem observar a presença dos outros veículos";"Colisão transversal";"Com Vítimas Feridas";"Anoitecer";"Decrescente";"Nublado";"Simples";"Reta";"Não";2;0;1;0;1;0;1;2;-27,134011;-49,540158;"SPRF-SC";"DEL04-SC";"UOP02-DEL04-SC"
479011;2022-10-06;"quinta-feira";"19:28:00";"MG";40;41,5;"PARACATU";"Desrespeitar a preferência no cruzamento";"Colisão transversal";"Com Vítimas Feridas";"Plena Noite";"Crescente";"Céu Claro";"Simples";"Reta";"Sim";3;0;1;0;2;0;1;2;-17,21560683;-46,86908126;"SPRF-MG";"DEL14-MG";"UOP01-DEL14-MG"
479012;2022-10-06;"quinta-feira";"21:00:00";"SC";101;139,1;"BALNEARIO CAMBORIU";"Velocidade Incompatível";"Colisão transversal";"Com Vítimas Feridas";"Plena Noite";"Decrescente";"Nublado";"Dupla";"Curva";"Sim";3;0;0;1;2;0;1;2;-27,02982303;-48,60115006;"SPRF-SC";"DEL04-SC";"UOP03-DEL04-SC"
479013;2022-10-06;"quinta-feira";"21:00:00";"SP";116;213;"GUARULHOS";"Acessar a via sem observar a presença dos outros veículos";"Queda de ocupante de veículo";"Com Vítimas Feridas";"Plena Noite";"Crescente";"Chuva";"Múltipla";"Reta";"Sim";1;0;0;1;0;0;1;1;-23,43971486;-46,43667806;"SPRF-SP";"DEL01-SP";"UOP01-DEL01-SP"
479014;2022-10-06;"quinta-feira";"15:30:00";"RO";429;116;"ALVORADA DOESTE";"Chuva";"Saída de leito carroçável";"Com Vítimas Feridas";"Pleno dia";"Crescente";"Chuva";"Simples";"Reta";"Não";1;0;1;0;0;0;1;1;-11,50374119;-62,43618482;"SPRF-RO";"DEL02-RO";"UOP03-DEL02-RO"
479016;2022-10-06;"quinta-feira";"18:00:00";"MG";40;699,1;"BARBACENA";"Reação tardia ou ineficiente do condutor";"Saída de leito carroçável";"Com Vítimas Feridas";"Anoitecer";"Crescente";"Nublado";"Dupla";"Curva";"Não";1;0;1;0;0;0;1;1;-21,19764;-43,749184;"SPRF-MG";"DEL05-MG";"UOP02-DEL05-MG"
479017;2022-10-06;"quinta-feira";"20:30:00";"PR";376;1,7;"SAO JOSE DOS PINHAIS";"Ausência de reação do condutor";"Colisão lateral mesmo sentido";"Com Vítimas Feridas";"Plena Noite";"Crescente";"Garoa/Chuvisco";"Dupla";"Reta";"Sim";2;0;1;0;1;0;1;2;-25,5307;-49,1958;"SPRF-PR";"DEL01-PR";"UOP04-DEL01-PR"
479021;2022-10-06;"quinta-feira";"20:30:00";"PR";153;95;"JAPIRA";"Avarias e/ou desgaste excessivo no pneu";"Saída de leito carroçável";"Com Vítimas Feridas";"Plena Noite";"Decrescente";"Chuva";"Simples";"Reta";"Não";1;0;1;0;0;0;1;1;-23,73015023;-50,17832875;"SPRF-PR";"DEL07-PR";"UOP04-DEL07-PR"
479022;2022-10-06;"quinta-feira";"20:10:00";"RS";158;323;"SANTA MARIA";"Velocidade Incompatível";"Colisão com objeto";"Com Vítimas Feridas";"Plena Noite";"Decrescente";"Chuva";"Dupla";"Curva";"Sim";3;0;1;0;2;0;1;1;-29,69619578;-53,77757728;"SPRF-RS";"DEL09-RS";"UOP01-DEL09-RS"
479023;2022-10-06;"quinta-feira";"20:50:00";"GO";80;2;"PADRE BERNARDO";"Ausência de sinalização";"Saída de leito carroçável";"Com Vítimas Feridas";"Plena Noite";"Crescente";"Nublado";"Simples";"Interseção de Vias";"Não";3;0;2;0;1;0;2;1;-15,502505;-48,21132;"SPRF-DF";"DEL03-DF";"UOP02-DEL03-DF"
479024;2022-10-06;"quinta-feira";"12:50:00";"SC";282;386;"JOACABA";"Acumulo de água sobre o pavimento";"Saída de leito carroçável";"Com Vítimas Feridas";"Pleno dia";"Crescente";"Chuva";"Simples";"Curva;Aclive";"Não";1;0;1;0;0;0;1;1;-27,191095;-51,517143;"SPRF-SC";"DEL07-SC";"UOP05-DEL07-SC"
479026;2022-10-06;"quinta-feira";"21:40:00";"PR";277;71;"SAO JOSE DOS PINHAIS";"Ausência de reação do condutor";"Capotamento";"Com Vítimas Feridas";"Plena Noite";"Crescente";"Garoa/Chuvisco";"Dupla";"Reta";"Não";1;0;1;0;0;0;1;1;-25,52920381;-49,08862791;"SPRF-PR";"DEL01-PR";"UOP01-DEL01-PR"
479027;2022-10-06;"quinta-feira";"20:40:00";"RJ";40;118;"DUQUE DE CAXIAS";"Demais falhas mecânicas ou elétricas";"Queda de ocupante de veículo";"Com Vítimas Feridas";"Plena Noite";"Decrescente";"Ignorado";"Dupla";"Reta";"Não";1;0;1;0;0;0;1;1;-22,75470802;-43,28737838;"SPRF-RJ";"DEL01-RJ";"UOP01-DEL01-RJ"
479028;2022-10-06;"quinta-feira";"07:30:00";"PI";316;11;"TERESINA";"Desrespeitar a preferência no cruzamento";"Colisão transversal";"Com Vítimas Feridas";"Pleno dia";"Crescente";"Céu Claro";"Múltipla";"Rotatória";"Sim";3;0;2;1;0;0;3;2;-5,191739;-42,76076102;"SPRF-PI";"DEL01-PI";"UOP02-DEL01-PI"
479029;2022-10-06;"quinta-feira";"22:45:00";"SC";101;186;"BIGUACU";"Velocidade Incompatível";"Colisão com objeto";"Sem Vítimas";"Plena Noite";"Crescente";"Chuva";"Dupla";"Curva";"Não";1;0;0;0;1;0;0;1;-27,4341098;-48,62567129;"SPRF-SC";"DEL01-SC";"UOP01-DEL01-SC"
479031;2022-10-06;"quinta-feira";"22:50:00";"RS";116;455;"SAO LOURENCO DO SUL";"Ausência de reação do condutor";"Saída de leito carroçável";"Com Vítimas Feridas";"Plena Noite";"Decrescente";"Nublado";"Dupla";"Reta";"Não";2;0;1;0;1;0;1;1;-31,23670681;-51,9985687;"SPRF-RS";"DEL02-RS";"UOP02-DEL02-RS"
479032;2022-10-06;"quinta-feira";"22:15:00";"MG";40;523;"CONTAGEM";"Objeto estático sobre o leito carroçável";"Colisão com objeto";"Com Vítimas Feridas";"Plena Noite";"Decrescente";"Céu Claro";"Dupla";"Reta";"Sim";1;0;1;0;0;0;1;1;-19,86874894;-44,05962197;"SPRF-MG";"DEL01-MG";"UOP02-DEL01-MG"
479033;2022-10-06;"quinta-feira";"21:45:00";"SP";116;136;"SAO JOSE DOS CAMPOS";"Ingestão de álcool pelo condutor";"Colisão lateral sentido oposto";"Com Vítimas Feridas";"Plena Noite";"Crescente";"Garoa/Chuvisco";"Simples";"Curva";"Sim";3;0;1;0;2;0;1;3;-23,14874471;-45,77863714;"SPRF-SP";"DEL02-SP";"UOP01-DEL02-SP"
479034;2022-10-06;"quinta-feira";"21:00:00";"MG";116;375,5;"MATHIAS LOBATO";"Acessar a via sem observar a presença dos outros veículos";"Colisão frontal";"Com Vítimas Feridas";"Plena Noite";"Decrescente";"Céu Claro";"Simples";"Reta";"Sim";2;0;0;1;1;0;1;2;-18,57693006;-41,92030356;"SPRF-MG";"DEL06-MG";"UOP01-DEL06-MG"
479035;2022-10-06;"quinta-feira";"21:10:00";"MG";262;774;"UBERABA";"Reação tardia ou ineficiente do condutor";"Capotamento";"Com Vítimas Feridas";"Plena Noite";"Crescente";"Ignorado";"Simples";"Reta";"Não";3;0;3;0;0;0;3;1;-19,72184989;-47,7115981;"SPRF-MG";"DEL13-MG";"UOP01-DEL13-MG"
479036;2022-10-06;"quinta-feira";"22:00:00";"RO";364;446,1;"JARU";"Animais na Pista";"Atropelamento de Animal";"Com Vítimas Feridas";"Plena Noite";"Decrescente";"Céu Claro";"Simples";"Declive;Reta";"Não";1;0;1;0;0;0;1;1;-10,32193319;-62,62494616;"SPRF-RO";"DEL03-RO";"UOP02-DEL03-RO"
479037;2022-10-06;"quinta-feira";"22:20:00";"RS";386;178;"CARAZINHO";"Ausência de reação do condutor";"Colisão traseira";"Com Vítimas Feridas";"Plena Noite";"Decrescente";"Garoa/Chuvisco";"Simples";"Reta";"Não";2;0;1;0;1;0;1;2;-28,2883;-52,759373;"SPRF-RS";"DEL08-RS";"UOP01-DEL08-RS"
479038;2022-10-06;"quinta-feira";"23:10:00";"SC";101;286,7;"IMBITUBA";"Demais falhas mecânicas ou elétricas";"Incêndio";"Sem Vítimas";"Plena Noite";"Crescente";"Garoa/Chuvisco";"Múltipla";"Reta";"Não";1;0;0;0;1;0;0;1;-28,25420722;-48,70304888;"SPRF-SC";"DEL02-SC";"UOP03-DEL02-SC"
479039;2022-10-06;"quinta-feira";"23:23:00";"SP";116;399;"MIRACATU";"Velocidade Incompatível";"Saída de leito carroçável";"Com Vítimas Feridas";"Plena Noite";"Crescente";"Chuva";"Dupla";"Reta";"Não";4;0;2;0;2;0;2;1;-24,30085222;-47,48456072;"SPRF-SP";"DEL04-SP";"UOP02-DEL04-SP"
479040;2022-10-06;"quinta-feira";"23:45:00";"RS";392;320;"SAO SEPE";"Pedestre andava na pista";"Atropelamento de Pedestre";"Com Vítimas Fatais";"Plena Noite";"Decrescente";"Chuva";"Simples";"Reta";"Não";4;1;0;0;2;1;0;2;-29,980847;-53,688134;"SPRF-RS";"DEL09-RS";"UOP01-DEL09-RS"
479041;2022-10-06;"quinta-feira";"23:20:00";"PR";376;168;"MARINGA";"Frear bruscamente";"Saída de leito carroçável";"Com Vítimas Feridas";"Plena Noite";"Crescente";"Nublado";"Dupla";"Reta";"Sim";1;0;1;0;0;0;1;1;-23,409788;-51,987453;"SPRF-PR";"DEL09-PR";"UOP01-DEL09-PR"
479045;2022-10-06;"quinta-feira";"22:30:00";"PR";158;506;"CORONEL VIVIDA";"Velocidade Incompatível";"Saída de leito carroçável";"Com Vítimas Feridas";"Plena Noite";"Crescente";"Nevoeiro/Neblina";"Simples";"Curva";"Não";4;0;3;0;1;0;3;1;-26,01525192;-52,57019203;"SPRF-PR";"DEL02-PR";"UOP01-DEL02-PR"
479046;2022-02-16;"quarta-feira";"04:50:00";"SC";101;118;"ITAJAI";"Reação tardia ou ineficiente do condutor";"Tombamento";"Com Vítimas Feridas";"Plena Noite";"Crescente";"Ignorado";"Múltipla";"Reta";"Sim";1;0;1;0;0;0;1;1;-26,895859;-48,71903;"SPRF-SC";"DEL04-SC";"UOP04-DEL04-SC"
479047;2022-10-07;"sexta-feira";"01:03:00";"PB";230;20;"JOAO PESSOA";"Reação tardia ou ineficiente do condutor";"Tombamento";"Com Vítimas Feridas";"Plena Noite";"Crescente";"Chuva";"Dupla";"Reta";"Sim";1;0;0;1;0;0;1;1;-7,1337;-34,8544;"SPRF-PB";"DEL01-PB";"UOP01-DEL01-PB"
479048;2022-10-07;"sexta-feira";"00:30:00";"RJ";101;309;"SAO GONCALO";"Manobra de mudança de faixa";"Capotamento";"Sem Vítimas";"Plena Noite";"Decrescente";"Nublado";"Simples";"Reta";"Não";2;0;0;0;2;0;0;2;-22,79498873;-43,03446105;"SPRF-RJ";"DEL02-RJ";"UOP02-DEL02-RJ"
479052;2022-10-07;"sexta-feira";"01:15:00";"PE";101;150,4;"RIBEIRAO";"Reação tardia ou ineficiente do condutor";"Colisão com objeto";"Com Vítimas Feridas";"Plena Noite";"Crescente";"Chuva";"Dupla";"Curva";"Não";1;0;0;1;0;0;1;1;-8,49669957;-35,38211017;"SPRF-PE";"DEL01-PE";"UOP03-DEL01-PE"
479054;2022-10-06;"quinta-feira";"18:36:00";"RO";364;12;"VILHENA";"Acessar a via sem observar a presença dos outros veículos";"Colisão transversal";"Com Vítimas Feridas";"Plena Noite";"Crescente";"Céu Claro";"Simples";"Rotatória";"Sim";2;0;1;0;1;0;1;2;-12,74370233;-60,12147609;"SPRF-RO";"DEL04-RO";"UOP01-DEL04-RO"
479055;2022-10-07;"sexta-feira";"02:30:00";"SC";282;16,7;"PALHOCA";"Reação tardia ou ineficiente do condutor";"Atropelamento de Pedestre";"Com Vítimas Feridas";"Plena Noite";"Crescente";"Chuva";"Múltipla";"Reta";"Sim";2;0;1;0;0;1;1;2;-27,658611;-48,681847;"SPRF-SC";"DEL01-SC";"UOP02-DEL01-SC"
479056;2022-10-06;"quinta-feira";"11:45:00";"MA";135;24;"SAO LUIS";"Desvio temporário";"Colisão lateral mesmo sentido";"Sem Vítimas";"Pleno dia";"Decrescente";"Céu Claro";"Dupla";"Reta";"Sim";2;0;0;0;2;0;0;2;-2,551;-44,307;"SPRF-MA";"DEL01-MA";"UOP01-DEL01-MA"
479059;2022-09-25;"domingo";"00:45:00";"PE";424;89;"GARANHUNS";"Reação tardia ou ineficiente do condutor";"Saída de leito carroçável";"Sem Vítimas";"Plena Noite";"Decrescente";"Ignorado";"Simples";"Curva";"Sim";1;0;0;0;0;1;0;1;-8,89345;-36,500542;"SPRF-PE";"DEL03-PE";"UOP01-DEL03-PE"
479060;2022-10-06;"quinta-feira";"19:00:00";"SC";158;143;"PALMITOS";"Velocidade Incompatível";"Saída de leito carroçável";"Com Vítimas Feridas";"Plena Noite";"Crescente";"Nublado";"Simples";"Curva";"Não";1;0;1;0;0;0;1;1;-27,13756409;-53,21425974;"SPRF-SC";"DEL07-SC";"UOP02-DEL07-SC"
479063;2022-10-07;"sexta-feira";"05:45:00";"RS";290;104;"ELDORADO DO SUL";"Objeto estático sobre o leito carroçável";"Colisão com objeto";"Sem Vítimas";"Plena Noite";"Crescente";"Nublado";"Dupla";"Ponte;Reta";"Sim";1;0;0;0;1;0;0;1;-29,993122;-51,275398;"SPRF-RS";"DEL02-RS";"UOP01-DEL02-RS"
479064;2022-10-07;"sexta-feira";"04:00:00";"RJ";493;63;"NOVA IGUACU";"Ausência de reação do condutor";"Saída de leito carroçável";"Com Vítimas Feridas";"Plena Noite";"Decrescente";"Chuva";"Dupla";"Curva";"Não";2;0;1;0;1;0;1;1;-22,66566024;-43,32458496;"SPRF-RJ";"DEL01-RJ";"UOP03-DEL01-RJ"
479066;2022-10-07;"sexta-feira";"04:30:00";"MG";365;624;"UBERLANDIA";"Pista Escorregadia";"Saída de leito carroçável";"Com Vítimas Feridas";"Plena Noite";"Crescente";"Chuva";"Múltipla";"Reta";"Sim";3;0;1;0;1;1;1;2;-18,90754763;-48,3160669;"SPRF-MG";"DEL15-MG";"UOP01-DEL15-MG"
479068;2022-08-20;"sábado";"13:45:00";"RJ";101;261;"RIO BONITO";"Condutor deixou de manter distância do veículo da frente";"Colisão traseira";"Com Vítimas Feridas";"Pleno dia";"Crescente";"Nublado";"Dupla";"Curva";"Não";3;0;1;0;1;1;1;2;-22,71139378;-42,61157199;"SPRF-RJ";"DEL02-RJ";"UOP03-DEL02-RJ"
479069;2022-10-07;"sexta-feira";"05:00:00";"MS";163;567;"BANDEIRANTES";"Manobra de mudança de faixa";"Colisão lateral mesmo sentido";"Com Vítimas Feridas";"Pleno dia";"Decrescente";"Nublado";"Simples";"Reta";"Não";4;0;1;0;2;1;1;2;-19,75811396;-54,35853617;"SPRF-MS";"DEL01-MS";"UOP02-DEL01-MS"
479071;2022-10-07;"sexta-feira";"07:10:00";"ES";101;264;"SERRA";"Ausência de reação do condutor";"Tombamento";"Com Vítimas Feridas";"Pleno dia";"Crescente";"Nublado";"Múltipla";"Interseção de Vias";"Sim";1;0;1;0;0;0;1;1;-20,17292791;-40,26736384;"SPRF-ES";"DEL02-ES";"UOP01-DEL02-ES"
479072;2022-10-07;"sexta-feira";"05:00:00";"MT";163;1035;"MATUPA";"Reação tardia ou ineficiente do condutor";"Colisão traseira";"Com Vítimas Feridas";"Amanhecer";"Decrescente";"Céu Claro";"Simples";"Reta";"Sim";2;0;1;0;1;0;1;2;-10,20914444;-54,96248747;"SPRF-MT";"DEL06-MT";"NPF/DEL06-MT"
479073;2022-10-07;"sexta-feira";"05:30:00";"GO";414;438;"ANAPOLIS";"Ingestão de álcool pelo condutor";"Colisão frontal";"Com Vítimas Fatais";"Amanhecer";"Crescente";"Nublado";"Simples";"Aclive";"Não";4;1;3;0;0;0;3;3;-16,27247393;-48,94040427;"SPRF-GO";"DEL02-GO";"UOP01-DEL02-GO"
479076;2022-10-07;"sexta-feira";"07:15:00";"RS";0;0;"CAXIAS DO SUL";"Condutor deixou de manter distância do veículo da frente";"Colisão traseira";"Sem Vítimas";"Pleno dia";"Não Informado";"Céu Claro";"Dupla";"Reta";"Sim";2;0;0;0;2;0;0;2;-29,118288;-51,115498;"SPRF-RS";"DEL05-RS";"UOP01-DEL05-RS"
479077;2022-10-07;"sexta-feira";"07:25:00";"ES";101;287,1;"CARIACICA";"Ausência de reação do condutor";"Colisão traseira";"Com Vítimas Feridas";"Pleno dia";"Decrescente";"Céu Claro";"Dupla";"Reta";"Não";2;0;0;1;1;0;1;2;-20,28029304;-40,39302931;"SPRF-ES";"DEL01-ES";"UOP01-DEL01-ES"
479079;2022-10-07;"sexta-feira";"07:40:00";"RJ";116;181;"NOVA IGUACU";"Condutor deixou de manter distância do veículo da frente";"Colisão traseira";"Com Vítimas Feridas";"Pleno dia";"Decrescente";"Chuva";"Dupla";"Reta";"Sim";2;0;1;0;1;0;1;2;-22,73880055;-43,47475111;"SPRF-RJ";"DEL01-RJ";"UOP02-DEL01-RJ"
479080;2022-10-07;"sexta-feira";"07:20:00";"PB";230;156,1;"CAMPINA GRANDE";"Demais falhas mecânicas ou elétricas";"Tombamento";"Com Vítimas Feridas";"Pleno dia";"Decrescente";"Céu Claro";"Simples";"Reta";"Sim";2;0;2;0;0;0;2;1;-7,2693;-35,9138;"SPRF-PB";"DEL02-PB";"UOP01-DEL02-PB"
479081;2022-10-07;"sexta-feira";"06:45:00";"PB";230;72,3;"SOBRADO";"Condutor Dormindo";"Saída de leito carroçável";"Com Vítimas Feridas";"Pleno dia";"Crescente";"Céu Claro";"Dupla";"Reta;Em Obras";"Não";1;0;1;0;0;0;1;1;-7,1907;-35,2418;"SPRF-PB";"DEL01-PB";"UOP03-DEL01-PB"
479082;2022-10-07;"sexta-feira";"07:30:00";"SC";101;210;"SAO JOSE";"Manobra de mudança de faixa";"Tombamento";"Com Vítimas Feridas";"Pleno dia";"Decrescente";"Céu Claro";"Múltipla";"Reta";"Sim";2;0;1;0;0;1;1;2;-27,6167305;-48,6457265;"SPRF-SC";"DEL01-SC";"UOP01-DEL01-SC"
479083;2022-10-07;"sexta-feira";"08:15:00";"CE";116;5,5;"FORTALEZA";"Condutor deixou de manter distância do veículo da frente";"Colisão traseira";"Com Vítimas Feridas";"Pleno dia";"Crescente";"Céu Claro";"Dupla";"Aclive";"Sim";2;0;1;0;0;1;1;2;-3,79467116;-38,50772734;"SPRF-CE";"DEL01-CE";"UOP02-DEL01-CE"
479084;2022-10-06;"quinta-feira";"23:40:00";"MG";381;268;"TIMOTEO";"Velocidade Incompatível";"Saída de leito carroçável";"Com Vítimas Feridas";"Plena Noite";"Crescente";"Céu Claro";"Simples";"Curva";"Não";1;0;1;0;0;0;1;1;-19,53877668;-42,68374715;"SPRF-MG";"DEL03-MG";"UOP02-DEL03-MG"
479085;2022-10-07;"sexta-feira";"07:45:00";"PR";163;45,4;"PRANCHITA";"Acessar a via sem observar a presença dos outros veículos";"Colisão transversal";"Com Vítimas Feridas";"Pleno dia";"Crescente";"Céu Claro";"Simples";"Declive;Interseção de Vias;Curva";"Não";3;0;2;0;1;0;2;2;-25,990247;-53,719966;"SPRF-PR";"DEL02-PR";"UOP02-DEL02-PR"
479086;2022-10-07;"sexta-feira";"08:05:00";"SP";116;227;"GUARULHOS";"Acessar a via sem observar a presença dos outros veículos";"Atropelamento de Pedestre";"Com Vítimas Feridas";"Pleno dia";"Crescente";"Nublado";"Dupla";"Reta";"Sim";2;0;1;1;0;0;2;2;-23,49659264;-46,55648754;"SPRF-SP";"DEL01-SP";"UOP01-DEL01-SP"
479088;2022-10-04;"terça-feira";"20:20:00";"MG";116;702,1;"MURIAE";"Reação tardia ou ineficiente do condutor";"Colisão traseira";"Sem Vítimas";"Plena Noite";"Crescente";"Chuva";"Simples";"Curva";"Não";2;0;0;0;2;0;0;2;-21,12682309;-42,3832189;"SPRF-MG";"DEL07-MG";"UOP02-DEL07-MG"
479089;2022-10-07;"sexta-feira";"07:30:00";"RS";293;2;"PELOTAS";"Acessar a via sem observar a presença dos outros veículos";"Colisão transversal";"Com Vítimas Feridas";"Pleno dia";"Crescente";"Céu Claro";"Simples";"Reta";"Não";2;0;0;1;1;0;1;2;-31,750426;-52,35999499;"SPRF-RS";"DEL07-RS";"UOP01-DEL07-RS"
479090;2022-10-07;"sexta-feira";"07:20:00";"RS";392;111,9;"CANGUCU";"Ausência de reação do condutor";"Saída de leito carroçável";"Com Vítimas Fatais";"Pleno dia";"Crescente";"Céu Claro";"Simples";"Aclive;Reta";"Não";1;1;0;0;0;0;0;1;-31,45435717;-52,63814131;"SPRF-RS";"DEL07-RS";"UOP01-DEL07-RS"
479091;2022-10-07;"sexta-feira";"07:15:00";"PA";230;116;"MARABA";"Acessar a via sem observar a presença dos outros veículos";"Colisão transversal";"Com Vítimas Feridas";"Pleno dia";"Crescente";"Nublado";"Dupla";"Declive;Reta";"Sim";2;0;0;1;1;0;1;2;-5,35947454;-49,08301084;"SPRF-PA";"DEL03-PA";"UOP01-DEL03-PA"
479093;2022-10-07;"sexta-feira";"08:30:00";"MG";40;785,4;"JUIZ DE FORA";"Condutor Dormindo";"Colisão traseira";"Com Vítimas Feridas";"Pleno dia";"Decrescente";"Nublado";"Dupla";"Reta";"Não";6;0;0;1;5;0;1;2;-21,71976086;-43,44303569;"SPRF-MG";"DEL05-MG";"UOP01-DEL05-MG"
479094;2022-10-07;"sexta-feira";"09:05:00";"PR";277;520;"GUARANIACU";"Condutor deixou de manter distância do veículo da frente";"Colisão traseira";"Com Vítimas Feridas";"Pleno dia";"Crescente";"Sol";"Simples";"Reta";"Não";2;0;2;0;0;0;2;1;-25,11018112;-52,85167802;"SPRF-PR";"DEL04-PR";"UOP01-DEL04-PR"
479095;2022-10-07;"sexta-feira";"07:55:00";"MS";463;106,2;"PONTA PORA";"Reação tardia ou ineficiente do condutor";"Saída de leito carroçável";"Com Vítimas Feridas";"Pleno dia";"Decrescente";"Céu Claro";"Simples";"Reta";"Sim";1;0;1;0;0;0;1;1;-22,59656312;-55,66536809;"SPRF-MS";"DEL04-MS";"UOP03-DEL04-MS"
479096;2022-10-07;"sexta-feira";"08:10:00";"GO";60;175,1;"ABADIA DE GOIAS";"Manobra de mudança de faixa";"Colisão lateral mesmo sentido";"Com Vítimas Feridas";"Pleno dia";"Decrescente";"Nublado";"Dupla";"Retorno Regulamentado";"Sim";2;0;1;0;1;0;1;2;-16,7519;-49,4317;"SPRF-GO";"DEL01-GO";"UOP02-DEL01-GO"
479099;2022-10-07;"sexta-feira";"09:30:00";"CE";116;6;"FORTALEZA";"Condutor deixou de manter distância do veículo da frente";"Colisão lateral mesmo sentido";"Com Vítimas Feridas";"Pleno dia";"Decrescente";"Céu Claro";"Múltipla";"Reta";"Sim";3;0;2;0;1;0;2;3;-3,80223081;-38,5040009;"SPRF-CE";"DEL01-CE";"UOP02-DEL01-CE"
479101;2022-10-07;"sexta-feira";"08:50:00";"GO";40;151;"CRISTALINA";"Acumulo de água sobre o pavimento";"Saída de leito carroçável";"Com Vítimas Feridas";"Pleno dia";"Crescente";"Garoa/Chuvisco";"Simples";"Reta";"Não";2;0;1;0;1;0;1;1;-17,017547;-47,20575;"SPRF-DF";"DEL01-DF";"UOP02-DEL01-DF"
479102;2022-10-07;"sexta-feira";"09:25:00";"PB";101;82,5;"BAYEUX";"Condutor deixou de manter distância do veículo da frente";"Colisão traseira";"Sem Vítimas";"Pleno dia";"Crescente";"Nublado";"Dupla";"Declive;Viaduto";"Sim";4;0;0;0;4;0;0;4;-7,12911;-34,93714;"SPRF-PB";"DEL01-PB";"UOP01-DEL01-PB"
479103;2022-10-07;"sexta-feira";"08:40:00";"MG";381;704,5;"LAVRAS";"Chuva";"Saída de leito carroçável";"Com Vítimas Feridas";"Pleno dia";"Decrescente";"Chuva";"Dupla";"Curva;Declive";"Não";1;0;1;0;0;0;1;1;-21,311684;-45,165156;"SPRF-MG";"DEL04-MG";"UOP02-DEL04-MG"
479104;2022-10-07;"sexta-feira";"08:20:00";"MG";381;648,8;"SANTO ANTONIO DO AMPARO";"Velocidade Incompatível";"Saída de leito carroçável";"Com Vítimas Feridas";"Pleno dia";"Crescente";"Chuva";"Dupla";"Curva";"Não";2;0;2;0;0;0;2;1;-20,95723165;-44,90303278;"SPRF-MG";"DEL04-MG";"UOP02-DEL04-MG"
479105;2022-10-07;"sexta-feira";"10:15:00";"SP";116;217;"GUARULHOS";"Manobra de mudança de faixa";"Colisão lateral mesmo sentido";"Com Vítimas Feridas";"Pleno dia";"Decrescente";"Céu Claro";"Múltipla";"Reta";"Não";4;0;2;0;2;0;2;2;-23,45423824;-46,47119028;"SPRF-SP";"DEL01-SP";"UOP01-DEL01-SP"