"id";"data_inversa";"dia_semana";"horario";"uf";"br";"km";"municipio";"causa_acidente";"tipo_acidente";"classificacao_acidente";"fase_dia";"sentido_via";"condicao_metereologica";"tipo_pista";"tracado_via";"uso_solo";"pessoas";"mortos";"feridos_leves";"feridos_graves";"ilesos";"ignorados";"feridos";"veiculos";"latitude";"longitude";"regional";"delegacia";"uop"
479107;2022-10-07;"sexta-feira";"07:20:00";"SC";280;5,8;"SAO FRANCISCO DO SUL";"Acessar a via sem observar a presença dos outros veículos";"Colisão transversal";"Com Vítimas Feridas";"Pleno dia";"Crescente";"Céu Claro";"Simples";"Reta";"Sim";2;0;1;0;1;0;1;2;-26,26011706;-48,62571995;"SPRF-SC";"DEL03-SC";"UOP03-DEL03-SC"
479109;2022-10-07;"sexta-feira";"06:40:00";"PR";153;103,5;"IBAITI";"Conversão proibida";"Colisão transversal";"Com Vítimas Feridas";"Pleno dia";"Crescente";"Céu Claro";"Simples";"Curva";"Não";2;0;1;1;0;0;2;2;-23,79674793;-50,18137692;"SPRF-PR";"DEL07-PR";"UOP04-DEL07-PR"
479110;2022-10-07;"sexta-feira";"08:05:00";"RS";285;199,1;"LAGOA VERMELHA";"Acessar a via sem observar a presença dos outros veículos";"Colisão traseira";"Com Vítimas Feridas";"Pleno dia";"Crescente";"Nublado";"Simples";"Curva";"Sim";3;0;2;0;1;0;2;2;-28,205301;-51,519993;"SPRF-RS";"DEL08-RS";"UOP05-DEL08-RS"
479112;2022-10-07;"sexta-feira";"09:00:00";"SC";101;46;"JOINVILLE";"Reação tardia ou ineficiente do condutor";"Colisão traseira";"Com Vítimas Feridas";"Pleno dia";"Decrescente";"Céu Claro";"Múltipla";"Reta";"Sim";2;0;1;0;1;0;1;2;-26,33150083;-48,86187762;"SPRF-SC";"DEL03-SC";"UOP01-DEL03-SC"
479114;2022-10-07;"sexta-feira";"09:30:00";"MG";356;265;"MURIAE";"Ingestão de álcool pelo condutor";"Queda de ocupante de veículo";"Com Vítimas Feridas";"Pleno dia";"Decrescente";"Céu Claro";"Simples";"Reta";"Sim";1;0;1;0;0;0;1;1;-21,12838898;-42,366803;"SPRF-MG";"DEL07-MG";"UOP02-DEL07-MG"
479115;2022-10-07;"sexta-feira";"09:45:00";"PI";343;307;"ALTOS";"Acessar a via sem observar a presença dos outros veículos";"Colisão transversal";"Com Vítimas Feridas";"Pleno dia";"Crescente";"Céu Claro";"Simples";"Reta";"Sim";2;0;0;1;1;0;1;2;-5,039802;-42,459518;"SPRF-PI";"DEL01-PI";"UOP01-DEL01-PI"
479116;2022-10-07;"sexta-feira";"10:37:00";"SC";101;119;"ITAJAI";"Trafegar com motocicleta (ou similar) entre as faixas";"Colisão lateral mesmo sentido";"Com Vítimas Feridas";"Pleno dia";"Decrescente";"Céu Claro";"Dupla";"Reta";"Sim";2;0;1;0;1;0;1;2;-26,9043179;-48,71555481;"SPRF-SC";"DEL04-SC";"UOP04-DEL04-SC"
479117;2022-10-07;"sexta-feira";"10:40:00";"SC";101;328,7;"TUBARAO";"Animais na Pista";"Atropelamento de Animal";"Com Vítimas Feridas";"Pleno dia";"Decrescente";"Céu Claro";"Dupla";"Ponte";"Sim";3;0;1;0;2;0;1;3;-28,45062847;-48,97202969;"SPRF-SC";"DEL02-SC";"UOP01-DEL02-SC"
479119;2022-10-07;"sexta-feira";"09:55:00";"PE";232;12,9;"JABOATAO DOS GUARARAPES";"Manobra de mudança de faixa";"Colisão traseira";"Com Vítimas Feridas";"Pleno dia";"Decrescente";"Céu Claro";"Dupla";"Reta";"Não";2;0;1;0;1;0;1;2;-8,08577691;-35,00345603;"SPRF-PE";"DEL01-PE";"UOP01-DEL01-PE"
479120;2022-10-07;"sexta-feira";"10:25:00";"MT";70;3;"BARRA DO GARCAS";"Manobra de mudança de faixa";"Colisão lateral mesmo sentido";"Com Vítimas Feridas";"Pleno dia";"Crescente";"Nublado";"Dupla";"Reta";"Sim";2;0;1;0;1;0;1;2;-15,88252843;-52,27574027;"SPRF-MT";"DEL07-MT";"UOP01-DEL07-MT"
479121;2022-10-07;"sexta-feira";"09:45:00";"SC";101;157;"PORTO BELO";"Condutor deixou de manter distância do veículo da frente";"Colisão traseira";"Com Vítimas Feridas";"Pleno dia";"Crescente";"Céu Claro";"Dupla";"Reta";"Não";2;0;0;1;1;0;1;2;-27,181625;-48,6121179;"SPRF-SC";"DEL04-SC";"UOP03-DEL04-SC"
479122;2022-10-07;"sexta-feira";"11:05:00";"RJ";116;284;"BARRA MANSA";"Chuva";"Capotamento";"Com Vítimas Feridas";"Pleno dia";"Crescente";"Chuva";"Dupla";"Curva";"Não";3;0;1;1;1;0;2;1;-22,51174295;-44,21705393;"SPRF-RJ";"DEL07-RJ";"UOP02-DEL07-RJ"
479124;2022-10-07;"sexta-feira";"07:00:00";"PR";476;210,1;"LAPA";"Curva acentuada";"Colisão frontal";"Com Vítimas Fatais";"Amanhecer";"Crescente";"Garoa/Chuvisco";"Simples";"Curva";"Não";2;1;1;0;0;0;1;2;-25,784924;-49,848;"SPRF-PR";"DEL02-PR";"UOP04-DEL02-PR"
479125;2022-10-07;"sexta-feira";"11:20:00";"CE";20;323;"CARIDADE";"Ultrapassagem Indevida";"Colisão frontal";"Com Vítimas Feridas";"Pleno dia";"Crescente";"Céu Claro";"Simples";"Curva";"Não";5;0;1;0;3;1;1;3;-4,25742902;-39,21076197;"SPRF-CE";"DEL02-CE";"UOP01-DEL02-CE"
479127;2022-09-03;"sábado";"16:00:00";"AM";174;962;"MANAUS";"Avarias e/ou desgaste excessivo no pneu";"Saída de leito carroçável";"Com Vítimas Feridas";"Pleno dia";"Crescente";"Céu Claro";"Simples";"Reta";"Não";2;0;0;2;0;0;2;1;-2,29260605;-60,04313663;"SPRF-AM";"DEL01-AM";"UOP01-DEL01-AM"
479128;2022-10-07;"sexta-feira";"11:30:00";"SC";470;139,5;"RIO DO SUL";"Manobra de mudança de faixa";"Colisão lateral mesmo sentido";"Com Vítimas Feridas";"Pleno dia";"Decrescente";"Nublado";"Simples";"Rotatória";"Sim";2;0;1;0;1;0;1;2;-27,217564;-49,65461;"SPRF-SC";"DEL04-SC";"UOP02-DEL04-SC"
479130;2022-10-07;"sexta-feira";"11:55:00";"PE";232;13;"JABOATAO DOS GUARARAPES";"Condutor deixou de manter distância do veículo da frente";"Colisão traseira";"Com Vítimas Feridas";"Pleno dia";"Decrescente";"Céu Claro";"Dupla";"Reta";"Não";2;0;0;1;1;0;1;2;-8,08831567;-35,01203806;"SPRF-PE";"DEL01-PE";"UOP01-DEL01-PE"
479131;2022-10-07;"sexta-feira";"12:00:00";"MG";381;455;"BELO HORIZONTE";"Transitar no acostamento";"Colisão traseira";"Com Vítimas Feridas";"Pleno dia";"Decrescente";"Chuva";"Simples";"Reta";"Não";3;0;0;1;2;0;1;3;-19,85593827;-43,89662047;"SPRF-MG";"DEL01-MG";"UOP01-DEL01-MG"
479133;2022-10-07;"sexta-feira";"09:30:00";"MT";163;697;"LUCAS DO RIO VERDE";"Avarias e/ou desgaste excessivo no pneu";"Queda de ocupante de veículo";"Com Vítimas Feridas";"Pleno dia";"Crescente";"Nublado";"Simples";"Reta";"Não";1;0;1;0;0;0;1;1;-13,10164496;-55,94916209;"SPRF-MT";"DEL06-MT";"UOP01-DEL06-MT"
479134;2022-10-07;"sexta-feira";"11:20:00";"PB";230;85,8;"GURINHEM";"Velocidade Incompatível";"Saída de leito carroçável";"Com Vítimas Feridas";"Pleno dia";"Decrescente";"Céu Claro";"Dupla";"Reta";"Não";2;0;1;0;1;0;1;1;-7,1689;-35,3743;"SPRF-PB";"DEL01-PB";"UOP03-DEL01-PB"
479136;2022-10-07;"sexta-feira";"11:55:00";"MT";163;837;"SINOP";"Acesso irregular";"Colisão transversal";"Com Vítimas Feridas";"Pleno dia";"Crescente";"Céu Claro";"Simples";"Reta";"Sim";2;0;1;0;1;0;1;2;-11,968963;-55,51695578;"SPRF-MT";"DEL06-MT";"NPF/DEL06-MT"
479138;2022-10-07;"sexta-feira";"12:00:00";"PB";104;141,5;"QUEIMADAS";"Acessar a via sem observar a presença dos outros veículos";"Colisão transversal";"Com Vítimas Feridas";"Pleno dia";"Crescente";"Sol";"Simples";"Curva";"Não";2;0;0;1;1;0;1;2;-7,384918;-35,895571;"SPRF-PB";"DEL02-PB";"UOP03-DEL02-PB"
479140;2022-09-16;"sexta-feira";"23:51:00";"PE";101;41,2;"IGARASSU";"Pedestre andava na pista";"Atropelamento de Pedestre";"Com Vítimas Fatais";"Plena Noite";"Crescente";"Céu Claro";"Dupla";"Reta";"Sim";2;1;0;0;0;1;0;2;-7,83038346;-34,91426785;"SPRF-PE";"DEL01-PE";"UOP02-DEL01-PE"
479141;2022-10-07;"sexta-feira";"12:10:00";"RJ";393;239;"VASSOURAS";"Chuva";"Saída de leito carroçável";"Com Vítimas Feridas";"Pleno dia";"Decrescente";"Chuva";"Simples";"Reta";"Não";1;0;1;0;0;0;1;1;-22,429;-43,705;"SPRF-RJ";"DEL05-RJ";"UOP04-DEL05-RJ"
479142;2022-10-07;"sexta-feira";"11:30:00";"MT";163;1030;"PEIXOTO DE AZEVEDO";"Acessar a via sem observar a presença dos outros veículos";"Colisão transversal";"Com Vítimas Feridas";"Pleno dia";"Crescente";"Céu Claro";"Simples";"Reta;Interseção de Vias";"Sim";2;0;1;1;0;0;2;2;-10,241947;-54,9866;"SPRF-MT";"DEL06-MT";"NPF/DEL06-MT"
479147;2022-10-07;"sexta-feira";"12:30:00";"MG";381;628,5;"OLIVEIRA";"Reação tardia ou ineficiente do condutor";"Saída de leito carroçável";"Com Vítimas Feridas";"Pleno dia";"Crescente";"Chuva";"Dupla";"Curva;Aclive";"Não";2;0;2;0;0;0;2;1;-20,83304688;-44,8250553;"SPRF-MG";"DEL04-MG";"UOP01-DEL04-MG"
479148;2022-10-07;"sexta-feira";"12:20:00";"PR";476;142;"CURITIBA";"Reação tardia ou ineficiente do condutor";"Colisão traseira";"Com Vítimas Feridas";"Pleno dia";"Decrescente";"Nublado";"Dupla";"Reta";"Sim";5;0;3;0;2;0;3;3;-25,537161;-49,301632;"SPRF-PR";"DEL01-PR";"UOP03-DEL01-PR"
479149;2022-07-19;"terça-feira";"13:00:00";"RO";174;17;"VILHENA";"Ausência de reação do condutor";"Colisão traseira";"Com Vítimas Feridas";"Pleno dia";"Crescente";"Céu Claro";"Simples";"Reta";"Sim";2;0;0;1;0;1;1;2;-12,70685191;-60,1219871;"SPRF-RO";"DEL04-RO";"UOP01-DEL04-RO"
479150;2022-10-07;"sexta-feira";"13:30:00";"SP";153;62;"SAO JOSE DO RIO PRETO";"Manobra de mudança de faixa";"Colisão lateral mesmo sentido";"Com Vítimas Feridas";"Pleno dia";"Crescente";"Nublado";"Dupla";"Reta";"Sim";2;0;0;1;1;0;1;2;-20,81325404;-49,35675563;"SPRF-SP";"DEL09-SP";"UOP01-DEL09-SP"
479152;2022-10-07;"sexta-feira";"13:10:00";"RN";110;49,4;"MOSSORO";"Manobra de mudança de faixa";"Colisão lateral mesmo sentido";"Com Vítimas Feridas";"Pleno dia";"Decrescente";"Céu Claro";"Dupla";"Reta";"Sim";3;0;2;0;1;0;2;2;-5,21645975;-37,32927128;"SPRF-RN";"DEL04-RN";"UOP01-DEL04-RN"
479153;2022-10-07;"sexta-feira";"13:15:00";"SP";116;221;"GUARULHOS";"Demais falhas mecânicas ou elétricas";"Incêndio";"Sem Vítimas";"Pleno dia";"Crescente";"Nublado";"Múltipla";"Reta";"Sim";1;0;0;0;1;0;0;1;-23,46802395;-46,50704901;"SPRF-SP";"DEL01-SP";"UOP01-DEL01-SP"
479155;2022-10-07;"sexta-feira";"13:20:00";"RS";290;77;"GRAVATAI";"Demais falhas mecânicas ou elétricas";"Colisão lateral mesmo sentido";"Com Vítimas Feridas";"Pleno dia";"Crescente";"Céu Claro";"Múltipla";"Reta";"Sim";3;0;0;2;1;0;2;2;-29,955027;-51,027363;"SPRF-RS";"DEL01-RS";"UOP01-DEL01-RS"
479157;2022-10-07;"sexta-feira";"12:10:00";"SC";101;125;"ITAJAI";"Pista Escorregadia";"Tombamento";"Com Vítimas Feridas";"Pleno dia";"Crescente";"Céu Claro";"Dupla";"Reta";"Não";2;0;1;0;0;1;1;2;-26,94802427;-48,68338515;"SPRF-SC";"DEL04-SC";"UOP04-DEL04-SC"
479158;2022-10-07;"sexta-feira";"12:50:00";"RJ";101;154;"MACAE";"Acessar a via sem observar a presença dos outros veículos";"Colisão transversal";"Com Vítimas Feridas";"Pleno dia";"Decrescente";"Céu Claro";"Simples";"Reta";"Não";2;0;1;0;1;0;1;2;-22,25675483;-41,83365226;"SPRF-RJ";"DEL08-RJ";"UOP04-DEL08-RJ"
479159;2022-10-07;"sexta-feira";"12:25:00";"GO";80;21,2;"PADRE BERNARDO";"Acessar a via sem observar a presença dos outros veículos";"Colisão traseira";"Com Vítimas Feridas";"Pleno dia";"Crescente";"Nublado";"Simples";"Rotatória;Aclive";"Não";3;0;0;2;1;0;2;2;-15,369781;-48,21958;"SPRF-DF";"DEL03-DF";"UOP02-DEL03-DF"
479160;2022-10-07;"sexta-feira";"14:18:00";"CE";116;43,9;"HORIZONTE";"Ingestão de álcool pelo condutor";"Colisão traseira";"Com Vítimas Feridas";"Pleno dia";"Decrescente";"Céu Claro";"Dupla";"Reta";"Sim";3;0;1;0;2;0;1;2;-4,11528518;-38,48917049;"SPRF-CE";"DEL01-CE";"UOP02-DEL01-CE"
479161;2022-10-07;"sexta-feira";"12:50:00";"RO";319;64;"PORTO VELHO";"Desrespeitar a preferência no cruzamento";"Colisão transversal";"Com Vítimas Feridas";"Pleno dia";"Crescente";"Sol";"Dupla";"Interseção de Vias";"Sim";3;0;3;0;0;0;3;2;-8,766685;-63,884052;"SPRF-RO";"DEL01-RO";"UOP01-DEL01-RO"
479164;2022-10-07;"sexta-feira";"13:30:00";"MG";381;617;"OLIVEIRA";"Reação tardia ou ineficiente do condutor";"Colisão traseira";"Com Vítimas Feridas";"Pleno dia";"Decrescente";"Nublado";"Simples";"Reta";"Não";2;0;1;0;1;0;1;2;-20,76156591;-44,77700024;"SPRF-MG";"DEL04-MG";"UOP01-DEL04-MG"
479165;2022-10-07;"sexta-feira";"14:40:00";"MG";40;473,9;"SETE LAGOAS";"Condutor Dormindo";"Saída de leito carroçável";"Com Vítimas Feridas";"Pleno dia";"Crescente";"Chuva";"Dupla";"Curva;Aclive";"Não";1;0;1;0;0;0;1;1;-19,496351;-44,27992;"SPRF-MG";"DEL02-MG";"UOP01-DEL02-MG"
479169;2022-10-07;"sexta-feira";"13:00:00";"MT";70;1,6;"BARRA DO GARCAS";"Acessar a via sem observar a presença dos outros veículos";"Colisão lateral mesmo sentido";"Com Vítimas Feridas";"Pleno dia";"Decrescente";"Céu Claro";"Simples";"Reta";"Sim";2;0;1;0;1;0;1;2;-15,89164596;-52,26202884;"SPRF-MT";"DEL07-MT";"UOP01-DEL07-MT"
479170;2022-10-07;"sexta-feira";"12:30:00";"MG";40;199,8;"JOAO PINHEIRO";"Chuva";"Saída de leito carroçável";"Com Vítimas Feridas";"Pleno dia";"Crescente";"Chuva";"Simples";"Reta";"Não";3;0;2;0;1;0;2;1;-18,00961206;-45,82144902;"SPRF-MG";"DEL14-MG";"UOP02-DEL14-MG"
479171;2022-10-07;"sexta-feira";"12:30:00";"RJ";116;175;"NOVA IGUACU";"Manobra de mudança de faixa";"Tombamento";"Com Vítimas Feridas";"Pleno dia";"Crescente";"Garoa/Chuvisco";"Múltipla";"Reta";"Sim";1;0;1;0;0;0;1;1;-22,76009206;-43,4256506;"SPRF-RJ";"DEL01-RJ";"UOP02-DEL01-RJ"
479172;2022-10-02;"domingo";"17:50:00";"BA";367;35,9;"PORTO SEGURO";"Reação tardia ou ineficiente do condutor";"Colisão traseira";"Com Vítimas Feridas";"Anoitecer";"Decrescente";"Céu Claro";"Simples";"Reta";"Não";2;0;0;1;1;0;1;2;-16,40866306;-39,16994905;"SPRF-BA";"DEL09-BA";"UOP03-DEL09-BA"
479175;2022-10-07;"sexta-feira";"12:45:00";"MG";40;515;"RIBEIRAO DAS NEVES";"Pista Escorregadia";"Tombamento";"Com Vítimas Feridas";"Pleno dia";"Crescente";"Chuva";"Dupla";"Reta";"Não";1;0;1;0;0;0;1;1;-19,8090079;-44,09493479;"SPRF-MG";"DEL01-MG";"UOP02-DEL01-MG"
479176;2022-10-07;"sexta-feira";"15:00:00";"MG";262;380;"JUATUBA";"Ausência de reação do condutor";"Saída de leito carroçável";"Com Vítimas Feridas";"Pleno dia";"Decrescente";"Nublado";"Dupla";"Curva";"Não";2;0;1;0;1;0;1;1;-19,947864;-44,381226;"SPRF-MG";"DEL01-MG";"UOP03-DEL01-MG"
479177;2022-10-07;"sexta-feira";"14:00:00";"MG";262;94;"ABRE CAMPO";"Ausência de reação do condutor";"Colisão traseira";"Com Vítimas Feridas";"Pleno dia";"Crescente";"Chuva";"Simples";"Reta";"Sim";3;0;1;0;2;0;1;2;-20,30646793;-42,46611787;"SPRF-MG";"DEL03-MG";"UOP03-DEL03-MG"
479178;2022-10-07;"sexta-feira";"15:30:00";"PR";272;365;"CAMPO MOURAO";"Acessar a via sem observar a presença dos outros veículos";"Colisão lateral mesmo sentido";"Com Vítimas Feridas";"Pleno dia";"Decrescente";"Céu Claro";"Dupla";"Reta";"Sim";2;0;1;0;1;0;1;2;-24,04191432;-52,40306516;"SPRF-PR";"DEL09-PR";"UOP03-DEL09-PR"
479179;2022-10-07;"sexta-feira";"14:56:00";"PB";230;9;"CABEDELO";"Ingestão de álcool pelo condutor";"Colisão transversal";"Com Vítimas Feridas";"Pleno dia";"Crescente";"Sol";"Simples";"Reta";"Sim";2;0;1;0;1;0;1;2;-7,0433;-34,8466;"SPRF-PB";"DEL01-PB";"UOP01-DEL01-PB"
479180;2022-10-07;"sexta-feira";"14:20:00";"GO";153;178;"CAMPINORTE";"Conversão proibida";"Colisão frontal";"Com Vítimas Feridas";"Pleno dia";"Decrescente";"Chuva";"Simples";"Reta";"Não";3;0;1;0;2;0;1;2;-14,327435;-49,152916;"SPRF-GO";"DEL07-GO";"UOP02-DEL07-GO"
479181;2022-10-07;"sexta-feira";"14:15:00";"MT";70;1,7;"BARRA DO GARCAS";"Ausência de reação do condutor";"Colisão lateral sentido oposto";"Sem Vítimas";"Pleno dia";"Decrescente";"Céu Claro";"Simples";"Reta";"Sim";2;0;0;0;2;0;0;2;-15,89164596;-52,26202884;"SPRF-MT";"DEL07-MT";"UOP01-DEL07-MT"
479183;2022-08-27;"sábado";"19:55:00";"RS";470;227;"GARIBALDI";"Reação tardia ou ineficiente do condutor";"Saída de leito carroçável";"Com Vítimas Feridas";"Plena Noite";"Decrescente";"Céu Claro";"Simples";"Reta";"Não";3;0;3;0;0;0;3;1;-29,21657705;-51,51722624;"SPRF-RS";"DEL06-RS";"UOP01-DEL06-RS"
479184;2022-10-07;"sexta-feira";"16:20:00";"GO";50;250,3;"CATALAO";"Entrada inopinada do pedestre";"Atropelamento de Pedestre";"Com Vítimas Feridas";"Pleno dia";"Crescente";"Sol";"Dupla";"Reta";"Não";6;0;1;0;5;0;1;2;-17,9676;-47,7962;"SPRF-GO";"DEL06-GO";"UOP01-DEL06-GO"
479185;2022-10-07;"sexta-feira";"15:50:00";"RS";470;237,6;"CARLOS BARBOSA";"Reação tardia ou ineficiente do condutor";"Saída de leito carroçável";"Com Vítimas Feridas";"Pleno dia";"Decrescente";"Céu Claro";"Simples";"Curva";"Não";1;0;1;0;0;0;1;1;-29,34048705;-51,50728047;"SPRF-RS";"DEL06-RS";"UOP01-DEL06-RS"
479187;2022-08-17;"quarta-feira";"15:00:00";"RS";116;245;"SAO LEOPOLDO";"Falta de acostamento";"Queda de ocupante de veículo";"Com Vítimas Feridas";"Pleno dia";"Decrescente";"Céu Claro";"Dupla";"Viaduto";"Sim";1;0;0;1;0;0;1;1;-29,74980902;-51,15125361;"SPRF-RS";"DEL01-RS";"UOP02-DEL01-RS"
479188;2022-10-07;"sexta-feira";"06:00:00";"MG";381;838;"SAO SEBASTIAO DA BELA VISTA";"Velocidade Incompatível";"Capotamento";"Sem Vítimas";"Amanhecer";"Crescente";"Chuva";"Dupla";"Curva;Declive";"Não";1;0;0;0;0;1;0;1;-22,19252695;-45,84775906;"SPRF-MG";"DEL16-MG";"UOP01-DEL16-MG"
479189;2022-09-22;"quinta-feira";"20:30:00";"RR";174;514;"BOA VISTA";"Reação tardia ou ineficiente do condutor";"Saída de leito carroçável";"Com Vítimas Feridas";"Plena Noite";"Decrescente";"Céu Claro";"Simples";"Reta";"Não";1;0;1;0;0;0;1;1;2,938469;-60,717327;"SPRF-RR";"DEL01-RR";"UOP01-DEL01-RR"
479191;2022-10-07;"sexta-feira";"12:50:00";"MS";163;293;"DOURADOS";"Transitar na contramão";"Colisão transversal";"Com Vítimas Feridas";"Pleno dia";"Crescente";"Céu Claro";"Simples";"Reta";"Não";2;0;1;0;1;0;1;2;-22,04278008;-54,54773285;"SPRF-MS";"DEL04-MS";"UOP01-DEL04-MS"
479194;2022-10-07;"sexta-feira";"14:46:00";"RS";287;330;"SAO VICENTE DO SUL";"Acessar a via sem observar a presença dos outros veículos";"Colisão frontal";"Com Vítimas Feridas";"Pleno dia";"Decrescente";"Sol";"Simples";"Curva";"Não";10;0;6;0;4;0;6;3;-29,68473459;-54,665308;"SPRF-RS";"DEL12-RS";"UOP02-DEL12-RS"
479195;2022-10-04;"terça-feira";"00:30:00";"RR";174;679;"PACARAIMA";"Animais na Pista";"Capotamento";"Com Vítimas Feridas";"Plena Noite";"Crescente";"Nublado";"Simples";"Reta";"Não";4;0;4;0;0;0;4;1;4,259851;-61,042454;"SPRF-RR";"DEL01-RR";"UOP01-DEL01-RR"
479196;2022-10-07;"sexta-feira";"16:00:00";"PE";428;139,5;"LAGOA GRANDE";"Acessar a via sem observar a presença dos outros veículos";"Colisão transversal";"Com Vítimas Feridas";"Pleno dia";"Decrescente";"Céu Claro";"Simples";"Reta";"Sim";3;0;1;0;2;0;1;2;-8,99597417;-40,27175903;"SPRF-PE";"DEL06-PE";"UOP03-DEL06-PE"
479197;2022-10-07;"sexta-feira";"17:30:00";"SP";381;37,5;"ATIBAIA";"Ausência de reação do condutor";"Engavetamento";"Com Vítimas Feridas";"Anoitecer";"Crescente";"Nublado";"Simples";"Reta";"Não";3;0;1;0;2;0;1;3;-23,10506237;-46,56881577;"SPRF-SP";"DEL03-SP";"UOP01-DEL03-SP"
479198;2022-10-07;"sexta-feira";"16:10:00";"SC";280;125;"RIO NEGRINHO";"Acesso irregular";"Colisão transversal";"Com Vítimas Feridas";"Pleno dia";"Crescente";"Céu Claro";"Simples";"Reta";"Sim";3;0;2;0;1;0;2;2;-26,23763684;-49,48434497;"SPRF-SC";"DEL06-SC";"UOP03-DEL06-SC"
479199;2022-10-07;"sexta-feira";"17:00:00";"BA";235;44,2;"PEDRO ALEXANDRE";"Desrespeitar a preferência no cruzamento";"Colisão transversal";"Sem Vítimas";"Anoitecer";"Crescente";"Céu Claro";"Simples";"Reta";"Não";2;0;0;0;1;1;0;2;-10,10075813;-38,04422607;"SPRF-SE";"DEL01-SE";"UOP02-DEL01-SE"
479200;2022-10-07;"sexta-feira";"17:30:00";"SC";282;5,9;"FLORIANOPOLIS";"Ultrapassagem Indevida";"Queda de ocupante de veículo";"Com Vítimas Feridas";"Pleno dia";"Crescente";"Céu Claro";"Dupla";"Curva";"Não";2;0;1;0;1;0;1;2;-27,588425;-48,612919;"SPRF-SC";"DEL01-SC";"UOP01-DEL01-SC"
479201;2022-10-07;"sexta-feira";"16:15:00";"SC";280;3,8;"SAO FRANCISCO DO SUL";"Ausência de reação do condutor";"Colisão traseira";"Com Vítimas Feridas";"Pleno dia";"Crescente";"Céu Claro";"Simples";"Rotatória";"Sim";2;0;1;0;1;0;1;2;-26,25178698;-48,61770988;"SPRF-SC";"DEL03-SC";"UOP03-DEL03-SC"
479202;2022-10-07;"sexta-feira";"17:00:00";"SC";280;129,5;"RIO NEGRINHO";"Acessar a via sem observar a presença dos outros veículos";"Colisão transversal";"Com Vítimas Feridas";"Pleno dia";"Crescente";"Céu Claro";"Simples";"Reta";"Não";3;0;2;0;1;0;2;3;-26,24586437;-49,52284615;"SPRF-SC";"DEL06-SC";"UOP03-DEL06-SC"
479203;2022-10-07;"sexta-feira";"17:40:00";"SC";470;48,5;"BLUMENAU";"Reação tardia ou ineficiente do condutor";"Tombamento";"Com Vítimas Feridas";"Pleno dia";"Decrescente";"Céu Claro";"Dupla";"Reta";"Não";1;0;1;0;0;0;1;1;-26,859823;-49,055393;"SPRF-SC";"DEL04-SC";"UOP01-DEL04-SC"
479204;2022-10-07;"sexta-feira";"17:20:00";"SC";280;28,8;"ARAQUARI";"Acessar a via sem observar a presença dos outros veículos";"Colisão frontal";"Com Vítimas Feridas";"Anoitecer";"Crescente";"Céu Claro";"Simples";"Reta";"Sim";3;0;2;0;1;0;2;2;-26,41066264;-48,75295628;"SPRF-SC";"DEL03-SC";"UOP03-DEL03-SC"
479205;2022-08-15;"segunda-feira";"21:10:00";"RS";470;215;"BENTO GONCALVES";"Conversão proibida";"Colisão frontal";"Com Vítimas Feridas";"Plena Noite";"Decrescente";"Chuva";"Simples";"Reta";"Sim";2;0;0;1;1;0;1;2;-29,15024983;-51,53055668;"SPRF-RS";"DEL06-RS";"UOP01-DEL06-RS"
479206;2022-10-07;"sexta-feira";"17:25:00";"PE";101;45;"IGARASSU";"Entrada inopinada do pedestre";"Atropelamento de Pedestre";"Com Vítimas Feridas";"Anoitecer";"Crescente";"Céu Claro";"Múltipla";"Reta";"Sim";5;0;0;1;4;0;1;3;-7,86521297;-34,90715176;"SPRF-PE";"DEL01-PE";"UOP02-DEL01-PE"
479207;2022-10-07;"sexta-feira";"17:31:00";"SC";101;195;"BIGUACU";"Manobra de mudança de faixa";"Colisão lateral mesmo sentido";"Com Vítimas Feridas";"Pleno dia";"Decrescente";"Nublado";"Múltipla";"Reta";"Sim";2;0;0;1;1;0;1;2;-27,5047092;-48,65010819;"SPRF-SC";"DEL01-SC";"UOP01-DEL01-SC"
479208;2022-10-07;"sexta-feira";"18:00:00";"SE";101;184,1;"UMBAUBA";"Transitar na contramão";"Colisão frontal";"Com Vítimas Feridas";"Plena Noite";"Crescente";"Céu Claro";"Simples";"Declive";"Não";7;0;2;0;5;0;2;3;-11,3869269;-37,66865876;"SPRF-SE";"DEL02-SE";"UOP03-DEL02-SE"
479209;2022-10-07;"sexta-feira";"18:00:00";"PR";369;185;"ARAPONGAS";"Desrespeitar a preferência no cruzamento";"Colisão transversal";"Sem Vítimas";"Pleno dia";"Crescente";"Céu Claro";"Simples";"Interseção de Vias";"Sim";2;0;0;0;2;0;0;2;-23,42418857;-51,42391205;"SPRF-PR";"DEL07-PR";"UOP03-DEL07-PR"
479211;2022-10-07;"sexta-feira";"17:55:00";"ES";101;302;"VIANA";"Condutor deixou de manter distância do veículo da frente";"Colisão traseira";"Com Vítimas Feridas";"Anoitecer";"Crescente";"Nublado";"Dupla";"Reta";"Sim";2;0;1;0;1;0;1;2;-20,36958283;-40,44384551;"SPRF-ES";"DEL01-ES";"UOP01-DEL01-ES"
479213;2022-10-07;"sexta-feira";"18:30:00";"BA";324;615,5;"SALVADOR";"Trafegar com motocicleta (ou similar) entre as faixas";"Queda de ocupante de veículo";"Com Vítimas Feridas";"Plena Noite";"Decrescente";"Céu Claro";"Múltipla";"Reta";"Sim";1;0;1;0;0;0;1;1;-12,87206398;-38,42746403;"SPRF-BA";"DEL01-BA";"UOP01-DEL01-BA"