"id";"data_inversa";"dia_semana";"horario";"uf";"br";"km";"municipio";"causa_acidente";"tipo_acidente";"classificacao_acidente";"fase_dia";"sentido_via";"condicao_metereologica";"tipo_pista";"tracado_via";"uso_solo";"pessoas";"mortos";"feridos_leves";"feridos_graves";"ilesos";"ignorados";"feridos";"veiculos";"latitude";"longitude";"regional";"delegacia";"uop"
479214;2022-10-07;"sexta-feira";"16:50:00";"RS";285;617;"SANTO ANTONIO DAS MISSOES";"Ausência de reação do condutor";"Atropelamento de Animal";"Com Vítimas Feridas";"Pleno dia";"Crescente";"Céu Claro";"Simples";"Aclive";"Não";2;0;2;0;0;0;2;1;-28,500481;-55,456791;"SPRF-RS";"DEL12-RS";"UOP01-DEL12-RS"
479217;2022-10-07;"sexta-feira";"19:00:00";"ES";101;90;"JAGUARE";"Condutor deixou de manter distância do veículo da frente";"Colisão traseira";"Com Vítimas Feridas";"Plena Noite";"Crescente";"Nublado";"Simples";"Interseção de Vias";"Não";4;0;0;1;3;0;1;2;-18,89806708;-39,95602283;"SPRF-ES";"DEL04-ES";"UOP02-DEL04-ES"
479218;2022-10-07;"sexta-feira";"19:00:00";"MG";381;490;"BETIM";"Reação tardia ou ineficiente do condutor";"Colisão traseira";"Com Vítimas Feridas";"Plena Noite";"Decrescente";"Céu Claro";"Múltipla";"Reta";"Sim";3;0;2;0;1;0;2;2;-19,96502819;-44,17422195;"SPRF-MG";"DEL01-MG";"UOP03-DEL01-MG"
479219;2022-10-07;"sexta-feira";"18:45:00";"PE";101;83;"JABOATAO DOS GUARARAPES";"Conversão proibida";"Colisão transversal";"Com Vítimas Feridas";"Plena Noite";"Crescente";"Céu Claro";"Simples";"Reta";"Sim";2;0;0;1;1;0;1;2;-8,175172;-34,942642;"SPRF-PE";"DEL01-PE";"UOP01-DEL01-PE"
479220;2022-10-07;"sexta-feira";"17:15:00";"RS";470;247,5;"BARAO";"Acesso irregular";"Colisão frontal";"Com Vítimas Fatais";"Pleno dia";"Decrescente";"Céu Claro";"Simples";"Curva";"Sim";14;1;11;1;1;0;12;2;-29,380542;-51,494336;"SPRF-RS";"DEL06-RS";"UOP01-DEL06-RS"
479221;2022-10-07;"sexta-feira";"18:30:00";"PI";135;592;"CORRENTE";"Animais na Pista";"Colisão frontal";"Com Vítimas Feridas";"Anoitecer";"Crescente";"Céu Claro";"Simples";"Curva";"Sim";1;0;1;0;0;0;1;1;-10,47087701;-45,17914742;"SPRF-PI";"DEL03-PI";"UOP02-DEL03-PI"
479222;2022-10-07;"sexta-feira";"18:25:00";"RJ";101;63;"CAMPOS DOS GOYTACAZES";"Condutor deixou de manter distância do veículo da frente";"Colisão traseira";"Sem Vítimas";"Plena Noite";"Decrescente";"Garoa/Chuvisco";"Dupla";"Reta";"Não";2;0;0;0;2;0;0;2;-21,742022;-41,33021;"SPRF-RJ";"DEL08-RJ";"UOP01-DEL08-RJ"
479223;2022-10-07;"sexta-feira";"18:40:00";"RJ";101;493;"ANGRA DOS REIS";"Retorno proibido";"Colisão transversal";"Com Vítimas Feridas";"Plena Noite";"Decrescente";"Céu Claro";"Simples";"Reta";"Não";3;0;0;2;1;0;2;2;-22,94374503;-44,32522199;"SPRF-RJ";"DEL03-RJ";"UOP03-DEL03-RJ"
479224;2022-10-07;"sexta-feira";"19:00:00";"PR";277;594;"CASCAVEL";"Avarias e/ou desgaste excessivo no pneu";"Queda de ocupante de veículo";"Com Vítimas Feridas";"Plena Noite";"Decrescente";"Céu Claro";"Simples";"Reta";"Sim";1;0;1;0;0;0;1;1;-24,9794792;-53,49232599;"SPRF-PR";"DEL04-PR";"UOP01-DEL04-PR"
479225;2022-10-07;"sexta-feira";"14:00:00";"GO";153;493;"GOIANIA";"Ausência de reação do condutor";"Queda de ocupante de veículo";"Com Vítimas Feridas";"Pleno dia";"Crescente";"Céu Claro";"Dupla";"Reta";"Sim";1;0;1;0;0;0;1;1;-16,6537;-49,2172;"SPRF-GO";"DEL01-GO";"UOP01-DEL01-GO"
479226;2022-10-07;"sexta-feira";"17:30:00";"RS";470;168;"VERANOPOLIS";"Transitar na contramão";"Colisão lateral sentido oposto";"Com Vítimas Feridas";"Anoitecer";"Decrescente";"Céu Claro";"Simples";"Reta";"Sim";4;0;2;0;2;0;2;3;-28,85711814;-51,55698016;"SPRF-RS";"DEL06-RS";"UOP02-DEL06-RS"
479228;2022-10-07;"sexta-feira";"17:55:00";"PB";230;106;"INGA";"Manobra de mudança de faixa";"Colisão transversal";"Com Vítimas Feridas";"Plena Noite";"Decrescente";"Céu Claro";"Dupla";"Curva";"Não";4;0;2;0;2;0;2;2;-7,2044612;-35,53729534;"SPRF-PB";"DEL01-PB";"UOP03-DEL01-PB"
479229;2022-10-07;"sexta-feira";"17:30:00";"RS";287;326;"SANTA MARIA";"Reação tardia ou ineficiente do condutor";"Colisão traseira";"Com Vítimas Feridas";"Pleno dia";"Crescente";"Céu Claro";"Simples";"Reta;Viaduto;Em Obras";"Sim";2;0;1;0;1;0;1;2;-29,712517;-53,806502;"SPRF-RS";"DEL09-RS";"UOP01-DEL09-RS"
479230;2022-10-07;"sexta-feira";"18:20:00";"SC";101;322,5;"PESCARIA BRAVA";"Manobra de mudança de faixa";"Colisão lateral mesmo sentido";"Com Vítimas Feridas";"Anoitecer";"Decrescente";"Nublado";"Dupla";"Reta";"Sim";6;0;1;1;4;0;2;2;-28,42491971;-48,90238108;"SPRF-SC";"DEL02-SC";"UOP01-DEL02-SC"
479232;2022-10-07;"sexta-feira";"18:40:00";"PR";277;80;"CURITIBA";"Ausência de reação do condutor";"Colisão lateral mesmo sentido";"Sem Vítimas";"Plena Noite";"Decrescente";"Céu Claro";"Dupla";"Reta";"Sim";2;0;0;0;2;0;0;2;-25,568939;-49,181978;"SPRF-PR";"DEL01-PR";"UOP01-DEL01-PR"
479234;2022-10-07;"sexta-feira";"18:33:00";"BA";324;594;"CANDEIAS";"Demais falhas mecânicas ou elétricas";"Incêndio";"Sem Vítimas";"Plena Noite";"Decrescente";"Céu Claro";"Dupla";"Reta";"Não";1;0;0;0;1;0;0;1;-12,70742041;-38,46251062;"SPRF-BA";"DEL01-BA";"UOP01-DEL01-BA"
479235;2022-10-07;"sexta-feira";"19:30:00";"SP";116;201;"ARUJA";"Manobra de mudança de faixa";"Colisão lateral mesmo sentido";"Com Vítimas Feridas";"Plena Noite";"Decrescente";"Céu Claro";"Dupla";"Reta";"Sim";3;0;1;0;2;0;1;2;-23,40362877;-46,33050107;"SPRF-SP";"DEL01-SP";"NPF/DEL01-SP"
479239;2022-10-07;"sexta-feira";"19:45:00";"ES";101;127;"SOORETAMA";"Acessar a via sem observar a presença dos outros veículos";"Colisão transversal";"Com Vítimas Feridas";"Plena Noite";"Crescente";"Nublado";"Simples";"Reta";"Não";2;0;1;0;1;0;1;2;-19,202898;-40,095524;"SPRF-ES";"DEL04-ES";"UOP01-DEL04-ES"
479240;2022-10-07;"sexta-feira";"17:50:00";"PR";369;197;"APUCARANA";"Reação tardia ou ineficiente do condutor";"Saída de leito carroçável";"Com Vítimas Feridas";"Pleno dia";"Decrescente";"Céu Claro";"Dupla";"Curva";"Sim";1;0;1;0;0;0;1;1;-23,51090368;-51,42605782;"SPRF-PR";"DEL07-PR";"UOP03-DEL07-PR"
479241;2022-10-07;"sexta-feira";"20:05:00";"PE";428;179;"PETROLINA";"Acesso irregular";"Colisão transversal";"Com Vítimas Feridas";"Plena Noite";"Crescente";"Céu Claro";"Simples";"Reta";"Não";3;0;2;1;0;0;3;2;-9,29218306;-40,4457509;"SPRF-PE";"DEL06-PE";"UOP01-DEL06-PE"
479244;2022-10-07;"sexta-feira";"19:40:00";"SP";153;61,5;"SAO JOSE DO RIO PRETO";"Acumulo de areia ou detritos sobre o pavimento";"Tombamento";"Com Vítimas Feridas";"Plena Noite";"Crescente";"Céu Claro";"Dupla";"Declive";"Sim";1;0;1;0;0;0;1;1;-20,80502876;-49,35574909;"SPRF-SP";"DEL09-SP";"UOP01-DEL09-SP"
479245;2022-10-07;"sexta-feira";"19:00:00";"PR";277;130;"CAMPO LARGO";"Condutor deixou de manter distância do veículo da frente";"Colisão traseira";"Com Vítimas Feridas";"Plena Noite";"Crescente";"Céu Claro";"Dupla";"Aclive";"Não";3;0;1;0;2;0;1;2;-25,44518045;-49,4985659;"SPRF-PR";"DEL03-PR";"UOP03-DEL03-PR"
479246;2022-10-07;"sexta-feira";"20:05:00";"DF";60;0,8;"BRASILIA";"Acessar a via sem observar a presença dos outros veículos";"Colisão transversal";"Com Vítimas Feridas";"Plena Noite";"Crescente";"Céu Claro";"Dupla";"Reta;Retorno Regulamentado";"Sim";3;0;2;0;1;0;2;2;-15,884148;-48,067452;"SPRF-DF";"DEL03-DF";"UOP01-DEL03-DF"
479247;2022-10-07;"sexta-feira";"19:40:00";"RJ";116;170;"SAO JOAO DE MERITI";"Entrada inopinada do pedestre";"Atropelamento de Pedestre";"Com Vítimas Fatais";"Plena Noite";"Decrescente";"Céu Claro";"Múltipla";"Reta";"Sim";2;1;0;0;1;0;0;2;-22,81113183;-43,3336729;"SPRF-RJ";"DEL01-RJ";"UOP02-DEL01-RJ"
479248;2022-10-07;"sexta-feira";"19:57:00";"RJ";393;235;"VASSOURAS";"Ingestão de álcool pelo condutor";"Colisão transversal";"Com Vítimas Feridas";"Plena Noite";"Decrescente";"Céu Claro";"Simples";"Interseção de Vias;Retorno Regulamentado";"Sim";5;0;3;0;2;0;3;2;-22,410381;-43,671774;"SPRF-RJ";"DEL05-RJ";"UOP03-DEL05-RJ"
479250;2022-10-07;"sexta-feira";"15:15:00";"PI";316;310;"PICOS";"Transitar na contramão";"Colisão frontal";"Com Vítimas Feridas";"Pleno dia";"Crescente";"Céu Claro";"Simples";"Reta";"Sim";2;0;0;2;0;0;2;2;-7,07639186;-41,47475001;"SPRF-PI";"DEL04-PI";"UOP01-DEL04-PI"
479253;2022-10-07;"sexta-feira";"20:00:00";"SC";101;214;"PALHOCA";"Manobra de mudança de faixa";"Colisão lateral mesmo sentido";"Sem Vítimas";"Plena Noite";"Crescente";"Céu Claro";"Dupla";"Reta";"Sim";2;0;0;0;1;1;0;2;-27,64443;-48,67057;"SPRF-SC";"DEL01-SC";"UOP02-DEL01-SC"
479254;2022-10-07;"sexta-feira";"19:45:00";"PR";116;122;"CURITIBA";"Manobra de mudança de faixa";"Colisão lateral mesmo sentido";"Com Vítimas Feridas";"Plena Noite";"Crescente";"Nublado";"Múltipla";"Reta";"Sim";2;0;1;0;1;0;1;2;-25,56857207;-49,31023179;"SPRF-PR";"DEL01-PR";"UOP03-DEL01-PR"
479255;2022-10-07;"sexta-feira";"19:00:00";"MG";365;374;"PATOS DE MINAS";"Transitar na contramão";"Colisão frontal";"Com Vítimas Feridas";"Anoitecer";"Crescente";"Céu Claro";"Simples";"Reta";"Não";2;0;1;0;1;0;1;2;-18,53950246;-46,16833806;"SPRF-MG";"DEL10-MG";"UOP01-DEL10-MG"
479256;2022-10-07;"sexta-feira";"09:40:00";"RJ";40;92;"PETROPOLIS";"Velocidade Incompatível";"Colisão com objeto";"Sem Vítimas";"Pleno dia";"Crescente";"Nublado";"Simples";"Curva;Declive";"Não";2;0;0;0;0;2;0;2;-22,55238453;-43,25130701;"SPRF-RJ";"DEL06-RJ";"UOP01-DEL06-RJ"
479257;2022-10-07;"sexta-feira";"20:00:00";"RJ";493;3;"ITABORAI";"Pedestre cruzava a pista fora da faixa";"Atropelamento de Pedestre";"Com Vítimas Feridas";"Plena Noite";"Decrescente";"Nublado";"Simples";"Reta";"Sim";2;0;1;0;1;0;1;2;-22,7525329;-42,94160092;"SPRF-RJ";"DEL02-RJ";"UOP02-DEL02-RJ"
479258;2022-10-07;"sexta-feira";"18:00:00";"SC";470;170;"POUSO REDONDO";"Reação tardia ou ineficiente do condutor";"Atropelamento de Pedestre";"Com Vítimas Feridas";"Anoitecer";"Decrescente";"Nublado";"Simples";"Curva";"Não";2;0;1;0;1;0;1;2;-27,265903;-49,892441;"SPRF-SC";"DEL04-SC";"UOP02-DEL04-SC"
479259;2022-10-07;"sexta-feira";"18:30:00";"PR";369;150;"LONDRINA";"Acessar a via sem observar a presença dos outros veículos";"Colisão transversal";"Com Vítimas Feridas";"Pleno dia";"Decrescente";"Céu Claro";"Dupla";"Reta";"Sim";2;0;1;0;1;0;1;2;-23,29295072;-51,16373241;"SPRF-PR";"DEL07-PR";"UOP01-DEL07-PR"
479260;2022-10-07;"sexta-feira";"20:20:00";"PR";277;350;"GUARAPUAVA";"Desrespeitar a preferência no cruzamento";"Colisão transversal";"Com Vítimas Feridas";"Plena Noite";"Decrescente";"Céu Claro";"Simples";"Interseção de Vias";"Sim";4;0;1;0;3;0;1;2;-25,390621;-51,521241;"SPRF-PR";"DEL08-PR";"UOP01-DEL08-PR"
479261;2022-10-07;"sexta-feira";"21:10:00";"SC";101;230;"PALHOCA";"Ingestão de álcool pelo condutor";"Colisão lateral mesmo sentido";"Sem Vítimas";"Plena Noite";"Crescente";"Nublado";"Múltipla";"Aclive";"Não";2;0;0;0;2;0;0;2;-27,77781898;-48,63489608;"SPRF-SC";"DEL01-SC";"UOP02-DEL01-SC"
479262;2022-10-07;"sexta-feira";"20:10:00";"GO";50;105,6;"CRISTALINA";"Iluminação deficiente";"Colisão com objeto";"Com Vítimas Feridas";"Plena Noite";"Crescente";"Nublado";"Dupla";"Retorno Regulamentado";"Não";1;0;1;0;0;0;1;1;-16,81625651;-47,66965812;"SPRF-DF";"DEL01-DF";"UOP02-DEL01-DF"
479263;2022-10-07;"sexta-feira";"19:05:00";"MG";40;699;"BARBACENA";"Reação tardia ou ineficiente do condutor";"Colisão traseira";"Com Vítimas Feridas";"Plena Noite";"Crescente";"Nublado";"Dupla";"Interseção de Vias";"Sim";2;0;1;0;1;0;1;2;-21,16945;-43,756498;"SPRF-MG";"DEL05-MG";"UOP02-DEL05-MG"
479266;2022-10-07;"sexta-feira";"20:20:00";"SC";101;97,1;"BALNEARIO PICARRAS";"Acessar a via sem observar a presença dos outros veículos";"Colisão transversal";"Com Vítimas Feridas";"Plena Noite";"Decrescente";"Céu Claro";"Dupla";"Reta";"Não";2;0;1;0;1;0;1;2;-26,73266572;-48,70025754;"SPRF-SC";"DEL03-SC";"UOP02-DEL03-SC"
479268;2022-10-07;"sexta-feira";"20:10:00";"PI";343;176,7;"PIRIPIRI";"Acessar a via sem observar a presença dos outros veículos";"Colisão transversal";"Com Vítimas Feridas";"Plena Noite";"Decrescente";"Céu Claro";"Simples";"Reta";"Não";4;0;4;0;0;0;4;2;-4,210357;-41,778091;"SPRF-PI";"DEL02-PI";"UOP01-DEL02-PI"
479269;2022-10-07;"sexta-feira";"21:00:00";"SC";158;126,7;"CAIBI";"Transitar na contramão";"Colisão frontal";"Com Vítimas Feridas";"Plena Noite";"Crescente";"Nublado";"Simples";"Curva";"Não";2;0;1;1;0;0;2;2;-27,016713;-53,22832;"SPRF-SC";"DEL07-SC";"UOP02-DEL07-SC"
479270;2022-10-07;"sexta-feira";"19:45:00";"PR";369;462,7;"UBIRATA";"Condutor deixou de manter distância do veículo da frente";"Colisão frontal";"Com Vítimas Feridas";"Plena Noite";"Crescente";"Céu Claro";"Simples";"Reta;Aclive";"Não";5;0;1;0;4;0;1;2;-24,5518;-53,1019;"SPRF-PR";"DEL04-PR";"UOP03-DEL04-PR"
479271;2022-10-07;"sexta-feira";"21:00:00";"RJ";495;29;"PETROPOLIS";"Iluminação deficiente";"Colisão lateral sentido oposto";"Com Vítimas Feridas";"Plena Noite";"Crescente";"Nublado";"Simples";"Reta";"Não";2;0;1;0;1;0;1;2;-22,391611;-43,126202;"SPRF-RJ";"DEL06-RJ";"UOP01-DEL06-RJ"
479272;2022-10-07;"sexta-feira";"18:00:00";"AC";364;133;"RIO BRANCO";"Chuva";"Queda de ocupante de veículo";"Com Vítimas Feridas";"Plena Noite";"Decrescente";"Chuva";"Dupla";"Reta";"Não";1;0;1;0;0;0;1;1;-10,002488;-67,84954;"SPRF-AC";"DEL01-AC";"UOP01-DEL01-AC"
479274;2022-10-07;"sexta-feira";"18:50:00";"MS";163;97,4;"ITAQUIRAI";"Condutor deixou de manter distância do veículo da frente";"Colisão traseira";"Com Vítimas Feridas";"Plena Noite";"Crescente";"Céu Claro";"Simples";"Declive";"Não";2;0;1;0;1;0;1;2;-23,30753605;-54,22191632;"SPRF-MS";"DEL09-MS";"UOP01-DEL09-MS"
479275;2022-10-07;"sexta-feira";"21:30:00";"SC";101;113;"ITAJAI";"Condutor deixou de manter distância do veículo da frente";"Colisão traseira";"Com Vítimas Feridas";"Plena Noite";"Crescente";"Céu Claro";"Dupla";"Reta";"Sim";4;0;1;0;3;0;1;3;-26,85311393;-48,72689927;"SPRF-SC";"DEL04-SC";"UOP04-DEL04-SC"
479277;2022-10-07;"sexta-feira";"21:25:00";"SP";116;214;"GUARULHOS";"Ausência de reação do condutor";"Colisão traseira";"Sem Vítimas";"Plena Noite";"Crescente";"Nublado";"Múltipla";"Reta";"Sim";1;0;0;0;0;1;0;1;-23,44333014;-46,44531294;"SPRF-SP";"DEL01-SP";"UOP01-DEL01-SP"
479278;2022-10-07;"sexta-feira";"20:00:00";"CE";20;83;"TAUA";"Reação tardia ou ineficiente do condutor";"Colisão frontal";"Com Vítimas Feridas";"Plena Noite";"Crescente";"Céu Claro";"Simples";"Reta";"Sim";3;0;1;0;2;0;1;2;-6,00760337;-40,28674757;"SPRF-CE";"DEL02-CE";"UOP02-DEL02-CE"
479279;2022-10-07;"sexta-feira";"20:50:00";"BA";101;714;"EUNAPOLIS";"Acessar a via sem observar a presença dos outros veículos";"Colisão lateral mesmo sentido";"Com Vítimas Feridas";"Plena Noite";"Crescente";"Céu Claro";"Simples";"Reta";"Sim";2;0;0;1;1;0;1;2;-16,51577516;-39,57427325;"SPRF-BA";"DEL09-BA";"UOP01-DEL09-BA"
479283;2022-10-07;"sexta-feira";"21:30:00";"PR";376;176,8;"MARINGA";"Manobra de mudança de faixa";"Queda de ocupante de veículo";"Com Vítimas Feridas";"Plena Noite";"Crescente";"Céu Claro";"Dupla";"Reta";"Sim";1;0;1;0;0;0;1;1;-23,41269173;-51,93158327;"SPRF-PR";"DEL09-PR";"UOP01-DEL09-PR"
479284;2022-10-07;"sexta-feira";"21:25:00";"SC";101;399;"MARACAJA";"Manobra de mudança de faixa";"Colisão lateral mesmo sentido";"Sem Vítimas";"Plena Noite";"Decrescente";"Céu Claro";"Dupla";"Reta";"Não";2;0;0;0;2;0;0;2;-28,84171475;-49,42814418;"SPRF-SC";"DEL02-SC";"UOP02-DEL02-SC"
479285;2022-10-07;"sexta-feira";"22:00:00";"PI";343;589;"FLORIANO";"Reação tardia ou ineficiente do condutor";"Colisão traseira";"Com Vítimas Feridas";"Plena Noite";"Decrescente";"Céu Claro";"Dupla";"Reta";"Sim";1;0;1;0;0;0;1;1;-6,776695;-43,009346;"SPRF-PI";"DEL03-PI";"UOP01-DEL03-PI"
479286;2022-10-07;"sexta-feira";"22:20:00";"ES";101;149;"LINHARES";"Condutor desrespeitou a iluminação vermelha do semáforo";"Colisão transversal";"Com Vítimas Feridas";"Plena Noite";"Decrescente";"Céu Claro";"Dupla";"Interseção de Vias";"Sim";8;0;2;0;2;4;2;4;-19,38787399;-40,06752766;"SPRF-ES";"DEL04-ES";"UOP01-DEL04-ES"
479287;2022-10-07;"sexta-feira";"21:00:00";"RS";290;175,8;"BUTIA";"Transitar na contramão";"Colisão frontal";"Com Vítimas Feridas";"Plena Noite";"Crescente";"Nublado";"Simples";"Reta";"Não";2;0;1;0;1;0;1;2;-30,129343;-51,961823;"SPRF-RS";"DEL02-RS";"UOP03-DEL02-RS"
479288;2022-10-07;"sexta-feira";"22:10:00";"SP";116;204;"ARUJA";"Ingestão de álcool pelo condutor";"Colisão traseira";"Sem Vítimas";"Plena Noite";"Decrescente";"Céu Claro";"Múltipla";"Reta";"Sim";2;0;0;0;2;0;0;2;-23,41236123;-46,35692496;"SPRF-SP";"DEL01-SP";"UOP01-DEL01-SP"
479289;2022-10-07;"sexta-feira";"20:00:00";"ES";101;341;"GUARAPARI";"Velocidade Incompatível";"Saída de leito carroçável";"Sem Vítimas";"Plena Noite";"Decrescente";"Céu Claro";"Dupla";"Reta";"Não";1;0;0;0;0;1;0;1;-20,65278033;-40,57410974;"SPRF-ES";"DEL03-ES";"UOP01-DEL03-ES"
479290;2022-10-07;"sexta-feira";"22:00:00";"MG";116;527,7;"CARATINGA";"Desrespeitar a preferência no cruzamento";"Colisão transversal";"Sem Vítimas";"Plena Noite";"Decrescente";"Nublado";"Dupla";"Retorno Regulamentado;Interseção de Vias;Reta";"Sim";2;0;0;0;2;0;0;2;-19,77942484;-42,13282585;"SPRF-MG";"DEL06-MG";"UOP02-DEL06-MG"
479291;2022-10-07;"sexta-feira";"19:50:00";"RJ";101;406;"ITAGUAI";"Ultrapassagem Indevida";"Colisão frontal";"Com Vítimas Feridas";"Plena Noite";"Crescente";"Nublado";"Dupla";"Reta";"Sim";2;0;1;0;1;0;1;2;-22,87188798;-43,80896322;"SPRF-RJ";"DEL03-RJ";"UOP01-DEL03-RJ"
479294;2022-10-07;"sexta-feira";"20:30:00";"MG";116;527,7;"CARATINGA";"Ingestão de álcool pelo condutor";"Colisão transversal";"Com Vítimas Feridas";"Plena Noite";"Decrescente";"Nublado";"Dupla";"Reta";"Sim";2;0;1;0;0;1;1;2;-19,78510701;-42,13445297;"SPRF-MG";"DEL06-MG";"UOP02-DEL06-MG"
479295;2022-10-07;"sexta-feira";"20:00:00";"SC";280;125;"RIO NEGRINHO";"Acesso irregular";"Colisão transversal";"Com Vítimas Feridas";"Plena Noite";"Crescente";"Céu Claro";"Simples";"Reta";"Não";2;0;1;0;1;0;1;2;-26,23763684;-49,48434497;"SPRF-SC";"DEL06-SC";"UOP03-DEL06-SC"
479296;2022-10-07;"sexta-feira";"22:30:00";"RJ";40;117;"DUQUE DE CAXIAS";"Reação tardia ou ineficiente do condutor";"Colisão com objeto";"Com Vítimas Feridas";"Plena Noite";"Decrescente";"Nublado";"Múltipla";"Reta";"Não";1;0;1;0;0;0;1;1;-22,745676;-43,2881;"SPRF-RJ";"DEL01-RJ";"UOP01-DEL01-RJ"
479297;2022-10-07;"sexta-feira";"22:45:00";"PR";369;146;"LONDRINA";"Acessar a via sem observar a presença dos outros veículos";"Colisão traseira";"Sem Vítimas";"Plena Noite";"Decrescente";"Céu Claro";"Dupla";"Reta;Declive";"Sim";2;0;0;0;2;0;0;2;-23,29333;-51,12545;"SPRF-PR";"DEL07-PR";"UOP01-DEL07-PR"
479302;2022-10-07;"sexta-feira";"21:10:00";"MA";222;673;"ACAILANDIA";"Demais falhas mecânicas ou elétricas";"Incêndio";"Sem Vítimas";"Plena Noite";"Crescente";"Céu Claro";"Simples";"Reta";"Sim";1;0;0;0;1;0;0;1;-4,92960481;-47,44590111;"SPRF-MA";"DEL04-MA";"UOP03-DEL04-MA"
479303;2022-10-08;"sábado";"00:05:00";"PR";116;112;"SAO JOSE DOS PINHAIS";"Condutor deixou de manter distância do veículo da frente";"Colisão traseira";"Com Vítimas Feridas";"Plena Noite";"Decrescente";"Nublado";"Dupla";"Reta";"Não";3;0;1;0;2;0;1;3;-25,56730763;-49,23706792;"SPRF-PR";"DEL01-PR";"UOP06-DEL01-PR"
479304;2022-10-08;"sábado";"00:02:00";"AP";210;122;"PORTO GRANDE";"Reação tardia ou ineficiente do condutor";"Colisão lateral sentido oposto";"Sem Vítimas";"Anoitecer";"Crescente";"Céu Claro";"Simples";"Declive";"Não";2;0;0;0;2;0;0;2;0,70564616;-51,41271608;"SPRF-AP";"DEL01-AP";"UOP01-DEL01-AP"
479305;2022-10-07;"sexta-feira";"23:50:00";"PR";476;118,4;"COLOMBO";"Desrespeitar a preferência no cruzamento";"Colisão transversal";"Com Vítimas Feridas";"Plena Noite";"Crescente";"Nublado";"Dupla";"Interseção de Vias";"Sim";2;0;1;0;1;0;1;2;-25,35674681;-49,18099523;"SPRF-PR";"DEL01-PR";"UOP01-DEL01-PR"
479307;2022-10-07;"sexta-feira";"18:00:00";"PR";369;145,9;"LONDRINA";"Reação tardia ou ineficiente do condutor";"Tombamento";"Com Vítimas Feridas";"Anoitecer";"Crescente";"Nublado";"Dupla";"Reta;Aclive";"Sim";1;0;0;1;0;0;1;1;-23,29312517;-51,12274289;"SPRF-PR";"DEL07-PR";"UOP01-DEL07-PR"
479310;2022-10-08;"sábado";"00:10:00";"TO";153;529;"PUGMIL";"Condutor Dormindo";"Saída de leito carroçável";"Com Vítimas Feridas";"Plena Noite";"Decrescente";"Nublado";"Simples";"Reta";"Não";1;0;0;1;0;0;1;1;-10,462549;-48,90229402;"SPRF-TO";"DEL01-TO";"UOP01-DEL01-TO"
479314;2022-10-08;"sábado";"01:20:00";"PR";369;185;"ARAPONGAS";"Manobra de mudança de faixa";"Queda de ocupante de veículo";"Com Vítimas Feridas";"Pleno dia";"Crescente";"Céu Claro";"Simples";"Reta";"Sim";1;0;1;0;0;0;1;1;-23,41127178;-51,42803192;"SPRF-PR";"DEL07-PR";"UOP03-DEL07-PR"
479315;2022-10-08;"sábado";"01:45:00";"ES";101;158;"LINHARES";"Condutor Dormindo";"Saída de leito carroçável";"Com Vítimas Feridas";"Plena Noite";"Decrescente";"Nublado";"Simples";"Reta";"Não";1;0;1;0;0;0;1;1;-19,46094508;-40,10491389;"SPRF-ES";"DEL04-ES";"UOP01-DEL04-ES"
479317;2022-10-08;"sábado";"00:17:00";"MT";174;480;"COMODORO";"Ingestão de álcool pelo condutor";"Saída de leito carroçável";"Sem Vítimas";"Plena Noite";"Crescente";"Nublado";"Simples";"Reta";"Não";2;0;0;0;2;0;0;1;-13,70885684;-59,78274157;"SPRF-MT";"DEL04-MT";"UOP01-DEL04-MT"
479319;2022-10-08;"sábado";"02:00:00";"RJ";116;170;"SAO JOAO DE MERITI";"Condutor Dormindo";"Colisão frontal";"Com Vítimas Feridas";"Plena Noite";"Crescente";"Céu Claro";"Múltipla";"Reta";"Não";1;0;1;0;0;0;1;1;-22,81113183;-43,3336729;"SPRF-RJ";"DEL01-RJ";"UOP02-DEL01-RJ"
479320;2022-10-08;"sábado";"00:30:00";"RO";364;342;"JI-PARANA";"Reação tardia ou ineficiente do condutor";"Colisão traseira";"Com Vítimas Feridas";"Plena Noite";"Decrescente";"Céu Claro";"Dupla";"Reta";"Sim";3;0;2;0;1;0;2;2;-10,88381227;-61,93741416;"SPRF-RO";"DEL02-RO";"UOP01-DEL02-RO"
479321;2022-10-08;"sábado";"03:00:00";"PI";343;347;"TERESINA";"Condutor deixou de manter distância do veículo da frente";"Colisão traseira";"Com Vítimas Feridas";"Plena Noite";"Decrescente";"Céu Claro";"Simples";"Ponte";"Sim";2;0;1;0;0;1;1;2;-5,114822;-42,778355;"SPRF-PI";"DEL01-PI";"UOP01-DEL01-PI"
479324;2022-10-08;"sábado";"03:11:00";"RS";386;210,4;"TIO HUGO";"Condutor deixou de manter distância do veículo da frente";"Colisão traseira";"Com Vítimas Feridas";"Plena Noite";"Crescente";"Céu Claro";"Simples";"Reta";"Não";3;0;2;0;1;0;2;2;-28,538031;-52,618847;"SPRF-RS";"DEL04-RS";"UOP03-DEL04-RS"
479326;2022-10-08;"sábado";"03:30:00";"SC";280;67,4;"JARAGUA DO SUL";"Reação tardia ou ineficiente do condutor";"Queda de ocupante de veículo";"Com Vítimas Feridas";"Plena Noite";"Crescente";"Céu Claro";"Simples";"Rotatória";"Sim";1;0;1;0;0;0;1;1;-26,47802553;-49,10272837;"SPRF-SC";"DEL03-SC";"UOP03-DEL03-SC"