"id";"data_inversa";"dia_semana";"horario";"uf";"br";"km";"municipio";"causa_acidente";"tipo_acidente";"classificacao_acidente";"fase_dia";"sentido_via";"condicao_metereologica";"tipo_pista";"tracado_via";"uso_solo";"pessoas";"mortos";"feridos_leves";"feridos_graves";"ilesos";"ignorados";"feridos";"veiculos";"latitude";"longitude";"regional";"delegacia";"uop"
479656;2022-10-09;"domingo";"14:03:00";"ES";101;270;"SERRA";"Condutor desrespeitou a iluminação vermelha do semáforo";"Colisão transversal";"Com Vítimas Feridas";"Pleno dia";"Decrescente";"Céu Claro";"Múltipla";"Reta";"Sim";3;0;1;0;2;0;1;3;-20,22662056;-40,27075088;"SPRF-ES";"DEL02-ES";"UOP01-DEL02-ES"
479657;2022-10-09;"domingo";"14:43:00";"ES";393;13,2;"MUQUI";"Ausência de reação do condutor";"Colisão com objeto";"Com Vítimas Fatais";"Pleno dia";"Crescente";"Céu Claro";"Simples";"Curva";"Não";1;1;0;0;0;0;0;1;-20,86836097;-41,25854402;"SPRF-ES";"DEL03-ES";"UOP02-DEL03-ES"
479658;2022-10-09;"domingo";"15:10:00";"SC";116;148;"ITAPEMA";"Condutor deixou de manter distância do veículo da frente";"Colisão traseira";"Com Vítimas Feridas";"Pleno dia";"Decrescente";"Sol";"Dupla";"Reta";"Sim";2;0;0;1;1;0;1;2;-27,107141;-48,613976;"SPRF-SC";"DEL06-SC";"UOP02-DEL06-SC"
479659;2022-10-09;"domingo";"14:40:00";"GO";60;101,8;"ANAPOLIS";"Demais falhas mecânicas ou elétricas";"Incêndio";"Sem Vítimas";"Pleno dia";"Decrescente";"Céu Claro";"Dupla";"Reta";"Não";1;0;0;0;0;1;0;1;-16,40190005;-48,97509771;"SPRF-GO";"DEL02-GO";"UOP01-DEL02-GO"
479660;2022-10-09;"domingo";"14:45:00";"RS";116;122,8;"SAO MARCOS";"Manobra de mudança de faixa";"Saída de leito carroçável";"Com Vítimas Feridas";"Pleno dia";"Decrescente";"Céu Claro";"Simples";"Reta";"Sim";2;0;2;0;0;0;2;1;-29,01040633;-51,07327877;"SPRF-RS";"DEL05-RS";"UOP01-DEL05-RS"
479661;2022-10-09;"domingo";"15:30:00";"SP";116;203,3;"ARUJA";"Pedestre andava na pista";"Atropelamento de Pedestre";"Com Vítimas Feridas";"Pleno dia";"Decrescente";"Chuva";"Dupla";"Reta";"Sim";3;0;1;1;0;1;2;2;-23,41060827;-46,34763895;"SPRF-SP";"DEL01-SP";"UOP01-DEL01-SP"
479662;2022-10-09;"domingo";"15:20:00";"SC";101;216;"PALHOCA";"Condutor deixou de manter distância do veículo da frente";"Colisão traseira";"Sem Vítimas";"Pleno dia";"Crescente";"Céu Claro";"Múltipla";"Reta";"Sim";2;0;0;0;2;0;0;2;-27,65981409;-48,67747798;"SPRF-SC";"DEL01-SC";"UOP02-DEL01-SC"
479663;2022-10-09;"domingo";"15:50:00";"SC";101;148;"ITAPEMA";"Trafegar com motocicleta (ou similar) entre as faixas";"Colisão lateral mesmo sentido";"Com Vítimas Feridas";"Pleno dia";"Decrescente";"Nublado";"Dupla";"Declive";"Sim";3;0;2;0;1;0;2;2;-27,10123686;-48,61807962;"SPRF-SC";"DEL04-SC";"UOP03-DEL04-SC"
479664;2022-10-09;"domingo";"12:20:00";"MT";364;557,4;"NOBRES";"Chuva";"Saída de leito carroçável";"Sem Vítimas";"Pleno dia";"Crescente";"Chuva";"Dupla";"Reta";"Não";1;0;0;0;1;0;0;1;-14,72972978;-56,3193512;"SPRF-MT";"DEL01-MT";"UOP01-DEL01-MT"
479665;2022-10-09;"domingo";"16:10:00";"SC";101;192;"BIGUACU";"Ingestão de álcool pelo condutor";"Colisão lateral mesmo sentido";"Com Vítimas Feridas";"Pleno dia";"Crescente";"Céu Claro";"Simples";"Interseção de Vias";"Sim";2;0;1;0;1;0;1;2;-27,48443781;-48,64765238;"SPRF-SC";"DEL01-SC";"UOP01-DEL01-SC"
479666;2022-10-09;"domingo";"16:00:00";"DF";70;10;"BRASILIA";"Avarias e/ou desgaste excessivo no pneu";"Saída de leito carroçável";"Com Vítimas Feridas";"Pleno dia";"Crescente";"Céu Claro";"Dupla";"Reta";"Sim";4;0;1;0;3;0;1;1;-15,787066;-48,140709;"SPRF-DF";"DEL03-DF";"UOP02-DEL03-DF"
479667;2022-10-09;"domingo";"13:30:00";"GO";70;94;"PIRENOPOLIS";"Ingestão de álcool pelo condutor";"Tombamento";"Com Vítimas Feridas";"Pleno dia";"Crescente";"Nublado";"Simples";"Curva";"Não";1;0;1;0;0;0;1;1;-15,77606995;-48,98042699;"SPRF-GO";"DEL02-GO";"UOP02-DEL02-GO"
479668;2022-10-09;"domingo";"12:00:00";"MG";40;44,3;"PARACATU";"Reação tardia ou ineficiente do condutor";"Saída de leito carroçável";"Com Vítimas Feridas";"Pleno dia";"Decrescente";"Céu Claro";"Simples";"Declive;Reta";"Não";1;0;1;0;0;0;1;1;-17,23101648;-46,85390396;"SPRF-MG";"DEL14-MG";"UOP01-DEL14-MG"
479669;2022-10-09;"domingo";"14:00:00";"BA";0;0;"EUNAPOLIS";"Problema com o freio";"Colisão com objeto";"Com Vítimas Feridas";"Pleno dia";"Não Informado";"Céu Claro";"Simples";"Reta";"Sim";2;0;1;0;1;0;1;2;-16,3545;-39,5802;"SPRF-BA";"DEL09-BA";"UOP01-DEL09-BA"
479670;2022-10-09;"domingo";"15:15:00";"RO";364;238;"CACOAL";"Acessar a via sem observar a presença dos outros veículos";"Colisão transversal";"Com Vítimas Feridas";"Pleno dia";"Decrescente";"Nublado";"Simples";"Interseção de Vias";"Sim";2;0;0;1;1;0;1;2;-11,4388578;-61,45471289;"SPRF-RO";"DEL02-RO";"UOP02-DEL02-RO"
479672;2022-10-09;"domingo";"15:21:00";"SC";282;23;"SANTO AMARO DA IMPERATRIZ";"Ultrapassagem Indevida";"Colisão transversal";"Com Vítimas Feridas";"Pleno dia";"Decrescente";"Nublado";"Simples";"Reta";"Sim";2;0;0;1;1;0;1;2;-27,687958;-48,736794;"SPRF-SC";"DEL01-SC";"UOP02-DEL01-SC"
479673;2022-10-09;"domingo";"16:43:00";"MG";262;153;"SAO DOMINGOS DO PRATA";"Reação tardia ou ineficiente do condutor";"Colisão com objeto";"Com Vítimas Feridas";"Pleno dia";"Crescente";"Céu Claro";"Simples";"Curva";"Não";2;0;0;2;0;0;2;1;-19,99113399;-42,79060753;"SPRF-MG";"DEL03-MG";"UOP03-DEL03-MG"
479674;2022-10-09;"domingo";"15:50:00";"SC";282;17,8;"PALHOCA";"Acessar a via sem observar a presença dos outros veículos";"Colisão transversal";"Com Vítimas Feridas";"Pleno dia";"Crescente";"Nublado";"Simples";"Reta";"Sim";3;0;2;0;1;0;2;2;-27,665707;-48,688065;"SPRF-SC";"DEL01-SC";"UOP02-DEL01-SC"
479675;2022-10-09;"domingo";"15:00:00";"RJ";40;85;"PETROPOLIS";"Velocidade Incompatível";"Queda de ocupante de veículo";"Com Vítimas Feridas";"Pleno dia";"Crescente";"Céu Claro";"Simples";"Aclive;Curva";"Não";1;0;1;0;0;0;1;1;-22,52850694;-43,2349802;"SPRF-RJ";"DEL06-RJ";"UOP01-DEL06-RJ"
479678;2022-10-09;"domingo";"17:02:00";"BA";101;724;"EUNAPOLIS";"Ausência de reação do condutor";"Colisão traseira";"Com Vítimas Feridas";"Pleno dia";"Decrescente";"Céu Claro";"Simples";"Aclive";"Não";3;0;2;0;1;0;2;2;-16,4264;-39,5794;"SPRF-BA";"DEL09-BA";"UOP01-DEL09-BA"
479679;2022-10-09;"domingo";"16:40:00";"MT";158;751,9;"BARRA DO GARCAS";"Condutor Dormindo";"Saída de leito carroçável";"Sem Vítimas";"Pleno dia";"Crescente";"Nublado";"Simples";"Reta";"Não";2;0;0;0;0;2;0;1;-15,507774;-52,203638;"SPRF-MT";"DEL07-MT";"UOP01-DEL07-MT"
479681;2022-10-09;"domingo";"15:10:00";"RJ";101;578;"PARATY";"Avarias e/ou desgaste excessivo no pneu";"Saída de leito carroçável";"Com Vítimas Feridas";"Pleno dia";"Crescente";"Chuva";"Simples";"Curva";"Sim";1;0;1;0;0;0;1;1;-23,23539058;-44,71182799;"SPRF-RJ";"DEL03-RJ";"UOP02-DEL03-RJ"
479683;2022-10-09;"domingo";"16:20:00";"BA";407;3;"JUAZEIRO";"Reação tardia ou ineficiente do condutor";"Colisão traseira";"Sem Vítimas";"Pleno dia";"Decrescente";"Céu Claro";"Simples";"Interseção de Vias";"Sim";4;0;0;0;4;0;0;2;-9,43134011;-40,49823324;"SPRF-PE";"DEL06-PE";"UOP01-DEL06-PE"
479684;2022-10-09;"domingo";"15:35:00";"CE";116;26;"AQUIRAZ";"Ingestão de álcool pelo condutor";"Queda de ocupante de veículo";"Com Vítimas Feridas";"Pleno dia";"Crescente";"Céu Claro";"Simples";"Viaduto";"Não";1;0;1;0;0;0;1;1;-3,9752959;-38,51436047;"SPRF-CE";"DEL01-CE";"UOP02-DEL01-CE"
479685;2022-10-09;"domingo";"15:50:00";"MG";50;73;"UBERLANDIA";"Condutor usando celular";"Colisão lateral mesmo sentido";"Com Vítimas Feridas";"Pleno dia";"Decrescente";"Céu Claro";"Dupla";"Reta";"Sim";2;0;1;0;1;0;1;2;-18,85140204;-48,25345932;"SPRF-MG";"DEL15-MG";"UOP01-DEL15-MG"
479686;2022-10-09;"domingo";"17:20:00";"SP";153;108,1;"JOSE BONIFACIO";"Acessar a via sem observar a presença dos outros veículos";"Colisão transversal";"Com Vítimas Feridas";"Pleno dia";"Crescente";"Garoa/Chuvisco";"Simples";"Declive;Em Obras;Reta";"Sim";9;0;7;2;0;0;9;2;-21,07208391;-49,66656517;"SPRF-SP";"DEL09-SP";"UOP01-DEL09-SP"
479687;2022-10-09;"domingo";"10:40:00";"RS";158;264;"JULIO DE CASTILHOS";"Ausência de reação do condutor";"Saída de leito carroçável";"Com Vítimas Feridas";"Pleno dia";"Decrescente";"Nublado";"Simples";"Declive;Reta";"Não";2;0;2;0;0;0;2;1;-29,25627255;-53,66469383;"SPRF-RS";"DEL10-RS";"UOP02-DEL10-RS"
479688;2022-10-09;"domingo";"16:00:00";"GO";60;380;"RIO VERDE";"Acumulo de água sobre o pavimento";"Saída de leito carroçável";"Com Vítimas Feridas";"Pleno dia";"Decrescente";"Chuva";"Dupla";"Declive";"Não";2;0;1;0;1;0;1;1;-17,7646;-50,8822;"SPRF-GO";"DEL04-GO";"UOP02-DEL04-GO"
479692;2022-10-09;"domingo";"17:25:00";"RS";290;112;"ELDORADO DO SUL";"Condutor deixou de manter distância do veículo da frente";"Colisão traseira";"Com Vítimas Feridas";"Pleno dia";"Decrescente";"Céu Claro";"Simples";"Reta";"Não";4;0;2;0;2;0;2;2;-30,040455;-51,329193;"SPRF-RS";"DEL02-RS";"UOP01-DEL02-RS"
479693;2022-10-09;"domingo";"17:30:00";"MG";40;616,9;"CONGONHAS";"Desrespeitar a preferência no cruzamento";"Colisão transversal";"Com Vítimas Feridas";"Anoitecer";"Crescente";"Nublado";"Simples";"Interseção de Vias";"Não";3;0;1;1;1;0;2;2;-20,5563757;-43,81433487;"SPRF-MG";"DEL05-MG";"UOP02-DEL05-MG"
479695;2022-10-09;"domingo";"17:50:00";"PR";277;67,8;"SAO JOSE DOS PINHAIS";"Reação tardia ou ineficiente do condutor";"Tombamento";"Com Vítimas Feridas";"Anoitecer";"Crescente";"Nublado";"Dupla";"Reta";"Sim";2;0;2;0;0;0;2;1;-25,521672;-49,105219;"SPRF-PR";"DEL01-PR";"UOP01-DEL01-PR"
479696;2022-10-09;"domingo";"17:40:00";"PI";343;340;"TERESINA";"Acessar a via sem observar a presença dos outros veículos";"Colisão lateral mesmo sentido";"Com Vítimas Feridas";"Anoitecer";"Decrescente";"Céu Claro";"Dupla";"Reta";"Não";3;0;2;0;1;0;2;2;-5,074137;-42,73629;"SPRF-PI";"DEL01-PI";"UOP01-DEL01-PI"
479697;2022-10-09;"domingo";"17:40:00";"MG";50;172;"UBERABA";"Ausência de reação do condutor";"Colisão com objeto";"Sem Vítimas";"Plena Noite";"Crescente";"Chuva";"Dupla";"Reta;Em Obras";"Não";2;0;0;0;1;1;0;2;-19,75402507;-47,98051917;"SPRF-MG";"DEL13-MG";"UOP01-DEL13-MG"
479698;2022-10-09;"domingo";"14:00:00";"GO";153;149;"CAMPINORTE";"Manobra de mudança de faixa";"Saída de leito carroçável";"Com Vítimas Feridas";"Pleno dia";"Crescente";"Sol";"Simples";"Reta";"Não";2;0;2;0;0;0;2;1;-14,07319;-49,096848;"SPRF-GO";"DEL07-GO";"UOP02-DEL07-GO"
479699;2022-10-09;"domingo";"18:00:00";"RS";392;703,2;"PORTO XAVIER";"Reação tardia ou ineficiente do condutor";"Colisão traseira";"Com Vítimas Feridas";"Anoitecer";"Crescente";"Céu Claro";"Simples";"Reta";"Não";8;0;3;1;4;0;4;2;-28,04189796;-55,08884892;"SPRF-RS";"DEL10-RS";"UOP01-DEL10-RS"
479702;2022-10-09;"domingo";"17:50:00";"PB";230;473,1;"SOUSA";"Ausência de reação do condutor";"Queda de ocupante de veículo";"Com Vítimas Fatais";"Anoitecer";"Decrescente";"Céu Claro";"Simples";"Reta";"Não";2;1;0;1;0;0;1;2;-6,805;-38,3055;"SPRF-PB";"DEL03-PB";"UOP03-DEL03-PB"
479703;2022-10-09;"domingo";"17:55:00";"MG";40;516;"RIBEIRAO DAS NEVES";"Manobra de mudança de faixa";"Tombamento";"Com Vítimas Feridas";"Anoitecer";"Decrescente";"Céu Claro";"Dupla";"Declive;Reta";"Não";2;0;2;0;0;0;2;1;-19,81628624;-44,08960124;"SPRF-MG";"DEL01-MG";"UOP02-DEL01-MG"
479704;2022-10-09;"domingo";"18:15:00";"MG";40;661,9;"CARANDAI";"Retorno proibido";"Colisão transversal";"Com Vítimas Feridas";"Plena Noite";"Decrescente";"Céu Claro";"Simples";"Declive;Reta";"Não";7;0;1;6;0;0;7;2;-20,91349375;-43,82687955;"SPRF-MG";"DEL05-MG";"UOP02-DEL05-MG"
479706;2022-10-09;"domingo";"17:00:00";"GO";20;20;"FORMOSA";"Ingestão de álcool pelo condutor";"Queda de ocupante de veículo";"Com Vítimas Feridas";"Pleno dia";"Crescente";"Nublado";"Dupla";"Declive";"Não";1;0;1;0;0;0;1;1;-15,56101725;-47,26252645;"SPRF-DF";"DEL02-DF";"UOP02-DEL02-DF"
479707;2022-10-09;"domingo";"18:05:00";"RJ";101;314;"SAO GONCALO";"Demais falhas mecânicas ou elétricas";"Queda de ocupante de veículo";"Com Vítimas Feridas";"Anoitecer";"Decrescente";"Garoa/Chuvisco";"Dupla";"Reta";"Sim";2;0;1;0;1;0;1;1;-22,81648739;-43,07728467;"SPRF-RJ";"DEL02-RJ";"UOP02-DEL02-RJ"
479708;2022-10-09;"domingo";"18:00:00";"PI";343;315;"ALTOS";"Ingestão de álcool pelo condutor";"Colisão transversal";"Com Vítimas Feridas";"Plena Noite";"Crescente";"Céu Claro";"Simples";"Reta";"Não";2;0;0;1;1;0;1;2;-5,047249;-42,527164;"SPRF-PI";"DEL01-PI";"UOP01-DEL01-PI"
479709;2022-10-09;"domingo";"18:30:00";"RS";392;112;"CANGUCU";"Conversão proibida";"Colisão transversal";"Com Vítimas Feridas";"Anoitecer";"Crescente";"Céu Claro";"Simples";"Interseção de Vias";"Não";4;0;3;0;1;0;3;2;-31,44667113;-52,64345314;"SPRF-RS";"DEL07-RS";"UOP01-DEL07-RS"
479710;2022-10-09;"domingo";"19:00:00";"SP";116;147;"SAO JOSE DOS CAMPOS";"Chuva";"Colisão traseira";"Com Vítimas Feridas";"Plena Noite";"Decrescente";"Chuva";"Dupla";"Reta";"Sim";3;0;1;1;1;0;2;2;-23,19122919;-45,86327591;"SPRF-SP";"DEL02-SP";"UOP01-DEL02-SP"
479711;2022-10-09;"domingo";"12:00:00";"BA";101;542;"SAO JOSE DA VITORIA";"Ausência de reação do condutor";"Atropelamento de Pedestre";"Com Vítimas Feridas";"Pleno dia";"Decrescente";"Céu Claro";"Simples";"Reta";"Não";2;0;0;1;1;0;1;2;-15,16956576;-39,39422607;"SPRF-BA";"DEL05-BA";"UOP02-DEL05-BA"
479712;2022-10-09;"domingo";"18:30:00";"PR";116;101;"SAO JOSE DOS PINHAIS";"Trafegar com motocicleta (ou similar) entre as faixas";"Colisão traseira";"Com Vítimas Feridas";"Plena Noite";"Crescente";"Nublado";"Dupla";"Reta";"Sim";6;0;0;2;4;0;2;4;-25,5681495;-49,17725086;"SPRF-PR";"DEL01-PR";"UOP01-DEL01-PR"
479713;2022-10-09;"domingo";"18:30:00";"RJ";101;479;"ANGRA DOS REIS";"Ingestão de álcool pelo condutor";"Colisão lateral sentido oposto";"Com Vítimas Feridas";"Plena Noite";"Decrescente";"Chuva";"Simples";"Reta";"Não";3;0;1;0;2;0;1;2;-23,00854164;-44,27562028;"SPRF-RJ";"DEL03-RJ";"UOP03-DEL03-RJ"
479714;2022-10-09;"domingo";"16:31:00";"MT";174;259;"VALE DE SAO DOMINGOS";"Ingestão de álcool pelo condutor";"Saída de leito carroçável";"Com Vítimas Feridas";"Pleno dia";"Crescente";"Céu Claro";"Simples";"Reta;Declive";"Não";4;0;2;2;0;0;4;1;-15,4341556;-59,11193848;"SPRF-MT";"DEL04-MT";"UOP01-DEL04-MT"
479715;2022-10-09;"domingo";"18:20:00";"SC";470;40,4;"GASPAR";"Avarias e/ou desgaste excessivo no pneu";"Tombamento";"Com Vítimas Feridas";"Plena Noite";"Decrescente";"Nublado";"Simples";"Em Obras;Reta";"Não";2;0;2;0;0;0;2;1;-26,88643401;-48,99318787;"SPRF-SC";"DEL04-SC";"UOP01-DEL04-SC"
479716;2022-10-09;"domingo";"18:00:00";"BA";367;29;"PORTO SEGURO";"Condutor deixou de manter distância do veículo da frente";"Colisão traseira";"Com Vítimas Feridas";"Plena Noite";"Crescente";"Céu Claro";"Simples";"Interseção de Vias";"Não";3;0;1;0;1;1;1;2;-16,41635076;-39,11793376;"SPRF-BA";"DEL09-BA";"UOP03-DEL09-BA"
479717;2022-10-09;"domingo";"18:40:00";"MG";262;476,9;"BOM DESPACHO";"Ingestão de álcool pelo condutor";"Colisão com objeto";"Sem Vítimas";"Plena Noite";"Decrescente";"Céu Claro";"Simples";"Rotatória";"Não";1;0;0;0;1;0;0;1;-19,7879943;-45,21134295;"SPRF-MG";"DEL08-MG";"UOP03-DEL08-MG"
479718;2022-10-09;"domingo";"18:30:00";"SP";101;38;"UBATUBA";"Ausência de reação do condutor";"Saída de leito carroçável";"Sem Vítimas";"Plena Noite";"Decrescente";"Chuva";"Simples";"Curva";"Sim";1;0;0;0;1;0;0;1;-23,4072941;-45,01823902;"SPRF-SP";"DEL06-SP";"UOP01-DEL06-SP"
479720;2022-10-09;"domingo";"18:00:00";"BA";407;215;"CAPIM GROSSO";"Velocidade Incompatível";"Saída de leito carroçável";"Com Vítimas Feridas";"Plena Noite";"Crescente";"Céu Claro";"Simples";"Reta";"Não";7;0;4;0;3;0;4;1;-11,22896797;-40,0268378;"SPRF-BA";"DEL04-BA";"UOP02-DEL04-BA"
479721;2022-10-09;"domingo";"19:25:00";"RS";386;50,3;"SEBERI";"Avarias e/ou desgaste excessivo no pneu";"Saída de leito carroçável";"Sem Vítimas";"Plena Noite";"Crescente";"Garoa/Chuvisco";"Simples";"Interseção de Vias";"Não";1;0;0;0;0;1;0;1;-27,491682;-53,389172;"SPRF-RS";"DEL08-RS";"UOP02-DEL08-RS"
479723;2022-10-09;"domingo";"19:45:00";"SC";101;151;"ITAPEMA";"Ausência de reação do condutor";"Colisão transversal";"Com Vítimas Feridas";"Plena Noite";"Crescente";"Céu Claro";"Simples";"Reta";"Sim";2;0;1;0;1;0;1;2;-27,126536;-48,609642;"SPRF-SC";"DEL04-SC";"UOP03-DEL04-SC"
479724;2022-10-09;"domingo";"19:50:00";"PR";277;1;"PARANAGUA";"Acessar a via sem observar a presença dos outros veículos";"Colisão transversal";"Com Vítimas Feridas";"Plena Noite";"Crescente";"Chuva";"Dupla";"Reta";"Sim";3;0;0;1;1;1;1;3;-25,55023249;-48,54994938;"SPRF-PR";"DEL01-PR";"UOP05-DEL01-PR"
479725;2022-10-09;"domingo";"19:40:00";"DF";251;42;"BRASILIA";"Ingestão de álcool pelo condutor";"Colisão transversal";"Com Vítimas Feridas";"Plena Noite";"Decrescente";"Céu Claro";"Simples";"Reta";"Não";2;0;1;0;1;0;1;2;-15,937858;-47,82526;"SPRF-DF";"DEL01-DF";"UOP01-DEL01-DF"
479726;2022-10-09;"domingo";"19:40:00";"BA";242;573,4;"IBOTIRAMA";"Velocidade Incompatível";"Saída de leito carroçável";"Com Vítimas Fatais";"Plena Noite";"Decrescente";"Céu Claro";"Simples";"Curva";"Não";1;1;0;0;0;0;0;1;-12,088343;-43,156163;"SPRF-BA";"DEL10-BA";"UOP02-DEL10-BA"
479727;2022-10-09;"domingo";"19:45:00";"RJ";101;501;"ANGRA DOS REIS";"Acumulo de água sobre o pavimento";"Colisão frontal";"Com Vítimas Feridas";"Plena Noite";"Crescente";"Nublado";"Simples";"Reta";"Sim";2;0;1;0;1;0;1;2;-22,92308827;-44,36056298;"SPRF-RJ";"DEL03-RJ";"UOP03-DEL03-RJ"
479729;2022-10-09;"domingo";"18:15:00";"PE";104;88;"AGRESTINA";"Ingestão de álcool pelo condutor";"Colisão frontal";"Sem Vítimas";"Plena Noite";"Crescente";"Céu Claro";"Simples";"Reta";"Não";2;0;0;0;1;1;0;2;-8,454104;-35,945515;"SPRF-PE";"DEL02-PE";"UOP03-DEL02-PE"
479730;2022-10-09;"domingo";"17:30:00";"SC";101;22;"JOINVILLE";"Velocidade Incompatível";"Saída de leito carroçável";"Sem Vítimas";"Anoitecer";"Crescente";"Chuva";"Dupla";"Declive;Reta";"Não";1;0;0;0;1;0;0;1;-26,15679993;-48,90786269;"SPRF-SC";"DEL03-SC";"UOP01-DEL03-SC"
479732;2022-10-09;"domingo";"17:00:00";"RS";472;547,7;"URUGUAIANA";"Reação tardia ou ineficiente do condutor";"Saída de leito carroçável";"Sem Vítimas";"Pleno dia";"Decrescente";"Céu Claro";"Simples";"Reta";"Não";1;0;0;0;0;1;0;1;-29,612093;-56,86903;"SPRF-RS";"DEL13-RS";"UOP01-DEL13-RS"
479733;2022-10-09;"domingo";"19:50:00";"TO";242;359,2;"PEIXE";"Ingestão de álcool pelo condutor";"Colisão transversal";"Sem Vítimas";"Plena Noite";"Crescente";"Céu Claro";"Simples";"Reta";"Não";3;0;0;0;3;0;0;2;-11,8234152;-48,91185613;"SPRF-TO";"DEL01-TO";"UOP02-DEL01-TO"
479734;2022-10-09;"domingo";"19:30:00";"RJ";40;101;"DUQUE DE CAXIAS";"Acessar a via sem observar a presença dos outros veículos";"Colisão transversal";"Com Vítimas Feridas";"Plena Noite";"Decrescente";"Garoa/Chuvisco";"Dupla";"Reta";"Sim";2;0;0;1;1;0;1;2;-22,60246485;-43,28380739;"SPRF-RJ";"DEL01-RJ";"UOP01-DEL01-RJ"
479737;2022-10-09;"domingo";"18:20:00";"MS";262;383,1;"TERENOS";"Ingestão de álcool pelo condutor";"Colisão frontal";"Sem Vítimas";"Anoitecer";"Crescente";"Nublado";"Simples";"Reta";"Sim";9;0;0;0;9;0;0;3;-20,43588574;-54,86291293;"SPRF-MS";"DEL01-MS";"UOP03-DEL01-MS"
479740;2022-10-09;"domingo";"21:23:00";"ES";101;257;"SERRA";"Condutor deixou de manter distância do veículo da frente";"Colisão traseira";"Com Vítimas Feridas";"Pleno dia";"Crescente";"Céu Claro";"Dupla";"Reta";"Sim";1;0;1;0;0;0;1;1;-20,12455095;-40,30331881;"SPRF-ES";"DEL02-ES";"UOP01-DEL02-ES"
479741;2022-10-09;"domingo";"18:30:00";"RO";364;17;"VILHENA";"Pista Escorregadia";"Queda de ocupante de veículo";"Com Vítimas Feridas";"Plena Noite";"Decrescente";"Garoa/Chuvisco";"Simples";"Reta";"Não";1;0;1;0;0;0;1;1;-12,73207998;-60,16589399;"SPRF-RO";"DEL04-RO";"UOP01-DEL04-RO"
479742;2022-10-09;"domingo";"17:00:00";"SC";101;233,4;"PALHOCA";"Demais falhas mecânicas ou elétricas";"Incêndio";"Sem Vítimas";"Pleno dia";"Decrescente";"Céu Claro";"Dupla";"Reta";"Não";1;0;0;0;1;0;0;1;-27,80376397;-48,63826211;"SPRF-SC";"DEL01-SC";"UOP02-DEL01-SC"
479743;2022-10-09;"domingo";"21:32:00";"BA";101;713;"EUNAPOLIS";"Condutor deixou de manter distância do veículo da frente";"Colisão traseira";"Sem Vítimas";"Plena Noite";"Crescente";"Céu Claro";"Simples";"Reta";"Sim";1;0;0;0;1;0;0;1;-16,5089598;-39,5770756;"SPRF-BA";"DEL09-BA";"UOP01-DEL09-BA"
479744;2022-10-09;"domingo";"20:40:00";"PR";373;179;"PONTA GROSSA";"Acessar a via sem observar a presença dos outros veículos";"Colisão transversal";"Sem Vítimas";"Plena Noite";"Decrescente";"Nublado";"Simples";"Reta";"Sim";2;0;0;0;1;1;0;2;-25,04281018;-50,23950211;"SPRF-PR";"DEL03-PR";"UOP01-DEL03-PR"
479745;2022-10-09;"domingo";"20:05:00";"MA";135;12;"SAO LUIS";"Ingestão de álcool pelo condutor";"Saída de leito carroçável";"Sem Vítimas";"Plena Noite";"Crescente";"Ignorado";"Dupla";"Declive";"Sim";1;0;0;0;1;0;0;1;-2,67223553;-44,29173767;"SPRF-MA";"DEL01-MA";"UOP01-DEL01-MA"
479746;2022-10-09;"domingo";"20:40:00";"PB";230;3,8;"CABEDELO";"Ausência de sinalização";"Colisão com objeto";"Com Vítimas Feridas";"Plena Noite";"Decrescente";"Céu Claro";"Dupla";"Reta;Em Obras;Viaduto";"Sim";2;0;1;1;0;0;2;1;-7,00180196;-34,82840773;"SPRF-PB";"DEL01-PB";"UOP01-DEL01-PB"
479747;2022-10-09;"domingo";"17:50:00";"BA";101;924,9;"NOVA VICOSA";"Ultrapassagem Indevida";"Colisão frontal";"Com Vítimas Feridas";"Anoitecer";"Crescente";"Céu Claro";"Simples";"Curva";"Não";6;0;3;1;1;1;4;3;-17,927171;-39,833683;"SPRF-BA";"DEL09-BA";"UOP02-DEL09-BA"
479748;2022-10-09;"domingo";"20:00:00";"AL";101;65;"MESSIAS";"Ausência de reação do condutor";"Colisão com objeto";"Com Vítimas Feridas";"Plena Noite";"Crescente";"Chuva";"Dupla";"Reta";"Não";1;0;0;1;0;0;1;1;-9,32413414;-35,82956829;"SPRF-AL";"DEL01-AL";"UOP02-DEL01-AL"
479749;2022-10-09;"domingo";"21:05:00";"PI";316;33,4;"DEMERVAL LOBAO";"Pedestre cruzava a pista fora da faixa";"Atropelamento de Pedestre";"Com Vítimas Fatais";"Plena Noite";"Decrescente";"Céu Claro";"Simples";"Declive;Reta";"Sim";3;1;0;0;1;1;0;2;-5,36531072;-42,67386342;"SPRF-PI";"DEL01-PI";"UOP02-DEL01-PI"
479750;2022-10-09;"domingo";"19:32:00";"MA";135;7;"SAO LUIS";"Condutor deixou de manter distância do veículo da frente";"Colisão traseira";"Com Vítimas Feridas";"Plena Noite";"Crescente";"Nublado";"Dupla";"Reta";"Sim";4;0;2;1;0;1;3;2;-2,63608835;-44,26848552;"SPRF-MA";"DEL01-MA";"UOP01-DEL01-MA"
479752;2022-10-09;"domingo";"21:30:00";"MS";163;258;"DOURADOS";"Condutor deixou de manter distância do veículo da frente";"Colisão traseira";"Sem Vítimas";"Plena Noite";"Crescente";"Céu Claro";"Dupla";"Aclive;Reta";"Sim";6;0;0;0;2;4;0;4;-22,25893434;-54,78613615;"SPRF-MS";"DEL04-MS";"UOP01-DEL04-MS"