"id";"data_inversa";"dia_semana";"horario";"uf";"br";"km";"municipio";"causa_acidente";"tipo_acidente";"classificacao_acidente";"fase_dia";"sentido_via";"condicao_metereologica";"tipo_pista";"tracado_via";"uso_solo";"pessoas";"mortos";"feridos_leves";"feridos_graves";"ilesos";"ignorados";"feridos";"veiculos";"latitude";"longitude";"regional";"delegacia";"uop"
479753;2022-10-09;"domingo";"19:45:00";"MG";262;825;"UBERABA";"Velocidade Incompatível";"Saída de leito carroçável";"Sem Vítimas";"Plena Noite";"Decrescente";"Nublado";"Dupla";"Reta";"Não";4;0;0;0;4;0;0;1;-19,75377742;-48,16593111;"SPRF-MG";"DEL13-MG";"UOP01-DEL13-MG"
479754;2022-10-09;"domingo";"21:30:00";"PI";135;335;"SANTA LUZ";"Ingestão de álcool pelo condutor";"Saída de leito carroçável";"Sem Vítimas";"Plena Noite";"Crescente";"Céu Claro";"Simples";"Reta";"Não";1;0;0;0;1;0;0;1;-8,97042899;-44,27052202;"SPRF-PI";"DEL03-PI";"UOP02-DEL03-PI"
479755;2022-10-09;"domingo";"21:30:00";"MG";381;887,9;"CAMBUI";"Ingestão de álcool e/ou substâncias psicoativas pelo pedestre";"Saída de leito carroçável";"Sem Vítimas";"Plena Noite";"Decrescente";"Chuva";"Dupla";"Reta";"Não";1;0;0;0;1;0;0;1;-22,52278499;-46,02344513;"SPRF-MG";"DEL16-MG";"UOP03-DEL16-MG"
479756;2022-10-09;"domingo";"21:30:00";"BA";415;26;"ILHEUS";"Ingestão de álcool pelo condutor";"Capotamento";"Com Vítimas Feridas";"Plena Noite";"Decrescente";"Céu Claro";"Dupla";"Em Obras";"Não";2;0;1;0;0;1;1;1;-14,79600935;-39,20278931;"SPRF-BA";"DEL05-BA";"UOP01-DEL05-BA"
479758;2022-10-09;"domingo";"20:20:00";"SC";282;51;"AGUAS MORNAS";"Ingestão de álcool pelo condutor";"Colisão lateral sentido oposto";"Com Vítimas Feridas";"Plena Noite";"Decrescente";"Chuva";"Simples";"Curva";"Não";3;0;1;0;2;0;1;2;-27,703712;-48,959267;"SPRF-SC";"DEL01-SC";"UOP03-DEL01-SC"
479762;2022-10-09;"domingo";"22:40:00";"SP";381;73;"SAO PAULO";"Estacionar ou parar em local proibido";"Colisão traseira";"Com Vítimas Feridas";"Plena Noite";"Decrescente";"Céu Claro";"Dupla";"Curva";"Não";4;0;2;0;2;0;2;2;-23,371379;-46,555839;"SPRF-SP";"DEL03-SP";"UOP01-DEL03-SP"
479764;2022-10-09;"domingo";"22:00:00";"RO";364;712;"PORTO VELHO";"Reação tardia ou ineficiente do condutor";"Tombamento";"Com Vítimas Fatais";"Plena Noite";"Decrescente";"Céu Claro";"Simples";"Interseção de Vias;Reta";"Sim";2;1;0;0;1;0;0;2;-8,775704;-63,876284;"SPRF-RO";"DEL01-RO";"UOP01-DEL01-RO"
479765;2022-10-09;"domingo";"23:35:00";"SC";101;206;"SAO JOSE";"Ingestão de álcool pelo condutor";"Colisão traseira";"Com Vítimas Feridas";"Plena Noite";"Crescente";"Chuva";"Múltipla";"Reta";"Sim";2;0;1;0;1;0;1;2;-27,59193546;-48,61824557;"SPRF-SC";"DEL01-SC";"UOP01-DEL01-SC"
479766;2022-10-09;"domingo";"23:00:00";"PE";232;8;"RECIFE";"Deficiência do Sistema de Iluminação/Sinalização";"Atropelamento de Pedestre";"Com Vítimas Feridas";"Plena Noite";"Crescente";"Céu Claro";"Dupla";"Reta";"Sim";2;0;0;1;0;1;1;2;-8,07583727;-34,97015791;"SPRF-PE";"DEL01-PE";"UOP01-DEL01-PE"
479768;2022-10-09;"domingo";"23:05:00";"RS";470;222;"GARIBALDI";"Ingestão de álcool pelo condutor";"Colisão com objeto";"Com Vítimas Feridas";"Plena Noite";"Crescente";"Nublado";"Dupla";"Retorno Regulamentado";"Sim";3;0;1;0;2;0;1;1;-29,20372835;-51,51786908;"SPRF-RS";"DEL06-RS";"UOP01-DEL06-RS"
479769;2022-10-09;"domingo";"20:00:00";"RS";287;483;"SAO BORJA";"Ingestão de álcool pelo condutor";"Capotamento";"Com Vítimas Feridas";"Plena Noite";"Decrescente";"Céu Claro";"Simples";"Reta";"Não";2;0;2;0;0;0;2;1;-28,93562331;-55,57525115;"SPRF-RS";"DEL12-RS";"UOP01-DEL12-RS"
479771;2022-10-09;"domingo";"23:01:00";"MS";163;211,4;"CAARAPO";"Pedestre cruzava a pista fora da faixa";"Atropelamento de Pedestre";"Com Vítimas Fatais";"Plena Noite";"Decrescente";"Nublado";"Simples";"Aclive;Reta";"Não";4;1;0;0;2;1;0;3;-22,612989;-54,81620977;"SPRF-MS";"DEL04-MS";"UOP02-DEL04-MS"
479773;2022-10-09;"domingo";"22:40:00";"GO";414;425,5;"ANAPOLIS";"Ingestão de álcool pelo condutor";"Saída de leito carroçável";"Sem Vítimas";"Plena Noite";"Crescente";"Nublado";"Simples";"Reta";"Não";1;0;0;0;1;0;0;1;-16,16236482;-48,8913891;"SPRF-GO";"DEL02-GO";"UOP01-DEL02-GO"
479774;2022-10-10;"segunda-feira";"00:13:00";"PI";343;1,8;"TERESINA";"Reação tardia ou ineficiente do condutor";"Colisão traseira";"Com Vítimas Feridas";"Plena Noite";"Decrescente";"Céu Claro";"Múltipla";"Reta";"Sim";2;0;1;0;1;0;1;2;-5,089569;-42,802288;"SPRF-PI";"DEL01-PI";"UOP01-DEL01-PI"
479775;2022-10-09;"domingo";"23:45:00";"MS";163;482;"CAMPO GRANDE";"Ausência de reação do condutor";"Capotamento";"Com Vítimas Feridas";"Plena Noite";"Crescente";"Céu Claro";"Simples";"Reta";"Sim";1;0;1;0;0;0;1;1;-20,46271123;-54,55411122;"SPRF-MS";"DEL01-MS";"UOP02-DEL01-MS"
479776;2022-10-09;"domingo";"22:30:00";"SC";470;50,4;"BLUMENAU";"Transitar na contramão";"Colisão frontal";"Com Vítimas Fatais";"Plena Noite";"Crescente";"Nublado";"Múltipla";"Declive;Curva";"Sim";7;1;0;4;2;0;4;2;-26,86026092;-49,07896399;"SPRF-SC";"DEL04-SC";"UOP01-DEL04-SC"
479777;2022-10-10;"segunda-feira";"00:15:00";"PE";423;62,3;"LAJEDO";"Transitar na contramão";"Colisão frontal";"Com Vítimas Fatais";"Plena Noite";"Crescente";"Céu Claro";"Simples";"Reta";"Não";2;1;0;0;1;0;0;2;-8,66011023;-36,33781395;"SPRF-PE";"DEL03-PE";"UOP01-DEL03-PE"
479778;2022-10-09;"domingo";"22:56:00";"MG";381;616,3;"OLIVEIRA";"Condutor Dormindo";"Saída de leito carroçável";"Com Vítimas Feridas";"Plena Noite";"Crescente";"Céu Claro";"Dupla";"Reta";"Não";2;0;2;0;0;0;2;1;-20,75304819;-44,77475634;"SPRF-MG";"DEL04-MG";"UOP01-DEL04-MG"
479779;2022-10-10;"segunda-feira";"01:30:00";"SP";116;224;"GUARULHOS";"Ausência de reação do condutor";"Colisão com objeto";"Com Vítimas Feridas";"Plena Noite";"Crescente";"Garoa/Chuvisco";"Múltipla";"Reta";"Sim";3;0;3;0;0;0;3;1;-23,48071896;-46,53271603;"SPRF-SP";"DEL01-SP";"UOP01-DEL01-SP"
479780;2022-10-09;"domingo";"19:05:00";"MT";70;694;"CACERES";"Acumulo de água sobre o pavimento";"Saída de leito carroçável";"Sem Vítimas";"Plena Noite";"Crescente";"Chuva";"Simples";"Curva";"Não";1;0;0;0;0;1;0;1;-16,253952;-57,458591;"SPRF-MT";"DEL03-MT";"UOP01-DEL03-MT"
479781;2022-10-10;"segunda-feira";"01:30:00";"SC";101;215,3;"PALHOCA";"Velocidade Incompatível";"Colisão com objeto";"Com Vítimas Feridas";"Plena Noite";"Crescente";"Chuva";"Múltipla";"Reta";"Sim";2;0;0;1;1;0;1;1;-27,65184843;-48,67604941;"SPRF-SC";"DEL01-SC";"UOP02-DEL01-SC"
479782;2022-10-10;"segunda-feira";"02:40:00";"RS";386;329,7;"MARQUES DE SOUZA";"Ingestão de álcool pelo condutor";"Colisão com objeto";"Com Vítimas Feridas";"Plena Noite";"Crescente";"Céu Claro";"Simples";"Reta";"Não";1;0;0;1;0;0;1;1;-29,33992;-52,078266;"SPRF-RS";"DEL04-RS";"UOP01-DEL04-RS"
479784;2022-10-10;"segunda-feira";"03:30:00";"MG";381;488,9;"BETIM";"Ingestão de álcool pelo condutor";"Saída de leito carroçável";"Com Vítimas Feridas";"Plena Noite";"Decrescente";"Céu Claro";"Dupla";"Aclive;Reta";"Sim";2;0;2;0;0;0;2;1;-19,95615;-44,13255;"SPRF-MG";"DEL01-MG";"UOP03-DEL01-MG"
479786;2022-10-10;"segunda-feira";"02:20:00";"SC";282;121;"CAIBI";"Reação tardia ou ineficiente do condutor";"Saída de leito carroçável";"Com Vítimas Feridas";"Plena Noite";"Decrescente";"Chuva";"Simples";"Reta";"Não";2;0;0;2;0;0;2;1;-26,973396;-53,214881;"SPRF-SC";"DEL05-SC";"UOP01-DEL05-SC"
479788;2022-10-09;"domingo";"23:15:00";"CE";222;224,9;"SOBRAL";"Pista em desnível";"Tombamento";"Com Vítimas Feridas";"Plena Noite";"Crescente";"Céu Claro";"Simples";"Reta";"Não";1;0;1;0;0;0;1;1;-3,71179812;-40,34380504;"SPRF-CE";"DEL04-CE";"UOP01-DEL04-CE"
479790;2022-10-10;"segunda-feira";"05:10:00";"CE";222;1,5;"FORTALEZA";"Manobra de mudança de faixa";"Colisão transversal";"Com Vítimas Feridas";"Amanhecer";"Decrescente";"Céu Claro";"Múltipla";"Reta";"Sim";3;0;3;0;0;0;3;2;-3,737804;-38,578061;"SPRF-CE";"DEL01-CE";"UOP01-DEL01-CE"
479791;2022-10-09;"domingo";"20:30:00";"GO";364;123;"APARECIDA DO RIO DOCE";"Ingestão de álcool pelo condutor";"Colisão transversal";"Sem Vítimas";"Plena Noite";"Crescente";"Garoa/Chuvisco";"Simples";"Reta";"Não";1;0;0;0;1;0;0;1;-18,262666;-51,225969;"SPRF-GO";"DEL05-GO";"UOP02-DEL05-GO"
479792;2022-10-10;"segunda-feira";"05:20:00";"PE";101;75;"RECIFE";"Reação tardia ou ineficiente do condutor";"Tombamento";"Com Vítimas Feridas";"Amanhecer";"Decrescente";"Chuva";"Dupla";"Reta";"Sim";1;0;1;0;0;0;1;1;-8,11274412;-34,94542837;"SPRF-PE";"DEL01-PE";"UOP01-DEL01-PE"
479793;2022-10-09;"domingo";"23:15:00";"RJ";40;117;"DUQUE DE CAXIAS";"Condutor deixou de manter distância do veículo da frente";"Colisão traseira";"Com Vítimas Feridas";"Plena Noite";"Crescente";"Céu Claro";"Múltipla";"Reta";"Sim";3;0;1;0;1;1;1;3;-22,745676;-43,2881;"SPRF-RJ";"DEL01-RJ";"UOP01-DEL01-RJ"
479794;2022-10-10;"segunda-feira";"06:05:00";"RS";116;254;"SAPUCAIA DO SUL";"Ausência de reação do condutor";"Colisão com objeto";"Sem Vítimas";"Amanhecer";"Crescente";"Céu Claro";"Simples";"Curva";"Sim";1;0;0;0;0;1;0;1;-29,82486312;-51,17253193;"SPRF-RS";"DEL01-RS";"UOP02-DEL01-RS"
479795;2022-10-10;"segunda-feira";"05:30:00";"MG";262;371,2;"JUATUBA";"Ausência de reação do condutor";"Colisão traseira";"Com Vítimas Feridas";"Amanhecer";"Decrescente";"Céu Claro";"Dupla";"Reta";"Não";4;0;2;0;2;0;2;2;-19,9572695;-44,3639002;"SPRF-MG";"DEL01-MG";"UOP03-DEL01-MG"
479796;2022-10-10;"segunda-feira";"06:30:00";"PE";101;61,5;"RECIFE";"Acessar a via sem observar a presença dos outros veículos";"Tombamento";"Com Vítimas Feridas";"Pleno dia";"Crescente";"Céu Claro";"Dupla";"Reta";"Não";2;0;1;1;0;0;2;1;-7,99097103;-34,93598295;"SPRF-PE";"DEL01-PE";"UOP02-DEL01-PE"
479797;2022-10-10;"segunda-feira";"06:40:00";"PR";116;20;"ANTONINA";"Reação tardia ou ineficiente do condutor";"Saída de leito carroçável";"Com Vítimas Feridas";"Pleno dia";"Crescente";"Garoa/Chuvisco";"Dupla";"Curva";"Não";1;0;1;0;0;0;1;1;-25,10052421;-48,72981603;"SPRF-PR";"DEL01-PR";"UOP02-DEL01-PR"
479800;2022-10-10;"segunda-feira";"05:50:00";"SC";101;251,9;"PAULO LOPES";"Condutor Dormindo";"Saída de leito carroçável";"Com Vítimas Feridas";"Pleno dia";"Crescente";"Chuva";"Dupla";"Reta";"Sim";2;0;1;0;1;0;1;1;-27,9490242;-48,67206568;"SPRF-SC";"DEL02-SC";"UOP03-DEL02-SC"
479802;2022-10-10;"segunda-feira";"06:30:00";"GO";70;1;"AGUAS LINDAS DE GOIAS";"Condutor deixou de manter distância do veículo da frente";"Colisão traseira";"Com Vítimas Feridas";"Pleno dia";"Decrescente";"Céu Claro";"Dupla";"Curva";"Não";2;0;1;0;1;0;1;2;-15,77579351;-48,23259001;"SPRF-DF";"DEL03-DF";"UOP02-DEL03-DF"
479803;2022-07-14;"quinta-feira";"09:00:00";"RJ";116;39;"TERESOPOLIS";"Ultrapassagem Indevida";"Tombamento";"Com Vítimas Feridas";"Pleno dia";"Crescente";"Nublado";"Simples";"Reta";"Não";1;0;1;0;0;0;1;1;-22,1414608;-42,78848648;"SPRF-RJ";"DEL04-RJ";"UOP01-DEL04-RJ"
479804;2022-10-10;"segunda-feira";"06:50:00";"MG";50;179;"UBERABA";"Acumulo de óleo sobre o pavimento";"Queda de ocupante de veículo";"Com Vítimas Feridas";"Pleno dia";"Crescente";"Nublado";"Dupla";"Reta";"Sim";1;0;0;1;0;0;1;1;-19,77827047;-47,93140998;"SPRF-MG";"DEL13-MG";"UOP01-DEL13-MG"
479805;2022-10-10;"segunda-feira";"07:00:00";"MG";381;938,2;"EXTREMA";"Reação tardia ou ineficiente do condutor";"Tombamento";"Com Vítimas Feridas";"Pleno dia";"Crescente";"Chuva";"Dupla";"Reta;Aclive";"Sim";3;0;1;1;1;0;2;2;-22,818442;-46,29704;"SPRF-MG";"DEL16-MG";"UOP03-DEL16-MG"
479806;2022-10-10;"segunda-feira";"01:00:00";"MA";226;298,8;"BARRA DO CORDA";"Transitar na contramão";"Colisão frontal";"Com Vítimas Fatais";"Plena Noite";"Crescente";"Ignorado";"Simples";"Curva";"Sim";2;1;0;0;1;0;0;2;-5,497481;-45,240539;"SPRF-MA";"DEL06-MA";"UOP01-DEL06-MA"
479807;2022-10-10;"segunda-feira";"03:50:00";"SP";116;289;"ITAPECERICA DA SERRA";"Ausência de reação do condutor";"Colisão com objeto";"Sem Vítimas";"Plena Noite";"Decrescente";"Nublado";"Dupla";"Reta";"Sim";1;0;0;0;0;1;0;1;-23,72290969;-46,89096614;"SPRF-SP";"DEL04-SP";"UOP01-DEL04-SP"
479808;2022-10-10;"segunda-feira";"07:35:00";"CE";116;5;"FORTALEZA";"Condutor deixou de manter distância do veículo da frente";"Colisão traseira";"Com Vítimas Feridas";"Pleno dia";"Decrescente";"Céu Claro";"Dupla";"Reta";"Sim";2;0;1;0;1;0;1;2;-3,79467116;-38,50772734;"SPRF-CE";"DEL01-CE";"UOP02-DEL01-CE"
479809;2022-10-09;"domingo";"18:30:00";"RJ";40;121;"DUQUE DE CAXIAS";"Pista Escorregadia";"Tombamento";"Com Vítimas Feridas";"Plena Noite";"Crescente";"Chuva";"Múltipla";"Reta";"Sim";1;0;1;0;0;0;1;1;-22,78185499;-43,28571273;"SPRF-RJ";"DEL01-RJ";"UOP01-DEL01-RJ"
479811;2022-10-10;"segunda-feira";"06:00:00";"SC";282;23,6;"SANTO AMARO DA IMPERATRIZ";"Desrespeitar a preferência no cruzamento";"Colisão frontal";"Com Vítimas Feridas";"Pleno dia";"Crescente";"Chuva";"Simples";"Interseção de Vias";"Sim";3;0;2;0;1;0;2;2;-27,687958;-48,736794;"SPRF-SC";"DEL01-SC";"UOP03-DEL01-SC"
479814;2022-10-10;"segunda-feira";"08:00:00";"PB";101;102;"ALHANDRA";"Demais falhas mecânicas ou elétricas";"Colisão traseira";"Com Vítimas Feridas";"Pleno dia";"Decrescente";"Céu Claro";"Dupla";"Reta";"Sim";4;0;2;0;2;0;2;2;-7,28265304;-34,9393864;"SPRF-PB";"DEL01-PB";"UOP02-DEL01-PB"
479817;2022-10-10;"segunda-feira";"07:15:00";"RJ";116;167;"SAO JOAO DE MERITI";"Demais falhas mecânicas ou elétricas";"Incêndio";"Sem Vítimas";"Pleno dia";"Decrescente";"Nublado";"Múltipla";"Reta";"Não";1;0;0;0;1;0;0;1;-22,81803977;-43,30787252;"SPRF-RJ";"DEL01-RJ";"UOP02-DEL01-RJ"
479818;2022-10-10;"segunda-feira";"08:00:00";"SC";282;3;"FLORIANOPOLIS";"Manobra de mudança de faixa";"Colisão lateral mesmo sentido";"Com Vítimas Feridas";"Pleno dia";"Crescente";"Chuva";"Múltipla";"Curva";"Sim";2;0;1;0;1;0;1;2;-27,600384;-48,599705;"SPRF-SC";"DEL01-SC";"UOP01-DEL01-SC"
479820;2022-10-10;"segunda-feira";"07:41:00";"PB";101;2,8;"MATARACA";"Ausência de reação do condutor";"Queda de ocupante de veículo";"Com Vítimas Feridas";"Pleno dia";"Decrescente";"Nublado";"Dupla";"Reta";"Não";2;0;1;0;1;0;1;1;-6,52300095;-35,11348121;"SPRF-PB";"DEL01-PB";"UOP04-DEL01-PB"
479822;2022-10-10;"segunda-feira";"08:15:00";"PR";467;109,6;"CASCAVEL";"Velocidade Incompatível";"Colisão traseira";"Com Vítimas Feridas";"Pleno dia";"Decrescente";"Chuva";"Dupla";"Reta";"Não";3;0;2;0;0;1;2;3;-24,9261;-53,4589;"SPRF-PR";"DEL04-PR";"UOP01-DEL04-PR"
479823;2022-10-10;"segunda-feira";"07:30:00";"AL";101;54;"FLEXEIRAS";"Reação tardia ou ineficiente do condutor";"Capotamento";"Com Vítimas Feridas";"Pleno dia";"Decrescente";"Chuva";"Dupla";"Curva";"Não";1;0;0;1;0;0;1;1;-9,25462415;-35,77287179;"SPRF-AL";"DEL01-AL";"UOP02-DEL01-AL"
479825;2022-10-10;"segunda-feira";"08:40:00";"MG";262;486,6;"BETIM";"Ausência de reação do condutor";"Colisão traseira";"Com Vítimas Feridas";"Pleno dia";"Decrescente";"Céu Claro";"Dupla";"Reta";"Sim";3;0;1;0;2;0;1;2;-19,955837;-44,110326;"SPRF-MG";"DEL08-MG";"UOP03-DEL08-MG"
479827;2022-10-10;"segunda-feira";"07:00:00";"RO";174;14;"VILHENA";"Ausência de reação do condutor";"Colisão lateral mesmo sentido";"Com Vítimas Feridas";"Pleno dia";"Decrescente";"Céu Claro";"Dupla";"Reta";"Sim";3;0;2;0;1;0;2;2;-12,73306632;-60,12981255;"SPRF-RO";"DEL04-RO";"UOP01-DEL04-RO"
479828;2022-10-10;"segunda-feira";"09:00:00";"CE";116;5,5;"FORTALEZA";"Condutor deixou de manter distância do veículo da frente";"Colisão traseira";"Com Vítimas Feridas";"Pleno dia";"Decrescente";"Céu Claro";"Dupla";"Reta";"Sim";2;0;1;0;0;1;1;2;-3,79467116;-38,50772734;"SPRF-CE";"DEL01-CE";"UOP02-DEL01-CE"
479830;2022-10-10;"segunda-feira";"08:04:00";"PB";230;115,5;"INGA";"Velocidade Incompatível";"Colisão com objeto";"Sem Vítimas";"Pleno dia";"Crescente";"Garoa/Chuvisco";"Dupla";"Curva";"Não";1;0;0;0;1;0;0;1;-7,2296;-35,5998;"SPRF-PB";"DEL01-PB";"UOP03-DEL01-PB"
479831;2022-10-10;"segunda-feira";"09:40:00";"PR";376;601;"CURITIBA";"Demais falhas na via";"Tombamento";"Com Vítimas Feridas";"Pleno dia";"Crescente";"Nublado";"Dupla";"Curva";"Não";1;0;1;0;0;0;1;1;-25,537054;-49,31404;"SPRF-PR";"DEL01-PR";"UOP06-DEL01-PR"
479832;2022-10-10;"segunda-feira";"09:30:00";"GO";153;124;"ESTRELA DO NORTE";"Acessar a via sem observar a presença dos outros veículos";"Colisão transversal";"Com Vítimas Feridas";"Pleno dia";"Crescente";"Céu Claro";"Simples";"Interseção de Vias;Reta";"Não";2;0;1;0;1;0;1;2;-13,857882;-49,04958;"SPRF-GO";"DEL07-GO";"UOP01-DEL07-GO"
479834;2022-10-10;"segunda-feira";"09:15:00";"SC";101;119;"ITAJAI";"Ultrapassagem Indevida";"Colisão lateral mesmo sentido";"Com Vítimas Feridas";"Pleno dia";"Crescente";"Nublado";"Múltipla";"Reta";"Sim";2;0;1;0;1;0;1;2;-26,9043179;-48,71555481;"SPRF-SC";"DEL04-SC";"UOP04-DEL04-SC"
479835;2022-10-10;"segunda-feira";"08:00:00";"SC";282;83;"ALFREDO WAGNER";"Velocidade Incompatível";"Colisão frontal";"Com Vítimas Feridas";"Pleno dia";"Decrescente";"Chuva";"Simples";"Curva";"Não";4;0;1;3;0;0;4;2;-27,666153;-49,175022;"SPRF-SC";"DEL01-SC";"UOP03-DEL01-SC"
479836;2022-10-10;"segunda-feira";"09:00:00";"RS";290;234,9;"RIO PARDO";"Reação tardia ou ineficiente do condutor";"Saída de leito carroçável";"Com Vítimas Feridas";"Pleno dia";"Decrescente";"Céu Claro";"Simples";"Reta";"Não";2;0;0;2;0;0;2;1;-30,21489;-52,561035;"SPRF-RS";"DEL02-RS";"UOP03-DEL02-RS"
479838;2022-10-10;"segunda-feira";"06:00:00";"GO";0;0;"ANAPOLIS";"Velocidade Incompatível";"Colisão com objeto";"Com Vítimas Fatais";"Amanhecer";"Não Informado";"Céu Claro";"Simples";"Aclive";"Sim";1;1;0;0;0;0;0;1;-16,237425;-49,005501;"SPRF-GO";"DEL02-GO";"UOP01-DEL02-GO"
479839;2022-10-10;"segunda-feira";"10:00:00";"PE";428;188;"PETROLINA";"Pista Escorregadia";"Queda de ocupante de veículo";"Sem Vítimas";"Pleno dia";"Decrescente";"Céu Claro";"Simples";"Curva";"Sim";1;0;0;0;1;0;0;1;-9,37569083;-40,48788071;"SPRF-PE";"DEL06-PE";"UOP01-DEL06-PE"
479841;2022-10-10;"segunda-feira";"10:10:00";"ES";101;229,8;"FUNDAO";"Acessar a via sem observar a presença dos outros veículos";"Colisão transversal";"Com Vítimas Feridas";"Pleno dia";"Decrescente";"Sol";"Simples";"Reta;Declive";"Sim";2;0;1;0;1;0;1;2;-19,92727879;-40,40587142;"SPRF-ES";"DEL02-ES";"UOP01-DEL02-ES"
479843;2022-10-10;"segunda-feira";"10:15:00";"PR";116;15;"CAMPINA GRANDE DO SUL";"Reação tardia ou ineficiente do condutor";"Saída de leito carroçável";"Com Vítimas Fatais";"Pleno dia";"Decrescente";"Garoa/Chuvisco";"Dupla";"Curva";"Não";5;1;2;0;1;1;2;2;-25,09832756;-48,68266005;"SPRF-PR";"DEL01-PR";"UOP02-DEL01-PR"
479847;2022-10-10;"segunda-feira";"09:45:00";"GO";364;262;"MINEIROS";"Transitar na contramão";"Colisão frontal";"Com Vítimas Feridas";"Pleno dia";"Crescente";"Chuva";"Simples";"Reta";"Não";4;0;2;0;2;0;2;2;-17,666086;-52,241734;"SPRF-GO";"DEL05-GO";"UOP01-DEL05-GO"
479849;2022-10-10;"segunda-feira";"11:30:00";"MG";116;637,2;"DIVINO";"Acessar a via sem observar a presença dos outros veículos";"Colisão transversal";"Com Vítimas Feridas";"Pleno dia";"Crescente";"Céu Claro";"Simples";"Interseção de Vias";"Não";3;0;2;0;1;0;2;2;-20,63146426;-42,23128486;"SPRF-MG";"DEL07-MG";"UOP03-DEL07-MG"
479851;2022-10-10;"segunda-feira";"11:25:00";"RJ";40;124;"RIO DE JANEIRO";"Demais falhas mecânicas ou elétricas";"Colisão traseira";"Com Vítimas Feridas";"Pleno dia";"Decrescente";"Céu Claro";"Dupla";"Reta";"Sim";4;0;2;0;2;0;2;2;-22,807953;-43,289124;"SPRF-RJ";"DEL01-RJ";"UOP01-DEL01-RJ"
479852;2022-10-10;"segunda-feira";"09:00:00";"PR";277;690,2;"SAO MIGUEL DO IGUACU";"Reação tardia ou ineficiente do condutor";"Saída de leito carroçável";"Sem Vítimas";"Pleno dia";"Decrescente";"Chuva";"Dupla";"Declive";"Não";1;0;0;0;0;1;0;1;-25,3582673;-54,24527283;"SPRF-PR";"DEL05-PR";"UOP01-DEL05-PR"
479855;2022-10-10;"segunda-feira";"11:50:00";"PR";277;588;"CASCAVEL";"Ingestão de álcool pelo condutor";"Queda de ocupante de veículo";"Com Vítimas Feridas";"Pleno dia";"Crescente";"Nublado";"Simples";"Reta";"Sim";1;0;1;0;0;0;1;1;-24,97369293;-53,43816604;"SPRF-PR";"DEL04-PR";"UOP01-DEL04-PR"
479856;2022-10-10;"segunda-feira";"12:30:00";"SP";116;217;"GUARULHOS";"Trafegar com motocicleta (ou similar) entre as faixas";"Colisão lateral mesmo sentido";"Sem Vítimas";"Pleno dia";"Decrescente";"Chuva";"Múltipla";"Reta";"Sim";3;0;0;0;3;0;0;3;-23,45423824;-46,47119028;"SPRF-SP";"DEL01-SP";"UOP01-DEL01-SP"
479857;2022-10-10;"segunda-feira";"12:50:00";"SP";116;217;"GUARULHOS";"Reação tardia ou ineficiente do condutor";"Capotamento";"Com Vítimas Feridas";"Pleno dia";"Decrescente";"Garoa/Chuvisco";"Múltipla";"Reta";"Não";2;0;1;0;1;0;1;1;-23,45423824;-46,47119028;"SPRF-SP";"DEL01-SP";"UOP01-DEL01-SP"
479858;2022-10-10;"segunda-feira";"10:15:00";"RO";364;518,8;"ARIQUEMES";"Acessar a via sem observar a presença dos outros veículos";"Colisão com objeto";"Com Vítimas Feridas";"Pleno dia";"Crescente";"Chuva";"Simples";"Rotatória;Interseção de Vias";"Sim";1;0;1;0;0;0;1;1;-9,897787;-63,05624596;"SPRF-RO";"DEL03-RO";"UOP01-DEL03-RO"
479860;2022-10-10;"segunda-feira";"12:50:00";"DF";40;6;"BRASILIA";"Estacionar ou parar em local proibido";"Colisão traseira";"Sem Vítimas";"Pleno dia";"Crescente";"Sol";"Dupla";"Reta";"Sim";2;0;0;0;2;0;0;2;-16,029741;-47,978867;"SPRF-DF";"DEL01-DF";"UOP01-DEL01-DF"
479861;2022-10-10;"segunda-feira";"12:45:00";"DF";40;7,6;"BRASILIA";"Ausência de reação do condutor";"Saída de leito carroçável";"Com Vítimas Feridas";"Pleno dia";"Crescente";"Céu Claro";"Dupla";"Reta";"Não";1;0;1;0;0;0;1;1;-16,038666;-47,979691;"SPRF-DF";"DEL01-DF";"UOP01-DEL01-DF"
479862;2022-10-10;"segunda-feira";"13:49:00";"PB";230;13;"JOAO PESSOA";"Trafegar com motocicleta (ou similar) entre as faixas";"Colisão lateral mesmo sentido";"Com Vítimas Feridas";"Pleno dia";"Decrescente";"Céu Claro";"Dupla";"Reta";"Sim";3;0;0;1;2;0;1;3;-7,0772;-34,8494;"SPRF-PB";"DEL01-PB";"UOP01-DEL01-PB"
479863;2022-10-10;"segunda-feira";"11:00:00";"MT";174;291;"PONTES E LACERDA";"Acessar a via sem observar a presença dos outros veículos";"Colisão transversal";"Com Vítimas Feridas";"Pleno dia";"Decrescente";"Nublado";"Simples";"Reta";"Sim";2;0;1;0;1;0;1;2;-15,225842;-59,318788;"SPRF-MT";"DEL04-MT";"UOP01-DEL04-MT"
479866;2022-10-10;"segunda-feira";"13:15:00";"PB";230;327,6;"PATOS";"Velocidade Incompatível";"Saída de leito carroçável";"Com Vítimas Feridas";"Pleno dia";"Crescente";"Sol";"Simples";"Reta";"Não";3;0;2;0;1;0;2;1;-7,0001;-37,203;"SPRF-PB";"DEL03-PB";"UOP01-DEL03-PB"
479868;2022-09-26;"segunda-feira";"19:30:00";"MG";40;303,8;"TRES MARIAS";"Ultrapassagem Indevida";"Capotamento";"Com Vítimas Feridas";"Plena Noite";"Decrescente";"Céu Claro";"Simples";"Reta";"Não";3;0;2;1;0;0;3;1;-18,24992024;-45,18395297;"SPRF-MG";"DEL14-MG";"UOP02-DEL14-MG"