"id";"data_inversa";"dia_semana";"horario";"uf";"br";"km";"municipio";"causa_acidente";"tipo_acidente";"classificacao_acidente";"fase_dia";"sentido_via";"condicao_metereologica";"tipo_pista";"tracado_via";"uso_solo";"pessoas";"mortos";"feridos_leves";"feridos_graves";"ilesos";"ignorados";"feridos";"veiculos";"latitude";"longitude";"regional";"delegacia";"uop"
479990;2022-10-10;"segunda-feira";"22:30:00";"RJ";116;272;"BARRA MANSA";"Avarias e/ou desgaste excessivo no pneu";"Tombamento";"Com Vítimas Feridas";"Plena Noite";"Decrescente";"Céu Claro";"Dupla";"Reta";"Não";2;0;1;0;1;0;1;1;-22,55849788;-44,13392544;"SPRF-RJ";"DEL07-RJ";"UOP02-DEL07-RJ"
479991;2022-10-10;"segunda-feira";"18:00:00";"RJ";116;175;"NOVA IGUACU";"Condutor deixou de manter distância do veículo da frente";"Colisão traseira";"Com Vítimas Feridas";"Plena Noite";"Crescente";"Céu Claro";"Dupla";"Reta";"Sim";2;0;1;0;1;0;1;2;-22,78923555;-43,37275272;"SPRF-RJ";"DEL01-RJ";"UOP02-DEL01-RJ"
479992;2022-10-11;"terça-feira";"07:49:00";"ES";101;269,1;"SERRA";"Ausência de reação do condutor";"Colisão lateral mesmo sentido";"Com Vítimas Feridas";"Pleno dia";"Crescente";"Céu Claro";"Dupla";"Reta";"Sim";2;0;1;0;1;0;1;2;-20,21740496;-40,26990578;"SPRF-ES";"DEL02-ES";"UOP01-DEL02-ES"
479993;2022-10-11;"terça-feira";"07:50:00";"SC";470;55,4;"BLUMENAU";"Conversão proibida";"Colisão lateral mesmo sentido";"Com Vítimas Feridas";"Pleno dia";"Decrescente";"Chuva";"Simples";"Reta";"Não";2;0;0;1;1;0;1;2;-26,875601;-49,117992;"SPRF-SC";"DEL04-SC";"UOP01-DEL04-SC"
479994;2022-10-11;"terça-feira";"08:00:00";"CE";116;3;"FORTALEZA";"Condutor deixou de manter distância do veículo da frente";"Colisão traseira";"Com Vítimas Feridas";"Pleno dia";"Decrescente";"Céu Claro";"Múltipla";"Reta";"Sim";3;0;1;1;1;0;2;2;-3,78362176;-38,51273954;"SPRF-CE";"DEL01-CE";"UOP02-DEL01-CE"
479996;2022-10-11;"terça-feira";"08:10:00";"PI";343;599;"FLORIANO";"Transitar na contramão";"Colisão traseira";"Sem Vítimas";"Pleno dia";"Crescente";"Céu Claro";"Simples";"Reta";"Não";2;0;0;0;2;0;0;2;-6,827629;-43,064651;"SPRF-PI";"DEL03-PI";"UOP01-DEL03-PI"
479998;2022-10-11;"terça-feira";"08:40:00";"RJ";116;286;"BARRA MANSA";"Avarias e/ou desgaste excessivo no pneu";"Eventos atípicos";"Com Vítimas Feridas";"Pleno dia";"Crescente";"Céu Claro";"Dupla";"Curva";"Não";1;0;1;0;0;0;1;1;-22,49846046;-44,23342487;"SPRF-RJ";"DEL07-RJ";"UOP02-DEL07-RJ"
479999;2022-10-11;"terça-feira";"08:30:00";"RN";101;102,8;"PARNAMIRIM";"Acessar a via sem observar a presença dos outros veículos";"Colisão traseira";"Com Vítimas Feridas";"Pleno dia";"Crescente";"Céu Claro";"Dupla";"Reta";"Sim";2;0;1;0;1;0;1;2;-5,89034022;-35,24894996;"SPRF-RN";"DEL01-RN";"UOP01-DEL01-RN"
480000;2022-10-11;"terça-feira";"06:50:00";"MG";262;380;"JUATUBA";"Manobra de mudança de faixa";"Tombamento";"Com Vítimas Feridas";"Amanhecer";"Crescente";"Céu Claro";"Dupla";"Aclive;Curva";"Não";1;0;1;0;0;0;1;1;-19,947864;-44,381226;"SPRF-MG";"DEL01-MG";"UOP03-DEL01-MG"
480003;2022-10-11;"terça-feira";"07:50:00";"SE";235;5,5;"NOSSA SENHORA DO SOCORRO";"Reação tardia ou ineficiente do condutor";"Engavetamento";"Com Vítimas Feridas";"Pleno dia";"Decrescente";"Céu Claro";"Dupla";"Reta";"Sim";4;0;2;0;2;0;2;3;-10,9041;-37,1278;"SPRF-SE";"DEL01-SE";"UOP01-DEL01-SE"
480004;2022-10-11;"terça-feira";"08:40:00";"SC";101;208;"SAO JOSE";"Acumulo de água sobre o pavimento";"Colisão com objeto";"Com Vítimas Feridas";"Pleno dia";"Crescente";"Chuva";"Múltipla";"Curva";"Sim";1;0;1;0;0;0;1;1;-27,60327979;-48,63201818;"SPRF-SC";"DEL01-SC";"UOP01-DEL01-SC"
480006;2022-10-11;"terça-feira";"05:20:00";"RS";285;55,4;"BOM JESUS";"Velocidade Incompatível";"Saída de leito carroçável";"Com Vítimas Feridas";"Plena Noite";"Decrescente";"Garoa/Chuvisco";"Simples";"Reta";"Não";2;0;0;2;0;0;2;1;-28,64957;-50,374123;"SPRF-RS";"DEL05-RS";"UOP03-DEL05-RS"
480007;2022-10-01;"sábado";"08:38:00";"PR";277;83;"CURITIBA";"Manobra de mudança de faixa";"Colisão traseira";"Com Vítimas Feridas";"Pleno dia";"Crescente";"Chuva";"Dupla";"Interseção de Vias";"Sim";2;0;1;0;1;0;1;2;-25,44629731;-49,23119545;"SPRF-PR";"DEL01-PR";"UOP01-DEL01-PR"
480008;2022-10-11;"terça-feira";"08:05:00";"SC";282;343,1;"CAMPOS NOVOS";"Acessar a via sem observar a presença dos outros veículos";"Colisão transversal";"Sem Vítimas";"Pleno dia";"Decrescente";"Chuva";"Simples";"Reta";"Sim";2;0;0;0;2;0;0;2;-27,387402;-51,232861;"SPRF-SC";"DEL07-SC";"UOP06-DEL07-SC"
480010;2022-10-11;"terça-feira";"06:30:00";"PA";316;165,2;"SANTA LUZIA DO PARA";"Desrespeitar a preferência no cruzamento";"Colisão transversal";"Com Vítimas Fatais";"Pleno dia";"Crescente";"Sol";"Simples";"Reta";"Não";3;1;0;1;1;0;1;2;-1,30422126;-47,0956063;"SPRF-PA";"DEL01-PA";"UOP03-DEL01-PA"
480011;2022-10-03;"segunda-feira";"16:20:00";"MG";354;711,8;"CAXAMBU";"Velocidade Incompatível";"Saída de leito carroçável";"Com Vítimas Feridas";"Pleno dia";"Decrescente";"Chuva";"Simples";"Curva";"Não";1;0;1;0;0;0;1;1;-22,0438034;-44,9267962;"SPRF-MG";"DEL17-MG";"UOP01-DEL17-MG"
480012;2022-10-11;"terça-feira";"07:30:00";"PR";376;681;"GUARATUBA";"Condutor Dormindo";"Colisão com objeto";"Com Vítimas Feridas";"Pleno dia";"Decrescente";"Nublado";"Dupla";"Reta";"Não";2;0;2;0;0;0;2;1;-25,96596616;-48,89663319;"SPRF-PR";"DEL01-PR";"UOP04-DEL01-PR"
480013;2022-10-08;"sábado";"11:15:00";"PR";369;159;"CAMBE";"Reação tardia ou ineficiente do condutor";"Colisão traseira";"Sem Vítimas";"Pleno dia";"Crescente";"Ignorado";"Dupla";"Reta";"Não";3;0;0;0;1;2;0;2;-23,28237763;-51,25128508;"SPRF-PR";"DEL07-PR";"UOP01-DEL07-PR"
480016;2022-10-11;"terça-feira";"10:50:00";"DF";20;29,1;"BRASILIA";"Velocidade Incompatível";"Saída de leito carroçável";"Com Vítimas Feridas";"Pleno dia";"Decrescente";"Sol";"Dupla";"Reta";"Não";3;0;1;0;1;1;1;2;-15,598102;-47,612637;"SPRF-DF";"DEL02-DF";"UOP01-DEL02-DF"
480019;2022-10-11;"terça-feira";"11:30:00";"SC";282;53,5;"AGUAS MORNAS";"Velocidade Incompatível";"Colisão com objeto";"Com Vítimas Feridas";"Pleno dia";"Decrescente";"Chuva";"Simples";"Curva";"Não";2;0;2;0;0;0;2;1;-27,684693;-48,972326;"SPRF-SC";"DEL01-SC";"UOP03-DEL01-SC"
480020;2022-10-11;"terça-feira";"11:40:00";"PI";343;341;"TERESINA";"Acessar a via sem observar a presença dos outros veículos";"Colisão transversal";"Com Vítimas Feridas";"Pleno dia";"Decrescente";"Céu Claro";"Simples";"Interseção de Vias";"Sim";2;0;1;0;1;0;1;2;-5,077812;-42,744255;"SPRF-PI";"DEL01-PI";"UOP01-DEL01-PI"
480021;2022-10-11;"terça-feira";"07:45:00";"PR";277;689,8;"SAO MIGUEL DO IGUACU";"Acumulo de água sobre o pavimento";"Capotamento";"Com Vítimas Feridas";"Pleno dia";"Decrescente";"Chuva";"Dupla";"Curva";"Sim";2;0;1;0;1;0;1;1;-25,35059002;-54,24064696;"SPRF-PR";"DEL05-PR";"UOP01-DEL05-PR"
480022;2022-10-11;"terça-feira";"09:55:00";"RJ";101;322;"NITEROI";"Ausência de reação do condutor";"Tombamento";"Com Vítimas Feridas";"Pleno dia";"Decrescente";"Céu Claro";"Dupla";"Reta";"Sim";1;0;1;0;0;0;1;1;-22,878923;-43,110676;"SPRF-RJ";"DEL02-RJ";"UOP01-DEL02-RJ"
480025;2022-10-11;"terça-feira";"10:00:00";"RS";285;319,8;"PASSO FUNDO";"Velocidade Incompatível";"Colisão com objeto";"Sem Vítimas";"Pleno dia";"Crescente";"Chuva";"Simples";"Declive";"Não";1;0;0;0;1;0;0;1;-28,269007;-52,610687;"SPRF-RS";"DEL08-RS";"UOP03-DEL08-RS"
480026;2022-10-11;"terça-feira";"12:30:00";"PR";116;206,7;"RIO NEGRO";"Reação tardia ou ineficiente do condutor";"Colisão traseira";"Com Vítimas Feridas";"Pleno dia";"Crescente";"Nublado";"Simples";"Reta";"Sim";3;0;2;0;1;0;2;2;-26,07501722;-49,76210117;"SPRF-SC";"DEL06-SC";"UOP01-DEL06-SC"
480027;2022-10-11;"terça-feira";"11:50:00";"BA";101;287;"LAJE";"Demais falhas mecânicas ou elétricas";"Colisão lateral sentido oposto";"Com Vítimas Feridas";"Pleno dia";"Decrescente";"Céu Claro";"Simples";"Aclive";"Não";3;0;1;0;1;1;1;3;-13,28488593;-39,32243808;"SPRF-BA";"DEL01-BA";"UOP02-DEL01-BA"
480028;2022-10-09;"domingo";"17:31:00";"MG";365;421,8;"PATOS DE MINAS";"Ausência de reação do condutor";"Saída de leito carroçável";"Com Vítimas Feridas";"Pleno dia";"Crescente";"Céu Claro";"Simples";"Reta";"Não";1;0;1;0;0;0;1;1;-18,70800489;-46,60763523;"SPRF-MG";"DEL10-MG";"UOP01-DEL10-MG"
480029;2022-10-11;"terça-feira";"12:30:00";"RS";386;281,7;"SAO JOSE DO HERVAL";"Demais falhas mecânicas ou elétricas";"Capotamento";"Com Vítimas Feridas";"Pleno dia";"Decrescente";"Chuva";"Simples";"Curva";"Sim";1;0;1;0;0;0;1;1;-29,030159;-52,304897;"SPRF-RS";"DEL04-RS";"UOP03-DEL04-RS"
480030;2022-10-11;"terça-feira";"12:50:00";"MG";262;521;"LUZ";"Acessar a via sem observar a presença dos outros veículos";"Colisão transversal";"Com Vítimas Feridas";"Pleno dia";"Crescente";"Céu Claro";"Simples";"Reta";"Sim";2;0;1;0;1;0;1;2;-19,7891507;-45,61973095;"SPRF-MG";"DEL08-MG";"UOP03-DEL08-MG"
480032;2022-10-11;"terça-feira";"13:35:00";"RJ";116;180;"NOVA IGUACU";"Reação tardia ou ineficiente do condutor";"Colisão traseira";"Com Vítimas Feridas";"Pleno dia";"Decrescente";"Nublado";"Dupla";"Reta";"Sim";2;0;1;0;1;0;1;2;-22,7651616;-43,4154728;"SPRF-RJ";"DEL01-RJ";"UOP02-DEL01-RJ"
480033;2022-10-11;"terça-feira";"13:30:00";"RJ";101;489;"ANGRA DOS REIS";"Entrada inopinada do pedestre";"Atropelamento de Pedestre";"Com Vítimas Feridas";"Pleno dia";"Decrescente";"Nublado";"Simples";"Reta";"Não";2;0;1;1;0;0;2;2;-22,95605138;-44,30404997;"SPRF-RJ";"DEL03-RJ";"UOP03-DEL03-RJ"
480036;2022-10-11;"terça-feira";"13:10:00";"PB";230;65,8;"SAO MIGUEL DE TAIPU";"Mal súbito do condutor";"Saída de leito carroçável";"Com Vítimas Feridas";"Pleno dia";"Crescente";"Céu Claro";"Dupla";"Reta";"Não";1;0;1;0;0;0;1;1;-7,18523749;-35,19529223;"SPRF-PB";"DEL01-PB";"UOP03-DEL01-PB"
480037;2022-10-11;"terça-feira";"14:10:00";"BA";324;623;"SALVADOR";"Condutor deixou de manter distância do veículo da frente";"Colisão traseira";"Sem Vítimas";"Pleno dia";"Decrescente";"Céu Claro";"Dupla";"Reta";"Sim";2;0;0;0;2;0;0;2;-12,92628699;-38,46838679;"SPRF-BA";"DEL01-BA";"UOP01-DEL01-BA"
480041;2022-10-11;"terça-feira";"13:20:00";"MG";381;333;"NOVA ERA";"Ausência de reação do condutor";"Colisão com objeto";"Com Vítimas Feridas";"Pleno dia";"Crescente";"Céu Claro";"Simples";"Ponte";"Não";1;0;1;0;0;0;1;1;-19,80306599;-43,06083702;"SPRF-MG";"DEL03-MG";"UOP01-DEL03-MG"
480042;2022-10-11;"terça-feira";"13:30:00";"PE";101;8,7;"GOIANA";"Ingestão de álcool e/ou substâncias psicoativas pelo pedestre";"Capotamento";"Sem Vítimas";"Pleno dia";"Crescente";"Céu Claro";"Dupla";"Reta";"Sim";1;0;0;0;0;1;0;1;-7,56898134;-34,98959891;"SPRF-PE";"DEL01-PE";"UOP02-DEL01-PE"
480043;2022-10-11;"terça-feira";"14:45:00";"RS";290;30;"SANTO ANTONIO DA PATRULHA";"Avarias e/ou desgaste excessivo no pneu";"Tombamento";"Com Vítimas Feridas";"Pleno dia";"Decrescente";"Nublado";"Dupla";"Reta";"Não";2;0;2;0;0;0;2;1;-29,883583;-50,555428;"SPRF-RS";"DEL03-RS";"UOP01-DEL03-RS"
480044;2022-10-11;"terça-feira";"15:00:00";"MG";40;808,9;"MATIAS BARBOSA";"Fumaça";"Colisão traseira";"Com Vítimas Feridas";"Pleno dia";"Decrescente";"Céu Claro";"Dupla";"Reta";"Não";3;0;1;0;2;0;1;3;-21,86756732;-43,34916905;"SPRF-MG";"DEL05-MG";"UOP01-DEL05-MG"
480045;2022-10-11;"terça-feira";"15:10:00";"RN";110;57;"MOSSORO";"Reação tardia ou ineficiente do condutor";"Colisão traseira";"Com Vítimas Feridas";"Pleno dia";"Crescente";"Céu Claro";"Simples";"Reta";"Não";2;0;1;0;1;0;1;2;-5,28100299;-37,3311407;"SPRF-RN";"DEL04-RN";"UOP01-DEL04-RN"
480046;2022-09-12;"segunda-feira";"08:50:00";"PR";476;122;"CURITIBA";"Obras na pista";"Colisão lateral mesmo sentido";"Com Vítimas Feridas";"Pleno dia";"Decrescente";"Ignorado";"Múltipla";"Aclive;Reta;Em Obras";"Sim";2;0;0;1;0;1;1;2;-25,385775;-49,203377;"SPRF-PR";"DEL01-PR";"UOP01-DEL01-PR"
480048;2022-10-11;"terça-feira";"14:50:00";"GO";153;672;"ITUMBIARA";"Demais falhas na via";"Colisão com objeto";"Com Vítimas Feridas";"Pleno dia";"Crescente";"Nublado";"Dupla";"Reta";"Não";2;0;0;2;0;0;2;1;-18,159;-49,2877;"SPRF-GO";"DEL03-GO";"UOP02-DEL03-GO"
480055;2022-10-11;"terça-feira";"14:40:00";"BA";101;157;"CONCEICAO DO JACUIPE";"Retorno proibido";"Colisão transversal";"Com Vítimas Fatais";"Pleno dia";"Crescente";"Céu Claro";"Dupla";"Reta";"Não";4;3;1;0;0;0;1;2;-12,35551436;-38,782478;"SPRF-BA";"DEL01-BA";"UOP03-DEL01-BA"
480056;2022-10-11;"terça-feira";"14:50:00";"PR";277;552,9;"CASCAVEL";"Ingestão de álcool pelo condutor";"Saída de leito carroçável";"Com Vítimas Feridas";"Pleno dia";"Crescente";"Chuva";"Simples";"Curva;Declive";"Não";1;0;0;1;0;0;1;1;-25,0856681;-53,14103403;"SPRF-PR";"DEL04-PR";"UOP01-DEL04-PR"
480057;2022-10-11;"terça-feira";"14:51:00";"PR";163;255;"TOLEDO";"Acumulo de água sobre o pavimento";"Saída de leito carroçável";"Com Vítimas Feridas";"Pleno dia";"Decrescente";"Chuva";"Dupla";"Reta";"Não";3;0;3;0;0;0;3;1;-24,67394467;-53,79861301;"SPRF-PR";"DEL06-PR";"UOP02-DEL06-PR"
480058;2022-10-11;"terça-feira";"16:30:00";"BA";324;623;"SALVADOR";"Ausência de reação do condutor";"Colisão traseira";"Com Vítimas Feridas";"Pleno dia";"Decrescente";"Céu Claro";"Dupla";"Reta";"Sim";3;0;1;0;2;0;1;3;-12,92628699;-38,46838679;"SPRF-BA";"DEL01-BA";"UOP01-DEL01-BA"
480060;2022-10-11;"terça-feira";"16:40:00";"ES";101;304;"VIANA";"Condutor deixou de manter distância do veículo da frente";"Colisão traseira";"Com Vítimas Feridas";"Pleno dia";"Crescente";"Céu Claro";"Dupla";"Curva";"Não";2;0;1;0;1;0;1;2;-20,3800645;-40,45431391;"SPRF-ES";"DEL01-ES";"UOP01-DEL01-ES"
480062;2022-09-11;"domingo";"11:00:00";"SP";116;219;"GUARULHOS";"Acessar a via sem observar a presença dos outros veículos";"Colisão traseira";"Com Vítimas Feridas";"Pleno dia";"Decrescente";"Nublado";"Múltipla";"Reta";"Sim";2;0;0;1;1;0;1;2;-23,46143954;-46,48885316;"SPRF-SP";"DEL01-SP";"UOP01-DEL01-SP"
480064;2022-10-10;"segunda-feira";"22:30:00";"RJ";101;322;"NITEROI";"Pedestre cruzava a pista fora da faixa";"Tombamento";"Com Vítimas Feridas";"Plena Noite";"Decrescente";"Céu Claro";"Dupla";"Curva";"Sim";1;0;1;0;0;0;1;1;-22,88035648;-43,11151028;"SPRF-RJ";"DEL02-RJ";"UOP01-DEL02-RJ"
480065;2022-10-11;"terça-feira";"17:30:00";"SC";282;49;"AGUAS MORNAS";"Chuva";"Saída de leito carroçável";"Com Vítimas Feridas";"Pleno dia";"Crescente";"Garoa/Chuvisco";"Simples";"Curva";"Não";1;0;1;0;0;0;1;1;-27,712931;-48,943741;"SPRF-SC";"DEL01-SC";"UOP03-DEL01-SC"
480066;2022-10-11;"terça-feira";"13:00:00";"PA";10;16;"DOM ELISEU";"Conversão proibida";"Colisão lateral mesmo sentido";"Com Vítimas Feridas";"Pleno dia";"Crescente";"Sol";"Simples";"Reta";"Sim";2;0;1;0;1;0;1;2;-4,310932;-47,55446699;"SPRF-PA";"DEL02-PA";"UOP02-DEL02-PA"
480067;2022-10-11;"terça-feira";"17:45:00";"PB";104;131;"CAMPINA GRANDE";"Acostamento em desnível";"Tombamento";"Com Vítimas Feridas";"Anoitecer";"Decrescente";"Céu Claro";"Simples";"Reta";"Sim";1;0;1;0;0;0;1;1;-7,29900408;-35,89187256;"SPRF-PB";"DEL02-PB";"UOP03-DEL02-PB"
480069;2022-10-11;"terça-feira";"14:20:00";"MG";116;457,8;"ENGENHEIRO CALDAS";"Desrespeitar a preferência no cruzamento";"Colisão transversal";"Com Vítimas Feridas";"Pleno dia";"Decrescente";"Céu Claro";"Simples";"Interseção de Vias";"Não";3;0;1;0;2;0;1;2;-19,2086853;-42,05227849;"SPRF-MG";"DEL06-MG";"UOP02-DEL06-MG"
480070;2022-10-11;"terça-feira";"17:00:00";"PE";101;50,9;"ABREU E LIMA";"Ingestão de álcool ou de substâncias psicoativas pelo pedestre";"Atropelamento de Pedestre";"Com Vítimas Feridas";"Plena Noite";"Decrescente";"Céu Claro";"Múltipla";"Reta";"Sim";2;0;0;1;1;0;1;2;-7,90938602;-34,90123228;"SPRF-PE";"DEL01-PE";"UOP02-DEL01-PE"
480072;2022-09-11;"domingo";"13:30:00";"MG";116;211;"CATUJI";"Reação tardia ou ineficiente do condutor";"Saída de leito carroçável";"Com Vítimas Feridas";"Pleno dia";"Crescente";"Ignorado";"Simples";"Declive";"Não";3;0;1;1;1;0;2;1;-17,3326351;-41,52861876;"SPRF-MG";"DEL11-MG";"UOP01-DEL11-MG"
480073;2022-10-11;"terça-feira";"17:50:00";"SP";116;111;"TAUBATE";"Reação tardia ou ineficiente do condutor";"Colisão traseira";"Com Vítimas Feridas";"Anoitecer";"Decrescente";"Nublado";"Dupla";"Reta";"Sim";2;0;2;0;0;0;2;2;-23,03682946;-45,55686951;"SPRF-SP";"DEL02-SP";"UOP02-DEL02-SP"
480074;2022-10-11;"terça-feira";"17:45:00";"SC";282;4;"FLORIANOPOLIS";"Pista Escorregadia";"Eventos atípicos";"Com Vítimas Feridas";"Anoitecer";"Crescente";"Chuva";"Múltipla";"Reta";"Sim";1;0;1;0;0;0;1;1;-27,592646;-48,604034;"SPRF-SC";"DEL01-SC";"UOP01-DEL01-SC"
480075;2022-10-11;"terça-feira";"16:32:00";"MA";316;265,9;"SANTA INES";"Reação tardia ou ineficiente do condutor";"Engavetamento";"Sem Vítimas";"Pleno dia";"Decrescente";"Sol";"Simples";"Reta";"Sim";3;0;0;0;3;0;0;3;-3,677107;-45,354866;"SPRF-MA";"DEL02-MA";"UOP01-DEL02-MA"
480076;2022-10-11;"terça-feira";"17:05:00";"RS";386;80,3;"BOA VISTA DAS MISSOES";"Acumulo de água sobre o pavimento";"Saída de leito carroçável";"Com Vítimas Feridas";"Anoitecer";"Crescente";"Chuva";"Simples";"Curva";"Não";1;0;1;0;0;0;1;1;-27,71064;-53,245564;"SPRF-RS";"DEL08-RS";"UOP02-DEL08-RS"
480077;2022-10-11;"terça-feira";"17:10:00";"ES";101;285;"CARIACICA";"Acessar a via sem observar a presença dos outros veículos";"Colisão transversal";"Com Vítimas Feridas";"Pleno dia";"Crescente";"Céu Claro";"Dupla";"Retorno Regulamentado;Aclive";"Sim";2;0;1;0;1;0;1;2;-20,25206143;-40,37330747;"SPRF-ES";"DEL01-ES";"UOP01-DEL01-ES"
480078;2022-10-11;"terça-feira";"17:40:00";"SC";280;3,8;"SAO FRANCISCO DO SUL";"Acesso irregular";"Colisão transversal";"Com Vítimas Feridas";"Anoitecer";"Decrescente";"Chuva";"Simples";"Interseção de Vias";"Sim";2;0;1;0;1;0;1;2;-26,24531966;-48,61556107;"SPRF-SC";"DEL03-SC";"UOP03-DEL03-SC"
480080;2022-10-11;"terça-feira";"09:20:00";"PR";163;286;"MARECHAL CANDIDO RONDON";"Avarias e/ou desgaste excessivo no pneu";"Saída de leito carroçável";"Sem Vítimas";"Pleno dia";"Decrescente";"Chuva";"Dupla";"Reta";"Sim";1;0;0;0;0;1;0;1;-24,568102;-54,034168;"SPRF-PR";"DEL06-PR";"UOP02-DEL06-PR"
480081;2022-10-11;"terça-feira";"18:20:00";"ES";101;287;"CARIACICA";"Avarias e/ou desgaste excessivo no pneu";"Queda de ocupante de veículo";"Com Vítimas Feridas";"Plena Noite";"Crescente";"Céu Claro";"Dupla";"Reta";"Sim";2;0;1;0;1;0;1;1;-20,26493528;-40,38471702;"SPRF-ES";"DEL01-ES";"UOP01-DEL01-ES"
480083;2022-10-11;"terça-feira";"18:27:00";"CE";222;1,1;"FORTALEZA";"Reação tardia ou ineficiente do condutor";"Atropelamento de Pedestre";"Com Vítimas Feridas";"Plena Noite";"Decrescente";"Céu Claro";"Dupla";"Reta";"Sim";2;0;1;0;1;0;1;2;-3,737804;-38,578061;"SPRF-CE";"DEL01-CE";"UOP01-DEL01-CE"
480084;2022-10-11;"terça-feira";"18:15:00";"SE";101;82;"LARANJEIRAS";"Mal súbito do condutor";"Saída de leito carroçável";"Com Vítimas Feridas";"Plena Noite";"Decrescente";"Garoa/Chuvisco";"Dupla";"Reta";"Não";2;0;0;1;1;0;1;1;-10,81787508;-37,13924106;"SPRF-SE";"DEL01-SE";"UOP01-DEL01-SE"
480086;2022-10-11;"terça-feira";"19:00:00";"SP";116;225;"GUARULHOS";"Acumulo de areia ou detritos sobre o pavimento";"Tombamento";"Com Vítimas Feridas";"Plena Noite";"Decrescente";"Céu Claro";"Múltipla";"Reta";"Sim";1;0;1;0;0;0;1;1;-23,48586772;-46,54075317;"SPRF-SP";"DEL01-SP";"UOP01-DEL01-SP"
480087;2022-10-11;"terça-feira";"16:35:00";"PE";104;67;"CARUARU";"Ingestão de álcool pelo condutor";"Colisão traseira";"Com Vítimas Feridas";"Pleno dia";"Crescente";"Céu Claro";"Dupla";"Reta";"Sim";2;0;1;0;1;0;1;2;-8,3016;-35,9882;"SPRF-PE";"DEL02-PE";"UOP01-DEL02-PE"
480088;2022-10-11;"terça-feira";"19:00:00";"MG";381;432;"SABARA";"Acessar a via sem observar a presença dos outros veículos";"Colisão transversal";"Com Vítimas Feridas";"Plena Noite";"Crescente";"Nublado";"Simples";"Aclive";"Sim";2;0;1;0;1;0;1;2;-19,78750571;-43,73981096;"SPRF-MG";"DEL01-MG";"UOP01-DEL01-MG"
480089;2022-10-11;"terça-feira";"18:40:00";"RS";470;167,5;"VILA FLORES";"Acesso irregular";"Colisão transversal";"Com Vítimas Feridas";"Plena Noite";"Decrescente";"Garoa/Chuvisco";"Simples";"Reta;Declive";"Sim";3;0;2;0;1;0;2;2;-28,85927113;-51,55517936;"SPRF-RS";"DEL06-RS";"UOP02-DEL06-RS"
480090;2022-10-11;"terça-feira";"18:50:00";"BA";418;87,8;"NOVA VICOSA";"Transitar na contramão";"Colisão transversal";"Com Vítimas Feridas";"Plena Noite";"Crescente";"Céu Claro";"Simples";"Reta";"Sim";2;0;1;0;1;0;1;2;-17,892078;-39,81627;"SPRF-BA";"DEL09-BA";"UOP02-DEL09-BA"
480091;2022-10-11;"terça-feira";"18:10:00";"SC";101;212,4;"PALHOCA";"Reação tardia ou ineficiente do condutor";"Engavetamento";"Sem Vítimas";"Plena Noite";"Crescente";"Chuva";"Múltipla";"Reta";"Sim";5;0;0;0;5;0;0;5;-27,63244051;-48,66151571;"SPRF-SC";"DEL01-SC";"UOP02-DEL01-SC"
480092;2022-10-11;"terça-feira";"18:06:00";"RN";226;15;"MACAIBA";"Acessar a via sem observar a presença dos outros veículos";"Colisão transversal";"Com Vítimas Feridas";"Plena Noite";"Crescente";"Céu Claro";"Simples";"Reta";"Sim";2;0;0;1;1;0;1;2;-5,8568871;-35,33594493;"SPRF-RN";"DEL01-RN";"UOP02-DEL01-RN"
480093;2022-10-11;"terça-feira";"17:40:00";"PR";369;149;"LONDRINA";"Área urbana sem a presença de local apropriado para a travessia de pedestres";"Atropelamento de Pedestre";"Com Vítimas Feridas";"Pleno dia";"Crescente";"Nublado";"Simples";"Reta";"Sim";2;0;2;0;0;0;2;2;-23,2930719;-51,15337372;"SPRF-PR";"DEL07-PR";"UOP01-DEL07-PR"
480094;2022-10-11;"terça-feira";"18:20:00";"PA";230;118;"MARABA";"Condutor deixou de manter distância do veículo da frente";"Colisão traseira";"Com Vítimas Feridas";"Plena Noite";"Crescente";"Nublado";"Dupla";"Reta";"Não";2;0;0;1;1;0;1;2;-5,35569904;-49,09047302;"SPRF-PA";"DEL03-PA";"UOP01-DEL03-PA"
480095;2022-10-11;"terça-feira";"17:20:00";"RO";364;653;"CANDEIAS DO JAMARI";"Chuva";"Saída de leito carroçável";"Com Vítimas Feridas";"Pleno dia";"Decrescente";"Chuva";"Simples";"Reta";"Não";1;0;1;0;0;0;1;1;-8,89444495;-63,43875268;"SPRF-RO";"DEL01-RO";"UOP01-DEL01-RO"
480097;2022-10-11;"terça-feira";"13:29:00";"RJ";40;74;"PETROPOLIS";"Acumulo de óleo sobre o pavimento";"Tombamento";"Com Vítimas Feridas";"Pleno dia";"Decrescente";"Céu Claro";"Simples";"Curva;Aclive";"Não";1;0;1;0;0;0;1;1;-22,472637;-43,224829;"SPRF-RJ";"DEL06-RJ";"UOP01-DEL06-RJ"
480099;2022-10-11;"terça-feira";"19:08:00";"PI";343;8,1;"PARNAIBA";"Manobra de mudança de faixa";"Colisão transversal";"Com Vítimas Feridas";"Plena Noite";"Crescente";"Céu Claro";"Simples";"Reta";"Sim";2;0;0;1;1;0;1;2;-2,898051;-41,714767;"SPRF-PI";"DEL05-PI";"UOP01-DEL05-PI"