"id";"data_inversa";"dia_semana";"horario";"uf";"br";"km";"municipio";"causa_acidente";"tipo_acidente";"classificacao_acidente";"fase_dia";"sentido_via";"condicao_metereologica";"tipo_pista";"tracado_via";"uso_solo";"pessoas";"mortos";"feridos_leves";"feridos_graves";"ilesos";"ignorados";"feridos";"veiculos";"latitude";"longitude";"regional";"delegacia";"uop"
480102;2022-10-11;"terça-feira";"18:50:00";"SP";381;42,2;"ATIBAIA";"Ausência de reação do condutor";"Colisão com objeto";"Com Vítimas Feridas";"Plena Noite";"Crescente";"Céu Claro";"Dupla";"Reta";"Não";4;0;1;0;3;0;1;2;-23,147306;-46,57493202;"SPRF-SP";"DEL03-SP";"UOP01-DEL03-SP"
480105;2022-10-11;"terça-feira";"19:50:00";"PR";376;124,3;"ALTO PARANA";"Reação tardia ou ineficiente do condutor";"Colisão com objeto";"Com Vítimas Feridas";"Plena Noite";"Decrescente";"Nublado";"Dupla";"Declive";"Não";2;0;1;0;1;0;1;1;-23,14400328;-52,2818582;"SPRF-PR";"DEL09-PR";"UOP02-DEL09-PR"
480106;2022-10-11;"terça-feira";"18:20:00";"MG";50;161;"UBERABA";"Velocidade Incompatível";"Saída de leito carroçável";"Com Vítimas Feridas";"Plena Noite";"Crescente";"Céu Claro";"Dupla";"Reta";"Não";1;0;0;1;0;0;1;1;-19,65927188;-48,00251569;"SPRF-MG";"DEL13-MG";"UOP01-DEL13-MG"
480107;2022-10-11;"terça-feira";"20:00:00";"PB";101;86,9;"JOAO PESSOA";"Entrada inopinada do pedestre";"Atropelamento de Pedestre";"Com Vítimas Fatais";"Plena Noite";"Crescente";"Nublado";"Dupla";"Reta";"Sim";3;1;0;0;1;1;0;2;-7,15886802;-34,90628504;"SPRF-PB";"DEL01-PB";"UOP01-DEL01-PB"
480108;2022-10-11;"terça-feira";"19:20:00";"RJ";101;330;"RIO DE JANEIRO";"Ausência de reação do condutor";"Capotamento";"Com Vítimas Feridas";"Plena Noite";"Crescente";"Céu Claro";"Dupla";"Reta";"Não";1;0;1;0;0;0;1;1;-22,8684989;-43,18548699;"SPRF-RJ";"DEL02-RJ";"UOP01-DEL02-RJ"
480110;2022-10-11;"terça-feira";"20:00:00";"RN";101;99,7;"PARNAMIRIM";"Transitar na contramão";"Colisão frontal";"Com Vítimas Feridas";"Plena Noite";"Crescente";"Céu Claro";"Múltipla";"Declive";"Sim";2;0;1;1;0;0;2;2;-5,87359183;-35,22063023;"SPRF-RN";"DEL01-RN";"UOP01-DEL01-RN"
480111;2022-10-11;"terça-feira";"20:05:00";"BA";235;12,7;"PEDRO ALEXANDRE";"Condutor deixou de manter distância do veículo da frente";"Colisão traseira";"Com Vítimas Fatais";"Plena Noite";"Crescente";"Nublado";"Simples";"Reta";"Não";2;1;1;0;0;0;1;2;-10,22985078;-37,83549093;"SPRF-SE";"DEL01-SE";"UOP02-DEL01-SE"
480112;2022-10-11;"terça-feira";"20:25:00";"SC";280;56,5;"GUARAMIRIM";"Manobra de mudança de faixa";"Colisão lateral mesmo sentido";"Sem Vítimas";"Plena Noite";"Crescente";"Chuva";"Simples";"Reta";"Sim";2;0;0;0;2;0;0;2;-26,47947677;-49,00298702;"SPRF-SC";"DEL03-SC";"UOP03-DEL03-SC"
480113;2022-10-11;"terça-feira";"20:50:00";"ES";101;273,5;"SERRA";"Entrada inopinada do pedestre";"Incêndio";"Sem Vítimas";"Plena Noite";"Crescente";"Céu Claro";"Múltipla";"Reta";"Sim";1;0;0;0;1;0;0;1;-20,22029207;-40,29048811;"SPRF-ES";"DEL02-ES";"UOP01-DEL02-ES"
480115;2022-10-11;"terça-feira";"19:54:00";"SP";116;80,5;"ROSEIRA";"Pedestre cruzava a pista fora da faixa";"Atropelamento de Pedestre";"Com Vítimas Fatais";"Plena Noite";"Crescente";"Céu Claro";"Dupla";"Reta";"Sim";2;1;0;0;1;0;0;2;-22,89958454;-45,30245564;"SPRF-SP";"DEL08-SP";"UOP01-DEL08-SP"
480116;2022-10-11;"terça-feira";"19:25:00";"GO";452;180;"ITUMBIARA";"Acumulo de areia ou detritos sobre o pavimento";"Saída de leito carroçável";"Com Vítimas Feridas";"Plena Noite";"Decrescente";"Céu Claro";"Simples";"Reta";"Não";1;0;1;0;0;0;1;1;-18,3749007;-49,35444174;"SPRF-GO";"DEL03-GO";"UOP02-DEL03-GO"
480117;2022-10-11;"terça-feira";"20:50:00";"RS";116;246;"SAO LEOPOLDO";"Velocidade Incompatível";"Saída de leito carroçável";"Com Vítimas Feridas";"Plena Noite";"Crescente";"Nublado";"Dupla";"Curva";"Sim";6;0;5;0;1;0;5;1;-29,758751;-51,15186806;"SPRF-RS";"DEL01-RS";"UOP02-DEL01-RS"
480118;2022-10-11;"terça-feira";"18:30:00";"GO";452;110;"BOM JESUS DE GOIAS";"Conversão proibida";"Colisão transversal";"Com Vítimas Feridas";"Anoitecer";"Decrescente";"Céu Claro";"Simples";"Retorno Regulamentado;Reta";"Não";2;0;2;0;0;0;2;2;-18,16871538;-49,91484422;"SPRF-GO";"DEL03-GO";"UOP02-DEL03-GO"
480119;2022-10-11;"terça-feira";"21:15:00";"SP";116;394,3;"MIRACATU";"Pedestre cruzava a pista fora da faixa";"Colisão transversal";"Com Vítimas Fatais";"Plena Noite";"Crescente";"Nublado";"Dupla";"Reta";"Sim";3;1;0;0;2;0;0;2;-24,28719999;-47,45413726;"SPRF-SP";"DEL04-SP";"UOP02-DEL04-SP"
480120;2022-10-11;"terça-feira";"21:40:00";"BA";116;360;"SERRINHA";"Conversão proibida";"Colisão transversal";"Com Vítimas Feridas";"Plena Noite";"Crescente";"Nublado";"Simples";"Reta";"Não";2;0;2;0;0;0;2;2;-11,67414115;-38,99714822;"SPRF-BA";"DEL02-BA";"UOP01-DEL02-BA"
480121;2022-10-11;"terça-feira";"11:45:00";"PR";277;465,6;"NOVA LARANJEIRAS";"Chuva";"Colisão frontal";"Com Vítimas Feridas";"Pleno dia";"Crescente";"Chuva";"Simples";"Reta";"Não";33;0;30;3;0;0;33;2;-25,34142;-52,49787;"SPRF-PR";"DEL04-PR";"UOP02-DEL04-PR"
480122;2022-10-11;"terça-feira";"20:10:00";"MT";364;212;"RONDONOPOLIS";"Pista esburacada";"Tombamento";"Com Vítimas Feridas";"Plena Noite";"Crescente";"Chuva";"Dupla";"Reta";"Não";2;0;2;0;0;0;2;1;-16,40959507;-54,71342208;"SPRF-MT";"DEL02-MT";"UOP01-DEL02-MT"
480124;2022-10-11;"terça-feira";"21:25:00";"SC";470;11;"NAVEGANTES";"Acessar a via sem observar a presença dos outros veículos";"Colisão transversal";"Com Vítimas Feridas";"Plena Noite";"Decrescente";"Chuva";"Simples";"Reta;Em Obras";"Sim";3;0;0;2;1;0;2;2;-26,834309;-48,747269;"SPRF-SC";"DEL04-SC";"UOP04-DEL04-SC"
480125;2022-10-11;"terça-feira";"20:40:00";"PE";232;441;"SERRA TALHADA";"Iluminação deficiente";"Colisão traseira";"Com Vítimas Feridas";"Plena Noite";"Crescente";"Céu Claro";"Simples";"Reta";"Não";3;0;1;1;1;0;2;2;-8,01292062;-38,56799502;"SPRF-PE";"DEL04-PE";"UOP01-DEL04-PE"
480127;2022-10-11;"terça-feira";"17:40:00";"PR";476;287,2;"SAO MATEUS DO SUL";"Desrespeitar a preferência no cruzamento";"Colisão transversal";"Com Vítimas Feridas";"Plena Noite";"Crescente";"Garoa/Chuvisco";"Simples";"Reta";"Não";3;0;1;0;2;0;1;2;-25,919371;-50,452824;"SPRF-PR";"DEL02-PR";"UOP04-DEL02-PR"
480130;2022-10-11;"terça-feira";"14:00:00";"SC";153;117,8;"CONCORDIA";"Pista esburacada";"Colisão traseira";"Com Vítimas Feridas";"Pleno dia";"Decrescente";"Chuva";"Simples";"Reta";"Não";3;0;1;0;2;0;1;2;-27,37451123;-51,98833466;"SPRF-SC";"DEL07-SC";"UOP04-DEL07-SC"
480132;2022-10-11;"terça-feira";"22:15:00";"RJ";40;72;"PETROPOLIS";"Velocidade Incompatível";"Colisão com objeto";"Com Vítimas Feridas";"Plena Noite";"Decrescente";"Céu Claro";"Simples";"Declive;Curva";"Não";1;0;0;1;0;0;1;1;-22,46259522;-43,22260737;"SPRF-RJ";"DEL06-RJ";"UOP01-DEL06-RJ"
480133;2022-10-11;"terça-feira";"22:00:00";"PR";116;107,8;"SAO JOSE DOS PINHAIS";"Reação tardia ou ineficiente do condutor";"Colisão traseira";"Com Vítimas Feridas";"Plena Noite";"Crescente";"Chuva";"Dupla";"Reta";"Não";3;0;2;0;1;0;2;2;-25,56933991;-49,22456682;"SPRF-PR";"DEL01-PR";"UOP06-DEL01-PR"
480134;2022-10-11;"terça-feira";"22:23:00";"MG";116;277;"TEOFILO OTONI";"Acessar a via sem observar a presença dos outros veículos";"Tombamento";"Com Vítimas Feridas";"Plena Noite";"Decrescente";"Céu Claro";"Dupla";"Interseção de Vias";"Sim";2;0;1;0;0;1;1;2;-17,859945;-41,515144;"SPRF-MG";"DEL11-MG";"UOP01-DEL11-MG"
480136;2022-10-11;"terça-feira";"22:30:00";"PI";316;327;"PICOS";"Ingestão de álcool pelo condutor";"Tombamento";"Com Vítimas Feridas";"Plena Noite";"Decrescente";"Céu Claro";"Simples";"Aclive";"Não";1;0;1;0;0;0;1;1;-7,10066607;-41,32607501;"SPRF-PI";"DEL04-PI";"UOP01-DEL04-PI"
480137;2022-10-11;"terça-feira";"23:20:00";"DF";20;12;"BRASILIA";"Reação tardia ou ineficiente do condutor";"Saída de leito carroçável";"Com Vítimas Feridas";"Plena Noite";"Crescente";"Céu Claro";"Dupla";"Reta";"Não";2;0;2;0;0;0;2;1;-15,642812;-47,757786;"SPRF-DF";"DEL02-DF";"UOP01-DEL02-DF"
480138;2022-10-11;"terça-feira";"22:05:00";"PE";232;256,8;"ARCOVERDE";"Iluminação deficiente";"Atropelamento de Animal";"Com Vítimas Feridas";"Plena Noite";"Decrescente";"Céu Claro";"Simples";"Reta";"Não";1;0;1;0;0;0;1;1;-8,40988226;-37,09335003;"SPRF-PE";"DEL04-PE";"UOP02-DEL04-PE"
480139;2022-10-11;"terça-feira";"23:00:00";"PR";476;195,3;"LAPA";"Animais na Pista";"Atropelamento de Animal";"Com Vítimas Feridas";"Plena Noite";"Decrescente";"Chuva";"Simples";"Reta";"Não";2;0;0;2;0;0;2;1;-25,747275;-49,718627;"SPRF-PR";"DEL02-PR";"UOP04-DEL02-PR"
480140;2022-10-11;"terça-feira";"23:30:00";"SC";101;189;"BIGUACU";"Acumulo de água sobre o pavimento";"Colisão com objeto";"Com Vítimas Feridas";"Plena Noite";"Crescente";"Chuva";"Dupla";"Curva";"Não";4;0;2;0;2;0;2;1;-27,459393;-48,638914;"SPRF-SC";"DEL01-SC";"UOP01-DEL01-SC"
480143;2022-10-11;"terça-feira";"20:20:00";"SC";470;180,9;"POUSO REDONDO";"Ingestão de álcool pelo condutor";"Colisão com objeto";"Sem Vítimas";"Plena Noite";"Crescente";"Garoa/Chuvisco";"Simples";"Ponte";"Não";1;0;0;0;1;0;0;1;-27,249525;-49,987041;"SPRF-SC";"DEL04-SC";"UOP02-DEL04-SC"
480145;2022-10-11;"terça-feira";"19:00:00";"SC";101;413;"ARARANGUA";"Ausência de reação do condutor";"Colisão traseira";"Sem Vítimas";"Plena Noite";"Crescente";"Chuva";"Simples";"Reta";"Não";2;0;0;0;2;0;0;2;-28,94605997;-49,50428402;"SPRF-SC";"DEL02-SC";"UOP02-DEL02-SC"
480146;2022-10-11;"terça-feira";"22:30:00";"RJ";101;205;"CASIMIRO DE ABREU";"Ingestão de álcool pelo condutor";"Colisão com objeto";"Sem Vítimas";"Plena Noite";"Crescente";"Céu Claro";"Simples";"Reta;Retorno Regulamentado";"Sim";1;0;0;0;1;0;0;1;-22,475714;-42,19184;"SPRF-RJ";"DEL08-RJ";"UOP04-DEL08-RJ"
480148;2022-10-11;"terça-feira";"23:30:00";"RS";116;40,1;"VACARIA";"Reação tardia ou ineficiente do condutor";"Colisão traseira";"Com Vítimas Feridas";"Plena Noite";"Crescente";"Céu Claro";"Simples";"Reta";"Sim";3;0;2;0;1;0;2;2;-28,52480092;-50,94647307;"SPRF-RS";"DEL05-RS";"UOP03-DEL05-RS"
480149;2022-10-12;"quarta-feira";"00:00:00";"RJ";101;488;"ANGRA DOS REIS";"Condutor Dormindo";"Colisão lateral sentido oposto";"Com Vítimas Feridas";"Plena Noite";"Crescente";"Céu Claro";"Simples";"Curva";"Sim";3;0;3;0;0;0;3;2;-22,96020896;-44,29612622;"SPRF-RJ";"DEL03-RJ";"UOP03-DEL03-RJ"
480151;2022-10-11;"terça-feira";"21:40:00";"MA";316;429;"PERITORO";"Acessar a via sem observar a presença dos outros veículos";"Colisão traseira";"Com Vítimas Fatais";"Plena Noite";"Decrescente";"Céu Claro";"Simples";"Reta";"Não";3;1;0;1;0;1;1;3;-4,384668;-44,297157;"SPRF-MA";"DEL03-MA";"UOP01-DEL03-MA"
480152;2022-10-12;"quarta-feira";"00:30:00";"SC";101;330;"TUBARAO";"Manobra de mudança de faixa";"Colisão lateral mesmo sentido";"Sem Vítimas";"Plena Noite";"Decrescente";"Chuva";"Dupla";"Reta";"Sim";3;0;0;0;3;0;0;2;-28,45115639;-48,97286879;"SPRF-SC";"DEL02-SC";"UOP01-DEL02-SC"
480154;2022-10-12;"quarta-feira";"00:50:00";"SP";116;151;"SAO JOSE DOS CAMPOS";"Reação tardia ou ineficiente do condutor";"Colisão com objeto";"Com Vítimas Feridas";"Plena Noite";"Decrescente";"Céu Claro";"Múltipla";"Reta";"Sim";1;0;1;0;0;0;1;1;-23,21980694;-45,89991605;"SPRF-SP";"DEL02-SP";"UOP01-DEL02-SP"
480155;2022-10-12;"quarta-feira";"01:10:00";"SP";381;61;"MAIRIPORA";"Velocidade Incompatível";"Colisão com objeto";"Com Vítimas Feridas";"Plena Noite";"Crescente";"Céu Claro";"Dupla";"Reta";"Não";2;0;2;0;0;0;2;1;-23,29011611;-46,5800681;"SPRF-SP";"DEL03-SP";"UOP01-DEL03-SP"
480156;2022-10-12;"quarta-feira";"01:25:00";"RS";386;440;"CANOAS";"Reação tardia ou ineficiente do condutor";"Saída de leito carroçável";"Sem Vítimas";"Plena Noite";"Decrescente";"Garoa/Chuvisco";"Dupla";"Curva";"Não";1;0;0;0;0;1;0;1;-29,88202987;-51,23448372;"SPRF-RS";"DEL01-RS";"UOP01-DEL01-RS"
480159;2022-10-12;"quarta-feira";"02:20:00";"GO";153;493;"GOIANIA";"Ausência de reação do condutor";"Colisão traseira";"Sem Vítimas";"Plena Noite";"Crescente";"Céu Claro";"Dupla";"Reta";"Sim";1;0;0;0;0;1;0;1;-16,6537;-49,2172;"SPRF-GO";"DEL01-GO";"UOP01-DEL01-GO"
480161;2022-10-12;"quarta-feira";"02:25:00";"MG";381;433,3;"SABARA";"Condutor Dormindo";"Saída de leito carroçável";"Com Vítimas Feridas";"Plena Noite";"Decrescente";"Ignorado";"Simples";"Aclive;Curva";"Não";1;0;1;0;0;0;1;1;-19,786868;-43,717433;"SPRF-MG";"DEL01-MG";"UOP01-DEL01-MG"
480162;2022-10-12;"quarta-feira";"02:45:00";"PE";232;142,1;"SAO CAITANO";"Animais na Pista";"Atropelamento de Animal";"Com Vítimas Feridas";"Plena Noite";"Decrescente";"Nublado";"Dupla";"Declive";"Não";1;0;1;0;0;0;1;1;-8,32242118;-36,09480698;"SPRF-PE";"DEL03-PE";"UOP02-DEL03-PE"
480163;2022-10-12;"quarta-feira";"03:40:00";"RS";386;346,2;"LAJEADO";"Ausência de reação do condutor";"Saída de leito carroçável";"Sem Vítimas";"Plena Noite";"Crescente";"Chuva";"Dupla";"Reta;Em Obras";"Sim";1;0;0;0;1;0;0;1;-29,44852676;-51,97202146;"SPRF-RS";"DEL04-RS";"UOP01-DEL04-RS"
480164;2022-10-12;"quarta-feira";"03:15:00";"MG";40;548;"NOVA LIMA";"Velocidade Incompatível";"Saída de leito carroçável";"Com Vítimas Feridas";"Plena Noite";"Crescente";"Céu Claro";"Dupla";"Aclive;Reta";"Não";2;0;1;0;1;0;1;1;-20,03136499;-43,96967792;"SPRF-MG";"DEL01-MG";"UOP02-DEL01-MG"
480165;2022-10-12;"quarta-feira";"02:37:00";"PR";373;173;"PONTA GROSSA";"Ingestão de álcool pelo condutor";"Colisão com objeto";"Com Vítimas Feridas";"Plena Noite";"Crescente";"Chuva";"Dupla";"Reta";"Sim";4;0;3;0;0;1;3;2;-25,0805653;-50,20175905;"SPRF-PR";"DEL03-PR";"UOP01-DEL03-PR"
480169;2022-10-12;"quarta-feira";"02:05:00";"RO";364;344;"JI-PARANA";"Desrespeitar a preferência no cruzamento";"Colisão transversal";"Com Vítimas Feridas";"Plena Noite";"Crescente";"Céu Claro";"Dupla";"Reta";"Sim";5;0;4;0;1;0;4;2;-10,87878519;-61,94499012;"SPRF-RO";"DEL02-RO";"UOP01-DEL02-RO"
480170;2022-10-12;"quarta-feira";"05:21:00";"RS";386;352,7;"ESTRELA";"Ausência de reação do condutor";"Capotamento";"Sem Vítimas";"Amanhecer";"Crescente";"Chuva";"Dupla";"Curva";"Não";1;0;0;0;1;0;0;1;-29,491436;-51,95174;"SPRF-RS";"DEL04-RS";"UOP02-DEL04-RS"
480172;2022-10-12;"quarta-feira";"06:30:00";"SP";116;204;"ARUJA";"Reação tardia ou ineficiente do condutor";"Queda de ocupante de veículo";"Com Vítimas Feridas";"Pleno dia";"Decrescente";"Nublado";"Múltipla";"Reta";"Sim";1;0;1;0;0;0;1;1;-23,42222263;-46,3932771;"SPRF-SP";"DEL01-SP";"UOP01-DEL01-SP"
480174;2022-10-12;"quarta-feira";"05:44:00";"PE";232;103,3;"BEZERROS";"Condutor deixou de manter distância do veículo da frente";"Colisão traseira";"Com Vítimas Feridas";"Pleno dia";"Decrescente";"Nublado";"Dupla";"Reta";"Não";2;0;1;0;1;0;1;2;-8,25219029;-35,76584983;"SPRF-PE";"DEL02-PE";"UOP02-DEL02PE"
480175;2022-10-12;"quarta-feira";"05:30:00";"SC";101;145;"ITAPEMA";"Chuva";"Queda de ocupante de veículo";"Com Vítimas Feridas";"Amanhecer";"Crescente";"Chuva";"Dupla";"Curva;Aclive";"Não";1;0;0;1;0;0;1;1;-27,08139206;-48,60130993;"SPRF-SC";"DEL04-SC";"UOP03-DEL04-SC"
480176;2022-10-11;"terça-feira";"22:00:00";"PR";116;58,3;"CAMPINA GRANDE DO SUL";"Avarias e/ou desgaste excessivo no pneu";"Saída de leito carroçável";"Sem Vítimas";"Plena Noite";"Crescente";"Chuva";"Dupla";"Curva";"Não";1;0;0;0;0;1;0;1;-25,29614033;-48,93795675;"SPRF-PR";"DEL01-PR";"UOP02-DEL01-PR"
480177;2022-10-12;"quarta-feira";"06:00:00";"RJ";465;10;"SEROPEDICA";"Transitar na contramão";"Colisão frontal";"Com Vítimas Feridas";"Amanhecer";"Crescente";"Céu Claro";"Simples";"Reta";"Sim";2;0;1;0;0;1;1;2;-22,777218;-43,663025;"SPRF-RJ";"DEL01-RJ";"UOP03-DEL01-RJ"
480178;2022-10-12;"quarta-feira";"06:10:00";"SC";101;138;"BALNEARIO CAMBORIU";"Ingestão de álcool pelo condutor";"Saída de leito carroçável";"Sem Vítimas";"Amanhecer";"Crescente";"Chuva";"Simples";"Aclive";"Não";1;0;0;0;0;1;0;1;-27,02397426;-48,60761649;"SPRF-SC";"DEL04-SC";"UOP03-DEL04-SC"
480179;2022-10-12;"quarta-feira";"07:00:00";"RJ";101;301;"SAO GONCALO";"Demais falhas mecânicas ou elétricas";"Colisão traseira";"Com Vítimas Feridas";"Pleno dia";"Decrescente";"Nublado";"Dupla";"Reta";"Sim";6;0;3;0;3;0;3;3;-22,77857497;-42,95745101;"SPRF-RJ";"DEL02-RJ";"UOP02-DEL02-RJ"
480181;2022-10-12;"quarta-feira";"07:00:00";"SP";116;94;"PINDAMONHANGABA";"Velocidade Incompatível";"Colisão traseira";"Com Vítimas Feridas";"Pleno dia";"Decrescente";"Céu Claro";"Dupla";"Reta";"Não";3;0;1;0;2;0;1;2;-22,96083987;-45,42156507;"SPRF-SP";"DEL08-SP";"UOP01-DEL08-SP"
480182;2022-10-12;"quarta-feira";"06:30:00";"MG";381;518;"IGARAPE";"Velocidade Incompatível";"Tombamento";"Com Vítimas Feridas";"Pleno dia";"Crescente";"Céu Claro";"Dupla";"Reta";"Sim";1;0;1;0;0;0;1;1;-20,12065395;-44,30242562;"SPRF-MG";"DEL04-MG";"UOP03-DEL04-MG"
480183;2022-10-12;"quarta-feira";"05:45:00";"MG";356;285,7;"PATROCINIO DO MURIAE";"Desrespeitar a preferência no cruzamento";"Colisão transversal";"Com Vítimas Feridas";"Amanhecer";"Crescente";"Céu Claro";"Simples";"Rotatória";"Sim";2;0;1;0;1;0;1;2;-21,12714726;-42,20166218;"SPRF-MG";"DEL07-MG";"UOP02-DEL07-MG"
480186;2022-10-12;"quarta-feira";"02:00:00";"PB";230;508;"CAJAZEIRAS";"Acessar a via sem observar a presença dos outros veículos";"Saída de leito carroçável";"Com Vítimas Feridas";"Plena Noite";"Crescente";"Céu Claro";"Simples";"Curva";"Não";1;0;0;1;0;0;1;1;-6,8931;-38,5804;"SPRF-PB";"DEL03-PB";"UOP03-DEL03-PB"
480187;2022-10-12;"quarta-feira";"07:50:00";"MG";40;457;"CAETANOPOLIS";"Demais falhas mecânicas ou elétricas";"Queda de ocupante de veículo";"Com Vítimas Feridas";"Pleno dia";"Decrescente";"Sol";"Dupla";"Reta";"Não";2;0;0;2;0;0;2;1;-19,371466;-44,336132;"SPRF-MG";"DEL02-MG";"UOP01-DEL02-MG"
480189;2022-10-12;"quarta-feira";"07:25:00";"PR";476;130;"CURITIBA";"Reação tardia ou ineficiente do condutor";"Colisão traseira";"Com Vítimas Feridas";"Pleno dia";"Crescente";"Chuva";"Múltipla";"Reta";"Sim";2;0;1;0;1;0;1;2;-25,449564;-49,236427;"SPRF-PR";"DEL01-PR";"UOP01-DEL01-PR"
480190;2022-10-12;"quarta-feira";"07:00:00";"SC";101;338;"TUBARAO";"Avarias e/ou desgaste excessivo no pneu";"Colisão com objeto";"Com Vítimas Feridas";"Pleno dia";"Decrescente";"Nublado";"Dupla";"Reta";"Sim";1;0;1;0;0;0;1;1;-28,485725;-49,03726;"SPRF-SC";"DEL02-SC";"UOP01-DEL02-SC"
480191;2022-10-12;"quarta-feira";"08:20:00";"RJ";116;234;"PIRAI";"Ausência de reação do condutor";"Tombamento";"Com Vítimas Feridas";"Pleno dia";"Decrescente";"Nevoeiro/Neblina";"Múltipla";"Curva";"Não";2;0;1;0;1;0;1;1;-22,66585824;-43,8398695;"SPRF-RJ";"DEL07-RJ";"UOP01-DEL07-RJ"
480192;2022-10-12;"quarta-feira";"06:15:00";"AC";364;120;"RIO BRANCO";"Acessar a via sem observar a presença dos outros veículos";"Colisão transversal";"Com Vítimas Feridas";"Pleno dia";"Decrescente";"Céu Claro";"Simples";"Reta";"Não";2;0;2;0;0;0;2;2;-10,01226643;-67,75533501;"SPRF-AC";"DEL01-AC";"UOP01-DEL01-AC"
480193;2022-10-12;"quarta-feira";"05:20:00";"RJ";101;433;"MANGARATIBA";"Transitar na contramão";"Colisão frontal";"Com Vítimas Feridas";"Amanhecer";"Crescente";"Nublado";"Simples";"Desvio Temporário;Rotatória";"Sim";6;0;5;0;1;0;5;2;-22,93842518;-44,03644001;"SPRF-RJ";"DEL03-RJ";"UOP02-DEL03-RJ"
480194;2022-10-12;"quarta-feira";"08:30:00";"ES";259;81,4;"COLATINA";"Velocidade Incompatível";"Tombamento";"Com Vítimas Feridas";"Pleno dia";"Decrescente";"Sol";"Simples";"Reta";"Não";1;0;0;1;0;0;1;1;-19,51454372;-40,84212287;"SPRF-ES";"DEL02-ES";"UOP01-DEL02-ES"
480196;2022-10-12;"quarta-feira";"07:40:00";"PE";408;69,5;"PAUDALHO";"Transitar no acostamento";"Colisão traseira";"Com Vítimas Fatais";"Pleno dia";"Crescente";"Céu Claro";"Dupla";"Reta";"Não";2;1;1;0;0;0;1;2;-7,87169406;-35,19398501;"SPRF-PE";"DEL01-PE";"UOP01-DEL01-PE"
480197;2022-10-12;"quarta-feira";"07:15:00";"SP";116;77,9;"ROSEIRA";"Frear bruscamente";"Colisão lateral mesmo sentido";"Com Vítimas Feridas";"Pleno dia";"Crescente";"Sol";"Dupla";"Reta";"Não";3;0;0;1;2;0;1;3;-22,8917135;-45,29111624;"SPRF-SP";"DEL08-SP";"UOP01-DEL08-SP"
480198;2022-10-12;"quarta-feira";"09:05:00";"SP";116;500;"CAJATI";"Acumulo de água sobre o pavimento";"Saída de leito carroçável";"Com Vítimas Feridas";"Pleno dia";"Crescente";"Chuva";"Simples";"Reta";"Não";2;0;1;0;1;0;1;1;-24,78162109;-48,18342711;"SPRF-SP";"DEL05-SP";"UOP02-DEL05-SP"
480199;2022-10-12;"quarta-feira";"09:20:00";"MG";40;630,8;"CONSELHEIRO LAFAIETE";"Conversão proibida";"Colisão transversal";"Com Vítimas Feridas";"Pleno dia";"Crescente";"Sol";"Simples";"Interseção de Vias;Declive;Reta";"Sim";3;0;0;1;1;1;1;3;-20,66916436;-43,8018203;"SPRF-MG";"DEL05-MG";"UOP02-DEL05-MG"
480200;2022-10-12;"quarta-feira";"08:00:00";"SC";470;122,2;"IBIRAMA";"Condutor Dormindo";"Saída de leito carroçável";"Com Vítimas Feridas";"Pleno dia";"Crescente";"Nublado";"Simples";"Reta;Aclive";"Não";1;0;1;0;0;0;1;1;-27,10169225;-49,52619553;"SPRF-SC";"DEL04-SC";"UOP02-DEL04-SC"
480201;2022-10-12;"quarta-feira";"09:20:00";"PB";101;105,7;"ALHANDRA";"Condutor deixou de manter distância do veículo da frente";"Colisão lateral mesmo sentido";"Com Vítimas Feridas";"Pleno dia";"Decrescente";"Céu Claro";"Dupla";"Curva";"Não";2;0;1;0;1;0;1;2;-7,30814609;-34,94344185;"SPRF-PB";"DEL01-PB";"UOP02-DEL01-PB"
480202;2022-09-25;"domingo";"21:20:00";"PE";232;253;"ARCOVERDE";"Ingestão de álcool e/ou substâncias psicoativas pelo pedestre";"Atropelamento de Pedestre";"Com Vítimas Fatais";"Plena Noite";"Decrescente";"Céu Claro";"Simples";"Reta";"Não";2;1;0;0;1;0;0;2;-8,42522112;-37,07235809;"SPRF-PE";"DEL04-PE";"UOP02-DEL04-PE"
480204;2022-10-12;"quarta-feira";"10:10:00";"RS";392;26,5;"RIO GRANDE";"Transitar na contramão";"Colisão lateral sentido oposto";"Com Vítimas Feridas";"Pleno dia";"Crescente";"Nublado";"Dupla";"Reta";"Sim";2;0;1;0;1;0;1;2;-32,07835445;-52,25665029;"SPRF-RS";"DEL07-RS";"UOP02-DEL07-RS"
480205;2022-10-12;"quarta-feira";"09:30:00";"PR";476;111,1;"COLOMBO";"Velocidade Incompatível";"Saída de leito carroçável";"Com Vítimas Feridas";"Pleno dia";"Crescente";"Garoa/Chuvisco";"Simples";"Curva";"Não";1;0;1;0;0;0;1;1;-25,314938;-49,154057;"SPRF-PR";"DEL01-PR";"UOP01-DEL01-PR"
480206;2022-10-01;"sábado";"02:00:00";"PE";101;14;"GOIANA";"Animais na Pista";"Queda de ocupante de veículo";"Com Vítimas Feridas";"Plena Noite";"Decrescente";"Céu Claro";"Dupla";"Reta";"Não";1;0;1;0;0;0;1;1;-7,61812802;-34,97114978;"SPRF-PE";"DEL01-PE";"UOP02-DEL01-PE"
480207;2022-10-12;"quarta-feira";"10:45:00";"PR";116;39;"CAMPINA GRANDE DO SUL";"Chuva";"Saída de leito carroçável";"Com Vítimas Feridas";"Pleno dia";"Crescente";"Chuva";"Simples";"Curva";"Não";2;0;1;0;1;0;1;1;-25,160711;-48,862125;"SPRF-PR";"DEL01-PR";"UOP02-DEL01-PR"