"id";"data_inversa";"dia_semana";"horario";"uf";"br";"km";"municipio";"causa_acidente";"tipo_acidente";"classificacao_acidente";"fase_dia";"sentido_via";"condicao_metereologica";"tipo_pista";"tracado_via";"uso_solo";"pessoas";"mortos";"feridos_leves";"feridos_graves";"ilesos";"ignorados";"feridos";"veiculos";"latitude";"longitude";"regional";"delegacia";"uop"
480208;2022-10-12;"quarta-feira";"09:00:00";"MS";262;471,7;"ANASTACIO";"Ultrapassagem Indevida";"Colisão com objeto";"Com Vítimas Feridas";"Pleno dia";"Crescente";"Céu Claro";"Simples";"Reta";"Não";3;0;2;0;0;1;2;2;-20,51050476;-55,64403198;"SPRF-MS";"DEL03-MS";"UOP01-DEL03-MS"
480209;2022-10-12;"quarta-feira";"10:30:00";"SP";116;70,5;"APARECIDA";"Ausência de reação do condutor";"Colisão traseira";"Com Vítimas Feridas";"Pleno dia";"Crescente";"Céu Claro";"Dupla";"Reta";"Sim";4;0;2;0;2;0;2;3;-22,84852898;-45,22705084;"SPRF-SP";"DEL08-SP";"UOP01-DEL08-SP"
480210;2022-10-12;"quarta-feira";"09:00:00";"RJ";493;20;"MAGE";"Reação tardia ou ineficiente do condutor";"Colisão transversal";"Com Vítimas Feridas";"Pleno dia";"Crescente";"Nublado";"Simples";"Reta";"Sim";2;0;1;0;1;0;1;2;-22,6635689;-43,0332979;"SPRF-RJ";"DEL04-RJ";"UOP02-DEL04-RJ"
480211;2022-10-12;"quarta-feira";"10:10:00";"GO";60;444;"JATAI";"Reação tardia ou ineficiente do condutor";"Colisão com objeto";"Sem Vítimas";"Pleno dia";"Crescente";"Céu Claro";"Dupla";"Reta";"Não";1;0;0;0;0;1;0;1;-17,8449;-51,4691;"SPRF-GO";"DEL05-GO";"UOP01-DEL05-GO"
480212;2022-10-12;"quarta-feira";"11:27:00";"RJ";101;19;"CAMPOS DOS GOYTACAZES";"Acessar a via sem observar a presença dos outros veículos";"Colisão transversal";"Com Vítimas Feridas";"Pleno dia";"Decrescente";"Sol";"Simples";"Curva";"Sim";2;0;1;0;1;0;1;2;-21,37421125;-41,34253394;"SPRF-RJ";"DEL08-RJ";"UOP01-DEL08-RJ"
480213;2022-10-12;"quarta-feira";"10:45:00";"SP";116;98;"PINDAMONHANGABA";"Reação tardia ou ineficiente do condutor";"Engavetamento";"Com Vítimas Feridas";"Pleno dia";"Crescente";"Céu Claro";"Dupla";"Reta";"Não";6;0;1;0;5;0;1;5;-22,97805164;-45,45583318;"SPRF-SP";"DEL08-SP";"UOP01-DEL08-SP"
480215;2022-10-12;"quarta-feira";"10:55:00";"BA";418;107;"NOVA VICOSA";"Reação tardia ou ineficiente do condutor";"Colisão traseira";"Com Vítimas Feridas";"Pleno dia";"Decrescente";"Céu Claro";"Simples";"Reta";"Sim";2;0;0;1;1;0;1;2;-17,89663273;-40,02742396;"SPRF-BA";"DEL09-BA";"UOP02-DEL09-BA"
480218;2022-10-12;"quarta-feira";"11:40:00";"DF";251;44;"BRASILIA";"Demais falhas mecânicas ou elétricas";"Queda de ocupante de veículo";"Com Vítimas Feridas";"Pleno dia";"Crescente";"Céu Claro";"Simples";"Reta";"Não";2;0;2;0;0;0;2;1;-15,948113;-47,845235;"SPRF-DF";"DEL01-DF";"UOP01-DEL01-DF"
480219;2022-10-12;"quarta-feira";"11:30:00";"MG";40;469;"SETE LAGOAS";"Ausência de reação do condutor";"Saída de leito carroçável";"Com Vítimas Feridas";"Pleno dia";"Decrescente";"Céu Claro";"Dupla";"Reta";"Não";2;0;2;0;0;0;2;1;-19,46099279;-44,30121988;"SPRF-MG";"DEL02-MG";"UOP01-DEL02-MG"
480220;2022-10-12;"quarta-feira";"11:50:00";"MG";381;369;"SAO GONCALO DO RIO ABAIXO";"Transitar na contramão";"Colisão lateral sentido oposto";"Com Vítimas Feridas";"Pleno dia";"Crescente";"Céu Claro";"Simples";"Reta";"Não";7;0;2;0;5;0;2;2;-19,85129538;-43,29305902;"SPRF-MG";"DEL03-MG";"UOP01-DEL03-MG"
480221;2022-10-10;"segunda-feira";"21:00:00";"RS";386;342,4;"LAJEADO";"Ausência de reação do condutor";"Saída de leito carroçável";"Sem Vítimas";"Plena Noite";"Crescente";"Garoa/Chuvisco";"Simples";"Curva";"Sim";1;0;0;0;0;1;0;1;-29,431631;-52,011932;"SPRF-RS";"DEL04-RS";"UOP01-DEL04-RS"
480222;2022-10-12;"quarta-feira";"12:42:00";"MG";381;717;"CARMO DA CACHOEIRA";"Acumulo de areia ou detritos sobre o pavimento";"Colisão com objeto";"Com Vítimas Feridas";"Pleno dia";"Crescente";"Céu Claro";"Dupla";"Curva;Declive";"Não";1;0;1;0;0;0;1;1;-21,43704005;-45,20756491;"SPRF-MG";"DEL04-MG";"UOP02-DEL04-MG"
480224;2022-10-12;"quarta-feira";"12:15:00";"PR";116;40,5;"CAMPINA GRANDE DO SUL";"Velocidade Incompatível";"Tombamento";"Com Vítimas Feridas";"Pleno dia";"Decrescente";"Chuva";"Dupla";"Reta";"Não";3;0;2;0;1;0;2;2;-25,16445203;-48,86237697;"SPRF-PR";"DEL01-PR";"UOP02-DEL01-PR"
480225;2022-10-02;"domingo";"12:00:00";"PE";232;116,7;"CARUARU";"Pista em desnível";"Saída de leito carroçável";"Com Vítimas Feridas";"Pleno dia";"Crescente";"Céu Claro";"Dupla";"Reta";"Não";2;0;2;0;0;0;2;1;-8,2970005;-35,86666391;"SPRF-PE";"DEL02-PE";"UOP01-DEL02-PE"
480227;2022-10-12;"quarta-feira";"13:00:00";"PE";408;104,7;"JABOATAO DOS GUARARAPES";"Velocidade Incompatível";"Colisão traseira";"Com Vítimas Fatais";"Pleno dia";"Crescente";"Céu Claro";"Dupla";"Viaduto";"Sim";5;2;2;0;0;1;2;3;-8,074356;-34,992336;"SPRF-PE";"DEL01-PE";"UOP01-DEL01-PE"
480228;2022-10-12;"quarta-feira";"13:00:00";"BA";235;352,6;"JUAZEIRO";"Desrespeitar a preferência no cruzamento";"Colisão transversal";"Com Vítimas Feridas";"Pleno dia";"Crescente";"Céu Claro";"Dupla";"Interseção de Vias";"Sim";2;0;1;0;1;0;1;2;-9,42503135;-40,50388907;"SPRF-BA";"DEL04-BA";"UOP01-DEL04-BA"
480230;2022-10-12;"quarta-feira";"13:40:00";"MG";40;544,8;"NOVA LIMA";"Avarias e/ou desgaste excessivo no pneu";"Engavetamento";"Com Vítimas Feridas";"Pleno dia";"Crescente";"Céu Claro";"Dupla";"Declive;Curva";"Sim";7;0;3;1;3;0;4;3;-20,00670404;-43,96418668;"SPRF-MG";"DEL01-MG";"UOP02-DEL01-MG"
480231;2022-10-12;"quarta-feira";"08:30:00";"SP";116;86,7;"PINDAMONHANGABA";"Reação tardia ou ineficiente do condutor";"Tombamento";"Com Vítimas Feridas";"Pleno dia";"Decrescente";"Céu Claro";"Dupla";"Reta";"Sim";1;0;1;0;0;0;1;1;-22,92639476;-45,35307511;"SPRF-SP";"DEL08-SP";"UOP01-DEL08-SP"
480234;2022-10-12;"quarta-feira";"09:30:00";"MA";135;67;"SANTA RITA";"Ausência de reação do condutor";"Saída de leito carroçável";"Com Vítimas Fatais";"Pleno dia";"Crescente";"Céu Claro";"Simples";"Reta";"Não";1;1;0;0;0;0;0;1;-3,11481199;-44,32344911;"SPRF-MA";"DEL01-MA";"UOP02-DEL01-MA"
480235;2022-10-12;"quarta-feira";"12:20:00";"MG";381;478;"CONTAGEM";"Ausência de reação do condutor";"Colisão traseira";"Com Vítimas Feridas";"Plena Noite";"Decrescente";"Sol";"Dupla";"Reta";"Sim";4;0;2;0;1;1;2;3;-19,95826094;-44,05921101;"SPRF-MG";"DEL01-MG";"UOP03-DEL01-MG"
480236;2022-10-12;"quarta-feira";"10:00:00";"MT";364;616;"DIAMANTINO";"Acessar a via sem observar a presença dos outros veículos";"Colisão transversal";"Com Vítimas Feridas";"Pleno dia";"Crescente";"Nublado";"Simples";"Reta";"Não";5;0;5;0;0;0;5;2;-14,41265809;-56,31584805;"SPRF-MT";"DEL01-MT";"UOP01-DEL01-MT"
480239;2022-10-12;"quarta-feira";"14:20:00";"PR";476;140;"CURITIBA";"Reação tardia ou ineficiente do condutor";"Colisão com objeto";"Com Vítimas Feridas";"Pleno dia";"Decrescente";"Nublado";"Múltipla";"Reta";"Sim";2;0;1;0;1;0;1;2;-25,5258472;-49,2969359;"SPRF-PR";"DEL01-PR";"UOP03-DEL01-PR"
480240;2022-10-12;"quarta-feira";"12:30:00";"RJ";101;387;"RIO DE JANEIRO";"Manobra de mudança de faixa";"Capotamento";"Com Vítimas Feridas";"Pleno dia";"Decrescente";"Céu Claro";"Dupla";"Reta";"Sim";1;0;0;1;0;0;1;1;-22,88537839;-43,64965688;"SPRF-RJ";"DEL03-RJ";"UOP01-DEL03-RJ"
480241;2022-09-28;"quarta-feira";"14:30:00";"MG";381;815;"CAREACU";"Pista Escorregadia";"Saída de leito carroçável";"Com Vítimas Feridas";"Pleno dia";"Decrescente";"Chuva";"Dupla";"Reta";"Não";2;0;2;0;0;0;2;1;-22,08771284;-45,70503017;"SPRF-MG";"DEL16-MG";"UOP02-DEL16-MG"
480243;2022-10-12;"quarta-feira";"15:00:00";"PR";153;39,7;"SANTO ANTONIO DA PLATINA";"Acessar a via sem observar a presença dos outros veículos";"Colisão transversal";"Com Vítimas Feridas";"Pleno dia";"Decrescente";"Céu Claro";"Simples";"Reta";"Não";3;0;0;1;2;0;1;2;-23,27231767;-50,05734289;"SPRF-PR";"DEL07-PR";"UOP04-DEL07-PR"
480244;2022-10-12;"quarta-feira";"14:50:00";"SC";101;209,8;"SAO JOSE";"Reação tardia ou ineficiente do condutor";"Colisão traseira";"Com Vítimas Feridas";"Pleno dia";"Decrescente";"Nublado";"Múltipla";"Reta;Aclive";"Sim";2;0;0;1;1;0;1;2;-27,61000542;-48,63895057;"SPRF-SC";"DEL01-SC";"UOP01-DEL01-SC"
480245;2022-10-12;"quarta-feira";"12:50:00";"SC";101;379,6;"ICARA";"Mal súbito do condutor";"Atropelamento de Pedestre";"Com Vítimas Feridas";"Pleno dia";"Decrescente";"Nublado";"Múltipla";"Curva";"Sim";3;0;2;0;1;0;2;2;-28,74651646;-49,2599038;"SPRF-SC";"DEL02-SC";"UOP02-DEL02-SC"
480246;2022-10-12;"quarta-feira";"15:00:00";"SP";116;366;"MIRACATU";"Condutor Dormindo";"Saída de leito carroçável";"Com Vítimas Feridas";"Pleno dia";"Crescente";"Nublado";"Dupla";"Curva";"Não";1;0;0;1;0;0;1;1;-24,14329764;-47,28459396;"SPRF-SP";"DEL04-SP";"UOP02-DEL04-SP"
480247;2022-10-12;"quarta-feira";"13:56:00";"MS";262;469,5;"ANASTACIO";"Chuva";"Saída de leito carroçável";"Com Vítimas Feridas";"Pleno dia";"Decrescente";"Chuva";"Simples";"Reta";"Não";2;0;1;0;1;0;1;1;-20,513675;-55,616027;"SPRF-MS";"DEL03-MS";"UOP01-DEL03-MS"
480248;2022-10-12;"quarta-feira";"15:15:00";"PR";476;157,7;"ARAUCARIA";"Acessar a via sem observar a presença dos outros veículos";"Colisão transversal";"Com Vítimas Feridas";"Pleno dia";"Crescente";"Céu Claro";"Simples";"Reta";"Sim";2;0;1;0;1;0;1;2;-25,60604026;-49,42098733;"SPRF-PR";"DEL01-PR";"UOP03-DEL01-PR"
480250;2022-10-12;"quarta-feira";"12:09:00";"RS";116;506,5;"PELOTAS";"Ausência de reação do condutor";"Saída de leito carroçável";"Com Vítimas Feridas";"Pleno dia";"Decrescente";"Céu Claro";"Dupla";"Reta";"Não";1;0;0;1;0;0;1;1;-31,59540811;-52,2869939;"SPRF-RS";"DEL07-RS";"UOP01-DEL07-RS"
480252;2022-10-12;"quarta-feira";"16:10:00";"PR";376;177;"MARINGA";"Pedestre cruzava a pista fora da faixa";"Atropelamento de Pedestre";"Com Vítimas Feridas";"Pleno dia";"Decrescente";"Garoa/Chuvisco";"Múltipla";"Reta";"Sim";2;0;1;0;1;0;1;2;-23,41595855;-51,92226484;"SPRF-PR";"DEL09-PR";"UOP01-DEL09-PR"
480254;2022-10-12;"quarta-feira";"15:30:00";"BA";110;358;"CATU";"Velocidade Incompatível";"Colisão frontal";"Com Vítimas Feridas";"Pleno dia";"Crescente";"Chuva";"Simples";"Curva";"Não";6;0;2;4;0;0;6;2;-12,350737;-38,38946693;"SPRF-BA";"DEL01-BA";"UOP04-DEL01-BA"
480255;2022-10-11;"terça-feira";"13:10:00";"PR";277;665;"MEDIANEIRA";"Velocidade Incompatível";"Saída de leito carroçável";"Sem Vítimas";"Pleno dia";"Decrescente";"Chuva";"Dupla";"Reta";"Não";1;0;0;0;1;0;0;1;-25,25599605;-54,03772597;"SPRF-PR";"DEL05-PR";"UOP02-DEL05-PR"
480257;2022-10-12;"quarta-feira";"17:20:00";"PB";101;82;"SANTA RITA";"Manobra de mudança de faixa";"Colisão lateral mesmo sentido";"Sem Vítimas";"Anoitecer";"Decrescente";"Céu Claro";"Dupla";"Reta";"Sim";2;0;0;0;1;1;0;2;-7,12508575;-34,94513217;"SPRF-PB";"DEL01-PB";"UOP01-DEL01-PB"
480259;2022-10-12;"quarta-feira";"16:10:00";"MG";40;564;"NOVA LIMA";"Demais falhas mecânicas ou elétricas";"Eventos atípicos";"Com Vítimas Feridas";"Pleno dia";"Decrescente";"Céu Claro";"Dupla";"Reta";"Não";2;0;1;0;1;0;1;2;-20,16086012;-43,96464349;"SPRF-MG";"DEL01-MG";"UOP02-DEL01-MG"
480261;2022-10-12;"quarta-feira";"17:10:00";"SP";381;53,1;"ATIBAIA";"Reação tardia ou ineficiente do condutor";"Colisão com objeto";"Com Vítimas Feridas";"Pleno dia";"Decrescente";"Nublado";"Dupla";"Reta";"Não";1;0;1;0;0;0;1;1;-23,23727986;-46,59981085;"SPRF-SP";"DEL03-SP";"UOP01-DEL03-SP"
480263;2022-10-12;"quarta-feira";"16:45:00";"PB";230;16;"JOAO PESSOA";"Reação tardia ou ineficiente do condutor";"Engavetamento";"Com Vítimas Feridas";"Pleno dia";"Crescente";"Céu Claro";"Dupla";"Reta";"Sim";7;0;1;0;6;0;1;4;-7,1121;-34,8426;"SPRF-PB";"DEL01-PB";"UOP01-DEL01-PB"
480264;2022-10-12;"quarta-feira";"16:30:00";"PR";476;128,5;"CURITIBA";"Demais falhas mecânicas ou elétricas";"Colisão lateral mesmo sentido";"Com Vítimas Feridas";"Pleno dia";"Decrescente";"Nublado";"Múltipla";"Reta;Declive";"Sim";2;0;1;0;1;0;1;2;-25,43995381;-49,23346271;"SPRF-PR";"DEL01-PR";"UOP01-DEL01-PR"
480265;2022-10-12;"quarta-feira";"17:00:00";"SP";381;85;"SAO PAULO";"Pista Escorregadia";"Colisão lateral mesmo sentido";"Sem Vítimas";"Pleno dia";"Crescente";"Garoa/Chuvisco";"Múltipla";"Reta";"Sim";2;0;0;0;1;1;0;2;-23,449343;-46,56983501;"SPRF-SP";"DEL03-SP";"UOP01-DEL03-SP"
480266;2022-10-12;"quarta-feira";"16:30:00";"PI";343;340;"TERESINA";"Ingestão de álcool e/ou substâncias psicoativas pelo pedestre";"Colisão traseira";"Sem Vítimas";"Pleno dia";"Decrescente";"Céu Claro";"Múltipla";"Interseção de Vias";"Sim";4;0;0;0;4;0;0;3;-5,077812;-42,744255;"SPRF-PI";"DEL01-PI";"UOP01-DEL01-PI"
480268;2022-10-12;"quarta-feira";"17:20:00";"BA";101;712;"EUNAPOLIS";"Velocidade Incompatível";"Tombamento";"Com Vítimas Feridas";"Pleno dia";"Decrescente";"Céu Claro";"Simples";"Aclive;Curva";"Não";2;0;1;1;0;0;2;1;-16,32386676;-39,58590746;"SPRF-BA";"DEL09-BA";"UOP01-DEL09-BA"
480269;2022-10-12;"quarta-feira";"17:30:00";"PR";116;16;"COLOMBO";"Ausência de reação do condutor";"Colisão traseira";"Com Vítimas Feridas";"Pleno dia";"Crescente";"Garoa/Chuvisco";"Dupla";"Reta";"Sim";5;0;2;0;2;1;2;3;-25,38916324;-49,19145584;"SPRF-PR";"DEL01-PR";"UOP02-DEL01-PR"
480270;2022-09-23;"sexta-feira";"06:05:00";"MG";153;133;"PRATA";"Ausência de reação do condutor";"Saída de leito carroçável";"Com Vítimas Feridas";"Amanhecer";"Decrescente";"Céu Claro";"Simples";"Declive";"Não";1;0;1;0;0;0;1;1;-19,50726701;-48,84613801;"SPRF-MG";"DEL15-MG";"UOP03-DEL15-MG"
480272;2022-09-06;"terça-feira";"17:45:00";"PE";232;7,9;"RECIFE";"Obras na pista";"Tombamento";"Com Vítimas Feridas";"Pleno dia";"Crescente";"Ignorado";"Dupla";"Reta";"Sim";1;0;1;0;0;0;1;1;-8,075742;-34,96949;"SPRF-PE";"DEL01-PE";"UOP01-DEL01-PE"
480273;2022-10-12;"quarta-feira";"16:40:00";"RJ";40;82;"PETROPOLIS";"Demais falhas mecânicas ou elétricas";"Incêndio";"Sem Vítimas";"Pleno dia";"Crescente";"Nevoeiro/Neblina";"Simples";"Reta";"Não";1;0;0;0;1;0;0;1;-22,51183137;-43,23076171;"SPRF-RJ";"DEL06-RJ";"UOP01-DEL06-RJ"
480274;2022-10-12;"quarta-feira";"17:00:00";"SP";116;282;"EMBU DAS ARTES";"Área urbana sem a presença de local apropriado para a travessia de pedestres";"Atropelamento de Pedestre";"Com Vítimas Feridas";"Anoitecer";"Decrescente";"Céu Claro";"Dupla";"Reta";"Sim";2;0;1;1;0;0;2;2;-23,68570216;-46,85970975;"SPRF-SP";"DEL04-SP";"UOP01-DEL04-SP"
480276;2022-10-12;"quarta-feira";"16:30:00";"MS";262;385,3;"TERENOS";"Reação tardia ou ineficiente do condutor";"Colisão traseira";"Sem Vítimas";"Pleno dia";"Decrescente";"Nublado";"Simples";"Reta";"Não";13;0;0;0;13;0;0;2;-20,43314091;-54,88175898;"SPRF-MS";"DEL01-MS";"UOP03-DEL01-MS"
480277;2022-10-12;"quarta-feira";"18:10:00";"GO";60;93;"ANAPOLIS";"Ausência de reação do condutor";"Colisão com objeto";"Sem Vítimas";"Plena Noite";"Decrescente";"Céu Claro";"Dupla";"Viaduto";"Não";1;0;0;0;0;1;0;1;-16,3538;-48,9268;"SPRF-GO";"DEL02-GO";"UOP01-DEL02-GO"
480278;2022-10-12;"quarta-feira";"18:40:00";"BA";324;608;"SALVADOR";"Ausência de reação do condutor";"Colisão com objeto";"Com Vítimas Feridas";"Plena Noite";"Crescente";"Garoa/Chuvisco";"Dupla";"Reta";"Não";1;0;1;0;0;0;1;1;-12,81182914;-38,40478762;"SPRF-BA";"DEL01-BA";"UOP01-DEL01-BA"
480280;2022-10-12;"quarta-feira";"17:15:00";"RJ";495;23;"PETROPOLIS";"Velocidade Incompatível";"Colisão com objeto";"Sem Vítimas";"Anoitecer";"Decrescente";"Céu Claro";"Simples";"Curva";"Não";1;0;0;0;0;1;0;1;-22,405434;-43,089981;"SPRF-RJ";"DEL06-RJ";"UOP01-DEL06-RJ"
480281;2022-10-12;"quarta-feira";"18:45:00";"SP";153;29,8;"NOVA GRANADA";"Ingestão de álcool pelo condutor";"Colisão traseira";"Com Vítimas Feridas";"Plena Noite";"Crescente";"Céu Claro";"Simples";"Reta";"Não";3;0;2;0;1;0;2;2;-20,52980796;-49,32976214;"SPRF-SP";"DEL09-SP";"UOP01-DEL09-SP"
480282;2022-10-12;"quarta-feira";"18:50:00";"SP";101;51;"UBATUBA";"Acessar a via sem observar a presença dos outros veículos";"Colisão transversal";"Com Vítimas Feridas";"Plena Noite";"Crescente";"Céu Claro";"Simples";"Reta";"Sim";2;0;1;0;1;0;1;2;-23,456964;-45,070448;"SPRF-SP";"DEL06-SP";"UOP01-DEL06-SP"
480285;2022-09-28;"quarta-feira";"16:39:00";"PE";232;508;"SALGUEIRO";"Conversão proibida";"Colisão lateral mesmo sentido";"Com Vítimas Feridas";"Anoitecer";"Crescente";"Céu Claro";"Simples";"Reta";"Sim";2;0;1;0;1;0;1;2;-8,06223271;-39,12095006;"SPRF-PE";"DEL05-PE";"UOP01-DEL05-PE"
480287;2022-10-12;"quarta-feira";"18:45:00";"SC";470;176;"POUSO REDONDO";"Ingestão de álcool pelo condutor";"Colisão traseira";"Sem Vítimas";"Anoitecer";"Decrescente";"Céu Claro";"Simples";"Declive;Reta";"Não";2;0;0;0;2;0;0;2;-27,254238;-49,948658;"SPRF-SC";"DEL04-SC";"UOP02-DEL04-SC"
480290;2022-10-12;"quarta-feira";"19:40:00";"SC";470;62;"INDAIAL";"Velocidade Incompatível";"Colisão com objeto";"Com Vítimas Feridas";"Plena Noite";"Crescente";"Céu Claro";"Simples";"Curva;Aclive;Em Obras";"Não";1;0;1;0;0;0;1;1;-26,874521;-49,182938;"SPRF-SC";"DEL04-SC";"UOP01-DEL04-SC"
480292;2022-10-12;"quarta-feira";"17:10:00";"CE";222;306,3;"TIANGUA";"Pista Escorregadia";"Tombamento";"Com Vítimas Feridas";"Pleno dia";"Crescente";"Nublado";"Simples";"Reta";"Não";1;0;1;0;0;0;1;1;-3,67476286;-40,96798113;"SPRF-CE";"DEL04-CE";"UOP02-DEL04-CE"
480293;2022-10-12;"quarta-feira";"21:05:00";"PR";369;127,9;"JATAIZINHO";"Ingestão de álcool pelo condutor";"Colisão traseira";"Com Vítimas Feridas";"Plena Noite";"Crescente";"Chuva";"Dupla";"Reta";"Não";2;0;0;1;1;0;1;2;-23,2691899;-50,9676924;"SPRF-PR";"DEL07-PR";"UOP01-DEL07-PR"
480294;2022-10-12;"quarta-feira";"20:20:00";"RS";116;63,7;"CAMPESTRE DA SERRA";"Reação tardia ou ineficiente do condutor";"Saída de leito carroçável";"Com Vítimas Feridas";"Plena Noite";"Crescente";"Céu Claro";"Simples";"Curva";"Não";2;0;1;0;1;0;1;1;-28,6632959;-51,0589724;"SPRF-RS";"DEL05-RS";"UOP03-DEL05-RS"
480296;2022-10-12;"quarta-feira";"20:40:00";"RS";386;397,8;"TRIUNFO";"Ausência de reação do condutor";"Saída de leito carroçável";"Sem Vítimas";"Plena Noite";"Decrescente";"Céu Claro";"Simples";"Reta";"Não";1;0;0;0;0;1;0;1;-29,738066;-51,624626;"SPRF-RS";"DEL04-RS";"NPF/DEL04-RS"
480297;2022-10-12;"quarta-feira";"21:45:00";"GO";153;506;"APARECIDA DE GOIANIA";"Acessar a via sem observar a presença dos outros veículos";"Colisão transversal";"Com Vítimas Feridas";"Plena Noite";"Crescente";"Céu Claro";"Dupla";"Retorno Regulamentado";"Sim";2;0;1;0;0;1;1;2;-16,7633;-49,24;"SPRF-GO";"DEL01-GO";"UOP01-DEL01-GO"
480298;2022-10-12;"quarta-feira";"19:30:00";"RJ";101;316;"SAO GONCALO";"Animais na Pista";"Atropelamento de Animal";"Com Vítimas Feridas";"Plena Noite";"Decrescente";"Céu Claro";"Dupla";"Reta";"Sim";2;0;2;0;0;0;2;1;-22,82835879;-43,09208739;"SPRF-RJ";"DEL02-RJ";"UOP02-DEL02-RJ"
480300;2022-10-12;"quarta-feira";"21:20:00";"MG";381;332;"NOVA ERA";"Ingestão de álcool pelo condutor";"Colisão frontal";"Com Vítimas Feridas";"Plena Noite";"Crescente";"Céu Claro";"Simples";"Curva";"Não";3;0;0;1;2;0;1;2;-19,79994695;-43,05451587;"SPRF-MG";"DEL03-MG";"UOP01-DEL03-MG"
480301;2022-10-12;"quarta-feira";"21:30:00";"RN";101;72,6;"EXTREMOZ";"Ingestão de álcool pelo condutor";"Colisão com objeto";"Sem Vítimas";"Plena Noite";"Crescente";"Céu Claro";"Simples";"Declive";"Não";1;0;0;0;1;0;0;1;-5,69866248;-35,26316835;"SPRF-RN";"DEL02-RN";"UOP01-DEL02-RN"
480302;2022-10-12;"quarta-feira";"19:58:00";"MA";10;321;"ACAILANDIA";"Ingestão de álcool pelo condutor";"Colisão transversal";"Com Vítimas Feridas";"Plena Noite";"Decrescente";"Céu Claro";"Simples";"Reta";"Sim";5;0;1;0;4;0;1;3;-4,943377;-47,503078;"SPRF-MA";"DEL04-MA";"UOP03-DEL04-MA"
480304;2022-10-12;"quarta-feira";"21:15:00";"RJ";101;382;"RIO DE JANEIRO";"Reação tardia ou ineficiente do condutor";"Colisão traseira";"Com Vítimas Feridas";"Plena Noite";"Decrescente";"Céu Claro";"Múltipla";"Reta";"Sim";3;0;1;0;1;1;1;2;-22,87265669;-43,60655915;"SPRF-RJ";"DEL03-RJ";"UOP01-DEL03-RJ"
480305;2022-10-12;"quarta-feira";"21:45:00";"PR";116;125;"FAZENDA RIO GRANDE";"Ausência de reação do condutor";"Colisão traseira";"Sem Vítimas";"Plena Noite";"Decrescente";"Nublado";"Dupla";"Reta";"Sim";2;0;0;0;1;1;0;2;-25,60389895;-49,31824423;"SPRF-PR";"DEL01-PR";"UOP03-DEL01-PR"
480306;2022-09-23;"sexta-feira";"07:15:00";"ES";101;67;"SAO MATEUS";"Acessar a via sem observar a presença dos outros veículos";"Saída de leito carroçável";"Com Vítimas Feridas";"Pleno dia";"Decrescente";"Sol";"Dupla";"Interseção de Vias";"Sim";4;0;1;0;0;3;1;3;-18,71867882;-39,86909688;"SPRF-ES";"DEL04-ES";"UOP02-DEL04-ES"
480307;2022-10-12;"quarta-feira";"22:15:00";"PR";369;127,8;"JATAIZINHO";"Acessar a via sem observar a presença dos outros veículos";"Colisão transversal";"Com Vítimas Feridas";"Plena Noite";"Crescente";"Chuva";"Dupla";"Reta;Retorno Regulamentado";"Não";3;0;1;0;2;0;1;2;-23,271127;-50,96617162;"SPRF-PR";"DEL07-PR";"UOP01-DEL07-PR"
480308;2022-10-12;"quarta-feira";"22:45:00";"BA";135;170;"BARREIRAS";"Avarias e/ou desgaste excessivo no pneu";"Queda de ocupante de veículo";"Com Vítimas Feridas";"Plena Noite";"Crescente";"Céu Claro";"Simples";"Reta";"Não";2;0;2;0;0;0;2;1;-12,10000435;-44,97691154;"SPRF-BA";"DEL08-BA";"UOP04-DEL08-BA"
480309;2022-10-12;"quarta-feira";"22:50:00";"PE";428;187,9;"PETROLINA";"Ingestão de álcool pelo condutor";"Colisão com objeto";"Com Vítimas Feridas";"Plena Noite";"Decrescente";"Céu Claro";"Dupla";"Rotatória;Curva";"Sim";1;0;0;1;0;0;1;1;-9,37499302;-40,48896432;"SPRF-PE";"DEL06-PE";"UOP01-DEL06-PE"
480311;2022-10-12;"quarta-feira";"22:50:00";"MG";365;610,5;"UBERLANDIA";"Ausência de reação do condutor";"Saída de leito carroçável";"Com Vítimas Feridas";"Plena Noite";"Crescente";"Céu Claro";"Dupla";"Reta";"Não";1;0;0;1;0;0;1;1;-18,92719422;-48,19526196;"SPRF-MG";"DEL15-MG";"UOP01-DEL15-MG"
480312;2022-10-12;"quarta-feira";"20:55:00";"PR";476;275,9;"SAO MATEUS DO SUL";"Velocidade Incompatível";"Colisão com objeto";"Com Vítimas Feridas";"Plena Noite";"Crescente";"Nublado";"Simples";"Curva;Ponte";"Sim";2;0;2;0;0;0;2;1;-25,87874056;-50,38462227;"SPRF-PR";"DEL02-PR";"UOP04-DEL02-PR"
480313;2022-10-12;"quarta-feira";"22:15:00";"SC";158;108;"CUNHA PORA";"Pista esburacada";"Colisão frontal";"Sem Vítimas";"Plena Noite";"Crescente";"Nevoeiro/Neblina";"Simples";"Reta";"Não";2;0;0;0;2;0;0;2;-26,879588;-53,172851;"SPRF-SC";"DEL07-SC";"UOP02-DEL07-SC"
480314;2022-10-11;"terça-feira";"21:00:00";"GO";60;397;"RIO VERDE";"Chuva";"Saída de leito carroçável";"Sem Vítimas";"Plena Noite";"Decrescente";"Chuva";"Dupla";"Reta";"Não";1;0;0;0;0;1;0;1;-17,8235;-51,0254;"SPRF-GO";"DEL04-GO";"UOP02-DEL04-GO"
480315;2022-10-12;"quarta-feira";"21:30:00";"PR";277;470,8;"NOVA LARANJEIRAS";"Ingestão de álcool pelo condutor";"Colisão traseira";"Com Vítimas Feridas";"Plena Noite";"Crescente";"Nublado";"Simples";"Reta";"Sim";2;0;1;1;0;0;2;2;-25,33085003;-52,50834713;"SPRF-PR";"DEL04-PR";"UOP02-DEL04-PR"