"id";"data_inversa";"dia_semana";"horario";"uf";"br";"km";"municipio";"causa_acidente";"tipo_acidente";"classificacao_acidente";"fase_dia";"sentido_via";"condicao_metereologica";"tipo_pista";"tracado_via";"uso_solo";"pessoas";"mortos";"feridos_leves";"feridos_graves";"ilesos";"ignorados";"feridos";"veiculos";"latitude";"longitude";"regional";"delegacia";"uop"
480316;2022-10-12;"quarta-feira";"22:20:00";"RO";319;56;"PORTO VELHO";"Ingestão de álcool pelo condutor";"Colisão traseira";"Sem Vítimas";"Plena Noite";"Crescente";"Chuva";"Simples";"Retorno Regulamentado";"Sim";3;0;0;0;3;0;0;2;-8,739714;-63,93214024;"SPRF-RO";"DEL01-RO";"UOP01-DEL01-RO"
480317;2022-10-12;"quarta-feira";"23:30:00";"SC";101;141;"BALNEARIO CAMBORIU";"Ingestão de álcool e/ou substâncias psicoativas pelo pedestre";"Colisão traseira";"Sem Vítimas";"Plena Noite";"Decrescente";"Nublado";"Dupla";"Curva";"Não";2;0;0;0;2;0;0;2;-27,04936849;-48,59778643;"SPRF-SC";"DEL04-SC";"UOP03-DEL04-SC"
480318;2022-10-12;"quarta-feira";"23:00:00";"GO";153;411;"PIRENOPOLIS";"Reação tardia ou ineficiente do condutor";"Saída de leito carroçável";"Com Vítimas Fatais";"Plena Noite";"Crescente";"Céu Claro";"Simples";"Reta";"Não";5;2;1;2;0;0;3;1;-16,12097051;-49,03806031;"SPRF-GO";"DEL02-GO";"UOP02-DEL02-GO"
480319;2022-10-12;"quarta-feira";"23:30:00";"SC";101;85;"BARRA VELHA";"Condutor Dormindo";"Saída de leito carroçável";"Sem Vítimas";"Plena Noite";"Crescente";"Nevoeiro/Neblina";"Múltipla";"Reta";"Não";1;0;0;0;1;0;0;1;-26,62840879;-48,70813584;"SPRF-SC";"DEL03-SC";"UOP02-DEL03-SC"
480321;2022-10-12;"quarta-feira";"22:20:00";"MG";262;442,5;"NOVA SERRANA";"Velocidade Incompatível";"Colisão traseira";"Com Vítimas Feridas";"Plena Noite";"Decrescente";"Céu Claro";"Dupla";"Aclive;Reta";"Sim";3;0;1;0;2;0;1;2;-19,8806236;-44,91232265;"SPRF-MG";"DEL08-MG";"UOP03-DEL08-MG"
480322;2022-10-12;"quarta-feira";"22:00:00";"BA";110;379;"CATU";"Demais falhas mecânicas ou elétricas";"Capotamento";"Com Vítimas Feridas";"Plena Noite";"Crescente";"Céu Claro";"Simples";"Curva";"Não";2;0;2;0;0;0;2;1;-12,44136496;-38,47474858;"SPRF-BA";"DEL01-BA";"UOP01-DEL01-BA"
480323;2022-10-12;"quarta-feira";"23:10:00";"SC";470;80,2;"RODEIO";"Transitar na contramão";"Colisão frontal";"Com Vítimas Feridas";"Plena Noite";"Crescente";"Garoa/Chuvisco";"Simples";"Ponte";"Não";3;0;0;3;0;0;3;2;-26,948805;-49,316097;"SPRF-SC";"DEL04-SC";"UOP01-DEL04-SC"
480324;2022-10-13;"quinta-feira";"00:50:00";"PR";369;176,9;"ROLANDIA";"Ingestão de substâncias psicoativas pelo condutor";"Colisão frontal";"Com Vítimas Feridas";"Plena Noite";"Crescente";"Garoa/Chuvisco";"Dupla";"Reta";"Sim";3;0;1;1;1;0;2;2;-23,32305138;-51,38427537;"SPRF-PR";"DEL07-PR";"UOP01-DEL07-PR"
480326;2022-10-13;"quinta-feira";"00:10:00";"PR";476;124;"CURITIBA";"Transitar na contramão";"Saída de leito carroçável";"Com Vítimas Feridas";"Plena Noite";"Crescente";"Nublado";"Múltipla";"Reta";"Sim";6;0;5;0;0;1;5;3;-25,399845;-49,215855;"SPRF-PR";"DEL01-PR";"UOP01-DEL01-PR"
480327;2022-10-13;"quinta-feira";"00:35:00";"RJ";116;315;"RESENDE";"Acessar a via sem observar a presença dos outros veículos";"Colisão com objeto";"Com Vítimas Feridas";"Plena Noite";"Decrescente";"Nublado";"Dupla";"Curva";"Não";4;0;0;1;3;0;1;1;-22,46301346;-44,48160416;"SPRF-RJ";"DEL07-RJ";"UOP02-DEL07-RJ"
480328;2022-10-12;"quarta-feira";"22:45:00";"MS";262;514,3;"ANASTACIO";"Manobra de mudança de faixa";"Colisão lateral sentido oposto";"Com Vítimas Feridas";"Pleno dia";"Crescente";"Nublado";"Simples";"Reta";"Não";5;0;0;1;4;0;1;2;-20,43864388;-56,02555292;"SPRF-MS";"DEL03-MS";"UOP01-DEL03-MS"
480329;2022-10-13;"quinta-feira";"00:20:00";"PR";376;430;"TIBAGI";"Ingestão de álcool pelo condutor";"Colisão lateral mesmo sentido";"Sem Vítimas";"Plena Noite";"Crescente";"Nublado";"Dupla";"Reta";"Não";2;0;0;0;1;1;0;2;-24,73904076;-50,53758938;"SPRF-PR";"DEL03-PR";"UOP02-DEL03-PR"
480331;2022-10-13;"quinta-feira";"01:32:00";"SP";116;102;"PINDAMONHANGABA";"Ausência de reação do condutor";"Colisão com objeto";"Com Vítimas Feridas";"Plena Noite";"Decrescente";"Céu Claro";"Dupla";"Reta";"Não";2;0;2;0;0;0;2;1;-22,99497994;-45,48951403;"SPRF-SP";"DEL08-SP";"UOP01-DEL08-SP"
480333;2022-10-13;"quinta-feira";"02:25:00";"RJ";493;25,8;"MAGE";"Ingestão de álcool pelo condutor";"Queda de ocupante de veículo";"Com Vítimas Feridas";"Plena Noite";"Crescente";"Céu Claro";"Simples";"Curva";"Não";2;0;2;0;0;0;2;1;-22,65579924;-43,08940887;"SPRF-RJ";"DEL04-RJ";"UOP02-DEL04-RJ"
480336;2022-10-13;"quinta-feira";"00:40:00";"SC";101;127,5;"ITAJAI";"Condutor deixou de manter distância do veículo da frente";"Colisão traseira";"Com Vítimas Feridas";"Plena Noite";"Crescente";"Céu Claro";"Dupla";"Reta";"Não";2;0;1;0;0;1;1;2;-26,9639319;-48,68328024;"SPRF-SC";"DEL04-SC";"UOP04-DEL04-SC"
480337;2022-10-13;"quinta-feira";"04:35:00";"MG";116;275;"TEOFILO OTONI";"Ingestão de álcool pelo condutor";"Colisão traseira";"Sem Vítimas";"Amanhecer";"Decrescente";"Céu Claro";"Simples";"Reta";"Sim";2;0;0;0;2;0;0;2;-17,84235093;-41,51410418;"SPRF-MG";"DEL11-MG";"UOP01-DEL11-MG"
480338;2022-10-13;"quinta-feira";"04:50:00";"SP";381;87;"GUARULHOS";"Acessar a via sem observar a presença dos outros veículos";"Colisão transversal";"Com Vítimas Feridas";"Pleno dia";"Crescente";"Céu Claro";"Dupla";"Reta";"Não";2;0;1;0;1;0;1;2;-23,46885001;-46,56996601;"SPRF-SP";"DEL03-SP";"UOP01-DEL03-SP"
480339;2022-10-12;"quarta-feira";"20:45:00";"RO";364;579;"ITAPUA DO OESTE";"Ausência de reação do condutor";"Colisão transversal";"Sem Vítimas";"Plena Noite";"Decrescente";"Céu Claro";"Simples";"Reta";"Não";3;0;0;0;3;0;0;2;-9,40639392;-63,12436268;"SPRF-RO";"DEL01-RO";"UOP04-DEL01-RO"
480342;2022-10-13;"quinta-feira";"06:30:00";"PR";369;430,2;"JURANDA";"Condutor deixou de manter distância do veículo da frente";"Colisão traseira";"Com Vítimas Feridas";"Pleno dia";"Decrescente";"Nublado";"Simples";"Reta";"Não";2;0;1;0;1;0;1;2;-24,4538;-52,8507;"SPRF-PR";"DEL04-PR";"UOP03-DEL04-PR"
480343;2022-10-13;"quinta-feira";"06:00:00";"CE";116;40;"HORIZONTE";"Acessar a via sem observar a presença dos outros veículos";"Colisão transversal";"Com Vítimas Feridas";"Pleno dia";"Decrescente";"Sol";"Dupla";"Reta";"Sim";2;0;0;1;1;0;1;2;-4,09496999;-38,50351984;"SPRF-CE";"DEL01-CE";"UOP02-DEL01-CE"
480344;2022-10-13;"quinta-feira";"07:10:00";"PR";277;713;"SANTA TEREZINHA DE ITAIPU";"Reação tardia ou ineficiente do condutor";"Saída de leito carroçável";"Com Vítimas Feridas";"Amanhecer";"Crescente";"Céu Claro";"Dupla";"Reta";"Não";2;0;1;0;1;0;1;1;-25,46144154;-54,44010119;"SPRF-PR";"DEL05-PR";"UOP01-DEL05-PR"
480347;2022-10-13;"quinta-feira";"05:30:00";"RJ";356;82;"ITALVA";"Condutor Dormindo";"Saída de leito carroçável";"Com Vítimas Feridas";"Amanhecer";"Decrescente";"Céu Claro";"Dupla";"Curva";"Não";1;0;1;0;0;0;1;1;-21,47159367;-41,67334666;"SPRF-RJ";"DEL08-RJ";"UOP03-DEL08-RJ"
480348;2022-10-13;"quinta-feira";"07:00:00";"PR";373;181,7;"PONTA GROSSA";"Acesso irregular";"Colisão transversal";"Com Vítimas Feridas";"Pleno dia";"Decrescente";"Nublado";"Simples";"Reta";"Sim";3;0;1;0;2;0;1;2;-25,04266233;-50,25791089;"SPRF-PR";"DEL03-PR";"UOP01-DEL03-PR"
480349;2022-10-13;"quinta-feira";"06:30:00";"ES";101;229,9;"FUNDAO";"Retorno proibido";"Colisão transversal";"Com Vítimas Feridas";"Pleno dia";"Decrescente";"Sol";"Simples";"Aclive;Reta";"Sim";2;0;1;0;1;0;1;2;-19,93558165;-40,40603211;"SPRF-ES";"DEL02-ES";"UOP01-DEL02-ES"
480350;2022-10-12;"quarta-feira";"17:40:00";"MG";116;616,3;"ORIZANIA";"Demais falhas mecânicas ou elétricas";"Incêndio";"Com Vítimas Feridas";"Pleno dia";"Decrescente";"Sol";"Simples";"Reta";"Não";1;0;1;0;0;0;1;1;-20,45467943;-42,17170715;"SPRF-MG";"DEL07-MG";"UOP03-DEL07-MG"
480351;2022-10-13;"quinta-feira";"06:40:00";"RJ";116;310;"RESENDE";"Demais falhas mecânicas ou elétricas";"Tombamento";"Com Vítimas Feridas";"Pleno dia";"Crescente";"Céu Claro";"Dupla";"Reta";"Sim";2;0;2;0;0;0;2;1;-22,45923593;-44,434776;"SPRF-RJ";"DEL07-RJ";"UOP02-DEL07-RJ"
480352;2022-10-13;"quinta-feira";"05:50:00";"PR";277;32;"MORRETES";"Velocidade Incompatível";"Colisão com objeto";"Sem Vítimas";"Amanhecer";"Crescente";"Chuva";"Dupla";"Curva";"Não";1;0;0;0;1;0;0;1;-25,547373;-48,790559;"SPRF-PR";"DEL01-PR";"UOP05-DEL01-PR"
480353;2022-10-13;"quinta-feira";"06:50:00";"PR";116;113,2;"CURITIBA";"Trafegar com motocicleta (ou similar) entre as faixas";"Colisão traseira";"Com Vítimas Feridas";"Pleno dia";"Crescente";"Nublado";"Dupla";"Reta";"Sim";2;0;1;0;1;0;1;2;-25,54871109;-49,28516027;"SPRF-PR";"DEL01-PR";"UOP06-DEL01-PR"
480355;2022-10-13;"quinta-feira";"07:55:00";"SP";116;221;"GUARULHOS";"Manobra de mudança de faixa";"Colisão lateral mesmo sentido";"Com Vítimas Feridas";"Pleno dia";"Crescente";"Céu Claro";"Múltipla";"Reta";"Sim";2;0;1;0;1;0;1;2;-23,46802395;-46,50704901;"SPRF-SP";"DEL01-SP";"UOP01-DEL01-SP"
480356;2022-10-13;"quinta-feira";"07:50:00";"GO";60;96,5;"ANAPOLIS";"Manobra de mudança de faixa";"Colisão lateral mesmo sentido";"Com Vítimas Feridas";"Pleno dia";"Crescente";"Céu Claro";"Dupla";"Reta";"Sim";2;0;0;1;1;0;1;2;-16,371;-48,9422;"SPRF-GO";"DEL02-GO";"UOP01-DEL02-GO"
480357;2022-10-13;"quinta-feira";"07:45:00";"PR";116;116;"CURITIBA";"Manobra de mudança de faixa";"Colisão lateral mesmo sentido";"Com Vítimas Feridas";"Pleno dia";"Decrescente";"Céu Claro";"Múltipla";"Reta";"Sim";2;0;0;1;1;0;1;2;-25,55468195;-49,27402397;"SPRF-PR";"DEL01-PR";"UOP06-DEL01-PR"
480360;2022-10-10;"segunda-feira";"19:10:00";"PR";277;82;"CURITIBA";"Reação tardia ou ineficiente do condutor";"Colisão traseira";"Sem Vítimas";"Plena Noite";"Decrescente";"Nublado";"Dupla";"Reta";"Sim";3;0;0;0;3;0;0;3;-25,45297898;-49,22615826;"SPRF-PR";"DEL01-PR";"UOP01-DEL01-PR"
480361;2022-10-13;"quinta-feira";"08:05:00";"SC";101;117;"ITAJAI";"Ausência de reação do condutor";"Colisão traseira";"Com Vítimas Feridas";"Pleno dia";"Decrescente";"Garoa/Chuvisco";"Dupla";"Reta";"Sim";2;0;1;0;1;0;1;2;-26,88747187;-48,72252969;"SPRF-SC";"DEL04-SC";"UOP04-DEL04-SC"
480362;2022-10-13;"quinta-feira";"08:20:00";"RJ";116;169;"SAO JOAO DE MERITI";"Condutor deixou de manter distância do veículo da frente";"Engavetamento";"Sem Vítimas";"Pleno dia";"Decrescente";"Céu Claro";"Múltipla";"Reta";"Sim";5;0;0;0;5;0;0;4;-22,816206;-43,324463;"SPRF-RJ";"DEL01-RJ";"UOP02-DEL01-RJ"
480365;2022-10-13;"quinta-feira";"07:30:00";"MG";40;670;"CARANDAI";"Condutor Dormindo";"Colisão lateral mesmo sentido";"Com Vítimas Feridas";"Pleno dia";"Crescente";"Céu Claro";"Simples";"Curva";"Não";6;0;1;0;5;0;1;2;-20,9669552;-43,78631951;"SPRF-MG";"DEL05-MG";"UOP02-DEL05-MG"
480367;2022-10-13;"quinta-feira";"07:59:00";"RO";364;7;"VILHENA";"Reação tardia ou ineficiente do condutor";"Colisão transversal";"Com Vítimas Feridas";"Pleno dia";"Crescente";"Céu Claro";"Simples";"Reta";"Não";2;0;1;1;0;0;2;2;-12,77528271;-60,09343457;"SPRF-RO";"DEL04-RO";"UOP01-DEL04-RO"
480374;2022-10-13;"quinta-feira";"09:50:00";"PR";376;194,5;"MARIALVA";"Chuva";"Saída de leito carroçável";"Com Vítimas Feridas";"Pleno dia";"Crescente";"Chuva";"Múltipla";"Curva";"Não";1;0;0;1;0;0;1;1;-23,50026007;-51,76384001;"SPRF-PR";"DEL09-PR";"UOP01-DEL09-PR"
480375;2022-10-13;"quinta-feira";"09:08:00";"PI";343;294;"ALTOS";"Ausência de reação do condutor";"Colisão traseira";"Com Vítimas Fatais";"Pleno dia";"Crescente";"Céu Claro";"Simples";"Reta";"Não";4;1;0;0;2;1;0;4;-4,969937;-42,373695;"SPRF-PI";"DEL01-PI";"UOP03-DEL01-PI"
480376;2022-10-13;"quinta-feira";"10:45:00";"SC";101;190;"BIGUACU";"Demais falhas mecânicas ou elétricas";"Colisão com objeto";"Com Vítimas Feridas";"Pleno dia";"Crescente";"Nublado";"Dupla";"Curva";"Não";5;0;5;0;0;0;5;1;-27,468056;-48,641712;"SPRF-SC";"DEL01-SC";"UOP01-DEL01-SC"
480378;2022-10-13;"quinta-feira";"08:45:00";"PA";230;626;"VITORIA DO XINGU";"Demais falhas mecânicas ou elétricas";"Colisão traseira";"Sem Vítimas";"Pleno dia";"Crescente";"Céu Claro";"Simples";"Reta";"Não";4;0;0;0;4;0;0;2;-3,17127831;-52,12585398;"SPRF-PA";"DEL04-PA";"UOP01-DEL04-PA"
480379;2022-10-13;"quinta-feira";"08:15:00";"SC";282;537,9;"CHAPECO";"Velocidade Incompatível";"Saída de leito carroçável";"Com Vítimas Feridas";"Pleno dia";"Crescente";"Céu Claro";"Simples";"Aclive;Curva";"Não";2;0;2;0;0;0;2;1;-27,000534;-52,670695;"SPRF-SC";"DEL07-SC";"UOP01-DEL07-SC"
480383;2022-10-13;"quinta-feira";"11:20:00";"PB";230;26,7;"JOAO PESSOA";"Reação tardia ou ineficiente do condutor";"Colisão lateral mesmo sentido";"Com Vítimas Feridas";"Pleno dia";"Crescente";"Céu Claro";"Dupla";"Curva";"Sim";3;0;1;0;1;1;1;3;-7,1693;-34,8782;"SPRF-PB";"DEL01-PB";"UOP01-DEL01-PB"
480384;2022-10-13;"quinta-feira";"11:25:00";"MG";116;708,1;"MURIAE";"Condutor Dormindo";"Saída de leito carroçável";"Com Vítimas Feridas";"Pleno dia";"Decrescente";"Céu Claro";"Simples";"Curva";"Não";2;0;2;0;0;0;2;1;-21,16328873;-42,37968988;"SPRF-MG";"DEL07-MG";"UOP02-DEL07-MG"
480385;2022-08-18;"quinta-feira";"11:05:00";"RS";293;349,4;"SANTANA DO LIVRAMENTO";"Condutor Dormindo";"Saída de leito carroçável";"Com Vítimas Feridas";"Pleno dia";"Decrescente";"Céu Claro";"Simples";"Reta";"Não";1;0;0;1;0;0;1;1;-30,80979183;-55,60667893;"SPRF-RS";"DEL11-RS";"UOP01-DEL11-RS"
480387;2022-10-13;"quinta-feira";"12:00:00";"MG";381;891;"CAMBUI";"Ausência de reação do condutor";"Saída de leito carroçável";"Com Vítimas Feridas";"Pleno dia";"Crescente";"Céu Claro";"Dupla";"Reta";"Não";2;0;2;0;0;0;2;1;-22,59361712;-46,05563886;"SPRF-MG";"DEL16-MG";"UOP03-DEL16-MG"
480389;2022-10-13;"quinta-feira";"11:35:00";"PR";277;101;"CURITIBA";"Frear bruscamente";"Queda de ocupante de veículo";"Com Vítimas Feridas";"Pleno dia";"Decrescente";"Garoa/Chuvisco";"Dupla";"Reta";"Não";1;0;1;0;0;0;1;1;-25,4285736;-49,37962767;"SPRF-PR";"DEL01-PR";"UOP06-DEL01-PR"
480394;2022-10-13;"quinta-feira";"12:30:00";"MG";365;614;"UBERLANDIA";"Reação tardia ou ineficiente do condutor";"Queda de ocupante de veículo";"Com Vítimas Feridas";"Pleno dia";"Crescente";"Céu Claro";"Simples";"Curva";"Sim";1;0;1;0;0;0;1;1;-18,91163245;-48,22135985;"SPRF-MG";"DEL15-MG";"UOP01-DEL15-MG"
480396;2022-10-13;"quinta-feira";"12:30:00";"RJ";356;165,9;"SAO JOAO DA BARRA";"Reação tardia ou ineficiente do condutor";"Saída de leito carroçável";"Com Vítimas Feridas";"Pleno dia";"Crescente";"Céu Claro";"Simples";"Reta";"Não";1;0;0;1;0;0;1;1;-21,71058385;-41,13577366;"SPRF-RJ";"DEL08-RJ";"UOP02-DEL08-RJ"
480398;2022-10-13;"quinta-feira";"09:00:00";"MG";153;9,5;"ARAPORA";"Reação tardia ou ineficiente do condutor";"Saída de leito carroçável";"Com Vítimas Feridas";"Pleno dia";"Crescente";"Céu Claro";"Dupla";"Reta";"Não";1;0;1;0;0;0;1;1;-18,49690399;-49,18880024;"SPRF-MG";"DEL15-MG";"UOP03-DEL15-MG"
480403;2022-10-13;"quinta-feira";"14:10:00";"SP";116;142,1;"SAO JOSE DOS CAMPOS";"Condutor deixou de manter distância do veículo da frente";"Colisão traseira";"Com Vítimas Feridas";"Pleno dia";"Decrescente";"Sol";"Dupla";"Reta";"Sim";2;0;1;0;1;0;1;2;-23,17426078;-45,82940111;"SPRF-SP";"DEL02-SP";"UOP01-DEL02-SP"
480405;2022-10-13;"quinta-feira";"13:30:00";"RO";364;698;"PORTO VELHO";"Condutor Dormindo";"Saída de leito carroçável";"Com Vítimas Feridas";"Pleno dia";"Crescente";"Sol";"Dupla";"Curva";"Não";2;0;0;1;1;0;1;1;-8,80298977;-63,75179291;"SPRF-RO";"DEL01-RO";"UOP01-DEL01-RO"
480407;2022-10-13;"quinta-feira";"14:35:00";"PR";163;283;"MARECHAL CANDIDO RONDON";"Afundamento ou ondulação no pavimento";"Queda de ocupante de veículo";"Com Vítimas Feridas";"Pleno dia";"Crescente";"Nublado";"Simples";"Reta";"Não";1;0;1;0;0;0;1;1;-24,57864514;-53,99236214;"SPRF-PR";"DEL06-PR";"UOP02-DEL06-PR"
480408;2022-10-13;"quinta-feira";"14:20:00";"MG";50;57,5;"UBERLANDIA";"Condutor Dormindo";"Saída de leito carroçável";"Com Vítimas Feridas";"Pleno dia";"Decrescente";"Nublado";"Dupla";"Declive;Reta";"Não";1;0;1;0;0;0;1;1;-18,78608604;-48,23160008;"SPRF-MG";"DEL15-MG";"UOP02-DEL15-MG"
480410;2022-10-13;"quinta-feira";"15:10:00";"SP";116;223;"SAO PAULO";"Velocidade Incompatível";"Colisão traseira";"Com Vítimas Feridas";"Pleno dia";"Decrescente";"Céu Claro";"Múltipla";"Reta";"Sim";3;0;1;0;2;0;1;2;-23,47559815;-46,5246609;"SPRF-SP";"DEL01-SP";"UOP01-DEL01-SP"
480411;2022-10-13;"quinta-feira";"14:00:00";"RJ";40;109;"DUQUE DE CAXIAS";"Avarias e/ou desgaste excessivo no pneu";"Tombamento";"Com Vítimas Feridas";"Pleno dia";"Decrescente";"Céu Claro";"Múltipla";"Reta";"Sim";1;0;1;0;0;0;1;1;-22,67374628;-43,28638368;"SPRF-RJ";"DEL01-RJ";"UOP01-DEL01-RJ"
480412;2022-10-13;"quinta-feira";"14:50:00";"PR";376;408;"TIBAGI";"Reação tardia ou ineficiente do condutor";"Colisão com objeto";"Sem Vítimas";"Pleno dia";"Decrescente";"Chuva";"Dupla";"Declive;Curva";"Não";1;0;0;0;1;0;0;1;-24,60010424;-50,66602707;"SPRF-PR";"DEL03-PR";"UOP02-DEL03-PR"
480413;2022-10-13;"quinta-feira";"15:00:00";"SC";101;137,1;"BALNEARIO CAMBORIU";"Ausência de reação do condutor";"Tombamento";"Com Vítimas Feridas";"Pleno dia";"Crescente";"Nublado";"Dupla";"Reta";"Sim";1;0;0;1;0;0;1;1;-27,0157238;-48,61192763;"SPRF-SC";"DEL04-SC";"UOP03-DEL04-SC"
480414;2022-10-13;"quinta-feira";"14:40:00";"RS";470;158;"NOVA PRATA";"Acessar a via sem observar a presença dos outros veículos";"Colisão transversal";"Com Vítimas Feridas";"Pleno dia";"Crescente";"Nublado";"Simples";"Rotatória";"Não";3;0;1;0;2;0;1;2;-28,80586721;-51,60682934;"SPRF-RS";"DEL06-RS";"UOP02-DEL06-RS"
480415;2022-10-02;"domingo";"22:08:00";"MS";163;253,5;"DOURADOS";"Transitar na contramão";"Colisão frontal";"Com Vítimas Feridas";"Plena Noite";"Decrescente";"Céu Claro";"Dupla";"Reta";"Não";3;0;0;2;0;1;2;2;-22,274355;-54,819276;"SPRF-MS";"DEL04-MS";"UOP02-DEL04-MS"
480416;2022-10-13;"quinta-feira";"14:50:00";"PR";469;15;"FOZ DO IGUACU";"Entrada inopinada do pedestre";"Atropelamento de Pedestre";"Com Vítimas Feridas";"Pleno dia";"Crescente";"Nublado";"Simples";"Aclive;Curva";"Sim";3;0;1;0;2;0;1;2;-25,5813;-54,5315;"SPRF-PR";"DEL05-PR";"UOP04-DEL05-PR"
480417;2022-10-13;"quinta-feira";"15:50:00";"SE";235;53,8;"ITABAIANA";"Condutor deixou de manter distância do veículo da frente";"Colisão traseira";"Sem Vítimas";"Pleno dia";"Crescente";"Céu Claro";"Simples";"Reta";"Não";2;0;0;0;2;0;0;2;-10,676047;-37,443279;"SPRF-SE";"DEL01-SE";"UOP02-DEL01-SE"
480418;2022-10-13;"quinta-feira";"15:20:00";"PB";101;95;"CONDE";"Ausência de reação do condutor";"Colisão traseira";"Sem Vítimas";"Pleno dia";"Crescente";"Céu Claro";"Dupla";"Reta;Declive";"Sim";2;0;0;0;2;0;0;2;-7,22379403;-34,91488195;"SPRF-PB";"DEL01-PB";"UOP02-DEL01-PB"
480419;2022-10-13;"quinta-feira";"15:20:00";"PR";277;721,7;"FOZ DO IGUACU";"Manobra de mudança de faixa";"Colisão traseira";"Com Vítimas Feridas";"Pleno dia";"Decrescente";"Chuva";"Dupla";"Reta";"Sim";2;0;1;0;1;0;1;2;-25,4911505;-54,51185421;"SPRF-PR";"DEL05-PR";"UOP03-DEL05-PR"
480422;2022-10-13;"quinta-feira";"15:30:00";"SP";101;47;"UBATUBA";"Reação tardia ou ineficiente do condutor";"Colisão traseira";"Com Vítimas Feridas";"Pleno dia";"Crescente";"Céu Claro";"Simples";"Reta";"Sim";2;0;1;0;1;0;1;2;-23,429897;-45,082436;"SPRF-SP";"DEL06-SP";"UOP01-DEL06-SP"
480423;2022-10-13;"quinta-feira";"16:10:00";"MG";40;570;"ITABIRITO";"Acesso irregular";"Colisão transversal";"Com Vítimas Feridas";"Pleno dia";"Crescente";"Céu Claro";"Simples";"Reta";"Não";3;0;0;1;2;0;1;2;-20,21286706;-43,97263241;"SPRF-MG";"DEL01-MG";"UOP02-DEL01-MG"
480426;2022-10-13;"quinta-feira";"13:50:00";"RS";472;460;"ITAQUI";"Velocidade Incompatível";"Saída de leito carroçável";"Com Vítimas Feridas";"Pleno dia";"Decrescente";"Céu Claro";"Simples";"Reta";"Não";2;0;2;0;0;0;2;1;-29,08304168;-56,25719432;"SPRF-RS";"DEL12-RS";"UOP01-DEL12-RS"
480428;2022-10-13;"quinta-feira";"16:40:00";"RS";153;48;"ERECHIM";"Acumulo de areia ou detritos sobre o pavimento";"Tombamento";"Com Vítimas Feridas";"Pleno dia";"Crescente";"Céu Claro";"Simples";"Interseção de Vias";"Sim";1;0;1;0;0;0;1;1;-27,65118001;-52,257248;"SPRF-RS";"DEL08-RS";"UOP04-DEL08-RS"
480430;2022-10-13;"quinta-feira";"06:56:00";"PB";230;18;"JOAO PESSOA";"Avarias e/ou desgaste excessivo no pneu";"Tombamento";"Com Vítimas Feridas";"Amanhecer";"Decrescente";"Sol";"Dupla";"Curva;Declive";"Sim";2;0;1;1;0;0;2;1;-7,12811175;-34,84634634;"SPRF-PB";"DEL01-PB";"UOP01-DEL01-PB"
480431;2022-10-13;"quinta-feira";"16:40:00";"DF";70;6;"BRASILIA";"Manobra de mudança de faixa";"Colisão traseira";"Com Vítimas Feridas";"Pleno dia";"Crescente";"Céu Claro";"Dupla";"Reta";"Sim";2;0;1;0;1;0;1;2;-15,791242;-48,105759;"SPRF-DF";"DEL03-DF";"UOP02-DEL03-DF"
480435;2022-10-13;"quinta-feira";"17:10:00";"PR";116;17,1;"CAMPINA GRANDE DO SUL";"Condutor deixou de manter distância do veículo da frente";"Colisão traseira";"Com Vítimas Feridas";"Anoitecer";"Crescente";"Garoa/Chuvisco";"Dupla";"Reta";"Sim";4;0;2;0;2;0;2;4;-25,10305915;-48,70103892;"SPRF-PR";"DEL01-PR";"UOP02-DEL01-PR"
480436;2022-10-02;"domingo";"19:31:00";"BA";116;513;"FEIRA DE SANTANA";"Retorno proibido";"Colisão transversal";"Com Vítimas Feridas";"Plena Noite";"Decrescente";"Ignorado";"Simples";"Viaduto";"Sim";2;0;1;0;0;1;1;2;-12,23322628;-38,95517528;"SPRF-BA";"DEL03-BA";"UOP02-DEL03-BA"
480437;2022-10-13;"quinta-feira";"10:39:00";"ES";393;1,8;"CACHOEIRO DE ITAPEMIRIM";"Reação tardia ou ineficiente do condutor";"Colisão transversal";"Sem Vítimas";"Pleno dia";"Crescente";"Céu Claro";"Simples";"Curva";"Sim";2;0;0;0;1;1;0;2;-20,83723289;-41,16733095;"SPRF-ES";"DEL03-ES";"UOP02-DEL03-ES"
480439;2022-10-13;"quinta-feira";"17:40:00";"SP";116;202;"ARUJA";"Reação tardia ou ineficiente do condutor";"Colisão lateral mesmo sentido";"Com Vítimas Feridas";"Pleno dia";"Decrescente";"Nublado";"Dupla";"Reta";"Sim";3;0;1;0;2;0;1;3;-23,40809408;-46,33859597;"SPRF-SP";"DEL01-SP";"UOP01-DEL01-SP"
480440;2022-10-13;"quinta-feira";"16:30:00";"PE";428;145,3;"PETROLINA";"Ingestão de álcool pelo condutor";"Colisão com objeto";"Com Vítimas Feridas";"Pleno dia";"Crescente";"Céu Claro";"Simples";"Reta";"Não";1;0;0;1;0;0;1;1;-9,03133504;-40,28849493;"SPRF-PE";"DEL06-PE";"UOP01-DEL06-PE"
480441;2022-10-13;"quinta-feira";"17:50:00";"RN";101;115,5;"SAO JOSE DE MIPIBU";"Condutor deixou de manter distância do veículo da frente";"Colisão lateral mesmo sentido";"Com Vítimas Feridas";"Anoitecer";"Decrescente";"Céu Claro";"Dupla";"Reta";"Sim";4;0;2;2;0;0;4;2;-5,99096804;-35,26381408;"SPRF-RN";"DEL01-RN";"UOP01-DEL01-RN"