"id";"data_inversa";"dia_semana";"horario";"uf";"br";"km";"municipio";"causa_acidente";"tipo_acidente";"classificacao_acidente";"fase_dia";"sentido_via";"condicao_metereologica";"tipo_pista";"tracado_via";"uso_solo";"pessoas";"mortos";"feridos_leves";"feridos_graves";"ilesos";"ignorados";"feridos";"veiculos";"latitude";"longitude";"regional";"delegacia";"uop"
480442;2022-10-02;"domingo";"00:00:00";"MG";267;304;"CAXAMBU";"Ingestão de álcool pelo condutor";"Colisão frontal";"Com Vítimas Feridas";"Plena Noite";"Decrescente";"Céu Claro";"Simples";"Reta";"Não";2;0;1;0;1;0;1;2;-21,969452;-44,923996;"SPRF-MG";"DEL17-MG";"UOP01-DEL17-MG"
480444;2022-10-13;"quinta-feira";"17:55:00";"RS";386;51;"SEBERI";"Acessar a via sem observar a presença dos outros veículos";"Colisão transversal";"Com Vítimas Feridas";"Anoitecer";"Decrescente";"Nublado";"Simples";"Curva";"Sim";2;0;1;0;1;0;1;2;-27,500874;-53,388092;"SPRF-RS";"DEL08-RS";"UOP02-DEL08-RS"
480445;2022-10-13;"quinta-feira";"11:20:00";"GO";60;244,2;"INDIARA";"Mal súbito do condutor";"Saída de leito carroçável";"Com Vítimas Feridas";"Pleno dia";"Decrescente";"Céu Claro";"Dupla";"Reta";"Não";1;0;1;0;0;0;1;1;-17,10653848;-49,9278295;"SPRF-GO";"DEL01-GO";"UOP02-DEL01-GO"
480446;2022-10-13;"quinta-feira";"19:10:00";"PE";101;67;"RECIFE";"Ausência de reação do condutor";"Colisão lateral mesmo sentido";"Com Vítimas Feridas";"Plena Noite";"Crescente";"Céu Claro";"Dupla";"Reta";"Sim";2;0;0;2;0;0;2;2;-8,042334;-34,943096;"SPRF-PE";"DEL01-PE";"UOP01-DEL01-PE"
480447;2022-10-13;"quinta-feira";"18:30:00";"PE";232;129;"CARUARU";"Pedestre cruzava a pista fora da faixa";"Atropelamento de Pedestre";"Com Vítimas Feridas";"Plena Noite";"Decrescente";"Céu Claro";"Dupla";"Reta";"Sim";2;0;0;1;1;0;1;2;-8,301997;-35,981168;"SPRF-PE";"DEL02-PE";"UOP01-DEL02-PE"
480449;2022-10-13;"quinta-feira";"18:30:00";"SP";116;139;"SAO JOSE DOS CAMPOS";"Ausência de reação do condutor";"Colisão lateral mesmo sentido";"Com Vítimas Feridas";"Plena Noite";"Crescente";"Céu Claro";"Dupla";"Reta";"Sim";2;0;1;0;1;0;1;2;-23,16153216;-45,80400592;"SPRF-SP";"DEL02-SP";"UOP01-DEL02-SP"
480450;2022-10-13;"quinta-feira";"19:20:00";"SC";101;124;"ITAJAI";"Reação tardia ou ineficiente do condutor";"Colisão traseira";"Com Vítimas Feridas";"Plena Noite";"Crescente";"Nublado";"Dupla";"Reta";"Não";3;0;0;1;2;0;1;2;-26,94335064;-48,69198648;"SPRF-SC";"DEL04-SC";"UOP04-DEL04-SC"
480451;2022-10-13;"quinta-feira";"19:05:00";"MG";50;174;"UBERABA";"Pedestre andava na pista";"Atropelamento de Pedestre";"Com Vítimas Feridas";"Plena Noite";"Crescente";"Céu Claro";"Dupla";"Interseção de Vias";"Sim";2;0;0;1;1;0;1;2;-19,770817;-47,973434;"SPRF-MG";"DEL13-MG";"UOP01-DEL13-MG"
480452;2022-10-13;"quinta-feira";"19:30:00";"PE";101;46,8;"IGARASSU";"Manobra de mudança de faixa";"Colisão lateral mesmo sentido";"Com Vítimas Feridas";"Pleno dia";"Crescente";"Céu Claro";"Múltipla";"Reta";"Sim";3;0;0;2;1;0;2;2;-7,87406004;-34,90588126;"SPRF-PE";"DEL01-PE";"UOP02-DEL01-PE"
480453;2022-10-13;"quinta-feira";"19:30:00";"DF";60;0,6;"BRASILIA";"Pedestre cruzava a pista fora da faixa";"Atropelamento de Pedestre";"Com Vítimas Feridas";"Anoitecer";"Crescente";"Céu Claro";"Dupla";"Reta";"Sim";2;0;0;1;1;0;1;2;-15,883819;-48,065935;"SPRF-DF";"DEL03-DF";"UOP01-DEL03-DF"
480454;2022-10-13;"quinta-feira";"19:10:00";"MG";381;490,1;"BETIM";"Acessar a via sem observar a presença dos outros veículos";"Tombamento";"Com Vítimas Feridas";"Plena Noite";"Crescente";"Céu Claro";"Dupla";"Reta";"Sim";1;0;1;0;0;0;1;1;-19,95637;-44,14145;"SPRF-MG";"DEL01-MG";"UOP03-DEL01-MG"
480455;2022-10-13;"quinta-feira";"19:00:00";"PR";476;136;"CURITIBA";"Pedestre cruzava a pista fora da faixa";"Atropelamento de Pedestre";"Com Vítimas Feridas";"Plena Noite";"Crescente";"Garoa/Chuvisco";"Múltipla";"Reta";"Sim";3;0;1;0;0;2;1;2;-25,4959672;-49,27596688;"SPRF-PR";"DEL01-PR";"UOP03-DEL01-PR"
480457;2022-10-13;"quinta-feira";"18:40:00";"GO";40;57,5;"CRISTALINA";"Mal súbito do condutor";"Saída de leito carroçável";"Com Vítimas Feridas";"Plena Noite";"Crescente";"Céu Claro";"Dupla";"Reta";"Não";1;0;1;0;0;0;1;1;-16,502665;-47,810293;"SPRF-DF";"DEL01-DF";"UOP02-DEL01-DF"
480458;2022-10-13;"quinta-feira";"19:00:00";"SP";101;31;"UBATUBA";"Reação tardia ou ineficiente do condutor";"Colisão traseira";"Sem Vítimas";"Plena Noite";"Crescente";"Garoa/Chuvisco";"Simples";"Reta";"Não";3;0;0;0;3;0;0;3;-23,38606464;-44,97558117;"SPRF-SP";"DEL06-SP";"UOP01-DEL06-SP"
480459;2022-10-13;"quinta-feira";"19:50:00";"PR";277;11;"PARANAGUA";"Ausência de reação do condutor";"Queda de ocupante de veículo";"Com Vítimas Feridas";"Plena Noite";"Crescente";"Chuva";"Dupla";"Reta";"Sim";1;0;0;1;0;0;1;1;-25,56714296;-48,62001657;"SPRF-PR";"DEL01-PR";"UOP05-DEL01-PR"
480460;2022-10-13;"quinta-feira";"20:00:00";"DF";60;2,4;"BRASILIA";"Ausência de reação do condutor";"Colisão traseira";"Com Vítimas Feridas";"Plena Noite";"Crescente";"Céu Claro";"Dupla";"Reta";"Sim";4;0;2;0;2;0;2;2;-15,887383;-48,077988;"SPRF-DF";"DEL03-DF";"UOP01-DEL03-DF"
480461;2022-10-13;"quinta-feira";"18:52:00";"GO";153;107;"SANTA TEREZA DE GOIAS";"Desrespeitar a preferência no cruzamento";"Colisão transversal";"Com Vítimas Feridas";"Plena Noite";"Decrescente";"Céu Claro";"Simples";"Interseção de Vias";"Sim";4;0;3;0;1;0;3;2;-13,710165;-49,020992;"SPRF-GO";"DEL07-GO";"UOP01-DEL07-GO"
480466;2022-10-13;"quinta-feira";"18:30:00";"MA";10;317;"ACAILANDIA";"Transitar no acostamento";"Atropelamento de Pedestre";"Com Vítimas Feridas";"Plena Noite";"Crescente";"Céu Claro";"Simples";"Reta";"Não";2;0;1;1;0;0;2;2;-4,975136;-47,517284;"SPRF-MA";"DEL04-MA";"UOP03-DEL04-MA"
480467;2022-10-13;"quinta-feira";"20:00:00";"PE";101;67,8;"RECIFE";"Manobra de mudança de faixa";"Colisão traseira";"Com Vítimas Feridas";"Plena Noite";"Crescente";"Céu Claro";"Múltipla";"Reta";"Sim";3;0;2;0;1;0;2;3;-8,049753;-34,94577;"SPRF-PE";"DEL01-PE";"UOP01-DEL01-PE"
480468;2022-08-11;"quinta-feira";"16:46:00";"RS";285;122,8;"VACARIA";"Acessar a via sem observar a presença dos outros veículos";"Colisão transversal";"Com Vítimas Feridas";"Pleno dia";"Decrescente";"Céu Claro";"Simples";"Reta";"Sim";4;0;2;0;2;0;2;3;-28,505535;-50,944073;"SPRF-RS";"DEL05-RS";"UOP03-DEL05-RS"
480470;2022-10-13;"quinta-feira";"20:20:00";"MS";163;243,8;"DOURADOS";"Deficiência do Sistema de Iluminação/Sinalização";"Colisão traseira";"Com Vítimas Feridas";"Plena Noite";"Crescente";"Chuva";"Simples";"Reta";"Não";2;0;1;0;1;0;1;2;-22,36514295;-54,7993879;"SPRF-MS";"DEL04-MS";"UOP02-DEL04-MS"
480473;2022-10-13;"quinta-feira";"18:40:00";"RJ";101;323;"NITEROI";"Ausência de reação do condutor";"Engavetamento";"Com Vítimas Feridas";"Plena Noite";"Decrescente";"Céu Claro";"Dupla";"Reta";"Sim";4;0;2;0;2;0;2;3;-22,87362484;-43,12871933;"SPRF-RJ";"DEL02-RJ";"UOP01-DEL02-RJ"
480474;2022-10-13;"quinta-feira";"18:50:00";"RN";406;117;"POCO BRANCO";"Ausência de reação do condutor";"Atropelamento de Pedestre";"Com Vítimas Fatais";"Plena Noite";"Decrescente";"Céu Claro";"Simples";"Reta";"Sim";2;1;0;1;0;0;1;2;-5,57560522;-35,69347206;"SPRF-RN";"DEL02-RN";"UOP01-DEL02-RN"
480475;2022-10-13;"quinta-feira";"20:15:00";"RJ";101;407;"ITAGUAI";"Pedestre cruzava a pista fora da faixa";"Atropelamento de Pedestre";"Com Vítimas Feridas";"Plena Noite";"Crescente";"Céu Claro";"Dupla";"Reta";"Sim";4;0;2;2;0;0;4;3;-22,87672058;-43,81631971;"SPRF-RJ";"DEL03-RJ";"UOP01-DEL03-RJ"
480476;2022-10-13;"quinta-feira";"18:40:00";"MT";364;1196;"CAMPOS DE JULIO";"Acumulo de água sobre o pavimento";"Saída de leito carroçável";"Com Vítimas Feridas";"Anoitecer";"Crescente";"Chuva";"Simples";"Declive";"Não";2;0;1;0;1;0;1;1;-13,75264442;-59,27964176;"SPRF-MT";"DEL04-MT";"UOP01-DEL04-MT"
480478;2022-10-13;"quinta-feira";"20:00:00";"MT";364;268,6;"JACIARA";"Reação tardia ou ineficiente do condutor";"Saída de leito carroçável";"Com Vítimas Feridas";"Plena Noite";"Crescente";"Céu Claro";"Dupla";"Reta";"Não";4;0;4;0;0;0;4;1;-15,98124307;-54,93240309;"SPRF-MT";"DEL02-MT";"UOP01-DEL02-MT"
480479;2022-10-13;"quinta-feira";"18:00:00";"MG";262;646,9;"IBIA";"Ausência de reação do condutor";"Saída de leito carroçável";"Com Vítimas Feridas";"Anoitecer";"Decrescente";"Céu Claro";"Simples";"Reta";"Não";4;0;1;0;3;0;1;1;-19,585335;-46,629343;"SPRF-MG";"DEL08-MG";"UOP01-DEL08-MG"
480480;2022-10-13;"quinta-feira";"19:50:00";"PR";376;3;"APUCARANA";"Ingestão de álcool pelo condutor";"Colisão traseira";"Sem Vítimas";"Plena Noite";"Decrescente";"Nublado";"Simples";"Interseção de Vias";"Sim";2;0;0;0;2;0;0;2;-23,5513;-51,461266;"SPRF-PR";"DEL07-PR";"UOP03-DEL07-PR"
480481;2022-10-13;"quinta-feira";"20:00:00";"RJ";116;40;"TERESOPOLIS";"Reação tardia ou ineficiente do condutor";"Colisão lateral mesmo sentido";"Com Vítimas Feridas";"Plena Noite";"Decrescente";"Céu Claro";"Simples";"Reta";"Não";2;0;0;1;0;1;1;2;-22,133427;-42,779522;"SPRF-RJ";"DEL04-RJ";"UOP01-DEL04-RJ"
480482;2022-10-13;"quinta-feira";"22:30:00";"DF";70;9,3;"BRASILIA";"Entrada inopinada do pedestre";"Atropelamento de Pedestre";"Com Vítimas Feridas";"Plena Noite";"Crescente";"Céu Claro";"Dupla";"Reta";"Sim";2;0;1;0;1;0;1;2;-15,785487;-48,135414;"SPRF-DF";"DEL03-DF";"UOP02-DEL03-DF"
480483;2022-10-10;"segunda-feira";"08:55:00";"RJ";116;179;"NOVA IGUACU";"Velocidade Incompatível";"Colisão lateral mesmo sentido";"Com Vítimas Feridas";"Pleno dia";"Crescente";"Céu Claro";"Dupla";"Reta";"Sim";5;0;1;0;2;2;1;3;-22,769902;-43,408036;"SPRF-RJ";"DEL01-RJ";"UOP02-DEL01-RJ"
480484;2022-10-13;"quinta-feira";"18:08:00";"PI";20;374;"MONSENHOR HIPOLITO";"Acessar a via sem observar a presença dos outros veículos";"Colisão transversal";"Com Vítimas Feridas";"Plena Noite";"Crescente";"Céu Claro";"Simples";"Reta";"Não";3;0;1;1;0;1;2;2;-6,74089001;-40,96883198;"SPRF-PI";"DEL04-PI";"UOP01-DEL04-PI"
480485;2022-10-13;"quinta-feira";"20:00:00";"MG";40;617;"CONGONHAS";"Acumulo de areia ou detritos sobre o pavimento";"Tombamento";"Com Vítimas Feridas";"Plena Noite";"Crescente";"Céu Claro";"Simples";"Reta";"Sim";1;0;1;0;0;0;1;1;-20,55295397;-43,81450989;"SPRF-MG";"DEL05-MG";"UOP02-DEL05-MG"
480487;2022-10-13;"quinta-feira";"23:50:00";"SC";282;5,1;"SAO JOSE";"Ausência de reação do condutor";"Colisão lateral mesmo sentido";"Com Vítimas Feridas";"Pleno dia";"Crescente";"Chuva";"Múltipla";"Reta";"Sim";2;0;1;0;1;0;1;2;-27,58878431;-48,61106873;"SPRF-SC";"DEL01-SC";"UOP01-DEL01-SC"
480488;2022-10-13;"quinta-feira";"23:59:00";"RS";116;0,8;"PORTO ALEGRE";"Velocidade Incompatível";"Saída de leito carroçável";"Com Vítimas Feridas";"Plena Noite";"Decrescente";"Céu Claro";"Dupla";"Curva";"Sim";1;0;0;1;0;0;1;1;-29,97329178;-51,17673039;"SPRF-RS";"DEL01-RS";"UOP01-DEL01-RS"
480491;2022-10-14;"sexta-feira";"02:10:00";"SP";116;322;"JUQUITIBA";"Reação tardia ou ineficiente do condutor";"Capotamento";"Com Vítimas Feridas";"Plena Noite";"Decrescente";"Céu Claro";"Dupla";"Reta";"Não";4;0;1;0;3;0;1;1;-23,935106;-47,026682;"SPRF-SP";"DEL04-SP";"UOP03-DEL04-SP"
480492;2022-10-14;"sexta-feira";"02:00:00";"SC";470;2;"NAVEGANTES";"Acumulo de areia ou detritos sobre o pavimento";"Queda de ocupante de veículo";"Com Vítimas Feridas";"Plena Noite";"Decrescente";"Chuva";"Simples";"Reta";"Sim";1;0;1;0;0;0;1;1;-26,868551;-48,674831;"SPRF-SC";"DEL04-SC";"UOP04-DEL04-SC"
480493;2022-10-14;"sexta-feira";"01:45:00";"SC";282;19;"PALHOCA";"Ingestão de álcool pelo condutor";"Colisão transversal";"Com Vítimas Feridas";"Plena Noite";"Crescente";"Garoa/Chuvisco";"Simples";"Reta";"Sim";2;0;1;0;1;0;1;2;-27,678635;-48,70192;"SPRF-SC";"DEL01-SC";"UOP02-DEL01-SC"
480495;2022-10-14;"sexta-feira";"03:20:00";"DF";40;5,9;"BRASILIA";"Velocidade Incompatível";"Colisão com objeto";"Sem Vítimas";"Plena Noite";"Crescente";"Céu Claro";"Dupla";"Reta";"Sim";2;0;0;0;2;0;0;1;-16,0267344;-47,97930306;"SPRF-DF";"DEL01-DF";"UOP01-DEL01-DF"
480496;2022-10-14;"sexta-feira";"03:00:00";"SP";381;58;"MAIRIPORA";"Ausência de reação do condutor";"Colisão traseira";"Com Vítimas Feridas";"Plena Noite";"Crescente";"Céu Claro";"Dupla";"Reta";"Não";3;0;2;0;1;0;2;1;-23,27438497;-46,58530615;"SPRF-SP";"DEL03-SP";"UOP01-DEL03-SP"
480498;2022-10-14;"sexta-feira";"02:30:00";"GO";364;95;"CACHOEIRA ALTA";"Ingestão de álcool pelo condutor";"Saída de leito carroçável";"Com Vítimas Feridas";"Pleno dia";"Crescente";"Nublado";"Simples";"Reta;Declive";"Não";1;0;1;0;0;0;1;1;-18,458296;-51,087753;"SPRF-GO";"DEL05-GO";"UOP02-DEL05-GO"
480500;2022-10-14;"sexta-feira";"05:10:00";"AL";104;83,8;"RIO LARGO";"Ingestão de álcool pelo condutor";"Saída de leito carroçável";"Com Vítimas Fatais";"Amanhecer";"Decrescente";"Céu Claro";"Dupla";"Curva";"Não";3;1;1;0;1;0;1;1;-9,44165773;-35,83538341;"SPRF-AL";"DEL01-AL";"UOP01-DEL01-AL"
480502;2022-10-14;"sexta-feira";"03:30:00";"BA";235;8,3;"CORONEL JOAO SA";"Demais falhas mecânicas ou elétricas";"Incêndio";"Sem Vítimas";"Amanhecer";"Crescente";"Céu Claro";"Simples";"Reta;Rotatória";"Não";1;0;0;0;1;0;0;1;-10,26168312;-37,78499944;"SPRF-SE";"DEL01-SE";"UOP02-DEL01-SE"
480503;2022-10-13;"quinta-feira";"19:50:00";"RS";116;150,1;"CAXIAS DO SUL";"Ausência de reação do condutor";"Atropelamento de Pedestre";"Com Vítimas Feridas";"Plena Noite";"Decrescente";"Céu Claro";"Dupla";"Reta";"Sim";2;0;2;0;0;0;2;2;-29,168428;-51,158337;"SPRF-RS";"DEL05-RS";"UOP01-DEL05-RS"
480504;2022-10-14;"sexta-feira";"05:50:00";"SC";282;49,4;"AGUAS MORNAS";"Velocidade Incompatível";"Colisão frontal";"Com Vítimas Feridas";"Amanhecer";"Crescente";"Chuva";"Simples";"Declive;Curva";"Não";5;0;0;4;0;1;4;3;-27,70758723;-48,95293504;"SPRF-SC";"DEL01-SC";"UOP03-DEL01-SC"
480505;2022-10-14;"sexta-feira";"06:40:00";"SC";101;210,1;"SAO JOSE";"Trafegar com motocicleta (ou similar) entre as faixas";"Colisão lateral mesmo sentido";"Com Vítimas Feridas";"Pleno dia";"Decrescente";"Chuva";"Dupla";"Reta";"Sim";2;0;0;1;1;0;1;2;-27,6167305;-48,6457265;"SPRF-SC";"DEL01-SC";"UOP01-DEL01-SC"
480506;2022-10-14;"sexta-feira";"06:40:00";"SP";116;446,8;"REGISTRO";"Pista Escorregadia";"Queda de ocupante de veículo";"Com Vítimas Feridas";"Pleno dia";"Crescente";"Garoa/Chuvisco";"Dupla";"Reta";"Não";2;0;1;1;0;0;2;1;-24,50467087;-47,84772743;"SPRF-SP";"DEL05-SP";"UOP01-DEL05-SP"
480508;2022-10-14;"sexta-feira";"07:00:00";"DF";20;20;"BRASILIA";"Condutor deixou de manter distância do veículo da frente";"Colisão traseira";"Com Vítimas Feridas";"Pleno dia";"Decrescente";"Céu Claro";"Dupla";"Reta";"Sim";3;0;1;0;2;0;1;3;-15,607905;-47,692791;"SPRF-DF";"DEL02-DF";"UOP01-DEL02-DF"
480511;2022-10-14;"sexta-feira";"06:00:00";"BA";324;616;"SALVADOR";"Condutor deixou de manter distância do veículo da frente";"Engavetamento";"Sem Vítimas";"Pleno dia";"Crescente";"Sol";"Dupla";"Reta";"Sim";4;0;0;0;4;0;0;4;-12,87957905;-38,43213893;"SPRF-BA";"DEL01-BA";"UOP01-DEL01-BA"
480513;2022-10-14;"sexta-feira";"07:55:00";"PB";230;21;"JOAO PESSOA";"Reação tardia ou ineficiente do condutor";"Colisão lateral mesmo sentido";"Com Vítimas Feridas";"Pleno dia";"Decrescente";"Céu Claro";"Dupla";"Curva";"Sim";3;0;1;0;2;0;1;2;-7,1415;-34,8519;"SPRF-PB";"DEL01-PB";"UOP01-DEL01-PB"
480514;2022-10-14;"sexta-feira";"07:40:00";"ES";101;261,6;"SERRA";"Manobra de mudança de faixa";"Colisão lateral mesmo sentido";"Sem Vítimas";"Pleno dia";"Crescente";"Sol";"Dupla";"Reta";"Sim";2;0;0;0;1;1;0;2;-20,15010372;-40,2791061;"SPRF-ES";"DEL02-ES";"UOP01-DEL02-ES"
480516;2022-10-14;"sexta-feira";"07:45:00";"PR";369;146;"LONDRINA";"Frear bruscamente";"Tombamento";"Com Vítimas Feridas";"Pleno dia";"Crescente";"Garoa/Chuvisco";"Dupla";"Declive;Reta";"Sim";2;0;1;0;1;0;1;2;-23,29307144;-51,12941891;"SPRF-PR";"DEL07-PR";"UOP01-DEL07-PR"
480518;2022-10-14;"sexta-feira";"07:40:00";"SP";116;272,7;"EMBU DAS ARTES";"Manobra de mudança de faixa";"Colisão lateral mesmo sentido";"Com Vítimas Feridas";"Pleno dia";"Decrescente";"Céu Claro";"Dupla";"Reta";"Não";2;0;1;0;1;0;1;2;-23,621691;-46,813288;"SPRF-SP";"DEL04-SP";"UOP01-DEL04-SP"
480520;2022-10-14;"sexta-feira";"07:00:00";"GO";70;48;"COCALZINHO DE GOIAS";"Reação tardia ou ineficiente do condutor";"Colisão lateral sentido oposto";"Com Vítimas Feridas";"Pleno dia";"Crescente";"Céu Claro";"Simples";"Aclive;Curva";"Não";3;0;0;1;2;0;1;3;-15,74968731;-48,59846706;"SPRF-DF";"DEL03-DF";"UOP02-DEL03-DF"
480522;2022-10-14;"sexta-feira";"08:30:00";"GO";70;2,5;"AGUAS LINDAS DE GOIAS";"Reação tardia ou ineficiente do condutor";"Saída de leito carroçável";"Com Vítimas Feridas";"Pleno dia";"Decrescente";"Céu Claro";"Dupla";"Curva";"Sim";2;0;0;2;0;0;2;1;-15,783543;-48,2326;"SPRF-DF";"DEL03-DF";"UOP02-DEL03-DF"
480525;2022-10-14;"sexta-feira";"07:40:00";"SC";101;211;"SAO JOSE";"Manobra de mudança de faixa";"Colisão lateral mesmo sentido";"Com Vítimas Feridas";"Pleno dia";"Decrescente";"Chuva";"Simples";"Reta";"Sim";1;0;1;0;0;0;1;1;-27,62329313;-48,65245588;"SPRF-SC";"DEL01-SC";"UOP02-DEL01-SC"
480527;2022-10-14;"sexta-feira";"06:40:00";"SC";282;619,3;"IRACEMINHA";"Acumulo de água sobre o pavimento";"Colisão frontal";"Com Vítimas Fatais";"Amanhecer";"Crescente";"Nublado";"Simples";"Reta";"Não";2;1;1;0;0;0;1;2;-26,7963448;-53,3034294;"SPRF-SC";"DEL07-SC";"UOP02-DEL07-SC"
480528;2022-10-14;"sexta-feira";"07:50:00";"MT";163;687;"LUCAS DO RIO VERDE";"Reação tardia ou ineficiente do condutor";"Colisão transversal";"Com Vítimas Feridas";"Pleno dia";"Crescente";"Céu Claro";"Dupla";"Reta";"Sim";3;0;1;1;1;0;2;2;-13,079516;-55,937467;"SPRF-MT";"DEL06-MT";"UOP02-DEL06-MT"
480531;2022-10-14;"sexta-feira";"09:00:00";"SP";116;213,3;"GUARULHOS";"Trafegar com motocicleta (ou similar) entre as faixas";"Colisão lateral mesmo sentido";"Com Vítimas Feridas";"Pleno dia";"Crescente";"Céu Claro";"Dupla";"Reta";"Sim";3;0;2;0;1;0;2;3;-23,43971486;-46,43667806;"SPRF-SP";"DEL01-SP";"UOP01-DEL01-SP"
480532;2022-10-14;"sexta-feira";"05:25:00";"PR";277;524,6;"GUARANIACU";"Objeto estático sobre o leito carroçável";"Saída de leito carroçável";"Com Vítimas Feridas";"Amanhecer";"Decrescente";"Chuva";"Simples";"Reta";"Não";1;0;1;0;0;0;1;1;-25,11018112;-52,85167802;"SPRF-PR";"DEL04-PR";"UOP04-DEL04-PR"
480533;2022-10-14;"sexta-feira";"09:45:00";"DF";70;9;"BRASILIA";"Acessar a via sem observar a presença dos outros veículos";"Colisão traseira";"Com Vítimas Feridas";"Pleno dia";"Crescente";"Céu Claro";"Dupla";"Retorno Regulamentado;Reta";"Sim";3;0;1;0;2;0;1;2;-15,78504738;-48,1324017;"SPRF-DF";"DEL03-DF";"UOP02-DEL03-DF"
480534;2022-10-14;"sexta-feira";"08:10:00";"SP";116;145;"SAO JOSE DOS CAMPOS";"Manobra de mudança de faixa";"Colisão lateral mesmo sentido";"Com Vítimas Feridas";"Pleno dia";"Decrescente";"Sol";"Dupla";"Reta";"Sim";1;0;1;0;0;0;1;1;-23,1869844;-45,8548078;"SPRF-SP";"DEL02-SP";"UOP01-DEL02-SP"
480537;2022-10-14;"sexta-feira";"07:47:00";"SC";116;91;"MONTE CASTELO";"Ausência de reação do condutor";"Saída de leito carroçável";"Com Vítimas Feridas";"Pleno dia";"Decrescente";"Chuva";"Simples";"Reta";"Não";1;0;1;0;0;0;1;1;-26,64314346;-50,26148558;"SPRF-SC";"DEL06-SC";"UOP02-DEL06-SC"
480538;2022-10-14;"sexta-feira";"10:10:00";"MG";40;477;"SETE LAGOAS";"Manobra de mudança de faixa";"Colisão lateral mesmo sentido";"Com Vítimas Feridas";"Pleno dia";"Decrescente";"Céu Claro";"Dupla";"Reta";"Não";2;0;1;0;1;0;1;2;-19,52130888;-44,26525586;"SPRF-MG";"DEL02-MG";"UOP01-DEL02-MG"
480539;2022-10-14;"sexta-feira";"09:45:00";"PB";230;14;"CABEDELO";"Acessar a via sem observar a presença dos outros veículos";"Colisão lateral mesmo sentido";"Com Vítimas Feridas";"Pleno dia";"Crescente";"Céu Claro";"Simples";"Interseção de Vias;Reta";"Sim";2;0;1;0;1;0;1;2;-7,0844;-34,8488;"SPRF-PB";"DEL01-PB";"UOP01-DEL01-PB"
480541;2022-10-14;"sexta-feira";"09:35:00";"SP";116;271;"TABOAO DA SERRA";"Trafegar com motocicleta (ou similar) entre as faixas";"Colisão traseira";"Com Vítimas Feridas";"Pleno dia";"Decrescente";"Nublado";"Múltipla";"Reta";"Sim";2;0;1;0;1;0;1;2;-23,61809286;-46,80556302;"SPRF-SP";"DEL04-SP";"UOP01-DEL04-SP"
480543;2022-10-14;"sexta-feira";"10:05:00";"SP";116;271;"TABOAO DA SERRA";"Reação tardia ou ineficiente do condutor";"Engavetamento";"Sem Vítimas";"Pleno dia";"Crescente";"Nublado";"Múltipla";"Reta";"Sim";3;0;0;0;1;2;0;3;-23,61065196;-46,77360535;"SPRF-SP";"DEL04-SP";"UOP01-DEL04-SP"
480545;2022-10-14;"sexta-feira";"10:15:00";"CE";222;3;"CAUCAIA";"Ausência de reação do condutor";"Colisão traseira";"Com Vítimas Feridas";"Pleno dia";"Crescente";"Céu Claro";"Dupla";"Reta";"Sim";2;0;1;0;1;0;1;2;-3,7403769;-38,59569202;"SPRF-CE";"DEL01-CE";"UOP01-DEL01-CE"
480547;2022-10-14;"sexta-feira";"10:05:00";"SC";280;55,3;"GUARAMIRIM";"Chuva";"Atropelamento de Pedestre";"Com Vítimas Feridas";"Pleno dia";"Crescente";"Chuva";"Dupla";"Reta";"Sim";2;0;0;1;1;0;1;2;-26,47584353;-48,9937858;"SPRF-SC";"DEL03-SC";"UOP03-DEL03-SC"
480548;2022-10-14;"sexta-feira";"08:00:00";"RO";319;47;"PORTO VELHO";"Reação tardia ou ineficiente do condutor";"Saída de leito carroçável";"Sem Vítimas";"Pleno dia";"Decrescente";"Chuva";"Simples";"Aclive;Reta";"Não";1;0;0;0;0;1;0;1;-8,71084983;-63,98557663;"SPRF-RO";"DEL01-RO";"UOP01-DEL01-RO"
480553;2022-10-14;"sexta-feira";"09:45:00";"PI";343;18,7;"PARNAIBA";"Acessar a via sem observar a presença dos outros veículos";"Colisão transversal";"Com Vítimas Feridas";"Pleno dia";"Crescente";"Sol";"Simples";"Interseção de Vias";"Sim";2;0;0;1;1;0;1;2;-2,967466;-41,760223;"SPRF-PI";"DEL05-PI";"UOP01-DEL05-PI"
480554;2022-09-30;"sexta-feira";"08:00:00";"PA";163;89;"ALTAMIRA";"Acumulo de água sobre o pavimento";"Capotamento";"Com Vítimas Fatais";"Pleno dia";"Crescente";"Céu Claro";"Simples";"Reta";"Não";3;1;1;1;0;0;2;1;-8,85197478;-54,9639184;"SPRF-PA";"DEL05-PA";"UOP01-DEL05-PA"
480555;2022-10-14;"sexta-feira";"10:40:00";"PR";116;50;"CAMPINA GRANDE DO SUL";"Avarias e/ou desgaste excessivo no pneu";"Colisão com objeto";"Com Vítimas Feridas";"Pleno dia";"Decrescente";"Chuva";"Dupla";"Curva";"Não";1;0;1;0;0;0;1;1;-25,23481696;-48,90807771;"SPRF-PR";"DEL01-PR";"UOP02-DEL01-PR"
480557;2022-03-09;"quarta-feira";"07:20:00";"RR";174;503;"BOA VISTA";"Entrada inopinada do pedestre";"Atropelamento de Pedestre";"Com Vítimas Fatais";"Amanhecer";"Decrescente";"Garoa/Chuvisco";"Dupla";"Reta";"Sim";2;1;0;0;0;1;0;2;2,794901;-60,698441;"SPRF-RR";"DEL01-RR";"UOP01-DEL01-RR"
480560;2022-10-14;"sexta-feira";"10:30:00";"ES";101;105;"LINHARES";"Ausência de reação do condutor";"Saída de leito carroçável";"Com Vítimas Feridas";"Pleno dia";"Crescente";"Céu Claro";"Simples";"Reta";"Não";1;0;1;0;0;0;1;1;-19,02120007;-40,01495688;"SPRF-ES";"DEL04-ES";"UOP01-DEL04-ES"