"id";"data_inversa";"dia_semana";"horario";"uf";"br";"km";"municipio";"causa_acidente";"tipo_acidente";"classificacao_acidente";"fase_dia";"sentido_via";"condicao_metereologica";"tipo_pista";"tracado_via";"uso_solo";"pessoas";"mortos";"feridos_leves";"feridos_graves";"ilesos";"ignorados";"feridos";"veiculos";"latitude";"longitude";"regional";"delegacia";"uop"
480562;2022-10-14;"sexta-feira";"11:00:00";"SP";116;228;"SAO PAULO";"Reação tardia ou ineficiente do condutor";"Tombamento";"Com Vítimas Feridas";"Pleno dia";"Decrescente";"Céu Claro";"Múltipla";"Reta";"Sim";1;0;1;0;0;0;1;1;-23,50343484;-46,56638712;"SPRF-SP";"DEL01-SP";"UOP01-DEL01-SP"
480563;2022-10-14;"sexta-feira";"10:30:00";"RJ";393;263;"BARRA DO PIRAI";"Ausência de reação do condutor";"Tombamento";"Com Vítimas Feridas";"Pleno dia";"Crescente";"Céu Claro";"Simples";"Reta";"Não";1;0;1;0;0;0;1;1;-22,47030537;-43,86674189;"SPRF-RJ";"DEL05-RJ";"UOP04-DEL05-RJ"
480564;2022-10-14;"sexta-feira";"10:30:00";"MG";40;448;"CAETANOPOLIS";"Frear bruscamente";"Colisão traseira";"Sem Vítimas";"Pleno dia";"Crescente";"Céu Claro";"Simples";"Rotatória";"Não";2;0;0;0;2;0;0;2;-19,301651;-44,377922;"SPRF-MG";"DEL02-MG";"UOP01-DEL02-MG"
480566;2022-10-14;"sexta-feira";"11:30:00";"BA";116;2,1;"VITORIA DA CONQUISTA";"Mal súbito do condutor";"Capotamento";"Com Vítimas Feridas";"Pleno dia";"Crescente";"Céu Claro";"Simples";"Reta";"Não";2;0;0;1;0;1;1;2;-14,825095;-40,852283;"SPRF-BA";"DEL08-BA";"UOP01-DEL08-BA"
480569;2022-10-12;"quarta-feira";"10:07:00";"RO";364;502;"ARIQUEMES";"Ausência de reação do condutor";"Saída de leito carroçável";"Sem Vítimas";"Pleno dia";"Decrescente";"Céu Claro";"Simples";"Reta";"Não";1;0;0;0;0;1;0;1;-10,01800497;-62,99476997;"SPRF-RO";"DEL03-RO";"UOP01-DEL03-RO"
480570;2022-09-17;"sábado";"19:30:00";"MS";163;656;"RIO VERDE DE MATO GROSSO";"Reação tardia ou ineficiente do condutor";"Capotamento";"Sem Vítimas";"Plena Noite";"Decrescente";"Céu Claro";"Simples";"Reta";"Não";1;0;0;0;1;0;0;1;-19,104191;-54,771144;"SPRF-MS";"DEL06-MS";"UOP02-DEL06-MS"
480576;2022-10-14;"sexta-feira";"10:40:00";"MA";316;251,4;"PINDARE-MIRIM";"Avarias e/ou desgaste excessivo no pneu";"Queda de ocupante de veículo";"Com Vítimas Feridas";"Pleno dia";"Crescente";"Céu Claro";"Simples";"Reta";"Não";2;0;1;1;0;0;2;1;-3,658762;-45,468246;"SPRF-MA";"DEL02-MA";"UOP01-DEL02-MA"
480577;2022-10-14;"sexta-feira";"13:10:00";"RS";472;576;"URUGUAIANA";"Acessar a via sem observar a presença dos outros veículos";"Colisão transversal";"Com Vítimas Feridas";"Pleno dia";"Crescente";"Céu Claro";"Simples";"Rotatória";"Não";3;0;1;0;2;0;1;2;-29,78022481;-57,06403434;"SPRF-RS";"DEL13-RS";"UOP01-DEL13-RS"
480578;2022-10-14;"sexta-feira";"12:40:00";"MG";381;767,9;"CAMPANHA";"Velocidade Incompatível";"Saída de leito carroçável";"Com Vítimas Feridas";"Pleno dia";"Crescente";"Céu Claro";"Dupla";"Reta;Declive";"Não";1;0;1;0;0;0;1;1;-21,76799733;-45,42028285;"SPRF-MG";"DEL16-MG";"UOP02-DEL16-MG"
480580;2022-10-14;"sexta-feira";"11:15:00";"MA";230;400;"BALSAS";"Velocidade Incompatível";"Queda de ocupante de veículo";"Com Vítimas Feridas";"Pleno dia";"Decrescente";"Céu Claro";"Simples";"Reta";"Não";1;0;1;0;0;0;1;1;-7,49201804;-46,02419491;"SPRF-MA";"DEL05-MA";"UOP01-DEL05-MA"
480582;2022-10-14;"sexta-feira";"12:50:00";"MG";50;61;"UBERLANDIA";"Mal súbito do condutor";"Colisão com objeto";"Com Vítimas Feridas";"Pleno dia";"Crescente";"Céu Claro";"Dupla";"Reta;Retorno Regulamentado";"Sim";1;0;1;0;0;0;1;1;-18,81603099;-48,25003475;"SPRF-MG";"DEL15-MG";"UOP02-DEL15-MG"
480585;2022-10-14;"sexta-feira";"13:20:00";"CE";304;52;"ARACATI";"Condutor deixou de manter distância do veículo da frente";"Colisão traseira";"Com Vítimas Feridas";"Pleno dia";"Decrescente";"Céu Claro";"Simples";"Reta";"Não";2;0;1;0;1;0;1;2;-4,57080706;-37,74473041;"SPRF-CE";"DEL03-CE";"UOP03-DEL03-CE"
480586;2022-10-08;"sábado";"06:00:00";"GO";80;244,7;"ALTO HORIZONTE";"Reação tardia ou ineficiente do condutor";"Saída de leito carroçável";"Com Vítimas Fatais";"Amanhecer";"Crescente";"Céu Claro";"Simples";"Reta";"Não";1;1;0;0;0;0;0;1;-14,1286;-49,494533;"SPRF-GO";"DEL07-GO";"UOP01-DEL07-GO"
480587;2022-10-06;"quinta-feira";"15:50:00";"SP";116;279,5;"EMBU DAS ARTES";"Trafegar com motocicleta (ou similar) entre as faixas";"Colisão traseira";"Com Vítimas Feridas";"Pleno dia";"Decrescente";"Céu Claro";"Múltipla";"Reta";"Sim";3;0;2;0;1;0;2;2;-23,66233697;-46,85292907;"SPRF-SP";"DEL04-SP";"UOP01-DEL04-SP"
480589;2022-09-04;"domingo";"11:00:00";"MG";251;340;"FRUTA DE LEITE";"Velocidade Incompatível";"Queda de ocupante de veículo";"Com Vítimas Feridas";"Pleno dia";"Decrescente";"Céu Claro";"Simples";"Reta";"Não";2;0;0;2;0;0;2;1;-16,266571;-42,480587;"SPRF-MG";"DEL12-MG";"UOP01-DEL12-MG"
480590;2022-10-14;"sexta-feira";"11:30:00";"SC";280;5;"SAO FRANCISCO DO SUL";"Trafegar com motocicleta (ou similar) entre as faixas";"Colisão transversal";"Com Vítimas Feridas";"Pleno dia";"Crescente";"Chuva";"Simples";"Reta";"Não";2;0;1;0;1;0;1;2;-26,26011706;-48,62571995;"SPRF-SC";"DEL03-SC";"UOP03-DEL03-SC"
480591;2022-09-20;"terça-feira";"17:40:00";"PR";369;54;"BANDEIRANTES";"Condutor deixou de manter distância do veículo da frente";"Colisão traseira";"Com Vítimas Feridas";"Pleno dia";"Decrescente";"Nublado";"Simples";"Reta";"Não";2;0;0;1;1;0;1;2;-23,103727;-50,355214;"SPRF-PR";"DEL07-PR";"UOP01-DEL07-PR"
480592;2022-10-14;"sexta-feira";"14:20:00";"SC";101;118;"ITAJAI";"Reação tardia ou ineficiente do condutor";"Queda de ocupante de veículo";"Com Vítimas Feridas";"Pleno dia";"Crescente";"Garoa/Chuvisco";"Dupla";"Reta";"Sim";1;0;1;0;0;0;1;1;-26,895859;-48,71903;"SPRF-SC";"DEL04-SC";"UOP04-DEL04-SC"
480597;2022-10-14;"sexta-feira";"13:50:00";"MG";262;487;"BOM DESPACHO";"Ultrapassagem Indevida";"Colisão lateral sentido oposto";"Com Vítimas Feridas";"Pleno dia";"Decrescente";"Céu Claro";"Simples";"Reta";"Não";4;0;1;1;2;0;2;2;-19,78526432;-45,31343803;"SPRF-MG";"DEL08-MG";"UOP03-DEL08-MG"
480598;2022-10-14;"sexta-feira";"14:00:00";"RS";471;174,8;"RIO PARDO";"Acessar a via sem observar a presença dos outros veículos";"Colisão traseira";"Com Vítimas Feridas";"Pleno dia";"Crescente";"Nublado";"Simples";"Rotatória";"Não";3;0;1;0;2;0;1;2;-29,9867485;-52,36844659;"SPRF-RS";"DEL02-RS";"UOP03-DEL02-RS"
480599;2022-10-14;"sexta-feira";"14:15:00";"RS";386;214,4;"TIO HUGO";"Transitar na contramão";"Colisão frontal";"Com Vítimas Feridas";"Pleno dia";"Decrescente";"Sol";"Simples";"Reta";"Sim";2;0;1;0;1;0;1;2;-28,57666;-52,596031;"SPRF-RS";"DEL04-RS";"UOP03-DEL04-RS"
480600;2022-10-14;"sexta-feira";"14:44:00";"SP";116;2,5;"QUELUZ";"Ausência de reação do condutor";"Capotamento";"Com Vítimas Feridas";"Pleno dia";"Crescente";"Céu Claro";"Dupla";"Reta";"Não";4;0;3;0;1;0;3;1;-22,52224482;-44,7168661;"SPRF-SP";"DEL08-SP";"UOP02-DEL08-SP"
480601;2022-10-14;"sexta-feira";"11:00:00";"CE";222;269;"COREAU";"Condutor Dormindo";"Saída de leito carroçável";"Sem Vítimas";"Pleno dia";"Decrescente";"Sol";"Simples";"Curva";"Não";1;0;0;0;0;1;0;1;-3,749545;-40,736678;"SPRF-CE";"DEL04-CE";"UOP02-DEL04-CE"
480605;2022-10-14;"sexta-feira";"15:35:00";"DF";70;14,5;"BRASILIA";"Reação tardia ou ineficiente do condutor";"Colisão traseira";"Com Vítimas Feridas";"Pleno dia";"Decrescente";"Céu Claro";"Dupla";"Reta";"Não";3;0;1;0;2;0;1;2;-15,797312;-48,176056;"SPRF-DF";"DEL03-DF";"UOP02-DEL03-DF"
480607;2022-10-14;"sexta-feira";"14:00:00";"CE";116;3;"FORTALEZA";"Manobra de mudança de faixa";"Colisão lateral mesmo sentido";"Com Vítimas Feridas";"Pleno dia";"Decrescente";"Sol";"Dupla";"Interseção de Vias;Viaduto;Reta;Aclive";"Sim";2;0;1;0;1;0;1;2;-3,77866493;-38,51490171;"SPRF-CE";"DEL01-CE";"UOP02-DEL01-CE"
480610;2022-09-28;"quarta-feira";"16:50:00";"PR";277;602,8;"CASCAVEL";"Retorno proibido";"Colisão lateral mesmo sentido";"Com Vítimas Feridas";"Pleno dia";"Crescente";"Garoa/Chuvisco";"Simples";"Reta";"Não";3;0;0;2;1;0;2;2;-25,00282;-53,523851;"SPRF-PR";"DEL04-PR";"UOP01-DEL04-PR"
480611;2022-10-14;"sexta-feira";"16:15:00";"PR";116;126;"FAZENDA RIO GRANDE";"Ausência de reação do condutor";"Colisão traseira";"Com Vítimas Feridas";"Pleno dia";"Crescente";"Nublado";"Dupla";"Reta";"Sim";2;0;0;1;1;0;1;2;-25,60389895;-49,31824423;"SPRF-PR";"DEL01-PR";"UOP03-DEL01-PR"
480612;2022-10-14;"sexta-feira";"15:20:00";"SP";116;142,6;"SAO JOSE DOS CAMPOS";"Ausência de reação do condutor";"Colisão traseira";"Com Vítimas Feridas";"Pleno dia";"Decrescente";"Céu Claro";"Dupla";"Reta";"Sim";2;0;0;1;1;0;1;2;-23,17849879;-45,83787411;"SPRF-SP";"DEL02-SP";"UOP01-DEL02-SP"
480613;2022-10-14;"sexta-feira";"16:30:00";"PR";376;590,7;"CURITIBA";"Condutor deixou de manter distância do veículo da frente";"Colisão traseira";"Sem Vítimas";"Pleno dia";"Crescente";"Chuva";"Dupla";"Reta";"Sim";2;0;0;0;1;1;0;2;-25,45155592;-49,36237578;"SPRF-PR";"DEL01-PR";"UOP06-DEL01-PR"
480614;2022-10-14;"sexta-feira";"16:45:00";"SC";101;139;"BALNEARIO CAMBORIU";"Manobra de mudança de faixa";"Colisão lateral mesmo sentido";"Com Vítimas Feridas";"Anoitecer";"Decrescente";"Garoa/Chuvisco";"Dupla";"Reta";"Sim";2;0;0;1;1;0;1;2;-27,02982303;-48,60115006;"SPRF-SC";"DEL04-SC";"UOP03-DEL04-SC"
480616;2022-08-11;"quinta-feira";"17:21:00";"BA";407;130,8;"SENHOR DO BONFIM";"Condutor deixou de manter distância do veículo da frente";"Colisão traseira";"Com Vítimas Feridas";"Anoitecer";"Crescente";"Ignorado";"Simples";"Reta";"Sim";2;0;0;1;1;0;1;2;-10,48728548;-40,16471871;"SPRF-BA";"DEL04-BA";"UOP01-DEL04-BA"
480618;2022-10-14;"sexta-feira";"17:10:00";"CE";116;22,1;"ITAITINGA";"Condutor deixou de manter distância do veículo da frente";"Colisão traseira";"Com Vítimas Feridas";"Anoitecer";"Crescente";"Céu Claro";"Dupla";"Reta";"Não";2;0;1;1;0;0;2;2;-3,96633279;-38,51525324;"SPRF-CE";"DEL01-CE";"UOP02-DEL01-CE"
480619;2022-10-14;"sexta-feira";"13:00:00";"RS";285;316,2;"PASSO FUNDO";"Velocidade Incompatível";"Saída de leito carroçável";"Com Vítimas Feridas";"Pleno dia";"Decrescente";"Céu Claro";"Simples";"Reta";"Não";1;0;1;0;0;0;1;1;-28,253775;-52,589588;"SPRF-RS";"DEL08-RS";"UOP03-DEL08-RS"
480620;2022-10-14;"sexta-feira";"17:40:00";"RS";392;351;"SANTA MARIA";"Acessar a via sem observar a presença dos outros veículos";"Colisão transversal";"Com Vítimas Feridas";"Pleno dia";"Crescente";"Nublado";"Dupla";"Reta";"Sim";2;0;1;0;1;0;1;2;-29,72650183;-53,80499482;"SPRF-RS";"DEL09-RS";"UOP01-DEL09-RS"
480622;2022-10-14;"sexta-feira";"17:00:00";"SP";116;565;"BARRA DO TURVO";"Reação tardia ou ineficiente do condutor";"Colisão traseira";"Sem Vítimas";"Pleno dia";"Crescente";"Chuva";"Simples";"Reta";"Não";5;0;0;0;5;0;0;2;-25,0358686;-48,54404396;"SPRF-SP";"DEL05-SP";"UOP02-DEL05-SP"
480623;2022-10-14;"sexta-feira";"11:30:00";"MG";153;137;"PRATA";"Reação tardia ou ineficiente do condutor";"Saída de leito carroçável";"Com Vítimas Feridas";"Pleno dia";"Decrescente";"Céu Claro";"Simples";"Reta";"Não";1;0;0;1;0;0;1;1;-19,53834496;-48,82980778;"SPRF-MG";"DEL15-MG";"UOP03-DEL15-MG"
480624;2022-10-14;"sexta-feira";"17:00:00";"RJ";101;423;"MANGARATIBA";"Pista Escorregadia";"Colisão transversal";"Com Vítimas Feridas";"Anoitecer";"Crescente";"Chuva";"Simples";"Curva";"Não";4;0;2;0;2;0;2;3;-22,91801286;-43,94820686;"SPRF-RJ";"DEL03-RJ";"UOP02-DEL03-RJ"
480626;2022-10-14;"sexta-feira";"16:20:00";"MG";40;552;"NOVA LIMA";"Condutor deixou de manter distância do veículo da frente";"Engavetamento";"Com Vítimas Feridas";"Pleno dia";"Crescente";"Céu Claro";"Dupla";"Reta";"Sim";4;0;1;0;3;0;1;3;-20,06084086;-43,97716423;"SPRF-MG";"DEL01-MG";"UOP02-DEL01-MG"
480627;2022-10-14;"sexta-feira";"10:00:00";"PB";361;4;"PATOS";"Acessar a via sem observar a presença dos outros veículos";"Colisão transversal";"Sem Vítimas";"Pleno dia";"Crescente";"Sol";"Simples";"Reta";"Sim";2;0;0;0;2;0;0;2;-7,03208047;-37,29365088;"SPRF-PB";"DEL03-PB";"UOP01-DEL03-PB"
480628;2022-10-14;"sexta-feira";"16:50:00";"MG";365;626;"UBERLANDIA";"Ausência de reação do condutor";"Saída de leito carroçável";"Com Vítimas Feridas";"Pleno dia";"Crescente";"Céu Claro";"Múltipla";"Reta";"Sim";1;0;0;1;0;0;1;1;-18,907217;-48,31606;"SPRF-MG";"DEL15-MG";"UOP01-DEL15-MG"
480629;2022-10-14;"sexta-feira";"17:55:00";"PE";101;78;"RECIFE";"Acessar a via sem observar a presença dos outros veículos";"Atropelamento de Pedestre";"Com Vítimas Feridas";"Plena Noite";"Crescente";"Céu Claro";"Dupla";"Reta";"Sim";2;0;1;1;0;0;2;2;-8,137238;-34,947623;"SPRF-PE";"DEL01-PE";"UOP01-DEL01-PE"
480630;2022-03-20;"domingo";"21:00:00";"BA";116;23,5;"VITORIA DA CONQUISTA";"Transitar na contramão";"Colisão frontal";"Com Vítimas Feridas";"Plena Noite";"Crescente";"Céu Claro";"Simples";"Reta";"Não";4;0;2;2;0;0;4;3;-14,870769;-40,799676;"SPRF-BA";"DEL08-BA";"UOP01-DEL08-BA"
480632;2022-10-14;"sexta-feira";"18:06:00";"BA";407;1;"JUAZEIRO";"Condutor deixou de manter distância do veículo da frente";"Colisão traseira";"Com Vítimas Feridas";"Plena Noite";"Crescente";"Céu Claro";"Simples";"Curva";"Sim";2;0;1;0;0;1;1;2;-9,41845604;-40,50725978;"SPRF-PE";"DEL06-PE";"UOP01-DEL06-PE"
480634;2022-10-14;"sexta-feira";"17:00:00";"MG";262;168;"SAO DOMINGOS DO PRATA";"Pista esburacada";"Queda de ocupante de veículo";"Com Vítimas Feridas";"Pleno dia";"Crescente";"Céu Claro";"Simples";"Reta";"Não";2;0;2;0;0;0;2;1;-19,95764329;-42,90645393;"SPRF-MG";"DEL03-MG";"UOP03-DEL03-MG"
480635;2022-10-14;"sexta-feira";"18:20:00";"SC";101;207;"SAO JOSE";"Reação tardia ou ineficiente do condutor";"Colisão lateral mesmo sentido";"Com Vítimas Feridas";"Anoitecer";"Decrescente";"Céu Claro";"Simples";"Reta";"Sim";2;0;1;0;1;0;1;2;-27,59930384;-48,62158491;"SPRF-SC";"DEL01-SC";"UOP01-DEL01-SC"
480636;2022-10-14;"sexta-feira";"18:10:00";"PI";343;194;"PIRIPIRI";"Animais na Pista";"Atropelamento de Animal";"Com Vítimas Feridas";"Plena Noite";"Crescente";"Céu Claro";"Simples";"Reta";"Não";4;0;0;1;3;0;1;2;-4,346634;-41,80687;"SPRF-PI";"DEL02-PI";"UOP01-DEL02-PI"
480637;2022-10-14;"sexta-feira";"18:32:00";"DF";20;21;"BRASILIA";"Ausência de reação do condutor";"Colisão traseira";"Sem Vítimas";"Plena Noite";"Crescente";"Céu Claro";"Dupla";"Reta";"Sim";2;0;0;0;2;0;0;2;-15,603384;-47,684692;"SPRF-DF";"DEL02-DF";"UOP01-DEL02-DF"
480638;2022-10-14;"sexta-feira";"18:40:00";"SC";101;215,1;"PALHOCA";"Trafegar com motocicleta (ou similar) entre as faixas";"Colisão lateral mesmo sentido";"Com Vítimas Feridas";"Plena Noite";"Crescente";"Nublado";"Múltipla";"Reta";"Sim";2;0;1;0;1;0;1;2;-27,65184843;-48,67604941;"SPRF-SC";"DEL01-SC";"UOP02-DEL01-SC"
480639;2022-10-14;"sexta-feira";"18:50:00";"MG";381;485,5;"BETIM";"Ausência de reação do condutor";"Colisão traseira";"Com Vítimas Feridas";"Plena Noite";"Decrescente";"Nublado";"Dupla";"Reta;Declive";"Sim";2;0;1;0;1;0;1;2;-19,95604153;-44,10229867;"SPRF-MG";"DEL01-MG";"UOP03-DEL01-MG"
480640;2022-10-14;"sexta-feira";"19:03:00";"PE";232;178;"BELO JARDIM";"Ausência de reação do condutor";"Colisão traseira";"Com Vítimas Feridas";"Plena Noite";"Decrescente";"Céu Claro";"Simples";"Reta";"Não";2;0;1;0;1;0;1;2;-8,347448;-36,411818;"SPRF-PE";"DEL03-PE";"UOP02-DEL03-PE"
480641;2022-10-14;"sexta-feira";"19:10:00";"DF";20;22;"BRASILIA";"Acessar a via sem observar a presença dos outros veículos";"Colisão traseira";"Com Vítimas Feridas";"Plena Noite";"Crescente";"Céu Claro";"Dupla";"Reta";"Sim";3;0;1;0;2;0;1;2;-15,59834;-47,676186;"SPRF-DF";"DEL02-DF";"UOP01-DEL02-DF"
480642;2022-10-14;"sexta-feira";"19:10:00";"MG";365;2;"MONTES CLAROS";"Ausência de reação do condutor";"Colisão traseira";"Com Vítimas Feridas";"Plena Noite";"Crescente";"Céu Claro";"Simples";"Reta";"Não";6;0;3;1;2;0;4;3;-16,72627608;-43,88021191;"SPRF-MG";"DEL12-MG";"UOP01-DEL12-MG"
480643;2022-06-20;"segunda-feira";"14:18:00";"MG";251;434;"GRAO MOGOL";"Ausência de reação do condutor";"Capotamento";"Com Vítimas Feridas";"Pleno dia";"Decrescente";"Ignorado";"Simples";"Reta";"Não";1;0;0;1;0;0;1;1;-16,37762606;-43,18652364;"SPRF-MG";"DEL12-MG";"UOP01-DEL12-MG"
480644;2022-10-14;"sexta-feira";"19:20:00";"RJ";116;169;"SAO JOAO DE MERITI";"Trafegar com motocicleta (ou similar) entre as faixas";"Colisão traseira";"Com Vítimas Feridas";"Plena Noite";"Crescente";"Nublado";"Dupla";"Reta";"Sim";3;0;1;0;2;0;1;2;-22,78947604;-43,37402344;"SPRF-RJ";"DEL01-RJ";"UOP02-DEL01-RJ"
480645;2022-10-14;"sexta-feira";"18:20:00";"PR";277;70;"SAO JOSE DOS PINHAIS";"Manobra de mudança de faixa";"Engavetamento";"Com Vítimas Feridas";"Plena Noite";"Crescente";"Garoa/Chuvisco";"Múltipla";"Interseção de Vias";"Não";3;0;1;0;2;0;1;3;-25,51167848;-49,12782848;"SPRF-PR";"DEL01-PR";"UOP01-DEL01-PR"
480646;2022-10-14;"sexta-feira";"14:43:00";"MS";262;567,8;"MIRANDA";"Acumulo de água sobre o pavimento";"Saída de leito carroçável";"Com Vítimas Feridas";"Pleno dia";"Decrescente";"Chuva";"Simples";"Curva";"Não";5;0;1;0;4;0;1;1;-20,19212398;-56,44855998;"SPRF-MS";"DEL03-MS";"UOP02-DEL03-MS"
480647;2022-10-14;"sexta-feira";"18:45:00";"SC";101;358;"SANGAO";"Reação tardia ou ineficiente do condutor";"Tombamento";"Com Vítimas Feridas";"Plena Noite";"Crescente";"Garoa/Chuvisco";"Simples";"Reta";"Não";1;0;1;0;0;0;1;1;-28,65656859;-49,10915494;"SPRF-SC";"DEL02-SC";"UOP01-DEL02-SC"
480648;2022-10-14;"sexta-feira";"10:10:00";"MG";262;51,5;"MANHUACU";"Ultrapassagem Indevida";"Colisão lateral sentido oposto";"Com Vítimas Feridas";"Pleno dia";"Crescente";"Céu Claro";"Simples";"Reta";"Sim";4;0;1;0;3;0;1;4;-20,24788425;-42,14549605;"SPRF-MG";"DEL06-MG";"UOP03-DEL06-MG"
480649;2022-10-14;"sexta-feira";"08:00:00";"BA";30;327;"RIO DO ANTONIO";"Manobra de mudança de faixa";"Colisão lateral mesmo sentido";"Com Vítimas Feridas";"Pleno dia";"Crescente";"Céu Claro";"Simples";"Reta";"Não";5;0;5;0;0;0;5;2;-14,21352183;-42,016175;"SPRF-BA";"DEL08-BA";"UOP01-DEL08-BA"
480650;2022-10-14;"sexta-feira";"15:55:00";"MS";262;491;"ANASTACIO";"Animais na Pista";"Atropelamento de Animal";"Com Vítimas Feridas";"Pleno dia";"Crescente";"Céu Claro";"Simples";"Reta";"Sim";2;0;2;0;0;0;2;1;-20,50107013;-55,82486196;"SPRF-MS";"DEL03-MS";"UOP01-DEL03-MS"
480651;2022-08-05;"sexta-feira";"15:20:00";"PE";423;121;"PARANATAMA";"Acessar a via sem observar a presença dos outros veículos";"Colisão transversal";"Com Vítimas Feridas";"Pleno dia";"Decrescente";"Nublado";"Simples";"Reta";"Sim";2;0;1;1;0;0;2;2;-8,91648376;-36,70648553;"SPRF-PE";"DEL03-PE";"UOP01-DEL03-PE"
480652;2022-10-14;"sexta-feira";"18:35:00";"PI";316;305,9;"PICOS";"Demais falhas mecânicas ou elétricas";"Incêndio";"Sem Vítimas";"Plena Noite";"Decrescente";"Céu Claro";"Simples";"Reta;Aclive";"Não";1;0;0;0;1;0;0;1;-7,07546801;-41,50935173;"SPRF-PI";"DEL04-PI";"UOP01-DEL04-PI"
480653;2022-10-14;"sexta-feira";"18:50:00";"RJ";40;119;"DUQUE DE CAXIAS";"Reação tardia ou ineficiente do condutor";"Colisão transversal";"Com Vítimas Feridas";"Plena Noite";"Crescente";"Nublado";"Múltipla";"Reta";"Sim";3;0;1;0;2;0;1;2;-22,76375592;-43,28683062;"SPRF-RJ";"DEL01-RJ";"UOP01-DEL01-RJ"
480656;2022-10-14;"sexta-feira";"20:00:00";"GO";20;164,3;"ALVORADA DO NORTE";"Demais falhas mecânicas ou elétricas";"Incêndio";"Sem Vítimas";"Plena Noite";"Decrescente";"Céu Claro";"Simples";"Reta";"Não";1;0;0;0;0;1;0;1;-14,588863;-46,588493;"SPRF-DF";"DEL02-DF";"UOP03-DEL02-DF"
480657;2022-10-14;"sexta-feira";"18:50:00";"BA";367;68,2;"PORTO SEGURO";"Ingestão de álcool pelo condutor";"Colisão frontal";"Com Vítimas Feridas";"Plena Noite";"Crescente";"Céu Claro";"Simples";"Reta";"Não";8;0;4;1;3;0;5;3;-16,38725526;-39,45086677;"SPRF-BA";"DEL09-BA";"UOP03-DEL09-BA"
480663;2022-10-14;"sexta-feira";"18:30:00";"MT";364;264,6;"JACIARA";"Pista esburacada";"Queda de ocupante de veículo";"Com Vítimas Feridas";"Plena Noite";"Decrescente";"Nublado";"Dupla";"Reta";"Não";2;0;2;0;0;0;2;2;-16,01057325;-54,91344724;"SPRF-MT";"DEL02-MT";"UOP01-DEL02-MT"
480664;2022-10-08;"sábado";"13:40:00";"PI";316;292;"PICOS";"Ausência de reação do condutor";"Colisão lateral mesmo sentido";"Com Vítimas Feridas";"Pleno dia";"Crescente";"Ignorado";"Simples";"Reta";"Não";2;0;1;0;1;0;1;2;-7,00534014;-41,60370207;"SPRF-PI";"DEL04-PI";"UOP01-DEL04-PI"
480665;2022-10-14;"sexta-feira";"20:20:00";"RJ";101;300;"SAO GONCALO";"Manobra de mudança de faixa";"Colisão lateral mesmo sentido";"Com Vítimas Feridas";"Plena Noite";"Decrescente";"Nublado";"Múltipla";"Reta";"Sim";5;0;1;0;4;0;1;2;-22,77645713;-42,94783697;"SPRF-RJ";"DEL02-RJ";"UOP02-DEL02-RJ"
480667;2022-10-14;"sexta-feira";"20:30:00";"PR";376;500,6;"PONTA GROSSA";"Ausência de reação do condutor";"Saída de leito carroçável";"Sem Vítimas";"Plena Noite";"Crescente";"Nublado";"Dupla";"Reta";"Não";1;0;0;0;1;0;0;1;-25,16109488;-50,12286901;"SPRF-PR";"DEL03-PR";"UOP04-DEL03-PR"
480670;2022-10-14;"sexta-feira";"21:20:00";"SC";280;22,4;"ARAQUARI";"Demais falhas na via";"Colisão frontal";"Com Vítimas Feridas";"Plena Noite";"Crescente";"Chuva";"Simples";"Ponte";"Não";2;0;0;1;1;0;1;2;-26,37092616;-48,70204099;"SPRF-SC";"DEL03-SC";"UOP03-DEL03-SC"
480672;2022-10-14;"sexta-feira";"22:05:00";"RS";158;565,8;"SANTANA DO LIVRAMENTO";"Desrespeitar a preferência no cruzamento";"Colisão transversal";"Com Vítimas Feridas";"Plena Noite";"Decrescente";"Céu Claro";"Simples";"Interseção de Vias";"Sim";2;0;2;0;0;0;2;2;-30,87658541;-55,51075866;"SPRF-RS";"DEL11-RS";"UOP01-DEL11-RS"
480674;2022-10-14;"sexta-feira";"22:34:00";"GO";40;11,8;"LUZIANIA";"Ausência de reação do condutor";"Colisão transversal";"Com Vítimas Feridas";"Plena Noite";"Crescente";"Céu Claro";"Dupla";"Reta";"Sim";3;0;1;0;2;0;1;2;-16,138336;-47,951644;"SPRF-DF";"DEL01-DF";"UOP01-DEL01-DF"
480675;2022-10-14;"sexta-feira";"19:40:00";"BA";116;505;"SANTA TERESINHA";"Acessar a via sem observar a presença dos outros veículos";"Colisão transversal";"Com Vítimas Feridas";"Plena Noite";"Crescente";"Céu Claro";"Simples";"Reta";"Não";2;0;1;0;1;0;1;2;-12,6322809;-39,5979551;"SPRF-BA";"DEL03-BA";"UOP02-DEL03-BA"
480676;2022-10-14;"sexta-feira";"19:58:00";"SC";470;56;"BLUMENAU";"Acessar a via sem observar a presença dos outros veículos";"Colisão transversal";"Com Vítimas Feridas";"Plena Noite";"Decrescente";"Chuva";"Simples";"Reta";"Sim";2;0;1;0;0;1;1;2;-26,87674;-49,127743;"SPRF-SC";"DEL04-SC";"UOP01-DEL04-SC"