"id";"data_inversa";"dia_semana";"horario";"uf";"br";"km";"municipio";"causa_acidente";"tipo_acidente";"classificacao_acidente";"fase_dia";"sentido_via";"condicao_metereologica";"tipo_pista";"tracado_via";"uso_solo";"pessoas";"mortos";"feridos_leves";"feridos_graves";"ilesos";"ignorados";"feridos";"veiculos";"latitude";"longitude";"regional";"delegacia";"uop"
480677;2022-10-14;"sexta-feira";"19:45:00";"RS";392;20,3;"RIO GRANDE";"Condutor deixou de manter distância do veículo da frente";"Colisão traseira";"Sem Vítimas";"Plena Noite";"Decrescente";"Céu Claro";"Dupla";"Reta";"Não";2;0;0;0;1;1;0;2;-32,08657423;-52,20187068;"SPRF-RS";"DEL07-RS";"UOP02-DEL07-RS"
480679;2022-10-14;"sexta-feira";"19:30:00";"RJ";101;42;"CAMPOS DOS GOYTACAZES";"Acessar a via sem observar a presença dos outros veículos";"Colisão traseira";"Sem Vítimas";"Plena Noite";"Crescente";"Céu Claro";"Simples";"Reta";"Não";2;0;0;0;1;1;0;2;-21,56357908;-41,32424043;"SPRF-RJ";"DEL08-RJ";"UOP01-DEL08-RJ"
480680;2022-10-14;"sexta-feira";"22:00:00";"BA";324;618;"SALVADOR";"Reação tardia ou ineficiente do condutor";"Colisão lateral mesmo sentido";"Com Vítimas Feridas";"Plena Noite";"Crescente";"Céu Claro";"Dupla";"Reta";"Sim";2;0;2;0;0;0;2;2;-12,891109;-38,445374;"SPRF-BA";"DEL01-BA";"UOP01-DEL01-BA"
480682;2022-10-14;"sexta-feira";"22:15:00";"PE";232;23,7;"MORENO";"Animais na Pista";"Atropelamento de Animal";"Com Vítimas Feridas";"Plena Noite";"Decrescente";"Céu Claro";"Dupla";"Curva";"Não";2;0;1;0;1;0;1;1;-8,100138;-35,099165;"SPRF-PE";"DEL01-PE";"UOP01-DEL01-PE"
480683;2022-10-14;"sexta-feira";"19:10:00";"RO";319;57;"PORTO VELHO";"Frear bruscamente";"Saída de leito carroçável";"Com Vítimas Feridas";"Plena Noite";"Crescente";"Céu Claro";"Simples";"Reta";"Sim";2;0;2;0;0;0;2;1;-8,739714;-63,93214024;"SPRF-RO";"DEL01-RO";"UOP01-DEL01-RO"
480684;2022-10-14;"sexta-feira";"13:30:00";"RN";304;29;"MOSSORO";"Desrespeitar a preferência no cruzamento";"Colisão transversal";"Com Vítimas Feridas";"Pleno dia";"Decrescente";"Céu Claro";"Simples";"Reta";"Não";2;0;1;1;0;0;2;2;-5,10820698;-37,33904209;"SPRF-RN";"DEL04-RN";"UOP02-DEL04-RN"
480686;2022-10-14;"sexta-feira";"23:05:00";"SC";470;58;"BLUMENAU";"Ingestão de álcool pelo condutor";"Colisão frontal";"Com Vítimas Feridas";"Plena Noite";"Decrescente";"Garoa/Chuvisco";"Simples";"Reta";"Não";4;0;2;0;2;0;2;3;-26,883879;-49,145622;"SPRF-SC";"DEL04-SC";"UOP01-DEL04-SC"
480687;2022-10-14;"sexta-feira";"22:50:00";"PE";232;408;"SERRA TALHADA";"Acessar a via sem observar a presença dos outros veículos";"Colisão transversal";"Com Vítimas Feridas";"Plena Noite";"Crescente";"Céu Claro";"Simples";"Retorno Regulamentado";"Sim";3;0;2;0;1;0;2;2;-7,98371447;-38,28047709;"SPRF-PE";"DEL04-PE";"UOP01-DEL04-PE"
480688;2022-10-14;"sexta-feira";"20:00:00";"MG";365;266;"JOAO PINHEIRO";"Velocidade Incompatível";"Saída de leito carroçável";"Com Vítimas Feridas";"Plena Noite";"Decrescente";"Céu Claro";"Simples";"Curva";"Não";1;0;0;1;0;0;1;1;-17,89515119;-45,56423996;"SPRF-MG";"DEL14-MG";"UOP02-DEL14-MG"
480690;2022-10-14;"sexta-feira";"23:14:00";"RJ";116;294,7;"BARRA MANSA";"Velocidade Incompatível";"Colisão com objeto";"Com Vítimas Fatais";"Plena Noite";"Crescente";"Céu Claro";"Dupla";"Curva";"Sim";7;2;1;3;0;1;4;2;-22,459238;-44,290721;"SPRF-RJ";"DEL07-RJ";"UOP02-DEL07-RJ"
480692;2022-10-14;"sexta-feira";"22:25:00";"RO";364;590;"ITAPUA DO OESTE";"Ingestão de álcool pelo condutor";"Colisão transversal";"Sem Vítimas";"Plena Noite";"Decrescente";"Céu Claro";"Simples";"Reta";"Não";4;0;0;0;3;1;0;3;-9,30997104;-63,14881615;"SPRF-RO";"DEL01-RO";"UOP04-DEL01-RO"
480693;2022-10-14;"sexta-feira";"23:50:00";"RN";101;100;"PARNAMIRIM";"Ingestão de álcool e/ou substâncias psicoativas pelo pedestre";"Colisão traseira";"Com Vítimas Feridas";"Plena Noite";"Decrescente";"Céu Claro";"Dupla";"Curva;Declive";"Sim";2;0;1;0;1;0;1;2;-5,88106901;-35,22542396;"SPRF-RN";"DEL01-RN";"UOP01-DEL01-RN"
480694;2022-10-14;"sexta-feira";"22:50:00";"PR";376;180;"MARINGA";"Manobra de mudança de faixa";"Colisão lateral mesmo sentido";"Com Vítimas Feridas";"Plena Noite";"Crescente";"Nublado";"Dupla";"Reta";"Sim";2;0;0;1;1;0;1;2;-23,42725352;-51,89512271;"SPRF-PR";"DEL09-PR";"UOP01-DEL09-PR"
480696;2022-10-15;"sábado";"00:30:00";"CE";222;4,7;"CAUCAIA";"Condutor deixou de manter distância do veículo da frente";"Colisão traseira";"Sem Vítimas";"Plena Noite";"Decrescente";"Céu Claro";"Dupla";"Reta";"Sim";2;0;0;0;2;0;0;2;-3,74278268;-38,61206174;"SPRF-CE";"DEL01-CE";"UOP01-DEL01-CE"
480699;2022-10-14;"sexta-feira";"19:50:00";"MT";174;119;"CACERES";"Animais na Pista";"Atropelamento de Animal";"Com Vítimas Feridas";"Plena Noite";"Decrescente";"Céu Claro";"Simples";"Reta";"Não";2;0;1;0;1;0;1;2;-15,82133288;-58,04157968;"SPRF-MT";"DEL03-MT";"UOP01-DEL03-MT"
480700;2022-10-15;"sábado";"01:30:00";"PI";316;4,6;"TERESINA";"Condutor Dormindo";"Colisão com objeto";"Sem Vítimas";"Plena Noite";"Crescente";"Céu Claro";"Múltipla";"Reta";"Sim";1;0;0;0;1;0;0;1;-5,13655894;-42,78900388;"SPRF-PI";"DEL01-PI";"UOP02-DEL01-PI"
480701;2022-10-15;"sábado";"02:20:00";"RS";290;79,5;"GRAVATAI";"Reação tardia ou ineficiente do condutor";"Saída de leito carroçável";"Com Vítimas Feridas";"Plena Noite";"Decrescente";"Ignorado";"Dupla";"Curva";"Sim";3;0;2;0;1;0;2;1;-29,952908;-51,048054;"SPRF-RS";"DEL01-RS";"UOP01-DEL01-RS"
480702;2022-10-15;"sábado";"01:55:00";"SP";116;131;"CACAPAVA";"Ausência de reação do condutor";"Saída de leito carroçável";"Com Vítimas Feridas";"Plena Noite";"Decrescente";"Céu Claro";"Dupla";"Reta";"Não";2;0;1;0;1;0;1;2;-23,12742083;-45,73636609;"SPRF-SP";"DEL02-SP";"UOP02-DEL02-SP"
480703;2022-10-15;"sábado";"02:43:00";"RS";285;453,9;"IJUI";"Ausência de reação do condutor";"Colisão traseira";"Sem Vítimas";"Plena Noite";"Crescente";"Céu Claro";"Simples";"Reta";"Não";7;0;0;0;7;0;0;3;-28,37905427;-53,87480736;"SPRF-RS";"DEL10-RS";"UOP01-DEL10-RS"
480704;2022-10-14;"sexta-feira";"23:45:00";"CE";230;26;"LAVRAS DA MANGABEIRA";"Reação tardia ou ineficiente do condutor";"Colisão traseira";"Com Vítimas Fatais";"Plena Noite";"Decrescente";"Céu Claro";"Simples";"Reta";"Não";3;1;0;0;0;2;0;2;-6,75538324;-38,84655916;"SPRF-CE";"DEL05-CE";"UOP01-DEL05-CE"
480707;2022-10-15;"sábado";"03:05:00";"RS";116;182,9;"NOVA PETROPOLIS";"Reação tardia ou ineficiente do condutor";"Colisão com objeto";"Com Vítimas Feridas";"Plena Noite";"Decrescente";"Céu Claro";"Simples";"Reta";"Sim";1;0;1;0;0;0;1;1;-29,37717723;-51,13119495;"SPRF-RS";"DEL05-RS";"UOP02-DEL05-RS"
480708;2022-10-15;"sábado";"02:55:00";"RS";116;246;"SAO LEOPOLDO";"Ausência de reação do condutor";"Saída de leito carroçável";"Sem Vítimas";"Plena Noite";"Crescente";"Nublado";"Dupla";"Curva";"Sim";1;0;0;0;1;0;0;1;-29,758751;-51,15186806;"SPRF-RS";"DEL01-RS";"UOP02-DEL01-RS"
480709;2022-10-15;"sábado";"03:20:00";"PR";369;154;"LONDRINA";"Ingestão de álcool e/ou substâncias psicoativas pelo pedestre";"Atropelamento de Pedestre";"Com Vítimas Feridas";"Plena Noite";"Decrescente";"Nublado";"Dupla";"Reta";"Sim";4;0;0;1;1;2;1;3;-23,29748658;-51,20084882;"SPRF-PR";"DEL07-PR";"UOP01-DEL07-PR"
480710;2022-10-15;"sábado";"02:28:00";"RO";319;62;"PORTO VELHO";"Condutor desrespeitou a iluminação vermelha do semáforo";"Colisão transversal";"Sem Vítimas";"Plena Noite";"Crescente";"Céu Claro";"Múltipla";"Interseção de Vias";"Sim";7;0;0;0;7;0;0;2;-8,74929873;-63,88822669;"SPRF-RO";"DEL01-RO";"UOP01-DEL01-RO"
480711;2022-10-15;"sábado";"03:50:00";"BA";116;487;"RAFAEL JAMBEIRO";"Condutor deixou de manter distância do veículo da frente";"Tombamento";"Com Vítimas Feridas";"Plena Noite";"Decrescente";"Céu Claro";"Dupla";"Reta";"Não";2;0;0;1;0;1;1;1;-12,53701833;-39,42527283;"SPRF-BA";"DEL02-BA";"UOP01-DEL02-BA"
480712;2022-10-14;"sexta-feira";"08:00:00";"ES";101;149;"LINHARES";"Condutor desrespeitou a iluminação vermelha do semáforo";"Colisão transversal";"Com Vítimas Feridas";"Pleno dia";"Crescente";"Céu Claro";"Dupla";"Interseção de Vias";"Sim";2;0;1;0;1;0;1;2;-19,39619083;-40,06435871;"SPRF-ES";"DEL04-ES";"UOP01-DEL04-ES"
480713;2022-10-14;"sexta-feira";"19:20:00";"BA";324;537,3;"AMELIA RODRIGUES";"Velocidade Incompatível";"Saída de leito carroçável";"Com Vítimas Feridas";"Plena Noite";"Decrescente";"Céu Claro";"Dupla";"Curva";"Não";2;0;1;1;0;0;2;1;-12,38018181;-38,79902682;"SPRF-BA";"DEL01-BA";"UOP03-DEL01-BA"
480714;2022-10-15;"sábado";"03:00:00";"BA";242;584;"IBOTIRAMA";"Animais na Pista";"Queda de ocupante de veículo";"Com Vítimas Feridas";"Plena Noite";"Crescente";"Céu Claro";"Simples";"Reta";"Sim";1;0;0;1;0;0;1;1;-12,05618113;-43,0936399;"SPRF-BA";"DEL10-BA";"UOP02-DEL10-BA"
480716;2022-10-15;"sábado";"03:10:00";"RJ";101;297;"ITABORAI";"Ausência de reação do condutor";"Colisão com objeto";"Sem Vítimas";"Plena Noite";"Decrescente";"Chuva";"Simples";"Curva";"Sim";1;0;0;0;1;0;0;1;-22,76942037;-42,91873581;"SPRF-RJ";"DEL02-RJ";"UOP02-DEL02-RJ"
480717;2022-10-14;"sexta-feira";"20:31:00";"RN";304;43;"MOSSORO";"Demais falhas mecânicas ou elétricas";"Queda de ocupante de veículo";"Com Vítimas Feridas";"Plena Noite";"Crescente";"Céu Claro";"Simples";"Ponte";"Não";2;0;1;0;0;1;1;1;-5,21815835;-37,36500124;"SPRF-RN";"DEL04-RN";"UOP01-DEL04-RN"
480718;2022-10-15;"sábado";"04:40:00";"PR";277;83;"CURITIBA";"Ingestão de álcool pelo condutor";"Colisão lateral mesmo sentido";"Sem Vítimas";"Amanhecer";"Decrescente";"Chuva";"Dupla";"Reta";"Sim";5;0;0;0;5;0;0;4;-25,45724;-49,22281;"SPRF-PR";"DEL01-PR";"UOP01-DEL01-PR"
480720;2022-10-15;"sábado";"04:40:00";"SC";101;355,5;"SANGAO";"Ingestão de álcool pelo condutor";"Saída de leito carroçável";"Sem Vítimas";"Plena Noite";"Crescente";"Chuva";"Dupla";"Reta";"Não";2;0;0;0;2;0;0;1;-28,62380715;-49,07828489;"SPRF-SC";"DEL02-SC";"UOP01-DEL02-SC"
480723;2022-10-15;"sábado";"04:20:00";"SC";101;312,4;"LAGUNA";"Ingestão de álcool pelo condutor";"Capotamento";"Com Vítimas Feridas";"Plena Noite";"Crescente";"Chuva";"Simples";"Ponte;Em Obras;Retorno Regulamentado;Declive";"Sim";2;0;1;0;0;1;1;2;-28,43939306;-48,82811308;"SPRF-SC";"DEL02-SC";"UOP01-DEL02-SC"
480725;2022-10-15;"sábado";"05:40:00";"RS";101;49,6;"TERRA DE AREIA";"Chuva";"Tombamento";"Com Vítimas Feridas";"Amanhecer";"Crescente";"Chuva";"Dupla";"Reta";"Sim";1;0;0;1;0;0;1;1;-29,59966133;-50,08022057;"SPRF-RS";"DEL03-RS";"UOP02-DEL03-RS"
480726;2022-09-28;"quarta-feira";"16:30:00";"MG";262;37,9;"MANHUACU";"Ingestão de álcool pelo condutor";"Colisão transversal";"Com Vítimas Feridas";"Pleno dia";"Crescente";"Nublado";"Simples";"Reta";"Sim";3;0;1;0;2;0;1;2;-20,271885;-42,151598;"SPRF-MG";"DEL06-MG";"UOP03-DEL06-MG"
480730;2022-10-14;"sexta-feira";"17:40:00";"SC";282;418,8;"VARGEM BONITA";"Velocidade Incompatível";"Capotamento";"Com Vítimas Feridas";"Anoitecer";"Decrescente";"Nublado";"Simples";"Reta";"Não";1;0;1;0;0;0;1;1;-27,024965;-51,730766;"SPRF-SC";"DEL07-SC";"UOP05-DEL07-SC"
480731;2022-10-15;"sábado";"07:30:00";"SP";101;48,7;"UBATUBA";"Acessar a via sem observar a presença dos outros veículos";"Colisão transversal";"Com Vítimas Feridas";"Pleno dia";"Crescente";"Nublado";"Simples";"Reta";"Não";2;0;1;0;1;0;1;2;-23,44410908;-45,08375708;"SPRF-SP";"DEL06-SP";"UOP01-DEL06-SP"
480732;2022-10-15;"sábado";"07:20:00";"SC";101;193;"BIGUACU";"Frear bruscamente";"Colisão traseira";"Com Vítimas Feridas";"Pleno dia";"Decrescente";"Garoa/Chuvisco";"Simples";"Em Obras";"Não";3;0;2;0;1;0;2;2;-27,489574;-48,655914;"SPRF-SC";"DEL01-SC";"UOP01-DEL01-SC"
480734;2022-10-15;"sábado";"07:00:00";"SP";116;564;"BARRA DO TURVO";"Reação tardia ou ineficiente do condutor";"Colisão com objeto";"Com Vítimas Feridas";"Pleno dia";"Crescente";"Chuva";"Simples";"Reta";"Não";1;0;1;0;0;0;1;1;-25,03970372;-48,54851291;"SPRF-SP";"DEL05-SP";"UOP02-DEL05-SP"
480735;2022-10-14;"sexta-feira";"23:20:00";"BA";116;576;"BREJOES";"Pedestre andava na pista";"Atropelamento de Pedestre";"Com Vítimas Feridas";"Plena Noite";"Decrescente";"Céu Claro";"Simples";"Reta";"Não";2;0;0;1;0;1;1;2;-13,0889723;-39,9628525;"SPRF-BA";"DEL03-BA";"UOP02-DEL03-BA"
480736;2022-10-15;"sábado";"06:30:00";"SC";101;216;"PALHOCA";"Ausência de reação do condutor";"Colisão com objeto";"Com Vítimas Feridas";"Pleno dia";"Crescente";"Chuva";"Dupla";"Viaduto;Retorno Regulamentado";"Sim";1;0;1;0;0;0;1;1;-27,65981409;-48,67747798;"SPRF-SC";"DEL01-SC";"UOP02-DEL01-SC"
480738;2022-10-15;"sábado";"07:40:00";"PB";230;152,7;"CAMPINA GRANDE";"Ausência de reação do condutor";"Colisão transversal";"Com Vítimas Feridas";"Amanhecer";"Decrescente";"Céu Claro";"Simples";"Curva";"Sim";2;0;1;0;1;0;1;2;-7,2688;-35,8837;"SPRF-PB";"DEL02-PB";"UOP01-DEL02-PB"
480739;2022-10-15;"sábado";"07:45:00";"RS";116;260;"CANOAS";"Reação tardia ou ineficiente do condutor";"Colisão traseira";"Sem Vítimas";"Pleno dia";"Decrescente";"Céu Claro";"Dupla";"Reta";"Sim";9;0;0;0;9;0;0;2;-29,879208;-51,18045622;"SPRF-RS";"DEL01-RS";"UOP01-DEL01-RS"
480740;2022-10-15;"sábado";"06:30:00";"PR";369;188;"ARAPONGAS";"Ausência de reação do condutor";"Saída de leito carroçável";"Sem Vítimas";"Amanhecer";"Decrescente";"Garoa/Chuvisco";"Dupla";"Reta";"Sim";1;0;0;0;0;1;0;1;-23,43745848;-51,42208815;"SPRF-PR";"DEL07-PR";"UOP03-DEL07-PR"
480741;2022-10-15;"sábado";"00:40:00";"SC";163;73,6;"SAO MIGUEL DO OESTE";"Ingestão de álcool pelo condutor";"Colisão com objeto";"Com Vítimas Feridas";"Plena Noite";"Decrescente";"Céu Claro";"Dupla";"Aclive;Reta";"Sim";1;0;1;0;0;0;1;1;-26,70576563;-53,51369619;"SPRF-SC";"DEL07-SC";"UOP03-DEL07-SC"
480742;2022-10-15;"sábado";"07:30:00";"SC";470;122,6;"IBIRAMA";"Velocidade Incompatível";"Saída de leito carroçável";"Com Vítimas Feridas";"Pleno dia";"Crescente";"Nublado";"Simples";"Curva";"Não";4;0;3;1;0;0;4;1;-27,099888;-49,527679;"SPRF-SC";"DEL04-SC";"UOP02-DEL04-SC"
480743;2022-10-15;"sábado";"06:45:00";"RS";285;70,4;"BOM JESUS";"Reação tardia ou ineficiente do condutor";"Saída de leito carroçável";"Com Vítimas Feridas";"Amanhecer";"Decrescente";"Céu Claro";"Simples";"Reta";"Não";2;0;1;0;1;0;1;1;-28,642218;-50,507008;"SPRF-RS";"DEL05-RS";"UOP03-DEL05-RS"
480744;2022-10-03;"segunda-feira";"20:20:00";"PR";369;164,5;"CAMBE";"Reação tardia ou ineficiente do condutor";"Colisão traseira";"Com Vítimas Feridas";"Plena Noite";"Decrescente";"Nublado";"Dupla";"Reta;Declive";"Não";2;0;1;0;1;0;1;2;-23,295399;-51,289395;"SPRF-PR";"DEL07-PR";"UOP01-DEL07-PR"
480747;2022-10-15;"sábado";"08:30:00";"SP";116;201;"ARUJA";"Acumulo de areia ou detritos sobre o pavimento";"Queda de ocupante de veículo";"Com Vítimas Feridas";"Pleno dia";"Crescente";"Céu Claro";"Múltipla";"Curva";"Não";1;0;1;0;0;0;1;1;-23,40362877;-46,33050107;"SPRF-SP";"DEL01-SP";"NPF/DEL01-SP"
480748;2022-10-15;"sábado";"07:43:00";"PR";277;293;"PRUDENTOPOLIS";"Chuva";"Saída de leito carroçável";"Com Vítimas Feridas";"Pleno dia";"Crescente";"Garoa/Chuvisco";"Simples";"Reta";"Não";1;0;1;0;0;0;1;1;-25,31908557;-51,03200708;"SPRF-PR";"DEL08-PR";"UOP02-DEL08-PR"
480749;2022-10-15;"sábado";"08:30:00";"ES";262;45,4;"MARECHAL FLORIANO";"Condutor deixou de manter distância do veículo da frente";"Colisão traseira";"Com Vítimas Feridas";"Pleno dia";"Crescente";"Chuva";"Simples";"Reta";"Sim";2;0;1;0;1;0;1;2;-20,4003751;-40,67212366;"SPRF-ES";"DEL01-ES";"UOP01-DEL01-ES"
480750;2022-10-15;"sábado";"05:30:00";"SP";116;485;"CAJATI";"Reação tardia ou ineficiente do condutor";"Colisão com objeto";"Sem Vítimas";"Amanhecer";"Decrescente";"Garoa/Chuvisco";"Dupla";"Reta";"Não";5;0;0;0;4;1;0;1;-24,72188994;-48,072155;"SPRF-SP";"DEL05-SP";"UOP01-DEL05-SP"
480751;2022-10-15;"sábado";"07:50:00";"RN";101;94;"NATAL";"Condutor deixou de manter distância do veículo da frente";"Colisão traseira";"Com Vítimas Feridas";"Pleno dia";"Decrescente";"Sol";"Múltipla";"Reta";"Sim";2;0;1;0;1;0;1;2;-5,83176615;-35,21191342;"SPRF-RN";"DEL01-RN";"UOP01-DEL01-RN"
480753;2022-10-15;"sábado";"07:40:00";"PR";376;217;"JANDAIA DO SUL";"Problema com o freio";"Colisão transversal";"Com Vítimas Feridas";"Pleno dia";"Crescente";"Céu Claro";"Simples";"Interseção de Vias";"Sim";2;0;1;0;1;0;1;2;-23,5978436;-51,62416462;"SPRF-PR";"DEL09-PR";"UOP01-DEL09-PR"
480754;2022-10-15;"sábado";"06:40:00";"MT";364;557;"NOBRES";"Ausência de reação do condutor";"Colisão com objeto";"Sem Vítimas";"Amanhecer";"Crescente";"Sol";"Dupla";"Retorno Regulamentado";"Não";1;0;0;0;0;1;0;1;-14,754966;-56,337366;"SPRF-MT";"DEL01-MT";"UOP01-DEL01-MT"
480755;2022-10-15;"sábado";"08:10:00";"RS";290;256,7;"CACHOEIRA DO SUL";"Demais falhas mecânicas ou elétricas";"Incêndio";"Sem Vítimas";"Pleno dia";"Crescente";"Céu Claro";"Simples";"Reta";"Sim";1;0;0;0;1;0;0;1;-30,2539777;-52,80130148;"SPRF-RS";"DEL02-RS";"UOP03-DEL02-RS"
480756;2022-10-15;"sábado";"09:00:00";"MG";381;495;"BETIM";"Reação tardia ou ineficiente do condutor";"Colisão com objeto";"Com Vítimas Feridas";"Pleno dia";"Decrescente";"Céu Claro";"Dupla";"Curva";"Sim";2;0;1;0;1;0;1;2;-19,98890883;-44,20522016;"SPRF-MG";"DEL01-MG";"UOP03-DEL01-MG"
480757;2022-10-15;"sábado";"08:48:00";"RS";290;54,5;"GLORINHA";"Reação tardia ou ineficiente do condutor";"Capotamento";"Com Vítimas Feridas";"Pleno dia";"Decrescente";"Nublado";"Dupla";"Reta";"Não";4;0;2;0;2;0;2;1;-29,91179333;-50,77640533;"SPRF-RS";"DEL03-RS";"UOP01-DEL03-RS"
480761;2022-10-15;"sábado";"08:30:00";"SP";101;18;"UBATUBA";"Ausência de reação do condutor";"Saída de leito carroçável";"Com Vítimas Feridas";"Pleno dia";"Decrescente";"Céu Claro";"Simples";"Reta";"Não";1;0;1;0;0;0;1;1;-23,31746811;-44,899601;"SPRF-SP";"DEL06-SP";"UOP01-DEL06-SP"
480762;2022-10-15;"sábado";"07:50:00";"MG";50;68;"UBERLANDIA";"Demais falhas mecânicas ou elétricas";"Incêndio";"Sem Vítimas";"Pleno dia";"Crescente";"Céu Claro";"Dupla";"Reta";"Sim";1;0;0;0;1;0;0;1;-18,88182318;-48,26416254;"SPRF-MG";"DEL15-MG";"UOP02-DEL15-MG"
480764;2022-10-15;"sábado";"06:20:00";"RO";364;561;"ALTO PARAISO";"Reação tardia ou ineficiente do condutor";"Saída de leito carroçável";"Com Vítimas Feridas";"Pleno dia";"Decrescente";"Céu Claro";"Simples";"Reta";"Não";2;0;2;0;0;0;2;1;-9,552824;-63,07573404;"SPRF-RO";"DEL01-RO";"UOP04-DEL01-RO"
480765;2022-10-15;"sábado";"09:10:00";"RJ";40;51;"PETROPOLIS";"Reação tardia ou ineficiente do condutor";"Queda de ocupante de veículo";"Com Vítimas Feridas";"Pleno dia";"Decrescente";"Céu Claro";"Dupla";"Curva";"Não";2;0;1;0;1;0;1;1;-22,32705315;-43,13253559;"SPRF-RJ";"DEL05-RJ";"UOP02-DEL05-RJ"
480766;2022-10-15;"sábado";"08:40:00";"RS";116;575;"PEDRO OSORIO";"Condutor deixou de manter distância do veículo da frente";"Tombamento";"Com Vítimas Feridas";"Pleno dia";"Crescente";"Nublado";"Simples";"Reta";"Não";2;0;2;0;0;0;2;1;-31,9966586;-52,80967041;"SPRF-RS";"DEL07-RS";"UOP03-DEL07-RS"
480767;2022-10-15;"sábado";"07:40:00";"MG";116;424;"ALPERCATA";"Desrespeitar a preferência no cruzamento";"Colisão transversal";"Com Vítimas Feridas";"Pleno dia";"Decrescente";"Nublado";"Simples";"Retorno Regulamentado;Reta";"Sim";2;0;0;1;1;0;1;2;-18,95689528;-41,96500492;"SPRF-MG";"DEL06-MG";"UOP01-DEL06-MG"
480769;2022-10-15;"sábado";"09:40:00";"SC";282;48,1;"AGUAS MORNAS";"Reação tardia ou ineficiente do condutor";"Colisão frontal";"Sem Vítimas";"Pleno dia";"Crescente";"Garoa/Chuvisco";"Simples";"Curva";"Não";2;0;0;0;2;0;0;2;-27,714352;-48,938072;"SPRF-SC";"DEL01-SC";"UOP03-DEL01-SC"
480772;2022-10-15;"sábado";"09:38:00";"GO";40;49,2;"LUZIANIA";"Ausência de reação do condutor";"Colisão com objeto";"Com Vítimas Feridas";"Pleno dia";"Crescente";"Céu Claro";"Simples";"Aclive";"Não";1;0;1;0;0;0;1;1;-16,433945;-47,815178;"SPRF-DF";"DEL01-DF";"UOP02-DEL01-DF"
480774;2022-10-15;"sábado";"09:50:00";"DF";70;12,5;"BRASILIA";"Entrada inopinada do pedestre";"Atropelamento de Pedestre";"Com Vítimas Feridas";"Pleno dia";"Decrescente";"Céu Claro";"Dupla";"Reta";"Sim";3;0;2;0;0;1;2;2;-15,79374;-48,162818;"SPRF-DF";"DEL03-DF";"UOP02-DEL03-DF"
480775;2022-10-15;"sábado";"10:00:00";"SP";116;229;"SAO PAULO";"Ausência de reação do condutor";"Colisão traseira";"Com Vítimas Feridas";"Pleno dia";"Decrescente";"Céu Claro";"Dupla";"Reta";"Sim";2;0;1;0;1;0;1;2;-23,51291902;-46,57604698;"SPRF-SP";"DEL01-SP";"UOP01-DEL01-SP"
480776;2022-10-15;"sábado";"08:00:00";"PR";467;82,6;"CASCAVEL";"Velocidade Incompatível";"Saída de leito carroçável";"Com Vítimas Feridas";"Pleno dia";"Decrescente";"Céu Claro";"Dupla";"Declive;Curva";"Não";1;0;1;0;0;0;1;1;-24,8057;-53,6718;"SPRF-PR";"DEL04-PR";"UOP01-DEL04-PR"
480777;2022-10-15;"sábado";"07:48:00";"ES";262;115,1;"CONCEICAO DO CASTELO";"Acessar a via sem observar a presença dos outros veículos";"Colisão transversal";"Com Vítimas Feridas";"Pleno dia";"Crescente";"Céu Claro";"Simples";"Interseção de Vias";"Não";5;0;4;1;0;0;5;2;-20,32053818;-41,21864322;"SPRF-ES";"DEL01-ES";"UOP02-DEL01-ES"
480779;2022-10-15;"sábado";"10:00:00";"RJ";116;200;"SEROPEDICA";"Condutor deixou de manter distância do veículo da frente";"Colisão traseira";"Com Vítimas Feridas";"Pleno dia";"Crescente";"Céu Claro";"Dupla";"Reta";"Não";4;0;1;0;0;3;1;3;-22,7306082;-43,59401795;"SPRF-RJ";"DEL01-RJ";"UOP03-DEL01-RJ"
480782;2022-10-15;"sábado";"08:40:00";"SP";116;86,8;"PINDAMONHANGABA";"Demais falhas mecânicas ou elétricas";"Queda de ocupante de veículo";"Com Vítimas Feridas";"Pleno dia";"Decrescente";"Nublado";"Múltipla";"Reta";"Sim";2;0;2;0;0;0;2;1;-22,92639476;-45,35307511;"SPRF-SP";"DEL08-SP";"UOP01-DEL08-SP"
480783;2022-10-15;"sábado";"09:00:00";"SP";459;31,3;"LORENA";"Ausência de reação do condutor";"Colisão traseira";"Sem Vítimas";"Pleno dia";"Crescente";"Sol";"Simples";"Reta";"Sim";2;0;0;0;1;1;0;2;-22,732813;-45,098679;"SPRF-SP";"DEL08-SP";"UOP02-DEL08-SP"
480786;2022-10-15;"sábado";"09:30:00";"BA";110;398;"SAO SEBASTIAO DO PASSE";"Reação tardia ou ineficiente do condutor";"Colisão com objeto";"Com Vítimas Feridas";"Pleno dia";"Decrescente";"Céu Claro";"Simples";"Reta";"Sim";2;0;2;0;0;0;2;1;-12,50766107;-38,49626949;"SPRF-BA";"DEL01-BA";"UOP01-DEL01-BA"
480788;2022-10-15;"sábado";"10:50:00";"RN";101;72,3;"EXTREMOZ";"Retorno proibido";"Colisão transversal";"Com Vítimas Feridas";"Pleno dia";"Crescente";"Céu Claro";"Simples";"Declive";"Não";2;0;1;0;1;0;1;2;-5,69866248;-35,26316835;"SPRF-RN";"DEL02-RN";"UOP01-DEL02-RN"
480789;2022-10-15;"sábado";"11:30:00";"MG";40;428,3;"PARAOPEBA";"Reação tardia ou ineficiente do condutor";"Saída de leito carroçável";"Com Vítimas Feridas";"Pleno dia";"Decrescente";"Sol";"Dupla";"Reta";"Não";4;0;3;0;1;0;3;1;-19,17978192;-44,50112094;"SPRF-MG";"DEL02-MG";"UOP01-DEL02-MG"