"id";"data_inversa";"dia_semana";"horario";"uf";"br";"km";"municipio";"causa_acidente";"tipo_acidente";"classificacao_acidente";"fase_dia";"sentido_via";"condicao_metereologica";"tipo_pista";"tracado_via";"uso_solo";"pessoas";"mortos";"feridos_leves";"feridos_graves";"ilesos";"ignorados";"feridos";"veiculos";"latitude";"longitude";"regional";"delegacia";"uop"
480790;2022-10-15;"sábado";"11:30:00";"RS";158;286,8;"JULIO DE CASTILHOS";"Transitar na contramão";"Colisão frontal";"Com Vítimas Feridas";"Pleno dia";"Crescente";"Céu Claro";"Simples";"Reta;Interseção de Vias";"Não";5;0;2;1;1;1;3;3;-29,437797;-53,67795;"SPRF-RS";"DEL09-RS";"UOP01-DEL09-RS"
480791;2022-10-15;"sábado";"09:00:00";"MT";364;229;"RONDONOPOLIS";"Pista esburacada";"Tombamento";"Com Vítimas Feridas";"Pleno dia";"Crescente";"Céu Claro";"Dupla";"Reta";"Não";1;0;1;0;0;0;1;1;-16,27386983;-54,77074365;"SPRF-MT";"DEL02-MT";"UOP01-DEL02-MT"
480793;2022-10-15;"sábado";"11:00:00";"PR";376;437;"TIBAGI";"Reação tardia ou ineficiente do condutor";"Saída de leito carroçável";"Com Vítimas Feridas";"Pleno dia";"Crescente";"Garoa/Chuvisco";"Dupla";"Curva";"Não";1;0;1;0;0;0;1;1;-24,84593393;-50,47413272;"SPRF-PR";"DEL03-PR";"UOP02-DEL03-PR"
480795;2022-10-15;"sábado";"07:30:00";"RJ";356;1;"ITAPERUNA";"Reação tardia ou ineficiente do condutor";"Saída de leito carroçável";"Com Vítimas Feridas";"Pleno dia";"Crescente";"Sol";"Simples";"Curva";"Não";5;0;5;0;0;0;5;1;-21,14556189;-42,16902494;"SPRF-RJ";"DEL08-RJ";"UOP03-DEL08-RJ"
480797;2022-10-15;"sábado";"11:20:00";"PR";277;263;"IRATI";"Velocidade Incompatível";"Saída de leito carroçável";"Com Vítimas Feridas";"Pleno dia";"Decrescente";"Garoa/Chuvisco";"Simples";"Reta";"Não";2;0;2;0;0;0;2;1;-25,41505082;-50,76881088;"SPRF-PR";"DEL08-PR";"UOP02-DEL08-PR"
480799;2022-10-15;"sábado";"12:30:00";"ES";101;67;"SAO MATEUS";"Condutor desrespeitou a iluminação vermelha do semáforo";"Colisão transversal";"Com Vítimas Feridas";"Pleno dia";"Crescente";"Céu Claro";"Dupla";"Interseção de Vias";"Sim";2;0;1;0;1;0;1;2;-18,72054021;-39,8658931;"SPRF-ES";"DEL04-ES";"UOP02-DEL04-ES"
480802;2022-10-15;"sábado";"13:30:00";"PR";369;147,9;"LONDRINA";"Ausência de reação do condutor";"Atropelamento de Pedestre";"Com Vítimas Feridas";"Pleno dia";"Decrescente";"Céu Claro";"Dupla";"Reta";"Sim";2;0;1;0;1;0;1;2;-23,29314088;-51,14176512;"SPRF-PR";"DEL07-PR";"UOP01-DEL07-PR"
480803;2022-10-15;"sábado";"13:32:00";"ES";101;297,2;"VIANA";"Avarias e/ou desgaste excessivo no pneu";"Saída de leito carroçável";"Sem Vítimas";"Pleno dia";"Decrescente";"Nublado";"Dupla";"Reta";"Sim";1;0;0;0;0;1;0;1;-20,34891225;-40,41204929;"SPRF-ES";"DEL01-ES";"UOP01-DEL01-ES"
480804;2022-10-15;"sábado";"12:40:00";"MG";116;516,4;"UBAPORANGA";"Ingestão de álcool pelo condutor";"Saída de leito carroçável";"Com Vítimas Feridas";"Pleno dia";"Decrescente";"Céu Claro";"Simples";"Reta";"Não";1;0;1;0;0;0;1;1;-19,69633994;-42,11689689;"SPRF-MG";"DEL06-MG";"UOP02-DEL06-MG"
480805;2022-10-15;"sábado";"12:30:00";"BA";324;611;"SIMOES FILHO";"Avarias e/ou desgaste excessivo no pneu";"Queda de ocupante de veículo";"Com Vítimas Feridas";"Pleno dia";"Decrescente";"Céu Claro";"Dupla";"Reta";"Não";2;0;1;1;0;0;2;1;-12,83798396;-38,41427011;"SPRF-BA";"DEL01-BA";"UOP01-DEL01-BA"
480806;2022-10-15;"sábado";"13:30:00";"AL";101;136;"SAO MIGUEL DOS CAMPOS";"Acessar a via sem observar a presença dos outros veículos";"Queda de ocupante de veículo";"Com Vítimas Feridas";"Pleno dia";"Crescente";"Nublado";"Simples";"Rotatória";"Sim";1;0;0;1;0;0;1;1;-9,77912076;-36,10628843;"SPRF-AL";"DEL02-AL";"UOP01-DEL02-AL"
480808;2022-10-15;"sábado";"14:40:00";"RN";101;83;"SAO GONCALO DO AMARANTE";"Desrespeitar a preferência no cruzamento";"Colisão transversal";"Com Vítimas Feridas";"Pleno dia";"Decrescente";"Céu Claro";"Múltipla";"Rotatória";"Sim";2;0;1;0;1;0;1;2;-5,7710445;-35,26616981;"SPRF-RN";"DEL02-RN";"UOP01-DEL02-RN"
480809;2022-10-15;"sábado";"14:20:00";"MG";381;479;"CONTAGEM";"Ausência de reação do condutor";"Colisão com objeto";"Com Vítimas Feridas";"Pleno dia";"Decrescente";"Céu Claro";"Dupla";"Curva";"Sim";1;0;1;0;0;0;1;1;-19,95889605;-44,069202;"SPRF-MG";"DEL01-MG";"UOP03-DEL01-MG"
480810;2022-10-15;"sábado";"14:34:00";"RN";101;141;"ARES";"Ausência de reação do condutor";"Capotamento";"Com Vítimas Feridas";"Pleno dia";"Decrescente";"Céu Claro";"Dupla";"Aclive";"Sim";2;0;1;0;1;0;1;1;-6,21554008;-35,21546521;"SPRF-RN";"DEL01-RN";"UOP01-DEL01-RN"
480811;2022-10-15;"sábado";"15:00:00";"RS";386;384;"TABAI";"Ausência de reação do condutor";"Atropelamento de Pedestre";"Com Vítimas Feridas";"Pleno dia";"Crescente";"Nublado";"Dupla";"Reta";"Não";3;0;1;1;0;1;2;2;-29,67623364;-51,73180819;"SPRF-RS";"DEL04-RS";"NPF/DEL04-RS"
480812;2022-10-15;"sábado";"14:40:00";"SC";282;54,9;"AGUAS MORNAS";"Pista Escorregadia";"Capotamento";"Com Vítimas Feridas";"Pleno dia";"Decrescente";"Chuva";"Simples";"Curva";"Não";2;0;1;0;1;0;1;1;-27,685799;-48,974514;"SPRF-SC";"DEL01-SC";"UOP03-DEL01-SC"
480813;2022-10-15;"sábado";"15:00:00";"PR";277;623;"CEU AZUL";"Demais falhas mecânicas ou elétricas";"Incêndio";"Sem Vítimas";"Pleno dia";"Crescente";"Nublado";"Simples";"Reta";"Não";2;0;0;0;2;0;0;1;-25,09721181;-53,73467528;"SPRF-PR";"DEL05-PR";"UOP02-DEL05-PR"
480814;2022-10-15;"sábado";"09:00:00";"SC";470;87;"ASCURRA";"Ausência de reação do condutor";"Tombamento";"Com Vítimas Feridas";"Pleno dia";"Crescente";"Nublado";"Simples";"Rotatória";"Não";2;0;2;0;0;0;2;1;-26,948483;-49,366833;"SPRF-SC";"DEL04-SC";"UOP01-DEL04-SC"
480815;2022-10-15;"sábado";"07:30:00";"CE";222;264;"COREAU";"Acessar a via sem observar a presença dos outros veículos";"Colisão transversal";"Com Vítimas Feridas";"Pleno dia";"Decrescente";"Sol";"Simples";"Reta";"Sim";2;0;0;1;1;0;1;2;-3,7479809;-40,68469599;"SPRF-CE";"DEL04-CE";"UOP02-DEL04-CE"
480817;2022-10-15;"sábado";"15:15:00";"GO";60;111,2;"GOIANAPOLIS";"Ausência de reação do condutor";"Saída de leito carroçável";"Com Vítimas Feridas";"Pleno dia";"Decrescente";"Sol";"Dupla";"Declive";"Não";1;0;1;0;0;0;1;1;-16,451;-49,0409;"SPRF-GO";"DEL01-GO";"UOP01-DEL01-GO"
480818;2022-10-15;"sábado";"12:40:00";"RJ";493;6;"ITABORAI";"Acesso irregular";"Colisão transversal";"Com Vítimas Feridas";"Pleno dia";"Crescente";"Céu Claro";"Simples";"Reta";"Sim";3;0;1;0;1;1;1;2;-22,73124198;-42,95145305;"SPRF-RJ";"DEL02-RJ";"UOP02-DEL02-RJ"
480819;2022-10-15;"sábado";"15:50:00";"DF";80;8;"BRASILIA";"Acessar a via sem observar a presença dos outros veículos";"Saída de leito carroçável";"Sem Vítimas";"Pleno dia";"Crescente";"Céu Claro";"Simples";"Reta";"Não";4;0;0;0;4;0;0;1;-15,731198;-48,148598;"SPRF-DF";"DEL03-DF";"UOP02-DEL03-DF"
480820;2022-10-15;"sábado";"15:00:00";"SC";470;129,6;"LONTRAS";"Velocidade Incompatível";"Saída de leito carroçável";"Sem Vítimas";"Pleno dia";"Crescente";"Garoa/Chuvisco";"Simples";"Reta";"Não";1;0;0;0;1;0;0;1;-27,148499;-49,556137;"SPRF-SC";"DEL04-SC";"UOP02-DEL04-SC"
480822;2022-10-15;"sábado";"16:20:00";"PI";343;7,5;"PARNAIBA";"Condutor deixou de manter distância do veículo da frente";"Colisão traseira";"Com Vítimas Feridas";"Pleno dia";"Crescente";"Céu Claro";"Simples";"Reta";"Sim";2;0;1;0;0;1;1;2;-2,89881735;-41,72021812;"SPRF-PI";"DEL05-PI";"UOP01-DEL05-PI"
480823;2022-10-15;"sábado";"16:50:00";"SP";116;138,5;"SAO JOSE DOS CAMPOS";"Demais falhas mecânicas ou elétricas";"Tombamento";"Com Vítimas Feridas";"Pleno dia";"Decrescente";"Nublado";"Dupla";"Reta";"Sim";2;0;2;0;0;0;2;1;-23,1572739;-45,79554605;"SPRF-SP";"DEL02-SP";"UOP01-DEL02-SP"
480825;2022-10-15;"sábado";"11:00:00";"AC";364;305;"SENA MADUREIRA";"Ultrapassagem Indevida";"Colisão lateral mesmo sentido";"Com Vítimas Feridas";"Pleno dia";"Crescente";"Nublado";"Simples";"Reta";"Não";4;0;4;0;0;0;4;2;-8,99015915;-68,93814203;"SPRF-AC";"DEL01-AC";"UOP01-DEL01-AC"
480827;2022-10-15;"sábado";"15:00:00";"RS";472;587;"URUGUAIANA";"Acessar a via sem observar a presença dos outros veículos";"Colisão lateral mesmo sentido";"Com Vítimas Feridas";"Pleno dia";"Crescente";"Céu Claro";"Simples";"Reta";"Não";4;0;0;1;1;2;1;3;-29,85006146;-57,10955143;"SPRF-RS";"DEL13-RS";"UOP01-DEL13-RS"
480828;2022-10-15;"sábado";"16:50:00";"DF";40;1;"BRASILIA";"Ausência de reação do condutor";"Colisão traseira";"Sem Vítimas";"Pleno dia";"Decrescente";"Céu Claro";"Dupla";"Interseção de Vias";"Sim";2;0;0;0;2;0;0;2;-15,97632072;-47,98936486;"SPRF-DF";"DEL01-DF";"UOP01-DEL01-DF"
480829;2022-10-15;"sábado";"15:10:00";"SC";470;348,1;"CAMPOS NOVOS";"Demais falhas mecânicas ou elétricas";"Incêndio";"Sem Vítimas";"Pleno dia";"Crescente";"Céu Claro";"Simples";"Reta";"Não";1;0;0;0;1;0;0;1;-27,549416;-51,44669;"SPRF-SC";"DEL07-SC";"UOP06-DEL07-SC"
480830;2022-10-15;"sábado";"15:30:00";"MA";135;23;"SAO LUIS";"Conversão proibida";"Colisão transversal";"Com Vítimas Feridas";"Pleno dia";"Crescente";"Céu Claro";"Dupla";"Reta";"Sim";2;0;1;0;1;0;1;2;-2,75265593;-44,34833106;"SPRF-MA";"DEL01-MA";"UOP01-DEL01-MA"
480831;2022-10-15;"sábado";"17:00:00";"RN";427;28;"ACARI";"Ingestão de álcool pelo condutor";"Colisão traseira";"Com Vítimas Feridas";"Pleno dia";"Crescente";"Céu Claro";"Simples";"Reta";"Não";2;0;1;0;1;0;1;2;-6,43820683;-36,63911807;"SPRF-RN";"DEL03-RN";"UOP02-DEL03-RN"
480834;2022-10-15;"sábado";"16:30:00";"MG";381;908,2;"CAMBUI";"Velocidade Incompatível";"Colisão com objeto";"Com Vítimas Feridas";"Pleno dia";"Decrescente";"Chuva";"Dupla";"Curva;Declive";"Não";1;0;1;0;0;0;1;1;-22,71744092;-46,12652111;"SPRF-MG";"DEL16-MG";"UOP03-DEL16-MG"
480836;2022-10-15;"sábado";"16:30:00";"MS";262;385,2;"TERENOS";"Acostamento em desnível";"Saída de leito carroçável";"Com Vítimas Feridas";"Pleno dia";"Decrescente";"Nublado";"Simples";"Reta";"Não";2;0;1;0;1;0;1;1;-20,43314091;-54,88175898;"SPRF-MS";"DEL01-MS";"UOP03-DEL01-MS"
480837;2022-10-11;"terça-feira";"05:55:00";"PI";343;331,9;"TERESINA";"Condutor deixou de manter distância do veículo da frente";"Colisão traseira";"Com Vítimas Feridas";"Amanhecer";"Decrescente";"Céu Claro";"Dupla";"Reta";"Não";4;0;2;0;0;2;2;4;-5,059967;-42,658382;"SPRF-PI";"DEL01-PI";"UOP01-DEL01-PI"
480838;2022-10-15;"sábado";"17:00:00";"SP";101;51;"UBATUBA";"Desrespeitar a preferência no cruzamento";"Colisão transversal";"Com Vítimas Feridas";"Pleno dia";"Crescente";"Nublado";"Simples";"Rotatória";"Sim";2;0;1;0;1;0;1;2;-23,45627795;-45,07111896;"SPRF-SP";"DEL06-SP";"UOP01-DEL06-SP"
480839;2022-10-15;"sábado";"17:30:00";"PR";376;440;"TIBAGI";"Ausência de reação do condutor";"Queda de ocupante de veículo";"Com Vítimas Feridas";"Anoitecer";"Decrescente";"Garoa/Chuvisco";"Dupla";"Curva";"Não";1;0;1;0;0;0;1;1;-24,807913;-50,49075801;"SPRF-PR";"DEL03-PR";"UOP02-DEL03-PR"
480841;2022-10-15;"sábado";"17:20:00";"RJ";101;56,2;"CAMPOS DOS GOYTACAZES";"Acesso irregular";"Colisão lateral mesmo sentido";"Com Vítimas Feridas";"Pleno dia";"Crescente";"Céu Claro";"Simples";"Reta";"Sim";2;0;0;1;1;0;1;2;-21,68714199;-41,31063697;"SPRF-RJ";"DEL08-RJ";"UOP01-DEL08-RJ"
480842;2022-10-15;"sábado";"14:00:00";"RJ";116;181;"NOVA IGUACU";"Manobra de mudança de faixa";"Colisão frontal";"Com Vítimas Feridas";"Pleno dia";"Decrescente";"Céu Claro";"Múltipla";"Reta";"Não";3;0;1;0;2;0;1;1;-22,761312;-43,423492;"SPRF-RJ";"DEL01-RJ";"UOP02-DEL01-RJ"
480843;2022-10-15;"sábado";"17:50:00";"SC";101;155;"PORTO BELO";"Demais falhas mecânicas ou elétricas";"Incêndio";"Sem Vítimas";"Pleno dia";"Decrescente";"Céu Claro";"Simples";"Curva;Aclive;Rotatória";"Sim";1;0;0;0;1;0;0;1;-27,16292;-48,61129;"SPRF-SC";"DEL04-SC";"UOP03-DEL04-SC"
480844;2022-10-15;"sábado";"15:42:00";"RJ";116;182;"NOVA IGUACU";"Manobra de mudança de faixa";"Colisão transversal";"Com Vítimas Feridas";"Pleno dia";"Decrescente";"Céu Claro";"Dupla";"Reta";"Sim";4;0;1;0;3;0;1;2;-22,7567755;-43,43107234;"SPRF-RJ";"DEL01-RJ";"UOP02-DEL01-RJ"
480846;2022-10-15;"sábado";"17:10:00";"RJ";101;597;"PARATY";"Ausência de reação do condutor";"Queda de ocupante de veículo";"Com Vítimas Feridas";"Pleno dia";"Decrescente";"Céu Claro";"Simples";"Declive";"Não";1;0;1;0;0;0;1;1;-23,34025796;-44,74508227;"SPRF-RJ";"DEL03-RJ";"UOP02-DEL03-RJ"
480847;2022-10-15;"sábado";"17:45:00";"GO";60;95;"ANAPOLIS";"Ingestão de álcool pelo condutor";"Colisão com objeto";"Sem Vítimas";"Anoitecer";"Decrescente";"Céu Claro";"Dupla";"Declive;Reta";"Sim";1;0;0;0;1;0;0;1;-16,3679;-48,939;"SPRF-GO";"DEL02-GO";"UOP01-DEL02-GO"
480848;2022-10-15;"sábado";"15:40:00";"RJ";116;212;"PARACAMBI";"Acessar a via sem observar a presença dos outros veículos";"Colisão lateral mesmo sentido";"Com Vítimas Feridas";"Pleno dia";"Crescente";"Céu Claro";"Simples";"Retorno Regulamentado";"Não";3;0;2;0;1;0;2;2;-22,70206801;-43,74864201;"SPRF-RJ";"DEL01-RJ";"UOP03-DEL01-RJ"
480849;2022-10-15;"sábado";"16:00:00";"RS";470;247,9;"BARAO";"Ausência de reação do condutor";"Saída de leito carroçável";"Com Vítimas Feridas";"Pleno dia";"Decrescente";"Céu Claro";"Simples";"Curva";"Não";1;0;0;1;0;0;1;1;-29,37593098;-51,49908082;"SPRF-RS";"DEL06-RS";"UOP01-DEL06-RS"
480850;2022-10-15;"sábado";"14:20:00";"AC";364;261;"SENA MADUREIRA";"Demais falhas na via";"Colisão traseira";"Sem Vítimas";"Pleno dia";"Crescente";"Chuva";"Simples";"Reta";"Não";2;0;0;0;2;0;0;2;-9,14359211;-68,58762714;"SPRF-AC";"DEL01-AC";"UOP01-DEL01-AC"
480851;2022-10-15;"sábado";"15:30:00";"RS";116;39,2;"VACARIA";"Desrespeitar a preferência no cruzamento";"Colisão transversal";"Com Vítimas Feridas";"Pleno dia";"Crescente";"Nublado";"Simples";"Interseção de Vias";"Sim";2;0;1;0;1;0;1;2;-28,51366988;-50,93435526;"SPRF-RS";"DEL05-RS";"UOP03-DEL05-RS"
480852;2022-10-15;"sábado";"18:00:00";"MG";40;726,5;"OLIVEIRA FORTES";"Ausência de reação do condutor";"Saída de leito carroçável";"Com Vítimas Feridas";"Anoitecer";"Crescente";"Nublado";"Múltipla";"Declive";"Não";2;0;2;0;0;0;2;1;-21,31059847;-43,60380204;"SPRF-MG";"DEL05-MG";"UOP01-DEL05-MG"
480858;2022-10-15;"sábado";"18:50:00";"PE";428;130,1;"LAGOA GRANDE";"Animais na Pista";"Atropelamento de Animal";"Com Vítimas Fatais";"Plena Noite";"Crescente";"Céu Claro";"Simples";"Aclive;Reta";"Não";2;1;0;1;0;0;1;1;-8,95820498;-40,19661427;"SPRF-PE";"DEL06-PE";"UOP03-DEL06-PE"
480859;2022-10-15;"sábado";"18:10:00";"PE";101;83,2;"JABOATAO DOS GUARARAPES";"Condutor deixou de manter distância do veículo da frente";"Colisão traseira";"Com Vítimas Feridas";"Plena Noite";"Crescente";"Céu Claro";"Dupla";"Declive;Reta";"Sim";2;0;1;0;1;0;1;2;-8,175172;-34,942642;"SPRF-PE";"DEL01-PE";"UOP01-DEL01-PE"
480860;2022-10-15;"sábado";"17:55:00";"PE";423;93,8;"GARANHUNS";"Ingestão de álcool pelo condutor";"Colisão traseira";"Com Vítimas Feridas";"Plena Noite";"Crescente";"Céu Claro";"Simples";"Reta";"Sim";2;0;2;0;0;0;2;2;-8,86972012;-36,46323792;"SPRF-PE";"DEL03-PE";"UOP01-DEL03-PE"
480862;2022-10-15;"sábado";"19:00:00";"BA";116;12;"VITORIA DA CONQUISTA";"Conversão proibida";"Colisão transversal";"Com Vítimas Feridas";"Plena Noite";"Crescente";"Céu Claro";"Simples";"Reta";"Sim";2;0;0;1;1;0;1;2;-14,851;-40,8485;"SPRF-BA";"DEL08-BA";"UOP01-DEL08-BA"
480863;2022-10-15;"sábado";"19:20:00";"MG";381;449;"SABARA";"Conversão proibida";"Colisão transversal";"Com Vítimas Feridas";"Anoitecer";"Crescente";"Céu Claro";"Simples";"Reta";"Sim";3;0;1;1;1;0;2;2;-19,84164036;-43,86232683;"SPRF-MG";"DEL01-MG";"UOP01-DEL01-MG"
480864;2022-10-15;"sábado";"18:20:00";"PE";101;70;"RECIFE";"Reação tardia ou ineficiente do condutor";"Queda de ocupante de veículo";"Sem Vítimas";"Plena Noite";"Crescente";"Céu Claro";"Dupla";"Reta";"Sim";1;0;0;0;1;0;0;1;-8,06776119;-34,94265074;"SPRF-PE";"DEL01-PE";"UOP01-DEL01-PE"
480866;2022-10-15;"sábado";"16:39:00";"MA";135;73;"SANTA RITA";"Transitar na contramão";"Colisão frontal";"Com Vítimas Fatais";"Pleno dia";"Crescente";"Céu Claro";"Simples";"Reta";"Não";4;1;0;3;0;0;3;2;-3,16549824;-44,33811857;"SPRF-MA";"DEL01-MA";"UOP02-DEL01-MA"
480868;2022-10-15;"sábado";"19:00:00";"PR";476;130;"CURITIBA";"Ausência de reação do condutor";"Colisão traseira";"Com Vítimas Feridas";"Plena Noite";"Decrescente";"Nublado";"Múltipla";"Reta";"Sim";2;0;1;0;1;0;1;2;-25,449564;-49,236427;"SPRF-PR";"DEL01-PR";"UOP01-DEL01-PR"
480869;2022-10-15;"sábado";"19:10:00";"MG";365;638;"UBERLANDIA";"Acessar a via sem observar a presença dos outros veículos";"Colisão lateral mesmo sentido";"Com Vítimas Feridas";"Plena Noite";"Decrescente";"Céu Claro";"Dupla";"Retorno Regulamentado;Declive;Curva";"Sim";2;0;1;0;1;0;1;2;-18,8883267;-48,44671495;"SPRF-MG";"DEL15-MG";"UOP01-DEL15-MG"
480870;2022-10-15;"sábado";"16:35:00";"SC";280;100;"SAO BENTO DO SUL";"Pista Escorregadia";"Colisão frontal";"Sem Vítimas";"Anoitecer";"Crescente";"Chuva";"Simples";"Curva";"Não";9;0;0;0;9;0;0;4;-26,37158361;-49,33137101;"SPRF-SC";"DEL06-SC";"UOP03-DEL06-SC"
480871;2022-10-15;"sábado";"17:30:00";"BA";101;795;"ITAMARAJU";"Reação tardia ou ineficiente do condutor";"Saída de leito carroçável";"Com Vítimas Feridas";"Pleno dia";"Decrescente";"Céu Claro";"Simples";"Reta";"Não";1;0;1;0;0;0;1;1;-17,10313183;-39,56145878;"SPRF-BA";"DEL09-BA";"UOP01-DEL09-BA"
480872;2022-10-15;"sábado";"19:00:00";"PE";232;86;"GRAVATA";"Ingestão de álcool pelo condutor";"Colisão traseira";"Sem Vítimas";"Plena Noite";"Decrescente";"Nublado";"Dupla";"Reta;Declive";"Não";2;0;0;0;2;0;0;2;-8,21286855;-35,62011813;"SPRF-PE";"DEL02-PE";"UOP02-DEL02PE"
480873;2022-10-15;"sábado";"19:05:00";"PE";232;14;"JABOATAO DOS GUARARAPES";"Objeto estático sobre o leito carroçável";"Colisão com objeto";"Com Vítimas Feridas";"Plena Noite";"Crescente";"Céu Claro";"Dupla";"Viaduto";"Não";1;0;0;1;0;0;1;1;-8,090359;-35,023654;"SPRF-PE";"DEL01-PE";"UOP01-DEL01-PE"
480876;2022-10-15;"sábado";"19:13:00";"RN";101;50,1;"CEARA-MIRIM";"Demais falhas mecânicas ou elétricas";"Saída de leito carroçável";"Com Vítimas Feridas";"Plena Noite";"Crescente";"Céu Claro";"Simples";"Reta";"Não";2;0;1;0;1;0;1;1;-5,52988904;-35,31767528;"SPRF-RN";"DEL02-RN";"UOP01-DEL02-RN"
480877;2022-10-15;"sábado";"18:00:00";"MG";50;81;"UBERLANDIA";"Ingestão de álcool pelo condutor";"Colisão com objeto";"Sem Vítimas";"Pleno dia";"Crescente";"Céu Claro";"Dupla";"Reta";"Não";1;0;0;0;1;0;0;1;-18,986906;-48,211853;"SPRF-MG";"DEL15-MG";"UOP01-DEL15-MG"
480878;2022-10-15;"sábado";"20:15:00";"MG";356;283,3;"PATROCINIO DO MURIAE";"Ultrapassagem Indevida";"Colisão frontal";"Com Vítimas Fatais";"Plena Noite";"Crescente";"Céu Claro";"Simples";"Curva";"Não";4;1;2;1;0;0;3;2;-21,12245316;-42,2094111;"SPRF-MG";"DEL07-MG";"UOP02-DEL07-MG"
480879;2022-10-15;"sábado";"20:20:00";"RS";287;250;"SANTA MARIA";"Ingestão de álcool ou de substâncias psicoativas pelo pedestre";"Colisão com objeto";"Com Vítimas Feridas";"Plena Noite";"Decrescente";"Céu Claro";"Múltipla";"Reta;Viaduto";"Sim";1;0;0;1;0;0;1;1;-29,69098456;-53,87001337;"SPRF-RS";"DEL09-RS";"UOP01-DEL09-RS"
480880;2022-10-15;"sábado";"19:00:00";"RJ";101;577;"PARATY";"Ultrapassagem Indevida";"Colisão frontal";"Com Vítimas Feridas";"Plena Noite";"Crescente";"Nublado";"Dupla";"Reta";"Não";2;0;1;0;0;1;1;2;-23,23386419;-44,71592188;"SPRF-RJ";"DEL03-RJ";"UOP02-DEL03-RJ"
480881;2022-10-15;"sábado";"20:20:00";"PR";277;168;"PALMEIRA";"Ausência de reação do condutor";"Saída de leito carroçável";"Sem Vítimas";"Plena Noite";"Decrescente";"Garoa/Chuvisco";"Dupla";"Reta";"Sim";2;0;0;0;2;0;0;1;-25,434795;-49,985767;"SPRF-PR";"DEL03-PR";"UOP03-DEL03-PR"
480882;2022-10-15;"sábado";"20:14:00";"ES";101;291,9;"CARIACICA";"Desrespeitar a preferência no cruzamento";"Colisão transversal";"Com Vítimas Feridas";"Plena Noite";"Crescente";"Céu Claro";"Dupla";"Interseção de Vias";"Sim";3;0;2;0;0;1;2;2;-20,29755744;-40,39445616;"SPRF-ES";"DEL01-ES";"UOP01-DEL01-ES"
480883;2022-10-15;"sábado";"17:30:00";"RO";425;105;"GUAJARA-MIRIM";"Mal súbito do condutor";"Saída de leito carroçável";"Com Vítimas Feridas";"Anoitecer";"Crescente";"Céu Claro";"Simples";"Reta";"Não";1;0;1;0;0;0;1;1;-10,452875;-65,348351;"SPRF-RO";"DEL01-RO";"UOP03-DEL01-RO"
480884;2022-10-15;"sábado";"19:40:00";"MT";163;831;"SINOP";"Desrespeitar a preferência no cruzamento";"Colisão lateral mesmo sentido";"Com Vítimas Feridas";"Plena Noite";"Crescente";"Céu Claro";"Simples";"Retorno Regulamentado";"Sim";2;0;1;0;1;0;1;2;-11,892753;-55,5033;"SPRF-MT";"DEL06-MT";"NPF/DEL06-MT"
480885;2022-10-15;"sábado";"20:05:00";"PB";230;17,6;"JOAO PESSOA";"Reação tardia ou ineficiente do condutor";"Colisão com objeto";"Com Vítimas Feridas";"Plena Noite";"Decrescente";"Céu Claro";"Dupla";"Curva";"Sim";1;0;0;1;0;0;1;1;-7,1121;-34,8426;"SPRF-PB";"DEL01-PB";"UOP01-DEL01-PB"
480887;2022-10-15;"sábado";"19:50:00";"PR";476;119;"COLOMBO";"Ingestão de álcool pelo condutor";"Colisão traseira";"Sem Vítimas";"Plena Noite";"Decrescente";"Nublado";"Dupla";"Reta";"Sim";3;0;0;0;3;0;0;3;-25,364202;-49,185825;"SPRF-PR";"DEL01-PR";"UOP01-DEL01-PR"
480888;2022-10-15;"sábado";"20:50:00";"SC";101;138;"BALNEARIO CAMBORIU";"Ingestão de álcool pelo condutor";"Colisão lateral mesmo sentido";"Sem Vítimas";"Plena Noite";"Crescente";"Garoa/Chuvisco";"Múltipla";"Reta";"Sim";2;0;0;0;2;0;0;2;-27,02397426;-48,60761649;"SPRF-SC";"DEL04-SC";"UOP03-DEL04-SC"
480889;2022-10-15;"sábado";"20:40:00";"PR";277;670,3;"MEDIANEIRA";"Reação tardia ou ineficiente do condutor";"Colisão traseira";"Com Vítimas Feridas";"Plena Noite";"Decrescente";"Nublado";"Dupla";"Reta;Aclive";"Sim";2;0;1;0;1;0;1;2;-25,28037085;-54,07911108;"SPRF-PR";"DEL05-PR";"UOP02-DEL05-PR"
480891;2022-10-15;"sábado";"21:00:00";"BA";415;54;"ITABUNA";"Ingestão de álcool ou de substâncias psicoativas pelo pedestre";"Atropelamento de Pedestre";"Com Vítimas Feridas";"Plena Noite";"Crescente";"Chuva";"Simples";"Aclive";"Sim";2;0;1;0;0;1;1;2;-14,81574494;-39,29612388;"SPRF-BA";"DEL05-BA";"UOP01-DEL05-BA"
480892;2022-10-15;"sábado";"17:45:00";"SC";282;368,8;"ERVAL VELHO";"Ultrapassagem Indevida";"Colisão lateral mesmo sentido";"Com Vítimas Feridas";"Pleno dia";"Decrescente";"Céu Claro";"Simples";"Reta";"Sim";4;0;0;1;2;1;1;3;-27,28418305;-51,43425465;"SPRF-SC";"DEL07-SC";"UOP05-DEL07-SC"
480893;2022-10-15;"sábado";"21:30:00";"PR";277;132,8;"BALSA NOVA";"Pista esburacada";"Queda de ocupante de veículo";"Com Vítimas Feridas";"Plena Noite";"Decrescente";"Nevoeiro/Neblina";"Dupla";"Reta";"Não";2;0;2;0;0;0;2;1;-25,472166;-49,660386;"SPRF-PR";"DEL03-PR";"UOP03-DEL03-PR"
480895;2022-10-15;"sábado";"21:00:00";"AL";104;84,8;"RIO LARGO";"Reação tardia ou ineficiente do condutor";"Saída de leito carroçável";"Com Vítimas Feridas";"Plena Noite";"Crescente";"Céu Claro";"Dupla";"Reta";"Não";4;0;3;1;0;0;4;1;-9,45007991;-35,83193975;"SPRF-AL";"DEL01-AL";"UOP01-DEL01-AL"