"id";"data_inversa";"dia_semana";"horario";"uf";"br";"km";"municipio";"causa_acidente";"tipo_acidente";"classificacao_acidente";"fase_dia";"sentido_via";"condicao_metereologica";"tipo_pista";"tracado_via";"uso_solo";"pessoas";"mortos";"feridos_leves";"feridos_graves";"ilesos";"ignorados";"feridos";"veiculos";"latitude";"longitude";"regional";"delegacia";"uop"
480896;2022-10-15;"sábado";"21:30:00";"ES";101;20;"PEDRO CANARIO";"Entrada inopinada do pedestre";"Queda de ocupante de veículo";"Com Vítimas Feridas";"Plena Noite";"Crescente";"Nublado";"Simples";"Reta";"Não";2;0;1;0;1;0;1;2;-18,32561;-39,9584401;"SPRF-ES";"DEL04-ES";"UOP02-DEL04-ES"
480897;2022-10-15;"sábado";"21:15:00";"MG";116;413;"GOVERNADOR VALADARES";"Desrespeitar a preferência no cruzamento";"Colisão transversal";"Com Vítimas Feridas";"Plena Noite";"Decrescente";"Céu Claro";"Simples";"Interseção de Vias";"Sim";2;0;0;1;1;0;1;2;-18,873907;-41,966366;"SPRF-MG";"DEL06-MG";"UOP01-DEL06-MG"
480899;2022-10-15;"sábado";"20:10:00";"RS";101;51,5;"TERRA DE AREIA";"Ingestão de álcool pelo condutor";"Saída de leito carroçável";"Sem Vítimas";"Plena Noite";"Crescente";"Chuva";"Dupla";"Reta";"Não";2;0;0;0;2;0;0;1;-29,61499714;-50,0915338;"SPRF-RS";"DEL03-RS";"UOP02-DEL03-RS"
480901;2022-10-15;"sábado";"20:30:00";"MG";381;668,7;"PERDOES";"Manobra de mudança de faixa";"Colisão lateral mesmo sentido";"Com Vítimas Feridas";"Plena Noite";"Crescente";"Ignorado";"Dupla";"Reta";"Não";4;0;3;1;0;0;4;2;-21,06787894;-45,05229868;"SPRF-MG";"DEL04-MG";"UOP02-DEL04-MG"
480903;2022-10-15;"sábado";"19:20:00";"MG";365;1,5;"MONTES CLAROS";"Condutor deixou de manter distância do veículo da frente";"Colisão traseira";"Sem Vítimas";"Plena Noite";"Decrescente";"Céu Claro";"Simples";"Reta";"Não";2;0;0;0;1;1;0;2;-16,72627608;-43,88021191;"SPRF-MG";"DEL12-MG";"UOP01-DEL12-MG"
480904;2022-10-15;"sábado";"22:00:00";"MG";262;449,5;"NOVA SERRANA";"Velocidade Incompatível";"Colisão com objeto";"Com Vítimas Feridas";"Plena Noite";"Crescente";"Vento";"Simples";"Curva";"Não";2;0;1;0;1;0;1;1;-19,8711072;-44,97973504;"SPRF-MG";"DEL08-MG";"UOP03-DEL08-MG"
480905;2022-10-15;"sábado";"19:00:00";"RJ";101;71,3;"CAMPOS DOS GOYTACAZES";"Ingestão de álcool pelo condutor";"Colisão com objeto";"Sem Vítimas";"Plena Noite";"Crescente";"Céu Claro";"Simples";"Ponte";"Não";1;0;0;0;1;0;0;1;-21,78577807;-41,38139396;"SPRF-RJ";"DEL08-RJ";"UOP02-DEL08-RJ"
480907;2022-10-15;"sábado";"20:05:00";"SC";116;73;"MONTE CASTELO";"Transitar na contramão";"Colisão frontal";"Com Vítimas Feridas";"Plena Noite";"Crescente";"Garoa/Chuvisco";"Simples";"Reta;Declive";"Não";2;0;0;1;1;0;1;2;-26,49609399;-50,23312331;"SPRF-SC";"DEL06-SC";"UOP02-DEL06-SC"
480908;2022-10-15;"sábado";"21:40:00";"RJ";465;15;"SEROPEDICA";"Acessar a via sem observar a presença dos outros veículos";"Colisão transversal";"Com Vítimas Feridas";"Plena Noite";"Crescente";"Céu Claro";"Simples";"Reta";"Sim";2;0;1;0;1;0;1;2;-22,810925;-43,631504;"SPRF-RJ";"DEL01-RJ";"UOP03-DEL01-RJ"
480909;2022-10-15;"sábado";"22:05:00";"SP";116;144,9;"SAO JOSE DOS CAMPOS";"Entrada inopinada do pedestre";"Atropelamento de Pedestre";"Com Vítimas Fatais";"Plena Noite";"Decrescente";"Céu Claro";"Múltipla";"Reta";"Sim";2;1;0;0;1;0;0;2;-23,1869844;-45,8548078;"SPRF-SP";"DEL02-SP";"UOP01-DEL02-SP"
480910;2022-10-15;"sábado";"21:39:00";"RJ";101;121,1;"CAMPOS DOS GOYTACAZES";"Condutor Dormindo";"Saída de leito carroçável";"Com Vítimas Feridas";"Plena Noite";"Crescente";"Céu Claro";"Dupla";"Reta";"Não";1;0;1;0;0;0;1;1;-22,03483339;-41,69410229;"SPRF-RJ";"DEL08-RJ";"UOP02-DEL08-RJ"
480911;2022-10-15;"sábado";"22:00:00";"SC";282;373,4;"ERVAL VELHO";"Reação tardia ou ineficiente do condutor";"Queda de ocupante de veículo";"Com Vítimas Feridas";"Plena Noite";"Crescente";"Nublado";"Simples";"Aclive;Curva";"Não";3;0;0;2;0;1;2;2;-27,243425;-51,44788;"SPRF-SC";"DEL07-SC";"UOP05-DEL07-SC"
480912;2022-10-15;"sábado";"23:05:00";"SE";235;57,6;"ITABAIANA";"Velocidade Incompatível";"Colisão traseira";"Com Vítimas Fatais";"Plena Noite";"Decrescente";"Nublado";"Simples";"Reta";"Não";2;1;0;0;1;0;0;2;-10,650009;-37,451248;"SPRF-SE";"DEL01-SE";"UOP02-DEL01-SE"
480914;2022-10-15;"sábado";"22:30:00";"GO";60;165,5;"GOIANIA";"Velocidade Incompatível";"Queda de ocupante de veículo";"Com Vítimas Feridas";"Plena Noite";"Decrescente";"Céu Claro";"Simples";"Reta";"Sim";1;0;1;0;0;0;1;1;-16,7084;-49,3503;"SPRF-GO";"DEL01-GO";"UOP02-DEL01-GO"
480915;2022-10-15;"sábado";"22:45:00";"SC";101;111,5;"NAVEGANTES";"Pista Escorregadia";"Colisão com objeto";"Sem Vítimas";"Plena Noite";"Decrescente";"Chuva";"Dupla";"Curva;Retorno Regulamentado";"Não";1;0;0;0;1;0;0;1;-26,84160399;-48,71662974;"SPRF-SC";"DEL04-SC";"UOP04-DEL04-SC"
480916;2022-10-15;"sábado";"22:30:00";"MG";381;343;"BELA VISTA DE MINAS";"Animais na Pista";"Atropelamento de Animal";"Com Vítimas Feridas";"Plena Noite";"Crescente";"Céu Claro";"Simples";"Aclive";"Não";1;0;1;0;0;0;1;1;-19,85663904;-43,10916603;"SPRF-MG";"DEL03-MG";"UOP01-DEL03-MG"
480917;2022-10-15;"sábado";"21:50:00";"BA";324;614;"SALVADOR";"Condutor Dormindo";"Colisão traseira";"Com Vítimas Fatais";"Plena Noite";"Crescente";"Céu Claro";"Dupla";"Reta";"Sim";4;1;1;1;1;0;2;2;-12,8639793;-38,42370126;"SPRF-BA";"DEL01-BA";"UOP01-DEL01-BA"
480919;2022-10-15;"sábado";"23:00:00";"BA";116;842,9;"VITORIA DA CONQUISTA";"Ausência de reação do condutor";"Colisão com objeto";"Com Vítimas Feridas";"Plena Noite";"Crescente";"Céu Claro";"Simples";"Aclive";"Não";2;0;1;0;0;1;1;2;-15,007915;-40,940632;"SPRF-BA";"DEL08-BA";"UOP01-DEL08-BA"
480923;2022-10-16;"domingo";"00:57:00";"SP";116;143;"SAO JOSE DOS CAMPOS";"Transitar no acostamento";"Colisão traseira";"Com Vítimas Feridas";"Plena Noite";"Decrescente";"Céu Claro";"Dupla";"Reta";"Não";2;0;1;0;1;0;1;2;-23,17621497;-45,83290838;"SPRF-SP";"DEL02-SP";"UOP01-DEL02-SP"
480925;2022-10-15;"sábado";"22:30:00";"SP";116;93,7;"PINDAMONHANGABA";"Reação tardia ou ineficiente do condutor";"Atropelamento de Pedestre";"Com Vítimas Feridas";"Plena Noite";"Decrescente";"Céu Claro";"Dupla";"Reta";"Não";2;0;1;0;1;0;1;2;-22,95653207;-45,41300297;"SPRF-SP";"DEL08-SP";"UOP01-DEL08-SP"
480927;2022-10-16;"domingo";"00:15:00";"TO";153;141;"ARAGUAINA";"Condutor Dormindo";"Saída de leito carroçável";"Sem Vítimas";"Plena Noite";"Crescente";"Céu Claro";"Dupla";"Reta";"Sim";1;0;0;0;0;1;0;1;-7,175959;-48,219548;"SPRF-TO";"DEL02-TO";"UOP01-DEL02-TO"
480929;2022-10-16;"domingo";"00:40:00";"PR";116;122;"CURITIBA";"Velocidade Incompatível";"Colisão traseira";"Com Vítimas Feridas";"Plena Noite";"Decrescente";"Chuva";"Dupla";"Curva";"Não";3;0;1;0;1;1;1;2;-25,609458;-49,319176;"SPRF-PR";"DEL01-PR";"UOP03-DEL01-PR"
480930;2022-10-16;"domingo";"01:20:00";"ES";262;73;"DOMINGOS MARTINS";"Velocidade Incompatível";"Capotamento";"Com Vítimas Feridas";"Plena Noite";"Crescente";"Nublado";"Simples";"Curva";"Não";1;0;0;1;0;0;1;1;-20,41066352;-40,88380166;"SPRF-ES";"DEL01-ES";"UOP02-DEL01-ES"
480931;2022-10-16;"domingo";"01:40:00";"PR";116;113,1;"CURITIBA";"Transitar na contramão";"Colisão frontal";"Com Vítimas Fatais";"Plena Noite";"Decrescente";"Garoa/Chuvisco";"Dupla";"Reta";"Sim";3;1;1;1;0;0;2;2;-25,548652;-49,285677;"SPRF-PR";"DEL01-PR";"UOP07-DEL01-PR"
480932;2022-10-16;"domingo";"01:00:00";"SC";101;194,8;"BIGUACU";"Ingestão de álcool pelo condutor";"Saída de leito carroçável";"Sem Vítimas";"Plena Noite";"Crescente";"Chuva";"Múltipla";"Reta";"Sim";1;0;0;0;1;0;0;1;-27,49815117;-48,65661236;"SPRF-SC";"DEL01-SC";"UOP01-DEL01-SC"
480933;2022-10-16;"domingo";"01:15:00";"PR";369;173;"ROLANDIA";"Velocidade Incompatível";"Tombamento";"Com Vítimas Feridas";"Plena Noite";"Decrescente";"Nublado";"Simples";"Rotatória";"Sim";1;0;0;1;0;0;1;1;-23,31087117;-51,370233;"SPRF-PR";"DEL07-PR";"UOP01-DEL07-PR"
480934;2022-10-16;"domingo";"01:55:00";"RJ";116;194;"QUEIMADOS";"Velocidade Incompatível";"Queda de ocupante de veículo";"Com Vítimas Feridas";"Plena Noite";"Decrescente";"Céu Claro";"Dupla";"Reta";"Sim";1;0;1;0;0;0;1;1;-22,73711632;-43,53793909;"SPRF-RJ";"DEL01-RJ";"UOP02-DEL01-RJ"
480935;2022-10-16;"domingo";"02:00:00";"MG";40;526,2;"CONTAGEM";"Ausência de reação do condutor";"Colisão com objeto";"Com Vítimas Feridas";"Plena Noite";"Crescente";"Céu Claro";"Dupla";"Reta";"Sim";1;0;1;0;0;0;1;1;-19,89261214;-43,97320747;"SPRF-MG";"DEL01-MG";"UOP02-DEL01-MG"
480936;2022-10-16;"domingo";"01:45:00";"GO";40;18,4;"LUZIANIA";"Condutor Dormindo";"Saída de leito carroçável";"Com Vítimas Feridas";"Plena Noite";"Crescente";"Céu Claro";"Dupla";"Reta;Aclive";"Sim";1;0;0;1;0;0;1;1;-16,19349;-47,925575;"SPRF-DF";"DEL01-DF";"UOP01-DEL01-DF"
480937;2022-10-16;"domingo";"02:20:00";"RS";392;317,9;"ITAARA";"Reação tardia ou ineficiente do condutor";"Colisão com objeto";"Sem Vítimas";"Plena Noite";"Decrescente";"Nublado";"Simples";"Reta";"Não";1;0;0;0;0;1;0;1;-29,654378;-53,772412;"SPRF-RS";"DEL09-RS";"UOP01-DEL09-RS"
480938;2022-10-16;"domingo";"00:30:00";"PR";476;130;"CURITIBA";"Ausência de reação do condutor";"Atropelamento de Pedestre";"Com Vítimas Fatais";"Plena Noite";"Decrescente";"Garoa/Chuvisco";"Múltipla";"Reta";"Sim";7;1;0;1;1;4;1;3;-25,449564;-49,236427;"SPRF-PR";"DEL01-PR";"UOP01-DEL01-PR"
480940;2022-10-16;"domingo";"01:20:00";"RJ";40;7;"COMENDADOR LEVY GASPARIAN";"Reação tardia ou ineficiente do condutor";"Saída de leito carroçável";"Sem Vítimas";"Plena Noite";"Crescente";"Céu Claro";"Simples";"Curva";"Sim";1;0;0;0;0;1;0;1;-22,03172956;-43,2244336;"SPRF-RJ";"DEL05-RJ";"UOP02-DEL05-RJ"
480942;2022-10-16;"domingo";"02:00:00";"MG";381;359;"JOAO MONLEVADE";"Transitar na contramão";"Colisão frontal";"Com Vítimas Feridas";"Plena Noite";"Decrescente";"Céu Claro";"Simples";"Reta";"Não";6;0;6;0;0;0;6;2;-19,8551458;-43,22402296;"SPRF-MG";"DEL03-MG";"UOP01-DEL03-MG"
480943;2022-10-15;"sábado";"23:00:00";"MT";364;204;"RONDONOPOLIS";"Ausência de reação do condutor";"Tombamento";"Com Vítimas Feridas";"Plena Noite";"Crescente";"Céu Claro";"Dupla";"Reta";"Sim";1;0;0;1;0;0;1;1;-16,467325;-54,657196;"SPRF-MT";"DEL02-MT";"UOP01-DEL02-MT"
480944;2022-10-16;"domingo";"02:24:00";"SC";101;39;"JOINVILLE";"Ingestão de álcool e/ou substâncias psicoativas pelo pedestre";"Saída de leito carroçável";"Sem Vítimas";"Plena Noite";"Decrescente";"Garoa/Chuvisco";"Dupla";"Reta";"Sim";1;0;0;0;1;0;0;1;-26,2628107;-48,90192257;"SPRF-SC";"DEL03-SC";"UOP01-DEL03-SC"
480947;2022-10-16;"domingo";"03:30:00";"PR";116;113;"CURITIBA";"Condutor deixou de manter distância do veículo da frente";"Colisão traseira";"Sem Vítimas";"Plena Noite";"Decrescente";"Chuva";"Dupla";"Reta";"Não";3;0;0;0;3;0;0;2;-25,56513636;-49,24675108;"SPRF-PR";"DEL01-PR";"UOP07-DEL01-PR"
480948;2022-10-16;"domingo";"03:53:00";"PE";101;69;"RECIFE";"Pista Escorregadia";"Colisão com objeto";"Sem Vítimas";"Plena Noite";"Crescente";"Nublado";"Dupla";"Reta";"Sim";1;0;0;0;1;0;0;1;-8,05951606;-34,94581024;"SPRF-PE";"DEL01-PE";"UOP01-DEL01-PE"
480949;2022-10-16;"domingo";"03:55:00";"RS";116;266;"CANOAS";"Ausência de reação do condutor";"Colisão traseira";"Com Vítimas Feridas";"Plena Noite";"Decrescente";"Chuva";"Dupla";"Reta";"Sim";4;0;2;0;2;0;2;4;-29,93242399;-51,17742077;"SPRF-RS";"DEL01-RS";"UOP01-DEL01-RS"
480950;2022-10-16;"domingo";"03:30:00";"BA";101;722;"EUNAPOLIS";"Velocidade Incompatível";"Colisão com objeto";"Sem Vítimas";"Plena Noite";"Crescente";"Céu Claro";"Simples";"Curva;Declive";"Não";1;0;0;0;0;1;0;1;-16,413245;-39,586845;"SPRF-BA";"DEL09-BA";"UOP01-DEL09-BA"
480951;2022-10-16;"domingo";"03:20:00";"SC";470;134,2;"RIO DO SUL";"Ingestão de álcool pelo condutor";"Saída de leito carroçável";"Sem Vítimas";"Plena Noite";"Crescente";"Chuva";"Simples";"Rotatória";"Sim";1;0;0;0;1;0;0;1;-27,17486566;-49,58992481;"SPRF-SC";"DEL04-SC";"UOP02-DEL04-SC"
480952;2022-10-16;"domingo";"02:00:00";"PA";10;10,6;"DOM ELISEU";"Animais na Pista";"Atropelamento de Animal";"Com Vítimas Fatais";"Plena Noite";"Decrescente";"Céu Claro";"Simples";"Reta";"Não";1;1;0;0;0;0;0;1;-4,357685;-47,536694;"SPRF-PA";"DEL02-PA";"UOP02-DEL02-PA"
480953;2022-10-16;"domingo";"04:00:00";"RJ";101;534;"PARATY";"Reação tardia ou ineficiente do condutor";"Queda de ocupante de veículo";"Com Vítimas Feridas";"Plena Noite";"Crescente";"Chuva";"Simples";"Reta";"Sim";1;0;1;0;0;0;1;1;-23,02980854;-44,54399522;"SPRF-RJ";"DEL03-RJ";"UOP04-DEL03-RJ"
480954;2022-10-16;"domingo";"03:10:00";"PI";316;6,1;"TERESINA";"Manobra de mudança de faixa";"Colisão lateral mesmo sentido";"Sem Vítimas";"Plena Noite";"Crescente";"Céu Claro";"Múltipla";"Reta";"Sim";4;0;0;0;4;0;0;2;-5,14702095;-42,77438982;"SPRF-PI";"DEL01-PI";"UOP02-DEL01-PI"
480955;2022-10-16;"domingo";"03:30:00";"RS";285;271,1;"MATO CASTELHANO";"Transitar na contramão";"Colisão frontal";"Com Vítimas Fatais";"Plena Noite";"Decrescente";"Chuva";"Simples";"Reta";"Não";21;1;0;0;20;0;0;2;-28,2827091;-52,17800975;"SPRF-RS";"DEL08-RS";"UOP03-DEL08-RS"
480956;2022-10-16;"domingo";"04:00:00";"PB";101;97,4;"CONDE";"Ausência de reação do condutor";"Colisão traseira";"Com Vítimas Feridas";"Amanhecer";"Decrescente";"Nublado";"Dupla";"Reta";"Não";5;0;3;0;1;1;3;2;-7,23846306;-34,9268519;"SPRF-PB";"DEL01-PB";"UOP02-DEL01-PB"
480957;2022-10-16;"domingo";"04:15:00";"SC";470;48,1;"BLUMENAU";"Ingestão de álcool pelo condutor";"Colisão traseira";"Sem Vítimas";"Plena Noite";"Decrescente";"Garoa/Chuvisco";"Simples";"Em Obras;Desvio Temporário";"Sim";3;0;0;0;2;1;0;3;-26,859823;-49,055393;"SPRF-SC";"DEL04-SC";"UOP01-DEL04-SC"
480958;2022-10-16;"domingo";"04:30:00";"MG";40;636,9;"CONSELHEIRO LAFAIETE";"Conversão proibida";"Colisão transversal";"Com Vítimas Feridas";"Plena Noite";"Crescente";"Céu Claro";"Simples";"Reta";"Não";5;0;4;1;0;0;5;2;-20,71802921;-43,79771682;"SPRF-MG";"DEL05-MG";"UOP02-DEL05-MG"
480960;2022-10-16;"domingo";"04:45:00";"SC";101;206,5;"SAO JOSE";"Chuva";"Colisão com objeto";"Sem Vítimas";"Amanhecer";"Decrescente";"Chuva";"Dupla";"Reta";"Sim";1;0;0;0;0;1;0;1;-27,59193546;-48,61824557;"SPRF-SC";"DEL01-SC";"UOP01-DEL01-SC"
480961;2022-10-16;"domingo";"05:00:00";"SP";116;210,1;"GUARULHOS";"Reação tardia ou ineficiente do condutor";"Colisão com objeto";"Com Vítimas Feridas";"Pleno dia";"Decrescente";"Céu Claro";"Múltipla";"Reta";"Sim";2;0;2;0;0;0;2;1;-23,42870023;-46,41085991;"SPRF-SP";"DEL01-SP";"UOP01-DEL01-SP"
480962;2022-10-16;"domingo";"05:00:00";"DF";70;5,2;"BRASILIA";"Ausência de reação do condutor";"Saída de leito carroçável";"Sem Vítimas";"Amanhecer";"Crescente";"Céu Claro";"Dupla";"Reta";"Sim";1;0;0;0;0;1;0;1;-15,794656;-48,096779;"SPRF-DF";"DEL03-DF";"UOP02-DEL03-DF"
480964;2022-10-16;"domingo";"05:30:00";"PR";277;678,5;"MEDIANEIRA";"Condutor Dormindo";"Saída de leito carroçável";"Com Vítimas Feridas";"Amanhecer";"Crescente";"Garoa/Chuvisco";"Dupla";"Reta";"Não";4;0;3;0;0;1;3;1;-25,31261205;-54,14871997;"SPRF-PR";"DEL05-PR";"UOP01-DEL05-PR"
480965;2022-10-16;"domingo";"05:20:00";"PB";230;21;"JOAO PESSOA";"Reação tardia ou ineficiente do condutor";"Tombamento";"Com Vítimas Feridas";"Pleno dia";"Crescente";"Nublado";"Dupla";"Reta";"Sim";2;0;2;0;0;0;2;1;-7,1415;-34,8519;"SPRF-PB";"DEL01-PB";"UOP01-DEL01-PB"
480966;2022-10-16;"domingo";"00:30:00";"SP";381;35;"ATIBAIA";"Ausência de reação do condutor";"Colisão com objeto";"Sem Vítimas";"Plena Noite";"Decrescente";"Céu Claro";"Simples";"Declive;Curva";"Não";1;0;0;0;0;1;0;1;-23,088586;-46,571798;"SPRF-SP";"DEL03-SP";"UOP01-DEL03-SP"
480967;2022-10-16;"domingo";"04:00:00";"SP";116;562;"BARRA DO TURVO";"Reação tardia ou ineficiente do condutor";"Saída de leito carroçável";"Sem Vítimas";"Plena Noite";"Decrescente";"Chuva";"Simples";"Curva";"Não";1;0;0;0;0;1;0;1;-25,02464023;-48,52213701;"SPRF-SP";"DEL05-SP";"UOP02-DEL05-SP"
480968;2022-10-16;"domingo";"04:30:00";"RJ";40;11,6;"TRES RIOS";"Condutor Dormindo";"Saída de leito carroçável";"Com Vítimas Feridas";"Plena Noite";"Crescente";"Nublado";"Dupla";"Curva";"Não";2;0;2;0;0;0;2;1;-22,052514;-43,195796;"SPRF-RJ";"DEL05-RJ";"UOP02-DEL05-RJ"
480969;2022-10-16;"domingo";"05:30:00";"RS";470;217;"BENTO GONCALVES";"Acessar a via sem observar a presença dos outros veículos";"Colisão transversal";"Com Vítimas Feridas";"Amanhecer";"Crescente";"Chuva";"Dupla";"Reta";"Não";5;0;1;0;4;0;1;2;-29,16462512;-51,52551964;"SPRF-RS";"DEL06-RS";"UOP01-DEL06-RS"
480970;2022-10-16;"domingo";"05:10:00";"RS";470;229,5;"GARIBALDI";"Velocidade Incompatível";"Saída de leito carroçável";"Com Vítimas Feridas";"Amanhecer";"Decrescente";"Chuva";"Simples";"Declive;Reta";"Não";3;0;1;0;2;0;1;1;-29,2727117;-51,49653554;"SPRF-RS";"DEL06-RS";"UOP01-DEL06-RS"
480971;2022-10-16;"domingo";"05:20:00";"SC";282;218,5;"LAGES";"Ingestão de álcool pelo condutor";"Colisão traseira";"Sem Vítimas";"Amanhecer";"Crescente";"Chuva";"Simples";"Reta";"Sim";2;0;0;0;2;0;0;2;-27,79708752;-50,31365991;"SPRF-SC";"DEL05-SC";"UOP01-DEL05-SC"
480972;2022-10-16;"domingo";"06:00:00";"TO";153;137;"ARAGUAINA";"Reação tardia ou ineficiente do condutor";"Capotamento";"Sem Vítimas";"Plena Noite";"Decrescente";"Céu Claro";"Dupla";"Reta";"Sim";1;0;0;0;0;1;0;1;-7,14630299;-48,20255603;"SPRF-TO";"DEL02-TO";"UOP01-DEL02-TO"
480973;2022-10-16;"domingo";"05:00:00";"RJ";356;49;"ITAPERUNA";"Reação tardia ou ineficiente do condutor";"Colisão traseira";"Com Vítimas Feridas";"Amanhecer";"Crescente";"Céu Claro";"Simples";"Curva";"Não";3;0;2;0;1;0;2;2;-21,25536858;-41,7773461;"SPRF-RJ";"DEL08-RJ";"UOP03-DEL08-RJ"
480975;2022-10-16;"domingo";"04:50:00";"RO";364;711;"PORTO VELHO";"Ausência de reação do condutor";"Colisão traseira";"Sem Vítimas";"Amanhecer";"Decrescente";"Chuva";"Simples";"Reta";"Sim";2;0;0;0;1;1;0;2;-8,78153947;-63,86531369;"SPRF-RO";"DEL01-RO";"UOP01-DEL01-RO"
480976;2022-10-16;"domingo";"05:00:00";"RS";472;564;"URUGUAIANA";"Transitar na contramão";"Colisão frontal";"Com Vítimas Fatais";"Amanhecer";"Crescente";"Céu Claro";"Simples";"Reta";"Não";2;2;0;0;0;0;0;2;-29,68921223;-56,91214659;"SPRF-RS";"DEL13-RS";"UOP01-DEL13-RS"
480977;2022-10-16;"domingo";"06:50:00";"BA";324;616;"SALVADOR";"Condutor deixou de manter distância do veículo da frente";"Colisão traseira";"Com Vítimas Feridas";"Pleno dia";"Crescente";"Chuva";"Dupla";"Reta";"Sim";6;0;1;0;5;0;1;2;-12,87957905;-38,43213893;"SPRF-BA";"DEL01-BA";"UOP01-DEL01-BA"
480979;2022-10-16;"domingo";"04:00:00";"MT";163;832;"SINOP";"Ausência de reação do condutor";"Saída de leito carroçável";"Sem Vítimas";"Amanhecer";"Crescente";"Céu Claro";"Simples";"Retorno Regulamentado";"Sim";1;0;0;0;0;1;0;1;-11,883706;-55,500869;"SPRF-MT";"DEL06-MT";"NPF/DEL06-MT"
480981;2022-10-16;"domingo";"07:50:00";"CE";116;27;"ITAITINGA";"Velocidade Incompatível";"Colisão traseira";"Com Vítimas Feridas";"Pleno dia";"Crescente";"Céu Claro";"Múltipla";"Reta";"Não";3;0;2;0;1;0;2;2;-3,98418708;-38,5151357;"SPRF-CE";"DEL01-CE";"UOP02-DEL01-CE"
480982;2022-10-16;"domingo";"05:00:00";"MG";356;281,5;"EUGENOPOLIS";"Condutor Dormindo";"Tombamento";"Com Vítimas Feridas";"Amanhecer";"Crescente";"Nublado";"Simples";"Reta";"Não";2;0;2;0;0;0;2;1;-21,12659765;-42,23589903;"SPRF-MG";"DEL07-MG";"UOP02-DEL07-MG"
480983;2022-10-16;"domingo";"07:30:00";"SP";116;221;"GUARULHOS";"Trafegar com motocicleta (ou similar) entre as faixas";"Tombamento";"Com Vítimas Feridas";"Pleno dia";"Decrescente";"Céu Claro";"Múltipla";"Reta";"Sim";2;0;2;0;0;0;2;1;-23,46802395;-46,50704901;"SPRF-SP";"DEL01-SP";"UOP01-DEL01-SP"
480985;2022-10-16;"domingo";"05:20:00";"BA";367;77;"EUNAPOLIS";"Transitar na contramão";"Queda de ocupante de veículo";"Com Vítimas Feridas";"Amanhecer";"Crescente";"Céu Claro";"Simples";"Reta";"Não";3;0;1;0;2;0;1;2;-16,36699255;-39,51825492;"SPRF-BA";"DEL09-BA";"UOP03-DEL09-BA"
480986;2022-10-16;"domingo";"07:40:00";"SP";116;161;"JACAREI";"Condutor Dormindo";"Colisão com objeto";"Com Vítimas Feridas";"Pleno dia";"Crescente";"Sol";"Dupla";"Reta";"Sim";2;0;1;1;0;0;2;1;-23,274556;-45,974437;"SPRF-SP";"DEL02-SP";"UOP01-DEL02-SP"
480988;2022-10-16;"domingo";"08:00:00";"BA";324;620;"SALVADOR";"Acumulo de água sobre o pavimento";"Tombamento";"Com Vítimas Feridas";"Pleno dia";"Decrescente";"Chuva";"Dupla";"Reta";"Sim";2;0;2;0;0;0;2;1;-12,915538;-38,461438;"SPRF-BA";"DEL01-BA";"UOP01-DEL01-BA"
480989;2022-10-16;"domingo";"07:35:00";"PB";230;122,5;"RIACHAO DO BACAMARTE";"Ausência de reação do condutor";"Colisão traseira";"Com Vítimas Fatais";"Pleno dia";"Decrescente";"Céu Claro";"Simples";"Curva";"Sim";2;1;0;0;0;1;0;2;-7,25481245;-35,66720959;"SPRF-PB";"DEL02-PB";"UOP01-DEL02-PB"
480990;2022-10-16;"domingo";"04:00:00";"RJ";40;77;"PETROPOLIS";"Ingestão de álcool pelo condutor";"Saída de leito carroçável";"Sem Vítimas";"Plena Noite";"Crescente";"Céu Claro";"Simples";"Curva";"Não";1;0;0;0;1;0;0;1;-22,48005592;-43,23543994;"SPRF-RJ";"DEL06-RJ";"UOP01-DEL06-RJ"
480991;2022-10-16;"domingo";"04:48:00";"ES";101;270;"SERRA";"Ausência de reação do condutor";"Saída de leito carroçável";"Sem Vítimas";"Amanhecer";"Crescente";"Céu Claro";"Dupla";"Reta";"Sim";1;0;0;0;0;1;0;1;-20,22662056;-40,27075088;"SPRF-ES";"DEL02-ES";"UOP01-DEL02-ES"
480992;2022-10-16;"domingo";"05:50:00";"PR";163;350;"GUAIRA";"Frear bruscamente";"Colisão traseira";"Sem Vítimas";"Amanhecer";"Decrescente";"Céu Claro";"Simples";"Reta";"Não";3;0;0;0;2;1;0;2;-24,21375699;-54,19958751;"SPRF-PR";"DEL06-PR";"UOP01-DEL06-PR"
480993;2022-10-16;"domingo";"08:20:00";"GO";153;438;"ANAPOLIS";"Velocidade Incompatível";"Colisão com objeto";"Com Vítimas Feridas";"Pleno dia";"Crescente";"Céu Claro";"Dupla";"Reta";"Não";3;0;2;1;0;0;3;1;-16,310249;-48,922714;"SPRF-GO";"DEL02-GO";"UOP01-DEL02-GO"
480994;2022-10-16;"domingo";"09:00:00";"PA";316;64;"CASTANHAL";"Transitar na calçada";"Colisão com objeto";"Com Vítimas Feridas";"Pleno dia";"Crescente";"Sol";"Dupla";"Reta";"Sim";2;0;0;2;0;0;2;1;-1,29629557;-47,91983997;"SPRF-PA";"DEL01-PA";"UOP01-DEL01-PA"
480995;2022-10-16;"domingo";"08:55:00";"BA";324;0;"FEIRA DE SANTANA";"Reação tardia ou ineficiente do condutor";"Queda de ocupante de veículo";"Com Vítimas Feridas";"Pleno dia";"Decrescente";"Nublado";"Dupla";"Reta";"Sim";1;0;1;0;0;0;1;1;-12,271316;-38,935429;"SPRF-BA";"DEL02-BA";"UOP01-DEL02-BA"
480996;2022-10-16;"domingo";"01:40:00";"MG";381;734,1;"CARMO DA CACHOEIRA";"Animais na Pista";"Atropelamento de Animal";"Com Vítimas Feridas";"Plena Noite";"Crescente";"Céu Claro";"Dupla";"Reta";"Não";3;0;3;0;0;0;3;1;-21,53450931;-45,23345169;"SPRF-MG";"DEL16-MG";"UOP02-DEL16-MG"