"id";"data_inversa";"dia_semana";"horario";"uf";"br";"km";"municipio";"causa_acidente";"tipo_acidente";"classificacao_acidente";"fase_dia";"sentido_via";"condicao_metereologica";"tipo_pista";"tracado_via";"uso_solo";"pessoas";"mortos";"feridos_leves";"feridos_graves";"ilesos";"ignorados";"feridos";"veiculos";"latitude";"longitude";"regional";"delegacia";"uop"
480997;2022-10-16;"domingo";"08:50:00";"MG";381;526;"BRUMADINHO";"Velocidade Incompatível";"Queda de ocupante de veículo";"Com Vítimas Feridas";"Pleno dia";"Crescente";"Céu Claro";"Dupla";"Curva";"Não";1;0;1;0;0;0;1;1;-20,16710798;-44,33422398;"SPRF-MG";"DEL04-MG";"UOP03-DEL04-MG"
480998;2022-10-16;"domingo";"08:30:00";"MG";40;569,8;"ITABIRITO";"Acesso irregular";"Colisão lateral mesmo sentido";"Com Vítimas Feridas";"Pleno dia";"Crescente";"Céu Claro";"Simples";"Reta";"Sim";3;0;1;0;1;1;1;2;-20,20394093;-43,97409456;"SPRF-MG";"DEL01-MG";"UOP02-DEL01-MG"
480999;2022-10-16;"domingo";"08:28:00";"SC";101;235,1;"PALHOCA";"Acumulo de água sobre o pavimento";"Colisão com objeto";"Com Vítimas Feridas";"Pleno dia";"Decrescente";"Chuva";"Dupla";"Curva";"Não";2;0;2;0;0;0;2;1;-27,8177775;-48,6315025;"SPRF-SC";"DEL01-SC";"UOP02-DEL01-SC"
481000;2022-10-16;"domingo";"08:06:00";"SC";101;89,7;"BARRA VELHA";"Ausência de reação do condutor";"Saída de leito carroçável";"Sem Vítimas";"Pleno dia";"Decrescente";"Chuva";"Múltipla";"Reta";"Não";1;0;0;0;0;1;0;1;-26,65175997;-48,68721921;"SPRF-SC";"DEL03-SC";"UOP02-DEL03-SC"
481002;2022-03-12;"sábado";"05:20:00";"PR";376;182,1;"MARINGA";"Desrespeitar a preferência no cruzamento";"Colisão transversal";"Com Vítimas Feridas";"Amanhecer";"Decrescente";"Ignorado";"Dupla";"Rotatória";"Sim";2;0;0;1;0;1;1;2;-23,43213911;-51,88823462;"SPRF-PR";"DEL09-PR";"UOP01-DEL09-PR"
481004;2022-10-16;"domingo";"09:00:00";"RJ";40;51;"PETROPOLIS";"Ausência de reação do condutor";"Queda de ocupante de veículo";"Com Vítimas Feridas";"Pleno dia";"Decrescente";"Céu Claro";"Simples";"Curva";"Não";1;0;1;0;0;0;1;1;-22,32705315;-43,13253559;"SPRF-RJ";"DEL05-RJ";"UOP02-DEL05-RJ"
481005;2022-10-16;"domingo";"10:10:00";"PR";376;139;"BALSA NOVA";"Reação tardia ou ineficiente do condutor";"Colisão com objeto";"Sem Vítimas";"Pleno dia";"Crescente";"Nublado";"Dupla";"Curva";"Não";1;0;0;0;1;0;0;1;-25,4755788;-49,71902154;"SPRF-PR";"DEL09-PR";"UOP02-DEL09-PR"
481006;2022-10-16;"domingo";"08:55:00";"PR";272;552;"TERRA ROXA";"Avarias e/ou desgaste excessivo no pneu";"Saída de leito carroçável";"Com Vítimas Feridas";"Pleno dia";"Crescente";"Nublado";"Simples";"Reta";"Não";3;0;3;0;0;0;3;1;-24,08463175;-54,07708305;"SPRF-PR";"DEL06-PR";"UOP01-DEL06-PR"
481008;2022-10-16;"domingo";"07:00:00";"PR";376;431;"TIBAGI";"Ingestão de álcool pelo condutor";"Colisão com objeto";"Sem Vítimas";"Amanhecer";"Decrescente";"Chuva";"Simples";"Viaduto";"Não";1;0;0;0;1;0;0;1;-24,79928994;-50,4950622;"SPRF-PR";"DEL03-PR";"UOP02-DEL03-PR"
481010;2022-10-16;"domingo";"09:30:00";"SC";101;53;"JOINVILLE";"Avarias e/ou desgaste excessivo no pneu";"Saída de leito carroçável";"Com Vítimas Feridas";"Pleno dia";"Crescente";"Chuva";"Dupla";"Reta";"Sim";4;0;1;0;3;0;1;1;-26,40231201;-48,83969703;"SPRF-SC";"DEL03-SC";"UOP01-DEL03-SC"
481011;2022-10-16;"domingo";"09:00:00";"GO";153;606,2;"MORRINHOS";"Demais falhas na via";"Saída de leito carroçável";"Com Vítimas Feridas";"Pleno dia";"Decrescente";"Céu Claro";"Dupla";"Reta";"Não";1;0;1;0;0;0;1;1;-17,6034;-49,1878;"SPRF-GO";"DEL03-GO";"UOP01-DEL03-GO"
481012;2022-10-16;"domingo";"07:00:00";"SC";282;97,3;"ALFREDO WAGNER";"Ausência de reação do condutor";"Saída de leito carroçável";"Com Vítimas Feridas";"Amanhecer";"Crescente";"Chuva";"Simples";"Curva";"Não";2;0;2;0;0;0;2;1;-27,707966;-49,272182;"SPRF-SC";"DEL01-SC";"UOP03-DEL01-SC"
481013;2022-10-16;"domingo";"09:45:00";"RJ";101;244;"SILVA JARDIM";"Demais falhas mecânicas ou elétricas";"Queda de ocupante de veículo";"Com Vítimas Feridas";"Pleno dia";"Decrescente";"Céu Claro";"Dupla";"Reta";"Sim";2;0;2;0;0;0;2;1;-22,64063219;-42,47356596;"SPRF-RJ";"DEL02-RJ";"UOP03-DEL02-RJ"
481015;2022-10-16;"domingo";"10:30:00";"MA";10;248,8;"IMPERATRIZ";"Ausência de reação do condutor";"Colisão traseira";"Com Vítimas Feridas";"Pleno dia";"Decrescente";"Céu Claro";"Dupla";"Reta";"Sim";2;0;1;1;0;0;2;2;-5,566143;-47,449028;"SPRF-MA";"DEL04-MA";"UOP01-DEL04-MA"
481016;2022-10-16;"domingo";"11:28:00";"SC";101;186,1;"BIGUACU";"Acumulo de água sobre o pavimento";"Colisão com objeto";"Com Vítimas Feridas";"Pleno dia";"Crescente";"Chuva";"Dupla";"Curva";"Não";2;0;2;0;0;0;2;1;-27,4341098;-48,62567129;"SPRF-SC";"DEL01-SC";"UOP01-DEL01-SC"
481017;2022-10-16;"domingo";"10:10:00";"ES";101;3,9;"ICONHA";"Manobra de mudança de faixa";"Colisão com objeto";"Com Vítimas Feridas";"Pleno dia";"Decrescente";"Chuva";"Dupla";"Reta";"Não";4;0;1;1;0;2;2;2;-20,79354;-40,811462;"SPRF-ES";"DEL03-ES";"UOP01-DEL03-ES"
481018;2022-10-16;"domingo";"11:30:00";"ES";262;42,1;"MARECHAL FLORIANO";"Curva acentuada";"Tombamento";"Com Vítimas Fatais";"Pleno dia";"Decrescente";"Garoa/Chuvisco";"Simples";"Curva";"Não";2;1;1;0;0;0;1;1;-20,38599057;-40,65540073;"SPRF-ES";"DEL01-ES";"UOP01-DEL01-ES"
481020;2022-10-16;"domingo";"12:00:00";"GO";70;8;"AGUAS LINDAS DE GOIAS";"Acessar a via sem observar a presença dos outros veículos";"Colisão traseira";"Com Vítimas Feridas";"Pleno dia";"Crescente";"Céu Claro";"Dupla";"Reta";"Não";4;0;4;0;0;0;4;2;-15,73733681;-48,27407468;"SPRF-DF";"DEL03-DF";"UOP02-DEL03-DF"
481021;2022-10-16;"domingo";"11:15:00";"SC";101;129;"ITAJAI";"Velocidade Incompatível";"Tombamento";"Sem Vítimas";"Pleno dia";"Decrescente";"Chuva";"Dupla";"Curva";"Não";1;0;0;0;1;0;0;1;-26,97998721;-48,68003368;"SPRF-SC";"DEL04-SC";"UOP03-DEL04-SC"
481022;2022-10-16;"domingo";"11:30:00";"MG";381;799,2;"SAO GONCALO DO SAPUCAI";"Velocidade Incompatível";"Colisão com objeto";"Com Vítimas Feridas";"Pleno dia";"Crescente";"Céu Claro";"Dupla";"Curva";"Não";4;0;2;0;2;0;2;1;-21,97237106;-45,63123585;"SPRF-MG";"DEL16-MG";"UOP02-DEL16-MG"
481024;2022-10-16;"domingo";"12:37:00";"PI";316;8;"TERESINA";"Acessar a via sem observar a presença dos outros veículos";"Colisão traseira";"Com Vítimas Feridas";"Pleno dia";"Crescente";"Céu Claro";"Múltipla";"Reta";"Sim";2;0;1;0;1;0;1;2;-5,16483402;-42,76899508;"SPRF-PI";"DEL01-PI";"UOP02-DEL01-PI"
481027;2022-10-16;"domingo";"12:05:00";"GO";20;167;"ALVORADA DO NORTE";"Acostamento em desnível";"Saída de leito carroçável";"Sem Vítimas";"Pleno dia";"Crescente";"Céu Claro";"Simples";"Reta";"Não";2;0;0;0;2;0;0;1;-14,567964;-46,57032;"SPRF-DF";"DEL02-DF";"UOP03-DEL02-DF"
481028;2022-10-16;"domingo";"13:00:00";"MG";262;366;"JUATUBA";"Ausência de reação do condutor";"Colisão lateral mesmo sentido";"Com Vítimas Feridas";"Pleno dia";"Decrescente";"Céu Claro";"Dupla";"Reta";"Não";2;0;1;0;1;0;1;2;-19,974217;-44,261798;"SPRF-MG";"DEL01-MG";"UOP03-DEL01-MG"
481029;2022-10-16;"domingo";"06:50:00";"BA";242;363;"LENCOIS";"Ausência de reação do condutor";"Saída de leito carroçável";"Sem Vítimas";"Plena Noite";"Decrescente";"Garoa/Chuvisco";"Simples";"Curva";"Não";1;0;0;0;1;0;0;1;-12,46727769;-41,4150469;"SPRF-BA";"DEL06-BA";"UOP01-DEL06-BA"
481030;2022-10-16;"domingo";"13:17:00";"PB";230;19,6;"JOAO PESSOA";"Ausência de reação do condutor";"Capotamento";"Com Vítimas Feridas";"Pleno dia";"Decrescente";"Sol";"Dupla";"Curva";"Sim";2;0;1;0;1;0;1;1;-7,1281;-34,8466;"SPRF-PB";"DEL01-PB";"UOP01-DEL01-PB"
481031;2022-10-16;"domingo";"10:30:00";"MG";365;741,9;"ITUIUTABA";"Ausência de reação do condutor";"Saída de leito carroçável";"Com Vítimas Feridas";"Pleno dia";"Crescente";"Sol";"Simples";"Reta";"Não";2;0;2;0;0;0;2;1;-18,913948;-49,385082;"SPRF-MG";"DEL15-MG";"UOP03-DEL15-MG"
481032;2022-10-16;"domingo";"13:30:00";"GO";153;435,8;"ANAPOLIS";"Condutor deixou de manter distância do veículo da frente";"Colisão traseira";"Com Vítimas Feridas";"Pleno dia";"Crescente";"Céu Claro";"Dupla";"Reta";"Não";3;0;1;0;1;1;1;2;-16,280523;-48,960049;"SPRF-GO";"DEL02-GO";"UOP01-DEL02-GO"
481033;2022-10-16;"domingo";"13:45:00";"MG";40;762,8;"JUIZ DE FORA";"Reação tardia ou ineficiente do condutor";"Colisão com objeto";"Com Vítimas Feridas";"Pleno dia";"Decrescente";"Céu Claro";"Simples";"Reta;Declive";"Não";5;0;5;0;0;0;5;1;-21,5460179;-43,50917993;"SPRF-MG";"DEL05-MG";"UOP01-DEL05-MG"
481034;2022-10-16;"domingo";"08:50:00";"BA";242;362;"LENCOIS";"Velocidade Incompatível";"Saída de leito carroçável";"Com Vítimas Feridas";"Pleno dia";"Decrescente";"Garoa/Chuvisco";"Simples";"Curva";"Não";4;0;1;0;3;0;1;1;-12,46458265;-41,40667003;"SPRF-BA";"DEL06-BA";"UOP01-DEL06-BA"
481035;2022-10-16;"domingo";"13:35:00";"SP";381;64;"MAIRIPORA";"Demais falhas mecânicas ou elétricas";"Incêndio";"Sem Vítimas";"Pleno dia";"Decrescente";"Céu Claro";"Múltipla";"Reta";"Não";3;0;0;0;3;0;0;1;-23,3089645;-46,57924651;"SPRF-SP";"DEL03-SP";"UOP01-DEL03-SP"
481036;2022-10-16;"domingo";"13:00:00";"SC";101;280;"IMBITUBA";"Avarias e/ou desgaste excessivo no pneu";"Saída de leito carroçável";"Com Vítimas Feridas";"Pleno dia";"Decrescente";"Nublado";"Dupla";"Reta";"Sim";1;0;1;0;0;0;1;1;-28,17962805;-48,6956297;"SPRF-SC";"DEL02-SC";"UOP03-DEL02-SC"
481039;2022-10-16;"domingo";"05:20:00";"SC";116;144,1;"SANTA CECILIA";"Transitar na contramão";"Colisão frontal";"Com Vítimas Feridas";"Plena Noite";"Crescente";"Chuva";"Simples";"Reta";"Não";2;0;1;0;1;0;1;2;-26,9952408;-50,40782997;"SPRF-SC";"DEL06-SC";"UOP02-DEL06-SC"
481040;2022-10-16;"domingo";"14:00:00";"PR";476;129;"CURITIBA";"Reação tardia ou ineficiente do condutor";"Saída de leito carroçável";"Com Vítimas Fatais";"Pleno dia";"Decrescente";"Céu Claro";"Múltipla";"Reta";"Sim";2;2;0;0;0;0;0;1;-25,450515;-49,236683;"SPRF-PR";"DEL01-PR";"UOP01-DEL01-PR"
481041;2022-10-16;"domingo";"13:00:00";"PR";376;379,8;"IMBAU";"Acumulo de água sobre o pavimento";"Saída de leito carroçável";"Com Vítimas Feridas";"Pleno dia";"Decrescente";"Chuva";"Simples";"Curva";"Não";3;0;1;0;2;0;1;1;-24,44402691;-50,76102963;"SPRF-PR";"DEL03-PR";"UOP02-DEL03-PR"
481042;2022-10-16;"domingo";"14:10:00";"PR";476;174,5;"CONTENDA";"Acessar a via sem observar a presença dos outros veículos";"Colisão transversal";"Com Vítimas Feridas";"Pleno dia";"Decrescente";"Sol";"Simples";"Reta";"Não";4;0;2;0;2;0;2;2;-25,685408;-49,535042;"SPRF-PR";"DEL01-PR";"UOP06-DEL01-PR"
481043;2022-10-16;"domingo";"08:35:00";"BA";407;51;"JUAZEIRO";"Avarias e/ou desgaste excessivo no pneu";"Eventos atípicos";"Com Vítimas Feridas";"Pleno dia";"Crescente";"Céu Claro";"Simples";"Reta";"Não";2;0;1;1;0;0;2;1;-9,8224391;-40,31158619;"SPRF-BA";"DEL04-BA";"UOP01-DEL04-BA"
481045;2022-09-26;"segunda-feira";"14:30:00";"BA";330;843;"IPIAU";"Reação tardia ou ineficiente do condutor";"Saída de leito carroçável";"Com Vítimas Feridas";"Pleno dia";"Crescente";"Céu Claro";"Simples";"Reta";"Não";1;0;0;1;0;0;1;1;-14,1721465;-39,68401998;"SPRF-BA";"DEL03-BA";"UOP01-DEL03-BA"
481046;2022-10-16;"domingo";"14:45:00";"PA";316;51;"SANTA IZABEL DO PARA";"Avarias e/ou desgaste excessivo no pneu";"Saída de leito carroçável";"Com Vítimas Feridas";"Pleno dia";"Decrescente";"Chuva";"Dupla";"Curva";"Sim";2;0;1;0;1;0;1;1;-1,30696138;-48,03478;"SPRF-PA";"DEL01-PA";"UOP01-DEL01-PA"
481048;2022-10-16;"domingo";"15:10:00";"ES";101;214;"IBIRACU";"Acessar a via sem observar a presença dos outros veículos";"Colisão transversal";"Com Vítimas Feridas";"Pleno dia";"Crescente";"Nublado";"Múltipla";"Interseção de Vias";"Sim";5;0;3;0;1;1;3;3;-19,82999127;-40,37211181;"SPRF-ES";"DEL02-ES";"UOP01-DEL02-ES"
481052;2022-10-16;"domingo";"15:15:00";"PE";104;29;"TORITAMA";"Velocidade Incompatível";"Colisão frontal";"Com Vítimas Feridas";"Pleno dia";"Crescente";"Sol";"Simples";"Reta";"Sim";4;0;1;1;2;0;2;2;-8,0078;-36,0621;"SPRF-PE";"DEL02-PE";"UOP01-DEL02-PE"
481053;2022-10-16;"domingo";"15:45:00";"RS";116;11,8;"VACARIA";"Ausência de reação do condutor";"Saída de leito carroçável";"Com Vítimas Feridas";"Pleno dia";"Crescente";"Céu Claro";"Simples";"Curva";"Não";1;0;1;0;0;0;1;1;-28,2948311;-50,80221368;"SPRF-RS";"DEL05-RS";"UOP03-DEL05-RS"
481054;2022-10-16;"domingo";"15:50:00";"MG";40;554,5;"NOVA LIMA";"Ingestão de álcool pelo condutor";"Colisão lateral mesmo sentido";"Com Vítimas Feridas";"Pleno dia";"Decrescente";"Céu Claro";"Dupla";"Interseção de Vias;Aclive;Reta";"Sim";2;0;0;1;0;1;1;2;-20,07715896;-43,98213593;"SPRF-MG";"DEL01-MG";"UOP02-DEL01-MG"
481055;2022-10-16;"domingo";"16:00:00";"SC";101;137,5;"BALNEARIO CAMBORIU";"Condutor deixou de manter distância do veículo da frente";"Colisão traseira";"Com Vítimas Feridas";"Pleno dia";"Decrescente";"Sol";"Dupla";"Reta";"Sim";4;0;1;0;3;0;1;3;-27,0157238;-48,61192763;"SPRF-SC";"DEL04-SC";"UOP03-DEL04-SC"
481056;2022-10-16;"domingo";"15:10:00";"SC";280;66,8;"JARAGUA DO SUL";"Acessar a via sem observar a presença dos outros veículos";"Colisão transversal";"Com Vítimas Feridas";"Pleno dia";"Decrescente";"Garoa/Chuvisco";"Simples";"Reta";"Sim";2;0;1;0;1;0;1;2;-26,475231;-49,10702;"SPRF-SC";"DEL03-SC";"UOP03-DEL03-SC"
481057;2022-10-16;"domingo";"16:00:00";"MG";40;517,5;"RIBEIRAO DAS NEVES";"Condutor deixou de manter distância do veículo da frente";"Colisão traseira";"Com Vítimas Feridas";"Pleno dia";"Crescente";"Céu Claro";"Dupla";"Reta";"Sim";4;0;1;0;2;1;1;4;-19,82351202;-44,08438913;"SPRF-MG";"DEL01-MG";"UOP02-DEL01-MG"
481058;2022-10-16;"domingo";"16:45:00";"RJ";393;285;"VOLTA REDONDA";"Velocidade Incompatível";"Colisão com objeto";"Com Vítimas Feridas";"Pleno dia";"Crescente";"Sol";"Simples";"Aclive;Curva";"Sim";1;0;1;0;0;0;1;1;-22,481726;-44,06308602;"SPRF-RJ";"DEL05-RJ";"UOP04-DEL05-RJ"
481059;2022-10-16;"domingo";"16:23:00";"RS";290;144;"ELDORADO DO SUL";"Reação tardia ou ineficiente do condutor";"Engavetamento";"Sem Vítimas";"Pleno dia";"Crescente";"Céu Claro";"Simples";"Aclive";"Não";9;0;0;0;9;0;0;3;-30,096939;-51,647282;"SPRF-RS";"DEL02-RS";"UOP01-DEL02-RS"
481060;2022-10-16;"domingo";"16:45:00";"RJ";116;289;"BARRA MANSA";"Condutor deixou de manter distância do veículo da frente";"Queda de ocupante de veículo";"Com Vítimas Feridas";"Pleno dia";"Decrescente";"Céu Claro";"Dupla";"Reta";"Não";1;0;1;0;0;0;1;1;-22,48279212;-44,25963807;"SPRF-RJ";"DEL07-RJ";"UOP02-DEL07-RJ"
481061;2022-10-16;"domingo";"17:10:00";"CE";116;309,9;"JAGUARIBE";"Ingestão de álcool pelo condutor";"Colisão lateral sentido oposto";"Com Vítimas Feridas";"Pleno dia";"Crescente";"Céu Claro";"Simples";"Declive";"Sim";3;0;1;0;2;0;1;2;-5,909521;-38,624997;"SPRF-CE";"DEL05-CE";"UOP02-DEL05-CE"
481062;2022-10-16;"domingo";"16:00:00";"MG";262;803;"UBERABA";"Ausência de reação do condutor";"Colisão traseira";"Com Vítimas Feridas";"Pleno dia";"Decrescente";"Sol";"Dupla";"Reta";"Sim";6;0;2;0;4;0;2;2;-19,77684028;-47,92115092;"SPRF-MG";"DEL13-MG";"UOP01-DEL13-MG"
481063;2022-10-16;"domingo";"17:20:00";"SP";116;227,9;"GUARULHOS";"Reação tardia ou ineficiente do condutor";"Queda de ocupante de veículo";"Com Vítimas Feridas";"Pleno dia";"Decrescente";"Céu Claro";"Múltipla";"Reta";"Sim";1;0;0;1;0;0;1;1;-23,49659264;-46,55648754;"SPRF-SP";"DEL01-SP";"UOP01-DEL01-SP"
481064;2022-10-16;"domingo";"16:30:00";"SC";101;375;"ICARA";"Ausência de reação do condutor";"Saída de leito carroçável";"Com Vítimas Feridas";"Pleno dia";"Decrescente";"Céu Claro";"Dupla";"Reta";"Não";4;0;2;0;2;0;2;1;-28,73371;-49,2424526;"SPRF-SC";"DEL02-SC";"UOP01-DEL02-SC"
481065;2022-10-16;"domingo";"10:36:00";"MT";158;731,4;"BARRA DO GARCAS";"Transitar na contramão";"Saída de leito carroçável";"Com Vítimas Fatais";"Pleno dia";"Crescente";"Céu Claro";"Simples";"Reta";"Não";9;1;6;1;1;0;7;2;-15,32198225;-52,17141151;"SPRF-MT";"DEL07-MT";"UOP01-DEL07-MT"
481066;2022-10-16;"domingo";"16:50:00";"PI";343;304,1;"ALTOS";"Ingestão de álcool pelo condutor";"Engavetamento";"Sem Vítimas";"Pleno dia";"Crescente";"Céu Claro";"Simples";"Reta";"Sim";6;0;0;0;5;1;0;3;-5,028232;-42,437134;"SPRF-PI";"DEL01-PI";"UOP03-DEL01-PI"
481067;2022-10-16;"domingo";"16:30:00";"RJ";40;22;"TRES RIOS";"Manobra de mudança de faixa";"Saída de leito carroçável";"Com Vítimas Feridas";"Pleno dia";"Crescente";"Céu Claro";"Dupla";"Curva";"Não";4;0;1;0;3;0;1;1;-22,12244792;-43,1568498;"SPRF-RJ";"DEL05-RJ";"UOP02-DEL05-RJ"
481068;2022-10-16;"domingo";"16:50:00";"DF";80;11;"BRASILIA";"Acessar a via sem observar a presença dos outros veículos";"Colisão transversal";"Com Vítimas Feridas";"Pleno dia";"Crescente";"Sol";"Simples";"Declive";"Não";7;0;2;0;4;1;2;3;-15,730931;-48,18028;"SPRF-DF";"DEL03-DF";"UOP02-DEL03-DF"
481069;2022-10-16;"domingo";"17:10:00";"SC";101;328,8;"TUBARAO";"Manobra de mudança de faixa";"Colisão lateral mesmo sentido";"Com Vítimas Feridas";"Pleno dia";"Decrescente";"Nublado";"Dupla";"Reta";"Sim";5;0;1;0;4;0;1;2;-28,43648094;-48,95989307;"SPRF-SC";"DEL02-SC";"UOP01-DEL02-SC"
481070;2022-10-16;"domingo";"16:45:00";"PR";369;210;"APUCARANA";"Ausência de reação do condutor";"Saída de leito carroçável";"Com Vítimas Feridas";"Pleno dia";"Crescente";"Céu Claro";"Dupla";"Curva";"Não";6;0;1;5;0;0;6;1;-23,56612113;-51,50666356;"SPRF-PR";"DEL07-PR";"UOP03-DEL07-PR"
481071;2022-10-16;"domingo";"16:00:00";"BA";101;209;"GOVERNADOR MANGABEIRA";"Condutor deixou de manter distância do veículo da frente";"Colisão traseira";"Com Vítimas Feridas";"Pleno dia";"Decrescente";"Céu Claro";"Simples";"Reta";"Sim";3;0;1;0;2;0;1;2;-12,6015;-39,0506;"SPRF-BA";"DEL01-BA";"UOP02-DEL01-BA"
481072;2022-10-16;"domingo";"16:50:00";"MG";40;611,5;"CONGONHAS";"Estacionar ou parar em local proibido";"Colisão lateral mesmo sentido";"Com Vítimas Feridas";"Pleno dia";"Crescente";"Céu Claro";"Simples";"Declive;Curva";"Sim";5;0;0;2;3;0;2;2;-20,51706535;-43,83762273;"SPRF-MG";"DEL05-MG";"UOP02-DEL05-MG"
481073;2022-10-16;"domingo";"16:30:00";"MG";40;44;"PARACATU";"Condutor deixou de manter distância do veículo da frente";"Colisão traseira";"Sem Vítimas";"Pleno dia";"Decrescente";"Céu Claro";"Simples";"Interseção de Vias";"Sim";8;0;0;0;8;0;0;2;-17,23101648;-46,85390396;"SPRF-MG";"DEL14-MG";"UOP01-DEL14-MG"
481075;2022-10-16;"domingo";"18:00:00";"SP";116;198;"ARUJA";"Reação tardia ou ineficiente do condutor";"Colisão com objeto";"Com Vítimas Feridas";"Plena Noite";"Crescente";"Céu Claro";"Dupla";"Declive";"Não";1;0;1;0;0;0;1;1;-23,399937;-46,302038;"SPRF-SP";"DEL01-SP";"NPF/DEL01-SP"
481076;2022-10-16;"domingo";"16:25:00";"RJ";101;418;"MANGARATIBA";"Reação tardia ou ineficiente do condutor";"Colisão frontal";"Com Vítimas Feridas";"Pleno dia";"Decrescente";"Céu Claro";"Simples";"Túnel";"Sim";4;0;1;1;1;1;2;3;-22,91855538;-43,91630173;"SPRF-RJ";"DEL03-RJ";"UOP02-DEL03-RJ"
481078;2022-10-16;"domingo";"18:40:00";"SP";116;1;"GUARULHOS";"Reação tardia ou ineficiente do condutor";"Colisão lateral mesmo sentido";"Sem Vítimas";"Plena Noite";"Decrescente";"Céu Claro";"Dupla";"Reta";"Sim";2;0;0;0;1;1;0;2;-23,463257;-46,53373;"SPRF-SP";"DEL01-SP";"UOP01-DEL01-SP"
481079;2022-10-16;"domingo";"16:50:00";"MG";116;361;"FREI INOCENCIO";"Acessar a via sem observar a presença dos outros veículos";"Colisão lateral mesmo sentido";"Com Vítimas Feridas";"Pleno dia";"Crescente";"Céu Claro";"Simples";"Interseção de Vias;Reta";"Não";7;0;2;0;5;0;2;2;-18,46954289;-41,8556313;"SPRF-MG";"DEL11-MG";"UOP01-DEL11-MG"
481080;2022-10-16;"domingo";"17:55:00";"SC";101;421,7;"ARARANGUA";"Desrespeitar a preferência no cruzamento";"Colisão transversal";"Com Vítimas Feridas";"Anoitecer";"Crescente";"Nublado";"Múltipla";"Interseção de Vias";"Sim";2;0;1;0;1;0;1;2;-28,99904792;-49,55642939;"SPRF-SC";"DEL02-SC";"UOP02-DEL02-SC"
481082;2022-10-16;"domingo";"18:00:00";"PR";369;489,7;"CORBELIA";"Conversão proibida";"Colisão transversal";"Com Vítimas Feridas";"Anoitecer";"Crescente";"Nublado";"Simples";"Reta";"Sim";2;0;1;0;1;0;1;2;-24,71589162;-53,24634433;"SPRF-PR";"DEL04-PR";"UOP03-DEL04-PR"
481083;2022-10-16;"domingo";"18:00:00";"SC";470;22;"ILHOTA";"Velocidade Incompatível";"Tombamento";"Com Vítimas Feridas";"Anoitecer";"Decrescente";"Céu Claro";"Múltipla";"Reta";"Não";1;0;1;0;0;0;1;1;-26,880066;-48,836224;"SPRF-SC";"DEL04-SC";"UOP04-DEL04-SC"
481084;2022-10-16;"domingo";"12:30:00";"PR";277;140;"BALSA NOVA";"Ausência de reação do condutor";"Colisão traseira";"Sem Vítimas";"Pleno dia";"Decrescente";"Céu Claro";"Simples";"Reta";"Não";2;0;0;0;2;0;0;2;-25,46500947;-49,73258279;"SPRF-PR";"DEL03-PR";"UOP03-DEL03-PR"
481087;2022-04-03;"domingo";"17:15:00";"MG";262;440,9;"NOVA SERRANA";"Acessar a via sem observar a presença dos outros veículos";"Saída de leito carroçável";"Sem Vítimas";"Pleno dia";"Crescente";"Nublado";"Dupla";"Aclive;Reta";"Sim";2;0;0;0;1;1;0;2;-19,87427745;-44,95504618;"SPRF-MG";"DEL08-MG";"UOP03-DEL08-MG"
481088;2022-10-16;"domingo";"18:30:00";"RJ";40;110;"DUQUE DE CAXIAS";"Condutor deixou de manter distância do veículo da frente";"Colisão lateral mesmo sentido";"Com Vítimas Feridas";"Plena Noite";"Crescente";"Céu Claro";"Múltipla";"Reta";"Sim";2;0;1;0;1;0;1;2;-22,68289906;-43,28549346;"SPRF-RJ";"DEL01-RJ";"UOP01-DEL01-RJ"
481089;2022-10-16;"domingo";"18:30:00";"MT";163;833;"SINOP";"Condutor deixou de manter distância do veículo da frente";"Colisão traseira";"Com Vítimas Feridas";"Plena Noite";"Decrescente";"Céu Claro";"Dupla";"Reta";"Sim";4;0;1;0;3;0;1;2;-11,87468801;-55,49886011;"SPRF-MT";"DEL06-MT";"NPF/DEL06-MT"
481090;2022-10-16;"domingo";"19:00:00";"MG";381;726,1;"CARMO DA CACHOEIRA";"Manobra de mudança de faixa";"Colisão lateral mesmo sentido";"Com Vítimas Feridas";"Plena Noite";"Decrescente";"Céu Claro";"Dupla";"Reta;Declive";"Não";2;0;0;1;1;0;1;2;-21,47188013;-45,20421267;"SPRF-MG";"DEL04-MG";"UOP02-DEL04-MG"
481091;2022-10-16;"domingo";"19:20:00";"MG";40;358;"FELIXLANDIA";"Reação tardia ou ineficiente do condutor";"Colisão transversal";"Com Vítimas Feridas";"Anoitecer";"Crescente";"Céu Claro";"Simples";"Reta";"Não";6;0;2;3;1;0;5;2;-18,73600801;-44,86508301;"SPRF-MG";"DEL02-MG";"UOP01-DEL02-MG"
481094;2022-10-16;"domingo";"16:40:00";"MG";262;403,5;"PARA DE MINAS";"Avarias e/ou desgaste excessivo no pneu";"Tombamento";"Com Vítimas Feridas";"Pleno dia";"Decrescente";"Sol";"Dupla";"Aclive;Curva";"Não";2;0;2;0;0;0;2;1;-19,89468798;-44,57131499;"SPRF-MG";"DEL01-MG";"UOP03-DEL01-MG"