"id";"data_inversa";"dia_semana";"horario";"uf";"br";"km";"municipio";"causa_acidente";"tipo_acidente";"classificacao_acidente";"fase_dia";"sentido_via";"condicao_metereologica";"tipo_pista";"tracado_via";"uso_solo";"pessoas";"mortos";"feridos_leves";"feridos_graves";"ilesos";"ignorados";"feridos";"veiculos";"latitude";"longitude";"regional";"delegacia";"uop"
481095;2022-10-16;"domingo";"18:40:00";"MS";60;44;"PARAISO DAS AGUAS";"Ausência de reação do condutor";"Colisão traseira";"Com Vítimas Feridas";"Plena Noite";"Crescente";"Céu Claro";"Simples";"Reta";"Não";2;0;1;0;1;0;1;2;-18,96720966;-52,86050607;"SPRF-MS";"DEL08-MS";"UOP01-DEL08-MS"
481099;2022-10-16;"domingo";"18:20:00";"MT";364;398;"CUIABA";"Objeto estático sobre o leito carroçável";"Colisão com objeto";"Com Vítimas Feridas";"Anoitecer";"Crescente";"Céu Claro";"Dupla";"Reta";"Não";2;0;1;0;1;0;1;1;-15,68278673;-55,92170288;"SPRF-MT";"DEL01-MT";"UOP02-DEL01-MT"
481100;2022-10-16;"domingo";"20:19:00";"BA";110;109,9;"ANTAS";"Afundamento ou ondulação no pavimento";"Saída de leito carroçável";"Com Vítimas Feridas";"Plena Noite";"Decrescente";"Céu Claro";"Simples";"Reta";"Não";5;0;5;0;0;0;5;1;-10,37877113;-38,3413007;"SPRF-BA";"DEL07-BA";"UOP01-DEL07-BA"
481101;2022-10-16;"domingo";"19:35:00";"BA";324;590;"CANDEIAS";"Reação tardia ou ineficiente do condutor";"Saída de leito carroçável";"Com Vítimas Feridas";"Plena Noite";"Crescente";"Céu Claro";"Dupla";"Reta";"Não";5;0;2;0;3;0;2;1;-12,67291202;-38,46908411;"SPRF-BA";"DEL01-BA";"UOP01-DEL01-BA"
481102;2022-10-16;"domingo";"20:15:00";"RS";116;527,9;"CAPAO DO LEAO";"Condutor deixou de manter distância do veículo da frente";"Colisão traseira";"Com Vítimas Feridas";"Plena Noite";"Crescente";"Nublado";"Simples";"Reta";"Não";2;0;1;0;1;0;1;2;-31,7470243;-52,40899728;"SPRF-RS";"DEL07-RS";"UOP01-DEL07-RS"
481103;2022-10-16;"domingo";"20:30:00";"RS";386;374,7;"PAVERAMA";"Acessar a via sem observar a presença dos outros veículos";"Colisão transversal";"Com Vítimas Feridas";"Plena Noite";"Decrescente";"Céu Claro";"Dupla";"Retorno Regulamentado;Reta";"Não";4;0;2;0;2;0;2;2;-29,61652967;-51,78677201;"SPRF-RS";"DEL04-RS";"NPF/DEL04-RS"
481104;2022-10-16;"domingo";"19:55:00";"MT";163;827;"SINOP";"Ingestão de álcool pelo condutor";"Saída de leito carroçável";"Com Vítimas Feridas";"Plena Noite";"Crescente";"Ignorado";"Simples";"Reta";"Sim";1;0;1;0;0;0;1;1;-12,05864;-55,51743619;"SPRF-MT";"DEL06-MT";"NPF/DEL06-MT"
481106;2022-10-16;"domingo";"21:00:00";"CE";222;4,7;"CAUCAIA";"Ingestão de álcool pelo condutor";"Colisão transversal";"Sem Vítimas";"Pleno dia";"Decrescente";"Céu Claro";"Múltipla";"Reta";"Sim";2;0;0;0;2;0;0;2;-3,74164754;-38,60449792;"SPRF-CE";"DEL01-CE";"UOP01-DEL01-CE"
481109;2022-10-16;"domingo";"21:00:00";"RS";293;14,2;"CAPAO DO LEAO";"Acessar a via sem observar a presença dos outros veículos";"Colisão transversal";"Com Vítimas Feridas";"Plena Noite";"Crescente";"Nublado";"Simples";"Reta";"Sim";2;0;1;0;1;0;1;2;-31,75233352;-52,4609969;"SPRF-RS";"DEL07-RS";"UOP01-DEL07-RS"
481110;2022-10-16;"domingo";"20:00:00";"SP";116;65;"GUARATINGUETA";"Acesso irregular";"Colisão lateral mesmo sentido";"Com Vítimas Feridas";"Plena Noite";"Decrescente";"Céu Claro";"Dupla";"Retorno Regulamentado";"Sim";2;0;1;0;1;0;1;2;-22,823273;-45,192806;"SPRF-SP";"DEL08-SP";"UOP01-DEL08-SP"
481111;2022-10-16;"domingo";"20:30:00";"PR";163;85,7;"CAPANEMA";"Manobra de mudança de faixa";"Colisão transversal";"Com Vítimas Feridas";"Plena Noite";"Decrescente";"Nublado";"Simples";"Reta";"Sim";2;0;0;1;0;1;1;2;-25,72429696;-53,77992115;"SPRF-PR";"DEL02-PR";"UOP02-DEL02-PR"
481112;2022-10-16;"domingo";"20:15:00";"GO";153;513,5;"APARECIDA DE GOIANIA";"Pedestre cruzava a pista fora da faixa";"Atropelamento de Pedestre";"Com Vítimas Feridas";"Plena Noite";"Decrescente";"Céu Claro";"Dupla";"Reta";"Sim";3;0;0;1;2;0;1;2;-16,8244;-49,2421;"SPRF-GO";"DEL01-GO";"UOP03-DEL01-GO"
481114;2022-10-16;"domingo";"20:40:00";"RJ";101;398;"ITAGUAI";"Demais falhas mecânicas ou elétricas";"Colisão traseira";"Com Vítimas Feridas";"Anoitecer";"Decrescente";"Céu Claro";"Dupla";"Reta";"Não";5;0;3;0;2;0;3;2;-22,86787912;-43,74862922;"SPRF-RJ";"DEL03-RJ";"UOP01-DEL03-RJ"
481115;2022-10-16;"domingo";"21:30:00";"MG";381;512;"IGARAPE";"Reação tardia ou ineficiente do condutor";"Colisão com objeto";"Com Vítimas Feridas";"Plena Noite";"Decrescente";"Nublado";"Simples";"Rotatória";"Sim";2;0;1;0;1;0;1;2;-20,07402903;-44,30125415;"SPRF-MG";"DEL01-MG";"UOP03-DEL01-MG"
481116;2022-10-16;"domingo";"18:00:00";"MS";163;98;"ITAQUIRAI";"Ausência de reação do condutor";"Tombamento";"Com Vítimas Feridas";"Plena Noite";"Decrescente";"Céu Claro";"Simples";"Reta";"Não";2;0;2;0;0;0;2;1;-23,29861804;-54,22324829;"SPRF-MS";"DEL09-MS";"UOP01-DEL09-MS"
481117;2022-10-16;"domingo";"18:30:00";"RJ";493;106;"SEROPEDICA";"Reação tardia ou ineficiente do condutor";"Saída de leito carroçável";"Com Vítimas Feridas";"Plena Noite";"Crescente";"Nublado";"Dupla";"Reta";"Não";3;0;2;1;0;0;3;1;-22,78504467;-43,76266479;"SPRF-RJ";"DEL03-RJ";"UOP01-DEL03-RJ"
481118;2022-10-16;"domingo";"20:00:00";"MG";50;206;"DELTA";"Ausência de reação do condutor";"Colisão traseira";"Com Vítimas Feridas";"Plena Noite";"Decrescente";"Céu Claro";"Dupla";"Reta";"Não";2;0;2;0;0;0;2;2;-19,92627147;-47,82191068;"SPRF-MG";"DEL13-MG";"UOP01-DEL13-MG"
481120;2022-10-16;"domingo";"19:45:00";"RJ";101;303;"SAO GONCALO";"Ingestão de álcool pelo condutor";"Atropelamento de Pedestre";"Com Vítimas Feridas";"Plena Noite";"Decrescente";"Nublado";"Dupla";"Reta";"Sim";2;0;0;1;1;0;1;2;-22,7828205;-42,9766681;"SPRF-RJ";"DEL02-RJ";"UOP02-DEL02-RJ"
481121;2022-10-16;"domingo";"19:37:00";"MS";163;399;"NOVA ALVORADA DO SUL";"Acessar a via sem observar a presença dos outros veículos";"Colisão traseira";"Com Vítimas Feridas";"Plena Noite";"Crescente";"Nublado";"Simples";"Reta";"Não";5;0;2;1;1;1;3;3;-21,17689;-54,47335;"SPRF-MS";"DEL02-MS";"UOP01-DEL02-MS"
481122;2022-10-16;"domingo";"19:20:00";"PB";230;172,4;"CAMPINA GRANDE";"Pedestre cruzava a pista fora da faixa";"Atropelamento de Pedestre";"Com Vítimas Fatais";"Plena Noite";"Decrescente";"Céu Claro";"Simples";"Aclive;Reta";"Não";2;1;0;0;1;0;0;2;-7,1798;-36,0027;"SPRF-PB";"DEL02-PB";"UOP02-DEL02-PB"
481123;2022-10-16;"domingo";"18:45:00";"PB";230;121,7;"RIACHAO DO BACAMARTE";"Transitar na contramão";"Colisão frontal";"Com Vítimas Fatais";"Plena Noite";"Crescente";"Céu Claro";"Dupla";"Reta";"Sim";2;1;1;0;0;0;1;2;-7,24717;-35,661323;"SPRF-PB";"DEL02-PB";"UOP01-DEL02-PB"
481124;2022-10-16;"domingo";"21:15:00";"SC";101;86;"BARRA VELHA";"Desrespeitar a preferência no cruzamento";"Colisão frontal";"Com Vítimas Feridas";"Plena Noite";"Decrescente";"Nublado";"Simples";"Interseção de Vias";"Sim";3;0;1;0;2;0;1;2;-26,63277317;-48,70232513;"SPRF-SC";"DEL03-SC";"UOP02-DEL03-SC"
481125;2022-10-16;"domingo";"21:40:00";"GO";153;432;"ANAPOLIS";"Reação tardia ou ineficiente do condutor";"Tombamento";"Com Vítimas Feridas";"Plena Noite";"Crescente";"Céu Claro";"Dupla";"Reta;Declive";"Sim";1;0;1;0;0;0;1;1;-16,264801;-48,982357;"SPRF-GO";"DEL02-GO";"UOP01-DEL02-GO"
481126;2022-10-16;"domingo";"21:50:00";"ES";101;412,9;"ITAPEMIRIM";"Pedestre cruzava a pista fora da faixa";"Atropelamento de Pedestre";"Com Vítimas Feridas";"Plena Noite";"Decrescente";"Céu Claro";"Simples";"Reta";"Sim";2;0;1;0;0;1;1;2;-20,92076433;-41,07753672;"SPRF-ES";"DEL03-ES";"UOP02-DEL03-ES"
481127;2022-10-16;"domingo";"20:50:00";"MT";70;523;"VARZEA GRANDE";"Ingestão de álcool pelo condutor";"Saída de leito carroçável";"Com Vítimas Feridas";"Plena Noite";"Crescente";"Céu Claro";"Simples";"Reta";"Sim";1;0;1;0;0;0;1;1;-15,65326736;-56,19223595;"SPRF-MT";"DEL01-MT";"UOP02-DEL01-MT"
481128;2022-10-16;"domingo";"21:20:00";"TO";226;14;"PALMEIRAS DO TOCANTINS";"Ausência de reação do condutor";"Saída de leito carroçável";"Com Vítimas Feridas";"Plena Noite";"Crescente";"Céu Claro";"Simples";"Reta";"Não";1;0;1;0;0;0;1;1;-6,631092;-47,614395;"SPRF-TO";"DEL02-TO";"UOP03-DEL02-TO"
481130;2022-10-16;"domingo";"20:15:00";"BA";367;31;"PORTO SEGURO";"Ingestão de álcool pelo condutor";"Colisão lateral mesmo sentido";"Com Vítimas Feridas";"Plena Noite";"Decrescente";"Céu Claro";"Simples";"Reta";"Não";2;0;0;1;1;0;1;2;-16,41927431;-39,13551087;"SPRF-BA";"DEL09-BA";"UOP03-DEL09-BA"
481131;2022-10-16;"domingo";"18:15:00";"PR";376;294,8;"MAUA DA SERRA";"Reação tardia ou ineficiente do condutor";"Saída de leito carroçável";"Com Vítimas Feridas";"Anoitecer";"Crescente";"Nublado";"Dupla";"Reta";"Não";1;0;1;0;0;0;1;1;-23,906475;-51,195535;"SPRF-PR";"DEL07-PR";"UOP02-DEL07-PR"
481133;2022-10-16;"domingo";"21:20:00";"SP";116;326;"JUQUITIBA";"Condutor Dormindo";"Saída de leito carroçável";"Com Vítimas Feridas";"Plena Noite";"Decrescente";"Nublado";"Dupla";"Reta";"Não";1;0;1;0;0;0;1;1;-23,93901304;-47,06241203;"SPRF-SP";"DEL04-SP";"UOP03-DEL04-SP"
481134;2022-10-16;"domingo";"20:30:00";"RS";116;150,3;"CAXIAS DO SUL";"Ingestão de álcool pelo condutor";"Colisão transversal";"Com Vítimas Feridas";"Plena Noite";"Crescente";"Nublado";"Dupla";"Interseção de Vias";"Sim";3;0;1;0;2;0;1;2;-29,168428;-51,158337;"SPRF-RS";"DEL05-RS";"UOP01-DEL05-RS"
481135;2022-10-16;"domingo";"18:50:00";"SC";101;273;"IMBITUBA";"Chuva";"Saída de leito carroçável";"Com Vítimas Feridas";"Plena Noite";"Decrescente";"Garoa/Chuvisco";"Múltipla";"Curva";"Não";1;0;1;0;0;0;1;1;-28,12382408;-48,69625015;"SPRF-SC";"DEL02-SC";"UOP03-DEL02-SC"
481136;2022-10-16;"domingo";"18:30:00";"MG";251;243;"SANTA CRUZ DE SALINAS";"Ultrapassagem Indevida";"Colisão frontal";"Com Vítimas Feridas";"Anoitecer";"Decrescente";"Ignorado";"Simples";"Reta";"Não";6;0;4;1;0;1;5;3;-16,00536888;-41,80987985;"SPRF-MG";"DEL11-MG";"UOP02-DEL11-MG"
481137;2022-10-16;"domingo";"15:35:00";"MG";365;464;"PATROCINIO";"Condutor deixou de manter distância do veículo da frente";"Engavetamento";"Com Vítimas Feridas";"Pleno dia";"Crescente";"Céu Claro";"Simples";"Aclive";"Não";6;0;2;0;4;0;2;4;-18,89425188;-46,94298207;"SPRF-MG";"DEL10-MG";"UOP01-DEL10-MG"
481139;2022-10-16;"domingo";"21:45:00";"MG";381;477,8;"CONTAGEM";"Acessar a via sem observar a presença dos outros veículos";"Colisão traseira";"Com Vítimas Feridas";"Plena Noite";"Decrescente";"Céu Claro";"Múltipla";"Aclive;Reta";"Sim";3;0;1;0;2;0;1;3;-19,959134;-44,032727;"SPRF-MG";"DEL01-MG";"UOP03-DEL01-MG"
481140;2022-10-16;"domingo";"21:30:00";"PE";408;78,6;"PAUDALHO";"Reação tardia ou ineficiente do condutor";"Tombamento";"Com Vítimas Feridas";"Plena Noite";"Decrescente";"Céu Claro";"Dupla";"Reta";"Não";2;0;2;0;0;0;2;2;-7,92365927;-35,15513418;"SPRF-PE";"DEL01-PE";"UOP01-DEL01-PE"
481142;2022-10-16;"domingo";"22:10:00";"RJ";116;171;"SAO JOAO DE MERITI";"Condutor deixou de manter distância do veículo da frente";"Colisão traseira";"Sem Vítimas";"Plena Noite";"Decrescente";"Céu Claro";"Múltipla";"Reta";"Sim";2;0;0;0;2;0;0;2;-22,8060415;-43,34289573;"SPRF-RJ";"DEL01-RJ";"UOP02-DEL01-RJ"
481143;2022-10-16;"domingo";"20:20:00";"SC";101;253;"PAULO LOPES";"Ingestão de álcool pelo condutor";"Colisão frontal";"Com Vítimas Feridas";"Plena Noite";"Crescente";"Nublado";"Dupla";"Viaduto";"Sim";4;0;1;0;3;0;1;2;-27,96492999;-48,67962057;"SPRF-SC";"DEL02-SC";"UOP03-DEL02-SC"
481144;2022-10-16;"domingo";"22:30:00";"SC";280;48;"GUARAMIRIM";"Retorno proibido";"Colisão transversal";"Com Vítimas Feridas";"Pleno dia";"Decrescente";"Céu Claro";"Simples";"Reta";"Não";3;0;1;0;2;0;1;2;-26,45506795;-48,92766502;"SPRF-SC";"DEL03-SC";"UOP03-DEL03-SC"
481145;2022-10-16;"domingo";"23:15:00";"SP";381;44;"ATIBAIA";"Demais falhas mecânicas ou elétricas";"Incêndio";"Sem Vítimas";"Plena Noite";"Crescente";"Céu Claro";"Dupla";"Reta";"Sim";1;0;0;0;1;0;0;1;-23,16458615;-46,57418959;"SPRF-SP";"DEL03-SP";"UOP01-DEL03-SP"
481147;2022-10-16;"domingo";"21:50:00";"PB";361;6;"PATOS";"Animais na Pista";"Atropelamento de Animal";"Com Vítimas Fatais";"Plena Noite";"Decrescente";"Céu Claro";"Simples";"Reta";"Sim";2;1;0;1;0;0;1;1;-7,03594312;-37,31112598;"SPRF-PB";"DEL03-PB";"UOP01-DEL03-PB"
481149;2022-10-16;"domingo";"19:20:00";"MG";381;434;"SABARA";"Desrespeitar a preferência no cruzamento";"Colisão frontal";"Com Vítimas Feridas";"Plena Noite";"Decrescente";"Céu Claro";"Simples";"Reta";"Não";2;0;0;1;1;0;1;2;-19,80043184;-43,75031407;"SPRF-MG";"DEL01-MG";"UOP01-DEL01-MG"
481150;2022-10-16;"domingo";"20:00:00";"PI";343;460,5;"SAO PEDRO DO PIAUI";"Ingestão de álcool pelo condutor";"Colisão com objeto";"Com Vítimas Fatais";"Plena Noite";"Crescente";"Céu Claro";"Simples";"Reta";"Não";2;1;1;0;0;0;1;1;-5,947248;-42,718021;"SPRF-PI";"DEL01-PI";"UOP02-DEL01-PI"
481151;2022-10-16;"domingo";"21:50:00";"RS";285;152,7;"MUITOS CAPOES";"Entrada inopinada do pedestre";"Atropelamento de Pedestre";"Com Vítimas Feridas";"Plena Noite";"Decrescente";"Céu Claro";"Simples";"Reta";"Não";5;0;1;0;4;0;1;2;-28,337301;-51,153454;"SPRF-RS";"DEL05-RS";"UOP03-DEL05-RS"
481152;2022-10-16;"domingo";"23:00:00";"SC";101;118;"ITAJAI";"Reação tardia ou ineficiente do condutor";"Colisão traseira";"Sem Vítimas";"Plena Noite";"Crescente";"Céu Claro";"Dupla";"Reta";"Não";2;0;0;0;2;0;0;2;-26,895859;-48,71903;"SPRF-SC";"DEL04-SC";"UOP04-DEL04-SC"
481154;2022-10-16;"domingo";"16:30:00";"MG";459;69,2;"SENADOR JOSE BENTO";"Ingestão de álcool pelo condutor";"Colisão lateral mesmo sentido";"Sem Vítimas";"Pleno dia";"Decrescente";"Céu Claro";"Simples";"Curva";"Não";2;0;0;0;2;0;0;2;-22,13327892;-46,15647381;"SPRF-MG";"DEL09-MG";"UOP01-DEL09-MG"
481155;2022-10-16;"domingo";"23:00:00";"RN";405;191,1;"MAJOR SALES";"Transitar na contramão";"Colisão transversal";"Com Vítimas Fatais";"Plena Noite";"Decrescente";"Céu Claro";"Simples";"Aclive;Interseção de Vias";"Não";4;1;1;2;0;0;3;2;-6,42856856;-38,33280074;"SPRF-RN";"DEL04-RN";"UOP02-DEL04-RN"
481156;2022-10-16;"domingo";"23:20:00";"GO";20;181;"SIMOLANDIA";"Reação tardia ou ineficiente do condutor";"Saída de leito carroçável";"Com Vítimas Feridas";"Plena Noite";"Crescente";"Céu Claro";"Dupla";"Reta";"Sim";1;0;0;1;0;0;1;1;-14,470801;-46,486183;"SPRF-DF";"DEL02-DF";"UOP03-DEL02-DF"
481157;2022-10-16;"domingo";"21:00:00";"MG";40;734,8;"SANTOS DUMONT";"Ausência de reação do condutor";"Saída de leito carroçável";"Com Vítimas Feridas";"Plena Noite";"Crescente";"Ignorado";"Simples";"Curva";"Não";1;0;1;0;0;0;1;1;-21,36247924;-43,57519146;"SPRF-MG";"DEL05-MG";"UOP01-DEL05-MG"
481158;2022-10-16;"domingo";"23:00:00";"GO";153;233;"HIDROLINA";"Condutor Dormindo";"Saída de leito carroçável";"Com Vítimas Feridas";"Plena Noite";"Crescente";"Céu Claro";"Simples";"Reta";"Não";2;0;1;0;1;0;1;1;-14,785928;-49,275658;"SPRF-GO";"DEL07-GO";"UOP02-DEL07-GO"
481159;2022-10-16;"domingo";"20:30:00";"PR";153;306;"IMBITUVA";"Ingestão de álcool pelo condutor";"Colisão traseira";"Com Vítimas Feridas";"Plena Noite";"Decrescente";"Nublado";"Simples";"Reta";"Não";4;0;3;0;1;0;3;2;-25,25766;-50,640564;"SPRF-PR";"DEL08-PR";"UOP02-DEL08-PR"
481161;2022-10-16;"domingo";"23:20:00";"RJ";116;176;"NOVA IGUACU";"Ausência de reação do condutor";"Colisão com objeto";"Com Vítimas Feridas";"Plena Noite";"Decrescente";"Nublado";"Dupla";"Reta";"Sim";1;0;1;0;0;0;1;1;-22,7839538;-43,38195488;"SPRF-RJ";"DEL01-RJ";"UOP02-DEL01-RJ"
481162;2022-10-16;"domingo";"23:30:00";"PR";277;726;"FOZ DO IGUACU";"Velocidade Incompatível";"Saída de leito carroçável";"Sem Vítimas";"Plena Noite";"Decrescente";"Céu Claro";"Dupla";"Rotatória";"Sim";1;0;0;0;0;1;0;1;-25,5106015;-54,55481999;"SPRF-PR";"DEL05-PR";"UOP03-DEL05-PR"
481163;2022-10-16;"domingo";"23:00:00";"RS";392;348,8;"SANTA MARIA";"Ingestão de álcool pelo condutor";"Colisão lateral sentido oposto";"Com Vítimas Feridas";"Plena Noite";"Crescente";"Céu Claro";"Simples";"Reta";"Não";8;0;1;1;1;5;2;3;-29,7526249;-53,7898177;"SPRF-RS";"DEL09-RS";"UOP01-DEL09-RS"
481164;2022-10-16;"domingo";"23:22:00";"MS";463;2,2;"DOURADOS";"Redutor de velocidade em desacordo";"Colisão com objeto";"Com Vítimas Feridas";"Plena Noite";"Decrescente";"Céu Claro";"Simples";"Reta";"Não";1;0;0;1;0;0;1;1;-22,25923222;-54,82334375;"SPRF-MS";"DEL04-MS";"UOP01-DEL04-MS"
481165;2022-10-16;"domingo";"23:30:00";"RJ";465;22;"RIO DE JANEIRO";"Ingestão de álcool pelo condutor";"Colisão traseira";"Sem Vítimas";"Plena Noite";"Decrescente";"Céu Claro";"Simples";"Reta";"Sim";3;0;0;0;3;0;0;3;-22,863579;-43,601479;"SPRF-RJ";"DEL03-RJ";"UOP01-DEL03-RJ"
481166;2022-10-17;"segunda-feira";"00:36:00";"TO";153;144;"ARAGUAINA";"Ausência de reação do condutor";"Saída de leito carroçável";"Sem Vítimas";"Plena Noite";"Crescente";"Céu Claro";"Simples";"Declive";"Sim";1;0;0;0;0;1;0;1;-7,19662811;-48,23636977;"SPRF-TO";"DEL02-TO";"UOP01-DEL02-TO"
481167;2022-10-17;"segunda-feira";"00:05:00";"RS";472;632,7;"BARRA DO QUARAI";"Ingestão de álcool pelo condutor";"Saída de leito carroçável";"Com Vítimas Feridas";"Plena Noite";"Crescente";"Céu Claro";"Simples";"Reta";"Não";1;0;0;1;0;0;1;1;-30,15692787;-57,40356445;"SPRF-RS";"DEL13-RS";"UOP01-DEL13-RS"
481168;2022-10-17;"segunda-feira";"00:50:00";"GO";40;5;"VALPARAISO DE GOIAS";"Velocidade Incompatível";"Saída de leito carroçável";"Com Vítimas Feridas";"Pleno dia";"Crescente";"Céu Claro";"Dupla";"Reta";"Sim";3;0;2;0;1;0;2;2;-16,0934645;-47,98203707;"SPRF-DF";"DEL01-DF";"UOP01-DEL01-DF"
481169;2022-10-16;"domingo";"22:53:00";"AC";364;108;"RIO BRANCO";"Demais falhas na via";"Queda de ocupante de veículo";"Com Vítimas Feridas";"Plena Noite";"Crescente";"Céu Claro";"Simples";"Reta";"Não";1;0;0;1;0;0;1;1;-10,02113175;-67,64916981;"SPRF-AC";"DEL01-AC";"UOP01-DEL01-AC"
481171;2022-10-17;"segunda-feira";"01:15:00";"RN";101;104,3;"PARNAMIRIM";"Reação tardia ou ineficiente do condutor";"Saída de leito carroçável";"Com Vítimas Feridas";"Plena Noite";"Crescente";"Nublado";"Dupla";"Viaduto";"Não";2;0;0;2;0;0;2;1;-5,892745;-35,257225;"SPRF-RN";"DEL01-RN";"UOP01-DEL01-RN"
481172;2022-10-17;"segunda-feira";"00:33:00";"CE";222;304,9;"TIANGUA";"Demais falhas mecânicas ou elétricas";"Incêndio";"Sem Vítimas";"Pleno dia";"Crescente";"Nublado";"Simples";"Reta";"Não";1;0;0;0;1;0;0;1;-3,67343749;-40,96767426;"SPRF-CE";"DEL04-CE";"UOP02-DEL04-CE"
481175;2022-10-17;"segunda-feira";"02:10:00";"DF";60;12,3;"BRASILIA";"Trafegar com motocicleta (ou similar) entre as faixas";"Tombamento";"Com Vítimas Feridas";"Plena Noite";"Decrescente";"Céu Claro";"Dupla";"Reta";"Não";1;0;1;0;0;0;1;1;-15,916267;-48,164268;"SPRF-DF";"DEL03-DF";"UOP01-DEL03-DF"
481176;2022-10-17;"segunda-feira";"02:30:00";"SP";116;17,5;"LAVRINHAS";"Problema com o freio";"Incêndio";"Sem Vítimas";"Plena Noite";"Crescente";"Céu Claro";"Dupla";"Reta";"Não";1;0;0;0;1;0;0;1;-22,5584158;-44,85667011;"SPRF-SP";"DEL08-SP";"UOP02-DEL08-SP"
481177;2022-10-17;"segunda-feira";"02:22:00";"RS";116;301;"GUAIBA";"Ausência de reação do condutor";"Saída de leito carroçável";"Sem Vítimas";"Plena Noite";"Crescente";"Céu Claro";"Dupla";"Curva";"Sim";1;0;0;0;0;1;0;1;-30,131899;-51,353867;"SPRF-RS";"DEL02-RS";"UOP01-DEL02-RS"
481178;2022-10-17;"segunda-feira";"03:25:00";"SP";116;186;"SANTA ISABEL";"Ausência de reação do condutor";"Queda de ocupante de veículo";"Com Vítimas Feridas";"Plena Noite";"Crescente";"Nevoeiro/Neblina";"Dupla";"Declive";"Não";2;0;2;0;0;0;2;1;-23,35220682;-46,19934905;"SPRF-SP";"DEL01-SP";"NPF/DEL01-SP"
481179;2022-10-17;"segunda-feira";"01:15:00";"MS";163;1,6;"MUNDO NOVO";"Reação tardia ou ineficiente do condutor";"Saída de leito carroçável";"Sem Vítimas";"Plena Noite";"Decrescente";"Céu Claro";"Simples";"Curva";"Não";2;0;0;0;0;2;0;1;-24,033261;-54,285285;"SPRF-MS";"DEL09-MS";"UOP02-DEL09-MS"
481180;2022-10-17;"segunda-feira";"01:21:00";"AL";101;236;"SAO BRAS";"Ausência de reação do condutor";"Saída de leito carroçável";"Com Vítimas Feridas";"Plena Noite";"Crescente";"Céu Claro";"Dupla";"Curva";"Não";1;0;1;0;0;0;1;1;-10,11944212;-36,78390857;"SPRF-AL";"DEL02-AL";"UOP02-DEL02-AL"
481181;2022-10-17;"segunda-feira";"02:00:00";"MT";364;395,6;"CUIABA";"Ingestão de álcool pelo condutor";"Saída de leito carroçável";"Sem Vítimas";"Plena Noite";"Crescente";"Céu Claro";"Dupla";"Reta";"Sim";1;0;0;0;1;0;0;1;-15,69556743;-55,89834326;"SPRF-MT";"DEL01-MT";"UOP02-DEL01-MT"
481182;2022-10-17;"segunda-feira";"03:00:00";"BA";415;51,9;"ITABUNA";"Reação tardia ou ineficiente do condutor";"Colisão com objeto";"Sem Vítimas";"Plena Noite";"Decrescente";"Chuva";"Simples";"Ponte";"Não";1;0;0;0;0;1;0;1;-14,81574494;-39,29612388;"SPRF-BA";"DEL05-BA";"UOP01-DEL05-BA"
481183;2022-10-17;"segunda-feira";"01:00:00";"SC";470;242,6;"CURITIBANOS";"Reação tardia ou ineficiente do condutor";"Saída de leito carroçável";"Com Vítimas Feridas";"Plena Noite";"Decrescente";"Nevoeiro/Neblina";"Simples";"Rotatória";"Não";2;0;1;0;1;0;1;1;-27,311794;-50,498703;"SPRF-SC";"DEL05-SC";"UOP03-DEL05-SC"
481184;2022-10-17;"segunda-feira";"00:30:00";"SP";381;41,5;"ATIBAIA";"Ausência de reação do condutor";"Colisão traseira";"Com Vítimas Fatais";"Plena Noite";"Decrescente";"Nublado";"Dupla";"Reta";"Sim";2;1;0;0;1;0;0;2;-23,13863999;-46,57584088;"SPRF-SP";"DEL03-SP";"UOP01-DEL03-SP"
481185;2022-10-16;"domingo";"22:10:00";"SP";381;77,9;"SAO PAULO";"Entrada inopinada do pedestre";"Atropelamento de Pedestre";"Com Vítimas Fatais";"Plena Noite";"Crescente";"Céu Claro";"Dupla";"Curva";"Não";2;1;0;0;0;1;0;2;-23,39620774;-46,57355227;"SPRF-SP";"DEL03-SP";"UOP01-DEL03-SP"
481187;2022-10-17;"segunda-feira";"03:55:00";"MS";163;615;"SAO GABRIEL DO OESTE";"Desrespeitar a preferência no cruzamento";"Colisão transversal";"Com Vítimas Feridas";"Plena Noite";"Crescente";"Céu Claro";"Simples";"Reta";"Sim";3;0;0;1;1;1;1;3;-19,39850778;-54,56579964;"SPRF-MS";"DEL06-MS";"UOP02-DEL06-MS"
481191;2022-10-17;"segunda-feira";"05:30:00";"RS";290;588;"ALEGRETE";"Acessar a via sem observar a presença dos outros veículos";"Colisão transversal";"Com Vítimas Feridas";"Amanhecer";"Crescente";"Nublado";"Simples";"Reta";"Sim";2;0;0;1;1;0;1;2;-29,809992;-55,856686;"SPRF-RS";"DEL13-RS";"UOP02-DEL13-RS"
481193;2022-10-17;"segunda-feira";"06:00:00";"MG";40;687,3;"RESSAQUINHA";"Ausência de reação do condutor";"Colisão com objeto";"Com Vítimas Feridas";"Amanhecer";"Decrescente";"Céu Claro";"Simples";"Declive;Curva";"Não";1;0;0;1;0;0;1;1;-21,09956223;-43,76614278;"SPRF-MG";"DEL05-MG";"UOP02-DEL05-MG"
481194;2022-10-17;"segunda-feira";"06:15:00";"RS";386;366,1;"FAZENDA VILANOVA";"Condutor Dormindo";"Colisão com objeto";"Com Vítimas Feridas";"Pleno dia";"Crescente";"Nublado";"Dupla";"Curva";"Sim";1;0;1;0;0;0;1;1;-29,572111;-51,855782;"SPRF-RS";"DEL04-RS";"NPF/DEL04-RS"