"id";"data_inversa";"dia_semana";"horario";"uf";"br";"km";"municipio";"causa_acidente";"tipo_acidente";"classificacao_acidente";"fase_dia";"sentido_via";"condicao_metereologica";"tipo_pista";"tracado_via";"uso_solo";"pessoas";"mortos";"feridos_leves";"feridos_graves";"ilesos";"ignorados";"feridos";"veiculos";"latitude";"longitude";"regional";"delegacia";"uop"
481195;2022-10-17;"segunda-feira";"06:00:00";"PR";376;179,2;"MARINGA";"Velocidade Incompatível";"Colisão traseira";"Com Vítimas Feridas";"Pleno dia";"Decrescente";"Céu Claro";"Dupla";"Reta";"Sim";3;0;1;1;1;0;2;2;-23,42005376;-51,91112995;"SPRF-PR";"DEL09-PR";"UOP01-DEL09-PR"
481196;2022-10-17;"segunda-feira";"07:20:00";"PE";232;9;"RECIFE";"Condutor deixou de manter distância do veículo da frente";"Colisão lateral mesmo sentido";"Sem Vítimas";"Pleno dia";"Decrescente";"Céu Claro";"Dupla";"Reta";"Sim";2;0;0;0;2;0;0;2;-8,07764447;-34,97863609;"SPRF-PE";"DEL01-PE";"UOP01-DEL01-PE"
481197;2022-10-17;"segunda-feira";"07:30:00";"SP";116;216,8;"GUARULHOS";"Manobra de mudança de faixa";"Colisão lateral mesmo sentido";"Com Vítimas Feridas";"Pleno dia";"Decrescente";"Céu Claro";"Múltipla";"Reta;Aclive";"Sim";2;0;2;0;0;0;2;2;-23,45056589;-46,46258105;"SPRF-SP";"DEL01-SP";"UOP01-DEL01-SP"
481198;2022-10-17;"segunda-feira";"06:20:00";"SP";381;43;"ATIBAIA";"Mal súbito do condutor";"Tombamento";"Com Vítimas Feridas";"Amanhecer";"Crescente";"Céu Claro";"Dupla";"Reta";"Não";2;0;1;0;0;1;1;2;-23,15597105;-46,5740155;"SPRF-SP";"DEL03-SP";"UOP01-DEL03-SP"
481199;2022-10-17;"segunda-feira";"06:40:00";"SP";381;47;"ATIBAIA";"Animais na Pista";"Colisão traseira";"Com Vítimas Feridas";"Pleno dia";"Decrescente";"Céu Claro";"Dupla";"Reta";"Não";2;0;1;0;1;0;1;2;-23,18904617;-46,58407757;"SPRF-SP";"DEL03-SP";"UOP01-DEL03-SP"
481201;2022-10-17;"segunda-feira";"06:40:00";"MG";40;517,8;"CONTAGEM";"Condutor deixou de manter distância do veículo da frente";"Colisão traseira";"Com Vítimas Feridas";"Pleno dia";"Crescente";"Céu Claro";"Dupla";"Reta;Interseção de Vias";"Sim";3;0;1;0;1;1;1;3;-19,82824377;-44,08376997;"SPRF-MG";"DEL01-MG";"UOP02-DEL01-MG"
481202;2022-10-17;"segunda-feira";"07:40:00";"SP";116;206;"ARUJA";"Manobra de mudança de faixa";"Colisão lateral mesmo sentido";"Com Vítimas Feridas";"Pleno dia";"Crescente";"Céu Claro";"Dupla";"Reta";"Sim";2;0;1;0;1;0;1;2;-23,41722629;-46,37510292;"SPRF-SP";"DEL01-SP";"UOP01-DEL01-SP"
481204;2022-10-17;"segunda-feira";"07:45:00";"RS";116;267;"CANOAS";"Manobra de mudança de faixa";"Colisão lateral mesmo sentido";"Com Vítimas Feridas";"Pleno dia";"Crescente";"Céu Claro";"Dupla";"Reta";"Sim";2;0;1;0;1;0;1;2;-29,94142398;-51,17697062;"SPRF-RS";"DEL01-RS";"UOP01-DEL01-RS"
481206;2022-10-17;"segunda-feira";"07:45:00";"CE";116;3;"FORTALEZA";"Condutor deixou de manter distância do veículo da frente";"Colisão traseira";"Com Vítimas Feridas";"Pleno dia";"Decrescente";"Céu Claro";"Múltipla";"Reta";"Sim";5;0;2;0;3;0;2;4;-3,77866493;-38,51490171;"SPRF-CE";"DEL01-CE";"UOP02-DEL01-CE"
481207;2022-10-17;"segunda-feira";"08:20:00";"RS";116;245,1;"SAO LEOPOLDO";"Trafegar com motocicleta (ou similar) entre as faixas";"Colisão lateral mesmo sentido";"Com Vítimas Feridas";"Pleno dia";"Decrescente";"Céu Claro";"Dupla";"Reta";"Sim";2;0;1;0;1;0;1;2;-29,74980902;-51,15125361;"SPRF-RS";"DEL01-RS";"UOP02-DEL01-RS"
481212;2022-10-17;"segunda-feira";"07:30:00";"PE";423;120;"PARANATAMA";"Acessar a via sem observar a presença dos outros veículos";"Colisão lateral mesmo sentido";"Com Vítimas Feridas";"Pleno dia";"Decrescente";"Céu Claro";"Simples";"Reta";"Não";2;0;1;0;1;0;1;2;-8,91340879;-36,69525706;"SPRF-PE";"DEL03-PE";"UOP01-DEL03-PE"
481213;2022-10-17;"segunda-feira";"09:30:00";"ES";101;269,2;"SERRA";"Pedestre cruzava a pista fora da faixa";"Atropelamento de Pedestre";"Com Vítimas Feridas";"Pleno dia";"Crescente";"Nublado";"Múltipla";"Reta";"Sim";2;0;2;0;0;0;2;2;-20,21740496;-40,26990578;"SPRF-ES";"DEL02-ES";"UOP01-DEL02-ES"
481214;2022-10-17;"segunda-feira";"09:30:00";"MG";381;485,1;"BETIM";"Condutor deixou de manter distância do veículo da frente";"Colisão traseira";"Com Vítimas Feridas";"Pleno dia";"Crescente";"Céu Claro";"Dupla";"Curva";"Não";2;0;1;0;1;0;1;2;-19,95573;-44,09622;"SPRF-MG";"DEL01-MG";"UOP03-DEL01-MG"
481216;2022-08-04;"quinta-feira";"17:30:00";"PR";376;182;"MARINGA";"Manobra de mudança de faixa";"Tombamento";"Com Vítimas Feridas";"Pleno dia";"Decrescente";"Ignorado";"Múltipla";"Rotatória";"Sim";3;0;0;1;0;2;1;2;-23,43177765;-51,88817209;"SPRF-PR";"DEL09-PR";"UOP01-DEL09-PR"
481218;2022-10-17;"segunda-feira";"06:20:00";"MG";267;139,9;"LIMA DUARTE";"Condutor deixou de manter distância do veículo da frente";"Colisão traseira";"Com Vítimas Feridas";"Pleno dia";"Decrescente";"Céu Claro";"Simples";"Reta";"Sim";5;0;3;0;2;0;3;2;-21,79755218;-43,68025194;"SPRF-MG";"DEL05-MG";"UOP01-DEL05-MG"
481220;2022-10-02;"domingo";"13:05:00";"PB";230;8;"CABEDELO";"Reação tardia ou ineficiente do condutor";"Colisão traseira";"Com Vítimas Feridas";"Pleno dia";"Decrescente";"Céu Claro";"Dupla";"Reta";"Não";2;0;0;1;1;0;1;2;-7,0355;-34,8429;"SPRF-PB";"DEL01-PB";"UOP01-DEL01-PB"
481221;2022-10-17;"segunda-feira";"10:05:00";"RS";116;252;"SAPUCAIA DO SUL";"Manobra de mudança de faixa";"Colisão lateral mesmo sentido";"Com Vítimas Feridas";"Pleno dia";"Decrescente";"Céu Claro";"Dupla";"Reta";"Sim";2;0;1;0;1;0;1;2;-29,80913395;-51,1675292;"SPRF-RS";"DEL01-RS";"UOP02-DEL01-RS"
481222;2022-10-17;"segunda-feira";"09:30:00";"RJ";116;305;"RESENDE";"Ultrapassagem Indevida";"Colisão lateral mesmo sentido";"Com Vítimas Feridas";"Pleno dia";"Crescente";"Céu Claro";"Dupla";"Reta";"Não";4;0;1;0;3;0;1;2;-22,45493767;-44,38702445;"SPRF-RJ";"DEL07-RJ";"UOP02-DEL07-RJ"
481224;2022-10-17;"segunda-feira";"07:30:00";"BA";242;366;"PALMEIRAS";"Velocidade Incompatível";"Colisão com objeto";"Sem Vítimas";"Pleno dia";"Decrescente";"Nublado";"Simples";"Ponte;Reta";"Não";2;0;0;0;2;0;0;1;-12,46767097;-41,43877801;"SPRF-BA";"DEL06-BA";"UOP01-DEL06-BA"
481225;2022-10-17;"segunda-feira";"18:30:00";"MG";262;2,3;"MARTINS SOARES";"Velocidade Incompatível";"Saída de leito carroçável";"Com Vítimas Feridas";"Plena Noite";"Decrescente";"Nublado";"Simples";"Declive;Curva";"Não";1;0;0;1;0;0;1;1;-20,25837241;-41,77950382;"SPRF-MG";"DEL06-MG";"UOP03-DEL06-MG"
481229;2022-10-17;"segunda-feira";"08:10:00";"MA";230;410,4;"BALSAS";"Avarias e/ou desgaste excessivo no pneu";"Saída de leito carroçável";"Com Vítimas Feridas";"Pleno dia";"Crescente";"Céu Claro";"Simples";"Reta;Aclive";"Não";4;0;1;0;3;0;1;1;-7,509415;-46,094675;"SPRF-MA";"DEL05-MA";"UOP01-DEL05-MA"
481230;2022-10-17;"segunda-feira";"09:40:00";"RJ";356;26;"ITAPERUNA";"Acessar a via sem observar a presença dos outros veículos";"Colisão lateral mesmo sentido";"Com Vítimas Feridas";"Pleno dia";"Crescente";"Nublado";"Simples";"Interseção de Vias";"Não";2;0;1;0;1;0;1;2;-21,17939459;-41,95448991;"SPRF-RJ";"DEL08-RJ";"UOP03-DEL08-RJ"
481232;2022-10-17;"segunda-feira";"07:50:00";"ES";262;169,5;"IBATIBA";"Acessar a via sem observar a presença dos outros veículos";"Colisão transversal";"Com Vítimas Feridas";"Pleno dia";"Crescente";"Céu Claro";"Simples";"Interseção de Vias";"Não";2;0;0;1;1;0;1;2;-20,26468044;-41,57615064;"SPRF-ES";"DEL01-ES";"UOP02-DEL01-ES"
481234;2022-01-22;"sábado";"21:35:00";"RR";174;503;"BOA VISTA";"Transitar na contramão";"Colisão traseira";"Com Vítimas Feridas";"Plena Noite";"Crescente";"Céu Claro";"Dupla";"Viaduto";"Sim";2;0;1;0;0;1;1;2;2,794901;-60,698441;"SPRF-RR";"DEL01-RR";"UOP01-DEL01-RR"
481236;2022-10-08;"sábado";"02:20:00";"MS";163;270,6;"DOURADOS";"Ingestão de álcool pelo condutor";"Saída de leito carroçável";"Com Vítimas Feridas";"Plena Noite";"Crescente";"Céu Claro";"Dupla";"Rotatória";"Não";2;0;1;0;1;0;1;1;-22,194847;-54,69295;"SPRF-MS";"DEL04-MS";"UOP01-DEL04-MS"
481241;2022-10-17;"segunda-feira";"11:50:00";"ES";101;61,7;"SAO MATEUS";"Ingestão de álcool pelo condutor";"Colisão traseira";"Sem Vítimas";"Pleno dia";"Decrescente";"Céu Claro";"Simples";"Reta";"Sim";10;0;0;0;10;0;0;3;-18,68153217;-39,86364755;"SPRF-ES";"DEL04-ES";"UOP02-DEL04-ES"
481242;2022-10-17;"segunda-feira";"12:00:00";"SC";116;251;"LAGES";"Acesso irregular";"Colisão lateral mesmo sentido";"Com Vítimas Feridas";"Pleno dia";"Decrescente";"Céu Claro";"Simples";"Interseção de Vias";"Não";2;0;1;0;1;0;1;2;-27,84512201;-50,37880391;"SPRF-SC";"DEL05-SC";"UOP02-DEL05-SC"
481244;2022-10-17;"segunda-feira";"09:30:00";"PR";277;344,7;"GUARAPUAVA";"Acessar a via sem observar a presença dos outros veículos";"Colisão transversal";"Com Vítimas Feridas";"Pleno dia";"Decrescente";"Céu Claro";"Simples";"Reta";"Sim";2;0;0;1;1;0;1;2;-25,36616918;-51,48787614;"SPRF-PR";"DEL08-PR";"UOP01-DEL08-PR"
481245;2022-10-17;"segunda-feira";"12:20:00";"BA";418;88;"NOVA VICOSA";"Reação tardia ou ineficiente do condutor";"Colisão frontal";"Com Vítimas Feridas";"Pleno dia";"Crescente";"Céu Claro";"Simples";"Reta";"Sim";2;0;0;1;1;0;1;2;-17,892078;-39,81627;"SPRF-BA";"DEL09-BA";"UOP02-DEL09-BA"
481247;2022-10-17;"segunda-feira";"12:30:00";"MG";459;66,1;"SENADOR JOSE BENTO";"Velocidade Incompatível";"Tombamento";"Com Vítimas Feridas";"Pleno dia";"Decrescente";"Céu Claro";"Simples";"Curva;Aclive";"Não";1;0;0;1;0;0;1;1;-22,131833;-46,176947;"SPRF-MG";"DEL09-MG";"UOP01-DEL09-MG"
481248;2022-10-17;"segunda-feira";"06:00:00";"MA";226;299,1;"BARRA DO CORDA";"Velocidade Incompatível";"Capotamento";"Sem Vítimas";"Amanhecer";"Decrescente";"Ignorado";"Simples";"Curva";"Sim";1;0;0;0;0;1;0;1;-5,49931361;-45,24236441;"SPRF-MA";"DEL06-MA";"UOP01-DEL06-MA"
481249;2022-10-17;"segunda-feira";"12:30:00";"PR";116;9;"QUATRO BARRAS";"Demais falhas mecânicas ou elétricas";"Tombamento";"Com Vítimas Feridas";"Pleno dia";"Decrescente";"Sol";"Dupla";"Reta";"Sim";2;0;2;0;0;0;2;1;-25,3708;-49,1246;"SPRF-PR";"DEL01-PR";"UOP02-DEL01-PR"
481250;2022-10-17;"segunda-feira";"12:40:00";"PR";369;507;"CASCAVEL";"Condutor deixou de manter distância do veículo da frente";"Colisão traseira";"Com Vítimas Feridas";"Pleno dia";"Crescente";"Céu Claro";"Simples";"Reta";"Não";6;0;2;0;4;0;2;2;-24,8386;-53,3091;"SPRF-PR";"DEL04-PR";"UOP03-DEL04-PR"
481251;2022-10-17;"segunda-feira";"12:30:00";"PR";277;473;"NOVA LARANJEIRAS";"Manobra de mudança de faixa";"Colisão lateral mesmo sentido";"Com Vítimas Feridas";"Pleno dia";"Crescente";"Céu Claro";"Simples";"Curva";"Não";3;0;2;0;1;0;2;2;-25,31228529;-52,52903626;"SPRF-PR";"DEL04-PR";"UOP02-DEL04-PR"
481255;2022-10-17;"segunda-feira";"13:15:00";"RJ";40;104;"DUQUE DE CAXIAS";"Acessar a via sem observar a presença dos outros veículos";"Colisão transversal";"Com Vítimas Feridas";"Pleno dia";"Decrescente";"Céu Claro";"Múltipla";"Reta";"Sim";2;0;0;1;1;0;1;2;-22,62897902;-43,28579508;"SPRF-RJ";"DEL01-RJ";"UOP01-DEL01-RJ"
481256;2022-10-17;"segunda-feira";"12:10:00";"RJ";101;432;"MANGARATIBA";"Velocidade Incompatível";"Tombamento";"Com Vítimas Feridas";"Pleno dia";"Crescente";"Sol";"Simples";"Declive;Curva";"Não";1;0;0;1;0;0;1;1;-22,93437472;-44,02919087;"SPRF-RJ";"DEL03-RJ";"UOP02-DEL03-RJ"
481257;2022-10-17;"segunda-feira";"11:15:00";"MS";158;44,1;"PARANAIBA";"Reação tardia ou ineficiente do condutor";"Saída de leito carroçável";"Com Vítimas Feridas";"Pleno dia";"Decrescente";"Sol";"Simples";"Aclive;Reta";"Não";1;0;1;0;0;0;1;1;-19,3296979;-51,43803924;"SPRF-MS";"DEL08-MS";"UOP01-DEL08-MS"
481259;2022-06-23;"quinta-feira";"08:00:00";"MG";116;407;"GOVERNADOR VALADARES";"Acessar a via sem observar a presença dos outros veículos";"Colisão transversal";"Com Vítimas Feridas";"Pleno dia";"Crescente";"Ignorado";"Simples";"Reta";"Não";1;0;0;1;0;0;1;1;-18,86275758;-41,97395325;"SPRF-MG";"DEL06-MG";"UOP01-DEL06-MG"
481260;2022-10-17;"segunda-feira";"14:00:00";"MG";381;1,3;"BETIM";"Trafegar com motocicleta (ou similar) entre as faixas";"Colisão lateral mesmo sentido";"Com Vítimas Feridas";"Pleno dia";"Crescente";"Céu Claro";"Dupla";"Em Obras";"Não";2;0;1;0;1;0;1;2;-19,97374;-44,16065;"SPRF-MG";"DEL01-MG";"UOP03-DEL01-MG"
481262;2022-10-17;"segunda-feira";"10:45:00";"SC";282;121;"BOM RETIRO";"Reação tardia ou ineficiente do condutor";"Saída de leito carroçável";"Com Vítimas Feridas";"Pleno dia";"Decrescente";"Céu Claro";"Simples";"Curva";"Não";3;0;2;0;0;1;2;2;-27,799501;-49,42075;"SPRF-SC";"DEL05-SC";"UOP01-DEL05-SC"
481264;2022-10-17;"segunda-feira";"12:00:00";"PA";230;120;"MARABA";"Condutor deixou de manter distância do veículo da frente";"Colisão traseira";"Com Vítimas Feridas";"Pleno dia";"Crescente";"Céu Claro";"Dupla";"Reta";"Sim";2;0;0;1;1;0;1;2;-5,35038318;-49,11434;"SPRF-PA";"DEL03-PA";"UOP01-DEL03-PA"
481265;2022-05-18;"quarta-feira";"20:17:00";"MG";116;537;"SANTA RITA DE MINAS";"Condutor deixou de manter distância do veículo da frente";"Tombamento";"Com Vítimas Feridas";"Plena Noite";"Crescente";"Nublado";"Simples";"Curva";"Não";1;0;0;1;0;0;1;1;-19,85784656;-42,13781878;"SPRF-MG";"DEL06-MG";"UOP02-DEL06-MG"
481266;2022-10-17;"segunda-feira";"14:30:00";"PE";232;9;"RECIFE";"Demais falhas na via";"Queda de ocupante de veículo";"Com Vítimas Feridas";"Pleno dia";"Crescente";"Céu Claro";"Dupla";"Reta";"Sim";1;0;1;0;0;0;1;1;-8,07764447;-34,97863609;"SPRF-PE";"DEL01-PE";"UOP01-DEL01-PE"
481267;2022-10-17;"segunda-feira";"10:25:00";"SC";282;511,1;"XANXERE";"Avarias e/ou desgaste excessivo no pneu";"Saída de leito carroçável";"Com Vítimas Feridas";"Pleno dia";"Decrescente";"Céu Claro";"Simples";"Curva";"Não";1;0;1;0;0;0;1;1;-26,905405;-52,464199;"SPRF-SC";"DEL07-SC";"UOP01-DEL07-SC"
481269;2022-10-17;"segunda-feira";"14:16:00";"SC";101;120,8;"ITAJAI";"Mal súbito do condutor";"Queda de ocupante de veículo";"Com Vítimas Feridas";"Pleno dia";"Crescente";"Céu Claro";"Simples";"Curva";"Não";1;0;1;0;0;0;1;1;-26,912758;-48,711998;"SPRF-SC";"DEL04-SC";"UOP04-DEL04-SC"
481271;2022-10-08;"sábado";"08:50:00";"MS";163;342;"RIO BRILHANTE";"Área urbana sem a presença de local apropriado para a travessia de pedestres";"Colisão transversal";"Com Vítimas Feridas";"Pleno dia";"Crescente";"Céu Claro";"Simples";"Reta";"Sim";2;0;2;0;0;0;2;2;-21,65708677;-54,42922206;"SPRF-MS";"DEL02-MS";"UOP02-DEL02-MS"
481272;2022-10-09;"domingo";"20:30:00";"RO";429;198,5;"SERINGUEIRAS";"Ausência de reação do condutor";"Colisão traseira";"Com Vítimas Feridas";"Plena Noite";"Crescente";"Céu Claro";"Simples";"Reta";"Não";4;0;2;0;2;0;2;2;-11,76296168;-63,03672;"SPRF-RO";"DEL02-RO";"UOP03-DEL02-RO"
481275;2022-10-01;"sábado";"09:40:00";"PE";104;21;"TAQUARITINGA DO NORTE";"Reação tardia ou ineficiente do condutor";"Colisão frontal";"Com Vítimas Feridas";"Pleno dia";"Crescente";"Sol";"Simples";"Reta";"Não";5;0;1;0;3;1;1;3;-7,964189;-36,124378;"SPRF-PE";"DEL02-PE";"UOP01-DEL02-PE"
481276;2022-10-17;"segunda-feira";"07:30:00";"SC";282;457,6;"PONTE SERRADA";"Acessar a via sem observar a presença dos outros veículos";"Colisão transversal";"Com Vítimas Feridas";"Pleno dia";"Decrescente";"Céu Claro";"Simples";"Curva";"Não";5;0;3;1;1;0;4;2;-26,880604;-52,013371;"SPRF-SC";"DEL07-SC";"UOP04-DEL07-SC"
481278;2022-10-17;"segunda-feira";"15:55:00";"SP";116;216;"GUARULHOS";"Ausência de reação do condutor";"Colisão traseira";"Com Vítimas Feridas";"Pleno dia";"Decrescente";"Nublado";"Múltipla";"Reta";"Não";3;0;1;0;1;1;1;3;-23,45056589;-46,46258105;"SPRF-SP";"DEL01-SP";"UOP01-DEL01-SP"
481279;2022-10-17;"segunda-feira";"13:15:00";"SC";282;200;"MAFRA";"Avarias e/ou desgaste excessivo no pneu";"Tombamento";"Com Vítimas Feridas";"Pleno dia";"Crescente";"Céu Claro";"Simples";"Reta";"Não";2;0;2;0;0;0;2;1;-26,1742438;-50,0730296;"SPRF-SC";"DEL05-SC";"UOP01-DEL05-SC"
481280;2022-10-17;"segunda-feira";"15:22:00";"RS";290;100;"PORTO ALEGRE";"Velocidade Incompatível";"Colisão com objeto";"Com Vítimas Feridas";"Pleno dia";"Crescente";"Céu Claro";"Dupla";"Curva";"Não";1;0;1;0;0;0;1;1;-29,988646;-51,236553;"SPRF-RS";"DEL01-RS";"UOP01-DEL01-RS"
481281;2022-10-17;"segunda-feira";"16:15:00";"SC";101;148;"ITAPEMA";"Acessar a via sem observar a presença dos outros veículos";"Colisão traseira";"Com Vítimas Feridas";"Pleno dia";"Decrescente";"Céu Claro";"Simples";"Reta";"Sim";2;0;0;1;1;0;1;2;-27,10123686;-48,61807962;"SPRF-SC";"DEL04-SC";"UOP03-DEL04-SC"
481282;2022-10-17;"segunda-feira";"15:00:00";"RJ";101;236;"SILVA JARDIM";"Reação tardia ou ineficiente do condutor";"Saída de leito carroçável";"Com Vítimas Fatais";"Pleno dia";"Crescente";"Céu Claro";"Dupla";"Reta";"Não";1;1;0;0;0;0;0;1;-22,61013794;-42,40427401;"SPRF-RJ";"DEL02-RJ";"UOP03-DEL02-RJ"
481284;2022-10-17;"segunda-feira";"15:30:00";"CE";222;2;"FORTALEZA";"Ausência de reação do condutor";"Colisão traseira";"Com Vítimas Feridas";"Pleno dia";"Crescente";"Céu Claro";"Dupla";"Reta";"Sim";2;0;1;0;1;0;1;2;-3,73911117;-38,58687498;"SPRF-CE";"DEL01-CE";"UOP01-DEL01-CE"
481285;2022-10-17;"segunda-feira";"14:55:00";"BA";324;584;"CANDEIAS";"Condutor Dormindo";"Saída de leito carroçável";"Com Vítimas Feridas";"Pleno dia";"Crescente";"Céu Claro";"Dupla";"Reta";"Não";1;0;1;0;0;0;1;1;-12,62182288;-38,48260875;"SPRF-BA";"DEL01-BA";"UOP01-DEL01-BA"
481286;2022-10-17;"segunda-feira";"15:30:00";"RN";101;124;"SAO JOSE DE MIPIBU";"Acumulo de óleo sobre o pavimento";"Tombamento";"Com Vítimas Feridas";"Pleno dia";"Crescente";"Sol";"Simples";"Declive";"Sim";2;0;1;0;1;0;1;1;-6,07054896;-35,23785797;"SPRF-RN";"DEL01-RN";"UOP01-DEL01-RN"
481287;2022-10-17;"segunda-feira";"16:00:00";"PR";116;101,5;"SAO JOSE DOS PINHAIS";"Ausência de reação do condutor";"Colisão com objeto";"Com Vítimas Feridas";"Pleno dia";"Crescente";"Céu Claro";"Dupla";"Reta";"Sim";1;0;1;0;0;0;1;1;-25,5658354;-49,16592121;"SPRF-PR";"DEL01-PR";"UOP01-DEL01-PR"
481288;2022-10-17;"segunda-feira";"16:20:00";"RS";116;37,2;"VACARIA";"Acessar a via sem observar a presença dos outros veículos";"Colisão transversal";"Com Vítimas Feridas";"Pleno dia";"Decrescente";"Céu Claro";"Múltipla";"Rotatória";"Sim";2;0;1;0;1;0;1;2;-28,49871957;-50,9176864;"SPRF-RS";"DEL05-RS";"UOP03-DEL05-RS"
481289;2022-10-17;"segunda-feira";"16:30:00";"MA";135;5;"SAO LUIS";"Trafegar com motocicleta (ou similar) entre as faixas";"Colisão lateral mesmo sentido";"Sem Vítimas";"Pleno dia";"Decrescente";"Céu Claro";"Dupla";"Reta";"Sim";2;0;0;0;2;0;0;2;-2,62145385;-44,25797421;"SPRF-MA";"DEL01-MA";"UOP01-DEL01-MA"
481291;2022-10-17;"segunda-feira";"15:30:00";"MG";40;628;"CONSELHEIRO LAFAIETE";"Conversão proibida";"Colisão transversal";"Com Vítimas Feridas";"Pleno dia";"Decrescente";"Nublado";"Simples";"Reta";"Sim";2;0;1;0;1;0;1;2;-20,64410984;-43,81128176;"SPRF-MG";"DEL05-MG";"UOP02-DEL05-MG"
481292;2022-10-17;"segunda-feira";"16:34:00";"GO";60;385;"RIO VERDE";"Reação tardia ou ineficiente do condutor";"Colisão traseira";"Com Vítimas Feridas";"Pleno dia";"Decrescente";"Céu Claro";"Dupla";"Reta";"Sim";2;0;0;1;1;0;1;2;-17,7964;-50,914;"SPRF-GO";"DEL04-GO";"UOP02-DEL04-GO"
481295;2022-10-17;"segunda-feira";"16:55:00";"GO";40;53,9;"LUZIANIA";"Ausência de sinalização";"Colisão com objeto";"Com Vítimas Feridas";"Pleno dia";"Decrescente";"Céu Claro";"Dupla";"Aclive;Reta";"Não";2;0;0;1;1;0;1;2;-16,468106;-47,807867;"SPRF-DF";"DEL01-DF";"UOP02-DEL01-DF"
481298;2022-10-17;"segunda-feira";"17:00:00";"SC";101;209;"SAO JOSE";"Velocidade Incompatível";"Colisão traseira";"Com Vítimas Feridas";"Pleno dia";"Decrescente";"Nublado";"Múltipla";"Reta";"Sim";3;0;1;0;2;0;1;2;-27,60327979;-48,63201818;"SPRF-SC";"DEL01-SC";"UOP01-DEL01-SC"
481299;2022-10-17;"segunda-feira";"17:53:00";"ES";101;268;"SERRA";"Pedestre cruzava a pista fora da faixa";"Atropelamento de Pedestre";"Com Vítimas Feridas";"Pleno dia";"Crescente";"Céu Claro";"Dupla";"Reta";"Não";3;0;2;0;1;0;2;3;-20,20842;-40,269405;"SPRF-ES";"DEL02-ES";"UOP01-DEL02-ES"
481300;2022-10-17;"segunda-feira";"17:20:00";"SC";280;67;"JARAGUA DO SUL";"Acessar a via sem observar a presença dos outros veículos";"Colisão transversal";"Com Vítimas Feridas";"Pleno dia";"Decrescente";"Nublado";"Simples";"Reta";"Sim";2;0;0;1;1;0;1;2;-26,4775146;-49,10363575;"SPRF-SC";"DEL03-SC";"UOP03-DEL03-SC"
481301;2022-10-17;"segunda-feira";"17:00:00";"SP";116;52;"LORENA";"Acessar a via sem observar a presença dos outros veículos";"Colisão frontal";"Com Vítimas Feridas";"Anoitecer";"Crescente";"Céu Claro";"Simples";"Reta";"Sim";2;0;1;0;1;0;1;2;-22,74631061;-45,09931147;"SPRF-SP";"DEL08-SP";"UOP02-DEL08-SP"
481302;2022-08-30;"terça-feira";"11:10:00";"RJ";116;269;"BARRA MANSA";"Reação tardia ou ineficiente do condutor";"Tombamento";"Com Vítimas Feridas";"Pleno dia";"Crescente";"Nublado";"Dupla";"Curva";"Não";1;0;1;0;0;0;1;1;-22,56233901;-44,16078548;"SPRF-RJ";"DEL07-RJ";"UOP02-DEL07-RJ"
481303;2022-10-17;"segunda-feira";"09:10:00";"RJ";101;420;"MANGARATIBA";"Reação tardia ou ineficiente do condutor";"Tombamento";"Com Vítimas Feridas";"Pleno dia";"Crescente";"Céu Claro";"Dupla";"Reta";"Não";2;0;1;1;0;0;2;1;-22,9189815;-43,92318002;"SPRF-RJ";"DEL03-RJ";"UOP02-DEL03-RJ"
481304;2022-10-17;"segunda-feira";"17:45:00";"BA";116;426;"FEIRA DE SANTANA";"Reação tardia ou ineficiente do condutor";"Colisão traseira";"Sem Vítimas";"Anoitecer";"Decrescente";"Céu Claro";"Simples";"Reta";"Sim";4;0;0;0;3;1;0;4;-12,24420407;-38,98563987;"SPRF-BA";"DEL02-BA";"UOP01-DEL02-BA"
481305;2022-10-17;"segunda-feira";"18:45:00";"MG";381;492,3;"BETIM";"Demais falhas na via";"Tombamento";"Com Vítimas Feridas";"Plena Noite";"Decrescente";"Céu Claro";"Dupla";"Reta";"Sim";1;0;0;1;0;0;1;1;-19,96221;-44,16246;"SPRF-MG";"DEL01-MG";"UOP03-DEL01-MG"
481306;2022-10-17;"segunda-feira";"19:00:00";"ES";101;269,6;"SERRA";"Manobra de mudança de faixa";"Colisão lateral mesmo sentido";"Com Vítimas Feridas";"Anoitecer";"Decrescente";"Céu Claro";"Múltipla";"Reta";"Sim";3;0;1;0;1;1;1;3;-20,22662056;-40,27075088;"SPRF-ES";"DEL02-ES";"UOP01-DEL02-ES"
481307;2022-10-17;"segunda-feira";"19:00:00";"SP";116;283;"EMBU DAS ARTES";"Trafegar com motocicleta (ou similar) entre as faixas";"Colisão lateral mesmo sentido";"Com Vítimas Feridas";"Plena Noite";"Crescente";"Nublado";"Dupla";"Reta";"Não";3;0;2;0;1;0;2;2;-23,69297005;-46,86352786;"SPRF-SP";"DEL04-SP";"UOP01-DEL04-SP"
481309;2022-10-17;"segunda-feira";"15:50:00";"GO";60;407,7;"RIO VERDE";"Reação tardia ou ineficiente do condutor";"Saída de leito carroçável";"Com Vítimas Feridas";"Pleno dia";"Crescente";"Sol";"Dupla";"Reta;Declive";"Não";3;0;2;0;1;0;2;1;-17,8159;-51,1182;"SPRF-GO";"DEL04-GO";"UOP02-DEL04-GO"