"id";"data_inversa";"dia_semana";"horario";"uf";"br";"km";"municipio";"causa_acidente";"tipo_acidente";"classificacao_acidente";"fase_dia";"sentido_via";"condicao_metereologica";"tipo_pista";"tracado_via";"uso_solo";"pessoas";"mortos";"feridos_leves";"feridos_graves";"ilesos";"ignorados";"feridos";"veiculos";"latitude";"longitude";"regional";"delegacia";"uop"
481310;2022-10-17;"segunda-feira";"18:55:00";"DF";60;4,7;"BRASILIA";"Acessar a via sem observar a presença dos outros veículos";"Colisão transversal";"Com Vítimas Feridas";"Anoitecer";"Crescente";"Céu Claro";"Dupla";"Reta;Declive";"Sim";2;0;1;1;0;0;2;2;-15,89474365;-48,10181379;"SPRF-DF";"DEL03-DF";"UOP01-DEL03-DF"
481311;2022-10-17;"segunda-feira";"18:20:00";"BA";110;365;"CATU";"Trafegar com motocicleta (ou similar) entre as faixas";"Colisão transversal";"Com Vítimas Feridas";"Plena Noite";"Decrescente";"Céu Claro";"Simples";"Reta";"Sim";2;0;1;0;1;0;1;2;-12,40218146;-38,38093209;"SPRF-BA";"DEL01-BA";"UOP04-DEL01-BA"
481312;2022-10-17;"segunda-feira";"19:00:00";"SP";116;156,7;"SAO JOSE DOS CAMPOS";"Ausência de reação do condutor";"Engavetamento";"Com Vítimas Feridas";"Plena Noite";"Crescente";"Céu Claro";"Dupla";"Reta";"Sim";3;0;1;0;2;0;1;3;-23,25044084;-45,93572909;"SPRF-SP";"DEL02-SP";"UOP01-DEL02-SP"
481314;2022-10-17;"segunda-feira";"19:20:00";"RN";304;161,4;"ANGICOS";"Manobra de mudança de faixa";"Colisão frontal";"Com Vítimas Fatais";"Plena Noite";"Decrescente";"Céu Claro";"Simples";"Reta";"Não";2;1;0;0;1;0;0;2;-5,68198485;-36,50597621;"SPRF-RN";"DEL01-RN";"UOP03-DEL01-RN"
481315;2022-10-17;"segunda-feira";"18:00:00";"RO";319;64;"PORTO VELHO";"Ausência de reação do condutor";"Colisão traseira";"Sem Vítimas";"Anoitecer";"Decrescente";"Céu Claro";"Dupla";"Reta";"Sim";2;0;0;0;2;0;0;2;-8,76804594;-63,88380289;"SPRF-RO";"DEL01-RO";"UOP01-DEL01-RO"
481317;2022-10-17;"segunda-feira";"19:20:00";"PR";163;38,8;"PRANCHITA";"Ingestão de álcool pelo condutor";"Engavetamento";"Com Vítimas Feridas";"Plena Noite";"Decrescente";"Céu Claro";"Simples";"Reta";"Não";4;0;2;0;2;0;2;3;-26,03472827;-53,73447418;"SPRF-PR";"DEL02-PR";"UOP02-DEL02-PR"
481318;2022-10-17;"segunda-feira";"19:44:00";"RS";290;97;"PORTO ALEGRE";"Ausência de sinalização";"Colisão traseira";"Com Vítimas Feridas";"Plena Noite";"Decrescente";"Céu Claro";"Dupla";"Reta";"Sim";3;0;1;0;2;0;1;3;-29,997789;-51,20779;"SPRF-RS";"DEL01-RS";"UOP01-DEL01-RS"
481319;2022-10-16;"domingo";"00:00:00";"PI";316;310;"PICOS";"Transitar na contramão";"Colisão frontal";"Sem Vítimas";"Plena Noite";"Crescente";"Céu Claro";"Simples";"Reta";"Sim";2;0;0;0;1;1;0;2;-7,07639186;-41,47475001;"SPRF-PI";"DEL04-PI";"UOP01-DEL04-PI"
481320;2022-10-17;"segunda-feira";"19:45:00";"PR";116;208;"RIO NEGRO";"Ausência de reação do condutor";"Colisão transversal";"Com Vítimas Feridas";"Plena Noite";"Decrescente";"Céu Claro";"Simples";"Reta";"Sim";5;0;0;3;1;1;3;4;-26,07336494;-49,74365505;"SPRF-SC";"DEL06-SC";"UOP01-DEL06-SC"
481321;2022-10-17;"segunda-feira";"18:50:00";"SC";101;416;"ARARANGUA";"Desrespeitar a preferência no cruzamento";"Colisão transversal";"Com Vítimas Feridas";"Plena Noite";"Crescente";"Nublado";"Múltipla";"Interseção de Vias";"Sim";3;0;0;3;0;0;3;2;-28,96708874;-49,52338825;"SPRF-SC";"DEL02-SC";"UOP02-DEL02-SC"
481323;2022-10-17;"segunda-feira";"19:30:00";"SP";116;221;"GUARULHOS";"Demais falhas mecânicas ou elétricas";"Incêndio";"Sem Vítimas";"Plena Noite";"Crescente";"Céu Claro";"Múltipla";"Reta";"Sim";1;0;0;0;1;0;0;1;-23,46802395;-46,50704901;"SPRF-SP";"DEL01-SP";"UOP01-DEL01-SP"
481324;2022-10-17;"segunda-feira";"20:15:00";"MG";146;422,1;"MUZAMBINHO";"Acessar a via sem observar a presença dos outros veículos";"Colisão transversal";"Com Vítimas Feridas";"Plena Noite";"Crescente";"Céu Claro";"Simples";"Interseção de Vias;Reta";"Sim";2;0;1;0;1;0;1;2;-21,354717;-46,516446;"SPRF-MG";"DEL09-MG";"UOP01-DEL09-MG"
481327;2022-10-17;"segunda-feira";"18:40:00";"BA";330;814,5;"JITAUNA";"Acessar a via sem observar a presença dos outros veículos";"Colisão transversal";"Com Vítimas Feridas";"Anoitecer";"Crescente";"Céu Claro";"Simples";"Reta";"Sim";2;0;0;1;1;0;1;2;-14,01725;-39,88578;"SPRF-BA";"DEL03-BA";"UOP01-DEL03-BA"
481328;2022-10-17;"segunda-feira";"20:50:00";"RS";287;279,9;"SAO PEDRO DO SUL";"Manobra de mudança de faixa";"Colisão transversal";"Com Vítimas Feridas";"Plena Noite";"Decrescente";"Céu Claro";"Simples";"Reta";"Não";2;0;1;0;1;0;1;2;-29,637774;-54,179592;"SPRF-RS";"DEL09-RS";"UOP01-DEL09-RS"
481329;2022-10-17;"segunda-feira";"19:35:00";"RS";392;18,1;"RIO GRANDE";"Reação tardia ou ineficiente do condutor";"Saída de leito carroçável";"Com Vítimas Feridas";"Plena Noite";"Decrescente";"Nublado";"Dupla";"Reta";"Sim";1;0;1;0;0;0;1;1;-32,09017991;-52,17651198;"SPRF-RS";"DEL07-RS";"UOP02-DEL07-RS"
481330;2022-10-17;"segunda-feira";"21:40:00";"SP";116;222;"GUARULHOS";"Reação tardia ou ineficiente do condutor";"Capotamento";"Sem Vítimas";"Plena Noite";"Crescente";"Céu Claro";"Múltipla";"Reta";"Sim";2;0;0;0;2;0;0;1;-23,47093408;-46,51631097;"SPRF-SP";"DEL01-SP";"UOP01-DEL01-SP"
481331;2022-09-11;"domingo";"07:40:00";"RJ";101;331;"NITEROI";"Condutor Dormindo";"Queda de ocupante de veículo";"Com Vítimas Feridas";"Pleno dia";"Decrescente";"Céu Claro";"Dupla";"Reta";"Não";1;0;0;1;0;0;1;1;-22,8758452;-43,1248861;"SPRF-RJ";"DEL02-RJ";"UOP01-DEL02-RJ"
481332;2022-10-17;"segunda-feira";"20:30:00";"MG";381;559,7;"ITAGUARA";"Ingestão de álcool ou de substâncias psicoativas pelo pedestre";"Atropelamento de Pedestre";"Com Vítimas Feridas";"Plena Noite";"Crescente";"Céu Claro";"Dupla";"Curva;Declive";"Não";2;0;1;0;0;1;1;2;-20,38230203;-44,48068397;"SPRF-MG";"DEL04-MG";"UOP03-DEL04-MG"
481333;2022-10-17;"segunda-feira";"22:05:00";"SC";101;137;"BALNEARIO CAMBORIU";"Reação tardia ou ineficiente do condutor";"Colisão lateral mesmo sentido";"Com Vítimas Feridas";"Plena Noite";"Crescente";"Céu Claro";"Dupla";"Reta";"Sim";3;0;2;0;1;0;2;2;-27,0157238;-48,61192763;"SPRF-SC";"DEL04-SC";"UOP03-DEL04-SC"
481336;2022-10-17;"segunda-feira";"22:00:00";"MG";40;507;"RIBEIRAO DAS NEVES";"Demais falhas mecânicas ou elétricas";"Incêndio";"Sem Vítimas";"Plena Noite";"Crescente";"Céu Claro";"Dupla";"Reta";"Sim";1;0;0;0;1;0;0;1;-19,7553;-44,1409;"SPRF-MG";"DEL02-MG";"UOP01-DEL02-MG"
481337;2022-10-17;"segunda-feira";"20:50:00";"PE";232;412,7;"SERRA TALHADA";"Ingestão de álcool pelo condutor";"Colisão lateral mesmo sentido";"Com Vítimas Feridas";"Plena Noite";"Crescente";"Céu Claro";"Simples";"Reta";"Não";2;0;2;0;0;0;2;2;-7,98377927;-38,3208774;"SPRF-PE";"DEL04-PE";"UOP01-DEL04-PE"
481338;2022-08-26;"sexta-feira";"21:30:00";"MG";381;343;"BELA VISTA DE MINAS";"Pista Escorregadia";"Tombamento";"Com Vítimas Feridas";"Plena Noite";"Crescente";"Céu Claro";"Simples";"Curva";"Não";1;0;1;0;0;0;1;1;-19,82378744;-43,07812482;"SPRF-MG";"DEL03-MG";"UOP01-DEL03-MG"
481340;2022-10-17;"segunda-feira";"14:30:00";"PE";116;73;"CABROBO";"Reação tardia ou ineficiente do condutor";"Colisão lateral sentido oposto";"Com Vítimas Feridas";"Pleno dia";"Crescente";"Céu Claro";"Simples";"Reta;Declive";"Não";1;0;1;0;0;0;1;1;-8,465946;-39,197342;"SPRF-PE";"DEL05-PE";"UOP03-DEL05-PE"
481341;2022-10-17;"segunda-feira";"20:50:00";"MG";381;4,9;"BETIM";"Ausência de reação do condutor";"Saída de leito carroçável";"Com Vítimas Fatais";"Plena Noite";"Crescente";"Céu Claro";"Dupla";"Reta;Declive";"Não";3;2;0;0;0;1;0;2;-19,98792887;-44,18632507;"SPRF-MG";"DEL01-MG";"UOP03-DEL01-MG"
481342;2022-10-17;"segunda-feira";"23:10:00";"GO";153;171;"CAMPINORTE";"Condutor Dormindo";"Colisão traseira";"Com Vítimas Feridas";"Plena Noite";"Decrescente";"Céu Claro";"Simples";"Reta";"Não";4;0;1;0;3;0;1;2;-14,266398;-49,144051;"SPRF-GO";"DEL07-GO";"UOP02-DEL07-GO"
481344;2022-10-18;"terça-feira";"00:15:00";"RJ";116;302;"PORTO REAL";"Ingestão de álcool pelo condutor";"Colisão traseira";"Sem Vítimas";"Plena Noite";"Decrescente";"Céu Claro";"Dupla";"Reta";"Sim";3;0;0;0;3;0;0;2;-22,45153554;-44,34627905;"SPRF-RJ";"DEL07-RJ";"UOP02-DEL07-RJ"
481345;2022-10-17;"segunda-feira";"19:15:00";"RJ";493;105;"SEROPEDICA";"Demais falhas na via";"Capotamento";"Com Vítimas Feridas";"Plena Noite";"Decrescente";"Céu Claro";"Dupla";"Reta";"Não";2;0;2;0;0;0;2;1;-22,78059338;-43,75073433;"SPRF-RJ";"DEL03-RJ";"UOP01-DEL03-RJ"
481346;2022-10-17;"segunda-feira";"20:00:00";"MT";174;278;"PONTES E LACERDA";"Animais na Pista";"Atropelamento de Animal";"Sem Vítimas";"Plena Noite";"Crescente";"Céu Claro";"Simples";"Reta";"Não";2;0;0;0;2;0;0;1;-15,317563;-59,238225;"SPRF-MT";"DEL04-MT";"UOP01-DEL04-MT"
481348;2022-10-18;"terça-feira";"01:00:00";"RJ";493;105;"SEROPEDICA";"Deficiência do Sistema de Iluminação/Sinalização";"Saída de leito carroçável";"Com Vítimas Feridas";"Plena Noite";"Decrescente";"Nublado";"Dupla";"Reta";"Não";2;0;2;0;0;0;2;1;-22,78065273;-43,75082016;"SPRF-RJ";"DEL03-RJ";"UOP01-DEL03-RJ"
481351;2022-10-18;"terça-feira";"01:30:00";"RO";319;62;"PORTO VELHO";"Ausência de reação do condutor";"Colisão traseira";"Com Vítimas Feridas";"Plena Noite";"Crescente";"Céu Claro";"Dupla";"Reta";"Sim";3;0;1;0;2;0;1;2;-8,756338;-63,886647;"SPRF-RO";"DEL01-RO";"UOP01-DEL01-RO"
481353;2022-10-18;"terça-feira";"05:25:00";"ES";101;267;"SERRA";"Reação tardia ou ineficiente do condutor";"Saída de leito carroçável";"Sem Vítimas";"Anoitecer";"Decrescente";"Céu Claro";"Múltipla";"Reta";"Sim";1;0;0;0;0;1;0;1;-20,19930999;-40,26884609;"SPRF-ES";"DEL02-ES";"UOP01-DEL02-ES"
481354;2022-10-18;"terça-feira";"06:40:00";"PE";232;67;"GRAVATA";"Demais falhas mecânicas ou elétricas";"Incêndio";"Sem Vítimas";"Pleno dia";"Decrescente";"Céu Claro";"Dupla";"Curva";"Não";1;0;0;0;1;0;0;1;-8,16727986;-35,464311;"SPRF-PE";"DEL02-PE";"UOP02-DEL02PE"
481356;2022-10-17;"segunda-feira";"20:20:00";"BA";101;956;"MUCURI";"Demais falhas mecânicas ou elétricas";"Colisão traseira";"Com Vítimas Feridas";"Plena Noite";"Crescente";"Céu Claro";"Simples";"Reta";"Não";2;0;1;0;1;0;1;2;-18,16840196;-39,91873914;"SPRF-BA";"DEL09-BA";"UOP02-DEL09-BA"
481359;2022-10-18;"terça-feira";"06:30:00";"MG";40;106,4;"LAGOA GRANDE";"Reação tardia ou ineficiente do condutor";"Saída de leito carroçável";"Com Vítimas Feridas";"Pleno dia";"Crescente";"Céu Claro";"Simples";"Curva";"Não";2;0;2;0;0;0;2;1;-17,60569902;-46,47607503;"SPRF-MG";"DEL14-MG";"UOP01-DEL14-MG"
481360;2022-10-18;"terça-feira";"06:45:00";"CE";222;1;"FORTALEZA";"Condutor deixou de manter distância do veículo da frente";"Colisão traseira";"Com Vítimas Feridas";"Pleno dia";"Decrescente";"Céu Claro";"Múltipla";"Reta";"Não";2;0;1;0;1;0;1;2;-3,737804;-38,578061;"SPRF-CE";"DEL01-CE";"UOP01-DEL01-CE"
481361;2022-10-18;"terça-feira";"06:45:00";"RJ";40;88;"PETROPOLIS";"Ausência de reação do condutor";"Colisão com objeto";"Com Vítimas Feridas";"Pleno dia";"Decrescente";"Nublado";"Simples";"Aclive;Curva";"Não";5;0;4;1;0;0;5;1;-22,56014259;-43,22712421;"SPRF-RJ";"DEL06-RJ";"UOP01-DEL06-RJ"
481362;2022-10-18;"terça-feira";"06:50:00";"MG";50;171;"UBERABA";"Ausência de reação do condutor";"Colisão traseira";"Com Vítimas Feridas";"Pleno dia";"Decrescente";"Céu Claro";"Dupla";"Reta;Em Obras";"Não";2;0;1;0;1;0;1;2;-19,74554892;-47,98382166;"SPRF-MG";"DEL13-MG";"UOP01-DEL13-MG"
481363;2022-10-17;"segunda-feira";"17:30:00";"MT";163;636;"NOVA MUTUM";"Ausência de reação do condutor";"Saída de leito carroçável";"Sem Vítimas";"Pleno dia";"Decrescente";"Chuva";"Simples";"Reta";"Não";1;0;0;0;1;0;0;1;-13,59341597;-56,03112436;"SPRF-MT";"DEL01-MT";"UOP01-DEL01-MT"
481364;2022-10-18;"terça-feira";"06:30:00";"TO";153;671;"GURUPI";"Reação tardia ou ineficiente do condutor";"Colisão traseira";"Com Vítimas Feridas";"Pleno dia";"Decrescente";"Céu Claro";"Simples";"Reta";"Não";6;0;5;0;1;0;5;2;-11,72075725;-49,07713594;"SPRF-TO";"DEL01-TO";"UOP02-DEL01-TO"
481366;2022-10-18;"terça-feira";"07:05:00";"RN";101;81;"NATAL";"Desrespeitar a preferência no cruzamento";"Colisão transversal";"Com Vítimas Feridas";"Pleno dia";"Decrescente";"Céu Claro";"Dupla";"Rotatória";"Sim";2;0;0;1;1;0;1;2;-5,75852229;-35,28806121;"SPRF-RN";"DEL02-RN";"UOP01-DEL02-RN"
481367;2022-10-18;"terça-feira";"07:10:00";"RN";304;80;"MOSSORO";"Acessar a via sem observar a presença dos outros veículos";"Colisão transversal";"Com Vítimas Feridas";"Pleno dia";"Decrescente";"Céu Claro";"Simples";"Reta";"Sim";2;0;1;0;1;0;1;2;-5,11703801;-37,34100094;"SPRF-RN";"DEL04-RN";"UOP01-DEL04-RN"
481368;2022-10-18;"terça-feira";"07:20:00";"BA";101;118;"ALAGOINHAS";"Demais falhas na via";"Saída de leito carroçável";"Com Vítimas Feridas";"Pleno dia";"Crescente";"Céu Claro";"Simples";"Reta";"Não";1;0;1;0;0;0;1;1;-12,15886142;-38,546794;"SPRF-BA";"DEL01-BA";"UOP04-DEL01-BA"
481370;2022-10-18;"terça-feira";"07:10:00";"PE";428;188;"PETROLINA";"Velocidade Incompatível";"Atropelamento de Pedestre";"Com Vítimas Feridas";"Pleno dia";"Crescente";"Céu Claro";"Dupla";"Reta";"Sim";2;0;0;1;1;0;1;2;-9,36400596;-40,48266808;"SPRF-PE";"DEL06-PE";"UOP01-DEL06-PE"
481371;2022-09-01;"quinta-feira";"12:00:00";"RJ";116;257;"VOLTA REDONDA";"Velocidade Incompatível";"Queda de ocupante de veículo";"Com Vítimas Feridas";"Pleno dia";"Crescente";"Céu Claro";"Dupla";"Reta";"Não";2;0;1;0;0;1;1;1;-22,58631777;-44,01407302;"SPRF-RJ";"DEL07-RJ";"UOP02-DEL07-RJ"
481372;2022-10-18;"terça-feira";"07:40:00";"SC";101;212,2;"PALHOCA";"Acessar a via sem observar a presença dos outros veículos";"Colisão lateral mesmo sentido";"Com Vítimas Feridas";"Pleno dia";"Decrescente";"Nublado";"Múltipla";"Reta";"Sim";2;0;1;0;1;0;1;2;-27,62996929;-48,65903871;"SPRF-SC";"DEL01-SC";"UOP02-DEL01-SC"
481374;2022-10-18;"terça-feira";"07:15:00";"MG";381;494;"BETIM";"Pista Escorregadia";"Tombamento";"Com Vítimas Feridas";"Pleno dia";"Decrescente";"Céu Claro";"Dupla";"Retorno Regulamentado";"Sim";1;0;1;0;0;0;1;1;-19,985563;-44,20318;"SPRF-MG";"DEL01-MG";"UOP03-DEL01-MG"
481375;2022-10-18;"terça-feira";"08:00:00";"SC";101;203,5;"SAO JOSE";"Condutor deixou de manter distância do veículo da frente";"Colisão traseira";"Com Vítimas Feridas";"Pleno dia";"Crescente";"Céu Claro";"Múltipla";"Reta";"Sim";2;0;0;1;0;1;1;2;-27,5650044;-48,61460082;"SPRF-SC";"DEL01-SC";"UOP01-DEL01-SC"
481376;2022-10-18;"terça-feira";"07:00:00";"MG";381;416;"CAETE";"Afundamento ou ondulação no pavimento";"Queda de ocupante de veículo";"Com Vítimas Feridas";"Pleno dia";"Crescente";"Céu Claro";"Dupla";"Reta";"Não";1;0;1;0;0;0;1;1;-19,75309407;-43,62966384;"SPRF-MG";"DEL01-MG";"UOP01-DEL01-MG"
481378;2022-10-18;"terça-feira";"07:45:00";"PR";277;299;"PRUDENTOPOLIS";"Reação tardia ou ineficiente do condutor";"Saída de leito carroçável";"Com Vítimas Feridas";"Amanhecer";"Crescente";"Chuva";"Simples";"Reta";"Não";3;0;1;0;2;0;1;1;-25,293285;-51,133098;"SPRF-PR";"DEL08-PR";"UOP01-DEL08-PR"
481379;2022-10-18;"terça-feira";"07:40:00";"MA";135;19;"SAO LUIS";"Ausência de reação do condutor";"Colisão traseira";"Com Vítimas Feridas";"Pleno dia";"Decrescente";"Céu Claro";"Dupla";"Reta";"Sim";2;0;1;0;1;0;1;2;-2,564814;-44,328094;"SPRF-MA";"DEL01-MA";"UOP01-DEL01-MA"
481381;2022-10-18;"terça-feira";"08:40:00";"CE";222;4,5;"CAUCAIA";"Acessar a via sem observar a presença dos outros veículos";"Colisão lateral mesmo sentido";"Com Vítimas Feridas";"Pleno dia";"Decrescente";"Sol";"Múltipla";"Interseção de Vias;Reta";"Sim";2;0;1;0;1;0;1;2;-3,74164754;-38,60449792;"SPRF-CE";"DEL01-CE";"UOP01-DEL01-CE"
481383;2022-10-18;"terça-feira";"09:00:00";"SC";101;57;"ARAQUARI";"Objeto estático sobre o leito carroçável";"Tombamento";"Com Vítimas Feridas";"Pleno dia";"Decrescente";"Chuva";"Dupla";"Reta";"Sim";1;0;1;0;0;0;1;1;-26,43646093;-48,81113029;"SPRF-SC";"DEL03-SC";"UOP01-DEL03-SC"
481384;2022-10-16;"domingo";"20:30:00";"PI";343;191;"PIRIPIRI";"Iluminação deficiente";"Colisão traseira";"Com Vítimas Feridas";"Plena Noite";"Decrescente";"Céu Claro";"Simples";"Reta";"Não";6;0;0;1;5;0;1;2;-4,326797;-41,78846;"SPRF-PI";"DEL02-PI";"UOP01-DEL02-PI"
481385;2022-06-30;"quinta-feira";"23:40:00";"GO";153;437;"ANAPOLIS";"Demais falhas mecânicas ou elétricas";"Tombamento";"Com Vítimas Feridas";"Plena Noite";"Decrescente";"Céu Claro";"Dupla";"Reta";"Sim";1;0;1;0;0;0;1;1;-16,286884;-48,942978;"SPRF-GO";"DEL02-GO";"UOP01-DEL02-GO"
481388;2022-10-18;"terça-feira";"07:55:00";"RO";319;63;"PORTO VELHO";"Condutor deixou de manter distância do veículo da frente";"Colisão traseira";"Sem Vítimas";"Pleno dia";"Decrescente";"Céu Claro";"Múltipla";"Reta";"Sim";2;0;0;0;2;0;0;2;-8,766685;-63,884052;"SPRF-RO";"DEL01-RO";"UOP01-DEL01-RO"
481391;2022-10-18;"terça-feira";"08:20:00";"GO";414;437;"ANAPOLIS";"Acessar a via sem observar a presença dos outros veículos";"Queda de ocupante de veículo";"Com Vítimas Feridas";"Pleno dia";"Crescente";"Céu Claro";"Simples";"Reta";"Sim";1;0;1;0;0;0;1;1;-16,26365299;-48,93824303;"SPRF-GO";"DEL02-GO";"UOP01-DEL02-GO"
481392;2022-10-18;"terça-feira";"07:30:00";"BA";116;815,8;"VITORIA DA CONQUISTA";"Reação tardia ou ineficiente do condutor";"Colisão lateral mesmo sentido";"Sem Vítimas";"Pleno dia";"Decrescente";"Sol";"Simples";"Reta";"Sim";5;0;0;0;4;1;0;2;-14,82134168;-40,81425067;"SPRF-BA";"DEL08-BA";"UOP01-DEL08-BA"
481393;2022-05-07;"sábado";"00:10:00";"ES";262;166,2;"IBATIBA";"Reação tardia ou ineficiente do condutor";"Colisão lateral mesmo sentido";"Com Vítimas Fatais";"Plena Noite";"Crescente";"Céu Claro";"Simples";"Reta";"Não";27;5;11;7;4;0;18;2;-20,2647513;-41,58453796;"SPRF-ES";"DEL01-ES";"UOP02-DEL01-ES"
481396;2022-10-18;"terça-feira";"10:10:00";"SC";101;153;"PORTO BELO";"Avarias e/ou desgaste excessivo no pneu";"Queda de ocupante de veículo";"Com Vítimas Feridas";"Pleno dia";"Decrescente";"Nublado";"Dupla";"Reta";"Sim";2;0;1;1;0;0;2;1;-27,144717;-48,61063935;"SPRF-SC";"DEL04-SC";"UOP03-DEL04-SC"
481398;2022-10-18;"terça-feira";"10:15:00";"MG";381;0,8;"BETIM";"Afundamento ou ondulação no pavimento";"Tombamento";"Com Vítimas Feridas";"Pleno dia";"Decrescente";"Céu Claro";"Dupla";"Reta";"Não";1;0;1;0;0;0;1;1;-19,96825;-44,198708;"SPRF-MG";"DEL01-MG";"UOP03-DEL01-MG"
481399;2022-06-17;"sexta-feira";"07:20:00";"MG";40;510;"RIBEIRAO DAS NEVES";"Reação tardia ou ineficiente do condutor";"Tombamento";"Com Vítimas Feridas";"Pleno dia";"Crescente";"Céu Claro";"Dupla";"Reta;Aclive";"Sim";1;0;0;1;0;0;1;1;-19,77708069;-44,12142634;"SPRF-MG";"DEL01-MG";"UOP02-DEL01-MG"
481400;2022-10-18;"terça-feira";"07:50:00";"PR";376;231,6;"APUCARANA";"Manobra de mudança de faixa";"Colisão lateral mesmo sentido";"Com Vítimas Feridas";"Pleno dia";"Decrescente";"Céu Claro";"Dupla";"Reta";"Não";2;0;1;0;1;0;1;2;-23,568266;-51,512928;"SPRF-PR";"DEL07-PR";"UOP03-DEL07-PR"
481403;2022-10-18;"terça-feira";"11:00:00";"RJ";116;178;"NOVA IGUACU";"Trafegar com motocicleta (ou similar) entre as faixas";"Colisão traseira";"Com Vítimas Feridas";"Pleno dia";"Crescente";"Sol";"Dupla";"Reta";"Sim";2;0;0;1;1;0;1;2;-22,75389246;-43,43518853;"SPRF-RJ";"DEL01-RJ";"UOP02-DEL01-RJ"
481407;2022-10-18;"terça-feira";"10:20:00";"MG";40;547;"NOVA LIMA";"Reação tardia ou ineficiente do condutor";"Colisão lateral mesmo sentido";"Com Vítimas Feridas";"Pleno dia";"Crescente";"Céu Claro";"Dupla";"Aclive";"Não";2;0;1;0;1;0;1;2;-20,02252424;-43,97026042;"SPRF-MG";"DEL01-MG";"UOP02-DEL01-MG"
481408;2022-10-18;"terça-feira";"11:10:00";"RO";364;710;"PORTO VELHO";"Demais falhas na via";"Eventos atípicos";"Com Vítimas Feridas";"Pleno dia";"Crescente";"Sol";"Simples";"Reta";"Sim";2;0;1;0;0;1;1;2;-8,78621576;-63,85712687;"SPRF-RO";"DEL01-RO";"UOP01-DEL01-RO"
481410;2022-10-18;"terça-feira";"12:20:00";"MG";116;629;"ORIZANIA";"Conversão proibida";"Colisão traseira";"Com Vítimas Feridas";"Pleno dia";"Crescente";"Céu Claro";"Simples";"Reta";"Não";2;0;2;0;0;0;2;2;-20,57445201;-42,20865305;"SPRF-MG";"DEL07-MG";"UOP03-DEL07-MG"
481411;2022-09-20;"terça-feira";"11:35:00";"RO";364;710;"PORTO VELHO";"Manobra de mudança de faixa";"Colisão lateral mesmo sentido";"Com Vítimas Feridas";"Pleno dia";"Decrescente";"Céu Claro";"Dupla";"Reta";"Sim";2;0;1;0;1;0;1;2;-8,78621576;-63,85712687;"SPRF-RO";"DEL01-RO";"UOP01-DEL01-RO"
481412;2022-10-18;"terça-feira";"13:00:00";"BA";324;517;"FEIRA DE SANTANA";"Acessar a via sem observar a presença dos outros veículos";"Colisão transversal";"Com Vítimas Feridas";"Pleno dia";"Crescente";"Sol";"Simples";"Reta";"Sim";2;0;1;0;1;0;1;2;-12,24953308;-38,93362525;"SPRF-BA";"DEL02-BA";"UOP01-DEL02-BA"
481414;2022-10-18;"terça-feira";"12:30:00";"BA";324;519;"FEIRA DE SANTANA";"Demais falhas mecânicas ou elétricas";"Incêndio";"Sem Vítimas";"Pleno dia";"Decrescente";"Sol";"Dupla";"Reta";"Sim";1;0;0;0;1;0;0;1;-12,26687642;-38,93349875;"SPRF-BA";"DEL02-BA";"UOP01-DEL02-BA"
481415;2022-10-18;"terça-feira";"10:40:00";"SC";282;528;"CORDILHEIRA ALTA";"Velocidade Incompatível";"Saída de leito carroçável";"Com Vítimas Feridas";"Pleno dia";"Decrescente";"Chuva";"Simples";"Curva";"Não";1;0;1;0;0;0;1;1;-26,98017843;-52,59013653;"SPRF-SC";"DEL07-SC";"UOP01-DEL07-SC"
481416;2022-10-18;"terça-feira";"08:20:00";"MA";222;667;"ACAILANDIA";"Acessar a via sem observar a presença dos outros veículos";"Colisão transversal";"Com Vítimas Feridas";"Pleno dia";"Crescente";"Céu Claro";"Simples";"Reta";"Não";3;0;1;0;2;0;1;2;-4,90264174;-47,39968016;"SPRF-MA";"DEL04-MA";"UOP03-DEL04-MA"
481418;2022-10-18;"terça-feira";"13:25:00";"MG";381;935;"EXTREMA";"Demais falhas mecânicas ou elétricas";"Colisão com objeto";"Com Vítimas Feridas";"Pleno dia";"Crescente";"Chuva";"Dupla";"Curva;Declive";"Sim";1;0;1;0;0;0;1;1;-22,82914914;-46,31469547;"SPRF-MG";"DEL16-MG";"UOP03-DEL16-MG"
481419;2022-10-18;"terça-feira";"11:00:00";"SC";282;312;"VARGEM";"Acumulo de água sobre o pavimento";"Capotamento";"Com Vítimas Feridas";"Pleno dia";"Decrescente";"Chuva";"Simples";"Reta";"Não";1;0;1;0;0;0;1;1;-27,465483;-50,984238;"SPRF-SC";"DEL07-SC";"UOP06-DEL07-SC"
481424;2022-10-18;"terça-feira";"13:00:00";"RJ";101;279;"TANGUA";"Ausência de reação do condutor";"Queda de ocupante de veículo";"Com Vítimas Feridas";"Pleno dia";"Decrescente";"Céu Claro";"Dupla";"Reta";"Sim";2;0;2;0;0;0;2;1;-22,7383655;-42,76745405;"SPRF-RJ";"DEL02-RJ";"UOP03-DEL02-RJ"
481425;2022-10-18;"terça-feira";"10:30:00";"MG";262;36,1;"MANHUACU";"Conversão proibida";"Colisão lateral mesmo sentido";"Com Vítimas Feridas";"Pleno dia";"Crescente";"Céu Claro";"Simples";"Reta";"Sim";2;0;1;0;1;0;1;2;-20,265304;-42,035829;"SPRF-MG";"DEL06-MG";"UOP03-DEL06-MG"