"id";"data_inversa";"dia_semana";"horario";"uf";"br";"km";"municipio";"causa_acidente";"tipo_acidente";"classificacao_acidente";"fase_dia";"sentido_via";"condicao_metereologica";"tipo_pista";"tracado_via";"uso_solo";"pessoas";"mortos";"feridos_leves";"feridos_graves";"ilesos";"ignorados";"feridos";"veiculos";"latitude";"longitude";"regional";"delegacia";"uop"
481427;2022-10-18;"terça-feira";"13:45:00";"SC";101;132;"BALNEARIO CAMBORIU";"Reação tardia ou ineficiente do condutor";"Tombamento";"Com Vítimas Feridas";"Pleno dia";"Crescente";"Chuva";"Múltipla";"Reta";"Sim";2;0;1;0;1;0;1;2;-26,99654133;-48,65564711;"SPRF-SC";"DEL04-SC";"UOP03-DEL04-SC"
481429;2022-10-18;"terça-feira";"07:20:00";"RO";364;713;"PORTO VELHO";"Afundamento ou ondulação no pavimento";"Tombamento";"Com Vítimas Feridas";"Pleno dia";"Crescente";"Céu Claro";"Dupla";"Reta";"Sim";2;0;1;0;1;0;1;1;-8,77331583;-63,87969248;"SPRF-RO";"DEL01-RO";"UOP01-DEL01-RO"
481430;2022-10-18;"terça-feira";"14:00:00";"GO";60;426;"RIO VERDE";"Condutor deixou de manter distância do veículo da frente";"Colisão traseira";"Com Vítimas Feridas";"Pleno dia";"Decrescente";"Sol";"Dupla";"Reta";"Não";1;0;1;0;0;0;1;1;-17,8145;-51,2842;"SPRF-GO";"DEL04-GO";"UOP02-DEL04-GO"
481432;2022-10-08;"sábado";"20:50:00";"MA";222;674;"ACAILANDIA";"Acessar a via sem observar a presença dos outros veículos";"Colisão frontal";"Com Vítimas Feridas";"Plena Noite";"Decrescente";"Céu Claro";"Simples";"Declive";"Sim";3;0;0;1;2;0;1;2;-4,95406758;-47,48853207;"SPRF-MA";"DEL04-MA";"UOP03-DEL04-MA"
481434;2022-10-18;"terça-feira";"14:30:00";"PB";101;78,1;"SANTA RITA";"Transitar no acostamento";"Colisão traseira";"Com Vítimas Feridas";"Pleno dia";"Crescente";"Garoa/Chuvisco";"Dupla";"Reta";"Não";2;0;1;0;1;0;1;2;-7,10808295;-34,96293885;"SPRF-PB";"DEL01-PB";"UOP04-DEL01-PB"
481435;2022-10-18;"terça-feira";"11:35:00";"RO";364;342;"JI-PARANA";"Reação tardia ou ineficiente do condutor";"Colisão traseira";"Com Vítimas Feridas";"Pleno dia";"Decrescente";"Céu Claro";"Dupla";"Reta";"Sim";2;0;1;0;1;0;1;2;-10,88381227;-61,93741416;"SPRF-RO";"DEL02-RO";"UOP01-DEL02-RO"
481439;2022-10-18;"terça-feira";"07:15:00";"MS";267;245;"NOVA ALVORADA DO SUL";"Mal súbito do condutor";"Saída de leito carroçável";"Com Vítimas Feridas";"Pleno dia";"Crescente";"Nublado";"Múltipla";"Reta";"Não";1;0;1;0;0;0;1;1;-21,48091174;-54,34573597;"SPRF-MS";"DEL02-MS";"UOP01-DEL02-MS"
481440;2022-09-04;"domingo";"19:10:00";"RJ";101;562;"PARATY";"Animais na Pista";"Queda de ocupante de veículo";"Com Vítimas Feridas";"Plena Noite";"Crescente";"Nublado";"Simples";"Reta";"Não";2;0;2;0;0;0;2;1;-23,13149696;-44,70949387;"SPRF-RJ";"DEL03-RJ";"UOP04-DEL03-RJ"
481443;2022-10-18;"terça-feira";"16:00:00";"PR";369;57;"BANDEIRANTES";"Condutor desrespeitou a iluminação vermelha do semáforo";"Colisão transversal";"Com Vítimas Feridas";"Pleno dia";"Decrescente";"Céu Claro";"Simples";"Reta";"Sim";2;0;1;0;1;0;1;2;-23,11456871;-50,3730011;"SPRF-PR";"DEL07-PR";"UOP05-DEL07-PR"
481444;2022-08-12;"sexta-feira";"20:30:00";"SP";116;62,3;"GUARATINGUETA";"Reação tardia ou ineficiente do condutor";"Colisão com objeto";"Com Vítimas Feridas";"Plena Noite";"Crescente";"Nublado";"Dupla";"Reta";"Não";1;0;0;1;0;0;1;1;-22,80538606;-45,17236692;"SPRF-SP";"DEL08-SP";"UOP01-DEL08-SP"
481445;2022-10-18;"terça-feira";"16:00:00";"ES";101;149;"LINHARES";"Desrespeitar a preferência no cruzamento";"Colisão transversal";"Com Vítimas Feridas";"Pleno dia";"Crescente";"Céu Claro";"Simples";"Interseção de Vias";"Sim";2;0;1;0;1;0;1;2;-19,39619083;-40,06435871;"SPRF-ES";"DEL04-ES";"UOP01-DEL04-ES"
481447;2022-07-29;"sexta-feira";"16:50:00";"BA";324;520;"FEIRA DE SANTANA";"Acessar a via sem observar a presença dos outros veículos";"Colisão lateral mesmo sentido";"Com Vítimas Feridas";"Pleno dia";"Crescente";"Céu Claro";"Dupla";"Reta";"Sim";2;0;1;0;1;0;1;2;-12,27376054;-38,93366564;"SPRF-BA";"DEL01-BA";"UOP03-DEL01-BA"
481448;2022-10-18;"terça-feira";"16:00:00";"SC";101;127,8;"ITAJAI";"Reação tardia ou ineficiente do condutor";"Colisão traseira";"Com Vítimas Feridas";"Pleno dia";"Decrescente";"Nublado";"Dupla";"Reta";"Sim";2;0;0;1;0;1;1;2;-26,9639319;-48,68328024;"SPRF-SC";"DEL04-SC";"UOP04-DEL04-SC"
481452;2022-10-18;"terça-feira";"17:20:00";"MG";116;447,2;"ENGENHEIRO CALDAS";"Acessar a via sem observar a presença dos outros veículos";"Colisão transversal";"Com Vítimas Fatais";"Pleno dia";"Crescente";"Céu Claro";"Simples";"Reta";"Não";2;1;1;0;0;0;1;2;-19,12790814;-42,01327575;"SPRF-MG";"DEL06-MG";"UOP02-DEL06-MG"
481453;2022-10-18;"terça-feira";"16:20:00";"PR";153;509;"GENERAL CARNEIRO";"Transitar na contramão";"Colisão frontal";"Com Vítimas Feridas";"Pleno dia";"Crescente";"Chuva";"Simples";"Curva";"Não";2;0;0;1;1;0;1;2;-26,54214;-51,40268;"SPRF-PR";"DEL02-PR";"UOP03-DEL02-PR"
481455;2022-10-18;"terça-feira";"16:20:00";"SP";101;50,9;"UBATUBA";"Acessar a via sem observar a presença dos outros veículos";"Colisão transversal";"Com Vítimas Feridas";"Pleno dia";"Decrescente";"Chuva";"Simples";"Reta";"Não";2;0;2;0;0;0;2;2;-23,45018939;-45,07743735;"SPRF-SP";"DEL06-SP";"UOP01-DEL06-SP"
481456;2022-10-18;"terça-feira";"17:12:00";"PR";369;37;"ANDIRA";"Condutor deixou de manter distância do veículo da frente";"Colisão lateral mesmo sentido";"Com Vítimas Feridas";"Pleno dia";"Decrescente";"Nublado";"Dupla";"Curva;Aclive";"Sim";2;0;1;0;1;0;1;2;-23,04767679;-50,2359134;"SPRF-PR";"DEL07-PR";"UOP05-DEL07-PR"
481457;2022-10-18;"terça-feira";"18:00:00";"SC";282;535,2;"CHAPECO";"Acessar a via sem observar a presença dos outros veículos";"Colisão transversal";"Com Vítimas Feridas";"Pleno dia";"Decrescente";"Garoa/Chuvisco";"Simples";"Viaduto;Interseção de Vias";"Sim";5;0;1;0;4;0;1;2;-26,999666;-52,646403;"SPRF-SC";"DEL07-SC";"UOP01-DEL07-SC"
481458;2022-10-18;"terça-feira";"17:40:00";"BA";116;470,2;"SANTO ESTEVAO";"Retorno proibido";"Colisão transversal";"Com Vítimas Feridas";"Plena Noite";"Decrescente";"Céu Claro";"Dupla";"Reta;Declive";"Não";2;0;0;1;1;0;1;2;-12,4684054;-39,2866188;"SPRF-BA";"DEL02-BA";"UOP01-DEL02-BA"
481461;2022-10-18;"terça-feira";"17:50:00";"SC";101;59,2;"ARAQUARI";"Velocidade Incompatível";"Saída de leito carroçável";"Com Vítimas Feridas";"Anoitecer";"Decrescente";"Chuva";"Dupla";"Declive";"Não";1;0;1;0;0;0;1;1;-26,44651734;-48,79426826;"SPRF-SC";"DEL03-SC";"UOP02-DEL03-SC"
481462;2022-10-18;"terça-feira";"18:00:00";"SP";116;157,5;"SAO JOSE DOS CAMPOS";"Ausência de reação do condutor";"Engavetamento";"Com Vítimas Feridas";"Plena Noite";"Crescente";"Nublado";"Múltipla";"Reta";"Sim";3;0;1;0;2;0;1;3;-23,25558031;-45,9437828;"SPRF-SP";"DEL02-SP";"UOP01-DEL02-SP"
481464;2022-10-18;"terça-feira";"19:00:00";"ES";101;105;"SOORETAMA";"Demais falhas mecânicas ou elétricas";"Tombamento";"Com Vítimas Feridas";"Plena Noite";"Crescente";"Nublado";"Simples";"Reta";"Não";1;0;1;0;0;0;1;1;-19,02120007;-40,01495688;"SPRF-ES";"DEL04-ES";"UOP01-DEL04-ES"
481465;2022-10-18;"terça-feira";"19:30:00";"ES";101;93,4;"JAGUARE";"Entrada inopinada do pedestre";"Atropelamento de Pedestre";"Com Vítimas Feridas";"Plena Noite";"Crescente";"Céu Claro";"Simples";"Reta";"Sim";2;0;1;0;1;0;1;2;-18,92266916;-39,96785068;"SPRF-ES";"DEL04-ES";"UOP02-DEL04-ES"
481466;2022-10-18;"terça-feira";"17:20:00";"PI";343;4,5;"TERESINA";"Condutor deixou de manter distância do veículo da frente";"Colisão traseira";"Com Vítimas Feridas";"Plena Noite";"Crescente";"Céu Claro";"Simples";"Ponte";"Não";5;0;2;0;3;0;2;4;-5,08302342;-42,79583238;"SPRF-PI";"DEL01-PI";"UOP01-DEL01-PI"
481468;2022-10-18;"terça-feira";"18:40:00";"PI";316;309;"PICOS";"Acessar a via sem observar a presença dos outros veículos";"Colisão frontal";"Com Vítimas Feridas";"Plena Noite";"Decrescente";"Céu Claro";"Simples";"Reta";"Sim";2;0;1;0;0;1;1;2;-7,07778744;-41,48370094;"SPRF-PI";"DEL04-PI";"UOP01-DEL04-PI"
481469;2022-10-18;"terça-feira";"18:40:00";"PE";232;10,8;"JABOATAO DOS GUARARAPES";"Entrada inopinada do pedestre";"Atropelamento de Pedestre";"Com Vítimas Feridas";"Plena Noite";"Crescente";"Céu Claro";"Dupla";"Aclive";"Sim";3;0;1;0;2;0;1;2;-8,07917241;-34,98718609;"SPRF-PE";"DEL01-PE";"UOP01-DEL01-PE"
481474;2022-10-18;"terça-feira";"19:50:00";"PE";104;66;"CARUARU";"Pista esburacada";"Tombamento";"Com Vítimas Feridas";"Plena Noite";"Decrescente";"Céu Claro";"Dupla";"Viaduto";"Sim";1;0;0;1;0;0;1;1;-8,2937;-35,9864;"SPRF-PE";"DEL02-PE";"UOP01-DEL02-PE"
481475;2022-10-18;"terça-feira";"20:00:00";"RS";470;219;"BENTO GONCALVES";"Reação tardia ou ineficiente do condutor";"Saída de leito carroçável";"Com Vítimas Feridas";"Plena Noite";"Decrescente";"Ignorado";"Simples";"Curva";"Não";1;0;1;0;0;0;1;1;-29,17909489;-51,51855675;"SPRF-RS";"DEL06-RS";"UOP01-DEL06-RS"
481476;2022-10-18;"terça-feira";"18:00:00";"RJ";101;306;"SAO GONCALO";"Condutor deixou de manter distância do veículo da frente";"Colisão lateral mesmo sentido";"Com Vítimas Feridas";"Anoitecer";"Decrescente";"Chuva";"Múltipla";"Aclive";"Sim";2;0;1;0;1;0;1;2;-22,78913759;-43,00550909;"SPRF-RJ";"DEL02-RJ";"UOP02-DEL02-RJ"
481477;2022-10-18;"terça-feira";"20:55:00";"MG";381;502;"BETIM";"Ausência de reação do condutor";"Colisão com objeto";"Com Vítimas Feridas";"Plena Noite";"Crescente";"Céu Claro";"Dupla";"Curva";"Sim";1;0;1;0;0;0;1;1;-20,03619694;-44,24586303;"SPRF-MG";"DEL01-MG";"UOP03-DEL01-MG"
481478;2022-10-18;"terça-feira";"15:30:00";"MG";153;100;"PRATA";"Avarias e/ou desgaste excessivo no pneu";"Tombamento";"Com Vítimas Feridas";"Pleno dia";"Decrescente";"Céu Claro";"Simples";"Reta";"Não";2;0;2;0;0;0;2;1;-19,22857511;-48,9323534;"SPRF-MG";"DEL15-MG";"UOP03-DEL15-MG"
481481;2022-09-18;"domingo";"18:20:00";"PB";101;89;"JOAO PESSOA";"Afundamento ou ondulação no pavimento";"Tombamento";"Com Vítimas Feridas";"Plena Noite";"Decrescente";"Ignorado";"Múltipla";"Interseção de Vias";"Sim";1;0;1;0;0;0;1;1;-7,1710694;-34,89765372;"SPRF-PB";"DEL01-PB";"UOP02-DEL01-PB"
481486;2022-10-18;"terça-feira";"21:45:00";"PE";232;31;"MORENO";"Animais na Pista";"Atropelamento de Animal";"Com Vítimas Feridas";"Plena Noite";"Decrescente";"Céu Claro";"Dupla";"Reta";"Não";2;0;0;1;1;0;1;1;-8,10678602;-35,15841205;"SPRF-PE";"DEL01-PE";"UOP01-DEL01-PE"
481487;2022-10-18;"terça-feira";"21:50:00";"MG";381;769,5;"CAMPANHA";"Demais falhas mecânicas ou elétricas";"Colisão com objeto";"Sem Vítimas";"Plena Noite";"Crescente";"Céu Claro";"Dupla";"Retorno Regulamentado";"Não";1;0;0;0;1;0;0;1;-21,78133999;-45,43274701;"SPRF-MG";"DEL16-MG";"UOP02-DEL16-MG"
481488;2022-10-18;"terça-feira";"19:00:00";"SC";101;136,8;"BALNEARIO CAMBORIU";"Reação tardia ou ineficiente do condutor";"Tombamento";"Com Vítimas Feridas";"Plena Noite";"Crescente";"Chuva";"Múltipla";"Reta";"Sim";1;0;1;0;0;0;1;1;-27,008113;-48,617245;"SPRF-SC";"DEL04-SC";"UOP03-DEL04-SC"
481489;2022-10-18;"terça-feira";"22:10:00";"MG";262;492,2;"BOM DESPACHO";"Desrespeitar a preferência no cruzamento";"Colisão transversal";"Com Vítimas Feridas";"Plena Noite";"Crescente";"Céu Claro";"Simples";"Interseção de Vias";"Não";2;0;1;0;1;0;1;2;-19,82733792;-45,33973396;"SPRF-MG";"DEL08-MG";"UOP03-DEL08-MG"
481490;2022-10-18;"terça-feira";"22:25:00";"SP";116;214;"GUARULHOS";"Ausência de sinalização";"Colisão lateral mesmo sentido";"Com Vítimas Feridas";"Plena Noite";"Crescente";"Nublado";"Múltipla";"Reta";"Sim";4;0;1;0;3;0;1;3;-23,44333014;-46,44531294;"SPRF-SP";"DEL01-SP";"UOP01-DEL01-SP"
481491;2022-10-18;"terça-feira";"21:45:00";"RJ";116;182;"NOVA IGUACU";"Acessar a via sem observar a presença dos outros veículos";"Colisão transversal";"Com Vítimas Feridas";"Plena Noite";"Decrescente";"Nublado";"Dupla";"Reta";"Sim";3;0;0;1;2;0;1;2;-22,73796937;-43,49249661;"SPRF-RJ";"DEL01-RJ";"UOP02-DEL01-RJ"
481492;2022-10-18;"terça-feira";"23:40:00";"RJ";101;472;"ANGRA DOS REIS";"Transitar no acostamento";"Colisão lateral mesmo sentido";"Com Vítimas Feridas";"Plena Noite";"Crescente";"Chuva";"Simples";"Interseção de Vias;Reta";"Sim";2;0;0;1;1;0;1;2;-22,988676;-44,23305893;"SPRF-RJ";"DEL03-RJ";"UOP03-DEL03-RJ"
481494;2022-10-18;"terça-feira";"23:45:00";"SP";381;50;"ATIBAIA";"Entrada inopinada do pedestre";"Atropelamento de Pedestre";"Com Vítimas Fatais";"Plena Noite";"Decrescente";"Céu Claro";"Dupla";"Reta";"Não";2;1;0;0;1;0;0;2;-23,2165634;-46,5945012;"SPRF-SP";"DEL03-SP";"UOP01-DEL03-SP"
481495;2022-08-22;"segunda-feira";"06:45:00";"RN";110;25;"MOSSORO";"Condutor deixou de manter distância do veículo da frente";"Colisão traseira";"Com Vítimas Feridas";"Pleno dia";"Crescente";"Céu Claro";"Simples";"Reta";"Sim";2;0;1;0;1;0;1;2;-5,08746204;-37,18713096;"SPRF-RN";"DEL04-RN";"UOP01-DEL04-RN"
481497;2022-10-19;"quarta-feira";"00:30:00";"PE";232;392;"SERRA TALHADA";"Animais na Pista";"Atropelamento de Animal";"Com Vítimas Feridas";"Plena Noite";"Crescente";"Céu Claro";"Simples";"Reta";"Não";3;0;1;0;2;0;1;1;-8,02959891;-38,15663598;"SPRF-PE";"DEL04-PE";"UOP01-DEL04-PE"
481498;2022-10-19;"quarta-feira";"01:00:00";"PR";376;173,2;"MARINGA";"Condutor deixou de manter distância do veículo da frente";"Colisão traseira";"Com Vítimas Feridas";"Plena Noite";"Decrescente";"Nublado";"Múltipla";"Reta";"Sim";2;0;1;0;1;0;1;2;-23,4172197;-51,9589231;"SPRF-PR";"DEL09-PR";"UOP01-DEL09-PR"
481499;2022-10-19;"quarta-feira";"00:30:00";"MS";262;487;"ANASTACIO";"Condutor Dormindo";"Colisão com objeto";"Sem Vítimas";"Plena Noite";"Decrescente";"Céu Claro";"Simples";"Rotatória";"Sim";3;0;0;0;0;3;0;2;-20,49896967;-55,78739397;"SPRF-MS";"DEL03-MS";"UOP01-DEL03-MS"
481501;2022-10-19;"quarta-feira";"03:00:00";"SC";101;214,7;"PALHOCA";"Ingestão de álcool pelo condutor";"Colisão com objeto";"Sem Vítimas";"Plena Noite";"Crescente";"Céu Claro";"Simples";"Reta";"Sim";2;0;0;0;2;0;0;1;-27,64443;-48,67057;"SPRF-SC";"DEL01-SC";"UOP02-DEL01-SC"
481502;2022-10-19;"quarta-feira";"03:11:00";"SC";470;175;"POUSO REDONDO";"Velocidade Incompatível";"Capotamento";"Sem Vítimas";"Pleno dia";"Decrescente";"Garoa/Chuvisco";"Simples";"Curva";"Não";1;0;0;0;1;0;0;1;-27,25617;-49,938969;"SPRF-SC";"DEL04-SC";"UOP02-DEL04-SC"
481503;2022-10-19;"quarta-feira";"03:00:00";"RJ";101;429;"MANGARATIBA";"Avarias e/ou desgaste excessivo no pneu";"Colisão com objeto";"Com Vítimas Feridas";"Plena Noite";"Decrescente";"Chuva";"Dupla";"Reta";"Não";1;0;1;0;0;0;1;1;-22,935335;-44,0004;"SPRF-RJ";"DEL03-RJ";"UOP02-DEL03-RJ"
481504;2022-10-19;"quarta-feira";"03:30:00";"RJ";116;167;"SAO JOAO DE MERITI";"Ingestão de álcool pelo condutor";"Colisão com objeto";"Sem Vítimas";"Plena Noite";"Decrescente";"Céu Claro";"Dupla";"Reta";"Sim";2;0;0;0;2;0;0;1;-22,81803977;-43,30787252;"SPRF-RJ";"DEL01-RJ";"UOP02-DEL01-RJ"
481508;2022-10-18;"terça-feira";"22:45:00";"RJ";356;22;"ITAPERUNA";"Velocidade Incompatível";"Saída de leito carroçável";"Com Vítimas Feridas";"Plena Noite";"Crescente";"Nublado";"Simples";"Curva";"Não";1;0;1;0;0;0;1;1;-21,1773546;-41,99180294;"SPRF-RJ";"DEL08-RJ";"UOP03-DEL08-RJ"
481509;2022-10-19;"quarta-feira";"06:45:00";"MG";40;520;"CONTAGEM";"Manobra de mudança de faixa";"Colisão lateral mesmo sentido";"Com Vítimas Feridas";"Pleno dia";"Crescente";"Céu Claro";"Dupla";"Reta";"Sim";2;0;1;0;1;0;1;2;-19,84761911;-44,07276144;"SPRF-MG";"DEL01-MG";"UOP02-DEL01-MG"
481510;2022-10-19;"quarta-feira";"04:30:00";"PB";230;27,6;"JOAO PESSOA";"Reação tardia ou ineficiente do condutor";"Saída de leito carroçável";"Com Vítimas Feridas";"Amanhecer";"Crescente";"Céu Claro";"Dupla";"Curva";"Sim";2;0;0;2;0;0;2;1;-7,1677;-34,8855;"SPRF-PB";"DEL01-PB";"UOP01-DEL01-PB"
481511;2022-10-19;"quarta-feira";"06:50:00";"MG";40;531,3;"BELO HORIZONTE";"Entrada inopinada do pedestre";"Atropelamento de Pedestre";"Com Vítimas Feridas";"Pleno dia";"Crescente";"Céu Claro";"Dupla";"Reta";"Sim";3;0;0;1;1;1;1;2;-19,91962483;-44,02522683;"SPRF-MG";"DEL01-MG";"UOP02-DEL01-MG"
481512;2022-10-19;"quarta-feira";"06:30:00";"RJ";40;71;"PETROPOLIS";"Condutor Dormindo";"Tombamento";"Com Vítimas Feridas";"Amanhecer";"Crescente";"Céu Claro";"Simples";"Reta";"Não";1;0;1;0;0;0;1;1;-22,45304974;-43,20832411;"SPRF-RJ";"DEL06-RJ";"UOP01-DEL06-RJ"
481513;2022-10-19;"quarta-feira";"06:40:00";"GO";153;508;"APARECIDA DE GOIANIA";"Obras na pista";"Queda de ocupante de veículo";"Com Vítimas Feridas";"Pleno dia";"Crescente";"Céu Claro";"Dupla";"Reta";"Sim";1;0;1;0;0;0;1;1;-16,7804;-49,2371;"SPRF-GO";"DEL01-GO";"UOP03-DEL01-GO"
481514;2022-10-19;"quarta-feira";"06:50:00";"RJ";40;123;"DUQUE DE CAXIAS";"Trafegar com motocicleta (ou similar) entre as faixas";"Colisão lateral mesmo sentido";"Com Vítimas Feridas";"Pleno dia";"Crescente";"Nublado";"Múltipla";"Reta";"Não";2;0;1;0;1;0;1;2;-22,79907687;-43,29015739;"SPRF-RJ";"DEL01-RJ";"UOP01-DEL01-RJ"
481515;2022-10-19;"quarta-feira";"02:30:00";"MS";163;210;"CAARAPO";"Reação tardia ou ineficiente do condutor";"Saída de leito carroçável";"Sem Vítimas";"Plena Noite";"Crescente";"Nevoeiro/Neblina";"Simples";"Reta";"Não";1;0;0;0;1;0;0;1;-22,62199406;-54,81674471;"SPRF-MS";"DEL04-MS";"UOP02-DEL04-MS"
481517;2022-10-19;"quarta-feira";"07:25:00";"SP";116;219;"GUARULHOS";"Trafegar com motocicleta (ou similar) entre as faixas";"Colisão traseira";"Com Vítimas Feridas";"Pleno dia";"Crescente";"Garoa/Chuvisco";"Múltipla";"Reta";"Sim";2;0;2;0;0;0;2;2;-23,46143954;-46,48885316;"SPRF-SP";"DEL01-SP";"UOP01-DEL01-SP"
481521;2022-10-19;"quarta-feira";"07:35:00";"CE";116;5;"FORTALEZA";"Ausência de reação do condutor";"Tombamento";"Com Vítimas Feridas";"Pleno dia";"Decrescente";"Nublado";"Simples";"Viaduto;Declive";"Sim";1;0;1;0;0;0;1;1;-3,79467116;-38,50772734;"SPRF-CE";"DEL01-CE";"UOP02-DEL01-CE"
481523;2022-10-19;"quarta-feira";"07:10:00";"PE";101;50;"ABREU E LIMA";"Manobra de mudança de faixa";"Colisão lateral mesmo sentido";"Com Vítimas Feridas";"Pleno dia";"Crescente";"Céu Claro";"Dupla";"Reta";"Sim";2;0;1;0;1;0;1;2;-7,90938602;-34,90123228;"SPRF-PE";"DEL01-PE";"UOP02-DEL01-PE"
481524;2022-10-19;"quarta-feira";"07:45:00";"ES";101;436;"MIMOSO DO SUL";"Velocidade Incompatível";"Saída de leito carroçável";"Com Vítimas Feridas";"Pleno dia";"Crescente";"Céu Claro";"Simples";"Reta";"Não";1;0;1;0;0;0;1;1;-21,05840799;-41,204146;"SPRF-ES";"DEL03-ES";"UOP02-DEL03-ES"
481525;2022-10-19;"quarta-feira";"07:20:00";"PB";230;147,2;"CAMPINA GRANDE";"Acumulo de areia ou detritos sobre o pavimento";"Queda de ocupante de veículo";"Com Vítimas Feridas";"Pleno dia";"Crescente";"Céu Claro";"Dupla";"Aclive";"Sim";1;0;1;0;0;0;1;1;-7,239874;-35,861891;"SPRF-PB";"DEL02-PB";"UOP01-DEL02-PB"
481526;2022-10-19;"quarta-feira";"08:00:00";"SP";116;207,5;"GUARULHOS";"Ausência de reação do condutor";"Colisão lateral mesmo sentido";"Com Vítimas Feridas";"Pleno dia";"Crescente";"Nublado";"Dupla";"Reta";"Sim";4;0;1;1;2;0;2;2;-23,41972188;-46,38419203;"SPRF-SP";"DEL01-SP";"UOP01-DEL01-SP"
481527;2022-10-19;"quarta-feira";"07:00:00";"SC";101;363;"SANGAO";"Reação tardia ou ineficiente do condutor";"Colisão com objeto";"Com Vítimas Feridas";"Pleno dia";"Crescente";"Nublado";"Dupla";"Declive";"Não";5;0;3;0;2;0;3;1;-28,67634681;-49,12963202;"SPRF-SC";"DEL02-SC";"UOP01-DEL02-SC"
481528;2022-10-18;"terça-feira";"18:30:00";"RS";290;89,1;"PORTO ALEGRE";"Manobra de mudança de faixa";"Colisão lateral mesmo sentido";"Com Vítimas Feridas";"Anoitecer";"Decrescente";"Céu Claro";"Múltipla";"Reta";"Não";2;0;1;0;1;0;1;2;-29,967892;-51,147331;"SPRF-RS";"DEL01-RS";"UOP01-DEL01-RS"
481530;2022-10-19;"quarta-feira";"08:15:00";"SC";101;201;"SAO JOSE";"Ausência de reação do condutor";"Colisão lateral mesmo sentido";"Com Vítimas Feridas";"Amanhecer";"Crescente";"Nublado";"Múltipla";"Reta";"Sim";2;0;1;0;1;0;1;2;-27,54836599;-48,61977975;"SPRF-SC";"DEL01-SC";"UOP01-DEL01-SC"
481531;2022-10-18;"terça-feira";"19:30:00";"SP";116;280;"EMBU DAS ARTES";"Pista esburacada";"Eventos atípicos";"Sem Vítimas";"Plena Noite";"Crescente";"Nublado";"Múltipla";"Reta";"Sim";2;0;0;0;2;0;0;1;-23,66996108;-46,85590758;"SPRF-SP";"DEL04-SP";"UOP01-DEL04-SP"
481533;2022-10-19;"quarta-feira";"07:08:00";"RJ";101;315;"SAO GONCALO";"Trafegar com motocicleta (ou similar) entre as faixas";"Colisão lateral mesmo sentido";"Com Vítimas Feridas";"Pleno dia";"Crescente";"Nublado";"Dupla";"Reta";"Sim";3;0;1;0;2;0;1;2;-22,82262092;-43,08460805;"SPRF-RJ";"DEL02-RJ";"UOP02-DEL02-RJ"
481537;2022-10-18;"terça-feira";"20:20:00";"RJ";465;10;"SEROPEDICA";"Ausência de reação do condutor";"Capotamento";"Sem Vítimas";"Plena Noite";"Crescente";"Nublado";"Simples";"Reta";"Não";2;0;0;0;0;2;0;1;-22,777218;-43,663025;"SPRF-RJ";"DEL01-RJ";"UOP03-DEL01-RJ"
481538;2022-10-12;"quarta-feira";"06:40:00";"MG";381;358,8;"JOAO MONLEVADE";"Transitar no acostamento";"Atropelamento de Pedestre";"Com Vítimas Feridas";"Pleno dia";"Crescente";"Céu Claro";"Simples";"Reta";"Não";2;0;1;0;0;1;1;2;-19,83965544;-43,17991734;"SPRF-MG";"DEL03-MG";"UOP01-DEL03-MG"
481539;2022-10-19;"quarta-feira";"09:03:00";"SP";101;48,7;"UBATUBA";"Mal súbito do condutor";"Queda de ocupante de veículo";"Com Vítimas Feridas";"Pleno dia";"Crescente";"Nublado";"Simples";"Reta";"Sim";1;0;1;0;0;0;1;1;-23,43696329;-45,08768768;"SPRF-SP";"DEL06-SP";"UOP01-DEL06-SP"
481540;2022-10-19;"quarta-feira";"07:10:00";"PE";101;87;"JABOATAO DOS GUARARAPES";"Reação tardia ou ineficiente do condutor";"Colisão transversal";"Com Vítimas Feridas";"Pleno dia";"Crescente";"Céu Claro";"Simples";"Reta";"Sim";2;0;1;0;0;1;1;2;-8,19120206;-34,97449985;"SPRF-PE";"DEL01-PE";"UOP01-DEL01-PE"
481541;2022-10-19;"quarta-feira";"07:20:00";"MG";381;501;"BETIM";"Avarias e/ou desgaste excessivo no pneu";"Tombamento";"Com Vítimas Feridas";"Amanhecer";"Decrescente";"Céu Claro";"Dupla";"Reta";"Sim";2;0;2;0;0;0;2;1;-20,03146447;-44,2377893;"SPRF-MG";"DEL01-MG";"UOP03-DEL01-MG"
481542;2022-10-19;"quarta-feira";"07:40:00";"RO";364;236,6;"CACOAL";"Acessar a via sem observar a presença dos outros veículos";"Colisão transversal";"Com Vítimas Feridas";"Pleno dia";"Crescente";"Sol";"Simples";"Aclive;Reta";"Sim";3;0;2;0;1;0;2;3;-11,444065;-61,444005;"SPRF-RO";"DEL02-RO";"UOP02-DEL02-RO"
481545;2022-10-19;"quarta-feira";"09:00:00";"MG";40;546;"NOVA LIMA";"Avarias e/ou desgaste excessivo no pneu";"Colisão com objeto";"Com Vítimas Feridas";"Pleno dia";"Crescente";"Céu Claro";"Dupla";"Curva";"Não";1;0;1;0;0;0;1;1;-20,02252424;-43,97026042;"SPRF-MG";"DEL01-MG";"UOP02-DEL01-MG"
481546;2022-09-17;"sábado";"19:43:00";"MG";116;608,9;"SAO JOAO DO MANHUACU";"Ingestão de álcool pelo condutor";"Atropelamento de Pedestre";"Com Vítimas Feridas";"Plena Noite";"Decrescente";"Ignorado";"Simples";"Interseção de Vias";"Sim";2;0;0;1;1;0;1;2;-20,4004876;-42,15012074;"SPRF-MG";"DEL06-MG";"UOP03-DEL06-MG"