"id";"data_inversa";"dia_semana";"horario";"uf";"br";"km";"municipio";"causa_acidente";"tipo_acidente";"classificacao_acidente";"fase_dia";"sentido_via";"condicao_metereologica";"tipo_pista";"tracado_via";"uso_solo";"pessoas";"mortos";"feridos_leves";"feridos_graves";"ilesos";"ignorados";"feridos";"veiculos";"latitude";"longitude";"regional";"delegacia";"uop"
481548;2022-10-19;"quarta-feira";"10:00:00";"RS";386;242,5;"SOLEDADE";"Reação tardia ou ineficiente do condutor";"Saída de leito carroçável";"Com Vítimas Fatais";"Pleno dia";"Crescente";"Nublado";"Simples";"Curva";"Não";1;1;0;0;0;0;0;1;-28,785901;-52,527856;"SPRF-RS";"DEL04-RS";"UOP03-DEL04-RS"
481549;2022-10-19;"quarta-feira";"07:10:00";"SC";101;279;"IMBITUBA";"Reação tardia ou ineficiente do condutor";"Colisão traseira";"Com Vítimas Feridas";"Pleno dia";"Decrescente";"Céu Claro";"Dupla";"Reta";"Não";2;0;1;0;1;0;1;2;-28,17131302;-48,69463482;"SPRF-SC";"DEL02-SC";"UOP03-DEL02-SC"
481550;2022-10-19;"quarta-feira";"09:50:00";"MG";40;546;"NOVA LIMA";"Reação tardia ou ineficiente do condutor";"Queda de ocupante de veículo";"Com Vítimas Feridas";"Pleno dia";"Crescente";"Céu Claro";"Dupla";"Reta";"Sim";1;0;1;0;0;0;1;1;-20,01444685;-43,96893823;"SPRF-MG";"DEL01-MG";"UOP02-DEL01-MG"
481551;2022-10-19;"quarta-feira";"07:40:00";"SP";116;99;"PINDAMONHANGABA";"Ausência de reação do condutor";"Saída de leito carroçável";"Com Vítimas Feridas";"Pleno dia";"Decrescente";"Chuva";"Dupla";"Curva";"Sim";1;0;1;0;0;0;1;1;-22,98236971;-45,46436617;"SPRF-SP";"DEL08-SP";"UOP01-DEL08-SP"
481552;2022-10-19;"quarta-feira";"11:00:00";"MG";40;709,2;"BARBACENA";"Condutor Dormindo";"Saída de leito carroçável";"Com Vítimas Feridas";"Pleno dia";"Crescente";"Nublado";"Dupla";"Rotatória";"Sim";2;0;1;0;1;0;1;1;-21,24228601;-43,69315267;"SPRF-MG";"DEL05-MG";"UOP02-DEL05-MG"
481553;2022-10-18;"terça-feira";"19:40:00";"RR";432;119;"CANTA";"Reação tardia ou ineficiente do condutor";"Atropelamento de Pedestre";"Com Vítimas Feridas";"Plena Noite";"Crescente";"Nublado";"Simples";"Reta";"Sim";3;0;1;1;0;1;2;2;2,107354;-60,618057;"SPRF-RR";"DEL01-RR";"UOP01-DEL01-RR"
481555;2022-10-19;"quarta-feira";"11:00:00";"ES";101;258,5;"SERRA";"Acumulo de água sobre o pavimento";"Capotamento";"Com Vítimas Feridas";"Pleno dia";"Crescente";"Chuva";"Dupla";"Curva";"Sim";1;0;1;0;0;0;1;1;-20,13059888;-40,2961019;"SPRF-ES";"DEL02-ES";"UOP01-DEL02-ES"
481556;2022-10-19;"quarta-feira";"10:27:00";"RS";392;352;"SANTA MARIA";"Ultrapassagem Indevida";"Colisão lateral mesmo sentido";"Com Vítimas Feridas";"Pleno dia";"Decrescente";"Céu Claro";"Dupla";"Reta";"Sim";3;0;1;0;2;0;1;2;-29,71645489;-53,8096565;"SPRF-RS";"DEL09-RS";"UOP01-DEL09-RS"
481558;2022-10-19;"quarta-feira";"11:45:00";"SP";116;301;"SAO LOURENCO DA SERRA";"Pista Escorregadia";"Saída de leito carroçável";"Com Vítimas Feridas";"Pleno dia";"Crescente";"Nublado";"Dupla";"Reta;Declive";"Sim";1;0;1;0;0;0;1;1;-23,81147602;-46,92298208;"SPRF-SP";"DEL04-SP";"UOP01-DEL04-SP"
481560;2022-10-14;"sexta-feira";"14:32:00";"PE";232;126,8;"CARUARU";"Ausência de reação do condutor";"Colisão traseira";"Com Vítimas Feridas";"Pleno dia";"Crescente";"Sol";"Dupla";"Reta";"Sim";2;0;1;0;1;0;1;2;-8,3051374;-35,96735001;"SPRF-PE";"DEL02-PE";"UOP01-DEL02-PE"
481563;2022-10-19;"quarta-feira";"10:30:00";"MG";381;362;"JOAO MONLEVADE";"Velocidade Incompatível";"Saída de leito carroçável";"Sem Vítimas";"Pleno dia";"Crescente";"Céu Claro";"Simples";"Curva";"Não";1;0;0;0;0;1;0;1;-19,85643939;-43,24280693;"SPRF-MG";"DEL03-MG";"UOP01-DEL03-MG"
481565;2022-10-19;"quarta-feira";"09:40:00";"AC";317;148;"CAPIXABA";"Reação tardia ou ineficiente do condutor";"Queda de ocupante de veículo";"Com Vítimas Feridas";"Pleno dia";"Crescente";"Céu Claro";"Simples";"Aclive;Reta";"Não";1;0;1;0;0;0;1;1;-10,580813;-67,691848;"SPRF-AC";"DEL01-AC";"UOP02-DEL01-AC"
481566;2022-10-19;"quarta-feira";"12:15:00";"SP";116;215;"GUARULHOS";"Condutor deixou de manter distância do veículo da frente";"Colisão traseira";"Com Vítimas Feridas";"Pleno dia";"Decrescente";"Céu Claro";"Múltipla";"Reta";"Sim";4;0;3;0;1;0;3;2;-23,44695693;-46,45394103;"SPRF-SP";"DEL01-SP";"UOP01-DEL01-SP"
481568;2022-10-19;"quarta-feira";"12:00:00";"PB";101;34;"MAMANGUAPE";"Acesso irregular";"Colisão transversal";"Com Vítimas Feridas";"Pleno dia";"Crescente";"Céu Claro";"Dupla";"Reta";"Não";2;0;2;0;0;0;2;2;-6,7853389089;-35,1342813062;"SPRF-PB";"DEL01-PB";"UOP04-DEL01-PB"
481569;2022-10-19;"quarta-feira";"12:30:00";"MG";381;877;"ESTIVA";"Velocidade Incompatível";"Saída de leito carroçável";"Com Vítimas Feridas";"Pleno dia";"Decrescente";"Chuva";"Dupla";"Curva";"Não";1;0;1;0;0;0;1;1;-22,48184;-46,010895;"SPRF-MG";"DEL16-MG";"UOP01-DEL16-MG"
481571;2022-10-19;"quarta-feira";"12:40:00";"RN";405;2;"MOSSORO";"Condutor deixou de manter distância do veículo da frente";"Colisão lateral mesmo sentido";"Com Vítimas Feridas";"Pleno dia";"Crescente";"Céu Claro";"Dupla";"Reta";"Não";3;0;1;0;2;0;1;2;-5,1921697;-37,3672981;"SPRF-RN";"DEL04-RN";"UOP02-DEL04-RN"
481572;2022-10-19;"quarta-feira";"12:30:00";"RS";290;97;"PORTO ALEGRE";"Conversão proibida";"Colisão traseira";"Sem Vítimas";"Pleno dia";"Crescente";"Céu Claro";"Dupla";"Ponte";"Sim";3;0;0;0;3;0;0;3;-29,997789;-51,20779;"SPRF-RS";"DEL01-RS";"UOP01-DEL01-RS"
481573;2022-10-19;"quarta-feira";"11:50:00";"SC";470;4;"NAVEGANTES";"Reação tardia ou ineficiente do condutor";"Colisão lateral mesmo sentido";"Com Vítimas Feridas";"Pleno dia";"Decrescente";"Céu Claro";"Dupla";"Reta";"Sim";3;0;2;0;1;0;2;3;-26,858473;-48,690788;"SPRF-SC";"DEL04-SC";"UOP04-DEL04-SC"
481574;2022-10-19;"quarta-feira";"11:00:00";"MG";381;924,6;"ITAPEVA";"Chuva";"Colisão com objeto";"Com Vítimas Feridas";"Pleno dia";"Crescente";"Chuva";"Dupla";"Curva";"Não";1;0;1;0;0;0;1;1;-22,76999724;-46,19403991;"SPRF-MG";"DEL16-MG";"UOP03-DEL16-MG"
481575;2022-10-19;"quarta-feira";"13:00:00";"ES";101;402;"ITAPEMIRIM";"Velocidade Incompatível";"Tombamento";"Com Vítimas Feridas";"Pleno dia";"Decrescente";"Céu Claro";"Simples";"Viaduto";"Não";1;0;0;1;0;0;1;1;-20,88914562;-40,99003988;"SPRF-ES";"DEL03-ES";"UOP02-DEL03-ES"
481576;2022-10-19;"quarta-feira";"12:45:00";"CE";116;13;"FORTALEZA";"Avarias e/ou desgaste excessivo no pneu";"Tombamento";"Com Vítimas Feridas";"Pleno dia";"Crescente";"Céu Claro";"Dupla";"Reta";"Sim";1;0;1;0;0;0;1;1;-3,86088501;-38,49715296;"SPRF-CE";"DEL01-CE";"UOP02-DEL01-CE"
481578;2022-10-19;"quarta-feira";"13:20:00";"SP";153;22,7;"NOVA GRANADA";"Ausência de reação do condutor";"Saída de leito carroçável";"Com Vítimas Feridas";"Pleno dia";"Crescente";"Nublado";"Simples";"Aclive";"Não";1;0;1;0;0;0;1;1;-20,476847;-49,296506;"SPRF-SP";"DEL09-SP";"UOP01-DEL09-SP"
481581;2022-10-19;"quarta-feira";"12:50:00";"RJ";101;447;"MANGARATIBA";"Pista Escorregadia";"Saída de leito carroçável";"Com Vítimas Feridas";"Pleno dia";"Decrescente";"Chuva";"Simples";"Curva";"Não";1;0;1;0;0;0;1;1;-23,00392403;-44,09744074;"SPRF-RJ";"DEL03-RJ";"UOP02-DEL03-RJ"
481583;2022-10-19;"quarta-feira";"12:40:00";"AP";156;819;"OIAPOQUE";"Transitar na contramão";"Colisão frontal";"Com Vítimas Feridas";"Pleno dia";"Crescente";"Céu Claro";"Simples";"Reta";"Sim";2;0;0;1;1;0;1;2;3,8355289601;-51,8093580156;"SPRF-AP";"DEL01-AP";"UOP03-DEL01-AP"
481584;2022-10-19;"quarta-feira";"02:00:00";"PR";153;184;"TIBAGI";"Reação tardia ou ineficiente do condutor";"Colisão frontal";"Sem Vítimas";"Pleno dia";"Decrescente";"Céu Claro";"Simples";"Curva";"Não";1;0;0;0;0;1;0;1;-24,40601436;-50,34355044;"SPRF-PR";"DEL03-PR";"UOP02-DEL03-PR"
481585;2022-10-19;"quarta-feira";"14:15:00";"MG";381;908,3;"CAMBUI";"Chuva";"Saída de leito carroçável";"Com Vítimas Feridas";"Pleno dia";"Crescente";"Chuva";"Dupla";"Curva";"Não";2;0;1;0;1;0;1;1;-22,71744092;-46,12652111;"SPRF-MG";"DEL16-MG";"UOP03-DEL16-MG"
481586;2022-10-19;"quarta-feira";"13:30:00";"GO";60;37;"GOIANIA";"Acessar a via sem observar a presença dos outros veículos";"Colisão transversal";"Com Vítimas Feridas";"Pleno dia";"Crescente";"Céu Claro";"Dupla";"Rotatória";"Sim";3;0;2;0;1;0;2;2;-16,6777;-49,2676;"SPRF-GO";"DEL01-GO";"UOP02-DEL01-GO"
481587;2022-10-19;"quarta-feira";"12:50:00";"MG";40;42,3;"PARACATU";"Reação tardia ou ineficiente do condutor";"Colisão transversal";"Com Vítimas Feridas";"Pleno dia";"Crescente";"Céu Claro";"Simples";"Aclive;Reta";"Sim";3;0;1;0;2;0;1;3;-17,2188441;-46,8666753;"SPRF-MG";"DEL14-MG";"UOP01-DEL14-MG"
481588;2022-10-19;"quarta-feira";"14:00:00";"SC";470;53,6;"BLUMENAU";"Ausência de reação do condutor";"Colisão transversal";"Com Vítimas Feridas";"Pleno dia";"Decrescente";"Sol";"Simples";"Interseção de Vias";"Não";2;0;1;0;1;0;1;2;-26,867121;-49,102066;"SPRF-SC";"DEL04-SC";"UOP01-DEL04-SC"
481590;2022-10-19;"quarta-feira";"13:05:00";"SC";101;357;"SANGAO";"Ultrapassagem Indevida";"Colisão lateral mesmo sentido";"Com Vítimas Feridas";"Pleno dia";"Crescente";"Céu Claro";"Simples";"Reta";"Sim";2;0;1;0;1;0;1;2;-28,64522332;-49,10152674;"SPRF-SC";"DEL02-SC";"UOP01-DEL02-SC"
481591;2022-09-19;"segunda-feira";"16:50:00";"MG";153;23;"CENTRALINA";"Acumulo de óleo sobre o pavimento";"Saída de leito carroçável";"Com Vítimas Feridas";"Pleno dia";"Decrescente";"Nublado";"Dupla";"Curva";"Não";1;0;1;0;0;0;1;1;-18,62303102;-49,18751103;"SPRF-MG";"DEL15-MG";"UOP03-DEL15-MG"
481593;2022-10-19;"quarta-feira";"14:50:00";"SP";116;110;"TAUBATE";"Ausência de reação do condutor";"Colisão traseira";"Com Vítimas Feridas";"Pleno dia";"Crescente";"Nublado";"Dupla";"Reta";"Não";2;0;1;0;1;0;1;2;-23,03412614;-45,5526999;"SPRF-SP";"DEL02-SP";"UOP02-DEL02-SP"
481594;2022-10-19;"quarta-feira";"15:30:00";"PB";230;338;"PATOS";"Acessar a via sem observar a presença dos outros veículos";"Colisão transversal";"Com Vítimas Feridas";"Pleno dia";"Crescente";"Céu Claro";"Simples";"Reta";"Sim";3;0;0;2;1;0;2;2;-7,007;-37,2906;"SPRF-PB";"DEL03-PB";"UOP01-DEL03-PB"
481595;2022-10-19;"quarta-feira";"15:35:00";"SP";116;93,2;"PINDAMONHANGABA";"Ausência de reação do condutor";"Saída de leito carroçável";"Com Vítimas Feridas";"Pleno dia";"Decrescente";"Nublado";"Dupla";"Reta";"Não";1;0;0;1;0;0;1;1;-22,95653207;-45,41300297;"SPRF-SP";"DEL08-SP";"UOP01-DEL08-SP"
481596;2022-10-19;"quarta-feira";"15:10:00";"RJ";101;427;"MANGARATIBA";"Pista Escorregadia";"Capotamento";"Com Vítimas Feridas";"Pleno dia";"Crescente";"Chuva";"Simples";"Curva";"Não";2;0;2;0;0;0;2;1;-22,93154625;-43,98133788;"SPRF-RJ";"DEL03-RJ";"UOP02-DEL03-RJ"
481597;2022-10-19;"quarta-feira";"15:30:00";"PR";369;186,5;"ARAPONGAS";"Reação tardia ou ineficiente do condutor";"Queda de ocupante de veículo";"Com Vítimas Feridas";"Pleno dia";"Decrescente";"Céu Claro";"Simples";"Interseção de Vias";"Sim";1;0;1;0;0;0;1;1;-23,41993;-51,42538;"SPRF-PR";"DEL07-PR";"UOP03-DEL07-PR"
481599;2022-10-19;"quarta-feira";"15:45:00";"SC";101;313,2;"LAGUNA";"Ausência de reação do condutor";"Colisão traseira";"Com Vítimas Feridas";"Pleno dia";"Crescente";"Céu Claro";"Dupla";"Reta;Em Obras;Ponte";"Não";2;0;1;0;1;0;1;2;-28,43729867;-48,83633137;"SPRF-SC";"DEL02-SC";"UOP01-DEL02-SC"
481600;2022-10-19;"quarta-feira";"16:30:00";"RJ";40;91;"PETROPOLIS";"Chuva";"Saída de leito carroçável";"Com Vítimas Feridas";"Pleno dia";"Crescente";"Chuva";"Simples";"Curva;Declive";"Não";4;0;2;0;2;0;2;1;-22,54903566;-43,24229724;"SPRF-RJ";"DEL06-RJ";"UOP01-DEL06-RJ"
481601;2022-10-19;"quarta-feira";"15:15:00";"GO";60;81;"ANAPOLIS";"Velocidade Incompatível";"Saída de leito carroçável";"Com Vítimas Feridas";"Pleno dia";"Crescente";"Céu Claro";"Dupla";"Aclive;Reta";"Não";2;0;2;0;0;0;2;1;-16,3116;-48,8277;"SPRF-GO";"DEL02-GO";"UOP01-DEL02-GO"
481602;2022-10-19;"quarta-feira";"17:03:00";"RJ";116;314;"ITATIAIA";"Ausência de reação do condutor";"Colisão traseira";"Sem Vítimas";"Pleno dia";"Crescente";"Nublado";"Dupla";"Reta";"Não";3;0;0;0;3;0;0;2;-22,46045833;-44,47218299;"SPRF-RJ";"DEL07-RJ";"UOP02-DEL07-RJ"
481603;2022-10-19;"quarta-feira";"15:25:00";"MT";70;61,8;"BARRA DO GARCAS";"Avarias e/ou desgaste excessivo no pneu";"Saída de leito carroçável";"Com Vítimas Feridas";"Pleno dia";"Crescente";"Chuva";"Simples";"Curva";"Não";2;0;1;0;1;0;1;1;-15,69693479;-52,69881921;"SPRF-MT";"DEL07-MT";"UOP01-DEL07-MT"
481604;2022-10-19;"quarta-feira";"17:00:00";"ES";101;266,7;"SERRA";"Chuva";"Colisão traseira";"Com Vítimas Feridas";"Pleno dia";"Crescente";"Chuva";"Dupla";"Reta";"Sim";2;0;1;0;1;0;1;2;-20,190199;-40,26828891;"SPRF-ES";"DEL02-ES";"UOP01-DEL02-ES"
481607;2022-10-19;"quarta-feira";"17:22:00";"SC";470;60;"BLUMENAU";"Acessar a via sem observar a presença dos outros veículos";"Colisão transversal";"Com Vítimas Feridas";"Pleno dia";"Crescente";"Sol";"Simples";"Reta";"Sim";2;0;1;0;1;0;1;2;-26,88138;-49,164543;"SPRF-SC";"DEL04-SC";"UOP01-DEL04-SC"
481608;2022-10-19;"quarta-feira";"17:00:00";"SP";116;212;"GUARULHOS";"Mal súbito do condutor";"Tombamento";"Com Vítimas Feridas";"Anoitecer";"Decrescente";"Céu Claro";"Múltipla";"Reta";"Sim";1;0;1;0;0;0;1;1;-23,43608315;-46,42805094;"SPRF-SP";"DEL01-SP";"UOP01-DEL01-SP"
481609;2022-10-19;"quarta-feira";"15:00:00";"AL";316;246;"ATALAIA";"Acessar a via sem observar a presença dos outros veículos";"Colisão transversal";"Com Vítimas Feridas";"Pleno dia";"Decrescente";"Céu Claro";"Simples";"Reta";"Sim";3;0;0;2;1;0;2;2;-9,52549872;-35,99508253;"SPRF-AL";"DEL01-AL";"UOP01-DEL01-AL"
481611;2022-10-19;"quarta-feira";"13:30:00";"MG";116;456,9;"ENGENHEIRO CALDAS";"Acessar a via sem observar a presença dos outros veículos";"Colisão transversal";"Com Vítimas Feridas";"Pleno dia";"Crescente";"Céu Claro";"Simples";"Reta";"Sim";2;0;0;1;1;0;1;2;-19,20082084;-42,04762426;"SPRF-MG";"DEL06-MG";"UOP02-DEL06-MG"
481613;2022-10-19;"quarta-feira";"17:47:00";"RN";110;45,3;"MOSSORO";"Transitar na contramão";"Colisão lateral sentido oposto";"Com Vítimas Feridas";"Anoitecer";"Crescente";"Céu Claro";"Simples";"Reta";"Sim";2;0;2;0;0;0;2;2;-5,19257993;-37,31114905;"SPRF-RN";"DEL04-RN";"UOP01-DEL04-RN"
481615;2022-10-19;"quarta-feira";"05:30:00";"AP";210;184;"PEDRA BRANCA DO AMAPARI";"Reação tardia ou ineficiente do condutor";"Saída de leito carroçável";"Com Vítimas Fatais";"Plena Noite";"Decrescente";"Ignorado";"Simples";"Ponte";"Não";1;1;0;0;0;0;0;1;0,80250947;-51,9739531;"SPRF-AP";"DEL01-AP";"UOP01-DEL01-AP"
481616;2022-10-19;"quarta-feira";"17:45:00";"RS";153;50,4;"ERECHIM";"Condutor deixou de manter distância do veículo da frente";"Colisão traseira";"Com Vítimas Feridas";"Pleno dia";"Crescente";"Céu Claro";"Simples";"Reta";"Não";5;0;1;1;3;0;2;2;-27,65623359;-52,27554709;"SPRF-RS";"DEL08-RS";"UOP04-DEL08-RS"
481618;2022-10-19;"quarta-feira";"17:00:00";"RJ";40;92;"PETROPOLIS";"Reação tardia ou ineficiente do condutor";"Saída de leito carroçável";"Com Vítimas Feridas";"Pleno dia";"Crescente";"Chuva";"Simples";"Curva";"Não";2;0;1;0;1;0;1;1;-22,55191954;-43,25068815;"SPRF-RJ";"DEL06-RJ";"UOP01-DEL06-RJ"
481619;2022-10-19;"quarta-feira";"15:15:00";"MG";262;66,1;"MATIPO";"Conversão proibida";"Colisão lateral sentido oposto";"Com Vítimas Feridas";"Pleno dia";"Crescente";"Céu Claro";"Simples";"Curva";"Não";2;0;0;1;1;0;1;2;-20,30403972;-42,26009805;"SPRF-MG";"DEL06-MG";"UOP03-DEL06-MG"
481620;2022-09-17;"sábado";"10:45:00";"BA";101;193;"CONCEICAO DA FEIRA";"Condutor deixou de manter distância do veículo da frente";"Queda de ocupante de veículo";"Com Vítimas Feridas";"Pleno dia";"Crescente";"Céu Claro";"Simples";"Aclive";"Não";1;0;1;0;0;0;1;1;-12,518;-38,973;"SPRF-BA";"DEL01-BA";"UOP03-DEL01-BA"
481621;2022-10-19;"quarta-feira";"18:30:00";"CE";304;45,9;"ARACATI";"Acessar a via sem observar a presença dos outros veículos";"Colisão transversal";"Com Vítimas Feridas";"Plena Noite";"Crescente";"Ignorado";"Simples";"Retorno Regulamentado";"Sim";2;0;1;0;1;0;1;2;-4,57510003;-37,79823699;"SPRF-CE";"DEL03-CE";"UOP03-DEL03-CE"
481622;2022-10-19;"quarta-feira";"18:35:00";"RN";101;103;"PARNAMIRIM";"Manobra de mudança de faixa";"Colisão lateral mesmo sentido";"Com Vítimas Feridas";"Plena Noite";"Crescente";"Céu Claro";"Múltipla";"Reta";"Sim";2;0;2;0;0;0;2;2;-5,89034022;-35,24894996;"SPRF-RN";"DEL01-RN";"UOP01-DEL01-RN"
481623;2022-10-19;"quarta-feira";"16:30:00";"RJ";393;151;"TRES RIOS";"Reação tardia ou ineficiente do condutor";"Colisão com objeto";"Com Vítimas Feridas";"Pleno dia";"Crescente";"Chuva";"Simples";"Curva";"Não";1;0;1;0;0;0;1;1;-22,06019504;-43,02885795;"SPRF-RJ";"DEL05-RJ";"UOP02-DEL05-RJ"
481624;2022-10-19;"quarta-feira";"16:30:00";"MA";10;248;"IMPERATRIZ";"Acessar a via sem observar a presença dos outros veículos";"Colisão transversal";"Com Vítimas Feridas";"Pleno dia";"Crescente";"Céu Claro";"Múltipla";"Interseção de Vias;Reta";"Sim";3;0;2;0;1;0;2;2;-5,566143;-47,449028;"SPRF-MA";"DEL04-MA";"UOP01-DEL04-MA"
481625;2022-10-19;"quarta-feira";"18:50:00";"PB";230;285;"SANTA LUZIA";"Acessar a via sem observar a presença dos outros veículos";"Colisão transversal";"Com Vítimas Fatais";"Plena Noite";"Crescente";"Céu Claro";"Simples";"Reta";"Não";50;1;0;0;49;0;0;2;-6,9031;-36,872;"SPRF-PB";"DEL03-PB";"UOP01-DEL03-PB"
481626;2022-10-19;"quarta-feira";"17:10:00";"PR";277;595,4;"CASCAVEL";"Ultrapassagem Indevida";"Colisão transversal";"Com Vítimas Feridas";"Pleno dia";"Decrescente";"Sol";"Simples";"Reta";"Sim";3;0;3;0;0;0;3;2;-24,98154632;-53,50141969;"SPRF-PR";"DEL04-PR";"UOP01-DEL04-PR"
481627;2022-10-19;"quarta-feira";"17:50:00";"PR";369;22;"CAMBARA";"Acessar a via sem observar a presença dos outros veículos";"Colisão transversal";"Sem Vítimas";"Pleno dia";"Crescente";"Nublado";"Simples";"Reta";"Não";4;0;0;0;4;0;0;2;-23,04265319;-50,10265231;"SPRF-PR";"DEL07-PR";"UOP05-DEL07-PR"
481628;2022-10-19;"quarta-feira";"17:40:00";"MT";70;643,3;"CACERES";"Demais falhas mecânicas ou elétricas";"Incêndio";"Sem Vítimas";"Anoitecer";"Decrescente";"Céu Claro";"Simples";"Reta";"Não";5;0;0;0;2;3;0;1;-15,94140236;-57,06721997;"SPRF-MT";"DEL03-MT";"UOP02-DEL03-MT"
481629;2022-10-19;"quarta-feira";"18:30:00";"MG";116;526,9;"CARATINGA";"Desrespeitar a preferência no cruzamento";"Colisão transversal";"Com Vítimas Feridas";"Anoitecer";"Decrescente";"Céu Claro";"Dupla";"Retorno Regulamentado";"Sim";3;0;2;0;1;0;2;2;-19,77654011;-42,13327989;"SPRF-MG";"DEL06-MG";"UOP02-DEL06-MG"
481630;2022-10-19;"quarta-feira";"19:00:00";"RJ";101;324;"NITEROI";"Trafegar com motocicleta (ou similar) entre as faixas";"Colisão lateral mesmo sentido";"Com Vítimas Feridas";"Pleno dia";"Crescente";"Nublado";"Dupla";"Reta";"Não";1;0;0;1;0;0;1;1;-22,87381074;-43,12640997;"SPRF-RJ";"DEL02-RJ";"UOP01-DEL02-RJ"
481631;2022-10-19;"quarta-feira";"17:35:00";"MG";381;521,3;"BRUMADINHO";"Pista Escorregadia";"Saída de leito carroçável";"Com Vítimas Feridas";"Anoitecer";"Decrescente";"Chuva";"Dupla";"Curva";"Não";1;0;1;0;0;0;1;1;-20,13846621;-44,31715274;"SPRF-MG";"DEL04-MG";"UOP03-DEL04-MG"
481632;2022-10-19;"quarta-feira";"17:20:00";"RJ";101;334;"RIO DE JANEIRO";"Ausência de reação do condutor";"Colisão traseira";"Com Vítimas Feridas";"Pleno dia";"Crescente";"Céu Claro";"Dupla";"Reta";"Sim";2;0;1;0;1;0;1;2;-22,88517902;-43,21704364;"SPRF-RJ";"DEL02-RJ";"UOP01-DEL02-RJ"
481633;2022-10-19;"quarta-feira";"20:10:00";"GO";40;2,4;"VALPARAISO DE GOIAS";"Pedestre andava na pista";"Atropelamento de Pedestre";"Com Vítimas Feridas";"Plena Noite";"Crescente";"Céu Claro";"Dupla";"Reta";"Sim";2;0;1;0;1;0;1;2;-16,067129;-47,984235;"SPRF-DF";"DEL01-DF";"UOP01-DEL01-DF"
481634;2022-10-19;"quarta-feira";"19:10:00";"SC";282;390;"JOACABA";"Manobra de mudança de faixa";"Colisão lateral mesmo sentido";"Sem Vítimas";"Anoitecer";"Decrescente";"Garoa/Chuvisco";"Simples";"Rotatória";"Não";2;0;0;0;2;0;0;2;-27,175066;-51,550556;"SPRF-SC";"DEL07-SC";"UOP05-DEL07-SC"
481635;2022-10-19;"quarta-feira";"20:26:00";"DF";20;45;"BRASILIA";"Velocidade Incompatível";"Saída de leito carroçável";"Sem Vítimas";"Plena Noite";"Crescente";"Céu Claro";"Dupla";"Reta";"Não";1;0;0;0;0;1;0;1;-15,575328;-47,476139;"SPRF-DF";"DEL02-DF";"UOP01-DEL02-DF"
481636;2022-10-19;"quarta-feira";"16:30:00";"MG";267;170,3;"LIMA DUARTE";"Avarias e/ou desgaste excessivo no pneu";"Saída de leito carroçável";"Com Vítimas Feridas";"Pleno dia";"Decrescente";"Garoa/Chuvisco";"Simples";"Curva";"Não";1;0;1;0;0;0;1;1;-21,8602374;-43,86760592;"SPRF-MG";"DEL05-MG";"UOP01-DEL05-MG"
481639;2022-10-19;"quarta-feira";"20:20:00";"MG";251;486,7;"FRANCISCO SA";"Ausência de reação do condutor";"Colisão traseira";"Com Vítimas Fatais";"Plena Noite";"Crescente";"Céu Claro";"Simples";"Reta";"Não";2;1;0;0;1;0;0;2;-16,51237466;-43,55209223;"SPRF-MG";"DEL12-MG";"UOP01-DEL12-MG"
481640;2022-10-19;"quarta-feira";"19:45:00";"PA";163;989;"SANTAREM";"Acostamento em desnível";"Tombamento";"Com Vítimas Feridas";"Plena Noite";"Crescente";"Céu Claro";"Simples";"Reta";"Não";1;0;1;0;0;0;1;1;-2,565797;-54,721375;"SPRF-PA";"DEL05-PA";"UOP01-DEL05-PA"
481642;2022-10-19;"quarta-feira";"17:30:00";"MT";163;688;"LUCAS DO RIO VERDE";"Acesso irregular";"Colisão transversal";"Com Vítimas Feridas";"Anoitecer";"Decrescente";"Nublado";"Dupla";"Reta";"Sim";2;0;1;0;1;0;1;2;-13,069227;-55,927148;"SPRF-MT";"DEL06-MT";"UOP02-DEL06-MT"
481643;2022-10-19;"quarta-feira";"19:20:00";"PR";376;525,3;"PONTA GROSSA";"Ingestão de álcool pelo condutor";"Colisão com objeto";"Sem Vítimas";"Plena Noite";"Crescente";"Céu Claro";"Dupla";"Aclive";"Não";1;0;0;0;1;0;0;1;-25,272172;-49,931148;"SPRF-PR";"DEL03-PR";"UOP04-DEL03-PR"
481644;2022-10-19;"quarta-feira";"19:10:00";"AL";316;87;"SANTANA DO IPANEMA";"Animais na Pista";"Atropelamento de Animal";"Com Vítimas Feridas";"Plena Noite";"Crescente";"Céu Claro";"Simples";"Declive";"Não";1;0;1;0;0;0;1;1;-9,37623216;-37,22677605;"SPRF-AL";"DEL03-AL";"UOP02-DEL03-AL"
481647;2022-10-19;"quarta-feira";"18:10:00";"RJ";493;52;"DUQUE DE CAXIAS";"Mal súbito do condutor";"Saída de leito carroçável";"Com Vítimas Feridas";"Plena Noite";"Crescente";"Céu Claro";"Dupla";"Aclive";"Não";1;0;1;0;0;0;1;1;-22,66561445;-43,33018296;"SPRF-RJ";"DEL01-RJ";"UOP01-DEL01-RJ"
481650;2022-10-19;"quarta-feira";"20:30:00";"SP";116;152;"SAO JOSE DOS CAMPOS";"Condutor deixou de manter distância do veículo da frente";"Colisão traseira";"Com Vítimas Feridas";"Plena Noite";"Decrescente";"Céu Claro";"Dupla";"Reta";"Sim";2;0;1;0;1;0;1;2;-23,22620401;-45,90682999;"SPRF-SP";"DEL02-SP";"UOP01-DEL02-SP"