"id";"data_inversa";"dia_semana";"horario";"uf";"br";"km";"municipio";"causa_acidente";"tipo_acidente";"classificacao_acidente";"fase_dia";"sentido_via";"condicao_metereologica";"tipo_pista";"tracado_via";"uso_solo";"pessoas";"mortos";"feridos_leves";"feridos_graves";"ilesos";"ignorados";"feridos";"veiculos";"latitude";"longitude";"regional";"delegacia";"uop"
481651;2022-10-19;"quarta-feira";"20:55:00";"BA";324;513;"FEIRA DE SANTANA";"Retorno proibido";"Colisão transversal";"Com Vítimas Feridas";"Plena Noite";"Decrescente";"Céu Claro";"Simples";"Interseção de Vias";"Sim";3;0;0;2;1;0;2;2;-12,23098007;-38,96101401;"SPRF-BA";"DEL02-BA";"UOP01-DEL02-BA"
481652;2022-10-19;"quarta-feira";"19:50:00";"MS";163;578,8;"BANDEIRANTES";"Ausência de reação do condutor";"Colisão com objeto";"Sem Vítimas";"Plena Noite";"Crescente";"Céu Claro";"Simples";"Reta";"Não";1;0;0;0;1;0;0;1;-19,65275019;-54,35743825;"SPRF-MS";"DEL06-MS";"UOP02-DEL06-MS"
481653;2022-10-19;"quarta-feira";"22:00:00";"PR";277;42;"MORRETES";"Velocidade Incompatível";"Colisão com objeto";"Com Vítimas Feridas";"Plena Noite";"Decrescente";"Nevoeiro/Neblina";"Dupla";"Curva";"Não";5;0;2;0;3;0;2;1;-25,57361239;-48,84469597;"SPRF-PR";"DEL01-PR";"UOP01-DEL01-PR"
481655;2022-10-15;"sábado";"09:50:00";"PR";376;437;"TIBAGI";"Pista Escorregadia";"Colisão com objeto";"Sem Vítimas";"Pleno dia";"Decrescente";"Garoa/Chuvisco";"Dupla";"Curva";"Não";3;0;0;0;3;0;0;1;-24,78734819;-50,50703645;"SPRF-PR";"DEL03-PR";"UOP02-DEL03-PR"
481656;2022-10-19;"quarta-feira";"21:30:00";"PE";232;55;"POMBOS";"Acessar a via sem observar a presença dos outros veículos";"Colisão traseira";"Com Vítimas Feridas";"Plena Noite";"Decrescente";"Céu Claro";"Dupla";"Reta";"Não";3;0;0;2;1;0;2;2;-8,13255758;-35,36570027;"SPRF-PE";"DEL02-PE";"UOP02-DEL02PE"
481657;2022-10-19;"quarta-feira";"20:30:00";"PR";369;152;"LONDRINA";"Pedestre andava na pista";"Atropelamento de Pedestre";"Com Vítimas Fatais";"Plena Noite";"Crescente";"Céu Claro";"Dupla";"Reta";"Sim";4;1;0;0;3;0;0;2;-23,29267772;-51,17734194;"SPRF-PR";"DEL07-PR";"UOP01-DEL07-PR"
481658;2022-10-19;"quarta-feira";"21:00:00";"RJ";101;410;"ITAGUAI";"Pedestre andava na pista";"Atropelamento de Pedestre";"Com Vítimas Fatais";"Plena Noite";"Decrescente";"Nublado";"Dupla";"Reta";"Não";5;1;0;0;4;0;0;3;-22,8943513;-43,8465717;"SPRF-RJ";"DEL03-RJ";"UOP01-DEL03-RJ"
481660;2022-10-19;"quarta-feira";"19:00:00";"MS";163;33;"ELDORADO";"Transitar na contramão";"Colisão lateral sentido oposto";"Sem Vítimas";"Plena Noite";"Decrescente";"Céu Claro";"Simples";"Reta";"Não";2;0;0;0;1;1;0;2;-23,82419598;-54,33068308;"SPRF-MS";"DEL09-MS";"UOP02-DEL09-MS"
481661;2022-10-19;"quarta-feira";"23:00:00";"RS";116;266;"CANOAS";"Desrespeitar a preferência no cruzamento";"Colisão lateral mesmo sentido";"Com Vítimas Feridas";"Plena Noite";"Crescente";"Céu Claro";"Dupla";"Interseção de Vias";"Sim";2;0;1;0;1;0;1;2;-29,93242399;-51,17742077;"SPRF-RS";"DEL01-RS";"UOP01-DEL01-RS"
481662;2022-10-19;"quarta-feira";"22:45:00";"PR";277;65;"SAO JOSE DOS PINHAIS";"Ausência de reação do condutor";"Atropelamento de Pedestre";"Com Vítimas Feridas";"Plena Noite";"Crescente";"Céu Claro";"Dupla";"Reta";"Sim";2;0;1;0;1;0;1;2;-25,5530337;-49,03504085;"SPRF-PR";"DEL01-PR";"UOP01-DEL01-PR"
481663;2022-10-19;"quarta-feira";"23:10:00";"SC";101;135;"BALNEARIO CAMBORIU";"Demais falhas mecânicas ou elétricas";"Queda de ocupante de veículo";"Com Vítimas Feridas";"Plena Noite";"Crescente";"Céu Claro";"Dupla";"Reta";"Sim";2;0;1;0;1;0;1;1;-27,0050108;-48,62677494;"SPRF-SC";"DEL04-SC";"UOP03-DEL04-SC"
481666;2022-10-19;"quarta-feira";"22:15:00";"RJ";101;319,3;"NITEROI";"Ausência de reação do condutor";"Colisão traseira";"Com Vítimas Feridas";"Plena Noite";"Decrescente";"Nublado";"Dupla";"Curva";"Sim";2;0;1;0;1;0;1;2;-22,85411774;-43,1018014;"SPRF-RJ";"DEL02-RJ";"UOP01-DEL02-RJ"
481667;2022-06-23;"quinta-feira";"07:40:00";"PR";376;184;"SARANDI";"Reação tardia ou ineficiente do condutor";"Colisão traseira";"Com Vítimas Feridas";"Pleno dia";"Decrescente";"Céu Claro";"Múltipla";"Reta;Declive";"Sim";2;0;0;1;1;0;1;2;-23,4465611;-51,86216706;"SPRF-PR";"DEL09-PR";"UOP01-DEL09-PR"
481668;2022-10-19;"quarta-feira";"23:10:00";"PR";116;93;"SAO JOSE DOS PINHAIS";"Entrada inopinada do pedestre";"Atropelamento de Pedestre";"Com Vítimas Feridas";"Plena Noite";"Decrescente";"Nublado";"Simples";"Curva";"Não";2;0;1;0;1;0;1;2;-25,51087965;-49,1258812;"SPRF-PR";"DEL01-PR";"UOP07-DEL01-PR"
481669;2022-10-19;"quarta-feira";"21:50:00";"PR";369;185;"ARAPONGAS";"Conversão proibida";"Colisão transversal";"Com Vítimas Feridas";"Plena Noite";"Decrescente";"Céu Claro";"Simples";"Interseção de Vias;Reta";"Sim";4;0;2;0;2;0;2;2;-23,40319;-51,42804;"SPRF-PR";"DEL07-PR";"UOP03-DEL07-PR"
481670;2022-10-19;"quarta-feira";"19:20:00";"RJ";40;122;"DUQUE DE CAXIAS";"Manobra de mudança de faixa";"Colisão lateral mesmo sentido";"Com Vítimas Feridas";"Plena Noite";"Crescente";"Nublado";"Dupla";"Reta";"Sim";3;0;1;0;0;2;1;2;-22,79083113;-43,28611569;"SPRF-RJ";"DEL01-RJ";"UOP01-DEL01-RJ"
481671;2022-10-19;"quarta-feira";"22:35:00";"RO";364;235,3;"CACOAL";"Manobra de mudança de faixa";"Tombamento";"Com Vítimas Feridas";"Plena Noite";"Decrescente";"Céu Claro";"Dupla";"Reta";"Sim";2;0;1;0;1;0;1;2;-11,44587672;-61,43784993;"SPRF-RO";"DEL02-RO";"UOP02-DEL02-RO"
481673;2022-10-19;"quarta-feira";"19:30:00";"AP";156;230;"MACAPA";"Restrição de visibilidade em curvas horizontais";"Saída de leito carroçável";"Sem Vítimas";"Plena Noite";"Crescente";"Céu Claro";"Simples";"Ponte";"Não";2;0;0;0;2;0;0;1;0,2028299;-51,116314;"SPRF-AP";"DEL01-AP";"UOP01-DEL01-AP"
481674;2022-10-20;"quinta-feira";"00:25:00";"SC";470;134,8;"RIO DO SUL";"Acumulo de areia ou detritos sobre o pavimento";"Tombamento";"Com Vítimas Feridas";"Plena Noite";"Decrescente";"Nublado";"Simples";"Rotatória";"Não";1;0;1;0;0;0;1;1;-27,17849924;-49,59455431;"SPRF-SC";"DEL04-SC";"UOP02-DEL04-SC"
481675;2022-10-20;"quinta-feira";"00:00:00";"PR";376;165;"MARINGA";"Manobra de mudança de faixa";"Queda de ocupante de veículo";"Com Vítimas Feridas";"Plena Noite";"Crescente";"Céu Claro";"Dupla";"Reta;Declive";"Não";1;0;1;0;0;0;1;1;-23,39038641;-52,01421918;"SPRF-PR";"DEL09-PR";"UOP01-DEL09-PR"
481676;2022-10-20;"quinta-feira";"00:45:00";"RJ";101;297;"ITABORAI";"Ausência de reação do condutor";"Queda de ocupante de veículo";"Com Vítimas Feridas";"Plena Noite";"Crescente";"Céu Claro";"Simples";"Curva";"Sim";1;0;1;0;0;0;1;1;-22,76942037;-42,91873581;"SPRF-RJ";"DEL02-RJ";"UOP02-DEL02-RJ"
481677;2022-10-20;"quinta-feira";"00:05:00";"GO";153;501;"GOIANIA";"Ingestão de álcool pelo condutor";"Queda de ocupante de veículo";"Sem Vítimas";"Plena Noite";"Crescente";"Céu Claro";"Dupla";"Viaduto";"Sim";1;0;0;0;1;0;0;1;-16,7189;-49,2382;"SPRF-GO";"DEL01-GO";"UOP01-DEL01-GO"
481679;2022-08-20;"sábado";"03:50:00";"SC";101;311,4;"LAGUNA";"Desrespeitar a preferência no cruzamento";"Colisão frontal";"Com Vítimas Fatais";"Plena Noite";"Crescente";"Céu Claro";"Simples";"Interseção de Vias;Reta";"Sim";3;1;2;0;0;0;2;2;-28,44070439;-48,81804943;"SPRF-SC";"DEL02-SC";"UOP01-DEL02-SC"
481684;2022-10-19;"quarta-feira";"22:10:00";"SC";101;253;"PAULO LOPES";"Acessar a via sem observar a presença dos outros veículos";"Atropelamento de Pedestre";"Com Vítimas Feridas";"Plena Noite";"Crescente";"Céu Claro";"Dupla";"Reta";"Sim";2;0;1;0;1;0;1;2;-27,96492999;-48,67962057;"SPRF-SC";"DEL02-SC";"UOP03-DEL02-SC"
481685;2022-10-20;"quinta-feira";"04:00:00";"PR";376;177;"MARINGA";"Ingestão de álcool pelo condutor";"Colisão traseira";"Sem Vítimas";"Plena Noite";"Decrescente";"Céu Claro";"Dupla";"Interseção de Vias";"Sim";2;0;0;0;2;0;0;2;-23,41595855;-51,92226484;"SPRF-PR";"DEL09-PR";"UOP01-DEL09-PR"
481686;2022-10-20;"quinta-feira";"04:30:00";"PR";476;142;"CURITIBA";"Acessar a via sem observar a presença dos outros veículos";"Colisão transversal";"Com Vítimas Feridas";"Plena Noite";"Crescente";"Chuva";"Dupla";"Interseção de Vias;Curva";"Sim";2;0;0;1;0;1;1;2;-25,539879;-49,302422;"SPRF-PR";"DEL01-PR";"UOP03-DEL01-PR"
481689;2022-10-20;"quinta-feira";"05:30:00";"GO";60;127;"GOIANAPOLIS";"Velocidade Incompatível";"Capotamento";"Sem Vítimas";"Amanhecer";"Decrescente";"Céu Claro";"Dupla";"Curva";"Não";1;0;0;0;1;0;0;1;-16,5412;-49,1495;"SPRF-GO";"DEL01-GO";"UOP01-DEL01-GO"
481690;2022-10-20;"quinta-feira";"04:45:00";"PR";376;653;"TIJUCAS DO SUL";"Avarias e/ou desgaste excessivo no pneu";"Saída de leito carroçável";"Com Vítimas Feridas";"Plena Noite";"Decrescente";"Chuva";"Dupla";"Curva";"Não";1;0;1;0;0;0;1;1;-25,84145787;-49,0486443;"SPRF-PR";"DEL01-PR";"UOP04-DEL01-PR"
481691;2022-10-20;"quinta-feira";"06:00:00";"RS";386;356,9;"ESTRELA";"Reação tardia ou ineficiente do condutor";"Saída de leito carroçável";"Com Vítimas Feridas";"Amanhecer";"Crescente";"Nublado";"Dupla";"Reta;Aclive";"Não";1;0;1;0;0;0;1;1;-29,52939903;-51,92726981;"SPRF-RS";"DEL04-RS";"UOP02-DEL04-RS"
481692;2022-10-20;"quinta-feira";"06:05:00";"PR";467;90,9;"CASCAVEL";"Acumulo de água sobre o pavimento";"Tombamento";"Com Vítimas Feridas";"Amanhecer";"Crescente";"Chuva";"Dupla";"Reta;Declive";"Não";1;0;1;0;0;0;1;1;-24,8439;-53,6077;"SPRF-PR";"DEL04-PR";"UOP01-DEL04-PR"
481694;2022-10-20;"quinta-feira";"02:10:00";"MG";262;50,8;"MANHUACU";"Velocidade Incompatível";"Colisão com objeto";"Sem Vítimas";"Plena Noite";"Decrescente";"Nublado";"Simples";"Rotatória";"Não";1;0;0;0;1;0;0;1;-20,2428055;-42,13652397;"SPRF-MG";"DEL06-MG";"UOP03-DEL06-MG"
481695;2022-10-20;"quinta-feira";"06:25:00";"MG";262;31,8;"MANHUACU";"Reação tardia ou ineficiente do condutor";"Colisão frontal";"Com Vítimas Feridas";"Pleno dia";"Crescente";"Céu Claro";"Simples";"Curva";"Não";7;0;6;1;0;0;7;2;-20,25556389;-41,99814902;"SPRF-MG";"DEL06-MG";"UOP03-DEL06-MG"
481697;2022-10-20;"quinta-feira";"07:00:00";"RS";290;92;"PORTO ALEGRE";"Demais falhas mecânicas ou elétricas";"Eventos atípicos";"Com Vítimas Feridas";"Pleno dia";"Crescente";"Garoa/Chuvisco";"Simples";"Reta";"Sim";2;0;1;0;1;0;1;1;-29,971916;-51,176838;"SPRF-RS";"DEL01-RS";"UOP01-DEL01-RS"
481698;2022-10-20;"quinta-feira";"06:40:00";"PR";163;254;"TOLEDO";"Acumulo de água sobre o pavimento";"Saída de leito carroçável";"Com Vítimas Feridas";"Amanhecer";"Decrescente";"Chuva";"Dupla";"Curva";"Não";3;0;3;0;0;0;3;1;-24,6887364;-53,76846121;"SPRF-PR";"DEL06-PR";"UOP02-DEL06-PR"
481703;2022-10-20;"quinta-feira";"08:05:00";"SC";101;116,5;"ITAJAI";"Condutor deixou de manter distância do veículo da frente";"Engavetamento";"Com Vítimas Feridas";"Pleno dia";"Crescente";"Chuva";"Dupla";"Reta";"Não";5;0;1;0;3;1;1;4;-26,87905605;-48,72603512;"SPRF-SC";"DEL04-SC";"UOP04-DEL04-SC"
481704;2022-10-20;"quinta-feira";"05:30:00";"MT";70;329;"DOM AQUINO";"Animais na Pista";"Capotamento";"Com Vítimas Feridas";"Amanhecer";"Crescente";"Sol";"Simples";"Reta";"Não";1;0;1;0;0;0;1;1;-15,5186109;-54,740378;"SPRF-MT";"DEL05-MT";"UOP01-DEL05-MT"
481705;2022-10-20;"quinta-feira";"03:00:00";"PI";407;425;"PICOS";"Ingestão de substâncias psicoativas pelo condutor";"Queda de ocupante de veículo";"Com Vítimas Feridas";"Plena Noite";"Crescente";"Céu Claro";"Dupla";"Reta";"Não";1;0;0;1;0;0;1;1;-7,094478;-41,423126;"SPRF-PI";"DEL04-PI";"UOP01-DEL04-PI"
481706;2022-10-20;"quinta-feira";"08:30:00";"RJ";101;63;"CAMPOS DOS GOYTACAZES";"Pedestre cruzava a pista fora da faixa";"Colisão lateral mesmo sentido";"Com Vítimas Feridas";"Pleno dia";"Crescente";"Céu Claro";"Dupla";"Declive";"Sim";3;0;1;0;2;0;1;2;-21,742022;-41,33021;"SPRF-RJ";"DEL08-RJ";"UOP01-DEL08-RJ"
481709;2022-10-20;"quinta-feira";"08:30:00";"PB";101;15;"MAMANGUAPE";"Acessar a via sem observar a presença dos outros veículos";"Colisão transversal";"Com Vítimas Feridas";"Pleno dia";"Decrescente";"Céu Claro";"Dupla";"Reta";"Não";2;0;1;0;1;0;1;2;-6,62207781;-35,13047486;"SPRF-PB";"DEL01-PB";"UOP04-DEL01-PB"
481710;2022-10-20;"quinta-feira";"07:40:00";"RJ";116;205;"SEROPEDICA";"Pista esburacada";"Queda de ocupante de veículo";"Com Vítimas Feridas";"Pleno dia";"Crescente";"Céu Claro";"Simples";"Curva";"Não";1;0;1;0;0;0;1;1;-22,71589025;-43,70461009;"SPRF-RJ";"DEL01-RJ";"UOP03-DEL01-RJ"
481711;2022-10-20;"quinta-feira";"07:45:00";"PE";407;126,5;"PETROLINA";"Conversão proibida";"Colisão transversal";"Com Vítimas Feridas";"Pleno dia";"Crescente";"Céu Claro";"Simples";"Reta";"Sim";2;0;1;0;1;0;1;2;-9,38928608;-40,52381787;"SPRF-PE";"DEL06-PE";"UOP01-DEL06-PE"
481713;2022-10-20;"quinta-feira";"07:10:00";"DF";80;25;"BRASILIA";"Manobra de mudança de faixa";"Colisão transversal";"Com Vítimas Feridas";"Amanhecer";"Decrescente";"Céu Claro";"Dupla";"Reta";"Sim";2;0;1;0;1;0;1;2;-15,62121;-48,198963;"SPRF-DF";"DEL03-DF";"UOP02-DEL03-DF"
481714;2022-10-20;"quinta-feira";"05:25:00";"RJ";493;50;"DUQUE DE CAXIAS";"Reação tardia ou ineficiente do condutor";"Colisão traseira";"Com Vítimas Feridas";"Amanhecer";"Decrescente";"Nevoeiro/Neblina";"Dupla";"Reta;Desvio Temporário";"Não";3;0;1;0;2;0;1;2;-22,672089;-43,285053;"SPRF-RJ";"DEL01-RJ";"UOP01-DEL01-RJ"
481716;2022-09-18;"domingo";"22:38:00";"PR";116;122,7;"CURITIBA";"Acessar a via sem observar a presença dos outros veículos";"Colisão lateral mesmo sentido";"Com Vítimas Feridas";"Plena Noite";"Crescente";"Nublado";"Dupla";"Reta";"Não";3;0;0;1;2;0;1;2;-25,57579553;-49,31196863;"SPRF-PR";"DEL01-PR";"UOP03-DEL01-PR"
481717;2022-10-20;"quinta-feira";"08:45:00";"PR";277;651,7;"MATELANDIA";"Chuva";"Colisão frontal";"Com Vítimas Feridas";"Pleno dia";"Decrescente";"Granizo";"Simples";"Reta";"Sim";3;0;2;0;1;0;2;2;-25,1974441;-53,94341989;"SPRF-PR";"DEL05-PR";"UOP02-DEL05-PR"
481718;2022-10-20;"quinta-feira";"08:40:00";"PR";277;1;"PARANAGUA";"Acessar a via sem observar a presença dos outros veículos";"Colisão lateral mesmo sentido";"Com Vítimas Feridas";"Pleno dia";"Crescente";"Garoa/Chuvisco";"Dupla";"Rotatória";"Sim";3;0;2;0;1;0;2;2;-25,51483698;-48,52225006;"SPRF-PR";"DEL01-PR";"UOP05-DEL01-PR"
481719;2022-10-20;"quinta-feira";"08:10:00";"SC";101;214;"PALHOCA";"Condutor deixou de manter distância do veículo da frente";"Colisão lateral mesmo sentido";"Com Vítimas Feridas";"Pleno dia";"Crescente";"Céu Claro";"Dupla";"Reta";"Sim";2;0;1;0;1;0;1;2;-27,64443;-48,67057;"SPRF-SC";"DEL01-SC";"UOP02-DEL01-SC"
481722;2022-10-20;"quinta-feira";"09:00:00";"ES";101;268,5;"SERRA";"Ausência de reação do condutor";"Colisão transversal";"Com Vítimas Feridas";"Pleno dia";"Crescente";"Céu Claro";"Dupla";"Reta";"Não";2;0;1;0;1;0;1;2;-20,20842;-40,269405;"SPRF-ES";"DEL02-ES";"UOP01-DEL02-ES"
481723;2022-04-19;"terça-feira";"18:10:00";"ES";101;304,3;"VIANA";"Reação tardia ou ineficiente do condutor";"Atropelamento de Pedestre";"Com Vítimas Feridas";"Plena Noite";"Decrescente";"Céu Claro";"Dupla";"Reta";"Sim";2;0;1;0;0;1;1;2;-20,38298335;-40,4592384;"SPRF-ES";"DEL01-ES";"UOP01-DEL01-ES"
481724;2022-10-20;"quinta-feira";"08:20:00";"SP";116;135,5;"SAO JOSE DOS CAMPOS";"Manobra de mudança de faixa";"Tombamento";"Com Vítimas Feridas";"Pleno dia";"Decrescente";"Céu Claro";"Dupla";"Reta";"Não";1;0;1;0;0;0;1;1;-23,2435504;-45,9372548;"SPRF-SP";"DEL02-SP";"UOP01-DEL02-SP"
481725;2022-10-20;"quinta-feira";"09:00:00";"SP";116;280;"EMBU DAS ARTES";"Trafegar com motocicleta (ou similar) entre as faixas";"Colisão transversal";"Com Vítimas Feridas";"Pleno dia";"Crescente";"Céu Claro";"Dupla";"Reta";"Não";3;0;2;0;1;0;2;2;-23,66996108;-46,85590758;"SPRF-SP";"DEL04-SP";"UOP01-DEL04-SP"
481728;2022-10-20;"quinta-feira";"09:20:00";"PA";316;61;"CASTANHAL";"Acessar a via sem observar a presença dos outros veículos";"Colisão transversal";"Com Vítimas Feridas";"Pleno dia";"Decrescente";"Céu Claro";"Dupla";"Reta";"Sim";3;0;1;1;1;0;2;2;-1,29686015;-47,94639002;"SPRF-PA";"DEL01-PA";"UOP01-DEL01-PA"
481729;2022-10-20;"quinta-feira";"08:40:00";"RJ";101;268,5;"RIO BONITO";"Reação tardia ou ineficiente do condutor";"Colisão lateral mesmo sentido";"Com Vítimas Feridas";"Pleno dia";"Decrescente";"Sol";"Dupla";"Reta";"Sim";3;0;1;0;2;0;1;2;-22,7112997;-42,66922613;"SPRF-RJ";"DEL02-RJ";"UOP03-DEL02-RJ"
481731;2022-10-20;"quinta-feira";"10:15:00";"PR";153;41,5;"SANTO ANTONIO DA PLATINA";"Transitar no acostamento";"Colisão transversal";"Com Vítimas Feridas";"Pleno dia";"Crescente";"Céu Claro";"Simples";"Reta";"Sim";2;0;0;1;1;0;1;2;-23,287931;-50,059216;"SPRF-PR";"DEL07-PR";"UOP04-DEL07-PR"
481732;2022-09-02;"sexta-feira";"16:40:00";"RJ";393;167;"TRES RIOS";"Conversão proibida";"Colisão transversal";"Com Vítimas Feridas";"Pleno dia";"Crescente";"Céu Claro";"Simples";"Reta";"Sim";2;0;0;1;0;1;1;2;-22,12236191;-43,13976623;"SPRF-RJ";"DEL05-RJ";"UOP02-DEL05-RJ"
481734;2022-10-12;"quarta-feira";"16:35:00";"GO";153;495;"GOIANIA";"Manobra de mudança de faixa";"Tombamento";"Com Vítimas Feridas";"Pleno dia";"Crescente";"Céu Claro";"Dupla";"Aclive";"Sim";4;0;3;0;1;0;3;4;-16,6681;-49,2263;"SPRF-GO";"DEL01-GO";"UOP01-DEL01-GO"
481736;2022-10-20;"quinta-feira";"07:30:00";"SP";116;282,3;"ITAPECERICA DA SERRA";"Ausência de reação do condutor";"Colisão lateral sentido oposto";"Com Vítimas Feridas";"Pleno dia";"Crescente";"Céu Claro";"Dupla";"Reta";"Não";2;0;1;0;1;0;1;2;-23,68570216;-46,85970975;"SPRF-SP";"DEL04-SP";"UOP01-DEL04-SP"
481737;2022-07-25;"segunda-feira";"06:30:00";"MG";116;375,5;"MATHIAS LOBATO";"Acessar a via sem observar a presença dos outros veículos";"Tombamento";"Com Vítimas Feridas";"Pleno dia";"Crescente";"Ignorado";"Simples";"Reta";"Sim";1;0;0;1;0;0;1;1;-18,5756247;-41,91527456;"SPRF-MG";"DEL06-MG";"UOP01-DEL06-MG"
481738;2022-10-20;"quinta-feira";"11:00:00";"RS";472;130;"TRES DE MAIO";"Velocidade Incompatível";"Saída de leito carroçável";"Com Vítimas Fatais";"Pleno dia";"Decrescente";"Chuva";"Simples";"Reta";"Não";1;1;0;0;0;0;0;1;-27,74498243;-54,21974689;"SPRF-RS";"DEL10-RS";"UOP01-DEL10-RS"
481743;2022-09-13;"terça-feira";"07:02:00";"BA";116;419;"FEIRA DE SANTANA";"Entrada inopinada do pedestre";"Atropelamento de Pedestre";"Com Vítimas Feridas";"Pleno dia";"Crescente";"Céu Claro";"Dupla";"Reta";"Sim";2;0;0;1;1;0;1;2;-12,194529;-38,965336;"SPRF-BA";"DEL02-BA";"UOP01-DEL02-BA"
481745;2022-10-10;"segunda-feira";"15:00:00";"PR";277;336;"GUARAPUAVA";"Demais falhas mecânicas ou elétricas";"Saída de leito carroçável";"Com Vítimas Feridas";"Pleno dia";"Crescente";"Garoa/Chuvisco";"Dupla";"Curva";"Não";1;0;1;0;0;0;1;1;-25,35620267;-51,36067277;"SPRF-PR";"DEL08-PR";"UOP01-DEL08-PR"
481746;2022-10-20;"quinta-feira";"12:30:00";"SC";280;116;"SAO BENTO DO SUL";"Reação tardia ou ineficiente do condutor";"Saída de leito carroçável";"Sem Vítimas";"Pleno dia";"Crescente";"Nublado";"Simples";"Curva";"Não";1;0;0;0;0;1;0;1;-26,2808956;-49,4169527;"SPRF-SC";"DEL06-SC";"UOP03-DEL06-SC"
481749;2022-10-19;"quarta-feira";"15:10:00";"BA";101;209;"GOVERNADOR MANGABEIRA";"Acessar a via sem observar a presença dos outros veículos";"Colisão transversal";"Com Vítimas Feridas";"Pleno dia";"Decrescente";"Céu Claro";"Dupla";"Interseção de Vias";"Sim";2;0;1;0;1;0;1;2;-12,59709752;-39,04108828;"SPRF-BA";"DEL01-BA";"UOP02-DEL01-BA"
481750;2022-10-20;"quinta-feira";"09:15:00";"RS";392;124;"CANGUCU";"Ausência de reação do condutor";"Colisão traseira";"Com Vítimas Feridas";"Pleno dia";"Crescente";"Céu Claro";"Simples";"Reta";"Não";2;0;1;0;1;0;1;2;-31,37221773;-52,71941575;"SPRF-RS";"DEL07-RS";"UOP01-DEL07-RS"
481751;2022-10-20;"quinta-feira";"13:01:00";"PE";408;94;"SAO LOURENCO DA MATA";"Acessar a via sem observar a presença dos outros veículos";"Colisão traseira";"Com Vítimas Feridas";"Pleno dia";"Decrescente";"Céu Claro";"Dupla";"Reta";"Não";2;0;1;0;1;0;1;2;-8,00448211;-35,04643006;"SPRF-PE";"DEL01-PE";"UOP01-DEL01-PE"
481753;2022-10-20;"quinta-feira";"13:30:00";"GO";153;514,3;"APARECIDA DE GOIANIA";"Desrespeitar a preferência no cruzamento";"Colisão transversal";"Com Vítimas Feridas";"Pleno dia";"Decrescente";"Garoa/Chuvisco";"Dupla";"Reta;Aclive;Interseção de Vias";"Sim";1;0;1;0;0;0;1;1;-16,826898;-49,242227;"SPRF-GO";"DEL01-GO";"UOP03-DEL01-GO"
481755;2022-09-27;"terça-feira";"12:50:00";"SC";470;162;"TROMBUDO CENTRAL";"Transitar na contramão";"Colisão frontal";"Com Vítimas Feridas";"Pleno dia";"Decrescente";"Sol";"Simples";"Reta";"Não";2;0;2;0;0;0;2;2;-27,282606;-49,817101;"SPRF-SC";"DEL04-SC";"UOP02-DEL04-SC"
481757;2022-10-20;"quinta-feira";"13:30:00";"SC";280;58,6;"GUARAMIRIM";"Reação tardia ou ineficiente do condutor";"Atropelamento de Pedestre";"Com Vítimas Feridas";"Pleno dia";"Crescente";"Nublado";"Simples";"Curva";"Sim";2;0;2;0;0;0;2;2;-26,47415593;-49,021211;"SPRF-SC";"DEL03-SC";"UOP03-DEL03-SC"
481758;2022-10-20;"quinta-feira";"12:50:00";"SC";101;98;"BALNEARIO PICARRAS";"Avarias e/ou desgaste excessivo no pneu";"Queda de ocupante de veículo";"Com Vítimas Feridas";"Pleno dia";"Crescente";"Nublado";"Múltipla";"Reta";"Não";2;0;1;0;1;0;1;1;-26,73760897;-48,69918789;"SPRF-SC";"DEL03-SC";"UOP02-DEL03-SC"
481761;2022-10-20;"quinta-feira";"08:59:00";"SC";101;57,6;"ARAQUARI";"Velocidade Incompatível";"Colisão com objeto";"Com Vítimas Feridas";"Pleno dia";"Decrescente";"Nublado";"Dupla";"Reta";"Não";1;0;1;0;0;0;1;1;-26,43794055;-48,804515;"SPRF-SC";"DEL03-SC";"UOP01-DEL03-SC"
481763;2022-09-26;"segunda-feira";"09:30:00";"SP";116;63,9;"GUARATINGUETA";"Manobra de mudança de faixa";"Colisão lateral mesmo sentido";"Com Vítimas Feridas";"Pleno dia";"Crescente";"Chuva";"Dupla";"Curva";"Sim";2;0;1;0;1;0;1;2;-22,81920612;-45,18375616;"SPRF-SP";"DEL08-SP";"UOP01-DEL08-SP"
481764;2022-10-20;"quinta-feira";"14:05:00";"TO";153;334;"GUARAI";"Reação tardia ou ineficiente do condutor";"Colisão transversal";"Sem Vítimas";"Pleno dia";"Crescente";"Céu Claro";"Dupla";"Reta";"Sim";2;0;0;0;2;0;0;2;-8,835718;-48,512123;"SPRF-TO";"DEL02-TO";"UOP02-DEL02-TO"
481765;2022-09-15;"quinta-feira";"17:48:00";"PR";158;535;"PATO BRANCO";"Ultrapassagem Indevida";"Colisão lateral mesmo sentido";"Com Vítimas Feridas";"Pleno dia";"Crescente";"Céu Claro";"Simples";"Reta";"Sim";1;0;1;0;0;0;1;1;-26,23943135;-52,69473195;"SPRF-PR";"DEL02-PR";"UOP01-DEL02-PR"
481766;2022-10-20;"quinta-feira";"13:20:00";"RN";304;47,8;"MOSSORO";"Acessar a via sem observar a presença dos outros veículos";"Colisão transversal";"Com Vítimas Feridas";"Pleno dia";"Crescente";"Céu Claro";"Múltipla";"Reta";"Sim";2;0;0;1;1;0;1;2;-5,22597224;-37,33086797;"SPRF-RN";"DEL04-RN";"UOP01-DEL04-RN"