"id";"data_inversa";"dia_semana";"horario";"uf";"br";"km";"municipio";"causa_acidente";"tipo_acidente";"classificacao_acidente";"fase_dia";"sentido_via";"condicao_metereologica";"tipo_pista";"tracado_via";"uso_solo";"pessoas";"mortos";"feridos_leves";"feridos_graves";"ilesos";"ignorados";"feridos";"veiculos";"latitude";"longitude";"regional";"delegacia";"uop"
481885;2022-10-21;"sexta-feira";"02:30:00";"MG";116;511,3;"UBAPORANGA";"Acessar a via sem observar a presença dos outros veículos";"Colisão frontal";"Com Vítimas Feridas";"Plena Noite";"Crescente";"Céu Claro";"Simples";"Reta";"Não";2;0;0;1;1;0;1;2;-19,65371791;-42,11137522;"SPRF-MG";"DEL06-MG";"UOP02-DEL06-MG"
481889;2022-10-21;"sexta-feira";"04:00:00";"MG";381;439;"SABARA";"Ausência de reação do condutor";"Colisão com objeto";"Com Vítimas Feridas";"Plena Noite";"Crescente";"Céu Claro";"Simples";"Reta";"Não";2;0;0;2;0;0;2;2;-19,80927691;-43,78706001;"SPRF-MG";"DEL01-MG";"UOP01-DEL01-MG"
481892;2022-10-21;"sexta-feira";"06:35:00";"ES";101;331;"GUARAPARI";"Reação tardia ou ineficiente do condutor";"Colisão lateral mesmo sentido";"Com Vítimas Feridas";"Pleno dia";"Crescente";"Céu Claro";"Dupla";"Curva";"Não";2;0;1;0;1;0;1;2;-20,60149301;-40,50248706;"SPRF-ES";"DEL03-ES";"UOP01-DEL03-ES"
481893;2022-10-21;"sexta-feira";"05:50:00";"MS";163;548;"BANDEIRANTES";"Condutor Dormindo";"Saída de leito carroçável";"Com Vítimas Feridas";"Pleno dia";"Decrescente";"Céu Claro";"Simples";"Reta";"Não";2;0;1;0;1;0;1;1;-19,91869106;-54,36860922;"SPRF-MS";"DEL01-MS";"UOP02-DEL01-MS"
481894;2022-10-21;"sexta-feira";"06:30:00";"ES";101;147,3;"LINHARES";"Condutor desrespeitou a iluminação vermelha do semáforo";"Colisão transversal";"Com Vítimas Feridas";"Pleno dia";"Crescente";"Garoa/Chuvisco";"Dupla";"Interseção de Vias";"Sim";2;0;1;0;1;0;1;2;-19,38238593;-40,06710112;"SPRF-ES";"DEL04-ES";"UOP01-DEL04-ES"
481896;2022-10-21;"sexta-feira";"07:25:00";"RS";290;87;"PORTO ALEGRE";"Mal súbito do condutor";"Tombamento";"Com Vítimas Feridas";"Pleno dia";"Crescente";"Nublado";"Dupla";"Reta";"Não";1;0;0;1;0;0;1;1;-29,967838;-51,127197;"SPRF-RS";"DEL01-RS";"UOP01-DEL01-RS"
481898;2022-10-21;"sexta-feira";"05:40:00";"PB";230;324;"QUIXABA";"Demais falhas mecânicas ou elétricas";"Tombamento";"Com Vítimas Feridas";"Amanhecer";"Crescente";"Céu Claro";"Simples";"Reta";"Não";1;0;0;1;0;0;1;1;-6,9868;-37,1796;"SPRF-PB";"DEL03-PB";"UOP01-DEL03-PB"
481899;2022-10-21;"sexta-feira";"06:40:00";"RS";116;262;"CANOAS";"Acessar a via sem observar a presença dos outros veículos";"Colisão lateral mesmo sentido";"Com Vítimas Feridas";"Pleno dia";"Decrescente";"Céu Claro";"Dupla";"Reta";"Sim";2;0;1;0;1;0;1;2;-29,896475;-51,17593;"SPRF-RS";"DEL01-RS";"UOP01-DEL01-RS"
481900;2022-10-21;"sexta-feira";"07:45:00";"SP";116;212;"GUARULHOS";"Ausência de reação do condutor";"Colisão traseira";"Com Vítimas Feridas";"Pleno dia";"Crescente";"Garoa/Chuvisco";"Dupla";"Declive";"Sim";2;0;1;0;1;0;1;2;-23,43608315;-46,42805094;"SPRF-SP";"DEL01-SP";"UOP01-DEL01-SP"
481901;2022-08-26;"sexta-feira";"23:00:00";"RJ";493;5;"ITABORAI";"Animais na Pista";"Atropelamento de Animal";"Com Vítimas Feridas";"Pleno dia";"Decrescente";"Céu Claro";"Simples";"Reta";"Sim";1;0;0;1;0;0;1;1;-22,73998606;-42,95374823;"SPRF-RJ";"DEL02-RJ";"UOP02-DEL02-RJ"
481902;2022-10-21;"sexta-feira";"07:50:00";"SC";282;1;"FLORIANOPOLIS";"Reação tardia ou ineficiente do condutor";"Colisão lateral mesmo sentido";"Com Vítimas Feridas";"Pleno dia";"Decrescente";"Nublado";"Múltipla";"Reta";"Sim";2;0;1;0;1;0;1;2;-27,602955;-48,580509;"SPRF-SC";"DEL01-SC";"UOP01-DEL01-SC"
481903;2022-10-21;"sexta-feira";"06:55:00";"GO";70;7;"AGUAS LINDAS DE GOIAS";"Ingestão de álcool pelo condutor";"Capotamento";"Sem Vítimas";"Pleno dia";"Crescente";"Céu Claro";"Dupla";"Reta";"Sim";1;0;0;0;1;0;0;1;-15,74375533;-48,26779708;"SPRF-DF";"DEL03-DF";"UOP02-DEL03-DF"
481904;2022-10-21;"sexta-feira";"07:05:00";"MT";70;0,3;"BARRA DO GARCAS";"Ausência de reação do condutor";"Queda de ocupante de veículo";"Com Vítimas Feridas";"Pleno dia";"Crescente";"Chuva";"Dupla";"Rotatória";"Sim";1;0;1;0;0;0;1;1;-15,895538;-52,25599;"SPRF-MT";"DEL07-MT";"UOP01-DEL07-MT"
481905;2022-10-21;"sexta-feira";"07:30:00";"PR";476;138,7;"CURITIBA";"Velocidade Incompatível";"Colisão lateral mesmo sentido";"Com Vítimas Feridas";"Pleno dia";"Decrescente";"Nublado";"Múltipla";"Reta";"Sim";2;0;1;0;1;0;1;2;-25,505564;-49,283417;"SPRF-PR";"DEL01-PR";"UOP03-DEL01-PR"
481906;2022-10-21;"sexta-feira";"07:20:00";"ES";101;28,6;"CONCEICAO DA BARRA";"Acessar a via sem observar a presença dos outros veículos";"Colisão frontal";"Com Vítimas Feridas";"Pleno dia";"Crescente";"Céu Claro";"Simples";"Reta";"Não";2;0;0;1;0;1;1;2;-18,39179309;-39,94180625;"SPRF-ES";"DEL04-ES";"UOP02-DEL04-ES"
481910;2022-10-21;"sexta-feira";"06:10:00";"BA";116;350;"SERRINHA";"Acessar a via sem observar a presença dos outros veículos";"Colisão transversal";"Com Vítimas Feridas";"Pleno dia";"Crescente";"Céu Claro";"Simples";"Curva;Declive";"Não";2;0;1;0;1;0;1;2;-11,59121503;-38,98584031;"SPRF-BA";"DEL02-BA";"UOP01-DEL02-BA"
481911;2022-10-21;"sexta-feira";"06:20:00";"SC";282;578;"PINHALZINHO";"Desrespeitar a preferência no cruzamento";"Colisão transversal";"Com Vítimas Feridas";"Pleno dia";"Decrescente";"Chuva";"Simples";"Rotatória";"Sim";2;0;1;0;1;0;1;2;-26,852706;-52,980415;"SPRF-SC";"DEL07-SC";"UOP02-DEL07-SC"
481912;2022-10-10;"segunda-feira";"11:30:00";"SE";235;55;"ITABAIANA";"Acessar a via sem observar a presença dos outros veículos";"Colisão transversal";"Com Vítimas Feridas";"Pleno dia";"Crescente";"Sol";"Simples";"Reta";"Sim";2;0;1;0;1;0;1;2;-10,667386;-37,446014;"SPRF-SE";"DEL01-SE";"UOP02-DEL01-SE"
481914;2022-10-21;"sexta-feira";"06:33:00";"MS";158;35,8;"PARANAIBA";"Ausência de reação do condutor";"Saída de leito carroçável";"Com Vítimas Feridas";"Pleno dia";"Decrescente";"Nublado";"Simples";"Reta";"Não";13;0;12;0;1;0;12;1;-19,27563662;-51,4892634;"SPRF-MS";"DEL08-MS";"UOP01-DEL08-MS"
481915;2022-10-21;"sexta-feira";"08:30:00";"RJ";101;67;"CAMPOS DOS GOYTACAZES";"Acessar a via sem observar a presença dos outros veículos";"Colisão transversal";"Com Vítimas Feridas";"Pleno dia";"Decrescente";"Sol";"Simples";"Reta";"Sim";2;0;1;0;1;0;1;2;-21,76751094;-41,34876249;"SPRF-RJ";"DEL08-RJ";"UOP02-DEL08-RJ"
481916;2022-10-21;"sexta-feira";"08:15:00";"SP";116;76;"ROSEIRA";"Avarias e/ou desgaste excessivo no pneu";"Colisão com objeto";"Sem Vítimas";"Pleno dia";"Crescente";"Chuva";"Dupla";"Curva";"Não";1;0;0;0;1;0;0;1;-22,87747687;-45,27203908;"SPRF-SP";"DEL08-SP";"UOP01-DEL08-SP"
481917;2022-10-21;"sexta-feira";"08:20:00";"PB";230;5,6;"CABEDELO";"Ingestão de álcool pelo condutor";"Colisão lateral mesmo sentido";"Com Vítimas Feridas";"Pleno dia";"Crescente";"Céu Claro";"Dupla";"Reta";"Sim";2;0;1;0;1;0;1;2;-7,015779;-34,833879;"SPRF-PB";"DEL01-PB";"UOP01-DEL01-PB"
481918;2022-10-21;"sexta-feira";"08:30:00";"MG";50;39,7;"ARAGUARI";"Velocidade Incompatível";"Saída de leito carroçável";"Com Vítimas Feridas";"Amanhecer";"Crescente";"Chuva";"Dupla";"Reta;Viaduto";"Não";1;0;1;0;0;0;1;1;-18,6721899;-48,178739;"SPRF-MG";"DEL15-MG";"UOP02-DEL15-MG"
481919;2022-10-21;"sexta-feira";"06:45:00";"PE";423;106,4;"GARANHUNS";"Animais na Pista";"Atropelamento de Animal";"Sem Vítimas";"Pleno dia";"Crescente";"Céu Claro";"Simples";"Reta";"Não";2;0;0;0;2;0;0;1;-8,88171776;-36,57279606;"SPRF-PE";"DEL03-PE";"UOP01-DEL03-PE"
481920;2022-10-21;"sexta-feira";"07:10:00";"MG";365;753;"ITUIUTABA";"Pista Escorregadia";"Colisão com objeto";"Com Vítimas Feridas";"Pleno dia";"Crescente";"Chuva";"Simples";"Reta";"Sim";1;0;1;0;0;0;1;1;-18,96358968;-49,4773831;"SPRF-MG";"DEL15-MG";"UOP03-DEL15-MG"
481921;2022-10-21;"sexta-feira";"08:25:00";"MG";146;484,1;"POCOS DE CALDAS";"Ultrapassagem Indevida";"Colisão traseira";"Com Vítimas Feridas";"Pleno dia";"Crescente";"Garoa/Chuvisco";"Simples";"Aclive;Reta";"Não";8;0;2;0;6;0;2;3;-21,7848126;-46,4366485;"SPRF-MG";"DEL09-MG";"UOP01-DEL09-MG"
481922;2022-10-21;"sexta-feira";"06:44:00";"MT";70;732;"CACERES";"Condutor desrespeitou a iluminação vermelha do semáforo";"Colisão transversal";"Com Vítimas Fatais";"Pleno dia";"Crescente";"Nublado";"Simples";"Reta";"Sim";2;1;0;1;0;0;1;2;-16,14892769;-57,63505293;"SPRF-MT";"DEL03-MT";"UOP01-DEL03-MT"
481923;2022-10-21;"sexta-feira";"07:30:00";"MG";365;673;"MONTE ALEGRE DE MINAS";"Ausência de reação do condutor";"Saída de leito carroçável";"Com Vítimas Feridas";"Pleno dia";"Crescente";"Chuva";"Dupla";"Reta";"Não";1;0;1;0;0;0;1;1;-18,870096;-48,756093;"SPRF-MG";"DEL15-MG";"UOP01-DEL15-MG"
481924;2022-10-21;"sexta-feira";"08:04:00";"RN";101;97;"NATAL";"Condutor deixou de manter distância do veículo da frente";"Colisão traseira";"Com Vítimas Feridas";"Pleno dia";"Decrescente";"Céu Claro";"Múltipla";"Reta";"Sim";2;0;0;1;1;0;1;2;-5,85758898;-35,21271205;"SPRF-RN";"DEL01-RN";"UOP01-DEL01-RN"
481926;2022-06-04;"sábado";"08:15:00";"PR";376;180;"MARINGA";"Reação tardia ou ineficiente do condutor";"Tombamento";"Com Vítimas Feridas";"Pleno dia";"Decrescente";"Ignorado";"Dupla";"Reta";"Sim";1;0;0;1;0;0;1;1;-23,42725352;-51,89512271;"SPRF-PR";"DEL09-PR";"UOP01-DEL09-PR"
481927;2022-10-21;"sexta-feira";"08:00:00";"SC";101;148;"ITAPEMA";"Acessar a via sem observar a presença dos outros veículos";"Saída de leito carroçável";"Com Vítimas Feridas";"Pleno dia";"Crescente";"Céu Claro";"Simples";"Reta";"Sim";2;0;1;0;0;1;1;2;-27,1008079;-48,61852527;"SPRF-SC";"DEL04-SC";"UOP03-DEL04-SC"
481928;2022-10-21;"sexta-feira";"09:04:00";"PI";343;4,8;"TERESINA";"Ausência de reação do condutor";"Colisão traseira";"Com Vítimas Feridas";"Pleno dia";"Decrescente";"Céu Claro";"Múltipla";"Declive;Reta";"Sim";2;0;1;0;1;0;1;2;-5,089569;-42,802288;"SPRF-PI";"DEL01-PI";"UOP01-DEL01-PI"
481929;2022-10-21;"sexta-feira";"08:20:00";"PR";373;237;"IMBITUVA";"Avarias e/ou desgaste excessivo no pneu";"Saída de leito carroçável";"Com Vítimas Feridas";"Pleno dia";"Crescente";"Chuva";"Simples";"Curva;Declive";"Não";2;0;0;1;0;1;1;2;-25,1851891;-50,73228787;"SPRF-PR";"DEL03-PR";"UOP01-DEL03-PR"
481930;2022-10-21;"sexta-feira";"09:30:00";"RS";386;134,5;"SARANDI";"Ausência de reação do condutor";"Saída de leito carroçável";"Sem Vítimas";"Pleno dia";"Decrescente";"Nublado";"Simples";"Reta";"Sim";3;0;0;0;3;0;0;1;-27,951338;-52,92548;"SPRF-RS";"DEL08-RS";"UOP01-DEL08-RS"
481932;2022-10-21;"sexta-feira";"09:20:00";"DF";20;8;"BRASILIA";"Reação tardia ou ineficiente do condutor";"Saída de leito carroçável";"Com Vítimas Feridas";"Pleno dia";"Decrescente";"Nublado";"Dupla";"Reta";"Sim";1;0;0;1;0;0;1;1;-15,658386;-47,791534;"SPRF-DF";"DEL02-DF";"UOP01-DEL02-DF"
481933;2022-10-11;"terça-feira";"04:00:00";"MS";163;262;"DOURADOS";"Ingestão de álcool pelo condutor";"Saída de leito carroçável";"Sem Vítimas";"Plena Noite";"Decrescente";"Nublado";"Dupla";"Reta";"Não";3;0;0;0;3;0;0;1;-22,2352256;-54,75663316;"SPRF-MS";"DEL04-MS";"UOP01-DEL04-MS"
481935;2022-10-21;"sexta-feira";"10:00:00";"MG";381;498,9;"BETIM";"Ausência de reação do condutor";"Colisão traseira";"Com Vítimas Feridas";"Pleno dia";"Crescente";"Sol";"Dupla";"Reta";"Não";3;0;1;1;1;0;2;2;-19,99214334;-44,20748234;"SPRF-MG";"DEL01-MG";"UOP03-DEL01-MG"
481937;2022-10-21;"sexta-feira";"10:20:00";"RN";101;107;"PARNAMIRIM";"Acessar a via sem observar a presença dos outros veículos";"Atropelamento de Pedestre";"Com Vítimas Feridas";"Pleno dia";"Decrescente";"Sol";"Dupla";"Declive";"Sim";2;0;0;1;1;0;1;2;-5,91920796;-35,26412409;"SPRF-RN";"DEL01-RN";"UOP01-DEL01-RN"
481940;2022-08-10;"quarta-feira";"10:30:00";"MG";262;810;"UBERABA";"Manobra de mudança de faixa";"Tombamento";"Com Vítimas Feridas";"Pleno dia";"Decrescente";"Céu Claro";"Dupla";"Interseção de Vias";"Sim";1;0;0;1;0;0;1;1;-19,77081284;-47,97320724;"SPRF-MG";"DEL13-MG";"UOP01-DEL13-MG"
481943;2022-10-21;"sexta-feira";"10:35:00";"DF";60;8,1;"BRASILIA";"Acessar a via sem observar a presença dos outros veículos";"Colisão transversal";"Com Vítimas Feridas";"Pleno dia";"Crescente";"Céu Claro";"Dupla";"Reta";"Sim";3;0;3;0;0;0;3;2;-15,90324;-48,130695;"SPRF-DF";"DEL03-DF";"UOP01-DEL03-DF"
481947;2022-10-21;"sexta-feira";"10:00:00";"PR";369;150;"LONDRINA";"Condutor deixou de manter distância do veículo da frente";"Colisão traseira";"Com Vítimas Feridas";"Pleno dia";"Decrescente";"Céu Claro";"Dupla";"Declive";"Sim";2;0;0;1;1;0;1;2;-23,29286403;-51,16641462;"SPRF-PR";"DEL07-PR";"UOP01-DEL07-PR"
481948;2022-10-21;"sexta-feira";"08:20:00";"SC";163;95,1;"GUARACIABA";"Ausência de reação do condutor";"Tombamento";"Com Vítimas Feridas";"Pleno dia";"Decrescente";"Nublado";"Simples";"Em Obras";"Não";1;0;1;0;0;0;1;1;-26,52522398;-53,51935936;"SPRF-SC";"DEL07-SC";"UOP03-DEL07-SC"
481951;2022-10-21;"sexta-feira";"09:30:00";"PR";369;80;"CORNELIO PROCOPIO";"Animais na Pista";"Atropelamento de Animal";"Com Vítimas Feridas";"Pleno dia";"Decrescente";"Céu Claro";"Dupla";"Reta";"Sim";1;0;1;0;0;0;1;1;-23,18802231;-50,63933372;"SPRF-PR";"DEL07-PR";"UOP05-DEL07-PR"
481954;2022-10-21;"sexta-feira";"10:50:00";"PE";101;70;"RECIFE";"Demais falhas mecânicas ou elétricas";"Incêndio";"Sem Vítimas";"Pleno dia";"Decrescente";"Sol";"Dupla";"Reta";"Sim";1;0;0;0;1;0;0;1;-8,06776119;-34,94265074;"SPRF-PE";"DEL01-PE";"UOP01-DEL01-PE"
481955;2022-10-11;"terça-feira";"12:15:00";"AC";364;138;"RIO BRANCO";"Condutor deixou de manter distância do veículo da frente";"Colisão traseira";"Com Vítimas Feridas";"Pleno dia";"Crescente";"Céu Claro";"Dupla";"Reta";"Sim";2;0;1;0;1;0;1;2;-9,96112502;-67,85646604;"SPRF-AC";"DEL01-AC";"UOP01-DEL01-AC"
481956;2022-10-21;"sexta-feira";"11:00:00";"RJ";101;57;"CAMPOS DOS GOYTACAZES";"Acessar a via sem observar a presença dos outros veículos";"Colisão transversal";"Com Vítimas Feridas";"Pleno dia";"Decrescente";"Céu Claro";"Simples";"Reta";"Não";2;0;0;1;1;0;1;2;-21,70210337;-41,3100636;"SPRF-RJ";"DEL08-RJ";"UOP01-DEL08-RJ"
481957;2022-10-21;"sexta-feira";"11:30:00";"MG";40;516;"RIBEIRAO DAS NEVES";"Condutor deixou de manter distância do veículo da frente";"Colisão traseira";"Com Vítimas Feridas";"Pleno dia";"Decrescente";"Céu Claro";"Dupla";"Reta";"Sim";2;0;0;1;1;0;1;2;-19,81628624;-44,08960124;"SPRF-MG";"DEL01-MG";"UOP02-DEL01-MG"
481962;2022-10-21;"sexta-feira";"11:00:00";"MS";163;487;"CAMPO GRANDE";"Ausência de reação do condutor";"Atropelamento de Pedestre";"Com Vítimas Feridas";"Pleno dia";"Crescente";"Céu Claro";"Simples";"Interseção de Vias";"Sim";2;0;2;0;0;0;2;2;-20,42493093;-54,54550758;"SPRF-MS";"DEL01-MS";"UOP02-DEL01-MS"
481963;2022-10-21;"sexta-feira";"09:25:00";"SP";116;35;"CACHOEIRA PAULISTA";"Pista Escorregadia";"Colisão lateral mesmo sentido";"Com Vítimas Feridas";"Pleno dia";"Crescente";"Chuva";"Dupla";"Reta";"Não";4;0;1;0;3;0;1;2;-22,65892521;-44,96708995;"SPRF-SP";"DEL08-SP";"UOP02-DEL08-SP"
481964;2022-10-21;"sexta-feira";"09:00:00";"MG";116;673;"MIRADOURO";"Condutor deixou de manter distância do veículo da frente";"Colisão lateral mesmo sentido";"Com Vítimas Feridas";"Pleno dia";"Crescente";"Céu Claro";"Simples";"Declive";"Não";2;0;1;0;0;1;1;2;-20,88956601;-42,33963285;"SPRF-MG";"DEL07-MG";"UOP03-DEL07-MG"
481966;2022-10-21;"sexta-feira";"12:30:00";"MG";40;514;"RIBEIRAO DAS NEVES";"Entrada inopinada do pedestre";"Atropelamento de Pedestre";"Com Vítimas Feridas";"Pleno dia";"Decrescente";"Nublado";"Dupla";"Reta";"Sim";3;0;1;0;0;2;1;2;-19,80151928;-44,10000333;"SPRF-MG";"DEL01-MG";"UOP02-DEL01-MG"
481968;2022-10-21;"sexta-feira";"12:00:00";"RS";116;29,1;"VACARIA";"Acessar a via sem observar a presença dos outros veículos";"Colisão transversal";"Com Vítimas Fatais";"Pleno dia";"Decrescente";"Nublado";"Simples";"Reta";"Não";3;1;0;1;1;0;1;2;-28,4403176;-50,87614059;"SPRF-RS";"DEL05-RS";"UOP03-DEL05-RS"
481969;2022-10-21;"sexta-feira";"09:37:00";"RO";425;99;"NOVA MAMORE";"Ultrapassagem Indevida";"Colisão traseira";"Sem Vítimas";"Pleno dia";"Decrescente";"Céu Claro";"Simples";"Reta";"Sim";2;0;0;0;1;1;0;2;-10,403116;-65,32756;"SPRF-RO";"DEL01-RO";"UOP03-DEL01-RO"
481970;2022-10-21;"sexta-feira";"08:30:00";"SP";381;85;"SAO PAULO";"Reação tardia ou ineficiente do condutor";"Tombamento";"Com Vítimas Feridas";"Pleno dia";"Crescente";"Garoa/Chuvisco";"Dupla";"Reta";"Não";1;0;1;0;0;0;1;1;-23,463897;-46,571664;"SPRF-SP";"DEL03-SP";"UOP01-DEL03-SP"
481971;2022-10-21;"sexta-feira";"11:40:00";"PB";230;334,1;"PATOS";"Acessar a via sem observar a presença dos outros veículos";"Colisão transversal";"Com Vítimas Feridas";"Pleno dia";"Crescente";"Céu Claro";"Simples";"Rotatória";"Sim";4;0;0;1;2;1;1;2;-7,018;-37,2589;"SPRF-PB";"DEL03-PB";"UOP01-DEL03-PB"
481975;2022-10-21;"sexta-feira";"13:00:00";"PE";232;79,5;"GRAVATA";"Velocidade Incompatível";"Colisão lateral mesmo sentido";"Com Vítimas Feridas";"Pleno dia";"Decrescente";"Céu Claro";"Simples";"Em Obras;Reta";"Sim";3;0;2;0;0;1;2;2;-8,19460572;-35,56074803;"SPRF-PE";"DEL02-PE";"UOP02-DEL02PE"
481977;2022-10-06;"quinta-feira";"05:15:00";"SC";280;54;"GUARAMIRIM";"Iluminação deficiente";"Colisão transversal";"Com Vítimas Feridas";"Amanhecer";"Crescente";"Chuva";"Dupla";"Reta";"Sim";2;0;0;1;1;0;1;2;-26,47547099;-48,98797274;"SPRF-SC";"DEL03-SC";"UOP03-DEL03-SC"
481978;2022-10-21;"sexta-feira";"12:20:00";"RS";480;69,7;"ERECHIM";"Velocidade Incompatível";"Colisão frontal";"Com Vítimas Feridas";"Pleno dia";"Crescente";"Chuva";"Simples";"Reta";"Não";6;0;0;6;0;0;6;2;-27,63759216;-52,32468367;"SPRF-RS";"DEL08-RS";"UOP04-DEL08-RS"
481980;2022-10-21;"sexta-feira";"13:00:00";"RJ";393;168;"TRES RIOS";"Condutor deixou de manter distância do veículo da frente";"Colisão traseira";"Com Vítimas Feridas";"Pleno dia";"Decrescente";"Céu Claro";"Simples";"Reta";"Sim";2;0;2;0;0;0;2;2;-22,127502;-43,147022;"SPRF-RJ";"DEL05-RJ";"UOP02-DEL05-RJ"
481983;2022-10-21;"sexta-feira";"13:00:00";"MG";40;748,6;"SANTOS DUMONT";"Reação tardia ou ineficiente do condutor";"Queda de ocupante de veículo";"Com Vítimas Feridas";"Pleno dia";"Decrescente";"Chuva";"Simples";"Reta";"Não";1;0;1;0;0;0;1;1;-21,43796619;-43,55638245;"SPRF-MG";"DEL05-MG";"UOP01-DEL05-MG"
481984;2022-10-21;"sexta-feira";"12:50:00";"PR";376;404;"TIBAGI";"Reação tardia ou ineficiente do condutor";"Saída de leito carroçável";"Com Vítimas Feridas";"Pleno dia";"Decrescente";"Chuva";"Dupla";"Curva";"Não";1;0;1;0;0;0;1;1;-24,575653;-50,682564;"SPRF-PR";"DEL03-PR";"UOP02-DEL03-PR"
481985;2022-10-21;"sexta-feira";"13:00:00";"MT";70;506;"CUIABA";"Ausência de reação do condutor";"Saída de leito carroçável";"Com Vítimas Feridas";"Pleno dia";"Crescente";"Nublado";"Simples";"Reta";"Não";1;0;1;0;0;0;1;1;-15,70128502;-56,0531044;"SPRF-MT";"DEL01-MT";"UOP02-DEL01-MT"
481986;2022-10-21;"sexta-feira";"12:00:00";"PE";101;71;"RECIFE";"Condutor deixou de manter distância do veículo da frente";"Engavetamento";"Com Vítimas Feridas";"Pleno dia";"Decrescente";"Céu Claro";"Dupla";"Reta";"Sim";3;0;1;1;1;0;2;3;-8,076053;-34,935688;"SPRF-PE";"DEL01-PE";"UOP01-DEL01-PE"
481988;2022-10-21;"sexta-feira";"10:45:00";"SC";282;386;"JOACABA";"Ingestão de álcool pelo condutor";"Saída de leito carroçável";"Com Vítimas Feridas";"Pleno dia";"Decrescente";"Garoa/Chuvisco";"Simples";"Declive";"Não";1;0;0;1;0;0;1;1;-27,19342;-51,516783;"SPRF-SC";"DEL07-SC";"UOP05-DEL07-SC"
481990;2022-10-21;"sexta-feira";"13:50:00";"SC";101;132,3;"BALNEARIO CAMBORIU";"Condutor deixou de manter distância do veículo da frente";"Colisão traseira";"Com Vítimas Feridas";"Pleno dia";"Crescente";"Céu Claro";"Dupla";"Reta";"Não";2;0;0;1;1;0;1;2;-26,99654133;-48,65564711;"SPRF-SC";"DEL04-SC";"UOP03-DEL04-SC"
481991;2022-10-21;"sexta-feira";"14:45:00";"RN";304;5,2;"MOSSORO";"Acessar a via sem observar a presença dos outros veículos";"Colisão transversal";"Com Vítimas Fatais";"Pleno dia";"Crescente";"Sol";"Simples";"Interseção de Vias";"Não";3;1;0;1;1;0;1;2;-4,92070714;-37,42132187;"SPRF-RN";"DEL04-RN";"UOP02-DEL04-RN"
481992;2022-10-21;"sexta-feira";"13:00:00";"GO";153;667,5;"GOIATUBA";"Velocidade Incompatível";"Colisão traseira";"Com Vítimas Feridas";"Pleno dia";"Crescente";"Nublado";"Dupla";"Curva";"Não";3;0;0;1;2;0;1;2;-18,1156;-49,2796;"SPRF-GO";"DEL03-GO";"UOP02-DEL03-GO"
481993;2022-07-04;"segunda-feira";"14:00:00";"MT";174;122,1;"MIRASSOL DOESTE";"Reação tardia ou ineficiente do condutor";"Colisão traseira";"Com Vítimas Feridas";"Pleno dia";"Decrescente";"Céu Claro";"Simples";"Aclive";"Não";2;0;0;1;1;0;1;2;-15,82935414;-58,06396499;"SPRF-MT";"DEL03-MT";"UOP01-DEL03-MT"
481994;2022-10-21;"sexta-feira";"14:45:00";"MG";40;521;"CONTAGEM";"Reação tardia ou ineficiente do condutor";"Colisão traseira";"Com Vítimas Feridas";"Pleno dia";"Crescente";"Céu Claro";"Dupla";"Reta";"Sim";2;0;0;1;1;0;1;2;-19,85651501;-44,07213222;"SPRF-MG";"DEL01-MG";"UOP02-DEL01-MG"
481996;2022-10-21;"sexta-feira";"12:35:00";"SP";153;55;"SAO JOSE DO RIO PRETO";"Velocidade Incompatível";"Saída de leito carroçável";"Sem Vítimas";"Pleno dia";"Decrescente";"Nublado";"Dupla";"Retorno Regulamentado";"Sim";1;0;0;0;1;0;0;1;-20,75321697;-49,34260108;"SPRF-SP";"DEL09-SP";"UOP01-DEL09-SP"
481997;2022-10-21;"sexta-feira";"15:00:00";"BA";415;56;"ITABUNA";"Ausência de reação do condutor";"Saída de leito carroçável";"Com Vítimas Feridas";"Pleno dia";"Decrescente";"Céu Claro";"Simples";"Curva";"Não";1;0;1;0;0;0;1;1;-14,81574494;-39,29612388;"SPRF-BA";"DEL05-BA";"UOP01-DEL05-BA"
481999;2022-10-21;"sexta-feira";"15:20:00";"SC";101;201,3;"SAO JOSE";"Ausência de reação do condutor";"Atropelamento de Pedestre";"Com Vítimas Feridas";"Pleno dia";"Crescente";"Céu Claro";"Simples";"Reta";"Sim";2;0;0;1;1;0;1;2;-27,54836599;-48,61977975;"SPRF-SC";"DEL01-SC";"UOP01-DEL01-SC"
482000;2022-10-21;"sexta-feira";"15:25:00";"SP";153;6,1;"ICEM";"Demais falhas mecânicas ou elétricas";"Tombamento";"Com Vítimas Feridas";"Pleno dia";"Decrescente";"Céu Claro";"Simples";"Declive;Reta";"Sim";2;0;2;0;0;0;2;1;-20,35674072;-49,21684147;"SPRF-SP";"DEL09-SP";"UOP01-DEL09-SP"
482001;2022-10-21;"sexta-feira";"15:00:00";"RS";153;614;"BAGE";"Acumulo de água sobre o pavimento";"Capotamento";"Com Vítimas Feridas";"Pleno dia";"Crescente";"Chuva";"Simples";"Curva";"Não";3;0;1;1;1;0;2;1;-31,28298782;-53,91296825;"SPRF-RS";"DEL11-RS";"UOP03-DEL11-RS"