"id";"data_inversa";"dia_semana";"horario";"uf";"br";"km";"municipio";"causa_acidente";"tipo_acidente";"classificacao_acidente";"fase_dia";"sentido_via";"condicao_metereologica";"tipo_pista";"tracado_via";"uso_solo";"pessoas";"mortos";"feridos_leves";"feridos_graves";"ilesos";"ignorados";"feridos";"veiculos";"latitude";"longitude";"regional";"delegacia";"uop"
482114;2022-10-21;"sexta-feira";"23:10:00";"SC";101;151;"ITAPEMA";"Ausência de reação do condutor";"Tombamento";"Sem Vítimas";"Plena Noite";"Crescente";"Garoa/Chuvisco";"Simples";"Reta";"Sim";1;0;0;0;1;0;0;1;-27,126536;-48,609642;"SPRF-SC";"DEL04-SC";"UOP03-DEL04-SC"
482115;2022-10-21;"sexta-feira";"23:50:00";"AL";101;202;"SAO SEBASTIAO";"Mal súbito do condutor";"Queda de ocupante de veículo";"Com Vítimas Feridas";"Plena Noite";"Crescente";"Céu Claro";"Dupla";"Reta";"Sim";1;0;1;0;0;0;1;1;-9,96642507;-36,55066388;"SPRF-AL";"DEL02-AL";"UOP02-DEL02-AL"
482118;2022-10-21;"sexta-feira";"23:30:00";"PB";230;35;"SANTA RITA";"Acumulo de óleo sobre o pavimento";"Tombamento";"Com Vítimas Feridas";"Plena Noite";"Crescente";"Céu Claro";"Dupla";"Curva";"Sim";1;0;1;0;0;0;1;1;-7,1268;-34,9412;"SPRF-PB";"DEL01-PB";"UOP01-DEL01-PB"
482119;2022-10-21;"sexta-feira";"22:10:00";"RO";364;683;"CANDEIAS DO JAMARI";"Ausência de reação do condutor";"Saída de leito carroçável";"Com Vítimas Feridas";"Plena Noite";"Crescente";"Nublado";"Simples";"Reta";"Não";1;0;1;0;0;0;1;1;-8,78859991;-63,61516701;"SPRF-RO";"DEL01-RO";"UOP01-DEL01-RO"
482120;2022-10-21;"sexta-feira";"23:35:00";"RJ";101;331;"RIO DE JANEIRO";"Ausência de reação do condutor";"Colisão traseira";"Com Vítimas Feridas";"Plena Noite";"Decrescente";"Nublado";"Múltipla";"Reta";"Não";2;0;0;1;1;0;1;2;-22,867662;-43,195337;"SPRF-RJ";"DEL02-RJ";"UOP01-DEL02-RJ"
482121;2022-10-21;"sexta-feira";"23:30:00";"RO";319;63;"PORTO VELHO";"Condutor desrespeitou a iluminação vermelha do semáforo";"Colisão transversal";"Sem Vítimas";"Plena Noite";"Crescente";"Céu Claro";"Múltipla";"Interseção de Vias";"Sim";2;0;0;0;2;0;0;2;-8,766685;-63,884052;"SPRF-RO";"DEL01-RO";"UOP01-DEL01-RO"
482122;2022-10-22;"sábado";"00:40:00";"PE";101;69,5;"RECIFE";"Reação tardia ou ineficiente do condutor";"Colisão com objeto";"Sem Vítimas";"Plena Noite";"Crescente";"Chuva";"Múltipla";"Reta";"Sim";1;0;0;0;0;1;0;1;-8,06429671;-34,94419456;"SPRF-PE";"DEL01-PE";"UOP01-DEL01-PE"
482123;2022-10-22;"sábado";"01:00:00";"PR";369;150;"LONDRINA";"Condutor desrespeitou a iluminação vermelha do semáforo";"Colisão transversal";"Com Vítimas Feridas";"Plena Noite";"Decrescente";"Céu Claro";"Dupla";"Interseção de Vias";"Sim";3;0;2;0;1;0;2;2;-23,297581;-51,201779;"SPRF-PR";"DEL07-PR";"UOP01-DEL07-PR"
482124;2022-10-22;"sábado";"01:15:00";"MT";70;5,3;"BARRA DO GARCAS";"Acessar a via sem observar a presença dos outros veículos";"Colisão transversal";"Com Vítimas Feridas";"Plena Noite";"Crescente";"Nublado";"Dupla";"Rotatória";"Sim";3;0;2;0;1;0;2;2;-15,87814789;-52,296134;"SPRF-MT";"DEL07-MT";"UOP01-DEL07-MT"
482125;2022-10-21;"sexta-feira";"23:50:00";"PE";232;205,6;"PESQUEIRA";"Participar de racha";"Saída de leito carroçável";"Com Vítimas Fatais";"Plena Noite";"Decrescente";"Céu Claro";"Simples";"Reta";"Não";2;1;0;0;0;1;0;2;-8,371009;-36,658185;"SPRF-PE";"DEL03-PE";"UOP02-DEL03-PE"
482126;2022-10-22;"sábado";"01:00:00";"RJ";101;296;"ITABORAI";"Demais falhas mecânicas ou elétricas";"Incêndio";"Sem Vítimas";"Plena Noite";"Decrescente";"Céu Claro";"Dupla";"Reta";"Sim";1;0;0;0;1;0;0;1;-22,7670498;-42,91019601;"SPRF-RJ";"DEL02-RJ";"UOP02-DEL02-RJ"
482128;2022-10-22;"sábado";"02:30:00";"SP";116;213;"GUARULHOS";"Reação tardia ou ineficiente do condutor";"Engavetamento";"Com Vítimas Feridas";"Plena Noite";"Decrescente";"Nublado";"Múltipla";"Reta";"Sim";4;0;2;0;2;0;2;3;-23,43971486;-46,43667806;"SPRF-SP";"DEL01-SP";"UOP01-DEL01-SP"
482129;2022-10-22;"sábado";"01:40:00";"PR";369;88;"CORNELIO PROCOPIO";"Ingestão de álcool pelo condutor";"Saída de leito carroçável";"Sem Vítimas";"Plena Noite";"Crescente";"Céu Claro";"Simples";"Reta";"Sim";1;0;0;0;1;0;0;1;-23,19395626;-50,65077251;"SPRF-PR";"DEL07-PR";"UOP05-DEL07-PR"
482130;2022-10-22;"sábado";"01:50:00";"RO";319;61;"PORTO VELHO";"Ausência de reação do condutor";"Colisão com objeto";"Com Vítimas Feridas";"Plena Noite";"Decrescente";"Chuva";"Dupla";"Reta";"Sim";8;0;3;0;5;0;3;6;-8,745754;-63,888549;"SPRF-RO";"DEL01-RO";"UOP01-DEL01-RO"
482131;2022-10-21;"sexta-feira";"18:11:00";"BA";324;626;"SALVADOR";"Condutor deixou de manter distância do veículo da frente";"Colisão traseira";"Com Vítimas Feridas";"Anoitecer";"Decrescente";"Nublado";"Dupla";"Reta";"Sim";1;0;1;0;0;0;1;1;-12,95020997;-38,47073108;"SPRF-BA";"DEL01-BA";"UOP01-DEL01-BA"
482132;2022-10-22;"sábado";"04:03:00";"MG";381;518,5;"IGARAPE";"Reação tardia ou ineficiente do condutor";"Saída de leito carroçável";"Com Vítimas Feridas";"Plena Noite";"Crescente";"Céu Claro";"Dupla";"Curva";"Não";1;0;1;0;0;0;1;1;-20,111115;-44,3212;"SPRF-MG";"DEL04-MG";"UOP03-DEL04-MG"
482133;2022-10-22;"sábado";"03:20:00";"RS";285;208,4;"LAGOA VERMELHA";"Condutor Dormindo";"Saída de leito carroçável";"Com Vítimas Feridas";"Plena Noite";"Decrescente";"Nublado";"Simples";"Interseção de Vias";"Não";2;0;2;0;0;0;2;1;-28,22429865;-51,61034703;"SPRF-RS";"DEL08-RS";"UOP05-DEL08-RS"
482134;2022-10-22;"sábado";"03:45:00";"PI";343;3,1;"TERESINA";"Ausência de reação do condutor";"Colisão transversal";"Com Vítimas Feridas";"Plena Noite";"Crescente";"Céu Claro";"Múltipla";"Interseção de Vias";"Sim";3;0;0;1;2;0;1;3;-5,089569;-42,802288;"SPRF-PI";"DEL01-PI";"UOP01-DEL01-PI"
482135;2022-10-22;"sábado";"04:00:00";"PR";476;119,6;"COLOMBO";"Acessar a via sem observar a presença dos outros veículos";"Colisão transversal";"Sem Vítimas";"Plena Noite";"Crescente";"Céu Claro";"Múltipla";"Interseção de Vias";"Sim";3;0;0;0;3;0;0;2;-25,364202;-49,185825;"SPRF-PR";"DEL01-PR";"UOP01-DEL01-PR"
482137;2022-10-22;"sábado";"03:50:00";"SC";116;248;"LAGES";"Ingestão de álcool pelo condutor";"Capotamento";"Com Vítimas Feridas";"Plena Noite";"Decrescente";"Céu Claro";"Simples";"Reta";"Sim";1;0;1;0;0;0;1;1;-27,81994481;-50,37454423;"SPRF-SC";"DEL05-SC";"UOP02-DEL05-SC"
482138;2022-10-22;"sábado";"02:40:00";"PR";376;398;"TIBAGI";"Reação tardia ou ineficiente do condutor";"Saída de leito carroçável";"Sem Vítimas";"Plena Noite";"Decrescente";"Céu Claro";"Dupla";"Declive;Curva";"Não";1;0;0;0;1;0;0;1;-24,53330344;-50,69423318;"SPRF-PR";"DEL03-PR";"UOP02-DEL03-PR"
482139;2022-10-21;"sexta-feira";"11:15:00";"RJ";101;297;"ITABORAI";"Condutor deixou de manter distância do veículo da frente";"Colisão traseira";"Com Vítimas Feridas";"Pleno dia";"Decrescente";"Céu Claro";"Dupla";"Curva";"Sim";2;0;1;0;1;0;1;2;-22,76942037;-42,91873581;"SPRF-RJ";"DEL02-RJ";"UOP02-DEL02-RJ"
482140;2022-10-22;"sábado";"04:00:00";"RJ";101;312;"SAO GONCALO";"Velocidade Incompatível";"Colisão traseira";"Com Vítimas Feridas";"Amanhecer";"Decrescente";"Nublado";"Dupla";"Reta";"Sim";5;0;3;0;2;0;3;3;-22,80546555;-43,06156967;"SPRF-RJ";"DEL02-RJ";"UOP02-DEL02-RJ"
482141;2022-10-22;"sábado";"04:52:00";"MG";381;489,9;"BETIM";"Ausência de reação do condutor";"Colisão traseira";"Com Vítimas Feridas";"Plena Noite";"Decrescente";"Céu Claro";"Múltipla";"Aclive";"Sim";3;0;1;1;0;1;2;2;-19,9560845;-44,1325277;"SPRF-MG";"DEL01-MG";"UOP03-DEL01-MG"
482144;2022-10-22;"sábado";"05:50:00";"SP";116;272;"TABOAO DA SERRA";"Reação tardia ou ineficiente do condutor";"Colisão traseira";"Com Vítimas Feridas";"Amanhecer";"Decrescente";"Nublado";"Dupla";"Reta";"Sim";3;0;1;0;2;0;1;2;-23,621691;-46,813288;"SPRF-SP";"DEL04-SP";"UOP01-DEL04-SP"
482147;2022-10-22;"sábado";"05:30:00";"GO";40;2;"VALPARAISO DE GOIAS";"Velocidade Incompatível";"Colisão com objeto";"Sem Vítimas";"Amanhecer";"Crescente";"Céu Claro";"Dupla";"Reta";"Sim";2;0;0;0;2;0;0;1;-16,0690497;-47,98470318;"SPRF-DF";"DEL01-DF";"UOP01-DEL01-DF"
482149;2022-10-22;"sábado";"04:50:00";"RS";153;47,3;"ERECHIM";"Ingestão de álcool pelo condutor";"Colisão com objeto";"Sem Vítimas";"Amanhecer";"Crescente";"Céu Claro";"Simples";"Reta";"Sim";1;0;0;0;1;0;0;1;-27,64361796;-52,24703908;"SPRF-RS";"DEL08-RS";"UOP04-DEL08-RS"
482151;2022-10-22;"sábado";"03:15:00";"MG";381;849;"POUSO ALEGRE";"Ausência de reação do condutor";"Colisão com objeto";"Sem Vítimas";"Plena Noite";"Decrescente";"Céu Claro";"Dupla";"Reta";"Não";1;0;0;0;0;1;0;1;-22,26991499;-45,89241402;"SPRF-MG";"DEL16-MG";"UOP01-DEL16-MG"
482152;2022-10-22;"sábado";"06:00:00";"SC";470;68;"INDAIAL";"Desrespeitar a preferência no cruzamento";"Colisão transversal";"Com Vítimas Feridas";"Amanhecer";"Decrescente";"Nublado";"Simples";"Interseção de Vias";"Sim";2;0;1;0;1;0;1;2;-26,877615;-49,239231;"SPRF-SC";"DEL04-SC";"UOP01-DEL04-SC"
482153;2022-10-22;"sábado";"07:30:00";"ES";101;368,5;"ANCHIETA";"Velocidade Incompatível";"Queda de ocupante de veículo";"Com Vítimas Feridas";"Pleno dia";"Crescente";"Nublado";"Simples";"Curva";"Não";1;0;1;0;0;0;1;1;-20,753749;-40,75894999;"SPRF-ES";"DEL03-ES";"UOP01-DEL03-ES"
482154;2022-10-22;"sábado";"04:00:00";"PE";428;185;"PETROLINA";"Obras na pista";"Colisão frontal";"Sem Vítimas";"Plena Noite";"Crescente";"Céu Claro";"Dupla";"Reta";"Sim";1;0;0;0;0;1;0;1;-9,34009199;-40,47032001;"SPRF-PE";"DEL06-PE";"UOP01-DEL06-PE"
482155;2022-10-22;"sábado";"06:00:00";"RO";319;63;"PORTO VELHO";"Condutor deixou de manter distância do veículo da frente";"Colisão com objeto";"Sem Vítimas";"Amanhecer";"Crescente";"Sol";"Dupla";"Reta";"Sim";3;0;0;0;3;0;0;2;-8,75913893;-63,88561483;"SPRF-RO";"DEL01-RO";"UOP01-DEL01-RO"
482156;2022-10-22;"sábado";"05:40:00";"PR";277;26;"MORRETES";"Condutor Dormindo";"Saída de leito carroçável";"Com Vítimas Feridas";"Pleno dia";"Decrescente";"Céu Claro";"Dupla";"Reta";"Não";3;0;1;0;2;0;1;1;-25,53270001;-48,716296;"SPRF-PR";"DEL01-PR";"UOP05-DEL01-PR"
482157;2022-10-22;"sábado";"05:55:00";"PE";104;32,9;"TORITAMA";"Ingestão de álcool pelo condutor";"Colisão traseira";"Com Vítimas Feridas";"Pleno dia";"Crescente";"Céu Claro";"Simples";"Reta";"Sim";4;0;2;0;2;0;2;2;-8,026115;-36,053188;"SPRF-PE";"DEL02-PE";"UOP01-DEL02-PE"
482158;2022-10-22;"sábado";"00:50:00";"PR";277;467,8;"NOVA LARANJEIRAS";"Ingestão de álcool pelo condutor";"Saída de leito carroçável";"Com Vítimas Feridas";"Plena Noite";"Decrescente";"Céu Claro";"Simples";"Declive;Reta";"Não";2;0;1;1;0;0;2;1;-25,34850811;-52,48961514;"SPRF-PR";"DEL04-PR";"UOP02-DEL04-PR"
482160;2022-10-22;"sábado";"07:30:00";"RJ";101;481;"ANGRA DOS REIS";"Acessar a via sem observar a presença dos outros veículos";"Colisão transversal";"Com Vítimas Feridas";"Pleno dia";"Crescente";"Céu Claro";"Simples";"Rotatória";"Sim";1;0;1;0;0;0;1;1;-23,00976021;-44,29153237;"SPRF-RJ";"DEL03-RJ";"UOP03-DEL03-RJ"
482166;2022-10-22;"sábado";"08:18:00";"MG";116;765,4;"LEOPOLDINA";"Acessar a via sem observar a presença dos outros veículos";"Colisão transversal";"Com Vítimas Feridas";"Pleno dia";"Crescente";"Céu Claro";"Simples";"Interseção de Vias;Reta";"Sim";2;0;1;0;1;0;1;2;-21,5197389;-42,6491103;"SPRF-MG";"DEL07-MG";"UOP01-DEL07-MG"
482168;2022-10-22;"sábado";"08:30:00";"ES";101;292;"CARIACICA";"Manobra de mudança de faixa";"Colisão lateral mesmo sentido";"Com Vítimas Feridas";"Pleno dia";"Decrescente";"Céu Claro";"Dupla";"Reta";"Sim";3;0;1;0;1;1;1;3;-20,30650512;-40,39488717;"SPRF-ES";"DEL01-ES";"UOP01-DEL01-ES"
482169;2022-10-22;"sábado";"08:45:00";"RN";101;104;"PARNAMIRIM";"Manobra de mudança de faixa";"Colisão lateral mesmo sentido";"Com Vítimas Feridas";"Pleno dia";"Decrescente";"Céu Claro";"Múltipla";"Reta";"Sim";2;0;1;0;1;0;1;2;-5,892745;-35,257225;"SPRF-RN";"DEL01-RN";"UOP01-DEL01-RN"
482170;2022-10-22;"sábado";"08:21:00";"PE";428;189;"PETROLINA";"Velocidade Incompatível";"Colisão traseira";"Com Vítimas Feridas";"Pleno dia";"Crescente";"Céu Claro";"Dupla";"Reta";"Sim";4;0;0;1;3;0;1;4;-9,37197508;-40,48679585;"SPRF-PE";"DEL06-PE";"UOP01-DEL06-PE"
482171;2022-09-28;"quarta-feira";"11:30:00";"PE";408;46;"NAZARE DA MATA";"Transitar na contramão";"Capotamento";"Com Vítimas Feridas";"Pleno dia";"Decrescente";"Céu Claro";"Simples";"Aclive";"Não";2;0;1;0;0;1;1;2;-7,69727313;-35,24713852;"SPRF-PE";"DEL01-PE";"UOP02-DEL01-PE"
482176;2022-10-22;"sábado";"05:36:00";"PI";407;549;"JACOBINA DO PIAUI";"Transitar no acostamento";"Atropelamento de Pedestre";"Com Vítimas Fatais";"Pleno dia";"Crescente";"Céu Claro";"Simples";"Reta";"Não";2;1;0;0;0;1;0;2;-7,92625211;-41,19545756;"SPRF-PI";"DEL04-PI";"UOP01-DEL04-PI"
482178;2022-10-22;"sábado";"09:20:00";"MG";381;505,4;"BETIM";"Reação tardia ou ineficiente do condutor";"Colisão lateral mesmo sentido";"Com Vítimas Feridas";"Pleno dia";"Crescente";"Céu Claro";"Dupla";"Reta";"Sim";2;0;1;0;1;0;1;2;-20,04478441;-44,27276484;"SPRF-MG";"DEL01-MG";"UOP03-DEL01-MG"
482180;2022-10-22;"sábado";"10:05:00";"GO";60;72;"ABADIANIA";"Avarias e/ou desgaste excessivo no pneu";"Colisão traseira";"Com Vítimas Feridas";"Pleno dia";"Crescente";"Céu Claro";"Dupla";"Reta";"Não";2;0;1;0;1;0;1;2;-16,2636;-48,764;"SPRF-GO";"DEL02-GO";"UOP01-DEL02-GO"
482182;2022-10-22;"sábado";"08:30:00";"RN";101;113;"SAO JOSE DE MIPIBU";"Ingestão de álcool pelo condutor";"Colisão lateral mesmo sentido";"Sem Vítimas";"Pleno dia";"Crescente";"Céu Claro";"Dupla";"Aclive;Reta";"Não";2;0;0;0;2;0;0;2;-5,973247;-35,26489;"SPRF-RN";"DEL01-RN";"UOP01-DEL01-RN"
482183;2022-10-18;"terça-feira";"17:30:00";"MG";381;565,2;"ITAGUARA";"Conversão proibida";"Atropelamento de Pedestre";"Com Vítimas Feridas";"Pleno dia";"Crescente";"Ignorado";"Dupla";"Interseção de Vias;Curva";"Não";2;0;0;1;1;0;1;2;-20,40868701;-44,52561498;"SPRF-MG";"DEL04-MG";"UOP03-DEL04-MG"
482184;2022-10-22;"sábado";"10:00:00";"MG";40;773,6;"JUIZ DE FORA";"Manobra de mudança de faixa";"Colisão traseira";"Com Vítimas Feridas";"Pleno dia";"Decrescente";"Sol";"Dupla";"Retorno Regulamentado";"Não";3;0;0;1;1;1;1;3;-21,62581762;-43,45044987;"SPRF-MG";"DEL05-MG";"UOP01-DEL05-MG"
482185;2022-10-22;"sábado";"06:08:00";"RJ";101;285;"ITABORAI";"Modificação proibida";"Colisão traseira";"Sem Vítimas";"Pleno dia";"Crescente";"Céu Claro";"Simples";"Reta";"Sim";3;0;0;0;2;1;0;3;-22,7498742;-42,81644087;"SPRF-RJ";"DEL02-RJ";"UOP02-DEL02-RJ"
482187;2022-10-22;"sábado";"10:30:00";"SC";101;119;"ITAJAI";"Condutor deixou de manter distância do veículo da frente";"Colisão traseira";"Com Vítimas Feridas";"Pleno dia";"Crescente";"Céu Claro";"Dupla";"Reta";"Sim";2;0;1;0;1;0;1;2;-26,9043179;-48,71555481;"SPRF-SC";"DEL04-SC";"UOP04-DEL04-SC"
482188;2022-10-22;"sábado";"10:00:00";"RJ";356;132;"CAMPOS DOS GOYTACAZES";"Ausência de reação do condutor";"Saída de leito carroçável";"Com Vítimas Fatais";"Pleno dia";"Crescente";"Céu Claro";"Simples";"Reta";"Não";3;3;0;0;0;0;0;1;-21,71335697;-41,35923796;"SPRF-RJ";"DEL08-RJ";"UOP01-DEL08-RJ"
482189;2022-10-22;"sábado";"10:00:00";"RN";101;114;"SAO JOSE DE MIPIBU";"Ausência de reação do condutor";"Queda de ocupante de veículo";"Com Vítimas Feridas";"Pleno dia";"Crescente";"Céu Claro";"Dupla";"Reta";"Não";2;0;2;0;0;0;2;1;-5,982204;-35,264896;"SPRF-RN";"DEL01-RN";"UOP01-DEL01-RN"
482190;2022-10-22;"sábado";"09:25:00";"SC";101;282,5;"IMBITUBA";"Reação tardia ou ineficiente do condutor";"Colisão traseira";"Com Vítimas Feridas";"Pleno dia";"Crescente";"Nublado";"Múltipla";"Interseção de Vias";"Sim";2;0;1;0;1;0;1;2;-28,215207;-48,700566;"SPRF-SC";"DEL02-SC";"UOP03-DEL02-SC"
482191;2022-10-22;"sábado";"10:40:00";"ES";101;120;"SOORETAMA";"Demais falhas mecânicas ou elétricas";"Queda de ocupante de veículo";"Com Vítimas Feridas";"Pleno dia";"Decrescente";"Céu Claro";"Simples";"Aclive";"Não";2;0;2;0;0;0;2;1;-19,1438532;-40,0751016;"SPRF-ES";"DEL04-ES";"UOP01-DEL04-ES"
482192;2022-10-22;"sábado";"11:05:00";"SP";488;2;"APARECIDA";"Manobra de mudança de faixa";"Colisão lateral mesmo sentido";"Com Vítimas Feridas";"Pleno dia";"Decrescente";"Sol";"Dupla";"Reta";"Sim";2;0;1;0;1;0;1;2;-22,850164;-45,231808;"SPRF-SP";"DEL08-SP";"UOP01-DEL08-SP"
482193;2022-10-03;"segunda-feira";"14:50:00";"CE";116;14;"FORTALEZA";"Condutor deixou de manter distância do veículo da frente";"Colisão traseira";"Com Vítimas Feridas";"Pleno dia";"Crescente";"Céu Claro";"Múltipla";"Reta";"Sim";3;0;1;0;2;0;1;2;-3,870745;-38,498503;"SPRF-CE";"DEL01-CE";"UOP02-DEL01-CE"
482194;2022-10-22;"sábado";"11:45:00";"RS";287;248;"SANTA MARIA";"Conversão proibida";"Colisão transversal";"Com Vítimas Feridas";"Pleno dia";"Decrescente";"Céu Claro";"Dupla";"Em Obras;Reta;Interseção de Vias";"Sim";2;0;1;0;1;0;1;2;-29,69654338;-53,84825349;"SPRF-RS";"DEL09-RS";"UOP01-DEL09-RS"
482195;2022-10-22;"sábado";"11:45:00";"TO";153;145;"ARAGUAINA";"Acessar a via sem observar a presença dos outros veículos";"Colisão lateral mesmo sentido";"Com Vítimas Feridas";"Pleno dia";"Decrescente";"Céu Claro";"Simples";"Reta";"Sim";3;0;1;0;2;0;1;2;-7,20503614;-48,24035166;"SPRF-TO";"DEL02-TO";"UOP01-DEL02-TO"
482196;2022-10-22;"sábado";"10:20:00";"RJ";116;179;"NOVA IGUACU";"Ausência de reação do condutor";"Colisão traseira";"Com Vítimas Feridas";"Pleno dia";"Decrescente";"Céu Claro";"Dupla";"Reta";"Sim";3;0;1;0;1;1;1;2;-22,75077585;-43,44088554;"SPRF-RJ";"DEL01-RJ";"UOP02-DEL01-RJ"
482197;2022-10-22;"sábado";"10:44:00";"MS";262;525,6;"ANASTACIO";"Reação tardia ou ineficiente do condutor";"Saída de leito carroçável";"Com Vítimas Feridas";"Pleno dia";"Crescente";"Céu Claro";"Simples";"Reta";"Não";4;0;0;4;0;0;4;1;-20,4337009;-56,03359894;"SPRF-MS";"DEL03-MS";"UOP01-DEL03-MS"
482198;2022-10-22;"sábado";"11:10:00";"RS";470;257,5;"SALVADOR DO SUL";"Reação tardia ou ineficiente do condutor";"Saída de leito carroçável";"Com Vítimas Feridas";"Pleno dia";"Decrescente";"Garoa/Chuvisco";"Simples";"Declive;Curva";"Não";1;0;1;0;0;0;1;1;-29,44071;-51,50798;"SPRF-RS";"DEL06-RS";"UOP01-DEL06-RS"
482202;2022-10-22;"sábado";"10:45:00";"PR";476;122;"CURITIBA";"Reação tardia ou ineficiente do condutor";"Tombamento";"Com Vítimas Feridas";"Pleno dia";"Decrescente";"Céu Claro";"Dupla";"Reta";"Sim";3;0;2;0;1;0;2;2;-25,385775;-49,203377;"SPRF-PR";"DEL01-PR";"UOP01-DEL01-PR"
482203;2022-10-22;"sábado";"12:20:00";"RS";116;251;"SAO LEOPOLDO";"Condutor deixou de manter distância do veículo da frente";"Colisão traseira";"Sem Vítimas";"Pleno dia";"Crescente";"Céu Claro";"Dupla";"Reta";"Sim";4;0;0;0;4;0;0;2;-29,79609112;-51,16494125;"SPRF-RS";"DEL01-RS";"UOP02-DEL01-RS"
482204;2022-10-22;"sábado";"12:10:00";"SP";116;225;"GUARULHOS";"Reação tardia ou ineficiente do condutor";"Colisão traseira";"Com Vítimas Feridas";"Pleno dia";"Decrescente";"Céu Claro";"Múltipla";"Reta";"Sim";2;0;1;0;1;0;1;2;-23,48586772;-46,54075317;"SPRF-SP";"DEL01-SP";"UOP01-DEL01-SP"
482205;2022-10-22;"sábado";"06:30:00";"PE";407;4;"AFRANIO";"Ingestão de álcool pelo condutor";"Colisão frontal";"Com Vítimas Fatais";"Pleno dia";"Crescente";"Céu Claro";"Simples";"Reta";"Não";3;2;0;1;0;0;1;2;-8,45797422;-41,01602626;"SPRF-PE";"DEL06-PE";"UOP02-DEL06-PE"
482206;2022-10-22;"sábado";"12:15:00";"RN";405;0,1;"MOSSORO";"Transitar na contramão";"Colisão frontal";"Com Vítimas Feridas";"Pleno dia";"Decrescente";"Céu Claro";"Dupla";"Reta";"Sim";2;0;0;1;1;0;1;2;-5,1914673;-37,351887;"SPRF-RN";"DEL04-RN";"UOP02-DEL04-RN"
482207;2022-10-22;"sábado";"09:00:00";"SC";116;53;"PAPANDUVA";"Conversão proibida";"Colisão transversal";"Com Vítimas Fatais";"Pleno dia";"Decrescente";"Céu Claro";"Simples";"Aclive;Reta";"Não";2;1;1;0;0;0;1;2;-26,3932492;-50,15515026;"SPRF-SC";"DEL06-SC";"UOP01-DEL06-SC"
482209;2022-10-22;"sábado";"10:30:00";"RJ";101;321;"NITEROI";"Pedestre andava na pista";"Atropelamento de Pedestre";"Com Vítimas Fatais";"Pleno dia";"Decrescente";"Céu Claro";"Múltipla";"Curva";"Sim";2;1;0;0;0;1;0;2;-22,87851791;-43,11059833;"SPRF-RJ";"DEL02-RJ";"UOP01-DEL02-RJ"
482210;2022-10-22;"sábado";"13:04:00";"RS";116;247;"SAO LEOPOLDO";"Condutor deixou de manter distância do veículo da frente";"Colisão traseira";"Com Vítimas Feridas";"Pleno dia";"Decrescente";"Céu Claro";"Dupla";"Reta";"Sim";3;0;1;0;2;0;1;3;-29,76733091;-51,1535296;"SPRF-RS";"DEL01-RS";"UOP02-DEL01-RS"
482211;2022-10-22;"sábado";"10:15:00";"SC";282;354,3;"CAMPOS NOVOS";"Reação tardia ou ineficiente do condutor";"Saída de leito carroçável";"Com Vítimas Feridas";"Pleno dia";"Decrescente";"Céu Claro";"Simples";"Curva";"Não";1;0;1;0;0;0;1;1;-27,35796;-51,330452;"SPRF-SC";"DEL07-SC";"UOP06-DEL07-SC"
482212;2022-10-22;"sábado";"12:20:00";"MG";40;519;"RIBEIRAO DAS NEVES";"Falta de elemento de contenção que evite a saída do leito carroçável";"Saída de leito carroçável";"Com Vítimas Feridas";"Pleno dia";"Decrescente";"Sol";"Dupla";"Reta";"Sim";1;0;1;0;0;0;1;1;-19,83957589;-44,07684485;"SPRF-MG";"DEL01-MG";"UOP02-DEL01-MG"
482213;2022-10-22;"sábado";"09:20:00";"MG";262;410,5;"IGARATINGA";"Acessar a via sem observar a presença dos outros veículos";"Colisão lateral mesmo sentido";"Com Vítimas Feridas";"Plena Noite";"Crescente";"Vento";"Dupla";"Reta";"Não";4;0;1;0;0;3;1;3;-19,88686179;-44,63193985;"SPRF-MG";"DEL08-MG";"UOP03-DEL08-MG"
482214;2022-10-22;"sábado";"13:30:00";"SC";282;69;"RANCHO QUEIMADO";"Velocidade Incompatível";"Tombamento";"Com Vítimas Feridas";"Pleno dia";"Decrescente";"Sol";"Simples";"Curva";"Não";2;0;1;1;0;0;2;1;-27,690144;-49,083813;"SPRF-SC";"DEL01-SC";"UOP03-DEL01-SC"
482215;2022-10-22;"sábado";"11:30:00";"SC";101;59,9;"ARAQUARI";"Reação tardia ou ineficiente do condutor";"Tombamento";"Com Vítimas Feridas";"Pleno dia";"Crescente";"Céu Claro";"Dupla";"Reta";"Não";1;0;1;0;0;0;1;1;-26,44651734;-48,79426826;"SPRF-SC";"DEL03-SC";"UOP02-DEL03-SC"
482216;2022-10-22;"sábado";"13:00:00";"RO";364;708,4;"PORTO VELHO";"Acessar a via sem observar a presença dos outros veículos";"Colisão traseira";"Com Vítimas Feridas";"Pleno dia";"Crescente";"Nublado";"Dupla";"Retorno Regulamentado;Reta";"Não";2;0;1;0;1;0;1;2;-8,79554083;-63,84072487;"SPRF-RO";"DEL01-RO";"UOP01-DEL01-RO"
482217;2022-10-22;"sábado";"10:50:00";"SC";470;125;"LONTRAS";"Pedestre cruzava a pista fora da faixa";"Atropelamento de Pedestre";"Com Vítimas Fatais";"Pleno dia";"Crescente";"Sol";"Simples";"Reta";"Sim";2;1;0;0;1;0;0;2;-27,1229469;-49,536318;"SPRF-SC";"DEL04-SC";"UOP02-DEL04-SC"
482218;2022-10-22;"sábado";"11:00:00";"SC";280;36,2;"ARAQUARI";"Manobra de mudança de faixa";"Capotamento";"Com Vítimas Feridas";"Pleno dia";"Decrescente";"Céu Claro";"Simples";"Reta";"Não";3;0;2;0;0;1;2;2;-26,44201783;-48,80964363;"SPRF-SC";"DEL03-SC";"UOP03-DEL03-SC"