"id";"data_inversa";"dia_semana";"horario";"uf";"br";"km";"municipio";"causa_acidente";"tipo_acidente";"classificacao_acidente";"fase_dia";"sentido_via";"condicao_metereologica";"tipo_pista";"tracado_via";"uso_solo";"pessoas";"mortos";"feridos_leves";"feridos_graves";"ilesos";"ignorados";"feridos";"veiculos";"latitude";"longitude";"regional";"delegacia";"uop"
482220;2022-10-18;"terça-feira";"07:00:00";"RJ";101;320;"SAO GONCALO";"Demais falhas mecânicas ou elétricas";"Colisão traseira";"Sem Vítimas";"Pleno dia";"Crescente";"Nublado";"Dupla";"Reta";"Sim";5;0;0;0;5;0;0;2;-22,86171098;-43,10714015;"SPRF-RJ";"DEL02-RJ";"UOP01-DEL02-RJ"
482221;2022-08-25;"quinta-feira";"07:50:00";"PR";116;115,8;"CURITIBA";"Reação tardia ou ineficiente do condutor";"Colisão lateral mesmo sentido";"Com Vítimas Feridas";"Pleno dia";"Decrescente";"Céu Claro";"Dupla";"Reta";"Sim";4;0;1;0;3;0;1;2;-25,55953326;-49,26560414;"SPRF-PR";"DEL01-PR";"UOP06-DEL01-PR"
482222;2022-10-07;"sexta-feira";"07:15:00";"MG";381;671,5;"PERDOES";"Velocidade Incompatível";"Colisão com objeto";"Com Vítimas Feridas";"Pleno dia";"Crescente";"Chuva";"Dupla";"Curva;Declive";"Não";2;0;1;0;1;0;1;2;-21,08945416;-45,06864195;"SPRF-MG";"DEL04-MG";"UOP02-DEL04-MG"
482223;2022-10-22;"sábado";"13:40:00";"PR";277;589,9;"CASCAVEL";"Ausência de reação do condutor";"Engavetamento";"Com Vítimas Feridas";"Pleno dia";"Crescente";"Céu Claro";"Simples";"Em Obras;Declive";"Não";4;0;3;0;1;0;3;3;-24,98148731;-53,45670462;"SPRF-PR";"DEL04-PR";"UOP01-DEL04-PR"
482224;2022-10-22;"sábado";"14:05:00";"PI";343;267;"CAMPO MAIOR";"Acessar a via sem observar a presença dos outros veículos";"Colisão transversal";"Sem Vítimas";"Pleno dia";"Crescente";"Céu Claro";"Simples";"Rotatória";"Sim";2;0;0;0;2;0;0;2;-4,836484;-42,181347;"SPRF-PI";"DEL01-PI";"UOP03-DEL01-PI"
482225;2022-10-22;"sábado";"14:15:00";"GO";70;1;"AGUAS LINDAS DE GOIAS";"Estacionar ou parar em local proibido";"Colisão traseira";"Com Vítimas Feridas";"Pleno dia";"Crescente";"Nublado";"Dupla";"Reta;Aclive";"Não";2;0;1;0;1;0;1;2;-15,77579351;-48,23259001;"SPRF-DF";"DEL03-DF";"UOP02-DEL03-DF"
482226;2022-10-22;"sábado";"13:45:00";"PB";230;154;"CAMPINA GRANDE";"Transitar na contramão";"Colisão frontal";"Com Vítimas Feridas";"Pleno dia";"Crescente";"Céu Claro";"Simples";"Reta";"Sim";2;0;1;0;1;0;1;2;-7,2777;-35,8985;"SPRF-PB";"DEL02-PB";"UOP01-DEL02-PB"
482228;2022-10-22;"sábado";"12:10:00";"MG";459;69,5;"SENADOR JOSE BENTO";"Ingestão de álcool pelo condutor";"Saída de leito carroçável";"Com Vítimas Feridas";"Pleno dia";"Decrescente";"Céu Claro";"Simples";"Aclive;Curva";"Não";2;0;0;1;0;1;1;2;-22,13190853;-46,15301393;"SPRF-MG";"DEL09-MG";"UOP01-DEL09-MG"
482230;2022-10-22;"sábado";"14:20:00";"RJ";40;108;"DUQUE DE CAXIAS";"Reação tardia ou ineficiente do condutor";"Colisão transversal";"Com Vítimas Feridas";"Pleno dia";"Decrescente";"Céu Claro";"Dupla";"Reta";"Sim";2;0;2;0;0;0;2;2;-22,66476979;-43,28495144;"SPRF-RJ";"DEL01-RJ";"UOP01-DEL01-RJ"
482231;2022-08-03;"quarta-feira";"07:50:00";"MA";230;314;"SAO RAIMUNDO DAS MANGABEIRAS";"Acessar a via sem observar a presença dos outros veículos";"Colisão transversal";"Com Vítimas Fatais";"Pleno dia";"Decrescente";"Céu Claro";"Simples";"Reta";"Não";2;1;0;0;1;0;0;2;-7,01663493;-45,47465527;"SPRF-MA";"DEL05-MA";"UOP01-DEL05-MA"
482232;2022-10-22;"sábado";"04:40:00";"PA";230;1135;"ITAITUBA";"Ausência de reação do condutor";"Atropelamento de Pedestre";"Com Vítimas Feridas";"Plena Noite";"Decrescente";"Céu Claro";"Dupla";"Rotatória";"Sim";4;0;2;0;0;2;2;2;-4,26497388;-55,99205732;"SPRF-PA";"DEL05-PA";"UOP01-DEL05-PA"
482233;2022-10-22;"sábado";"11:30:00";"PI";343;20,8;"PARNAIBA";"Condutor deixou de manter distância do veículo da frente";"Colisão traseira";"Com Vítimas Feridas";"Pleno dia";"Crescente";"Sol";"Simples";"Reta";"Sim";2;0;0;1;0;1;1;2;-2,98784882;-41,76368094;"SPRF-PI";"DEL05-PI";"UOP01-DEL05-PI"
482234;2022-10-22;"sábado";"14:00:00";"GO";60;248;"INDIARA";"Velocidade Incompatível";"Saída de leito carroçável";"Com Vítimas Feridas";"Pleno dia";"Crescente";"Céu Claro";"Dupla";"Retorno Regulamentado;Reta";"Não";2;0;2;0;0;0;2;1;-17,1134;-49,9449;"SPRF-GO";"DEL01-GO";"UOP02-DEL01-GO"
482235;2022-10-22;"sábado";"15:13:00";"DF";60;9,2;"BRASILIA";"Pista Escorregadia";"Saída de leito carroçável";"Sem Vítimas";"Pleno dia";"Crescente";"Chuva";"Dupla";"Declive;Reta";"Sim";1;0;0;0;0;1;0;1;-15,906293;-48,139965;"SPRF-DF";"DEL03-DF";"UOP01-DEL03-DF"
482236;2022-10-22;"sábado";"15:40:00";"RS";116;247;"SAO LEOPOLDO";"Condutor deixou de manter distância do veículo da frente";"Engavetamento";"Com Vítimas Feridas";"Pleno dia";"Decrescente";"Céu Claro";"Dupla";"Reta";"Sim";6;0;2;0;4;0;2;3;-29,76733091;-51,1535296;"SPRF-RS";"DEL01-RS";"UOP02-DEL01-RS"
482237;2022-10-22;"sábado";"15:00:00";"SP";116;84,7;"ROSEIRA";"Reação tardia ou ineficiente do condutor";"Engavetamento";"Com Vítimas Feridas";"Pleno dia";"Crescente";"Céu Claro";"Dupla";"Reta";"Não";7;0;2;1;4;0;3;4;-22,92211829;-45,34450085;"SPRF-SP";"DEL08-SP";"UOP01-DEL08-SP"
482238;2022-08-29;"segunda-feira";"07:30:00";"MA";10;258;"IMPERATRIZ";"Acessar a via sem observar a presença dos outros veículos";"Colisão transversal";"Com Vítimas Feridas";"Pleno dia";"Crescente";"Céu Claro";"Dupla";"Interseção de Vias;Reta";"Sim";3;0;0;1;2;0;1;2;-5,48286703;-47,47209549;"SPRF-MA";"DEL04-MA";"UOP01-DEL04-MA"
482240;2022-10-22;"sábado";"15:30:00";"GO";40;3,9;"VALPARAISO DE GOIAS";"Manobra de mudança de faixa";"Queda de ocupante de veículo";"Com Vítimas Feridas";"Pleno dia";"Crescente";"Chuva";"Dupla";"Declive;Ponte";"Sim";3;0;1;0;1;1;1;3;-16,076081;-47,985671;"SPRF-DF";"DEL01-DF";"UOP01-DEL01-DF"
482241;2022-10-22;"sábado";"14:55:00";"GO";40;136;"CRISTALINA";"Chuva";"Saída de leito carroçável";"Com Vítimas Feridas";"Pleno dia";"Decrescente";"Nublado";"Simples";"Reta";"Não";1;0;1;0;0;0;1;1;-16,943333;-47,312308;"SPRF-DF";"DEL01-DF";"UOP02-DEL01-DF"
482242;2022-10-22;"sábado";"15:50:00";"MG";381;485,5;"BETIM";"Chuva";"Queda de ocupante de veículo";"Com Vítimas Feridas";"Pleno dia";"Decrescente";"Chuva";"Dupla";"Reta";"Sim";1;0;1;0;0;0;1;1;-19,95659361;-44,12622893;"SPRF-MG";"DEL01-MG";"UOP03-DEL01-MG"
482243;2022-10-22;"sábado";"15:30:00";"SC";101;213,3;"PALHOCA";"Ingestão de álcool pelo condutor";"Colisão com objeto";"Sem Vítimas";"Pleno dia";"Crescente";"Céu Claro";"Múltipla";"Interseção de Vias";"Sim";2;0;0;0;1;1;0;2;-27,63697369;-48,66514142;"SPRF-SC";"DEL01-SC";"UOP02-DEL01-SC"
482244;2022-10-22;"sábado";"14:20:00";"BA";110;308;"INHAMBUPE";"Ultrapassagem Indevida";"Colisão transversal";"Com Vítimas Feridas";"Pleno dia";"Crescente";"Céu Claro";"Simples";"Reta";"Não";2;0;1;0;1;0;1;2;-11,9772411;-38,37700766;"SPRF-BA";"DEL01-BA";"UOP04-DEL01-BA"
482245;2022-10-22;"sábado";"15:30:00";"RJ";101;441;"PARATY";"Velocidade Incompatível";"Saída de leito carroçável";"Com Vítimas Feridas";"Pleno dia";"Crescente";"Chuva";"Simples";"Reta";"Não";4;0;4;0;0;0;4;1;-23,04799;-44,60714;"SPRF-RJ";"DEL03-RJ";"UOP02-DEL03-RJ"
482246;2022-10-22;"sábado";"12:30:00";"RJ";495;28;"PETROPOLIS";"Ultrapassagem Indevida";"Colisão traseira";"Com Vítimas Feridas";"Pleno dia";"Crescente";"Céu Claro";"Simples";"Reta";"Sim";3;0;0;1;2;0;1;2;-22,396297;-43,120255;"SPRF-RJ";"DEL06-RJ";"UOP01-DEL06-RJ"
482248;2022-10-22;"sábado";"16:45:00";"ES";101;287;"CARIACICA";"Desrespeitar a preferência no cruzamento";"Colisão transversal";"Com Vítimas Fatais";"Pleno dia";"Crescente";"Nublado";"Dupla";"Reta";"Sim";4;1;0;1;2;0;1;2;-20,26492086;-40,38484807;"SPRF-ES";"DEL01-ES";"UOP01-DEL01-ES"
482249;2022-10-22;"sábado";"16:40:00";"CE";222;13;"CAUCAIA";"Condutor deixou de manter distância do veículo da frente";"Colisão traseira";"Com Vítimas Feridas";"Anoitecer";"Crescente";"Céu Claro";"Simples";"Em Obras;Reta";"Não";2;0;0;1;1;0;1;2;-3,762747;-38,679997;"SPRF-CE";"DEL01-CE";"UOP01-DEL01-CE"
482250;2022-10-22;"sábado";"16:05:00";"MG";365;44,5;"CLARO DOS POCOES";"Velocidade Incompatível";"Colisão frontal";"Com Vítimas Fatais";"Pleno dia";"Crescente";"Chuva";"Simples";"Reta";"Não";6;2;0;3;1;0;3;2;-16,898548;-44,190406;"SPRF-MG";"DEL12-MG";"UOP01-DEL12-MG"
482252;2022-10-11;"terça-feira";"07:12:00";"PR";277;82;"CURITIBA";"Trafegar com motocicleta (ou similar) entre as faixas";"Colisão traseira";"Com Vítimas Feridas";"Amanhecer";"Crescente";"Céu Claro";"Dupla";"Reta";"Sim";3;0;1;1;1;0;2;2;-25,45474405;-49,22467416;"SPRF-PR";"DEL01-PR";"UOP01-DEL01-PR"
482253;2022-10-22;"sábado";"16:35:00";"RJ";101;53;"CAMPOS DOS GOYTACAZES";"Acumulo de água sobre o pavimento";"Colisão frontal";"Com Vítimas Feridas";"Pleno dia";"Crescente";"Chuva";"Simples";"Declive";"Sim";6;0;4;2;0;0;6;2;-21,660484;-41,31128898;"SPRF-RJ";"DEL08-RJ";"UOP01-DEL08-RJ"
482255;2022-10-22;"sábado";"16:25:00";"MG";116;702;"MURIAE";"Acessar a via sem observar a presença dos outros veículos";"Atropelamento de Pedestre";"Com Vítimas Feridas";"Pleno dia";"Decrescente";"Céu Claro";"Simples";"Interseção de Vias";"Não";3;0;2;0;0;1;2;2;-21,12682309;-42,3832189;"SPRF-MG";"DEL07-MG";"UOP02-DEL07-MG"
482256;2022-10-22;"sábado";"16:40:00";"SC";101;27;"JOINVILLE";"Desrespeitar a preferência no cruzamento";"Colisão transversal";"Com Vítimas Feridas";"Pleno dia";"Crescente";"Céu Claro";"Simples";"Rotatória";"Sim";2;0;1;0;1;0;1;2;-26,20130351;-48,91331794;"SPRF-SC";"DEL03-SC";"UOP01-DEL03-SC"
482257;2022-10-22;"sábado";"15:50:00";"SC";101;166;"TIJUCAS";"Ausência de reação do condutor";"Saída de leito carroçável";"Com Vítimas Feridas";"Pleno dia";"Decrescente";"Céu Claro";"Dupla";"Reta";"Não";1;0;0;1;0;0;1;1;-27,26147697;-48,63180349;"SPRF-SC";"DEL04-SC";"UOP03-DEL04-SC"
482259;2022-10-22;"sábado";"17:00:00";"BA";101;263;"SANTO ANTONIO DE JESUS";"Desrespeitar a preferência no cruzamento";"Colisão transversal";"Com Vítimas Feridas";"Pleno dia";"Decrescente";"Céu Claro";"Simples";"Interseção de Vias;Reta";"Não";2;0;1;0;0;1;1;2;-12,978538;-39,284171;"SPRF-BA";"DEL01-BA";"UOP02-DEL01-BA"
482260;2022-10-22;"sábado";"17:15:00";"PE";428;184;"PETROLINA";"Acessar a via sem observar a presença dos outros veículos";"Colisão traseira";"Com Vítimas Feridas";"Pleno dia";"Crescente";"Céu Claro";"Dupla";"Reta;Retorno Regulamentado";"Sim";2;0;1;0;1;0;1;2;-9,33211208;-40,46621385;"SPRF-PE";"DEL06-PE";"UOP01-DEL06-PE"
482261;2022-10-22;"sábado";"16:00:00";"SC";101;69;"ARAQUARI";"Ausência de reação do condutor";"Saída de leito carroçável";"Com Vítimas Feridas";"Pleno dia";"Decrescente";"Céu Claro";"Dupla";"Reta";"Não";1;0;1;0;0;0;1;1;-26,50298009;-48,72814515;"SPRF-SC";"DEL03-SC";"UOP02-DEL03-SC"
482263;2022-10-22;"sábado";"12:30:00";"MG";262;405,1;"PARA DE MINAS";"Avarias e/ou desgaste excessivo no pneu";"Queda de ocupante de veículo";"Com Vítimas Feridas";"Pleno dia";"Decrescente";"Sol";"Dupla";"Reta";"Não";2;0;2;0;0;0;2;1;-19,88921326;-44,58977508;"SPRF-MG";"DEL01-MG";"UOP03-DEL01-MG"
482264;2022-10-22;"sábado";"17:29:00";"ES";101;343,3;"GUARAPARI";"Velocidade Incompatível";"Colisão com objeto";"Com Vítimas Feridas";"Anoitecer";"Decrescente";"Nublado";"Dupla";"Curva";"Não";3;0;1;0;2;0;1;1;-20,66307033;-40,5994571;"SPRF-ES";"DEL03-ES";"UOP01-DEL03-ES"
482265;2022-10-22;"sábado";"17:35:00";"RS";470;160,5;"NOVA PRATA";"Acostamento em desnível";"Saída de leito carroçável";"Com Vítimas Feridas";"Pleno dia";"Decrescente";"Nublado";"Simples";"Reta";"Não";1;0;1;0;0;0;1;1;-28,81066741;-51,60061401;"SPRF-RS";"DEL06-RS";"UOP02-DEL06-RS"
482266;2022-10-22;"sábado";"13:00:00";"RN";405;77;"APODI";"Ingestão de álcool pelo condutor";"Atropelamento de Pedestre";"Com Vítimas Feridas";"Pleno dia";"Crescente";"Céu Claro";"Simples";"Curva;Aclive";"Sim";2;0;0;2;0;0;2;2;-5,66178802;-37,79895858;"SPRF-RN";"DEL04-RN";"UOP02-DEL04-RN"
482268;2022-10-22;"sábado";"16:15:00";"MT";364;261;"JUSCIMEIRA";"Ausência de reação do condutor";"Colisão lateral mesmo sentido";"Com Vítimas Feridas";"Pleno dia";"Decrescente";"Nublado";"Dupla";"Reta;Retorno Regulamentado;Declive";"Não";4;0;1;0;3;0;1;3;-16,02752116;-54,89336014;"SPRF-MT";"DEL02-MT";"UOP01-DEL02-MT"
482270;2022-10-22;"sábado";"18:10:00";"SC";101;424,8;"ARARANGUA";"Acessar a via sem observar a presença dos outros veículos";"Colisão transversal";"Com Vítimas Feridas";"Pleno dia";"Crescente";"Nublado";"Simples";"Reta";"Sim";2;0;1;1;0;0;2;2;-29,01601155;-49,58269226;"SPRF-SC";"DEL02-SC";"UOP02-DEL02-SC"
482271;2022-10-22;"sábado";"17:15:00";"BA";242;799;"BARREIRAS";"Condutor deixou de manter distância do veículo da frente";"Tombamento";"Com Vítimas Feridas";"Pleno dia";"Decrescente";"Céu Claro";"Dupla";"Aclive;Curva";"Não";3;0;0;1;0;2;1;2;-12,12972942;-45,01728293;"SPRF-BA";"DEL10-BA";"UOP01-DEL10-BA"
482272;2022-10-22;"sábado";"17:30:00";"RJ";40;122;"DUQUE DE CAXIAS";"Ausência de reação do condutor";"Queda de ocupante de veículo";"Com Vítimas Feridas";"Plena Noite";"Crescente";"Chuva";"Múltipla";"Reta";"Sim";1;0;1;0;0;0;1;1;-22,6744917;-43,2854239;"SPRF-RJ";"DEL01-RJ";"UOP01-DEL01-RJ"
482273;2022-10-22;"sábado";"18:05:00";"GO";40;12,6;"LUZIANIA";"Entrada inopinada do pedestre";"Atropelamento de Pedestre";"Com Vítimas Fatais";"Anoitecer";"Decrescente";"Nublado";"Dupla";"Reta";"Sim";3;1;0;0;1;1;0;2;-16,145123;-47,945382;"SPRF-DF";"DEL01-DF";"UOP01-DEL01-DF"
482274;2022-10-22;"sábado";"18:24:00";"AL";316;51,6;"CANAPI";"Animais na Pista";"Atropelamento de Animal";"Sem Vítimas";"Plena Noite";"Crescente";"Céu Claro";"Simples";"Declive;Reta";"Não";1;0;0;0;1;0;0;1;-9,20362563;-37,49979577;"SPRF-AL";"DEL03-AL";"UOP02-DEL03-AL"
482275;2022-10-22;"sábado";"17:30:00";"MG";116;771,6;"LEOPOLDINA";"Velocidade Incompatível";"Colisão com objeto";"Sem Vítimas";"Anoitecer";"Decrescente";"Garoa/Chuvisco";"Simples";"Curva";"Não";2;0;0;0;2;0;0;1;-21,55638202;-42,67583002;"SPRF-MG";"DEL07-MG";"UOP01-DEL07-MG"
482276;2022-10-22;"sábado";"18:50:00";"RN";101;71,5;"EXTREMOZ";"Condutor deixou de manter distância do veículo da frente";"Colisão traseira";"Com Vítimas Feridas";"Plena Noite";"Crescente";"Céu Claro";"Simples";"Reta";"Não";5;0;3;0;2;0;3;3;-5,68968701;-35,26298333;"SPRF-RN";"DEL02-RN";"UOP01-DEL02-RN"
482277;2022-10-22;"sábado";"18:50:00";"SE";101;94;"NOSSA SENHORA DO SOCORRO";"Velocidade Incompatível";"Saída de leito carroçável";"Com Vítimas Feridas";"Plena Noite";"Crescente";"Céu Claro";"Dupla";"Reta";"Sim";3;0;2;0;1;0;2;1;-10,90732013;-37,15236691;"SPRF-SE";"DEL01-SE";"UOP01-DEL01-SE"
482278;2022-10-22;"sábado";"19:00:00";"DF";70;6;"BRASILIA";"Acumulo de óleo sobre o pavimento";"Colisão traseira";"Com Vítimas Feridas";"Plena Noite";"Crescente";"Garoa/Chuvisco";"Dupla";"Reta";"Sim";4;0;3;0;1;0;3;3;-15,791242;-48,105759;"SPRF-DF";"DEL03-DF";"UOP02-DEL03-DF"
482280;2022-10-22;"sábado";"18:10:00";"PR";369;522,2;"CASCAVEL";"Acessar a via sem observar a presença dos outros veículos";"Colisão transversal";"Com Vítimas Feridas";"Pleno dia";"Crescente";"Sol";"Simples";"Interseção de Vias;Reta";"Sim";2;0;0;1;1;0;1;2;-24,94599;-53,398228;"SPRF-PR";"DEL04-PR";"UOP01-DEL04-PR"
482281;2022-10-22;"sábado";"18:45:00";"TO";153;494,7;"PARAISO DO TOCANTINS";"Acessar a via sem observar a presença dos outros veículos";"Colisão transversal";"Com Vítimas Feridas";"Plena Noite";"Crescente";"Céu Claro";"Simples";"Reta";"Sim";2;0;1;0;1;0;1;2;-10,15679116;-48,88263755;"SPRF-TO";"DEL01-TO";"UOP01-DEL01-TO"
482283;2022-10-22;"sábado";"19:00:00";"SP";153;261,9;"MARILIA";"Animais na Pista";"Atropelamento de Animal";"Sem Vítimas";"Plena Noite";"Decrescente";"Céu Claro";"Simples";"Reta";"Não";2;0;0;0;2;0;0;1;-22,27474603;-49,92126208;"SPRF-SP";"DEL07-SP";"UOP02-DEL07-SP"
482284;2022-10-22;"sábado";"15:00:00";"MS";463;77;"PONTA PORA";"Ausência de reação do condutor";"Saída de leito carroçável";"Sem Vítimas";"Pleno dia";"Decrescente";"Sol";"Simples";"Reta";"Não";1;0;0;0;0;1;0;1;-22,51402381;-55,45005798;"SPRF-MS";"DEL04-MS";"UOP03-DEL04-MS"
482285;2022-10-22;"sábado";"19:20:00";"MG";40;796;"JUIZ DE FORA";"Demais Fenômenos da natureza";"Engavetamento";"Com Vítimas Feridas";"Plena Noite";"Crescente";"Garoa/Chuvisco";"Dupla";"Reta";"Não";3;0;1;0;2;0;1;3;-21,81119295;-43,394771;"SPRF-MG";"DEL05-MG";"UOP01-DEL05-MG"
482287;2022-10-22;"sábado";"19:15:00";"BA";101;508;"ITABUNA";"Área urbana sem a presença de local apropriado para a travessia de pedestres";"Atropelamento de Pedestre";"Com Vítimas Feridas";"Plena Noite";"Crescente";"Nublado";"Simples";"Ponte";"Sim";2;0;0;1;1;0;1;2;-14,8180166;-39,29634079;"SPRF-BA";"DEL05-BA";"UOP01-DEL05-BA"
482288;2022-10-22;"sábado";"09:00:00";"BA";101;638,9;"MASCOTE";"Transitar no acostamento";"Atropelamento de Pedestre";"Com Vítimas Fatais";"Pleno dia";"Crescente";"Céu Claro";"Simples";"Declive";"Não";2;1;0;0;1;0;0;2;-15,78765;-39,50658;"SPRF-BA";"DEL05-BA";"UOP02-DEL05-BA"
482290;2022-10-22;"sábado";"18:00:00";"SC";101;437;"SOMBRIO";"Ausência de reação do condutor";"Saída de leito carroçável";"Com Vítimas Feridas";"Pleno dia";"Crescente";"Nublado";"Simples";"Curva";"Sim";1;0;1;0;0;0;1;1;-29,116756;-49,640408;"SPRF-SC";"DEL02-SC";"UOP02-DEL02-SC"
482291;2022-10-22;"sábado";"20:00:00";"RS";158;326;"SANTA MARIA";"Desrespeitar a preferência no cruzamento";"Colisão lateral mesmo sentido";"Com Vítimas Feridas";"Plena Noite";"Crescente";"Céu Claro";"Dupla";"Rotatória";"Sim";2;0;1;0;1;0;1;2;-29,71536469;-53,81012857;"SPRF-RS";"DEL09-RS";"UOP01-DEL09-RS"
482292;2022-10-22;"sábado";"18:40:00";"MT";364;271;"JACIARA";"Ingestão de álcool pelo condutor";"Colisão lateral mesmo sentido";"Sem Vítimas";"Plena Noite";"Crescente";"Nublado";"Dupla";"Rotatória";"Sim";2;0;0;0;2;0;0;2;-15,96962998;-54,95363;"SPRF-MT";"DEL05-MT";"UOP02-DEL05-MT"
482294;2022-10-22;"sábado";"18:15:00";"BA";324;620;"SALVADOR";"Ingestão de álcool pelo condutor";"Colisão frontal";"Com Vítimas Feridas";"Plena Noite";"Decrescente";"Céu Claro";"Dupla";"Retorno Regulamentado;Curva;Declive";"Sim";2;0;1;0;1;0;1;2;-12,90482172;-38,45556535;"SPRF-BA";"DEL01-BA";"UOP01-DEL01-BA"
482295;2022-10-22;"sábado";"06:30:00";"MG";356;269,8;"MURIAE";"Condutor deixou de manter distância do veículo da frente";"Colisão traseira";"Com Vítimas Feridas";"Pleno dia";"Crescente";"Chuva";"Simples";"Ponte";"Não";3;0;1;0;2;0;1;2;-21,12665618;-42,33310204;"SPRF-MG";"DEL07-MG";"UOP02-DEL07-MG"
482296;2022-10-22;"sábado";"16:58:00";"MG";365;15;"MONTES CLAROS";"Velocidade Incompatível";"Colisão com objeto";"Sem Vítimas";"Pleno dia";"Crescente";"Chuva";"Simples";"Reta";"Não";1;0;0;0;1;0;0;1;-16,86592699;-43,98363496;"SPRF-MG";"DEL12-MG";"UOP01-DEL12-MG"
482299;2022-10-22;"sábado";"18:45:00";"MG";262;33,7;"MANHUACU";"Ingestão de álcool pelo condutor";"Colisão lateral sentido oposto";"Com Vítimas Feridas";"Plena Noite";"Crescente";"Céu Claro";"Simples";"Reta";"Não";2;0;0;1;1;0;1;2;-20,25550548;-42,00465315;"SPRF-MG";"DEL06-MG";"UOP03-DEL06-MG"
482300;2022-10-22;"sábado";"21:15:00";"GO";60;389;"RIO VERDE";"Ingestão de álcool pelo condutor";"Saída de leito carroçável";"Sem Vítimas";"Plena Noite";"Decrescente";"Chuva";"Dupla";"Declive";"Sim";2;0;0;0;2;0;0;1;-17,819;-50,943;"SPRF-GO";"DEL04-GO";"UOP02-DEL04-GO"
482301;2022-10-22;"sábado";"21:00:00";"SP";116;215;"GUARULHOS";"Reação tardia ou ineficiente do condutor";"Colisão traseira";"Com Vítimas Feridas";"Plena Noite";"Crescente";"Nublado";"Múltipla";"Reta";"Sim";2;0;1;0;1;0;1;1;-23,44695693;-46,45394103;"SPRF-SP";"DEL01-SP";"UOP01-DEL01-SP"
482302;2022-10-22;"sábado";"21:15:00";"RS";386;445;"CANOAS";"Ausência de reação do condutor";"Colisão traseira";"Com Vítimas Feridas";"Plena Noite";"Crescente";"Ignorado";"Dupla";"Reta";"Sim";4;0;1;0;3;0;1;2;-29,892885;-51,192703;"SPRF-RS";"DEL01-RS";"UOP01-DEL01-RS"
482303;2022-10-22;"sábado";"21:50:00";"SP";116;214;"GUARULHOS";"Acessar a via sem observar a presença dos outros veículos";"Colisão lateral mesmo sentido";"Com Vítimas Feridas";"Plena Noite";"Crescente";"Céu Claro";"Múltipla";"Reta";"Não";2;0;1;0;1;0;1;2;-23,44333014;-46,44531294;"SPRF-SP";"DEL01-SP";"UOP01-DEL01-SP"
482304;2022-10-22;"sábado";"22:00:00";"RJ";101;72;"CAMPOS DOS GOYTACAZES";"Chuva";"Atropelamento de Pedestre";"Com Vítimas Feridas";"Plena Noite";"Crescente";"Chuva";"Simples";"Reta";"Não";2;0;1;0;0;1;1;2;-21,79172802;-41,38837798;"SPRF-RJ";"DEL08-RJ";"UOP02-DEL08-RJ"
482305;2022-10-22;"sábado";"19:30:00";"RJ";101;512;"ANGRA DOS REIS";"Trafegar com motocicleta (ou similar) entre as faixas";"Colisão frontal";"Com Vítimas Feridas";"Plena Noite";"Crescente";"Chuva";"Simples";"Reta";"Não";3;0;1;1;1;0;2;2;-22,96909;-44,44151;"SPRF-RJ";"DEL03-RJ";"UOP03-DEL03-RJ"
482306;2022-10-22;"sábado";"21:08:00";"SC";470;57,2;"BLUMENAU";"Transitar na contramão";"Colisão frontal";"Com Vítimas Fatais";"Plena Noite";"Decrescente";"Nublado";"Simples";"Em Obras;Reta";"Sim";5;1;0;1;0;3;1;3;-26,88174169;-49,13851976;"SPRF-SC";"DEL04-SC";"UOP01-DEL04-SC"
482307;2022-09-25;"domingo";"17:20:00";"MG";365;612,9;"UBERLANDIA";"Acessar a via sem observar a presença dos outros veículos";"Atropelamento de Pedestre";"Com Vítimas Fatais";"Pleno dia";"Crescente";"Céu Claro";"Simples";"Reta";"Sim";2;1;0;0;1;0;0;2;-18,884602;-48,26594;"SPRF-MG";"DEL15-MG";"UOP01-DEL15-MG"
482308;2022-10-22;"sábado";"22:00:00";"BA";116;8;"VITORIA DA CONQUISTA";"Transitar no acostamento";"Colisão transversal";"Com Vítimas Feridas";"Plena Noite";"Crescente";"Céu Claro";"Simples";"Reta";"Sim";2;0;1;0;1;0;1;2;-14,85592295;-40,87968511;"SPRF-BA";"DEL08-BA";"UOP01-DEL08-BA"
482310;2022-10-22;"sábado";"11:45:00";"RJ";495;18;"PETROPOLIS";"Velocidade Incompatível";"Colisão frontal";"Com Vítimas Feridas";"Pleno dia";"Decrescente";"Céu Claro";"Simples";"Curva";"Não";3;0;1;1;1;0;2;2;-22,427549;-43,062866;"SPRF-RJ";"DEL06-RJ";"UOP01-DEL06-RJ"
482311;2022-10-22;"sábado";"20:55:00";"RS";116;609;"ARROIO GRANDE";"Chuva";"Colisão lateral sentido oposto";"Sem Vítimas";"Plena Noite";"Crescente";"Chuva";"Simples";"Reta";"Não";5;0;0;0;4;1;0;2;-32,23017374;-53,05485427;"SPRF-RS";"DEL07-RS";"UOP03-DEL07-RS"
482312;2022-10-22;"sábado";"22:20:00";"SP";116;212;"GUARULHOS";"Reação tardia ou ineficiente do condutor";"Colisão traseira";"Com Vítimas Feridas";"Plena Noite";"Crescente";"Ignorado";"Múltipla";"Reta";"Sim";5;0;2;0;3;0;2;3;-23,43608315;-46,42805094;"SPRF-SP";"DEL01-SP";"UOP01-DEL01-SP"
482313;2022-10-22;"sábado";"18:00:00";"PR";153;355;"REBOUCAS";"Velocidade Incompatível";"Saída de leito carroçável";"Com Vítimas Feridas";"Anoitecer";"Crescente";"Céu Claro";"Simples";"Curva";"Não";1;0;1;0;0;0;1;1;-25,639368;-50,72877;"SPRF-PR";"DEL08-PR";"UOP02-DEL08-PR"