"id";"data_inversa";"dia_semana";"horario";"uf";"br";"km";"municipio";"causa_acidente";"tipo_acidente";"classificacao_acidente";"fase_dia";"sentido_via";"condicao_metereologica";"tipo_pista";"tracado_via";"uso_solo";"pessoas";"mortos";"feridos_leves";"feridos_graves";"ilesos";"ignorados";"feridos";"veiculos";"latitude";"longitude";"regional";"delegacia";"uop"
482314;2022-10-22;"sábado";"22:20:00";"RJ";493;88,3;"SEROPEDICA";"Velocidade Incompatível";"Colisão com objeto";"Com Vítimas Feridas";"Anoitecer";"Crescente";"Ignorado";"Simples";"Curva";"Não";1;0;0;1;0;0;1;1;-22,73119405;-43,71541107;"SPRF-RJ";"DEL03-RJ";"UOP01-DEL03-RJ"
482315;2022-10-22;"sábado";"20:30:00";"PR";116;116;"CURITIBA";"Velocidade Incompatível";"Saída de leito carroçável";"Com Vítimas Feridas";"Plena Noite";"Crescente";"Céu Claro";"Múltipla";"Curva";"Sim";1;0;1;0;0;0;1;1;-25,55555464;-49,30624902;"SPRF-PR";"DEL01-PR";"UOP03-DEL01-PR"
482316;2022-10-22;"sábado";"22:00:00";"SC";470;130;"LONTRAS";"Ingestão de álcool pelo condutor";"Colisão transversal";"Com Vítimas Feridas";"Plena Noite";"Decrescente";"Nublado";"Simples";"Reta";"Não";4;0;3;0;1;0;3;2;-27,160365;-49,556487;"SPRF-SC";"DEL04-SC";"UOP02-DEL04-SC"
482317;2022-10-22;"sábado";"22:45:00";"PI";316;306;"PICOS";"Ausência de reação do condutor";"Colisão traseira";"Com Vítimas Feridas";"Plena Noite";"Decrescente";"Ignorado";"Simples";"Curva";"Não";3;0;1;1;1;0;2;2;-7,07700699;-41,50959795;"SPRF-PI";"DEL04-PI";"UOP01-DEL04-PI"
482318;2022-10-22;"sábado";"22:27:00";"PB";230;89;"GURINHEM";"Velocidade Incompatível";"Colisão com objeto";"Sem Vítimas";"Plena Noite";"Decrescente";"Céu Claro";"Dupla";"Reta";"Não";1;0;0;0;0;1;0;1;-7,1708;-35,3831;"SPRF-PB";"DEL01-PB";"UOP03-DEL01-PB"
482319;2022-10-22;"sábado";"18:00:00";"MA";230;54;"SUCUPIRA DO RIACHAO";"Ausência de reação do condutor";"Tombamento";"Com Vítimas Fatais";"Anoitecer";"Decrescente";"Céu Claro";"Simples";"Curva";"Não";1;1;0;0;0;0;0;1;-6,58752858;-43,43354103;"SPRF-PI";"DEL03-PI";"UOP01-DEL03-PI"
482320;2022-10-22;"sábado";"21:00:00";"RS";468;97,3;"TRES PASSOS";"Transitar na contramão";"Colisão frontal";"Com Vítimas Feridas";"Plena Noite";"Crescente";"Céu Claro";"Simples";"Reta";"Não";4;0;3;0;1;0;3;2;-27,48372928;-53,90242141;"SPRF-RS";"DEL08-RS";"UOP02-DEL08-RS"
482321;2022-10-22;"sábado";"22:20:00";"RJ";393;137;"SAPUCAIA";"Pista Escorregadia";"Queda de ocupante de veículo";"Com Vítimas Feridas";"Plena Noite";"Crescente";"Chuva";"Simples";"Reta";"Sim";1;0;1;0;0;0;1;1;-21,99811503;-42,92231799;"SPRF-RJ";"DEL05-RJ";"UOP01-DEL05-RJ"
482322;2022-10-22;"sábado";"19:35:00";"SC";101;357;"JAGUARUNA";"Ausência de reação do condutor";"Colisão traseira";"Com Vítimas Feridas";"Plena Noite";"Crescente";"Nublado";"Simples";"Reta";"Não";3;0;0;2;1;0;2;2;-28,663033;-49,083505;"SPRF-SC";"DEL02-SC";"UOP01-DEL02-SC"
482323;2022-10-22;"sábado";"19:09:00";"SC";282;431,8;"VARGEM BONITA";"Transitar na contramão";"Colisão frontal";"Com Vítimas Fatais";"Plena Noite";"Decrescente";"Céu Claro";"Simples";"Reta";"Não";11;1;0;0;10;0;0;2;-26,979601;-51,805241;"SPRF-SC";"DEL07-SC";"UOP05-DEL07-SC"
482324;2022-10-22;"sábado";"22:50:00";"RS";386;350,8;"ESTRELA";"Ingestão de álcool pelo condutor";"Saída de leito carroçável";"Sem Vítimas";"Plena Noite";"Crescente";"Céu Claro";"Dupla";"Reta";"Sim";1;0;0;0;1;0;0;1;-29,4743;-51,952923;"SPRF-RS";"DEL04-RS";"UOP02-DEL04-RS"
482325;2022-10-22;"sábado";"11:30:00";"PR";277;342;"GUARAPUAVA";"Pedestre cruzava a pista fora da faixa";"Atropelamento de Pedestre";"Com Vítimas Feridas";"Pleno dia";"Decrescente";"Céu Claro";"Dupla";"Declive";"Não";2;0;1;0;1;0;1;2;-25,34327686;-51,41076788;"SPRF-PR";"DEL08-PR";"UOP01-DEL08-PR"
482326;2022-10-22;"sábado";"23:10:00";"RJ";116;181;"NOVA IGUACU";"Chuva";"Colisão com objeto";"Com Vítimas Feridas";"Plena Noite";"Decrescente";"Chuva";"Múltipla";"Reta";"Sim";4;0;2;0;2;0;2;1;-22,761312;-43,423492;"SPRF-RJ";"DEL01-RJ";"UOP02-DEL01-RJ"
482327;2022-10-22;"sábado";"20:20:00";"RR";401;1;"BOA VISTA";"Pedestre cruzava a pista fora da faixa";"Atropelamento de Pedestre";"Com Vítimas Feridas";"Plena Noite";"Decrescente";"Céu Claro";"Dupla";"Reta";"Sim";3;0;1;0;2;0;1;2;2,80229396;-60,68243402;"SPRF-RR";"DEL01-RR";"UOP01-DEL01-RR"
482328;2022-10-22;"sábado";"23:29:00";"GO";414;330;"COCALZINHO DE GOIAS";"Condutor Dormindo";"Saída de leito carroçável";"Com Vítimas Feridas";"Plena Noite";"Crescente";"Céu Claro";"Simples";"Reta";"Não";2;0;1;0;1;0;1;1;-15,580993;-48,628662;"SPRF-GO";"DEL02-GO";"UOP01-DEL02-GO"
482329;2022-10-22;"sábado";"22:40:00";"PE";104;58;"CARUARU";"Ingestão de álcool pelo condutor";"Colisão transversal";"Sem Vítimas";"Plena Noite";"Crescente";"Céu Claro";"Dupla";"Retorno Regulamentado";"Sim";2;0;0;0;2;0;0;2;-8,22252314;-35,97666264;"SPRF-PE";"DEL02-PE";"UOP01-DEL02-PE"
482331;2022-10-22;"sábado";"23:35:00";"RN";101;76,6;"NATAL";"Ingestão de álcool pelo condutor";"Saída de leito carroçável";"Sem Vítimas";"Plena Noite";"Decrescente";"Céu Claro";"Dupla";"Curva";"Não";1;0;0;0;1;0;0;1;-5,72603024;-35,28461489;"SPRF-RN";"DEL02-RN";"UOP01-DEL02-RN"
482332;2022-10-22;"sábado";"20:00:00";"RJ";40;91;"PETROPOLIS";"Pista Escorregadia";"Saída de leito carroçável";"Com Vítimas Feridas";"Plena Noite";"Crescente";"Chuva";"Simples";"Reta";"Não";2;0;1;0;1;0;1;1;-22,54903566;-43,24229724;"SPRF-RJ";"DEL06-RJ";"UOP01-DEL06-RJ"
482333;2022-10-22;"sábado";"23:00:00";"PR";369;163;"CAMBE";"Problema na suspensão";"Eventos atípicos";"Sem Vítimas";"Plena Noite";"Crescente";"Céu Claro";"Dupla";"Aclive;Reta";"Não";4;0;0;0;3;1;0;3;-23,29611125;-51,28254496;"SPRF-PR";"DEL07-PR";"UOP01-DEL07-PR"
482335;2022-10-22;"sábado";"23:10:00";"PE";407;120;"PETROLINA";"Acessar a via sem observar a presença dos outros veículos";"Colisão traseira";"Com Vítimas Feridas";"Plena Noite";"Crescente";"Céu Claro";"Simples";"Reta";"Não";3;0;2;0;1;0;2;2;-9,34434758;-40,55599155;"SPRF-PE";"DEL06-PE";"UOP01-DEL06-PE"
482336;2022-10-23;"domingo";"00:30:00";"SC";282;0,3;"FLORIANOPOLIS";"Ingestão de álcool pelo condutor";"Tombamento";"Sem Vítimas";"Plena Noite";"Crescente";"Céu Claro";"Dupla";"Curva";"Sim";1;0;0;0;1;0;0;1;-27,59845;-48,571995;"SPRF-SC";"DEL01-SC";"UOP01-DEL01-SC"
482337;2022-10-23;"domingo";"00:00:00";"PB";230;9,9;"CABEDELO";"Ingestão de álcool pelo condutor";"Saída de leito carroçável";"Com Vítimas Fatais";"Plena Noite";"Decrescente";"Céu Claro";"Dupla";"Reta";"Sim";1;1;0;0;0;0;0;1;-7,0433;-34,8466;"SPRF-PB";"DEL01-PB";"UOP01-DEL01-PB"
482338;2022-10-22;"sábado";"23:45:00";"PE";101;63,7;"RECIFE";"Ingestão de álcool pelo condutor";"Colisão traseira";"Sem Vítimas";"Plena Noite";"Crescente";"Céu Claro";"Dupla";"Reta";"Sim";3;0;0;0;2;1;0;2;-8,00800604;-34,93756535;"SPRF-PE";"DEL01-PE";"UOP01-DEL01-PE"
482339;2022-10-22;"sábado";"23:50:00";"RJ";465;6;"SEROPEDICA";"Retorno proibido";"Colisão frontal";"Sem Vítimas";"Plena Noite";"Crescente";"Céu Claro";"Dupla";"Interseção de Vias";"Sim";2;0;0;0;2;0;0;2;-22,754314;-43,692879;"SPRF-RJ";"DEL01-RJ";"UOP03-DEL01-RJ"
482341;2022-10-23;"domingo";"01:10:00";"SP";153;75,5;"BADY BASSITT";"Condutor Dormindo";"Colisão com objeto";"Com Vítimas Feridas";"Plena Noite";"Crescente";"Céu Claro";"Dupla";"Curva;Declive";"Sim";1;0;1;0;0;0;1;1;-20,89418221;-49,43387582;"SPRF-SP";"DEL09-SP";"UOP01-DEL09-SP"
482342;2022-10-23;"domingo";"01:20:00";"RJ";116;166;"SAO JOAO DE MERITI";"Acessar a via sem observar a presença dos outros veículos";"Atropelamento de Pedestre";"Com Vítimas Fatais";"Plena Noite";"Decrescente";"Garoa/Chuvisco";"Dupla";"Reta";"Sim";2;1;0;0;0;1;0;2;-22,8036594;-43,34758759;"SPRF-RJ";"DEL01-RJ";"UOP02-DEL01-RJ"
482343;2022-10-22;"sábado";"17:45:00";"PI";407;434,5;"GEMINIANO";"Conversão proibida";"Colisão transversal";"Com Vítimas Feridas";"Plena Noite";"Decrescente";"Céu Claro";"Dupla";"Reta";"Não";2;0;0;1;1;0;1;2;-7,15241013;-41,3673551;"SPRF-PI";"DEL04-PI";"UOP01-DEL04-PI"
482344;2022-10-22;"sábado";"18:50:00";"PI";316;63,9;"MONSENHOR GIL";"Frear bruscamente";"Colisão transversal";"Com Vítimas Feridas";"Plena Noite";"Crescente";"Céu Claro";"Simples";"Aclive";"Não";4;0;3;0;1;0;3;2;-5,60172694;-42,61239584;"SPRF-PI";"DEL01-PI";"UOP02-DEL01-PI"
482345;2022-10-23;"domingo";"01:45:00";"PR";376;185;"SARANDI";"Ingestão de álcool pelo condutor";"Saída de leito carroçável";"Com Vítimas Feridas";"Plena Noite";"Crescente";"Céu Claro";"Dupla";"Reta";"Não";3;0;2;0;1;0;2;1;-23,45147413;-51,85361808;"SPRF-PR";"DEL09-PR";"UOP01-DEL09-PR"
482346;2022-10-22;"sábado";"17:30:00";"BA";242;531;"OLIVEIRA DOS BREJINHOS";"Transitar na contramão";"Colisão frontal";"Com Vítimas Fatais";"Plena Noite";"Decrescente";"Céu Claro";"Simples";"Reta";"Não";4;1;0;0;3;0;0;2;-12,26977526;-42,71701973;"SPRF-BA";"DEL06-BA";"UOP01-DEL06-BA"
482347;2022-10-22;"sábado";"23:30:00";"MT";174;516;"COMODORO";"Velocidade Incompatível";"Saída de leito carroçável";"Sem Vítimas";"Plena Noite";"Crescente";"Chuva";"Simples";"Reta";"Não";1;0;0;0;0;1;0;1;-13,401522;-59,856022;"SPRF-MT";"DEL04-MT";"UOP02-DEL04-MT"
482348;2022-10-23;"domingo";"00:50:00";"SC";280;236;"CANOINHAS";"Ingestão de álcool pelo condutor";"Colisão lateral sentido oposto";"Sem Vítimas";"Plena Noite";"Decrescente";"Nublado";"Simples";"Reta";"Sim";2;0;0;0;2;0;0;2;-26,19473731;-50,42288587;"SPRF-SC";"DEL06-SC";"UOP04-DEL06-SC"
482349;2022-10-23;"domingo";"00:34:00";"RJ";101;385;"RIO DE JANEIRO";"Ingestão de álcool pelo condutor";"Colisão transversal";"Com Vítimas Feridas";"Plena Noite";"Decrescente";"Céu Claro";"Dupla";"Reta";"Não";4;0;3;0;1;0;3;2;-22,88064129;-43,63218994;"SPRF-RJ";"DEL03-RJ";"UOP01-DEL03-RJ"
482350;2022-10-23;"domingo";"01:00:00";"MG";146;487;"POCOS DE CALDAS";"Ingestão de álcool pelo condutor";"Saída de leito carroçável";"Com Vítimas Feridas";"Plena Noite";"Decrescente";"Céu Claro";"Simples";"Curva";"Não";5;0;5;0;0;0;5;1;-21,802464;-46,450008;"SPRF-MG";"DEL09-MG";"UOP01-DEL09-MG"
482351;2022-10-23;"domingo";"02:25:00";"RJ";116;171;"SAO JOAO DE MERITI";"Animais na Pista";"Atropelamento de Animal";"Com Vítimas Feridas";"Plena Noite";"Decrescente";"Céu Claro";"Dupla";"Reta";"Sim";1;0;1;0;0;0;1;1;-22,78254376;-43,38732719;"SPRF-RJ";"DEL01-RJ";"UOP02-DEL01-RJ"
482352;2022-10-22;"sábado";"20:15:00";"MG";262;816;"UBERABA";"Ausência de reação do condutor";"Saída de leito carroçável";"Sem Vítimas";"Plena Noite";"Crescente";"Nublado";"Dupla";"Reta";"Não";1;0;0;0;0;1;0;1;-19,76425055;-48,12713991;"SPRF-MG";"DEL13-MG";"UOP01-DEL13-MG"
482353;2022-10-22;"sábado";"23:30:00";"BA";116;909,3;"CANDIDO SALES";"Entrada inopinada do pedestre";"Atropelamento de Pedestre";"Com Vítimas Fatais";"Plena Noite";"Crescente";"Céu Claro";"Simples";"Curva";"Não";2;1;0;0;0;1;0;2;-15,42964301;-41,21952898;"SPRF-BA";"DEL08-BA";"UOP03-DEL08-BA"
482354;2022-10-23;"domingo";"01:35:00";"MG";116;566,6;"MANHUACU";"Pedestre andava na pista";"Atropelamento de Pedestre";"Com Vítimas Feridas";"Plena Noite";"Crescente";"Nevoeiro/Neblina";"Simples";"Aclive";"Não";2;0;0;1;1;0;1;2;-20,07456;-42,183519;"SPRF-MG";"DEL06-MG";"UOP03-DEL06-MG"
482355;2022-10-23;"domingo";"03:15:00";"GO";70;3;"AGUAS LINDAS DE GOIAS";"Ingestão de álcool pelo condutor";"Saída de leito carroçável";"Com Vítimas Feridas";"Plena Noite";"Crescente";"Chuva";"Dupla";"Retorno Regulamentado";"Sim";4;0;3;0;1;0;3;1;-15,76127958;-48,23987246;"SPRF-DF";"DEL03-DF";"UOP02-DEL03-DF"
482356;2022-10-23;"domingo";"02:45:00";"MG";116;594,7;"MANHUACU";"Transitar na contramão";"Saída de leito carroçável";"Com Vítimas Feridas";"Plena Noite";"Decrescente";"Chuva";"Simples";"Curva";"Não";1;0;0;1;0;0;1;1;-20,286913;-42,14642798;"SPRF-MG";"DEL06-MG";"UOP03-DEL06-MG"
482357;2022-10-23;"domingo";"01:40:00";"MA";230;1;"BARAO DE GRAJAU";"Ausência de reação do condutor";"Colisão traseira";"Com Vítimas Feridas";"Plena Noite";"Crescente";"Nublado";"Simples";"Reta";"Sim";2;0;1;1;0;0;2;2;-6,75491021;-43,01659198;"SPRF-PI";"DEL03-PI";"UOP01-DEL03-PI"
482358;2022-10-23;"domingo";"02:30:00";"SC";470;70;"INDAIAL";"Pedestre cruzava a pista fora da faixa";"Atropelamento de Pedestre";"Com Vítimas Feridas";"Plena Noite";"Crescente";"Nublado";"Dupla";"Reta;Aclive";"Não";2;0;0;1;0;1;1;2;-26,88575124;-49,24947739;"SPRF-SC";"DEL04-SC";"UOP01-DEL04-SC"
482359;2022-10-22;"sábado";"22:45:00";"RS";153;2,5;"CACHOEIRA DO SUL";"Animais na Pista";"Atropelamento de Animal";"Com Vítimas Feridas";"Plena Noite";"Decrescente";"Céu Claro";"Simples";"Reta";"Sim";2;0;2;0;0;0;2;1;-30,01290797;-52,8784164;"SPRF-RS";"DEL02-RS";"UOP03-DEL02-RS"
482360;2022-10-23;"domingo";"01:00:00";"SC";470;323,6;"CAMPOS NOVOS";"Ingestão de álcool e/ou substâncias psicoativas pelo pedestre";"Colisão lateral sentido oposto";"Com Vítimas Fatais";"Plena Noite";"Crescente";"Céu Claro";"Simples";"Curva;Declive";"Não";6;1;4;0;1;0;4;3;-27,438557;-51,244228;"SPRF-SC";"DEL07-SC";"UOP06-DEL07-SC"
482361;2022-10-23;"domingo";"03:00:00";"PR";476;136;"CURITIBA";"Velocidade Incompatível";"Colisão com objeto";"Com Vítimas Feridas";"Plena Noite";"Crescente";"Céu Claro";"Dupla";"Reta";"Sim";1;0;1;0;0;0;1;1;-25,49552854;-49,27563965;"SPRF-PR";"DEL01-PR";"UOP03-DEL01-PR"
482362;2022-10-23;"domingo";"02:40:00";"CE";222;166,2;"IRAUCUBA";"Condutor Dormindo";"Capotamento";"Com Vítimas Feridas";"Plena Noite";"Crescente";"Céu Claro";"Simples";"Reta";"Não";1;0;1;0;0;0;1;1;-3,74203095;-39,92430202;"SPRF-CE";"DEL04-CE";"UOP03-DEL04-CE"
482363;2022-10-23;"domingo";"01:05:00";"RS";386;46;"SEBERI";"Condutor deixou de manter distância do veículo da frente";"Colisão traseira";"Com Vítimas Fatais";"Plena Noite";"Crescente";"Céu Claro";"Simples";"Reta";"Não";4;1;0;0;0;3;0;4;-27,457483;-53,409458;"SPRF-RS";"DEL08-RS";"UOP02-DEL08-RS"
482365;2022-10-23;"domingo";"03:45:00";"MS";262;479,4;"ANASTACIO";"Reação tardia ou ineficiente do condutor";"Tombamento";"Com Vítimas Feridas";"Plena Noite";"Decrescente";"Céu Claro";"Simples";"Reta";"Não";3;0;2;0;0;1;2;2;-20,50849901;-55,672743;"SPRF-MS";"DEL03-MS";"UOP01-DEL03-MS"
482366;2022-10-23;"domingo";"03:30:00";"SC";101;334;"TUBARAO";"Ingestão de álcool pelo condutor";"Colisão com objeto";"Com Vítimas Feridas";"Plena Noite";"Decrescente";"Nublado";"Dupla";"Interseção de Vias";"Sim";1;0;1;0;0;0;1;1;-28,46730446;-49,00604302;"SPRF-SC";"DEL02-SC";"UOP01-DEL02-SC"
482367;2022-10-23;"domingo";"01:10:00";"SC";101;327;"CAPIVARI DE BAIXO";"Ingestão de álcool pelo condutor";"Saída de leito carroçável";"Com Vítimas Feridas";"Plena Noite";"Crescente";"Nublado";"Simples";"Reta";"Não";5;0;5;0;0;0;5;1;-28,43023306;-48,95205197;"SPRF-SC";"DEL02-SC";"UOP01-DEL02-SC"
482368;2022-10-23;"domingo";"03:40:00";"AL";104;33,1;"UNIAO DOS PALMARES";"Ingestão de álcool pelo condutor";"Colisão com objeto";"Com Vítimas Feridas";"Plena Noite";"Decrescente";"Céu Claro";"Simples";"Reta";"Não";4;0;1;0;0;3;1;2;-9,14513114;-36,01536439;"SPRF-AL";"DEL01-AL";"UOP02-DEL01-AL"
482369;2022-10-23;"domingo";"04:20:00";"SC";101;124;"ITAJAI";"Ingestão de álcool pelo condutor";"Capotamento";"Com Vítimas Feridas";"Plena Noite";"Decrescente";"Céu Claro";"Dupla";"Reta";"Sim";1;0;0;1;0;0;1;1;-26,94335064;-48,69198648;"SPRF-SC";"DEL04-SC";"UOP04-DEL04-SC"
482370;2022-10-23;"domingo";"03:40:00";"RS";116;109,4;"SAO MARCOS";"Ausência de reação do condutor";"Colisão com objeto";"Sem Vítimas";"Plena Noite";"Decrescente";"Nevoeiro/Neblina";"Simples";"Reta";"Não";1;0;0;0;1;0;0;1;-28,9318049;-51,0959297;"SPRF-RS";"DEL05-RS";"UOP01-DEL05-RS"
482371;2022-10-23;"domingo";"04:00:00";"PI";316;303;"PICOS";"Manobra de mudança de faixa";"Colisão lateral sentido oposto";"Com Vítimas Feridas";"Plena Noite";"Crescente";"Céu Claro";"Simples";"Reta";"Sim";3;0;0;2;0;1;2;2;-7,05387512;-41,53038025;"SPRF-PI";"DEL04-PI";"UOP01-DEL04-PI"
482372;2022-10-23;"domingo";"04:30:00";"RJ";116;128;"MAGE";"Condutor Dormindo";"Colisão com objeto";"Sem Vítimas";"Plena Noite";"Decrescente";"Nublado";"Dupla";"Reta";"Sim";1;0;0;0;1;0;0;1;-22,6657139;-43,10092001;"SPRF-RJ";"DEL04-RJ";"UOP02-DEL04-RJ"
482373;2022-10-23;"domingo";"04:45:00";"SP";116;428;"REGISTRO";"Ausência de reação do condutor";"Saída de leito carroçável";"Com Vítimas Feridas";"Amanhecer";"Decrescente";"Garoa/Chuvisco";"Dupla";"Reta";"Sim";1;0;1;0;0;0;1;1;-24,39812738;-47,73037075;"SPRF-SP";"DEL05-SP";"UOP01-DEL05-SP"
482374;2022-10-23;"domingo";"05:52:00";"ES";101;284,1;"CARIACICA";"Velocidade Incompatível";"Saída de leito carroçável";"Com Vítimas Feridas";"Pleno dia";"Decrescente";"Chuva";"Dupla";"Reta";"Sim";1;0;0;1;0;0;1;1;-20,24334991;-40,3696926;"SPRF-ES";"DEL01-ES";"UOP01-DEL01-ES"
482375;2022-10-23;"domingo";"05:23:00";"SE";235;3;"ARACAJU";"Condutor Dormindo";"Saída de leito carroçável";"Com Vítimas Fatais";"Amanhecer";"Crescente";"Céu Claro";"Dupla";"Reta";"Sim";1;1;0;0;0;0;0;1;-10,90638603;-37,10167766;"SPRF-SE";"DEL01-SE";"UOP01-DEL01-SE"
482378;2022-10-23;"domingo";"05:50:00";"SC";101;197,4;"BIGUACU";"Reação tardia ou ineficiente do condutor";"Capotamento";"Com Vítimas Feridas";"Amanhecer";"Crescente";"Céu Claro";"Dupla";"Curva";"Sim";2;0;2;0;0;0;2;1;-27,51844497;-48,63848496;"SPRF-SC";"DEL01-SC";"UOP01-DEL01-SC"
482379;2022-10-10;"segunda-feira";"18:10:00";"RO";319;63;"PORTO VELHO";"Acessar a via sem observar a presença dos outros veículos";"Colisão transversal";"Com Vítimas Feridas";"Anoitecer";"Decrescente";"Nublado";"Dupla";"Interseção de Vias";"Sim";3;0;2;0;1;0;2;2;-8,766685;-63,884052;"SPRF-RO";"DEL01-RO";"UOP01-DEL01-RO"
482381;2022-10-23;"domingo";"05:00:00";"SP";116;130;"CACAPAVA";"Ingestão de álcool pelo condutor";"Capotamento";"Sem Vítimas";"Plena Noite";"Crescente";"Céu Claro";"Dupla";"Reta";"Sim";1;0;0;0;0;1;0;1;-23,12313858;-45,72792271;"SPRF-SP";"DEL02-SP";"UOP02-DEL02-SP"
482382;2022-10-23;"domingo";"06:20:00";"BA";324;606;"SIMOES FILHO";"Ausência de reação do condutor";"Capotamento";"Com Vítimas Feridas";"Pleno dia";"Decrescente";"Céu Claro";"Dupla";"Curva;Declive";"Sim";1;0;1;0;0;0;1;1;-12,8050539;-38,4039606;"SPRF-BA";"DEL01-BA";"UOP01-DEL01-BA"
482383;2022-10-23;"domingo";"06:40:00";"BA";116;427;"FEIRA DE SANTANA";"Condutor Dormindo";"Colisão traseira";"Com Vítimas Feridas";"Pleno dia";"Crescente";"Céu Claro";"Simples";"Reta";"Sim";2;0;1;0;1;0;1;2;-12,25241793;-38,98887036;"SPRF-BA";"DEL02-BA";"UOP01-DEL02-BA"
482384;2022-10-23;"domingo";"04:30:00";"RJ";101;452;"MANGARATIBA";"Ausência de reação do condutor";"Queda de ocupante de veículo";"Com Vítimas Feridas";"Amanhecer";"Decrescente";"Céu Claro";"Simples";"Reta";"Não";1;0;1;0;0;0;1;1;-23,03179764;-44,13196391;"SPRF-RJ";"DEL03-RJ";"UOP02-DEL03-RJ"
482385;2022-10-23;"domingo";"06:00:00";"PR";369;160;"CAMBE";"Ingestão de álcool pelo condutor";"Saída de leito carroçável";"Com Vítimas Feridas";"Amanhecer";"Crescente";"Nublado";"Dupla";"Declive;Curva";"Sim";2;0;2;0;0;0;2;1;-23,28297917;-51,25764996;"SPRF-PR";"DEL07-PR";"UOP01-DEL07-PR"
482386;2022-10-23;"domingo";"05:40:00";"MG";40;620,5;"CONSELHEIRO LAFAIETE";"Falta de acostamento";"Saída de leito carroçável";"Com Vítimas Feridas";"Amanhecer";"Crescente";"Céu Claro";"Simples";"Curva";"Não";2;0;2;0;0;0;2;1;-20,57784016;-43,80982006;"SPRF-MG";"DEL05-MG";"UOP02-DEL05-MG"
482388;2022-10-23;"domingo";"04:15:00";"RJ";101;328;"NITEROI";"Reação tardia ou ineficiente do condutor";"Colisão com objeto";"Com Vítimas Feridas";"Plena Noite";"Crescente";"Garoa/Chuvisco";"Múltipla";"Reta;Ponte";"Sim";4;0;1;0;3;0;1;1;-22,87028692;-43,16579699;"SPRF-RJ";"DEL02-RJ";"UOP01-DEL02-RJ"
482389;2022-10-23;"domingo";"05:30:00";"RJ";356;155;"CAMPOS DOS GOYTACAZES";"Transitar na contramão";"Colisão lateral sentido oposto";"Sem Vítimas";"Pleno dia";"Decrescente";"Céu Claro";"Simples";"Reta";"Não";2;0;0;0;2;0;0;2;-21,74815;-41,22062;"SPRF-RJ";"DEL08-RJ";"UOP02-DEL08-RJ"
482390;2022-10-23;"domingo";"03:03:00";"GO";50;127;"IPAMERI";"Ingestão de álcool pelo condutor";"Saída de leito carroçável";"Sem Vítimas";"Plena Noite";"Crescente";"Ignorado";"Dupla";"Reta";"Não";1;0;0;0;1;0;0;1;-16,9819;-47,7472;"SPRF-GO";"DEL06-GO";"UOP01-DEL06-GO"
482391;2022-10-23;"domingo";"06:45:00";"PR";116;126;"FAZENDA RIO GRANDE";"Velocidade Incompatível";"Colisão traseira";"Com Vítimas Feridas";"Pleno dia";"Decrescente";"Céu Claro";"Dupla";"Reta";"Não";2;0;1;0;1;0;1;2;-25,60389895;-49,31824423;"SPRF-PR";"DEL01-PR";"UOP03-DEL01-PR"
482392;2022-10-22;"sábado";"21:00:00";"ES";101;143;"LINHARES";"Ausência de reação do condutor";"Saída de leito carroçável";"Com Vítimas Feridas";"Plena Noite";"Decrescente";"Céu Claro";"Simples";"Aclive";"Sim";1;0;1;0;0;0;1;1;-19,34286596;-40,0638568;"SPRF-ES";"DEL04-ES";"UOP01-DEL04-ES"
482393;2022-10-23;"domingo";"07:20:00";"SP";116;228;"SAO PAULO";"Condutor deixou de manter distância do veículo da frente";"Colisão traseira";"Sem Vítimas";"Pleno dia";"Crescente";"Céu Claro";"Múltipla";"Reta";"Não";5;0;0;0;5;0;0;2;-23,50343484;-46,56638712;"SPRF-SP";"DEL01-SP";"UOP01-DEL01-SP"
482394;2022-10-23;"domingo";"06:40:00";"PR";277;105,9;"CAMPO LARGO";"Ausência de reação do condutor";"Saída de leito carroçável";"Com Vítimas Feridas";"Pleno dia";"Decrescente";"Céu Claro";"Dupla";"Curva";"Sim";1;0;0;1;0;0;1;1;-25,42879661;-49,39242303;"SPRF-PR";"DEL03-PR";"UOP03-DEL03-PR"
482396;2022-10-23;"domingo";"07:18:00";"SP";116;281,8;"EMBU DAS ARTES";"Ausência de reação do condutor";"Saída de leito carroçável";"Com Vítimas Feridas";"Pleno dia";"Decrescente";"Céu Claro";"Dupla";"Reta";"Não";1;0;1;0;0;0;1;1;-23,67784787;-46,85769227;"SPRF-SP";"DEL04-SP";"UOP01-DEL04-SP"
482398;2022-10-23;"domingo";"07:20:00";"SP";488;1;"APARECIDA";"Ausência de reação do condutor";"Atropelamento de Pedestre";"Com Vítimas Feridas";"Pleno dia";"Decrescente";"Céu Claro";"Dupla";"Reta";"Sim";2;0;1;0;1;0;1;2;-22,850164;-45,231808;"SPRF-SP";"DEL08-SP";"UOP01-DEL08-SP"
482400;2022-10-23;"domingo";"08:00:00";"DF";80;25;"BRASILIA";"Ingestão de álcool pelo condutor";"Colisão traseira";"Com Vítimas Feridas";"Pleno dia";"Crescente";"Nublado";"Simples";"Reta;Aclive";"Sim";6;0;3;1;1;1;4;4;-15,62121;-48,198963;"SPRF-DF";"DEL03-DF";"UOP02-DEL03-DF"
482401;2022-10-23;"domingo";"07:55:00";"SC";101;211,8;"PALHOCA";"Ingestão de álcool pelo condutor";"Colisão com objeto";"Com Vítimas Feridas";"Pleno dia";"Crescente";"Céu Claro";"Múltipla";"Reta";"Sim";4;0;0;2;0;2;2;3;-27,62329313;-48,65245588;"SPRF-SC";"DEL01-SC";"UOP02-DEL01-SC"