"id";"data_inversa";"dia_semana";"horario";"uf";"br";"km";"municipio";"causa_acidente";"tipo_acidente";"classificacao_acidente";"fase_dia";"sentido_via";"condicao_metereologica";"tipo_pista";"tracado_via";"uso_solo";"pessoas";"mortos";"feridos_leves";"feridos_graves";"ilesos";"ignorados";"feridos";"veiculos";"latitude";"longitude";"regional";"delegacia";"uop"
482402;2022-10-22;"sábado";"21:50:00";"MT";163;745;"SORRISO";"Demais falhas mecânicas ou elétricas";"Eventos atípicos";"Sem Vítimas";"Plena Noite";"Crescente";"Céu Claro";"Simples";"Aclive";"Não";2;0;0;0;2;0;0;2;-12,70808082;-55,81904129;"SPRF-MT";"DEL06-MT";"UOP02-DEL06-MT"
482403;2022-10-23;"domingo";"06:00:00";"SC";280;220;"TRES BARRAS";"Reação tardia ou ineficiente do condutor";"Saída de leito carroçável";"Com Vítimas Feridas";"Pleno dia";"Crescente";"Céu Claro";"Simples";"Rotatória";"Não";5;0;2;2;1;0;4;1;-26,17238592;-50,27240753;"SPRF-SC";"DEL06-SC";"UOP04-DEL06-SC"
482404;2022-10-23;"domingo";"07:50:00";"DF";20;25;"BRASILIA";"Avarias e/ou desgaste excessivo no pneu";"Saída de leito carroçável";"Com Vítimas Fatais";"Pleno dia";"Decrescente";"Chuva";"Dupla";"Declive;Reta";"Não";3;2;0;0;0;1;0;2;-15,595603;-47,649715;"SPRF-DF";"DEL02-DF";"UOP01-DEL02-DF"
482406;2022-10-23;"domingo";"08:20:00";"MG";381;932,8;"EXTREMA";"Velocidade Incompatível";"Colisão com objeto";"Com Vítimas Feridas";"Pleno dia";"Decrescente";"Céu Claro";"Dupla";"Curva;Aclive";"Não";2;0;1;0;0;1;1;2;-22,81198015;-46,28431295;"SPRF-MG";"DEL16-MG";"UOP03-DEL16-MG"
482407;2022-10-23;"domingo";"07:15:00";"PR";376;440;"TIBAGI";"Condutor Dormindo";"Queda de ocupante de veículo";"Com Vítimas Feridas";"Pleno dia";"Decrescente";"Céu Claro";"Dupla";"Curva";"Não";1;0;0;1;0;0;1;1;-24,85877828;-50,45246312;"SPRF-PR";"DEL03-PR";"UOP02-DEL03-PR"
482408;2022-10-23;"domingo";"08:20:00";"BA";324;610;"SALVADOR";"Ausência de reação do condutor";"Colisão lateral mesmo sentido";"Com Vítimas Feridas";"Pleno dia";"Decrescente";"Garoa/Chuvisco";"Dupla";"Reta";"Sim";3;0;2;0;1;0;2;2;-12,82931703;-38,41113193;"SPRF-BA";"DEL01-BA";"UOP01-DEL01-BA"
482409;2022-10-23;"domingo";"06:45:00";"RS";392;184;"SANTANA DA BOA VISTA";"Ausência de reação do condutor";"Capotamento";"Com Vítimas Feridas";"Pleno dia";"Decrescente";"Céu Claro";"Simples";"Curva";"Não";2;0;2;0;0;0;2;1;-30,96106873;-53,04089265;"SPRF-RS";"DEL07-RS";"UOP01-DEL07-RS"
482410;2022-10-23;"domingo";"05:00:00";"RN";405;5;"MOSSORO";"Condutor Dormindo";"Saída de leito carroçável";"Com Vítimas Feridas";"Amanhecer";"Crescente";"Céu Claro";"Dupla";"Reta";"Sim";1;0;1;0;0;0;1;1;-5,19573035;-37,39814998;"SPRF-RN";"DEL04-RN";"UOP02-DEL04-RN"
482411;2022-10-23;"domingo";"07:00:00";"BA";242;594;"MUQUEM DE SAO FRANCISCO";"Ausência de reação do condutor";"Saída de leito carroçável";"Com Vítimas Fatais";"Pleno dia";"Decrescente";"Céu Claro";"Simples";"Reta";"Não";1;1;0;0;0;0;0;1;-12,152867;-43,310438;"SPRF-BA";"DEL10-BA";"UOP02-DEL10-BA"
482412;2022-10-23;"domingo";"07:00:00";"AL";101;58,1;"MESSIAS";"Velocidade Incompatível";"Eventos atípicos";"Com Vítimas Feridas";"Amanhecer";"Crescente";"Sol";"Dupla";"Curva";"Não";3;0;2;0;0;1;2;2;-9,27933304;-35,79839595;"SPRF-AL";"DEL01-AL";"UOP02-DEL01-AL"
482414;2022-10-23;"domingo";"07:05:00";"RJ";101;430;"MANGARATIBA";"Condutor Dormindo";"Colisão com objeto";"Sem Vítimas";"Pleno dia";"Crescente";"Céu Claro";"Simples";"Curva";"Não";1;0;0;0;1;0;0;1;-22,93435375;-44,0176034;"SPRF-RJ";"DEL03-RJ";"UOP02-DEL03-RJ"
482416;2022-10-23;"domingo";"08:20:00";"RN";110;36;"MOSSORO";"Velocidade Incompatível";"Capotamento";"Com Vítimas Feridas";"Pleno dia";"Crescente";"Céu Claro";"Simples";"Reta";"Não";1;0;1;0;0;0;1;1;-5,16877677;-37,23530801;"SPRF-RN";"DEL04-RN";"UOP01-DEL04-RN"
482418;2022-10-23;"domingo";"09:25:00";"RS";116;216,5;"MORRO REUTER";"Acesso irregular";"Colisão transversal";"Com Vítimas Feridas";"Pleno dia";"Decrescente";"Nublado";"Simples";"Reta";"Sim";3;0;1;1;1;0;2;2;-29,54001608;-51,07711676;"SPRF-RS";"DEL05-RS";"UOP02-DEL05-RS"
482419;2022-10-23;"domingo";"02:50:00";"BA";324;395;"GAVIAO";"Ausência de reação do condutor";"Saída de leito carroçável";"Com Vítimas Feridas";"Plena Noite";"Crescente";"Céu Claro";"Simples";"Reta";"Não";1;0;1;0;0;0;1;1;-11,54956432;-39,69100234;"SPRF-BA";"DEL04-BA";"UOP02-DEL04-BA"
482420;2022-10-23;"domingo";"08:15:00";"RO";364;197,6;"PIMENTA BUENO";"Reação tardia ou ineficiente do condutor";"Queda de ocupante de veículo";"Com Vítimas Feridas";"Amanhecer";"Decrescente";"Nublado";"Dupla";"Reta";"Não";1;0;1;0;0;0;1;1;-11,67880278;-61,1878925;"SPRF-RO";"DEL02-RO";"UOP02-DEL02-RO"
482422;2022-10-23;"domingo";"09:05:00";"SP";116;485;"CAJATI";"Manobra de mudança de faixa";"Tombamento";"Com Vítimas Feridas";"Pleno dia";"Decrescente";"Nublado";"Múltipla";"Reta";"Não";1;0;1;0;0;0;1;1;-24,72188994;-48,072155;"SPRF-SP";"DEL05-SP";"UOP01-DEL05-SP"
482424;2022-10-23;"domingo";"09:10:00";"PE";101;203;"XEXEU";"Acessar a via sem observar a presença dos outros veículos";"Colisão lateral mesmo sentido";"Sem Vítimas";"Pleno dia";"Crescente";"Céu Claro";"Dupla";"Curva";"Não";2;0;0;0;1;1;0;2;-8,80099;-35,625832;"SPRF-PE";"DEL01-PE";"UOP03-DEL01-PE"
482425;2022-10-23;"domingo";"10:18:00";"PR";277;67;"SAO JOSE DOS PINHAIS";"Ausência de reação do condutor";"Colisão lateral mesmo sentido";"Com Vítimas Feridas";"Pleno dia";"Crescente";"Sol";"Dupla";"Reta";"Sim";4;0;2;0;2;0;2;2;-25,52552885;-49,09643054;"SPRF-PR";"DEL01-PR";"UOP01-DEL01-PR"
482426;2022-10-23;"domingo";"10:55:00";"RS";386;348;"LAJEADO";"Avarias e/ou desgaste excessivo no pneu";"Tombamento";"Com Vítimas Feridas";"Pleno dia";"Crescente";"Céu Claro";"Dupla";"Em Obras;Reta;Aclive";"Sim";2;0;0;1;1;0;1;1;-29,456644;-51,957329;"SPRF-RS";"DEL04-RS";"UOP02-DEL04-RS"
482427;2022-10-19;"quarta-feira";"13:30:00";"RJ";40;82,7;"PETROPOLIS";"Acessar a via sem observar a presença dos outros veículos";"Colisão lateral mesmo sentido";"Sem Vítimas";"Pleno dia";"Crescente";"Nublado";"Simples";"Curva";"Não";3;0;0;0;3;0;0;2;-22,51183137;-43,23076171;"SPRF-RJ";"DEL06-RJ";"UOP01-DEL06-RJ"
482429;2022-10-23;"domingo";"08:15:00";"MA";10;295;"IMPERATRIZ";"Acessar a via sem observar a presença dos outros veículos";"Colisão transversal";"Com Vítimas Feridas";"Pleno dia";"Decrescente";"Céu Claro";"Simples";"Interseção de Vias";"Sim";3;0;1;1;1;0;2;2;-5,155617;-47,538927;"SPRF-MA";"DEL04-MA";"UOP01-DEL04-MA"
482430;2022-10-23;"domingo";"10:50:00";"GO";60;75;"ANAPOLIS";"Reação tardia ou ineficiente do condutor";"Tombamento";"Sem Vítimas";"Pleno dia";"Decrescente";"Céu Claro";"Dupla";"Reta";"Não";2;0;0;0;0;2;0;1;-16,2774;-48,7864;"SPRF-GO";"DEL02-GO";"UOP01-DEL02-GO"
482431;2022-10-23;"domingo";"10:30:00";"ES";101;266,2;"SERRA";"Condutor desrespeitou a iluminação vermelha do semáforo";"Colisão transversal";"Sem Vítimas";"Pleno dia";"Decrescente";"Nublado";"Dupla";"Interseção de Vias";"Sim";2;0;0;0;2;0;0;2;-20,190199;-40,26828891;"SPRF-ES";"DEL02-ES";"UOP01-DEL02-ES"
482432;2022-10-23;"domingo";"08:30:00";"RJ";101;417;"MANGARATIBA";"Manobra de mudança de faixa";"Colisão com objeto";"Com Vítimas Feridas";"Pleno dia";"Crescente";"Sol";"Simples";"Aclive";"Não";1;0;1;0;0;0;1;1;-22,91293797;-43,89732384;"SPRF-RJ";"DEL03-RJ";"UOP02-DEL03-RJ"
482433;2022-10-23;"domingo";"07:55:00";"RJ";101;267;"RIO BONITO";"Frear bruscamente";"Saída de leito carroçável";"Com Vítimas Feridas";"Pleno dia";"Decrescente";"Céu Claro";"Dupla";"Reta";"Não";4;0;1;0;3;0;1;1;-22,70728329;-42,66059086;"SPRF-RJ";"DEL02-RJ";"UOP03-DEL02-RJ"
482434;2022-10-23;"domingo";"11:20:00";"SC";101;207;"SAO JOSE";"Acessar a via sem observar a presença dos outros veículos";"Colisão transversal";"Com Vítimas Feridas";"Pleno dia";"Crescente";"Céu Claro";"Simples";"Interseção de Vias";"Sim";3;0;0;2;1;0;2;2;-27,59912951;-48,6220336;"SPRF-SC";"DEL01-SC";"UOP01-DEL01-SC"
482436;2022-10-23;"domingo";"11:05:00";"RS";386;417;"MONTENEGRO";"Velocidade Incompatível";"Tombamento";"Com Vítimas Feridas";"Pleno dia";"Crescente";"Céu Claro";"Dupla";"Rotatória";"Não";2;0;2;0;0;0;2;1;-29,81928359;-51,4516139;"SPRF-RS";"DEL01-RS";"UOP01-DEL01-RS"
482438;2022-10-23;"domingo";"09:30:00";"BA";101;507;"ITABUNA";"Velocidade Incompatível";"Colisão frontal";"Com Vítimas Feridas";"Pleno dia";"Crescente";"Chuva";"Simples";"Viaduto";"Sim";2;0;0;1;1;0;1;2;-14,813784;-39,297146;"SPRF-BA";"DEL05-BA";"UOP01-DEL05-BA"
482439;2022-10-23;"domingo";"05:30:00";"AL";416;42;"IBATEGUARA";"Ingestão de álcool e/ou substâncias psicoativas pelo pedestre";"Saída de leito carroçável";"Com Vítimas Feridas";"Plena Noite";"Decrescente";"Céu Claro";"Simples";"Declive";"Não";1;0;0;1;0;0;1;1;-8,96254829;-35,88880299;"SPRF-AL";"DEL01-AL";"UOP02-DEL01-AL"
482440;2022-10-23;"domingo";"09:10:00";"PR";277;110;"CAMPO LARGO";"Curva acentuada";"Capotamento";"Sem Vítimas";"Pleno dia";"Crescente";"Céu Claro";"Dupla";"Curva;Declive";"Sim";1;0;0;0;1;0;0;1;-25,44625996;-49,36369775;"SPRF-PR";"DEL03-PR";"UOP03-DEL03-PR"
482441;2022-10-23;"domingo";"11:25:00";"PR";116;121;"CURITIBA";"Reação tardia ou ineficiente do condutor";"Colisão traseira";"Com Vítimas Feridas";"Pleno dia";"Decrescente";"Céu Claro";"Dupla";"Declive";"Sim";3;0;1;0;2;0;1;2;-25,5599323;-49,30743945;"SPRF-PR";"DEL01-PR";"UOP03-DEL01-PR"
482442;2022-10-23;"domingo";"11:30:00";"ES";101;197;"JOAO NEIVA";"Acumulo de água sobre o pavimento";"Saída de leito carroçável";"Com Vítimas Feridas";"Pleno dia";"Decrescente";"Chuva";"Simples";"Aclive";"Não";1;0;1;0;0;0;1;1;-19,71196296;-40,33447115;"SPRF-ES";"DEL04-ES";"UOP01-DEL04-ES"
482443;2022-10-23;"domingo";"11:40:00";"RS";116;253;"SAPUCAIA DO SUL";"Acessar a via sem observar a presença dos outros veículos";"Colisão traseira";"Com Vítimas Feridas";"Pleno dia";"Decrescente";"Céu Claro";"Simples";"Retorno Regulamentado;Reta";"Sim";3;0;1;0;2;0;1;2;-29,81784209;-51,16996166;"SPRF-RS";"DEL01-RS";"UOP02-DEL01-RS"
482445;2022-10-23;"domingo";"10:00:00";"RS";116;207,9;"PICADA CAFE";"Reação tardia ou ineficiente do condutor";"Tombamento";"Com Vítimas Feridas";"Pleno dia";"Crescente";"Céu Claro";"Simples";"Curva";"Não";2;0;2;0;0;0;2;1;-29,50042399;-51,11820459;"SPRF-RS";"DEL05-RS";"UOP02-DEL05-RS"
482446;2022-10-23;"domingo";"12:00:00";"MG";50;87,9;"UBERLANDIA";"Avarias e/ou desgaste excessivo no pneu";"Saída de leito carroçável";"Com Vítimas Feridas";"Pleno dia";"Crescente";"Nublado";"Dupla";"Declive;Reta";"Não";4;0;4;0;0;0;4;1;-19,02250908;-48,20461726;"SPRF-MG";"DEL15-MG";"UOP01-DEL15-MG"
482447;2022-08-31;"quarta-feira";"06:45:00";"RN";304;47;"MOSSORO";"Ausência de reação do condutor";"Colisão traseira";"Com Vítimas Feridas";"Pleno dia";"Crescente";"Ignorado";"Dupla";"Reta";"Não";2;0;0;1;1;0;1;2;-5,23184851;-37,32033961;"SPRF-RN";"DEL04-RN";"UOP01-DEL04-RN"
482448;2022-10-23;"domingo";"12:10:00";"MG";50;60;"UBERLANDIA";"Ausência de reação do condutor";"Saída de leito carroçável";"Sem Vítimas";"Pleno dia";"Crescente";"Nublado";"Dupla";"Aclive";"Não";1;0;0;0;1;0;0;1;-18,80909682;-48,24439716;"SPRF-MG";"DEL15-MG";"UOP02-DEL15-MG"
482450;2022-10-19;"quarta-feira";"17:00:00";"RJ";101;390;"RIO DE JANEIRO";"Ausência de reação do condutor";"Colisão com objeto";"Sem Vítimas";"Pleno dia";"Decrescente";"Nublado";"Múltipla";"Curva";"Não";1;0;0;0;0;1;0;1;-22,89346927;-43,67542992;"SPRF-RJ";"DEL03-RJ";"UOP01-DEL03-RJ"
482451;2022-10-23;"domingo";"11:40:00";"RJ";40;32,9;"AREAL";"Reação tardia ou ineficiente do condutor";"Colisão traseira";"Com Vítimas Feridas";"Pleno dia";"Crescente";"Céu Claro";"Dupla";"Retorno Regulamentado";"Não";3;0;2;0;1;0;2;2;-22,19935287;-43,15764401;"SPRF-RJ";"DEL05-RJ";"UOP02-DEL05-RJ"
482452;2022-10-23;"domingo";"11:45:00";"MG";116;583,1;"MANHUACU";"Desrespeitar a preferência no cruzamento";"Colisão transversal";"Com Vítimas Feridas";"Pleno dia";"Crescente";"Nublado";"Simples";"Reta;Interseção de Vias";"Não";3;0;2;0;1;0;2;2;-20,21424995;-42,18135561;"SPRF-MG";"DEL06-MG";"UOP03-DEL06-MG"
482456;2022-10-23;"domingo";"13:50:00";"RS";386;25,1;"FREDERICO WESTPHALEN";"Manobra de mudança de faixa";"Colisão frontal";"Com Vítimas Feridas";"Pleno dia";"Crescente";"Céu Claro";"Simples";"Curva";"Não";5;0;4;0;1;0;4;2;-27,293734;-53,3582;"SPRF-RS";"DEL08-RS";"UOP02-DEL08-RS"
482457;2022-10-23;"domingo";"14:00:00";"DF";60;12;"BRASILIA";"Ingestão de álcool pelo condutor";"Colisão lateral mesmo sentido";"Sem Vítimas";"Pleno dia";"Crescente";"Céu Claro";"Dupla";"Reta";"Não";2;0;0;0;2;0;0;2;-15,916267;-48,164268;"SPRF-DF";"DEL03-DF";"UOP01-DEL03-DF"
482458;2022-10-23;"domingo";"13:50:00";"PR";467;107,9;"CASCAVEL";"Velocidade Incompatível";"Saída de leito carroçável";"Com Vítimas Feridas";"Pleno dia";"Decrescente";"Céu Claro";"Dupla";"Declive;Curva";"Não";1;0;0;1;0;0;1;1;-24,9209;-53,4764;"SPRF-PR";"DEL04-PR";"UOP01-DEL04-PR"
482459;2022-10-23;"domingo";"13:30:00";"BA";116;815,6;"VITORIA DA CONQUISTA";"Acessar a via sem observar a presença dos outros veículos";"Colisão transversal";"Com Vítimas Feridas";"Pleno dia";"Decrescente";"Céu Claro";"Simples";"Reta";"Não";2;0;1;0;1;0;1;2;-14,77315332;-40,72201784;"SPRF-BA";"DEL08-BA";"UOP01-DEL08-BA"
482461;2022-10-23;"domingo";"11:20:00";"SC";101;147;"ITAPEMA";"Reação tardia ou ineficiente do condutor";"Tombamento";"Com Vítimas Feridas";"Pleno dia";"Decrescente";"Céu Claro";"Dupla";"Reta";"Sim";2;0;0;2;0;0;2;1;-27,09237407;-48,61730888;"SPRF-SC";"DEL04-SC";"UOP03-DEL04-SC"
482463;2022-10-23;"domingo";"12:30:00";"MG";116;490,1;"INHAPIM";"Condutor Dormindo";"Saída de leito carroçável";"Com Vítimas Feridas";"Pleno dia";"Decrescente";"Nublado";"Simples";"Reta";"Não";1;0;1;0;0;0;1;1;-19,4748916;-42,1310568;"SPRF-MG";"DEL06-MG";"UOP02-DEL06-MG"
482464;2022-10-23;"domingo";"14:00:00";"MG";251;466;"GRAO MOGOL";"Pista Escorregadia";"Saída de leito carroçável";"Com Vítimas Feridas";"Pleno dia";"Decrescente";"Chuva";"Simples";"Curva";"Não";2;0;0;1;1;0;1;1;-16,46570401;-43,40647397;"SPRF-MG";"DEL12-MG";"UOP01-DEL12-MG"
482465;2022-10-23;"domingo";"08:10:00";"PE";101;148;"RIBEIRAO";"Acessar a via sem observar a presença dos outros veículos";"Colisão transversal";"Com Vítimas Feridas";"Pleno dia";"Decrescente";"Céu Claro";"Simples";"Interseção de Vias";"Sim";2;0;1;0;1;0;1;2;-8,49392415;-35,37410975;"SPRF-PE";"DEL01-PE";"UOP03-DEL01-PE"
482466;2022-10-23;"domingo";"12:00:00";"MG";251;455;"GRAO MOGOL";"Chuva";"Saída de leito carroçável";"Com Vítimas Feridas";"Pleno dia";"Decrescente";"Chuva";"Simples";"Curva";"Não";4;0;3;1;0;0;4;1;-16,42687994;-43,34397196;"SPRF-MG";"DEL12-MG";"UOP01-DEL12-MG"
482468;2022-10-23;"domingo";"11:45:00";"PE";423;76,8;"JUCATI";"Transitar na contramão";"Colisão lateral sentido oposto";"Com Vítimas Feridas";"Pleno dia";"Crescente";"Céu Claro";"Simples";"Reta";"Não";3;0;1;1;1;0;2;3;-8,73183901;-36,43146015;"SPRF-PE";"DEL03-PE";"UOP01-DEL03-PE"
482469;2022-10-23;"domingo";"14:00:00";"GO";60;202;"GUAPO";"Chuva";"Saída de leito carroçável";"Com Vítimas Feridas";"Pleno dia";"Crescente";"Chuva";"Dupla";"Reta";"Não";1;0;1;0;0;0;1;1;-16,8874;-49,6243;"SPRF-GO";"DEL01-GO";"UOP02-DEL01-GO"
482470;2022-10-23;"domingo";"15:00:00";"PR";277;78;"CURITIBA";"Reação tardia ou ineficiente do condutor";"Tombamento";"Com Vítimas Feridas";"Pleno dia";"Decrescente";"Céu Claro";"Dupla";"Reta";"Sim";2;0;2;0;0;0;2;1;-25,46131143;-49,2195493;"SPRF-PR";"DEL01-PR";"UOP01-DEL01-PR"
482472;2022-10-23;"domingo";"14:30:00";"SP";116;212;"GUARULHOS";"Ausência de reação do condutor";"Queda de ocupante de veículo";"Com Vítimas Feridas";"Pleno dia";"Decrescente";"Céu Claro";"Múltipla";"Reta";"Sim";1;0;1;0;0;0;1;1;-23,43637568;-46,42913461;"SPRF-SP";"DEL01-SP";"UOP01-DEL01-SP"
482473;2022-10-22;"sábado";"07:30:00";"RS";293;343;"SANTANA DO LIVRAMENTO";"Manobra de mudança de faixa";"Colisão frontal";"Sem Vítimas";"Pleno dia";"Decrescente";"Céu Claro";"Simples";"Curva";"Não";5;0;0;0;5;0;0;2;-30,84063222;-55,56807786;"SPRF-RS";"DEL11-RS";"UOP01-DEL11-RS"
482475;2022-10-23;"domingo";"14:45:00";"RS";285;416;"PANAMBI";"Conversão proibida";"Colisão transversal";"Com Vítimas Feridas";"Pleno dia";"Decrescente";"Sol";"Simples";"Reta";"Não";4;0;0;2;2;0;2;2;-28,349045;-53,511333;"SPRF-RS";"DEL10-RS";"UOP01-DEL10-RS"
482476;2022-10-23;"domingo";"06:50:00";"PE";104;63,7;"CARUARU";"Reação tardia ou ineficiente do condutor";"Saída de leito carroçável";"Sem Vítimas";"Pleno dia";"Crescente";"Céu Claro";"Múltipla";"Reta";"Sim";1;0;0;0;1;0;0;1;-8,26756;-35,979072;"SPRF-PE";"DEL02-PE";"UOP01-DEL02-PE"
482477;2022-10-23;"domingo";"15:39:00";"GO";40;12;"LUZIANIA";"Pedestre andava na pista";"Atropelamento de Pedestre";"Com Vítimas Feridas";"Pleno dia";"Decrescente";"Nublado";"Dupla";"Reta";"Sim";5;0;0;1;4;0;1;2;-16,145123;-47,945382;"SPRF-DF";"DEL01-DF";"UOP01-DEL01-DF"
482480;2022-10-23;"domingo";"15:15:00";"BA";407;8;"JUAZEIRO";"Acessar a via sem observar a presença dos outros veículos";"Colisão lateral mesmo sentido";"Com Vítimas Feridas";"Pleno dia";"Decrescente";"Céu Claro";"Simples";"Reta";"Não";3;0;1;0;2;0;1;2;-9,47216396;-40,47887593;"SPRF-PE";"DEL06-PE";"UOP01-DEL06-PE"
482481;2022-10-23;"domingo";"15:00:00";"RS";290;43;"SANTO ANTONIO DA PATRULHA";"Reação tardia ou ineficiente do condutor";"Tombamento";"Com Vítimas Feridas";"Pleno dia";"Crescente";"Sol";"Dupla";"Reta";"Não";1;0;1;0;0;0;1;1;-29,889574;-50,689316;"SPRF-RS";"DEL03-RS";"UOP01-DEL03-RS"
482482;2022-10-23;"domingo";"15:30:00";"SC";101;319;"PESCARIA BRAVA";"Ausência de reação do condutor";"Saída de leito carroçável";"Com Vítimas Feridas";"Pleno dia";"Crescente";"Céu Claro";"Dupla";"Reta";"Sim";1;0;0;1;0;0;1;1;-28,42978736;-48,87148792;"SPRF-SC";"DEL02-SC";"UOP01-DEL02-SC"
482483;2022-10-23;"domingo";"15:45:00";"RJ";116;166;"RIO DE JANEIRO";"Acessar a via sem observar a presença dos outros veículos";"Colisão transversal";"Com Vítimas Feridas";"Pleno dia";"Decrescente";"Céu Claro";"Dupla";"Reta";"Não";2;0;1;0;1;0;1;2;-22,81560263;-43,30051808;"SPRF-RJ";"DEL01-RJ";"UOP02-DEL01-RJ"
482484;2022-10-23;"domingo";"15:00:00";"SC";280;124;"RIO NEGRINHO";"Acesso irregular";"Colisão transversal";"Com Vítimas Feridas";"Pleno dia";"Crescente";"Céu Claro";"Simples";"Reta";"Não";3;0;2;0;1;0;2;2;-26,24130297;-49,47514499;"SPRF-SC";"DEL06-SC";"UOP03-DEL06-SC"
482485;2022-10-23;"domingo";"16:00:00";"RS";285;96;"VACARIA";"Reação tardia ou ineficiente do condutor";"Colisão com objeto";"Com Vítimas Feridas";"Pleno dia";"Decrescente";"Céu Claro";"Simples";"Curva";"Não";2;0;1;0;0;1;1;2;-28,597429;-50,742641;"SPRF-RS";"DEL05-RS";"UOP03-DEL05-RS"
482486;2022-10-23;"domingo";"16:30:00";"MG";381;930,8;"ITAPEVA";"Ingestão de álcool pelo condutor";"Saída de leito carroçável";"Sem Vítimas";"Pleno dia";"Crescente";"Sol";"Dupla";"Reta";"Não";4;0;0;0;1;3;0;2;-22,80188832;-46,26962063;"SPRF-MG";"DEL16-MG";"UOP03-DEL16-MG"
482488;2022-10-23;"domingo";"16:00:00";"MG";40;462,9;"SETE LAGOAS";"Velocidade Incompatível";"Saída de leito carroçável";"Com Vítimas Feridas";"Pleno dia";"Crescente";"Chuva";"Dupla";"Declive;Reta";"Não";3;0;2;0;1;0;2;1;-19,421531;-44,338876;"SPRF-MG";"DEL02-MG";"UOP01-DEL02-MG"
482489;2022-10-23;"domingo";"14:10:00";"CE";304;99,6;"ARACATI";"Acessar a via sem observar a presença dos outros veículos";"Colisão frontal";"Com Vítimas Feridas";"Pleno dia";"Decrescente";"Céu Claro";"Simples";"Reta";"Não";6;0;1;1;4;0;2;2;-4,866288;-37,455977;"SPRF-CE";"DEL03-CE";"UOP03-DEL03-CE"
482490;2022-10-23;"domingo";"15:20:00";"GO";60;6;"ALEXANIA";"Avarias e/ou desgaste excessivo no pneu";"Tombamento";"Com Vítimas Feridas";"Pleno dia";"Crescente";"Nublado";"Dupla";"Reta";"Não";10;0;8;0;2;0;8;1;-16,094168;-48,517212;"SPRF-DF";"DEL03-DF";"UOP01-DEL03-DF"
482491;2022-10-23;"domingo";"14:15:00";"RO";364;707;"PORTO VELHO";"Conversão proibida";"Colisão transversal";"Com Vítimas Feridas";"Pleno dia";"Decrescente";"Nublado";"Dupla";"Reta";"Sim";2;0;2;0;0;0;2;2;-8,80037213;-63,83262707;"SPRF-RO";"DEL01-RO";"UOP01-DEL01-RO"
482492;2022-10-23;"domingo";"15:56:00";"SP";0;0;"TABOAO DA SERRA";"Reação tardia ou ineficiente do condutor";"Colisão traseira";"Com Vítimas Feridas";"Pleno dia";"Não Informado";"Nublado";"Simples";"Reta";"Sim";3;0;2;0;0;1;2;2;-23,621691;-46,813288;"SPRF-SP";"DEL04-SP";"UOP01-DEL04-SP"
482494;2022-10-23;"domingo";"16:20:00";"MG";381;364;"SAO GONCALO DO RIO ABAIXO";"Condutor deixou de manter distância do veículo da frente";"Colisão lateral mesmo sentido";"Com Vítimas Feridas";"Pleno dia";"Decrescente";"Nublado";"Simples";"Curva";"Não";5;0;1;0;4;0;1;2;-19,84955579;-43,25424839;"SPRF-MG";"DEL03-MG";"UOP01-DEL03-MG"
482495;2022-10-23;"domingo";"17:00:00";"CE";116;7;"FORTALEZA";"Pedestre andava na pista";"Atropelamento de Pedestre";"Com Vítimas Feridas";"Pleno dia";"Crescente";"Céu Claro";"Múltipla";"Reta";"Sim";2;0;1;0;1;0;1;2;-3,8140707;-38,50137234;"SPRF-CE";"DEL01-CE";"UOP02-DEL01-CE"
482496;2022-10-23;"domingo";"15:39:00";"GO";60;169;"GOIANIA";"Velocidade Incompatível";"Colisão com objeto";"Com Vítimas Feridas";"Pleno dia";"Decrescente";"Chuva";"Dupla";"Reta";"Sim";1;0;1;0;0;0;1;1;-16,7269;-49,3822;"SPRF-GO";"DEL01-GO";"UOP02-DEL01-GO"
482497;2022-10-23;"domingo";"16:35:00";"RS";0;0;"SANTA MARIA";"Velocidade Incompatível";"Colisão com objeto";"Com Vítimas Feridas";"Pleno dia";"Não Informado";"Céu Claro";"Simples";"Reta";"Sim";1;0;0;1;0;0;1;1;-29,689044;-53,867105;"SPRF-RS";"DEL09-RS";"N/A"
482498;2022-10-23;"domingo";"16:00:00";"GO";60;169,2;"GOIANIA";"Acumulo de água sobre o pavimento";"Capotamento";"Com Vítimas Feridas";"Pleno dia";"Decrescente";"Chuva";"Dupla";"Declive";"Não";1;0;0;1;0;0;1;1;-16,7269;-49,3822;"SPRF-GO";"DEL01-GO";"UOP02-DEL01-GO"
482500;2022-10-23;"domingo";"17:20:00";"SC";101;203,7;"SAO JOSE";"Reação tardia ou ineficiente do condutor";"Eventos atípicos";"Com Vítimas Feridas";"Pleno dia";"Crescente";"Nublado";"Múltipla";"Aclive;Reta";"Sim";2;0;2;0;0;0;2;1;-27,57174303;-48,61376166;"SPRF-SC";"DEL01-SC";"UOP01-DEL01-SC"
482501;2022-10-23;"domingo";"16:20:00";"RS";290;107;"ELDORADO DO SUL";"Desrespeitar a preferência no cruzamento";"Colisão transversal";"Sem Vítimas";"Pleno dia";"Crescente";"Céu Claro";"Simples";"Interseção de Vias";"Sim";8;0;0;0;8;0;0;2;-30,001852;-51,304264;"SPRF-RS";"DEL02-RS";"UOP01-DEL02-RS"
482502;2022-10-23;"domingo";"13:15:00";"SC";101;146;"ITAPEMA";"Reação tardia ou ineficiente do condutor";"Colisão traseira";"Com Vítimas Feridas";"Pleno dia";"Decrescente";"Céu Claro";"Dupla";"Reta";"Sim";3;0;0;1;2;0;1;3;-27,08666525;-48,60955587;"SPRF-SC";"DEL04-SC";"UOP03-DEL04-SC"