"id";"data_inversa";"dia_semana";"horario";"uf";"br";"km";"municipio";"causa_acidente";"tipo_acidente";"classificacao_acidente";"fase_dia";"sentido_via";"condicao_metereologica";"tipo_pista";"tracado_via";"uso_solo";"pessoas";"mortos";"feridos_leves";"feridos_graves";"ilesos";"ignorados";"feridos";"veiculos";"latitude";"longitude";"regional";"delegacia";"uop"
482503;2022-10-23;"domingo";"16:34:00";"MT";364;306;"JACIARA";"Ausência de reação do condutor";"Capotamento";"Com Vítimas Feridas";"Pleno dia";"Crescente";"Céu Claro";"Dupla";"Reta";"Não";1;0;1;0;0;0;1;1;-15,823147;-55,203545;"SPRF-MT";"DEL05-MT";"UOP02-DEL05-MT"
482504;2022-10-23;"domingo";"17:00:00";"MG";40;532,5;"BELO HORIZONTE";"Ausência de reação do condutor";"Colisão lateral mesmo sentido";"Com Vítimas Feridas";"Pleno dia";"Crescente";"Céu Claro";"Dupla";"Declive;Reta";"Não";2;0;1;0;1;0;1;2;-19,92372561;-44,01700789;"SPRF-MG";"DEL01-MG";"UOP02-DEL01-MG"
482505;2022-10-23;"domingo";"17:30:00";"ES";262;64;"MARECHAL FLORIANO";"Reação tardia ou ineficiente do condutor";"Saída de leito carroçável";"Com Vítimas Fatais";"Pleno dia";"Crescente";"Nublado";"Simples";"Curva";"Não";7;1;1;1;4;0;2;3;-20,41452479;-40,82523433;"SPRF-ES";"DEL01-ES";"UOP02-DEL01-ES"
482509;2022-10-23;"domingo";"17:00:00";"RS";285;120,6;"VACARIA";"Frear bruscamente";"Engavetamento";"Com Vítimas Feridas";"Pleno dia";"Decrescente";"Céu Claro";"Simples";"Reta";"Sim";4;0;1;0;3;0;1;3;-28,51037964;-50,93540668;"SPRF-RS";"DEL05-RS";"UOP03-DEL05-RS"
482510;2022-10-23;"domingo";"17:20:00";"CE";116;34;"AQUIRAZ";"Trafegar com motocicleta (ou similar) entre as faixas";"Tombamento";"Com Vítimas Feridas";"Plena Noite";"Decrescente";"Céu Claro";"Dupla";"Reta";"Sim";5;0;1;1;2;1;2;3;-4,045371;-38,507427;"SPRF-CE";"DEL01-CE";"UOP02-DEL01-CE"
482512;2022-10-23;"domingo";"17:30:00";"PR";369;187,8;"ARAPONGAS";"Ingestão de álcool pelo condutor";"Colisão traseira";"Com Vítimas Feridas";"Pleno dia";"Crescente";"Céu Claro";"Simples";"Reta";"Sim";9;0;2;0;7;0;2;3;-23,43164476;-51,4225924;"SPRF-PR";"DEL07-PR";"UOP03-DEL07-PR"
482513;2022-10-23;"domingo";"17:45:00";"PE";232;409;"SERRA TALHADA";"Ausência de reação do condutor";"Atropelamento de Pedestre";"Com Vítimas Feridas";"Plena Noite";"Crescente";"Céu Claro";"Simples";"Reta";"Sim";2;0;1;0;1;0;1;2;-7,98371447;-38,28047709;"SPRF-PE";"DEL04-PE";"UOP01-DEL04-PE"
482514;2022-10-23;"domingo";"17:28:00";"PB";101;74;"SANTA RITA";"Acessar a via sem observar a presença dos outros veículos";"Colisão lateral mesmo sentido";"Sem Vítimas";"Anoitecer";"Crescente";"Céu Claro";"Dupla";"Reta";"Não";2;0;0;0;2;0;0;1;-7,084621;-34,977943;"SPRF-PB";"DEL01-PB";"UOP04-DEL01-PB"
482515;2022-10-23;"domingo";"16:15:00";"MA";135;53;"BACABEIRA";"Acessar a via sem observar a presença dos outros veículos";"Capotamento";"Com Vítimas Feridas";"Pleno dia";"Decrescente";"Céu Claro";"Dupla";"Reta";"Não";6;0;5;0;1;0;5;2;-2,98920503;-44,31246375;"SPRF-MA";"DEL01-MA";"UOP02-DEL01-MA"
482517;2022-10-23;"domingo";"17:10:00";"PE";101;70;"RECIFE";"Avarias e/ou desgaste excessivo no pneu";"Queda de ocupante de veículo";"Com Vítimas Feridas";"Plena Noite";"Crescente";"Céu Claro";"Dupla";"Reta";"Sim";2;0;0;2;0;0;2;1;-8,06776119;-34,94265074;"SPRF-PE";"DEL01-PE";"UOP01-DEL01-PE"
482518;2022-10-23;"domingo";"17:00:00";"RJ";40;88;"PETROPOLIS";"Pista Escorregadia";"Colisão com objeto";"Com Vítimas Feridas";"Anoitecer";"Decrescente";"Garoa/Chuvisco";"Simples";"Curva";"Não";2;0;1;0;1;0;1;1;-22,548575;-43,231738;"SPRF-RJ";"DEL06-RJ";"UOP01-DEL06-RJ"
482519;2022-10-23;"domingo";"18:11:00";"PE";101;68,8;"RECIFE";"Reação tardia ou ineficiente do condutor";"Tombamento";"Com Vítimas Feridas";"Plena Noite";"Crescente";"Céu Claro";"Dupla";"Reta";"Sim";2;0;1;1;0;0;2;1;-8,057902;-34,94632;"SPRF-PE";"DEL01-PE";"UOP01-DEL01-PE"
482520;2022-10-23;"domingo";"17:30:00";"MA";135;23;"SAO LUIS";"Ingestão de álcool pelo condutor";"Colisão traseira";"Com Vítimas Feridas";"Pleno dia";"Decrescente";"Céu Claro";"Dupla";"Curva";"Sim";3;0;0;2;1;0;2;2;-2,53073;-44,3068;"SPRF-MA";"DEL01-MA";"UOP01-DEL01-MA"
482521;2022-10-23;"domingo";"17:25:00";"RN";406;116;"POCO BRANCO";"Condutor deixou de manter distância do veículo da frente";"Colisão traseira";"Com Vítimas Feridas";"Anoitecer";"Crescente";"Céu Claro";"Simples";"Reta";"Não";2;0;1;0;1;0;1;2;-5,57292078;-35,70209293;"SPRF-RN";"DEL02-RN";"UOP01-DEL02-RN"
482522;2022-10-23;"domingo";"10:30:00";"BA";101;895;"CARAVELAS";"Velocidade Incompatível";"Capotamento";"Com Vítimas Feridas";"Pleno dia";"Crescente";"Céu Claro";"Simples";"Curva";"Não";2;0;1;0;1;0;1;1;-17,68982031;-39,77394104;"SPRF-BA";"DEL09-BA";"UOP02-DEL09-BA"
482523;2022-10-23;"domingo";"13:40:00";"BA";101;745;"ITABELA";"Condutor Dormindo";"Colisão com objeto";"Sem Vítimas";"Pleno dia";"Crescente";"Céu Claro";"Simples";"Reta";"Sim";1;0;0;0;1;0;0;1;-16,72722383;-39,45433823;"SPRF-BA";"DEL09-BA";"UOP01-DEL09-BA"
482524;2022-10-23;"domingo";"18:40:00";"PE";232;179;"BELO JARDIM";"Ausência de reação do condutor";"Queda de ocupante de veículo";"Com Vítimas Feridas";"Plena Noite";"Decrescente";"Céu Claro";"Simples";"Reta";"Não";1;0;0;1;0;0;1;1;-8,34353242;-36,4199731;"SPRF-PE";"DEL03-PE";"UOP02-DEL03-PE"
482525;2022-10-23;"domingo";"18:20:00";"SE";235;12,4;"NOSSA SENHORA DO SOCORRO";"Entrada inopinada do pedestre";"Atropelamento de Pedestre";"Com Vítimas Fatais";"Plena Noite";"Crescente";"Céu Claro";"Simples";"Curva";"Sim";2;1;1;0;0;0;1;2;-10,872643;-37,163246;"SPRF-SE";"DEL01-SE";"UOP01-DEL01-SE"
482527;2022-10-23;"domingo";"18:50:00";"RN";101;148;"GOIANINHA";"Ingestão de álcool pelo condutor";"Colisão transversal";"Com Vítimas Feridas";"Plena Noite";"Crescente";"Céu Claro";"Múltipla";"Reta";"Sim";2;0;0;1;1;0;1;2;-6,27949119;-35,20490033;"SPRF-RN";"DEL01-RN";"UOP01-DEL01-RN"
482528;2022-10-23;"domingo";"18:30:00";"CE";116;190;"LIMOEIRO DO NORTE";"Ingestão de álcool pelo condutor";"Colisão transversal";"Com Vítimas Feridas";"Plena Noite";"Crescente";"Céu Claro";"Simples";"Reta";"Não";2;0;0;1;1;0;1;2;-5,10532825;-38,13044273;"SPRF-CE";"DEL03-CE";"UOP01-DEL03-CE"
482529;2022-10-23;"domingo";"17:40:00";"SP";116;136;"SAO JOSE DOS CAMPOS";"Velocidade Incompatível";"Colisão com objeto";"Sem Vítimas";"Pleno dia";"Decrescente";"Céu Claro";"Dupla";"Reta";"Sim";1;0;0;0;0;1;0;1;-23,14874471;-45,77863714;"SPRF-SP";"DEL02-SP";"UOP01-DEL02-SP"
482530;2022-10-23;"domingo";"17:30:00";"SC";101;127,1;"ITAJAI";"Trafegar com motocicleta (ou similar) entre as faixas";"Colisão lateral mesmo sentido";"Com Vítimas Feridas";"Pleno dia";"Decrescente";"Céu Claro";"Dupla";"Curva";"Sim";3;0;1;0;2;0;1;3;-26,9639319;-48,68328024;"SPRF-SC";"DEL04-SC";"UOP04-DEL04-SC"
482531;2022-10-23;"domingo";"17:00:00";"GO";70;318;"JUSSARA";"Ingestão de álcool pelo condutor";"Saída de leito carroçável";"Sem Vítimas";"Pleno dia";"Crescente";"Garoa/Chuvisco";"Dupla";"Curva";"Sim";1;0;0;0;1;0;0;1;-15,87840665;-50,88164113;"SPRF-GO";"DEL04-GO";"UOP02-DEL04-GO"
482532;2022-10-23;"domingo";"18:30:00";"GO";60;213;"VARJAO";"Chuva";"Saída de leito carroçável";"Com Vítimas Feridas";"Plena Noite";"Crescente";"Chuva";"Dupla";"Reta";"Não";2;0;2;0;0;0;2;1;-16,9529;-49,6924;"SPRF-GO";"DEL01-GO";"UOP02-DEL01-GO"
482533;2022-10-23;"domingo";"18:20:00";"PR";376;623;"SAO JOSE DOS PINHAIS";"Ausência de reação do condutor";"Colisão traseira";"Sem Vítimas";"Anoitecer";"Decrescente";"Céu Claro";"Dupla";"Reta";"Não";2;0;0;0;2;0;0;2;-25,63462416;-49,16182135;"SPRF-PR";"DEL01-PR";"UOP04-DEL01-PR"
482534;2022-10-23;"domingo";"19:22:00";"GO";40;5,7;"VALPARAISO DE GOIAS";"Condutor deixou de manter distância do veículo da frente";"Colisão traseira";"Sem Vítimas";"Plena Noite";"Decrescente";"Garoa/Chuvisco";"Dupla";"Reta";"Sim";3;0;0;0;3;0;0;3;-16,093134;-47,982236;"SPRF-DF";"DEL01-DF";"UOP01-DEL01-DF"
482536;2022-10-23;"domingo";"18:20:00";"PE";232;208;"PESQUEIRA";"Ingestão de álcool pelo condutor";"Colisão traseira";"Sem Vítimas";"Plena Noite";"Crescente";"Céu Claro";"Simples";"Declive";"Sim";2;0;0;0;2;0;0;2;-8,36794109;-36,67972403;"SPRF-PE";"DEL03-PE";"UOP02-DEL03-PE"
482537;2022-10-23;"domingo";"19:00:00";"PE";101;88;"JABOATAO DOS GUARARAPES";"Ausência de reação do condutor";"Tombamento";"Com Vítimas Feridas";"Plena Noite";"Crescente";"Céu Claro";"Dupla";"Reta";"Não";1;0;1;0;0;0;1;1;-8,19971387;-34,9785382;"SPRF-PE";"DEL01-PE";"UOP01-DEL01-PE"
482539;2022-10-23;"domingo";"20:00:00";"SP";116;208;"ARUJA";"Reação tardia ou ineficiente do condutor";"Colisão traseira";"Sem Vítimas";"Pleno dia";"Decrescente";"Céu Claro";"Dupla";"Reta";"Não";2;0;0;0;2;0;0;2;-23,42222263;-46,3932771;"SPRF-SP";"DEL01-SP";"UOP01-DEL01-SP"
482540;2022-10-23;"domingo";"18:30:00";"PR";369;511,1;"CASCAVEL";"Ingestão de substâncias psicoativas pelo condutor";"Colisão traseira";"Com Vítimas Feridas";"Anoitecer";"Decrescente";"Céu Claro";"Simples";"Curva";"Não";6;0;2;0;4;0;2;4;-24,8717;-53,3423;"SPRF-PR";"DEL04-PR";"UOP01-DEL04-PR"
482543;2022-10-23;"domingo";"18:24:00";"AM";230;611;"HUMAITA";"Condutor deixou de manter distância do veículo da frente";"Colisão traseira";"Com Vítimas Feridas";"Pleno dia";"Decrescente";"Céu Claro";"Simples";"Reta";"Sim";2;0;1;0;0;1;1;2;-7,49921709;-63,02748084;"SPRF-AM";"DEL01-AM";"UOP05-DEL01-AM"
482545;2022-10-23;"domingo";"19:20:00";"PE";424;120,8;"CORRENTES";"Animais na Pista";"Atropelamento de Animal";"Com Vítimas Feridas";"Plena Noite";"Decrescente";"Céu Claro";"Simples";"Reta";"Não";4;0;2;1;1;0;3;2;-9,04729114;-36,39446497;"SPRF-PE";"DEL03-PE";"UOP01-DEL03-PE"
482546;2022-10-23;"domingo";"19:50:00";"PR";369;136;"IBIPORA";"Desrespeitar a preferência no cruzamento";"Colisão transversal";"Com Vítimas Feridas";"Plena Noite";"Decrescente";"Céu Claro";"Dupla";"Rotatória";"Sim";2;0;1;0;0;1;1;2;-23,27036448;-51,03885412;"SPRF-PR";"DEL07-PR";"UOP01-DEL07-PR"
482547;2022-10-23;"domingo";"19:30:00";"PE";101;4;"RECIFE";"Condutor usando celular";"Engavetamento";"Sem Vítimas";"Plena Noite";"Crescente";"Céu Claro";"Dupla";"Viaduto";"Sim";5;0;0;0;5;0;0;5;-8,06712982;-34,94336843;"SPRF-PE";"DEL01-PE";"UOP02-DEL01-PE"
482548;2022-10-23;"domingo";"19:20:00";"PE";232;43;"VITORIA DE SANTO ANTAO";"Velocidade Incompatível";"Capotamento";"Com Vítimas Feridas";"Plena Noite";"Decrescente";"Céu Claro";"Dupla";"Reta";"Não";3;0;3;0;0;0;3;1;-8,135031;-35,291442;"SPRF-PE";"DEL01-PE";"UOP01-DEL01-PE"
482549;2022-10-23;"domingo";"19:40:00";"PB";230;35,5;"SANTA RITA";"Acumulo de óleo sobre o pavimento";"Tombamento";"Com Vítimas Feridas";"Plena Noite";"Crescente";"Céu Claro";"Dupla";"Reta";"Não";5;0;2;0;2;1;2;4;-7,1239738;-34,94630814;"SPRF-PB";"DEL01-PB";"UOP01-DEL01-PB"
482550;2022-10-23;"domingo";"20:10:00";"MG";116;524,7;"CARATINGA";"Ingestão de álcool pelo condutor";"Tombamento";"Com Vítimas Feridas";"Plena Noite";"Crescente";"Nublado";"Dupla";"Curva";"Não";1;0;1;0;0;0;1;1;-19,76027352;-42,13398823;"SPRF-MG";"DEL06-MG";"UOP02-DEL06-MG"
482552;2022-10-23;"domingo";"18:55:00";"SP";381;58;"MAIRIPORA";"Trafegar com motocicleta (ou similar) entre as faixas";"Colisão lateral mesmo sentido";"Com Vítimas Feridas";"Plena Noite";"Crescente";"Céu Claro";"Dupla";"Reta";"Não";2;0;0;1;1;0;1;2;-23,27438497;-46,58530615;"SPRF-SP";"DEL03-SP";"UOP01-DEL03-SP"
482554;2022-10-23;"domingo";"18:50:00";"SC";282;516,2;"XAXIM";"Ingestão de álcool pelo condutor";"Saída de leito carroçável";"Com Vítimas Feridas";"Plena Noite";"Decrescente";"Céu Claro";"Simples";"Curva";"Não";2;0;2;0;0;0;2;1;-26,930862;-52,499157;"SPRF-SC";"DEL07-SC";"UOP01-DEL07-SC"
482555;2022-10-23;"domingo";"20:45:00";"MG";364;0;"PLANURA";"Ausência de reação do condutor";"Colisão com objeto";"Sem Vítimas";"Plena Noite";"Crescente";"Nublado";"Simples";"Ponte;Reta";"Não";1;0;0;0;1;0;0;1;-20,16070972;-48,68951797;"SPRF-MG";"DEL13-MG";"UOP02-DEL13-MG"
482556;2022-10-23;"domingo";"19:00:00";"BA";324;563;"SAO SEBASTIAO DO PASSE";"Condutor Dormindo";"Colisão lateral mesmo sentido";"Com Vítimas Feridas";"Plena Noite";"Decrescente";"Céu Claro";"Dupla";"Reta";"Não";5;0;1;0;4;0;1;2;-12,50853675;-38,63200982;"SPRF-BA";"DEL01-BA";"UOP01-DEL01-BA"
482557;2022-10-23;"domingo";"21:15:00";"PR";277;10,5;"PARANAGUA";"Velocidade Incompatível";"Capotamento";"Com Vítimas Feridas";"Plena Noite";"Decrescente";"Nublado";"Dupla";"Reta";"Sim";5;0;4;0;0;1;4;2;-25,566785;-48,622538;"SPRF-PR";"DEL01-PR";"UOP05-DEL01-PR"
482558;2022-10-23;"domingo";"18:30:00";"SC";470;76,7;"INDAIAL";"Animais na Pista";"Atropelamento de Animal";"Com Vítimas Feridas";"Anoitecer";"Crescente";"Céu Claro";"Simples";"Reta";"Não";1;0;1;0;0;0;1;1;-26,933308;-49,287426;"SPRF-SC";"DEL04-SC";"UOP01-DEL04-SC"
482559;2022-10-23;"domingo";"21:00:00";"SP";116;212;"GUARULHOS";"Manobra de mudança de faixa";"Colisão lateral mesmo sentido";"Com Vítimas Feridas";"Plena Noite";"Decrescente";"Nublado";"Múltipla";"Reta";"Sim";3;0;2;0;1;0;2;2;-23,43608315;-46,42805094;"SPRF-SP";"DEL01-SP";"UOP01-DEL01-SP"
482560;2022-10-23;"domingo";"19:20:00";"PB";104;112,4;"LAGOA SECA";"Avarias e/ou desgaste excessivo no pneu";"Colisão com objeto";"Com Vítimas Feridas";"Plena Noite";"Decrescente";"Céu Claro";"Simples";"Reta";"Não";3;0;2;0;1;0;2;1;-7,1450288;-35,85692679;"SPRF-PB";"DEL02-PB";"UOP04-DEL02-PB"
482561;2022-10-23;"domingo";"20:00:00";"RS";287;409;"SANTIAGO";"Ausência de reação do condutor";"Colisão com objeto";"Com Vítimas Feridas";"Plena Noite";"Decrescente";"Céu Claro";"Simples";"Interseção de Vias";"Não";1;0;0;1;0;0;1;1;-29,0953789;-54,92257688;"SPRF-RS";"DEL12-RS";"UOP02-DEL12-RS"
482562;2022-10-23;"domingo";"21:00:00";"RS";290;96;"PORTO ALEGRE";"Velocidade Incompatível";"Colisão traseira";"Com Vítimas Feridas";"Plena Noite";"Decrescente";"Céu Claro";"Dupla";"Interseção de Vias";"Sim";2;0;1;0;1;0;1;2;-29,98884733;-51,20351226;"SPRF-RS";"DEL01-RS";"UOP01-DEL01-RS"
482563;2022-10-23;"domingo";"17:15:00";"RS";158;141;"CONDOR";"Reação tardia ou ineficiente do condutor";"Tombamento";"Com Vítimas Feridas";"Pleno dia";"Crescente";"Céu Claro";"Simples";"Rotatória";"Sim";1;0;1;0;0;0;1;1;-28,202997;-53,473647;"SPRF-RS";"DEL10-RS";"UOP02-DEL10-RS"
482564;2022-10-23;"domingo";"17:30:00";"CE";304;98,8;"ARACATI";"Pedestre andava na pista";"Atropelamento de Pedestre";"Com Vítimas Feridas";"Anoitecer";"Crescente";"Céu Claro";"Simples";"Reta";"Sim";3;0;0;1;2;0;1;2;-4,85869222;-37,46088434;"SPRF-CE";"DEL03-CE";"UOP03-DEL03-CE"
482565;2022-10-23;"domingo";"17:10:00";"BA";116;506;"SANTA TERESINHA";"Transitar na contramão";"Colisão frontal";"Com Vítimas Feridas";"Anoitecer";"Crescente";"Céu Claro";"Simples";"Reta";"Não";6;0;2;0;4;0;2;2;-12,63770016;-39,60068107;"SPRF-BA";"DEL03-BA";"UOP02-DEL03-BA"
482566;2022-10-23;"domingo";"21:10:00";"RJ";393;236;"VASSOURAS";"Acessar a via sem observar a presença dos outros veículos";"Colisão transversal";"Com Vítimas Feridas";"Plena Noite";"Decrescente";"Chuva";"Simples";"Retorno Regulamentado";"Sim";2;0;1;0;1;0;1;2;-22,38996804;-43,64928296;"SPRF-RJ";"DEL05-RJ";"UOP03-DEL05-RJ"
482567;2022-10-23;"domingo";"20:00:00";"AL";423;20,5;"CANAPI";"Demais falhas na via";"Queda de ocupante de veículo";"Com Vítimas Feridas";"Plena Noite";"Crescente";"Céu Claro";"Simples";"Reta";"Não";2;0;1;1;0;0;2;1;-9,17674182;-37,46306606;"SPRF-AL";"DEL03-AL";"UOP02-DEL03-AL"
482568;2022-10-23;"domingo";"21:00:00";"RS";116;483,8;"TURUCU";"Ausência de reação do condutor";"Colisão traseira";"Com Vítimas Feridas";"Plena Noite";"Crescente";"Nublado";"Dupla";"Reta";"Sim";3;0;1;0;2;0;1;2;-31,42273514;-52,17875788;"SPRF-RS";"DEL07-RS";"UOP01-DEL07-RS"
482572;2022-10-23;"domingo";"21:00:00";"DF";70;13,6;"BRASILIA";"Ausência de reação do condutor";"Saída de leito carroçável";"Com Vítimas Feridas";"Plena Noite";"Crescente";"Céu Claro";"Dupla";"Rotatória";"Sim";1;0;1;0;0;0;1;1;-15,794558;-48,166584;"SPRF-DF";"DEL03-DF";"UOP02-DEL03-DF"
482573;2022-10-23;"domingo";"18:30:00";"RS";285;341;"CARAZINHO";"Acessar a via sem observar a presença dos outros veículos";"Colisão transversal";"Com Vítimas Feridas";"Anoitecer";"Crescente";"Céu Claro";"Simples";"Interseção de Vias";"Sim";2;0;1;0;1;0;1;2;-28,317753;-52,806843;"SPRF-RS";"DEL08-RS";"UOP03-DEL08-RS"
482574;2022-10-23;"domingo";"19:10:00";"SC";280;238,5;"CANOINHAS";"Animais na Pista";"Atropelamento de Animal";"Sem Vítimas";"Anoitecer";"Crescente";"Céu Claro";"Simples";"Reta";"Não";4;0;0;0;4;0;0;2;-26,20536399;-50,438846;"SPRF-SC";"DEL06-SC";"UOP04-DEL06-SC"
482575;2022-10-23;"domingo";"20:45:00";"PB";104;139,5;"QUEIMADAS";"Ingestão de álcool pelo condutor";"Colisão frontal";"Com Vítimas Feridas";"Plena Noite";"Crescente";"Céu Claro";"Simples";"Interseção de Vias";"Sim";2;0;1;0;1;0;1;2;-7,365564;-35,901331;"SPRF-PB";"DEL02-PB";"UOP03-DEL02-PB"
482577;2022-10-23;"domingo";"20:00:00";"RO";319;61;"PORTO VELHO";"Condutor desrespeitou a iluminação vermelha do semáforo";"Colisão lateral mesmo sentido";"Com Vítimas Feridas";"Plena Noite";"Crescente";"Céu Claro";"Múltipla";"Reta";"Sim";2;0;0;1;1;0;1;2;-8,766685;-63,884052;"SPRF-RO";"DEL01-RO";"UOP01-DEL01-RO"
482578;2022-10-23;"domingo";"21:30:00";"SP";116;57,7;"GUARATINGUETA";"Reação tardia ou ineficiente do condutor";"Colisão traseira";"Com Vítimas Feridas";"Plena Noite";"Decrescente";"Céu Claro";"Dupla";"Reta";"Não";2;0;1;0;1;0;1;2;-22,77454618;-45,13807087;"SPRF-SP";"DEL08-SP";"UOP01-DEL08-SP"
482579;2022-10-23;"domingo";"21:35:00";"PR";272;368;"CAMPO MOURAO";"Acessar a via sem observar a presença dos outros veículos";"Atropelamento de Pedestre";"Com Vítimas Feridas";"Plena Noite";"Decrescente";"Céu Claro";"Dupla";"Reta";"Sim";4;0;0;1;0;3;1;2;-24,05475193;-52,41061403;"SPRF-PR";"DEL09-PR";"UOP03-DEL09-PR"
482581;2022-10-23;"domingo";"21:45:00";"PR";277;83,5;"CURITIBA";"Pedestre andava na pista";"Atropelamento de Pedestre";"Com Vítimas Feridas";"Plena Noite";"Decrescente";"Nublado";"Dupla";"Reta";"Sim";2;0;1;1;0;0;2;2;-25,45183873;-49,22716141;"SPRF-PR";"DEL01-PR";"UOP01-DEL01-PR"
482582;2022-10-23;"domingo";"22:20:00";"GO";70;3,4;"AGUAS LINDAS DE GOIAS";"Velocidade Incompatível";"Capotamento";"Sem Vítimas";"Plena Noite";"Crescente";"Nublado";"Dupla";"Reta";"Sim";1;0;0;0;0;1;0;1;-15,76177302;-48,2368693;"SPRF-DF";"DEL03-DF";"UOP02-DEL03-DF"
482583;2022-10-23;"domingo";"20:20:00";"PR";476;104,7;"CASCAVEL";"Reação tardia ou ineficiente do condutor";"Colisão traseira";"Com Vítimas Fatais";"Plena Noite";"Crescente";"Céu Claro";"Dupla";"Reta";"Não";3;1;0;0;2;0;0;3;-24,9146917;-53,5023445;"SPRF-PR";"DEL01-PR";"UOP01-DEL01-PR"
482584;2022-10-23;"domingo";"14:50:00";"PE";101;79,7;"JABOATAO DOS GUARARAPES";"Reação tardia ou ineficiente do condutor";"Tombamento";"Com Vítimas Feridas";"Pleno dia";"Decrescente";"Céu Claro";"Dupla";"Reta";"Sim";1;0;1;0;0;0;1;1;-8,14366112;-34,94723453;"SPRF-PE";"DEL01-PE";"UOP01-DEL01-PE"
482588;2022-10-23;"domingo";"21:30:00";"PE";101;26,1;"IGARASSU";"Condutor Dormindo";"Saída de leito carroçável";"Sem Vítimas";"Plena Noite";"Decrescente";"Céu Claro";"Dupla";"Reta";"Não";1;0;0;0;0;1;0;1;-7,70826223;-34,92811677;"SPRF-PE";"DEL01-PE";"UOP02-DEL01-PE"
482589;2022-10-23;"domingo";"22:20:00";"MG";116;417,1;"GOVERNADOR VALADARES";"Ausência de reação do condutor";"Queda de ocupante de veículo";"Com Vítimas Feridas";"Plena Noite";"Decrescente";"Céu Claro";"Simples";"Reta";"Sim";1;0;1;0;0;0;1;1;-18,90130308;-41,94492414;"SPRF-MG";"DEL06-MG";"UOP01-DEL06-MG"
482590;2022-10-23;"domingo";"19:33:00";"PB";101;56,1;"SANTA RITA";"Velocidade Incompatível";"Colisão com objeto";"Sem Vítimas";"Plena Noite";"Crescente";"Céu Claro";"Dupla";"Reta";"Não";2;0;0;0;2;0;0;2;-6,9698641774;-35,0820693367;"SPRF-PB";"DEL01-PB";"UOP04-DEL01-PB"
482591;2022-10-23;"domingo";"22:40:00";"MG";40;478,2;"SETE LAGOAS";"Animais na Pista";"Atropelamento de Animal";"Com Vítimas Feridas";"Plena Noite";"Decrescente";"Céu Claro";"Múltipla";"Reta;Aclive";"Não";1;0;1;0;0;0;1;1;-19,528809;-44,25922;"SPRF-MG";"DEL02-MG";"UOP01-DEL02-MG"
482593;2022-10-23;"domingo";"23:10:00";"RJ";101;200;"CASIMIRO DE ABREU";"Reação tardia ou ineficiente do condutor";"Colisão lateral mesmo sentido";"Sem Vítimas";"Plena Noite";"Crescente";"Céu Claro";"Simples";"Reta";"Não";6;0;0;0;6;0;0;2;-22,48294819;-42,14400217;"SPRF-RJ";"DEL08-RJ";"UOP04-DEL08-RJ"
482594;2022-10-23;"domingo";"22:40:00";"ES";101;289,5;"CARIACICA";"Retorno proibido";"Colisão transversal";"Com Vítimas Feridas";"Plena Noite";"Decrescente";"Céu Claro";"Dupla";"Retorno Regulamentado";"Sim";5;0;4;0;1;0;4;2;-20,28029304;-40,39302931;"SPRF-ES";"DEL01-ES";"UOP01-DEL01-ES"
482595;2022-10-23;"domingo";"21:10:00";"PR";376;103;"SAO JOSE DOS PINHAIS";"Acessar a via sem observar a presença dos outros veículos";"Colisão traseira";"Com Vítimas Feridas";"Plena Noite";"Crescente";"Céu Claro";"Dupla";"Reta";"Sim";3;0;1;0;1;1;1;2;-25,57107228;-49,19318318;"SPRF-PR";"DEL09-PR";"UOP02-DEL09-PR"
482596;2022-10-23;"domingo";"19:14:00";"RO";364;308;"PRESIDENTE MEDICI";"Desrespeitar a preferência no cruzamento";"Colisão transversal";"Com Vítimas Feridas";"Plena Noite";"Decrescente";"Céu Claro";"Simples";"Interseção de Vias";"Sim";5;0;2;0;3;0;2;2;-11,172427;-61,901573;"SPRF-RO";"DEL02-RO";"UOP01-DEL02-RO"
482597;2022-10-24;"segunda-feira";"00:00:00";"GO";414;346;"COCALZINHO DE GOIAS";"Condutor Dormindo";"Saída de leito carroçável";"Com Vítimas Feridas";"Plena Noite";"Crescente";"Ignorado";"Simples";"Reta";"Não";2;0;2;0;0;0;2;1;-15,60591333;-48,64747885;"SPRF-GO";"DEL02-GO";"UOP01-DEL02-GO"
482598;2022-10-23;"domingo";"19:20:00";"SC";282;120,5;"BOM RETIRO";"Ultrapassagem Indevida";"Colisão frontal";"Com Vítimas Feridas";"Plena Noite";"Crescente";"Céu Claro";"Simples";"Curva";"Não";2;0;1;0;1;0;1;2;-27,792959;-49,415504;"SPRF-SC";"DEL05-SC";"UOP01-DEL05-SC"
482599;2022-10-23;"domingo";"19:00:00";"MT";364;137;"PEDRA PRETA";"Reação tardia ou ineficiente do condutor";"Capotamento";"Sem Vítimas";"Plena Noite";"Crescente";"Céu Claro";"Simples";"Curva";"Não";3;0;0;0;3;0;0;1;-16,80823795;-54,08884296;"SPRF-MT";"DEL02-MT";"UOP01-DEL02-MT"
482601;2022-10-23;"domingo";"19:30:00";"GO";60;197;"GUAPO";"Ingestão de álcool pelo condutor";"Colisão traseira";"Com Vítimas Fatais";"Plena Noite";"Crescente";"Céu Claro";"Dupla";"Reta";"Não";2;1;0;0;1;0;0;2;-16,8546;-49,5945;"SPRF-GO";"DEL01-GO";"UOP02-DEL01-GO"
482602;2022-10-23;"domingo";"22:00:00";"MS";163;180,9;"JUTI";"Ausência de reação do condutor";"Tombamento";"Com Vítimas Feridas";"Plena Noite";"Decrescente";"Céu Claro";"Simples";"Reta";"Não";3;0;1;0;2;0;1;1;-22,830355;-54,684042;"SPRF-MS";"DEL09-MS";"UOP01-DEL09-MS"