"id";"data_inversa";"dia_semana";"horario";"uf";"br";"km";"municipio";"causa_acidente";"tipo_acidente";"classificacao_acidente";"fase_dia";"sentido_via";"condicao_metereologica";"tipo_pista";"tracado_via";"uso_solo";"pessoas";"mortos";"feridos_leves";"feridos_graves";"ilesos";"ignorados";"feridos";"veiculos";"latitude";"longitude";"regional";"delegacia";"uop"
482968;2022-10-25;"terça-feira";"18:30:00";"MA";10;253;"IMPERATRIZ";"Condutor deixou de manter distância do veículo da frente";"Colisão traseira";"Sem Vítimas";"Pleno dia";"Decrescente";"Céu Claro";"Simples";"Reta";"Sim";2;0;0;0;2;0;0;2;-5,526911;-47,471455;"SPRF-MA";"DEL04-MA";"UOP01-DEL04-MA"
482969;2022-10-25;"terça-feira";"21:30:00";"TO";153;147;"ARAGUAINA";"Ingestão de álcool pelo condutor";"Colisão traseira";"Com Vítimas Feridas";"Plena Noite";"Decrescente";"Céu Claro";"Múltipla";"Reta";"Sim";4;0;1;2;1;0;3;2;-7,22175693;-48,24826214;"SPRF-TO";"DEL02-TO";"UOP01-DEL02-TO"
482971;2022-10-25;"terça-feira";"21:30:00";"ES";259;57,3;"COLATINA";"Entrada inopinada do pedestre";"Atropelamento de Pedestre";"Com Vítimas Fatais";"Plena Noite";"Crescente";"Chuva";"Simples";"Reta";"Sim";2;1;0;0;1;0;0;2;-19,51580019;-40,66261268;"SPRF-ES";"DEL02-ES";"UOP01-DEL02-ES"
482972;2022-10-25;"terça-feira";"04:00:00";"PE";101;119;"IPOJUCA";"Iluminação deficiente";"Colisão traseira";"Com Vítimas Fatais";"Amanhecer";"Crescente";"Céu Claro";"Dupla";"Reta";"Não";2;1;0;0;0;1;0;2;-8,352772;-35,16803;"SPRF-PE";"DEL01-PE";"UOP03-DEL01-PE"
482978;2022-10-25;"terça-feira";"21:40:00";"SC";101;435;"SOMBRIO";"Ausência de reação do condutor";"Tombamento";"Com Vítimas Feridas";"Plena Noite";"Decrescente";"Céu Claro";"Múltipla";"Reta";"Sim";2;0;2;0;0;0;2;1;-29,09949414;-49,63480552;"SPRF-SC";"DEL02-SC";"UOP02-DEL02-SC"
482980;2022-10-25;"terça-feira";"23:30:00";"SP";116;230,1;"SAO PAULO";"Demais falhas mecânicas ou elétricas";"Colisão traseira";"Com Vítimas Feridas";"Plena Noite";"Decrescente";"Nublado";"Múltipla";"Reta";"Sim";2;0;1;0;1;0;1;2;-23,52251783;-46,5855702;"SPRF-SP";"DEL01-SP";"UOP01-DEL01-SP"
482982;2022-10-25;"terça-feira";"22:20:00";"RN";427;97,9;"CAICO";"Velocidade Incompatível";"Tombamento";"Com Vítimas Feridas";"Plena Noite";"Decrescente";"Céu Claro";"Simples";"Curva;Rotatória";"Não";1;0;1;0;0;0;1;1;-6,45596961;-37,05534786;"SPRF-RN";"DEL03-RN";"UOP01-DEL03-RN"
482983;2022-10-25;"terça-feira";"22:40:00";"PR";116;122;"CURITIBA";"Ausência de reação do condutor";"Colisão traseira";"Sem Vítimas";"Plena Noite";"Decrescente";"Nublado";"Dupla";"Curva";"Não";2;0;0;0;1;1;0;2;-25,60943633;-49,3192631;"SPRF-PR";"DEL01-PR";"UOP03-DEL01-PR"
482984;2022-10-25;"terça-feira";"22:40:00";"RO";364;712;"PORTO VELHO";"Ausência de reação do condutor";"Colisão traseira";"Com Vítimas Feridas";"Plena Noite";"Crescente";"Nublado";"Múltipla";"Rotatória;Viaduto;Reta";"Sim";3;0;0;1;2;0;1;2;-8,77776918;-63,87157079;"SPRF-RO";"DEL01-RO";"UOP01-DEL01-RO"
482989;2022-10-26;"quarta-feira";"02:20:00";"PR";277;684;"SAO MIGUEL DO IGUACU";"Pedestre andava na pista";"Atropelamento de Pedestre";"Com Vítimas Fatais";"Plena Noite";"Crescente";"Céu Claro";"Dupla";"Reta";"Não";2;1;0;0;1;0;0;2;-25,336684;-54,197421;"SPRF-PR";"DEL05-PR";"UOP01-DEL05-PR"
482991;2022-10-26;"quarta-feira";"02:15:00";"SC";101;282;"IMBITUBA";"Ingestão de álcool pelo condutor";"Saída de leito carroçável";"Com Vítimas Feridas";"Plena Noite";"Decrescente";"Céu Claro";"Dupla";"Reta";"Não";1;0;1;0;0;0;1;1;-28,21151715;-48,69922757;"SPRF-SC";"DEL02-SC";"UOP03-DEL02-SC"
482992;2022-04-09;"sábado";"05:40:00";"ES";101;266,8;"SERRA";"Objeto estático sobre o leito carroçável";"Colisão com objeto";"Com Vítimas Feridas";"Amanhecer";"Crescente";"Céu Claro";"Dupla";"Reta";"Sim";2;0;1;0;1;0;1;1;-20,19766094;-40,26885795;"SPRF-ES";"DEL02-ES";"UOP01-DEL02-ES"
482994;2022-10-26;"quarta-feira";"05:25:00";"MS";163;486;"CAMPO GRANDE";"Ausência de reação do condutor";"Colisão traseira";"Com Vítimas Feridas";"Pleno dia";"Decrescente";"Sol";"Simples";"Reta";"Sim";4;0;1;1;2;0;2;2;-20,4336361;-54,54376745;"SPRF-MS";"DEL01-MS";"UOP02-DEL01-MS"
482995;2022-10-26;"quarta-feira";"03:30:00";"PR";116;109,5;"SAO JOSE DOS PINHAIS";"Demais falhas mecânicas ou elétricas";"Saída de leito carroçável";"Sem Vítimas";"Plena Noite";"Decrescente";"Nublado";"Dupla";"Reta";"Não";1;0;0;0;0;1;0;1;-25,57140489;-49,20748999;"SPRF-PR";"DEL01-PR";"UOP07-DEL01-PR"
482997;2022-10-26;"quarta-feira";"06:20:00";"PR";277;681;"MEDIANEIRA";"Condutor Dormindo";"Colisão com objeto";"Com Vítimas Feridas";"Pleno dia";"Crescente";"Céu Claro";"Dupla";"Reta";"Não";1;0;1;0;0;0;1;1;-25,32705338;-54,17332888;"SPRF-PR";"DEL05-PR";"UOP01-DEL05-PR"
482999;2022-10-26;"quarta-feira";"06:30:00";"MG";40;510;"RIBEIRAO DAS NEVES";"Reação tardia ou ineficiente do condutor";"Queda de ocupante de veículo";"Com Vítimas Feridas";"Pleno dia";"Decrescente";"Céu Claro";"Dupla";"Reta";"Não";1;0;0;1;0;0;1;1;-19,77463885;-44,12321882;"SPRF-MG";"DEL01-MG";"UOP02-DEL01-MG"
483001;2022-10-26;"quarta-feira";"07:14:00";"DF";20;0;"BRASILIA";"Animais na Pista";"Colisão traseira";"Com Vítimas Feridas";"Pleno dia";"Crescente";"Céu Claro";"Dupla";"Reta";"Não";3;0;1;0;2;0;1;3;-15,688145;-47,858797;"SPRF-DF";"DEL02-DF";"UOP01-DEL02-DF"
483003;2022-10-26;"quarta-feira";"07:40:00";"RS";392;352;"SANTA MARIA";"Acessar a via sem observar a presença dos outros veículos";"Colisão transversal";"Com Vítimas Feridas";"Pleno dia";"Decrescente";"Céu Claro";"Dupla";"Reta";"Sim";2;0;0;1;1;0;1;2;-29,719048;-53,80824566;"SPRF-RS";"DEL09-RS";"UOP01-DEL09-RS"
483004;2022-10-25;"terça-feira";"23:00:00";"MT";364;358,8;"SANTO ANTONIO DO LEVERGER";"Ausência de reação do condutor";"Capotamento";"Com Vítimas Feridas";"Plena Noite";"Crescente";"Nublado";"Dupla";"Reta";"Não";2;0;2;0;0;0;2;1;-15,77787608;-55,6140231;"SPRF-MT";"DEL05-MT";"UOP02-DEL05-MT"
483005;2022-08-27;"sábado";"15:50:00";"PA";230;119;"MARABA";"Manobra de mudança de faixa";"Tombamento";"Com Vítimas Feridas";"Pleno dia";"Decrescente";"Céu Claro";"Dupla";"Reta";"Sim";4;0;0;2;1;1;2;4;-5,35599958;-49,12219048;"SPRF-PA";"DEL03-PA";"UOP01-DEL03-PA"
483006;2022-10-26;"quarta-feira";"05:30:00";"PE";101;70;"RECIFE";"Ausência de reação do condutor";"Queda de ocupante de veículo";"Com Vítimas Feridas";"Pleno dia";"Crescente";"Céu Claro";"Dupla";"Reta";"Sim";2;0;1;1;0;0;2;1;-8,06776119;-34,94265074;"SPRF-PE";"DEL01-PE";"UOP01-DEL01-PE"
483007;2022-10-26;"quarta-feira";"06:40:00";"SP";158;6,9;"PAULICEIA";"Acessar a via sem observar a presença dos outros veículos";"Colisão transversal";"Sem Vítimas";"Amanhecer";"Decrescente";"Céu Claro";"Simples";"Retorno Regulamentado";"Não";2;0;0;0;2;0;0;2;-21,30618782;-51,82757378;"SPRF-MS";"DEL07-MS";"UOP01-DEL07-MS"
483008;2022-10-14;"sexta-feira";"23:22:00";"ES";101;266;"SERRA";"Ausência de reação do condutor";"Colisão traseira";"Com Vítimas Feridas";"Plena Noite";"Crescente";"Chuva";"Múltipla";"Reta";"Sim";3;0;1;1;1;0;2;2;-20,190199;-40,26828891;"SPRF-ES";"DEL02-ES";"UOP01-DEL02-ES"
483009;2022-10-26;"quarta-feira";"08:00:00";"PR";376;182;"MARINGA";"Desrespeitar a preferência no cruzamento";"Colisão transversal";"Com Vítimas Feridas";"Pleno dia";"Decrescente";"Céu Claro";"Dupla";"Reta";"Sim";2;0;1;0;1;0;1;2;-23,43137497;-51,88759089;"SPRF-PR";"DEL09-PR";"UOP01-DEL09-PR"
483010;2022-08-05;"sexta-feira";"11:40:00";"PE";101;72;"RECIFE";"Pedestre andava na pista";"Atropelamento de Pedestre";"Com Vítimas Feridas";"Pleno dia";"Decrescente";"Sol";"Dupla";"Reta";"Sim";2;0;0;1;0;1;1;2;-8,07663102;-34,94277871;"SPRF-PE";"DEL01-PE";"UOP01-DEL01-PE"
483011;2022-10-26;"quarta-feira";"07:10:00";"SC";101;256,7;"PAULO LOPES";"Ausência de reação do condutor";"Colisão com objeto";"Com Vítimas Feridas";"Pleno dia";"Crescente";"Céu Claro";"Simples";"Reta";"Não";2;0;2;0;0;0;2;1;-27,995808;-48,68936;"SPRF-SC";"DEL02-SC";"UOP03-DEL02-SC"
483012;2022-10-08;"sábado";"16:10:00";"SP";116;158;"SAO JOSE DOS CAMPOS";"Reação tardia ou ineficiente do condutor";"Colisão frontal";"Com Vítimas Feridas";"Pleno dia";"Decrescente";"Céu Claro";"Simples";"Interseção de Vias";"Não";2;0;1;0;0;1;1;2;-23,26066677;-45,9514761;"SPRF-SP";"DEL02-SP";"UOP01-DEL02-SP"
483013;2022-10-26;"quarta-feira";"08:13:00";"RS";116;247;"SAO LEOPOLDO";"Reação tardia ou ineficiente do condutor";"Colisão traseira";"Sem Vítimas";"Pleno dia";"Crescente";"Céu Claro";"Dupla";"Reta";"Sim";2;0;0;0;2;0;0;2;-29,76733091;-51,1535296;"SPRF-RS";"DEL01-RS";"UOP02-DEL01-RS"
483014;2022-10-26;"quarta-feira";"07:45:00";"PR";369;156,5;"LONDRINA";"Ausência de reação do condutor";"Colisão transversal";"Com Vítimas Feridas";"Pleno dia";"Decrescente";"Céu Claro";"Dupla";"Reta";"Sim";3;0;0;1;2;0;1;3;-23,28984948;-51,22136235;"SPRF-PR";"DEL07-PR";"UOP01-DEL07-PR"
483015;2022-09-27;"terça-feira";"03:26:00";"MS";163;682;"RIO VERDE DE MATO GROSSO";"Reação tardia ou ineficiente do condutor";"Eventos atípicos";"Com Vítimas Feridas";"Plena Noite";"Decrescente";"Chuva";"Simples";"Reta";"Sim";2;0;0;1;1;0;1;1;-18,89609;-54,843494;"SPRF-MS";"DEL06-MS";"UOP02-DEL06-MS"
483016;2022-10-26;"quarta-feira";"07:30:00";"RS";392;66,5;"PELOTAS";"Ausência de reação do condutor";"Queda de ocupante de veículo";"Com Vítimas Feridas";"Pleno dia";"Decrescente";"Céu Claro";"Dupla";"Reta";"Sim";1;0;1;0;0;0;1;1;-31,7627503;-52,39165019;"SPRF-RS";"DEL07-RS";"UOP01-DEL07-RS"
483017;2022-10-26;"quarta-feira";"07:50:00";"PR";277;585,5;"CASCAVEL";"Acesso irregular";"Colisão frontal";"Com Vítimas Feridas";"Pleno dia";"Crescente";"Céu Claro";"Simples";"Interseção de Vias";"Sim";2;0;2;0;0;0;2;2;-24,96400704;-53,41227401;"SPRF-PR";"DEL04-PR";"UOP01-DEL04-PR"
483018;2022-10-26;"quarta-feira";"08:15:00";"RS";116;517,1;"PELOTAS";"Ausência de reação do condutor";"Colisão transversal";"Com Vítimas Feridas";"Pleno dia";"Decrescente";"Céu Claro";"Simples";"Rotatória";"Sim";3;0;1;0;2;0;1;2;-31,67908686;-52,34256731;"SPRF-RS";"DEL07-RS";"UOP01-DEL07-RS"
483019;2022-10-26;"quarta-feira";"08:20:00";"RS";290;86;"PORTO ALEGRE";"Acumulo de óleo sobre o pavimento";"Tombamento";"Com Vítimas Feridas";"Pleno dia";"Crescente";"Céu Claro";"Simples";"Curva";"Sim";1;0;1;0;0;0;1;1;-29,968412;-51,117138;"SPRF-RS";"DEL01-RS";"UOP01-DEL01-RS"
483020;2022-10-26;"quarta-feira";"08:55:00";"PR";376;178;"MARINGA";"Condutor deixou de manter distância do veículo da frente";"Colisão traseira";"Com Vítimas Feridas";"Pleno dia";"Decrescente";"Céu Claro";"Dupla";"Reta";"Sim";2;0;1;0;1;0;1;2;-23,4192146;-51,91293985;"SPRF-PR";"DEL09-PR";"UOP01-DEL09-PR"
483021;2022-10-26;"quarta-feira";"09:00:00";"SC";101;207,7;"SAO JOSE";"Ausência de reação do condutor";"Colisão traseira";"Com Vítimas Feridas";"Pleno dia";"Decrescente";"Nublado";"Múltipla";"Reta";"Sim";2;0;1;0;1;0;1;2;-27,60001226;-48,6226467;"SPRF-SC";"DEL01-SC";"UOP01-DEL01-SC"
483022;2022-10-26;"quarta-feira";"08:25:00";"PI";316;4,4;"TERESINA";"Acumulo de água sobre o pavimento";"Colisão transversal";"Com Vítimas Feridas";"Pleno dia";"Decrescente";"Chuva";"Múltipla";"Curva";"Sim";2;0;1;1;0;0;2;2;-5,12826443;-42,79292384;"SPRF-PI";"DEL01-PI";"UOP02-DEL01-PI"
483024;2022-10-26;"quarta-feira";"08:35:00";"RJ";493;22;"MAGE";"Reação tardia ou ineficiente do condutor";"Colisão traseira";"Com Vítimas Feridas";"Pleno dia";"Decrescente";"Céu Claro";"Simples";"Reta";"Não";2;0;1;0;1;0;1;2;-22,659311;-43,053303;"SPRF-RJ";"DEL04-RJ";"UOP02-DEL04-RJ"
483025;2022-10-26;"quarta-feira";"07:30:00";"SC";282;213,5;"LAGES";"Acessar a via sem observar a presença dos outros veículos";"Colisão traseira";"Com Vítimas Feridas";"Pleno dia";"Crescente";"Céu Claro";"Simples";"Interseção de Vias";"Sim";11;0;9;0;2;0;9;2;-27,785299;-50,261921;"SPRF-SC";"DEL05-SC";"UOP01-DEL05-SC"
483027;2022-10-26;"quarta-feira";"08:25:00";"SP";116;145;"SAO JOSE DOS CAMPOS";"Reação tardia ou ineficiente do condutor";"Colisão lateral mesmo sentido";"Com Vítimas Feridas";"Pleno dia";"Crescente";"Céu Claro";"Dupla";"Reta";"Sim";2;0;1;0;1;0;1;2;-23,1869844;-45,8548078;"SPRF-SP";"DEL02-SP";"UOP01-DEL02-SP"
483028;2022-10-14;"sexta-feira";"18:00:00";"BA";324;626;"SALVADOR";"Manobra de mudança de faixa";"Colisão lateral mesmo sentido";"Com Vítimas Feridas";"Plena Noite";"Decrescente";"Céu Claro";"Dupla";"Curva";"Não";2;0;1;0;1;0;1;2;-12,95020997;-38,47073108;"SPRF-BA";"DEL01-BA";"UOP01-DEL01-BA"
483029;2022-10-26;"quarta-feira";"07:30:00";"PI";343;4,1;"TERESINA";"Acessar a via sem observar a presença dos outros veículos";"Colisão transversal";"Com Vítimas Feridas";"Pleno dia";"Crescente";"Garoa/Chuvisco";"Dupla";"Interseção de Vias";"Sim";2;0;1;0;1;0;1;2;-5,0802544;-42,78693264;"SPRF-PI";"DEL05-PI";"UOP01-DEL05-PI"
483030;2022-10-26;"quarta-feira";"08:10:00";"SC";116;2,3;"MAFRA";"Ausência de reação do condutor";"Colisão traseira";"Com Vítimas Feridas";"Pleno dia";"Decrescente";"Céu Claro";"Simples";"Reta";"Sim";3;0;2;0;1;0;2;2;-26,12391791;-49,79303212;"SPRF-SC";"DEL06-SC";"UOP01-DEL06-SC"
483031;2022-10-26;"quarta-feira";"08:30:00";"PR";277;465;"LARANJEIRAS DO SUL";"Reação tardia ou ineficiente do condutor";"Colisão frontal";"Com Vítimas Feridas";"Pleno dia";"Decrescente";"Céu Claro";"Simples";"Curva";"Não";4;0;2;0;2;0;2;2;-25,343022;-52,495214;"SPRF-PR";"DEL04-PR";"UOP02-DEL04-PR"
483032;2022-10-26;"quarta-feira";"08:55:00";"MG";116;527,7;"CARATINGA";"Acessar a via sem observar a presença dos outros veículos";"Colisão transversal";"Com Vítimas Feridas";"Pleno dia";"Crescente";"Céu Claro";"Múltipla";"Reta";"Sim";2;0;1;0;1;0;1;2;-19,78510701;-42,13445297;"SPRF-MG";"DEL06-MG";"UOP02-DEL06-MG"
483033;2022-10-26;"quarta-feira";"08:30:00";"PB";230;1;"CABEDELO";"Acessar a via sem observar a presença dos outros veículos";"Colisão lateral mesmo sentido";"Com Vítimas Feridas";"Pleno dia";"Crescente";"Céu Claro";"Simples";"Reta";"Sim";4;0;1;0;1;2;1;3;-6,9753;-34,8318;"SPRF-PB";"DEL01-PB";"UOP01-DEL01-PB"
483034;2022-10-26;"quarta-feira";"09:18:00";"MG";381;697,7;"LAVRAS";"Velocidade Incompatível";"Engavetamento";"Com Vítimas Feridas";"Pleno dia";"Crescente";"Céu Claro";"Dupla";"Aclive;Reta";"Não";3;0;2;0;1;0;2;3;-21,29043096;-45,14791909;"SPRF-MG";"DEL04-MG";"UOP02-DEL04-MG"
483035;2022-10-26;"quarta-feira";"09:50:00";"SC";470;47,8;"BLUMENAU";"Acessar a via sem observar a presença dos outros veículos";"Colisão traseira";"Com Vítimas Feridas";"Pleno dia";"Crescente";"Céu Claro";"Simples";"Reta";"Sim";3;0;2;0;1;0;2;2;-26,85952587;-49,0555805;"SPRF-SC";"DEL04-SC";"UOP01-DEL04-SC"
483036;2022-10-26;"quarta-feira";"09:30:00";"SC";101;47;"JOINVILLE";"Ausência de reação do condutor";"Tombamento";"Com Vítimas Feridas";"Pleno dia";"Decrescente";"Sol";"Múltipla";"Reta";"Sim";2;0;1;0;1;0;1;2;-26,33150083;-48,86187762;"SPRF-SC";"DEL03-SC";"UOP01-DEL03-SC"
483040;2022-10-16;"domingo";"00:30:00";"MS";463;0,4;"DOURADOS";"Ultrapassagem Indevida";"Colisão lateral sentido oposto";"Com Vítimas Feridas";"Plena Noite";"Crescente";"Céu Claro";"Simples";"Reta";"Sim";2;0;1;0;0;1;1;2;-22,258694;-54,804096;"SPRF-MS";"DEL04-MS";"UOP01-DEL04-MS"
483042;2022-10-26;"quarta-feira";"09:00:00";"RJ";40;89;"PETROPOLIS";"Acumulo de óleo sobre o pavimento";"Tombamento";"Com Vítimas Feridas";"Pleno dia";"Crescente";"Céu Claro";"Simples";"Curva;Declive";"Não";1;0;1;0;0;0;1;1;-22,55492106;-43,23933363;"SPRF-RJ";"DEL06-RJ";"UOP01-DEL06-RJ"
483044;2022-10-26;"quarta-feira";"10:30:00";"SE";235;103;"CARIRA";"Manobra de mudança de faixa";"Colisão transversal";"Com Vítimas Feridas";"Pleno dia";"Decrescente";"Céu Claro";"Simples";"Reta";"Não";3;0;3;0;0;0;3;2;-10,39881328;-37,67468333;"SPRF-SE";"DEL01-SE";"UOP02-DEL01-SE"
483045;2022-10-26;"quarta-feira";"09:45:00";"SP";116;119;"TAUBATE";"Trafegar com motocicleta (ou similar) entre as faixas";"Colisão traseira";"Com Vítimas Feridas";"Pleno dia";"Crescente";"Céu Claro";"Dupla";"Reta";"Não";2;0;1;0;1;0;1;2;-23,06710044;-45,63562878;"SPRF-SP";"DEL02-SP";"UOP02-DEL02-SP"
483046;2022-10-26;"quarta-feira";"10:00:00";"ES";101;165,1;"LINHARES";"Avarias e/ou desgaste excessivo no pneu";"Queda de ocupante de veículo";"Com Vítimas Feridas";"Pleno dia";"Crescente";"Nublado";"Simples";"Reta";"Não";1;0;1;0;0;0;1;1;-19,51360307;-40,1399459;"SPRF-ES";"DEL04-ES";"UOP01-DEL04-ES"
483048;2022-10-26;"quarta-feira";"12:11:00";"PE";101;46,2;"IGARASSU";"Manobra de mudança de faixa";"Colisão lateral mesmo sentido";"Com Vítimas Feridas";"Pleno dia";"Crescente";"Céu Claro";"Múltipla";"Reta";"Sim";3;0;2;0;1;0;2;2;-7,87406004;-34,90588126;"SPRF-PE";"DEL01-PE";"UOP02-DEL01-PE"
483049;2022-10-26;"quarta-feira";"11:30:00";"GO";364;98;"CACHOEIRA ALTA";"Ultrapassagem Indevida";"Colisão frontal";"Com Vítimas Fatais";"Pleno dia";"Crescente";"Céu Claro";"Simples";"Reta;Aclive";"Não";3;3;0;0;0;0;0;2;-18,431952;-51,093102;"SPRF-GO";"DEL05-GO";"UOP02-DEL05-GO"
483051;2022-10-26;"quarta-feira";"12:00:00";"PR";277;720,7;"FOZ DO IGUACU";"Ausência de reação do condutor";"Colisão traseira";"Com Vítimas Feridas";"Pleno dia";"Crescente";"Céu Claro";"Dupla";"Reta";"Sim";2;0;1;1;0;0;2;2;-25,48750984;-54,50317706;"SPRF-PR";"DEL05-PR";"UOP03-DEL05-PR"
483052;2022-10-26;"quarta-feira";"13:10:00";"RS";116;245;"SAO LEOPOLDO";"Velocidade Incompatível";"Colisão transversal";"Sem Vítimas";"Pleno dia";"Crescente";"Céu Claro";"Simples";"Reta";"Não";2;0;0;0;1;1;0;2;-29,74980902;-51,15125361;"SPRF-RS";"DEL01-RS";"UOP02-DEL01-RS"
483055;2022-10-26;"quarta-feira";"11:55:00";"PR";277;43;"MORRETES";"Ausência de reação do condutor";"Tombamento";"Com Vítimas Feridas";"Pleno dia";"Decrescente";"Céu Claro";"Dupla";"Curva";"Não";2;0;1;0;1;0;1;1;-25,57437908;-48,85418905;"SPRF-PR";"DEL01-PR";"UOP01-DEL01-PR"
483056;2022-10-26;"quarta-feira";"12:45:00";"RJ";116;264;"VOLTA REDONDA";"Ausência de reação do condutor";"Saída de leito carroçável";"Com Vítimas Feridas";"Pleno dia";"Crescente";"Sol";"Dupla";"Curva";"Sim";3;0;1;0;2;0;1;1;-22,59213864;-44,07723781;"SPRF-RJ";"DEL07-RJ";"UOP02-DEL07-RJ"
483057;2022-10-26;"quarta-feira";"12:45:00";"PB";230;335,6;"PATOS";"Acessar a via sem observar a presença dos outros veículos";"Colisão lateral sentido oposto";"Com Vítimas Feridas";"Pleno dia";"Crescente";"Céu Claro";"Simples";"Reta";"Sim";2;0;1;0;1;0;1;2;-7,011189;-37,271152;"SPRF-PB";"DEL03-PB";"UOP01-DEL03-PB"
483059;2022-10-26;"quarta-feira";"12:30:00";"ES";101;265,2;"SERRA";"Ingestão de álcool pelo condutor";"Saída de leito carroçável";"Sem Vítimas";"Pleno dia";"Decrescente";"Sol";"Múltipla";"Reta";"Sim";1;0;0;0;1;0;0;1;-20,18447062;-40,26663492;"SPRF-ES";"DEL02-ES";"UOP01-DEL02-ES"
483061;2022-10-26;"quarta-feira";"13:15:00";"RS";158;566,5;"SANTANA DO LIVRAMENTO";"Desrespeitar a preferência no cruzamento";"Colisão transversal";"Com Vítimas Feridas";"Pleno dia";"Decrescente";"Chuva";"Simples";"Reta";"Sim";3;0;1;0;2;0;1;2;-30,87664463;-55,51059075;"SPRF-RS";"DEL11-RS";"UOP01-DEL11-RS"
483062;2022-10-26;"quarta-feira";"13:30:00";"BA";101;715;"EUNAPOLIS";"Acessar a via sem observar a presença dos outros veículos";"Colisão transversal";"Com Vítimas Feridas";"Pleno dia";"Decrescente";"Céu Claro";"Simples";"Reta";"Sim";1;0;1;0;0;0;1;1;-16,51904931;-39,57138062;"SPRF-BA";"DEL09-BA";"UOP01-DEL09-BA"
483063;2022-10-26;"quarta-feira";"14:00:00";"DF";70;6;"BRASILIA";"Mal súbito do condutor";"Saída de leito carroçável";"Com Vítimas Feridas";"Pleno dia";"Crescente";"Céu Claro";"Dupla";"Reta";"Sim";1;0;1;0;0;0;1;1;-15,791242;-48,105759;"SPRF-DF";"DEL03-DF";"UOP02-DEL03-DF"
483064;2022-10-26;"quarta-feira";"11:30:00";"MT";163;838;"SINOP";"Acumulo de óleo sobre o pavimento";"Queda de ocupante de veículo";"Com Vítimas Feridas";"Pleno dia";"Crescente";"Céu Claro";"Dupla";"Retorno Regulamentado";"Sim";1;0;1;0;0;0;1;1;-11,82982304;-55,48700809;"SPRF-MT";"DEL06-MT";"NPF/DEL06-MT"
483066;2022-10-26;"quarta-feira";"14:00:00";"GO";153;505,3;"APARECIDA DE GOIANIA";"Ausência de reação do condutor";"Colisão traseira";"Com Vítimas Feridas";"Pleno dia";"Decrescente";"Céu Claro";"Dupla";"Reta";"Não";2;0;1;0;1;0;1;2;-16,7537;-49,2411;"SPRF-GO";"DEL01-GO";"UOP01-DEL01-GO"
483067;2022-10-26;"quarta-feira";"10:30:00";"PB";230;18;"JOAO PESSOA";"Reação tardia ou ineficiente do condutor";"Colisão traseira";"Com Vítimas Feridas";"Pleno dia";"Decrescente";"Céu Claro";"Dupla";"Reta";"Sim";2;0;1;0;1;0;1;2;-7,1198;-34,8453;"SPRF-PB";"DEL01-PB";"UOP01-DEL01-PB"
483068;2022-08-19;"sexta-feira";"10:10:00";"PA";230;629;"ALTAMIRA";"Reação tardia ou ineficiente do condutor";"Saída de leito carroçável";"Com Vítimas Feridas";"Pleno dia";"Decrescente";"Céu Claro";"Simples";"Reta";"Não";2;0;0;1;1;0;1;1;-3,17273469;-52,15369802;"SPRF-PA";"DEL04-PA";"UOP01-DEL04-PA"
483070;2022-10-26;"quarta-feira";"07:45:00";"SC";101;327;"CAPIVARI DE BAIXO";"Condutor deixou de manter distância do veículo da frente";"Colisão traseira";"Com Vítimas Feridas";"Pleno dia";"Crescente";"Céu Claro";"Múltipla";"Interseção de Vias";"Sim";2;0;1;0;0;1;1;2;-28,43023306;-48,95205197;"SPRF-SC";"DEL02-SC";"UOP01-DEL02-SC"
483071;2022-10-26;"quarta-feira";"14:30:00";"MG";381;494,9;"BETIM";"Ausência de reação do condutor";"Tombamento";"Com Vítimas Feridas";"Pleno dia";"Crescente";"Sol";"Dupla";"Reta";"Sim";1;0;1;0;0;0;1;1;-19,972567;-44,18419;"SPRF-MG";"DEL01-MG";"UOP03-DEL01-MG"
483072;2022-10-26;"quarta-feira";"14:00:00";"PR";277;101;"CURITIBA";"Avarias e/ou desgaste excessivo no pneu";"Queda de ocupante de veículo";"Com Vítimas Feridas";"Pleno dia";"Decrescente";"Céu Claro";"Dupla";"Reta";"Sim";2;0;0;1;1;0;1;1;-25,52228492;-49,3331539;"SPRF-PR";"DEL01-PR";"UOP06-DEL01-PR"
483074;2022-10-26;"quarta-feira";"13:30:00";"MG";116;687;"MURIAE";"Velocidade Incompatível";"Saída de leito carroçável";"Com Vítimas Feridas";"Pleno dia";"Decrescente";"Céu Claro";"Simples";"Curva";"Não";2;0;0;2;0;0;2;1;-20,99763992;-42,36258307;"SPRF-MG";"DEL07-MG";"UOP02-DEL07-MG"
483075;2022-10-26;"quarta-feira";"14:35:00";"MG";381;428;"CAETE";"Manobra de mudança de faixa";"Colisão lateral mesmo sentido";"Com Vítimas Feridas";"Pleno dia";"Crescente";"Céu Claro";"Simples";"Curva";"Não";2;0;1;0;1;0;1;2;-19,78885371;-43,70613892;"SPRF-MG";"DEL01-MG";"UOP01-DEL01-MG"
483076;2022-10-26;"quarta-feira";"08:30:00";"RJ";40;60,5;"PETROPOLIS";"Demais falhas mecânicas ou elétricas";"Incêndio";"Com Vítimas Feridas";"Pleno dia";"Decrescente";"Céu Claro";"Dupla";"Reta";"Sim";2;0;1;0;1;0;1;1;-22,39450315;-43,13468983;"SPRF-RJ";"DEL05-RJ";"UOP02-DEL05-RJ"
483077;2022-10-26;"quarta-feira";"15:00:00";"PB";230;150,2;"CAMPINA GRANDE";"Ingestão de álcool pelo condutor";"Tombamento";"Com Vítimas Feridas";"Pleno dia";"Decrescente";"Céu Claro";"Simples";"Curva";"Sim";1;0;1;0;0;0;1;1;-7,2515;-35,8724;"SPRF-PB";"DEL02-PB";"UOP01-DEL02-PB"