"id";"data_inversa";"dia_semana";"horario";"uf";"br";"km";"municipio";"causa_acidente";"tipo_acidente";"classificacao_acidente";"fase_dia";"sentido_via";"condicao_metereologica";"tipo_pista";"tracado_via";"uso_solo";"pessoas";"mortos";"feridos_leves";"feridos_graves";"ilesos";"ignorados";"feridos";"veiculos";"latitude";"longitude";"regional";"delegacia";"uop"
483080;2022-10-26;"quarta-feira";"15:00:00";"TO";0;0;"MIRANORTE";"Frear bruscamente";"Colisão lateral mesmo sentido";"Sem Vítimas";"Pleno dia";"Não Informado";"Nublado";"Simples";"Reta;Interseção de Vias";"Não";2;0;0;0;2;0;0;2;-9,440124;-48,704675;"SPRF-TO";"DEL01-TO";"UOP01-DEL01-TO"
483081;2022-10-26;"quarta-feira";"16:00:00";"PR";376;289;"MAUA DA SERRA";"Acesso irregular";"Colisão transversal";"Com Vítimas Feridas";"Pleno dia";"Crescente";"Céu Claro";"Dupla";"Reta";"Não";2;0;0;1;1;0;1;2;-23,90347063;-51,21141182;"SPRF-PR";"DEL07-PR";"UOP02-DEL07-PR"
483082;2022-10-26;"quarta-feira";"06:40:00";"PR";277;470,9;"NOVA LARANJEIRAS";"Acesso irregular";"Colisão frontal";"Sem Vítimas";"Pleno dia";"Crescente";"Céu Claro";"Simples";"Aclive;Curva;Em Obras";"Não";3;0;0;0;3;0;0;2;-25,33085003;-52,50834713;"SPRF-PR";"DEL04-PR";"UOP02-DEL04-PR"
483083;2022-10-26;"quarta-feira";"15:40:00";"ES";101;290;"CARIACICA";"Ingestão de álcool pelo condutor";"Colisão traseira";"Sem Vítimas";"Pleno dia";"Crescente";"Céu Claro";"Dupla";"Retorno Regulamentado";"Sim";2;0;0;0;2;0;0;2;-20,28927747;-40,39181575;"SPRF-ES";"DEL01-ES";"UOP01-DEL01-ES"
483084;2022-10-26;"quarta-feira";"14:30:00";"RJ";40;89;"PETROPOLIS";"Demais falhas mecânicas ou elétricas";"Saída de leito carroçável";"Com Vítimas Feridas";"Pleno dia";"Decrescente";"Céu Claro";"Simples";"Aclive;Curva";"Não";1;0;1;0;0;0;1;1;-22,556263;-43,23718;"SPRF-RJ";"DEL06-RJ";"UOP01-DEL06-RJ"
483085;2022-10-26;"quarta-feira";"16:15:00";"MG";381;500;"BETIM";"Velocidade Incompatível";"Tombamento";"Com Vítimas Feridas";"Pleno dia";"Crescente";"Céu Claro";"Múltipla";"Reta";"Sim";1;0;1;0;0;0;1;1;-19,99980571;-44,21001434;"SPRF-MG";"DEL01-MG";"UOP03-DEL01-MG"
483086;2022-10-26;"quarta-feira";"15:10:00";"RJ";40;121;"DUQUE DE CAXIAS";"Ausência de reação do condutor";"Colisão traseira";"Com Vítimas Feridas";"Pleno dia";"Decrescente";"Céu Claro";"Múltipla";"Reta";"Não";3;0;2;0;1;0;2;2;-22,78185499;-43,28571273;"SPRF-RJ";"DEL01-RJ";"UOP01-DEL01-RJ"
483087;2022-10-26;"quarta-feira";"16:20:00";"SE";235;27;"AREIA BRANCA";"Velocidade Incompatível";"Colisão traseira";"Com Vítimas Feridas";"Pleno dia";"Crescente";"Céu Claro";"Simples";"Reta";"Não";3;0;1;0;2;0;1;2;-10,798957;-37,272919;"SPRF-SE";"DEL01-SE";"UOP02-DEL01-SE"
483089;2022-10-26;"quarta-feira";"15:00:00";"RJ";40;101;"DUQUE DE CAXIAS";"Ausência de reação do condutor";"Colisão traseira";"Com Vítimas Feridas";"Pleno dia";"Decrescente";"Céu Claro";"Simples";"Reta";"Sim";3;0;1;0;2;0;1;2;-22,60246485;-43,28380739;"SPRF-RJ";"DEL01-RJ";"UOP01-DEL01-RJ"
483091;2022-10-22;"sábado";"22:30:00";"MG";50;7;"ARAGUARI";"Ausência de reação do condutor";"Saída de leito carroçável";"Com Vítimas Feridas";"Plena Noite";"Crescente";"Céu Claro";"Dupla";"Reta";"Não";1;0;1;0;0;0;1;1;-18,47978714;-48,04875045;"SPRF-MG";"DEL15-MG";"UOP02-DEL15-MG"
483094;2022-10-26;"quarta-feira";"16:30:00";"SC";101;158;"PORTO BELO";"Velocidade Incompatível";"Colisão transversal";"Com Vítimas Feridas";"Pleno dia";"Decrescente";"Céu Claro";"Dupla";"Retorno Regulamentado";"Sim";5;0;2;0;3;0;2;3;-27,19096301;-48,61259017;"SPRF-SC";"DEL04-SC";"UOP03-DEL04-SC"
483095;2022-10-26;"quarta-feira";"13:50:00";"PI";316;309,6;"PICOS";"Condutor deixou de manter distância do veículo da frente";"Colisão traseira";"Com Vítimas Feridas";"Pleno dia";"Decrescente";"Sol";"Simples";"Reta";"Sim";2;0;0;1;0;1;1;2;-7,07778744;-41,48370094;"SPRF-PI";"DEL04-PI";"UOP01-DEL04-PI"
483096;2022-10-26;"quarta-feira";"13:50:00";"PR";277;212;"TEIXEIRA SOARES";"Ultrapassagem Indevida";"Colisão frontal";"Com Vítimas Feridas";"Pleno dia";"Decrescente";"Céu Claro";"Simples";"Curva";"Não";2;0;1;1;0;0;2;2;-25,47468373;-50,3135171;"SPRF-PR";"DEL08-PR";"UOP02-DEL08-PR"
483098;2022-10-26;"quarta-feira";"12:00:00";"AM";230;643;"HUMAITA";"Afundamento ou ondulação no pavimento";"Capotamento";"Com Vítimas Feridas";"Pleno dia";"Crescente";"Céu Claro";"Simples";"Reta";"Não";7;0;2;0;5;0;2;1;-7,554654;-63,285005;"SPRF-AM";"DEL01-AM";"UOP05-DEL01-AM"
483099;2022-10-26;"quarta-feira";"16:30:00";"RN";101;84,5;"NATAL";"Manobra de mudança de faixa";"Capotamento";"Com Vítimas Feridas";"Pleno dia";"Decrescente";"Céu Claro";"Dupla";"Reta";"Sim";2;0;1;0;0;1;1;1;-5,77527724;-35,25474608;"SPRF-RN";"DEL02-RN";"UOP01-DEL02-RN"
483106;2022-10-26;"quarta-feira";"17:30:00";"PR";476;123;"CURITIBA";"Manobra de mudança de faixa";"Colisão lateral mesmo sentido";"Sem Vítimas";"Pleno dia";"Crescente";"Céu Claro";"Dupla";"Em Obras;Reta";"Sim";2;0;0;0;2;0;0;2;-25,392904;-49,209557;"SPRF-PR";"DEL01-PR";"UOP01-DEL01-PR"
483107;2022-10-26;"quarta-feira";"16:30:00";"AL";316;270;"SATUBA";"Acessar a via sem observar a presença dos outros veículos";"Colisão frontal";"Com Vítimas Feridas";"Pleno dia";"Crescente";"Céu Claro";"Simples";"Reta";"Sim";2;0;1;0;1;0;1;2;-9,5716559;-35,824111;"SPRF-AL";"DEL02-AL";"UOP01-DEL02-AL"
483108;2022-10-26;"quarta-feira";"17:20:00";"RS";470;240,7;"BARAO";"Transitar na contramão";"Colisão transversal";"Com Vítimas Feridas";"Pleno dia";"Crescente";"Nublado";"Simples";"Reta";"Não";2;0;0;1;1;0;1;2;-29,33853872;-51,5054282;"SPRF-RS";"DEL06-RS";"UOP01-DEL06-RS"
483109;2022-10-26;"quarta-feira";"16:40:00";"PA";230;120;"MARABA";"Manobra de mudança de faixa";"Colisão lateral mesmo sentido";"Com Vítimas Feridas";"Pleno dia";"Crescente";"Céu Claro";"Dupla";"Ponte";"Sim";2;0;0;1;1;0;1;2;-5,35625595;-49,12227631;"SPRF-PA";"DEL03-PA";"UOP01-DEL03-PA"
483110;2022-10-26;"quarta-feira";"17:40:00";"BA";242;780;"BARREIRAS";"Pista Escorregadia";"Colisão traseira";"Sem Vítimas";"Pleno dia";"Crescente";"Chuva";"Dupla";"Declive;Curva";"Não";6;0;0;0;6;0;0;2;-12,152;-44,886;"SPRF-BA";"DEL10-BA";"UOP01-DEL10-BA"
483111;2022-10-26;"quarta-feira";"17:35:00";"RJ";101;65;"CAMPOS DOS GOYTACAZES";"Ultrapassagem Indevida";"Colisão transversal";"Com Vítimas Feridas";"Anoitecer";"Crescente";"Céu Claro";"Simples";"Reta";"Sim";2;0;1;0;1;0;1;2;-21,75245;-41,340126;"SPRF-RJ";"DEL08-RJ";"UOP02-DEL08-RJ"
483113;2022-10-26;"quarta-feira";"17:50:00";"SC";101;205;"SAO JOSE";"Acesso irregular";"Colisão transversal";"Com Vítimas Feridas";"Pleno dia";"Crescente";"Céu Claro";"Simples";"Curva";"Sim";2;0;1;1;0;0;2;2;-27,58313237;-48,61532885;"SPRF-SC";"DEL01-SC";"UOP01-DEL01-SC"
483115;2022-10-26;"quarta-feira";"15:40:00";"PR";277;444;"LARANJEIRAS DO SUL";"Manobra de mudança de faixa";"Saída de leito carroçável";"Com Vítimas Feridas";"Pleno dia";"Crescente";"Céu Claro";"Simples";"Aclive;Reta";"Não";2;0;2;0;0;0;2;1;-25,36971187;-52,29283798;"SPRF-PR";"DEL04-PR";"UOP02-DEL04-PR"
483116;2022-10-26;"quarta-feira";"17:25:00";"AL";101;79;"RIO LARGO";"Velocidade Incompatível";"Tombamento";"Com Vítimas Feridas";"Anoitecer";"Crescente";"Nublado";"Simples";"Viaduto";"Não";1;0;1;0;0;0;1;1;-9,44060569;-35,83794951;"SPRF-AL";"DEL01-AL";"UOP01-DEL01-AL"
483117;2022-10-26;"quarta-feira";"17:25:00";"PE";101;53;"PAULISTA";"Reação tardia ou ineficiente do condutor";"Queda de ocupante de veículo";"Com Vítimas Feridas";"Plena Noite";"Crescente";"Céu Claro";"Múltipla";"Reta;Em Obras";"Sim";1;0;0;1;0;0;1;1;-7,93124094;-34,90068606;"SPRF-PE";"DEL01-PE";"UOP02-DEL01-PE"
483119;2022-08-15;"segunda-feira";"01:00:00";"PA";155;297;"MARABA";"Reação tardia ou ineficiente do condutor";"Colisão traseira";"Com Vítimas Feridas";"Plena Noite";"Decrescente";"Céu Claro";"Simples";"Declive";"Não";3;0;1;0;2;0;1;2;-5,75471176;-49,15875626;"SPRF-PA";"DEL03-PA";"UOP01-DEL03-PA"
483120;2022-10-26;"quarta-feira";"17:50:00";"PR";476;133;"CURITIBA";"Trafegar com motocicleta (ou similar) entre as faixas";"Colisão traseira";"Com Vítimas Feridas";"Pleno dia";"Crescente";"Céu Claro";"Dupla";"Reta";"Sim";2;0;1;0;1;0;1;2;-25,469219;-49,254143;"SPRF-PR";"DEL01-PR";"UOP03-DEL01-PR"
483121;2022-10-26;"quarta-feira";"17:30:00";"PR";476;125;"CURITIBA";"Trafegar com motocicleta (ou similar) entre as faixas";"Colisão lateral mesmo sentido";"Com Vítimas Feridas";"Pleno dia";"Crescente";"Céu Claro";"Dupla";"Reta";"Sim";3;0;2;0;0;1;2;3;-25,4083;-49,219658;"SPRF-PR";"DEL01-PR";"UOP01-DEL01-PR"
483122;2022-10-26;"quarta-feira";"18:15:00";"SP";381;61;"MAIRIPORA";"Reação tardia ou ineficiente do condutor";"Colisão traseira";"Sem Vítimas";"Anoitecer";"Decrescente";"Céu Claro";"Dupla";"Curva";"Não";2;0;0;0;2;0;0;2;-23,29011611;-46,5800681;"SPRF-SP";"DEL03-SP";"UOP01-DEL03-SP"
483123;2022-10-26;"quarta-feira";"10:45:00";"SC";101;322;"PESCARIA BRAVA";"Demais falhas mecânicas ou elétricas";"Incêndio";"Sem Vítimas";"Pleno dia";"Decrescente";"Céu Claro";"Dupla";"Reta";"Não";1;0;0;0;1;0;0;1;-28,42491971;-48,90238108;"SPRF-SC";"DEL02-SC";"UOP01-DEL02-SC"
483126;2022-10-26;"quarta-feira";"17:45:00";"BA";116;418;"FEIRA DE SANTANA";"Desrespeitar a preferência no cruzamento";"Colisão transversal";"Com Vítimas Feridas";"Anoitecer";"Decrescente";"Nublado";"Dupla";"Viaduto;Em Obras;Reta;Retorno Regulamentado";"Sim";2;0;1;0;1;0;1;2;-12,20001513;-38,96517407;"SPRF-BA";"DEL02-BA";"UOP01-DEL02-BA"
483127;2022-10-26;"quarta-feira";"18:30:00";"SC";282;0,4;"FLORIANOPOLIS";"Manobra de mudança de faixa";"Colisão lateral mesmo sentido";"Com Vítimas Feridas";"Plena Noite";"Crescente";"Céu Claro";"Dupla";"Reta;Declive";"Sim";3;0;1;0;2;0;1;3;-27,59845;-48,571995;"SPRF-SC";"DEL01-SC";"UOP01-DEL01-SC"
483128;2022-10-26;"quarta-feira";"17:15:00";"RJ";493;19,4;"MAGE";"Acessar a via sem observar a presença dos outros veículos";"Colisão transversal";"Com Vítimas Feridas";"Pleno dia";"Crescente";"Nublado";"Simples";"Interseção de Vias";"Sim";2;0;1;0;1;0;1;2;-22,6663848;-43,02770248;"SPRF-RJ";"DEL04-RJ";"UOP02-DEL04-RJ"
483129;2022-10-20;"quinta-feira";"01:10:00";"MS";163;477,7;"CAMPO GRANDE";"Ausência de reação do condutor";"Saída de leito carroçável";"Com Vítimas Feridas";"Plena Noite";"Decrescente";"Céu Claro";"Simples";"Curva";"Não";1;0;0;1;0;0;1;1;-20,498896;-54,559036;"SPRF-MS";"DEL01-MS";"UOP01-DEL01-MS"
483130;2022-10-26;"quarta-feira";"15:30:00";"PR";369;387,6;"MAMBORE";"Desrespeitar a preferência no cruzamento";"Colisão transversal";"Com Vítimas Feridas";"Pleno dia";"Decrescente";"Céu Claro";"Simples";"Reta";"Sim";3;0;1;0;2;0;1;2;-24,273272;-52,512294;"SPRF-PR";"DEL04-PR";"UOP03-DEL04-PR"
483131;2022-10-26;"quarta-feira";"17:50:00";"MG";40;520,5;"CONTAGEM";"Acessar a via sem observar a presença dos outros veículos";"Colisão lateral mesmo sentido";"Com Vítimas Feridas";"Anoitecer";"Decrescente";"Céu Claro";"Dupla";"Reta";"Sim";3;0;0;1;1;1;1;2;-19,84761911;-44,07276144;"SPRF-MG";"DEL01-MG";"UOP02-DEL01-MG"
483132;2022-10-26;"quarta-feira";"19:15:00";"RS";116;242;"SAO LEOPOLDO";"Trafegar com motocicleta (ou similar) entre as faixas";"Colisão traseira";"Com Vítimas Feridas";"Plena Noite";"Crescente";"Nublado";"Dupla";"Reta";"Sim";2;0;0;1;1;0;1;2;-29,72297087;-51,14858729;"SPRF-RS";"DEL01-RS";"UOP02-DEL01-RS"
483133;2022-10-26;"quarta-feira";"18:40:00";"MS";163;20;"MUNDO NOVO";"Transitar na contramão";"Colisão frontal";"Com Vítimas Feridas";"Plena Noite";"Crescente";"Céu Claro";"Simples";"Reta";"Não";2;0;1;0;1;0;1;2;-23,92529776;-54,2835309;"SPRF-MS";"DEL09-MS";"UOP02-DEL09-MS"
483137;2022-10-26;"quarta-feira";"17:20:00";"RN";405;76;"APODI";"Área urbana sem a presença de local apropriado para a travessia de pedestres";"Atropelamento de Pedestre";"Com Vítimas Feridas";"Anoitecer";"Decrescente";"Céu Claro";"Dupla";"Reta";"Sim";2;0;0;1;1;0;1;2;-5,65242499;-37,79945928;"SPRF-RN";"DEL04-RN";"UOP02-DEL04-RN"
483138;2022-10-26;"quarta-feira";"15:30:00";"RJ";116;190;"QUEIMADOS";"Objeto estático sobre o leito carroçável";"Colisão traseira";"Sem Vítimas";"Pleno dia";"Crescente";"Céu Claro";"Dupla";"Reta";"Não";2;0;0;0;2;0;0;2;-22,74123776;-43,5007311;"SPRF-RJ";"DEL01-RJ";"UOP02-DEL01-RJ"
483140;2022-10-26;"quarta-feira";"19:12:00";"RO";364;7;"VILHENA";"Desrespeitar a preferência no cruzamento";"Colisão transversal";"Com Vítimas Feridas";"Plena Noite";"Decrescente";"Céu Claro";"Simples";"Rotatória";"Não";3;0;1;0;2;0;1;2;-12,77528271;-60,09343457;"SPRF-RO";"DEL04-RO";"UOP01-DEL04-RO"
483141;2022-10-26;"quarta-feira";"19:40:00";"RS";287;269;"SANTA MARIA";"Pedestre andava na pista";"Atropelamento de Pedestre";"Com Vítimas Feridas";"Plena Noite";"Crescente";"Chuva";"Simples";"Reta";"Não";3;0;0;1;2;0;1;2;-29,66803033;-54,06367003;"SPRF-RS";"DEL09-RS";"UOP01-DEL09-RS"
483142;2022-10-26;"quarta-feira";"19:55:00";"SC";101;43;"JOINVILLE";"Desrespeitar a preferência no cruzamento";"Colisão transversal";"Com Vítimas Feridas";"Plena Noite";"Crescente";"Céu Claro";"Simples";"Interseção de Vias";"Sim";2;0;1;0;1;0;1;2;-26,33296077;-48,86160851;"SPRF-SC";"DEL03-SC";"UOP01-DEL03-SC"
483143;2022-10-26;"quarta-feira";"17:25:00";"CE";222;124,5;"ITAPAJE";"Ingestão de álcool ou de substâncias psicoativas pelo pedestre";"Atropelamento de Pedestre";"Com Vítimas Feridas";"Pleno dia";"Decrescente";"Céu Claro";"Simples";"Reta";"Sim";2;0;1;0;1;0;1;2;-3,69572876;-39,60062742;"SPRF-CE";"DEL04-CE";"UOP03-DEL04-CE"
483144;2022-10-26;"quarta-feira";"21:00:00";"ES";101;251;"SERRA";"Conversão proibida";"Colisão lateral sentido oposto";"Sem Vítimas";"Plena Noite";"Crescente";"Céu Claro";"Simples";"Reta";"Sim";2;0;0;0;2;0;0;2;-20,0879949;-40,34351677;"SPRF-ES";"DEL02-ES";"UOP01-DEL02-ES"
483145;2022-10-26;"quarta-feira";"12:30:00";"PA";230;735,7;"MEDICILANDIA";"Reação tardia ou ineficiente do condutor";"Saída de leito carroçável";"Com Vítimas Fatais";"Pleno dia";"Decrescente";"Nublado";"Simples";"Curva;Aclive";"Não";3;1;0;1;0;1;1;2;-3,42856266;-52,80917525;"SPRF-PA";"DEL04-PA";"UOP01-DEL04-PA"
483147;2022-10-26;"quarta-feira";"21:00:00";"RJ";465;3;"SEROPEDICA";"Condutor deixou de manter distância do veículo da frente";"Colisão traseira";"Com Vítimas Feridas";"Plena Noite";"Crescente";"Céu Claro";"Simples";"Reta";"Sim";3;0;2;0;1;0;2;2;-22,73427;-43,711994;"SPRF-RJ";"DEL01-RJ";"UOP03-DEL01-RJ"
483149;2022-10-26;"quarta-feira";"21:00:00";"PE";232;65,5;"GRAVATA";"Ausência de reação do condutor";"Saída de leito carroçável";"Sem Vítimas";"Plena Noite";"Crescente";"Céu Claro";"Simples";"Curva";"Não";1;0;0;0;1;0;0;1;-8,16733474;-35,45365334;"SPRF-PE";"DEL02-PE";"UOP02-DEL02PE"
483150;2022-10-26;"quarta-feira";"22:00:00";"ES";101;296;"CARIACICA";"Ausência de reação do condutor";"Colisão lateral mesmo sentido";"Com Vítimas Feridas";"Plena Noite";"Crescente";"Nublado";"Múltipla";"Curva";"Sim";2;0;0;1;1;0;1;2;-20,34029997;-40,40405712;"SPRF-ES";"DEL01-ES";"UOP01-DEL01-ES"
483152;2022-10-26;"quarta-feira";"20:33:00";"AC";364;124;"RIO BRANCO";"Acessar a via sem observar a presença dos outros veículos";"Colisão com objeto";"Com Vítimas Feridas";"Plena Noite";"Decrescente";"Céu Claro";"Dupla";"Curva";"Sim";1;0;1;0;0;0;1;1;-10,01152469;-67,79140099;"SPRF-AC";"DEL01-AC";"UOP01-DEL01-AC"
483153;2022-10-26;"quarta-feira";"22:10:00";"MS";163;400;"NOVA ALVORADA DO SUL";"Demais falhas mecânicas ou elétricas";"Tombamento";"Com Vítimas Feridas";"Plena Noite";"Decrescente";"Céu Claro";"Simples";"Declive";"Não";2;0;2;0;0;0;2;1;-21,16832399;-54,47599465;"SPRF-MS";"DEL02-MS";"UOP01-DEL02-MS"
483154;2022-10-26;"quarta-feira";"22:00:00";"SP";116;209;"GUARULHOS";"Ausência de reação do condutor";"Capotamento";"Sem Vítimas";"Plena Noite";"Crescente";"Nublado";"Dupla";"Reta";"Sim";1;0;0;0;1;0;0;1;-23,42511799;-46,40221101;"SPRF-SP";"DEL01-SP";"UOP01-DEL01-SP"
483155;2022-10-26;"quarta-feira";"21:50:00";"RS";287;530;"SAO BORJA";"Ingestão de álcool pelo condutor";"Saída de leito carroçável";"Com Vítimas Feridas";"Plena Noite";"Crescente";"Nublado";"Simples";"Reta";"Não";1;0;1;0;0;0;1;1;-28,68567433;-55,93888311;"SPRF-RS";"DEL12-RS";"UOP01-DEL12-RS"
483156;2022-10-26;"quarta-feira";"19:30:00";"MG";116;528,2;"CARATINGA";"Reação tardia ou ineficiente do condutor";"Atropelamento de Pedestre";"Com Vítimas Feridas";"Plena Noite";"Decrescente";"Céu Claro";"Dupla";"Aclive";"Sim";3;0;0;1;1;1;1;2;-19,794033;-42,13731414;"SPRF-MG";"DEL06-MG";"UOP02-DEL06-MG"
483157;2022-10-27;"quinta-feira";"00:30:00";"ES";101;267,7;"SERRA";"Ingestão de álcool pelo condutor";"Colisão com objeto";"Com Vítimas Feridas";"Plena Noite";"Crescente";"Céu Claro";"Múltipla";"Reta";"Sim";1;0;1;0;0;0;1;1;-20,19930999;-40,26884609;"SPRF-ES";"DEL02-ES";"UOP01-DEL02-ES"
483158;2022-10-27;"quinta-feira";"00:25:00";"PR";487;178;"CAMPO MOURAO";"Reação tardia ou ineficiente do condutor";"Colisão com objeto";"Com Vítimas Feridas";"Plena Noite";"Crescente";"Céu Claro";"Dupla";"Reta";"Sim";1;0;1;0;0;0;1;1;-24,04633;-52,39432;"SPRF-PR";"DEL09-PR";"UOP03-DEL09-PR"
483160;2022-10-27;"quinta-feira";"01:40:00";"CE";116;42;"HORIZONTE";"Transitar na contramão";"Colisão transversal";"Com Vítimas Feridas";"Plena Noite";"Decrescente";"Céu Claro";"Múltipla";"Curva";"Sim";3;0;0;2;1;0;2;2;-4,10857928;-38,4942173;"SPRF-CE";"DEL01-CE";"UOP02-DEL01-CE"
483161;2022-10-27;"quinta-feira";"02:50:00";"SP";116;40;"CACHOEIRA PAULISTA";"Condutor Dormindo";"Colisão com objeto";"Com Vítimas Feridas";"Plena Noite";"Decrescente";"Céu Claro";"Dupla";"Reta";"Não";1;0;1;0;0;0;1;1;-22,68080728;-45,00688982;"SPRF-SP";"DEL08-SP";"UOP02-DEL08-SP"
483162;2022-10-27;"quinta-feira";"03:55:00";"MS";163;424;"CAMPO GRANDE";"Reação tardia ou ineficiente do condutor";"Saída de leito carroçável";"Com Vítimas Feridas";"Plena Noite";"Crescente";"Céu Claro";"Simples";"Reta";"Não";1;0;1;0;0;0;1;1;-20,95516398;-54,50201214;"SPRF-MS";"DEL01-MS";"UOP01-DEL01-MS"
483166;2022-10-27;"quinta-feira";"04:55:00";"MS";163;616;"SAO GABRIEL DO OESTE";"Desrespeitar a preferência no cruzamento";"Colisão lateral sentido oposto";"Com Vítimas Feridas";"Amanhecer";"Crescente";"Nublado";"Simples";"Reta";"Sim";2;0;0;1;1;0;1;2;-19,39073637;-54,57060659;"SPRF-MS";"DEL06-MS";"UOP02-DEL06-MS"
483167;2022-10-27;"quinta-feira";"05:40:00";"SC";280;56;"GUARAMIRIM";"Demais falhas na via";"Colisão traseira";"Com Vítimas Feridas";"Plena Noite";"Crescente";"Céu Claro";"Dupla";"Reta";"Sim";2;0;1;1;0;0;2;2;-26,47947677;-49,00298702;"SPRF-SC";"DEL03-SC";"UOP03-DEL03-SC"
483169;2022-10-27;"quinta-feira";"04:40:00";"MG";365;743,5;"ITUIUTABA";"Condutor Dormindo";"Saída de leito carroçável";"Com Vítimas Feridas";"Plena Noite";"Crescente";"Céu Claro";"Simples";"Reta";"Não";3;0;2;0;0;1;2;2;-18,91624566;-49,40123605;"SPRF-MG";"DEL15-MG";"UOP03-DEL15-MG"
483170;2022-10-27;"quinta-feira";"06:00:00";"PR";277;634;"CEU AZUL";"Reação tardia ou ineficiente do condutor";"Saída de leito carroçável";"Com Vítimas Feridas";"Amanhecer";"Decrescente";"Céu Claro";"Simples";"Curva";"Não";1;0;1;0;0;0;1;1;-25,13216493;-53,8249287;"SPRF-PR";"DEL05-PR";"UOP02-DEL05-PR"
483173;2022-10-27;"quinta-feira";"06:56:00";"PB";230;20;"JOAO PESSOA";"Trafegar com motocicleta (ou similar) entre as faixas";"Tombamento";"Com Vítimas Feridas";"Pleno dia";"Decrescente";"Céu Claro";"Dupla";"Reta";"Sim";1;0;1;0;0;0;1;1;-7,1337;-34,8544;"SPRF-PB";"DEL01-PB";"UOP01-DEL01-PB"
483175;2022-10-27;"quinta-feira";"06:45:00";"ES";101;271;"SERRA";"Acessar a via sem observar a presença dos outros veículos";"Colisão transversal";"Com Vítimas Feridas";"Pleno dia";"Crescente";"Céu Claro";"Múltipla";"Interseção de Vias";"Sim";3;0;1;1;0;1;2;2;-20,23267;-40,27658;"SPRF-ES";"DEL02-ES";"UOP01-DEL02-ES"
483177;2022-10-27;"quinta-feira";"07:10:00";"PR";376;169;"MARINGA";"Condutor deixou de manter distância do veículo da frente";"Colisão traseira";"Com Vítimas Feridas";"Pleno dia";"Crescente";"Céu Claro";"Dupla";"Reta";"Não";2;0;1;0;1;0;1;2;-23,41293401;-51,98354301;"SPRF-PR";"DEL09-PR";"UOP01-DEL09-PR"
483178;2022-10-27;"quinta-feira";"07:40:00";"DF";20;9;"BRASILIA";"Frear bruscamente";"Queda de ocupante de veículo";"Com Vítimas Feridas";"Pleno dia";"Decrescente";"Céu Claro";"Dupla";"Reta";"Sim";1;0;0;1;0;0;1;1;-15,654671;-47,782917;"SPRF-DF";"DEL02-DF";"UOP01-DEL02-DF"
483179;2022-10-24;"segunda-feira";"09:38:00";"AL";101;190;"JUNQUEIRO";"Mal súbito do condutor";"Saída de leito carroçável";"Com Vítimas Feridas";"Pleno dia";"Crescente";"Sol";"Simples";"Curva";"Não";1;0;0;1;0;0;1;1;-9,92466195;-36,47137449;"SPRF-AL";"DEL02-AL";"UOP02-DEL02-AL"
483180;2022-10-27;"quinta-feira";"06:40:00";"MS";376;22,9;"FATIMA DO SUL";"Velocidade Incompatível";"Saída de leito carroçável";"Com Vítimas Fatais";"Pleno dia";"Crescente";"Céu Claro";"Simples";"Reta;Declive";"Não";1;1;0;0;0;0;0;1;-22,35648697;-54,54831296;"SPRF-MS";"DEL04-MS";"UOP01-DEL04-MS"
483181;2022-10-27;"quinta-feira";"08:00:00";"MG";459;97,7;"POUSO ALEGRE";"Ausência de reação do condutor";"Colisão traseira";"Com Vítimas Feridas";"Pleno dia";"Crescente";"Sol";"Simples";"Curva";"Sim";2;0;1;0;1;0;1;2;-22,199377;-45,969555;"SPRF-MG";"DEL16-MG";"UOP01-DEL16-MG"
483182;2022-10-27;"quinta-feira";"07:05:00";"RO";364;711;"PORTO VELHO";"Condutor desrespeitou a iluminação vermelha do semáforo";"Colisão transversal";"Com Vítimas Feridas";"Pleno dia";"Decrescente";"Céu Claro";"Múltipla";"Viaduto";"Sim";2;0;1;0;1;0;1;2;-8,78153947;-63,86531369;"SPRF-RO";"DEL01-RO";"UOP01-DEL01-RO"
483184;2022-10-27;"quinta-feira";"08:09:00";"MG";50;172;"UBERABA";"Reação tardia ou ineficiente do condutor";"Colisão traseira";"Com Vítimas Feridas";"Pleno dia";"Decrescente";"Céu Claro";"Dupla";"Reta";"Sim";3;0;1;0;2;0;1;3;-19,75402507;-47,98051917;"SPRF-MG";"DEL13-MG";"UOP01-DEL13-MG"
483185;2022-10-27;"quinta-feira";"07:50:00";"PR";153;11,8;"JACAREZINHO";"Desrespeitar a preferência no cruzamento";"Colisão transversal";"Com Vítimas Feridas";"Pleno dia";"Crescente";"Céu Claro";"Simples";"Reta";"Não";2;0;2;0;0;0;2;2;-23,08444598;-49,93636609;"SPRF-PR";"DEL07-PR";"UOP04-DEL07-PR"
483186;2022-10-27;"quinta-feira";"07:40:00";"MT";70;524;"VARZEA GRANDE";"Acessar a via sem observar a presença dos outros veículos";"Colisão transversal";"Com Vítimas Feridas";"Pleno dia";"Crescente";"Céu Claro";"Simples";"Rotatória";"Sim";2;0;1;0;1;0;1;2;-15,649207;-56,19486;"SPRF-MT";"DEL01-MT";"UOP02-DEL01-MT"