"id";"data_inversa";"dia_semana";"horario";"uf";"br";"km";"municipio";"causa_acidente";"tipo_acidente";"classificacao_acidente";"fase_dia";"sentido_via";"condicao_metereologica";"tipo_pista";"tracado_via";"uso_solo";"pessoas";"mortos";"feridos_leves";"feridos_graves";"ilesos";"ignorados";"feridos";"veiculos";"latitude";"longitude";"regional";"delegacia";"uop"
483188;2022-10-27;"quinta-feira";"04:30:00";"MT";70;311;"DOM AQUINO";"Condutor Dormindo";"Saída de leito carroçável";"Com Vítimas Fatais";"Amanhecer";"Decrescente";"Céu Claro";"Simples";"Curva";"Não";2;1;0;1;0;0;1;1;-15,554907;-54,603523;"SPRF-MT";"DEL05-MT";"UOP01-DEL05-MT"
483189;2022-10-22;"sábado";"09:00:00";"RJ";101;321;"NITEROI";"Condutor deixou de manter distância do veículo da frente";"Colisão lateral mesmo sentido";"Com Vítimas Feridas";"Pleno dia";"Crescente";"Céu Claro";"Dupla";"Curva";"Sim";3;0;2;0;1;0;2;2;-22,86981096;-43,11046465;"SPRF-RJ";"DEL02-RJ";"UOP01-DEL02-RJ"
483190;2022-10-27;"quinta-feira";"08:00:00";"GO";414;405;"ABADIANIA";"Ultrapassagem Indevida";"Colisão lateral sentido oposto";"Com Vítimas Feridas";"Pleno dia";"Crescente";"Céu Claro";"Simples";"Aclive;Reta";"Não";3;0;2;0;1;0;2;2;-16,017412;-48,83738;"SPRF-GO";"DEL02-GO";"UOP01-DEL02-GO"
483191;2022-10-27;"quinta-feira";"07:20:00";"SP";381;88;"GUARULHOS";"Reação tardia ou ineficiente do condutor";"Colisão traseira";"Com Vítimas Feridas";"Pleno dia";"Crescente";"Céu Claro";"Múltipla";"Reta";"Sim";3;0;1;0;2;0;1;2;-23,47469314;-46,56112919;"SPRF-SP";"DEL03-SP";"UOP01-DEL03-SP"
483193;2022-10-27;"quinta-feira";"08:45:00";"RS";290;146;"ELDORADO DO SUL";"Acessar a via sem observar a presença dos outros veículos";"Colisão transversal";"Com Vítimas Feridas";"Pleno dia";"Crescente";"Céu Claro";"Simples";"Curva";"Não";2;0;0;1;1;0;1;2;-30,104191;-51,66626;"SPRF-RS";"DEL02-RS";"UOP01-DEL02-RS"
483194;2022-10-27;"quinta-feira";"09:50:00";"BA";101;704;"EUNAPOLIS";"Ausência de reação do condutor";"Tombamento";"Com Vítimas Feridas";"Pleno dia";"Crescente";"Sol";"Simples";"Reta";"Não";1;0;1;0;0;0;1;1;-16,44299197;-39,57454172;"SPRF-BA";"DEL09-BA";"UOP01-DEL09-BA"
483195;2022-10-27;"quinta-feira";"07:20:00";"SP";381;88;"GUARULHOS";"Reação tardia ou ineficiente do condutor";"Colisão lateral mesmo sentido";"Com Vítimas Feridas";"Pleno dia";"Crescente";"Céu Claro";"Múltipla";"Reta";"Sim";2;0;1;0;1;0;1;2;-23,47469314;-46,56112919;"SPRF-SP";"DEL03-SP";"UOP01-DEL03-SP"
483196;2022-10-27;"quinta-feira";"07:50:00";"MG";262;371;"JUATUBA";"Mal súbito do condutor";"Colisão com objeto";"Com Vítimas Feridas";"Pleno dia";"Crescente";"Sol";"Dupla";"Reta";"Não";1;0;1;0;0;0;1;1;-19,97212126;-44,30817896;"SPRF-MG";"DEL01-MG";"UOP03-DEL01-MG"
483197;2022-10-27;"quinta-feira";"10:00:00";"MG";262;398,3;"PARA DE MINAS";"Ausência de reação do condutor";"Saída de leito carroçável";"Com Vítimas Feridas";"Pleno dia";"Crescente";"Sol";"Dupla";"Reta";"Sim";1;0;1;0;0;0;1;1;-19,89145782;-44,58178461;"SPRF-MG";"DEL01-MG";"UOP03-DEL01-MG"
483202;2022-10-27;"quinta-feira";"10:46:00";"SP";116;145,8;"SAO JOSE DOS CAMPOS";"Condutor deixou de manter distância do veículo da frente";"Colisão traseira";"Com Vítimas Feridas";"Pleno dia";"Crescente";"Céu Claro";"Múltipla";"Reta";"Sim";5;0;2;0;3;0;2;2;-23,1869844;-45,8548078;"SPRF-SP";"DEL02-SP";"UOP01-DEL02-SP"
483203;2022-10-27;"quinta-feira";"08:50:00";"MG";365;456;"PATROCINIO";"Pista esburacada";"Saída de leito carroçável";"Com Vítimas Fatais";"Pleno dia";"Decrescente";"Sol";"Simples";"Reta";"Não";4;1;1;2;0;0;3;1;-18,85459953;-46,87941363;"SPRF-MG";"DEL10-MG";"UOP01-DEL10-MG"
483205;2022-10-27;"quinta-feira";"11:00:00";"MG";40;450,9;"CAETANOPOLIS";"Reação tardia ou ineficiente do condutor";"Tombamento";"Com Vítimas Feridas";"Pleno dia";"Decrescente";"Sol";"Dupla";"Reta";"Não";1;0;1;0;0;0;1;1;-19,31698774;-44,36765061;"SPRF-MG";"DEL02-MG";"UOP01-DEL02-MG"
483206;2022-10-27;"quinta-feira";"10:42:00";"PB";101;82;"BAYEUX";"Ausência de reação do condutor";"Colisão lateral mesmo sentido";"Sem Vítimas";"Plena Noite";"Crescente";"Céu Claro";"Dupla";"Reta";"Sim";2;0;0;0;2;0;0;2;-7,12911;-34,93714;"SPRF-PB";"DEL01-PB";"UOP01-DEL01-PB"
483207;2022-10-27;"quinta-feira";"09:25:00";"MA";226;300,2;"BARRA DO CORDA";"Conversão proibida";"Colisão transversal";"Com Vítimas Feridas";"Pleno dia";"Decrescente";"Nublado";"Simples";"Reta";"Sim";2;0;2;0;0;0;2;2;-5,50149653;-45,24822581;"SPRF-MA";"DEL06-MA";"UOP01-DEL06-MA"
483209;2022-10-27;"quinta-feira";"10:45:00";"RO";364;709;"PORTO VELHO";"Acessar a via sem observar a presença dos outros veículos";"Colisão transversal";"Com Vítimas Feridas";"Pleno dia";"Crescente";"Sol";"Dupla";"Reta";"Sim";3;0;1;0;2;0;1;2;-8,7909383;-63,84895617;"SPRF-RO";"DEL01-RO";"UOP01-DEL01-RO"
483210;2022-10-27;"quinta-feira";"09:00:00";"PR";376;224;"CAMBIRA";"Ausência de reação do condutor";"Colisão com objeto";"Com Vítimas Feridas";"Pleno dia";"Crescente";"Céu Claro";"Dupla";"Reta";"Não";1;0;1;0;0;0;1;1;-23,58517584;-51,567336;"SPRF-PR";"DEL07-PR";"UOP03-DEL07-PR"
483212;2022-10-27;"quinta-feira";"11:00:00";"ES";101;142;"LINHARES";"Acessar a via sem observar a presença dos outros veículos";"Colisão lateral mesmo sentido";"Com Vítimas Feridas";"Pleno dia";"Decrescente";"Céu Claro";"Simples";"Reta";"Não";2;0;1;0;1;0;1;2;-19,33458987;-40,06755477;"SPRF-ES";"DEL04-ES";"UOP01-DEL04-ES"
483213;2022-10-27;"quinta-feira";"11:55:00";"RS";386;320,8;"MARQUES DE SOUZA";"Ausência de reação do condutor";"Colisão traseira";"Com Vítimas Feridas";"Pleno dia";"Crescente";"Céu Claro";"Simples";"Curva";"Não";4;0;1;0;3;0;1;2;-29,283596;-52,126743;"SPRF-RS";"DEL04-RS";"UOP01-DEL04-RS"
483214;2022-10-27;"quinta-feira";"11:10:00";"RN";226;4;"NATAL";"Conversão proibida";"Colisão lateral sentido oposto";"Com Vítimas Feridas";"Pleno dia";"Decrescente";"Céu Claro";"Simples";"Reta";"Não";2;0;1;0;1;0;1;2;-5,81958019;-35,25969486;"SPRF-RN";"DEL01-RN";"UOP02-DEL01-RN"
483217;2022-10-27;"quinta-feira";"10:30:00";"SC";280;48;"GUARAMIRIM";"Acessar a via sem observar a presença dos outros veículos";"Colisão transversal";"Com Vítimas Feridas";"Pleno dia";"Decrescente";"Céu Claro";"Simples";"Interseção de Vias";"Sim";2;0;0;1;1;0;1;2;-26,45506795;-48,92766502;"SPRF-SC";"DEL03-SC";"UOP03-DEL03-SC"
483218;2022-10-27;"quinta-feira";"13:35:00";"SC";101;206;"SAO JOSE";"Reação tardia ou ineficiente do condutor";"Colisão traseira";"Com Vítimas Feridas";"Pleno dia";"Decrescente";"Nublado";"Múltipla";"Reta";"Sim";3;0;1;0;2;0;1;3;-27,59193546;-48,61824557;"SPRF-SC";"DEL01-SC";"UOP01-DEL01-SC"
483219;2022-10-27;"quinta-feira";"10:05:00";"SC";101;295;"IMBITUBA";"Demais falhas mecânicas ou elétricas";"Incêndio";"Sem Vítimas";"Pleno dia";"Decrescente";"Céu Claro";"Dupla";"Reta";"Não";1;0;0;0;1;0;0;1;-28,29854333;-48,71633767;"SPRF-SC";"DEL02-SC";"UOP03-DEL02-SC"
483220;2022-10-27;"quinta-feira";"13:00:00";"PE";101;69;"RECIFE";"Velocidade Incompatível";"Tombamento";"Com Vítimas Feridas";"Pleno dia";"Crescente";"Céu Claro";"Múltipla";"Reta";"Sim";1;0;0;1;0;0;1;1;-8,05951606;-34,94581024;"SPRF-PE";"DEL01-PE";"UOP01-DEL01-PE"
483223;2022-10-27;"quinta-feira";"13:45:00";"SC";101;123;"ITAJAI";"Reação tardia ou ineficiente do condutor";"Tombamento";"Com Vítimas Feridas";"Pleno dia";"Decrescente";"Céu Claro";"Dupla";"Interseção de Vias";"Sim";1;0;1;0;0;0;1;1;-26,93668609;-48,69876905;"SPRF-SC";"DEL04-SC";"UOP04-DEL04-SC"
483225;2022-10-26;"quarta-feira";"19:00:00";"MT";70;533;"VARZEA GRANDE";"Transitar no acostamento";"Queda de ocupante de veículo";"Com Vítimas Feridas";"Plena Noite";"Crescente";"Céu Claro";"Simples";"Reta";"Não";1;0;1;0;0;0;1;1;-15,649207;-56,19486;"SPRF-MT";"DEL01-MT";"UOP02-DEL01-MT"
483226;2022-10-27;"quinta-feira";"12:40:00";"MG";40;660,1;"CARANDAI";"Pedestre cruzava a pista fora da faixa";"Atropelamento de Pedestre";"Com Vítimas Feridas";"Pleno dia";"Crescente";"Sol";"Simples";"Reta";"Sim";2;0;0;1;1;0;1;2;-20,90185212;-43,82743478;"SPRF-MG";"DEL05-MG";"UOP02-DEL05-MG"
483228;2022-10-27;"quinta-feira";"13:15:00";"PR";277;374;"GUARAPUAVA";"Acesso irregular";"Colisão transversal";"Com Vítimas Feridas";"Pleno dia";"Crescente";"Céu Claro";"Simples";"Curva";"Não";5;0;2;0;2;1;2;3;-25,402562;-51,734907;"SPRF-PR";"DEL08-PR";"UOP01-DEL08-PR"
483229;2022-10-27;"quinta-feira";"14:00:00";"RJ";116;122;"MAGE";"Condutor deixou de manter distância do veículo da frente";"Colisão lateral mesmo sentido";"Com Vítimas Feridas";"Pleno dia";"Crescente";"Céu Claro";"Dupla";"Reta";"Sim";2;0;2;0;0;0;2;1;-22,63509742;-43,05577963;"SPRF-RJ";"DEL04-RJ";"UOP02-DEL04-RJ"
483232;2022-10-27;"quinta-feira";"14:00:00";"PR";277;668;"MEDIANEIRA";"Mal súbito do condutor";"Saída de leito carroçável";"Com Vítimas Feridas";"Pleno dia";"Decrescente";"Nublado";"Dupla";"Reta";"Sim";1;0;1;0;0;0;1;1;-25,27063805;-54,06252597;"SPRF-PR";"DEL05-PR";"UOP02-DEL05-PR"
483233;2022-10-27;"quinta-feira";"13:30:00";"ES";259;48;"COLATINA";"Ausência de reação do condutor";"Capotamento";"Com Vítimas Feridas";"Pleno dia";"Crescente";"Céu Claro";"Simples";"Curva";"Não";3;0;2;1;0;0;3;1;-19,52284802;-40,59357119;"SPRF-ES";"DEL02-ES";"UOP01-DEL02-ES"
483235;2022-10-02;"domingo";"06:45:00";"RO";319;55;"PORTO VELHO";"Ausência de reação do condutor";"Colisão frontal";"Com Vítimas Feridas";"Amanhecer";"Crescente";"Céu Claro";"Simples";"Reta";"Sim";2;0;2;0;0;0;2;2;-8,74176246;-63,94074113;"SPRF-RO";"DEL01-RO";"UOP01-DEL01-RO"
483236;2022-10-27;"quinta-feira";"14:20:00";"PR";376;500;"PONTA GROSSA";"Acesso irregular";"Colisão transversal";"Com Vítimas Feridas";"Pleno dia";"Crescente";"Céu Claro";"Simples";"Reta";"Não";3;0;1;0;2;0;1;2;-25,20185079;-50,07092178;"SPRF-PR";"DEL03-PR";"UOP04-DEL03-PR"
483238;2022-10-27;"quinta-feira";"13:10:00";"PE";408;52;"NAZARE DA MATA";"Transitar no acostamento";"Colisão transversal";"Com Vítimas Feridas";"Pleno dia";"Crescente";"Céu Claro";"Simples";"Reta";"Sim";2;0;0;1;1;0;1;2;-7,754098;-35,232892;"SPRF-PE";"DEL01-PE";"UOP02-DEL01-PE"
483239;2022-10-27;"quinta-feira";"13:20:00";"SP";116;158,8;"JACAREI";"Demais falhas mecânicas ou elétricas";"Tombamento";"Com Vítimas Feridas";"Pleno dia";"Decrescente";"Sol";"Dupla";"Reta";"Sim";1;0;1;0;0;0;1;1;-23,26072137;-45,95179176;"SPRF-SP";"DEL02-SP";"UOP01-DEL02-SP"
483243;2022-10-27;"quinta-feira";"15:15:00";"SP";101;51;"UBATUBA";"Ausência de reação do condutor";"Atropelamento de Pedestre";"Com Vítimas Feridas";"Pleno dia";"Decrescente";"Sol";"Simples";"Reta";"Sim";2;0;1;0;1;0;1;2;-23,45627795;-45,07111896;"SPRF-SP";"DEL06-SP";"UOP01-DEL06-SP"
483244;2022-10-27;"quinta-feira";"15:00:00";"RS";392;2,1;"CAPAO DO LEAO";"Desrespeitar a preferência no cruzamento";"Colisão transversal";"Com Vítimas Feridas";"Pleno dia";"Decrescente";"Céu Claro";"Simples";"Rotatória";"Não";2;0;0;1;1;0;1;2;-31,76283733;-52,41843224;"SPRF-RS";"DEL07-RS";"UOP01-DEL07-RS"
483245;2022-10-27;"quinta-feira";"13:30:00";"BA";116;369;"SERRINHA";"Condutor deixou de manter distância do veículo da frente";"Colisão traseira";"Com Vítimas Feridas";"Pleno dia";"Decrescente";"Nublado";"Simples";"Reta;Declive";"Não";2;0;2;0;0;0;2;2;-11,752316;-38,986057;"SPRF-BA";"DEL02-BA";"UOP01-DEL02-BA"
483246;2022-10-27;"quinta-feira";"15:00:00";"RJ";101;423;"MANGARATIBA";"Demais falhas mecânicas ou elétricas";"Incêndio";"Sem Vítimas";"Pleno dia";"Decrescente";"Céu Claro";"Simples";"Declive";"Sim";1;0;0;0;1;0;0;1;-22,91801286;-43,94820686;"SPRF-RJ";"DEL03-RJ";"UOP02-DEL03-RJ"
483247;2022-10-27;"quinta-feira";"14:10:00";"SP";116;277;"EMBU DAS ARTES";"Demais falhas mecânicas ou elétricas";"Tombamento";"Com Vítimas Feridas";"Pleno dia";"Crescente";"Céu Claro";"Dupla";"Reta";"Sim";2;0;1;1;0;0;2;1;-23,64870535;-46,84395469;"SPRF-SP";"DEL04-SP";"UOP01-DEL04-SP"
483250;2022-10-27;"quinta-feira";"16:00:00";"PB";230;407,2;"POMBAL";"Ausência de reação do condutor";"Colisão traseira";"Sem Vítimas";"Pleno dia";"Decrescente";"Céu Claro";"Simples";"Reta";"Sim";2;0;0;0;1;1;0;2;-6,7733;-37,798;"SPRF-PB";"DEL03-PB";"UOP02-DEL03-PB"
483251;2022-10-27;"quinta-feira";"14:25:00";"MT";70;522,8;"CUIABA";"Ingestão de álcool pelo condutor";"Queda de ocupante de veículo";"Com Vítimas Feridas";"Pleno dia";"Crescente";"Nublado";"Simples";"Reta";"Sim";2;0;1;0;1;0;1;1;-15,65051022;-55,99823809;"SPRF-MT";"DEL01-MT";"UOP02-DEL01-MT"
483253;2022-10-27;"quinta-feira";"15:10:00";"RJ";0;0;"RIO DE JANEIRO";"Frear bruscamente";"Colisão traseira";"Sem Vítimas";"Pleno dia";"Não Informado";"Céu Claro";"Múltipla";"Reta";"Sim";2;0;0;0;2;0;0;2;-22,8707433;-43,410411;"SPRF-RJ";"DEL01-RJ";"N/A"
483255;2022-10-27;"quinta-feira";"15:20:00";"RS";470;217;"BENTO GONCALVES";"Desrespeitar a preferência no cruzamento";"Queda de ocupante de veículo";"Com Vítimas Feridas";"Pleno dia";"Decrescente";"Céu Claro";"Dupla";"Interseção de Vias";"Sim";3;0;2;0;1;0;2;2;-29,16462512;-51,52551964;"SPRF-RS";"DEL06-RS";"UOP01-DEL06-RS"
483260;2022-10-27;"quinta-feira";"13:30:00";"PE";428;44;"OROCO";"Acesso irregular";"Colisão lateral mesmo sentido";"Com Vítimas Feridas";"Pleno dia";"Crescente";"Céu Claro";"Simples";"Reta";"Não";3;0;2;0;1;0;2;2;-8,58333522;-39,58547861;"SPRF-PE";"DEL05-PE";"UOP03-DEL05-PE"
483262;2022-10-27;"quinta-feira";"13:40:00";"AL";416;17,1;"COLONIA LEOPOLDINA";"Reação tardia ou ineficiente do condutor";"Colisão lateral sentido oposto";"Com Vítimas Feridas";"Pleno dia";"Decrescente";"Céu Claro";"Simples";"Reta";"Sim";4;0;1;1;1;1;2;3;-8,91326;-35,715965;"SPRF-AL";"DEL01-AL";"UOP02-DEL01-AL"
483263;2022-10-27;"quinta-feira";"13:00:00";"MG";116;374,8;"FREI INOCENCIO";"Condutor deixou de manter distância do veículo da frente";"Colisão lateral mesmo sentido";"Com Vítimas Feridas";"Pleno dia";"Decrescente";"Céu Claro";"Simples";"Ponte";"Sim";2;0;0;1;0;1;1;2;-18,57167276;-41,91082732;"SPRF-MG";"DEL11-MG";"UOP01-DEL11-MG"
483264;2022-10-27;"quinta-feira";"16:00:00";"PE";101;18;"GOIANA";"Demais falhas mecânicas ou elétricas";"Tombamento";"Com Vítimas Feridas";"Pleno dia";"Decrescente";"Sol";"Múltipla";"Reta";"Não";2;0;2;0;0;0;2;1;-7,64778973;-34,95054569;"SPRF-PE";"DEL01-PE";"UOP02-DEL01-PE"
483266;2022-10-27;"quinta-feira";"17:45:00";"SC";101;202,5;"SAO JOSE";"Trafegar com motocicleta (ou similar) entre as faixas";"Colisão lateral mesmo sentido";"Com Vítimas Feridas";"Pleno dia";"Crescente";"Nublado";"Múltipla";"Reta";"Sim";3;0;1;0;1;1;1;3;-27,55711595;-48,61897889;"SPRF-SC";"DEL01-SC";"UOP01-DEL01-SC"
483268;2022-10-27;"quinta-feira";"16:45:00";"RO";364;237,9;"CACOAL";"Acessar a via sem observar a presença dos outros veículos";"Colisão transversal";"Com Vítimas Feridas";"Pleno dia";"Decrescente";"Céu Claro";"Dupla";"Interseção de Vias";"Sim";3;0;1;0;2;0;1;2;-11,438535;-61,454858;"SPRF-RO";"DEL02-RO";"UOP02-DEL02-RO"
483269;2022-10-27;"quinta-feira";"16:30:00";"MG";381;492;"BETIM";"Avarias e/ou desgaste excessivo no pneu";"Queda de ocupante de veículo";"Com Vítimas Feridas";"Pleno dia";"Crescente";"Céu Claro";"Múltipla";"Reta";"Sim";2;0;1;0;1;0;1;1;-19,97490091;-44,19004301;"SPRF-MG";"DEL01-MG";"UOP03-DEL01-MG"
483270;2022-10-27;"quinta-feira";"17:50:00";"GO";153;508;"APARECIDA DE GOIANIA";"Manobra de mudança de faixa";"Colisão lateral mesmo sentido";"Sem Vítimas";"Anoitecer";"Crescente";"Céu Claro";"Dupla";"Reta";"Não";2;0;0;0;2;0;0;2;-16,7804;-49,2371;"SPRF-GO";"DEL01-GO";"UOP03-DEL01-GO"
483272;2022-10-27;"quinta-feira";"18:10:00";"BA";367;82;"EUNAPOLIS";"Velocidade Incompatível";"Tombamento";"Com Vítimas Feridas";"Anoitecer";"Crescente";"Céu Claro";"Simples";"Reta;Aclive";"Sim";1;0;1;0;0;0;1;1;-16,372199;-39,568254;"SPRF-BA";"DEL09-BA";"UOP03-DEL09-BA"
483273;2022-10-27;"quinta-feira";"18:00:00";"GO";153;498;"GOIANIA";"Mal súbito do condutor";"Saída de leito carroçável";"Com Vítimas Feridas";"Anoitecer";"Decrescente";"Céu Claro";"Dupla";"Reta";"Sim";1;0;1;0;0;0;1;1;-16,6939;-49,2321;"SPRF-GO";"DEL01-GO";"UOP01-DEL01-GO"
483274;2022-10-27;"quinta-feira";"14:45:00";"MT";364;601,6;"DIAMANTINO";"Mal súbito do condutor";"Saída de leito carroçável";"Sem Vítimas";"Pleno dia";"Crescente";"Céu Claro";"Simples";"Reta";"Não";5;0;0;0;5;0;0;1;-14,50980608;-56,2257026;"SPRF-MT";"DEL01-MT";"UOP01-DEL01-MT"
483275;2022-10-27;"quinta-feira";"17:40:00";"RN";101;96;"NATAL";"Reação tardia ou ineficiente do condutor";"Colisão traseira";"Com Vítimas Feridas";"Plena Noite";"Decrescente";"Céu Claro";"Múltipla";"Reta";"Sim";2;0;0;1;1;0;1;2;-5,84949622;-35,20890752;"SPRF-RN";"DEL01-RN";"UOP01-DEL01-RN"
483276;2022-10-27;"quinta-feira";"18:45:00";"SC";101;210,3;"SAO JOSE";"Ausência de reação do condutor";"Colisão lateral mesmo sentido";"Com Vítimas Feridas";"Plena Noite";"Decrescente";"Céu Claro";"Dupla";"Reta";"Não";3;0;2;1;0;0;3;2;-27,6167305;-48,6457265;"SPRF-SC";"DEL01-SC";"UOP01-DEL01-SC"
483277;2022-10-27;"quinta-feira";"18:50:00";"CE";304;37,5;"ARACATI";"Manobra de mudança de faixa";"Colisão frontal";"Com Vítimas Feridas";"Plena Noite";"Decrescente";"Ignorado";"Simples";"Reta";"Sim";3;0;0;2;1;0;2;2;-4,58028336;-37,86952199;"SPRF-CE";"DEL03-CE";"UOP03-DEL03-CE"
483279;2022-10-27;"quinta-feira";"18:40:00";"RJ";101;61,1;"CAMPOS DOS GOYTACAZES";"Pedestre cruzava a pista fora da faixa";"Atropelamento de Pedestre";"Com Vítimas Feridas";"Plena Noite";"Decrescente";"Céu Claro";"Simples";"Reta";"Sim";3;0;0;1;1;1;1;2;-21,72655788;-41,32133519;"SPRF-RJ";"DEL08-RJ";"UOP01-DEL08-RJ"
483281;2022-10-27;"quinta-feira";"19:00:00";"SC";282;16,5;"PALHOCA";"Ultrapassagem Indevida";"Colisão lateral mesmo sentido";"Com Vítimas Feridas";"Plena Noite";"Decrescente";"Céu Claro";"Simples";"Reta";"Sim";2;0;1;0;1;0;1;2;-27,66247256;-48,68518353;"SPRF-SC";"DEL01-SC";"UOP02-DEL01-SC"
483283;2022-10-27;"quinta-feira";"19:15:00";"DF";40;1,2;"BRASILIA";"Trafegar com motocicleta (ou similar) entre as faixas";"Colisão lateral mesmo sentido";"Com Vítimas Feridas";"Plena Noite";"Crescente";"Céu Claro";"Dupla";"Reta";"Sim";2;0;1;0;1;0;1;2;-15,985532;-47,987747;"SPRF-DF";"DEL01-DF";"UOP01-DEL01-DF"
483286;2022-10-27;"quinta-feira";"19:30:00";"MG";40;40;"PARACATU";"Reação tardia ou ineficiente do condutor";"Atropelamento de Pedestre";"Com Vítimas Feridas";"Anoitecer";"Crescente";"Céu Claro";"Simples";"Reta";"Sim";2;0;1;0;1;0;1;2;-17,21013894;-46,88089301;"SPRF-MG";"DEL14-MG";"UOP01-DEL14-MG"
483288;2022-10-27;"quinta-feira";"17:45:00";"RJ";393;106;"SAPUCAIA";"Reação tardia ou ineficiente do condutor";"Colisão transversal";"Com Vítimas Feridas";"Pleno dia";"Decrescente";"Céu Claro";"Simples";"Reta";"Sim";2;0;1;0;1;0;1;2;-21,87764485;-42,67025797;"SPRF-RJ";"DEL05-RJ";"UOP01-DEL05-RJ"
483289;2022-09-15;"quinta-feira";"20:00:00";"GO";153;493;"GOIANIA";"Ausência de reação do condutor";"Queda de ocupante de veículo";"Com Vítimas Feridas";"Plena Noite";"Crescente";"Céu Claro";"Dupla";"Reta";"Sim";1;0;0;1;0;0;1;1;-16,6537;-49,2172;"SPRF-GO";"DEL01-GO";"UOP01-DEL01-GO"
483290;2022-10-27;"quinta-feira";"20:05:00";"PR";277;723,7;"FOZ DO IGUACU";"Ingestão de álcool pelo condutor";"Colisão traseira";"Sem Vítimas";"Plena Noite";"Decrescente";"Nublado";"Dupla";"Reta";"Sim";3;0;0;0;3;0;0;3;-25,49878215;-54,52985294;"SPRF-PR";"DEL05-PR";"UOP03-DEL05-PR"
483291;2022-10-27;"quinta-feira";"18:30:00";"RO";364;346;"JI-PARANA";"Acesso irregular";"Colisão transversal";"Com Vítimas Feridas";"Anoitecer";"Crescente";"Nublado";"Simples";"Reta";"Não";2;0;2;0;0;0;2;2;-10,865874;-61,968647;"SPRF-RO";"DEL02-RO";"UOP01-DEL02-RO"
483292;2022-10-27;"quinta-feira";"18:58:00";"SC";101;213,5;"PALHOCA";"Velocidade Incompatível";"Colisão traseira";"Com Vítimas Feridas";"Plena Noite";"Crescente";"Céu Claro";"Múltipla";"Reta";"Não";2;0;1;0;1;0;1;2;-27,63697369;-48,66514142;"SPRF-SC";"DEL01-SC";"UOP02-DEL01-SC"
483296;2022-10-27;"quinta-feira";"19:00:00";"BA";116;325;"ARACI";"Animais na Pista";"Atropelamento de Animal";"Com Vítimas Feridas";"Plena Noite";"Decrescente";"Nublado";"Simples";"Reta";"Não";3;0;1;2;0;0;3;1;-11,37406601;-38,96457692;"SPRF-BA";"DEL02-BA";"UOP01-DEL02-BA"
483297;2022-10-27;"quinta-feira";"19:15:00";"RS";386;36;"FREDERICO WESTPHALEN";"Desrespeitar a preferência no cruzamento";"Colisão transversal";"Com Vítimas Feridas";"Anoitecer";"Crescente";"Céu Claro";"Simples";"Rotatória";"Sim";2;0;1;0;1;0;1;2;-27,373381;-53,39772;"SPRF-RS";"DEL08-RS";"UOP02-DEL08-RS"
483299;2022-10-27;"quinta-feira";"21:00:00";"CE";116;7;"FORTALEZA";"Transitar na contramão";"Colisão frontal";"Com Vítimas Feridas";"Plena Noite";"Crescente";"Céu Claro";"Dupla";"Curva";"Sim";2;0;1;0;1;0;1;2;-3,81073099;-38,50074867;"SPRF-CE";"DEL01-CE";"UOP02-DEL01-CE"
483301;2022-10-27;"quinta-feira";"21:00:00";"SC";282;23,4;"PALHOCA";"Acessar a via sem observar a presença dos outros veículos";"Colisão transversal";"Com Vítimas Feridas";"Plena Noite";"Crescente";"Céu Claro";"Simples";"Reta";"Sim";2;0;1;0;1;0;1;2;-27,68526669;-48,74240041;"SPRF-SC";"DEL01-SC";"UOP02-DEL01-SC"
483302;2022-10-27;"quinta-feira";"19:50:00";"PR";376;75,7;"GUAIRACA";"Ingestão de álcool pelo condutor";"Saída de leito carroçável";"Sem Vítimas";"Plena Noite";"Crescente";"Céu Claro";"Simples";"Interseção de Vias;Reta";"Não";1;0;0;0;1;0;0;1;-22,95424;-52,70131;"SPRF-PR";"DEL09-PR";"UOP02-DEL09-PR"
483304;2022-10-27;"quinta-feira";"20:10:00";"SP";153;207,6;"GUAIMBE";"Ingestão de álcool pelo condutor";"Colisão transversal";"Sem Vítimas";"Plena Noite";"Crescente";"Nublado";"Simples";"Declive;Reta";"Não";2;0;0;0;2;0;0;2;-21,88232404;-49,90834473;"SPRF-SP";"DEL07-SP";"UOP01-DEL07-SP"
483305;2022-10-27;"quinta-feira";"21:00:00";"PR";116;125;"FAZENDA RIO GRANDE";"Reação tardia ou ineficiente do condutor";"Colisão traseira";"Com Vítimas Feridas";"Plena Noite";"Crescente";"Nublado";"Dupla";"Reta";"Sim";3;0;1;0;2;0;1;2;-25,59505309;-49,31630659;"SPRF-PR";"DEL01-PR";"UOP03-DEL01-PR"
483306;2022-10-27;"quinta-feira";"17:00:00";"MT";364;54;"ALTO GARCAS";"Ausência de reação do condutor";"Saída de leito carroçável";"Sem Vítimas";"Pleno dia";"Crescente";"Céu Claro";"Simples";"Curva";"Não";1;0;0;0;0;1;0;1;-16,96132985;-53,51912498;"SPRF-MT";"DEL02-MT";"UOP02-DEL02-MT"
483307;2022-10-27;"quinta-feira";"22:00:00";"SC";282;18,4;"PALHOCA";"Conversão proibida";"Queda de ocupante de veículo";"Com Vítimas Feridas";"Plena Noite";"Crescente";"Céu Claro";"Simples";"Reta";"Não";4;0;2;0;2;0;2;4;-27,672798;-48,694286;"SPRF-SC";"DEL01-SC";"UOP02-DEL01-SC"
483308;2022-10-27;"quinta-feira";"21:33:00";"PI";343;7,7;"PARNAIBA";"Conversão proibida";"Colisão frontal";"Com Vítimas Feridas";"Plena Noite";"Crescente";"Céu Claro";"Simples";"Reta";"Sim";3;0;1;2;0;0;3;2;-2,898051;-41,714767;"SPRF-PI";"DEL05-PI";"UOP01-DEL05-PI"