"id";"data_inversa";"dia_semana";"horario";"uf";"br";"km";"municipio";"causa_acidente";"tipo_acidente";"classificacao_acidente";"fase_dia";"sentido_via";"condicao_metereologica";"tipo_pista";"tracado_via";"uso_solo";"pessoas";"mortos";"feridos_leves";"feridos_graves";"ilesos";"ignorados";"feridos";"veiculos";"latitude";"longitude";"regional";"delegacia";"uop"
483526;2022-10-29;"sábado";"00:11:00";"BA";242;390;"SEABRA";"Manobra de mudança de faixa";"Colisão transversal";"Com Vítimas Feridas";"Plena Noite";"Crescente";"Garoa/Chuvisco";"Simples";"Curva";"Não";3;0;0;2;1;0;2;2;-12,45415768;-41,60686706;"SPRF-BA";"DEL06-BA";"UOP01-DEL06-BA"
483527;2022-10-29;"sábado";"02:39:00";"PE";232;410;"SERRA TALHADA";"Ingestão de álcool pelo condutor";"Colisão transversal";"Com Vítimas Feridas";"Plena Noite";"Crescente";"Céu Claro";"Múltipla";"Viaduto";"Sim";2;0;1;0;1;0;1;2;-7,98261841;-38,30039606;"SPRF-PE";"DEL04-PE";"UOP01-DEL04-PE"
483528;2022-10-28;"sexta-feira";"19:00:00";"RJ";116;188;"NOVA IGUACU";"Demais falhas mecânicas ou elétricas";"Incêndio";"Sem Vítimas";"Plena Noite";"Decrescente";"Chuva";"Dupla";"Reta";"Sim";1;0;0;0;0;1;0;1;-22,7380709;-43,48213999;"SPRF-RJ";"DEL01-RJ";"UOP02-DEL01-RJ"
483530;2022-10-29;"sábado";"04:00:00";"CE";116;2;"FORTALEZA";"Condutor Dormindo";"Colisão com objeto";"Com Vítimas Feridas";"Amanhecer";"Decrescente";"Céu Claro";"Simples";"Reta";"Não";1;0;1;0;0;0;1;1;-3,77019802;-38,51724508;"SPRF-CE";"DEL01-CE";"UOP02-DEL01-CE"
483531;2022-10-28;"sexta-feira";"07:20:00";"BA";324;620;"SALVADOR";"Obras na pista";"Queda de ocupante de veículo";"Com Vítimas Feridas";"Pleno dia";"Crescente";"Céu Claro";"Múltipla";"Em Obras";"Sim";1;0;1;0;0;0;1;1;-12,90482172;-38,45556535;"SPRF-BA";"DEL01-BA";"UOP01-DEL01-BA"
483533;2022-10-29;"sábado";"03:50:00";"MG";116;665;"SAO FRANCISCO DO GLORIA";"Reação tardia ou ineficiente do condutor";"Colisão traseira";"Com Vítimas Feridas";"Plena Noite";"Decrescente";"Céu Claro";"Simples";"Reta";"Não";4;0;2;0;2;0;2;2;-20,82713698;-42,32223579;"SPRF-MG";"DEL07-MG";"UOP03-DEL07-MG"
483534;2022-10-29;"sábado";"04:00:00";"RS";468;90;"TRES PASSOS";"Transitar na contramão";"Colisão lateral sentido oposto";"Sem Vítimas";"Plena Noite";"Crescente";"Céu Claro";"Simples";"Curva";"Não";4;0;0;0;3;1;0;2;-27,54337108;-53,87173415;"SPRF-RS";"DEL08-RS";"UOP02-DEL08-RS"
483535;2022-10-29;"sábado";"05:00:00";"GO";414;303,9;"VILA PROPICIO";"Animais na Pista";"Atropelamento de Animal";"Com Vítimas Fatais";"Amanhecer";"Decrescente";"Céu Claro";"Simples";"Reta";"Não";1;1;0;0;0;0;0;1;-15,20091703;-48,70185812;"SPRF-GO";"DEL02-GO";"UOP01-DEL02-GO"
483536;2022-10-29;"sábado";"02:20:00";"MS";60;330,9;"CAMPO GRANDE";"Velocidade Incompatível";"Colisão com objeto";"Com Vítimas Feridas";"Plena Noite";"Crescente";"Céu Claro";"Simples";"Rotatória";"Não";1;0;0;1;0;0;1;1;-20,35683649;-54,52352436;"SPRF-MS";"DEL01-MS";"UOP02-DEL01-MS"
483537;2022-10-29;"sábado";"04:33:00";"SC";101;269;"IMBITUBA";"Ingestão de álcool pelo condutor";"Saída de leito carroçável";"Com Vítimas Feridas";"Plena Noite";"Crescente";"Céu Claro";"Múltipla";"Curva;Em Obras";"Não";3;0;1;0;2;0;1;1;-28,09417595;-48,70917593;"SPRF-SC";"DEL02-SC";"UOP03-DEL02-SC"
483538;2022-10-29;"sábado";"04:15:00";"PR";277;97,8;"CURITIBA";"Reação tardia ou ineficiente do condutor";"Colisão traseira";"Sem Vítimas";"Plena Noite";"Crescente";"Céu Claro";"Dupla";"Reta";"Sim";3;0;0;0;2;1;0;3;-25,430163;-49,3464608;"SPRF-PR";"DEL01-PR";"UOP06-DEL01-PR"
483539;2022-10-29;"sábado";"04:50:00";"PR";116;105;"SAO JOSE DOS PINHAIS";"Ausência de reação do condutor";"Saída de leito carroçável";"Sem Vítimas";"Amanhecer";"Crescente";"Céu Claro";"Dupla";"Reta";"Sim";1;0;0;0;1;0;0;1;-25,56635207;-49,16833598;"SPRF-PR";"DEL01-PR";"UOP07-DEL01-PR"
483540;2022-10-29;"sábado";"04:00:00";"RS";468;87;"BOM PROGRESSO";"Condutor Dormindo";"Saída de leito carroçável";"Sem Vítimas";"Plena Noite";"Crescente";"Céu Claro";"Simples";"Reta";"Não";1;0;0;0;0;1;0;1;-27,56710186;-53,86047363;"SPRF-RS";"DEL08-RS";"UOP02-DEL08-RS"
483541;2022-10-29;"sábado";"05:50:00";"PR";277;730;"FOZ DO IGUACU";"Retorno proibido";"Saída de leito carroçável";"Sem Vítimas";"Pleno dia";"Crescente";"Sol";"Simples";"Curva";"Sim";2;0;0;0;2;0;0;1;-25,50826305;-54,59238593;"SPRF-PR";"DEL05-PR";"UOP03-DEL05-PR"
483543;2022-10-29;"sábado";"05:00:00";"BA";116;568;"BREJOES";"Velocidade Incompatível";"Saída de leito carroçável";"Com Vítimas Feridas";"Amanhecer";"Decrescente";"Céu Claro";"Simples";"Reta";"Não";2;0;2;0;0;0;2;1;-12,99271825;-39,95028884;"SPRF-BA";"DEL03-BA";"UOP02-DEL03-BA"
483545;2022-10-29;"sábado";"06:40:00";"BA";324;624;"SALVADOR";"Avarias e/ou desgaste excessivo no pneu";"Tombamento";"Com Vítimas Feridas";"Pleno dia";"Crescente";"Nublado";"Múltipla";"Reta";"Sim";2;0;2;0;0;0;2;1;-12,933839;-38,47190701;"SPRF-BA";"DEL01-BA";"UOP01-DEL01-BA"
483546;2022-10-29;"sábado";"04:30:00";"RS";158;149,8;"PANAMBI";"Ingestão de álcool pelo condutor";"Colisão com objeto";"Com Vítimas Feridas";"Amanhecer";"Decrescente";"Céu Claro";"Simples";"Rotatória";"Não";1;0;1;0;0;0;1;1;-28,27204195;-53,48398008;"SPRF-RS";"DEL10-RS";"UOP02-DEL10-RS"
483547;2022-10-29;"sábado";"06:30:00";"SP";116;87;"PINDAMONHANGABA";"Ausência de reação do condutor";"Colisão com objeto";"Com Vítimas Feridas";"Pleno dia";"Crescente";"Céu Claro";"Dupla";"Reta";"Não";2;0;1;0;1;0;1;1;-22,93065267;-45,36166116;"SPRF-SP";"DEL08-SP";"UOP01-DEL08-SP"
483548;2022-10-29;"sábado";"07:00:00";"BA";324;581;"CANDEIAS";"Reação tardia ou ineficiente do condutor";"Saída de leito carroçável";"Com Vítimas Feridas";"Pleno dia";"Crescente";"Céu Claro";"Dupla";"Reta";"Não";1;0;1;0;0;0;1;1;-12,60312907;-38,50096504;"SPRF-BA";"DEL01-BA";"UOP01-DEL01-BA"
483549;2022-10-29;"sábado";"06:50:00";"MG";40;671,5;"CARANDAI";"Ausência de reação do condutor";"Saída de leito carroçável";"Com Vítimas Feridas";"Pleno dia";"Crescente";"Chuva";"Simples";"Reta";"Não";1;0;1;0;0;0;1;1;-20,97451232;-43,78312725;"SPRF-MG";"DEL05-MG";"UOP02-DEL05-MG"
483550;2022-10-29;"sábado";"02:30:00";"MA";316;201,6;"ZE DOCA";"Pista esburacada";"Queda de ocupante de veículo";"Com Vítimas Feridas";"Plena Noite";"Crescente";"Ignorado";"Simples";"Declive";"Não";1;0;0;1;0;0;1;1;-3,304672;-45,65876;"SPRF-MA";"DEL02-MA";"UOP01-DEL02-MA"
483551;2022-10-29;"sábado";"05:30:00";"PI";343;341;"TERESINA";"Ingestão de álcool pelo condutor";"Saída de leito carroçável";"Sem Vítimas";"Pleno dia";"Crescente";"Céu Claro";"Simples";"Curva";"Sim";1;0;0;0;1;0;0;1;-5,077812;-42,744255;"SPRF-PI";"DEL01-PI";"UOP01-DEL01-PI"
483552;2022-10-29;"sábado";"07:45:00";"RS";290;83;"CACHOEIRINHA";"Ausência de reação do condutor";"Colisão traseira";"Com Vítimas Feridas";"Pleno dia";"Decrescente";"Céu Claro";"Dupla";"Reta";"Não";3;0;0;1;2;0;1;2;-29,959141;-51,088791;"SPRF-RS";"DEL01-RS";"UOP01-DEL01-RS"
483553;2022-10-29;"sábado";"06:55:00";"PA";316;111;"SANTA MARIA DO PARA";"Acessar a via sem observar a presença dos outros veículos";"Colisão transversal";"Com Vítimas Feridas";"Pleno dia";"Crescente";"Céu Claro";"Simples";"Interseção de Vias;Curva";"Não";2;0;1;0;1;0;1;2;-1,31708992;-47,51316503;"SPRF-PA";"DEL01-PA";"UOP02-DEL01-PA"
483554;2022-10-29;"sábado";"07:20:00";"SC";101;112;"ITAJAI";"Ausência de reação do condutor";"Colisão lateral mesmo sentido";"Com Vítimas Feridas";"Pleno dia";"Decrescente";"Nublado";"Dupla";"Declive";"Sim";2;0;1;0;1;0;1;2;-26,84589005;-48,72131295;"SPRF-SC";"DEL04-SC";"UOP04-DEL04-SC"
483555;2022-10-29;"sábado";"07:45:00";"MG";459;98;"POUSO ALEGRE";"Reação tardia ou ineficiente do condutor";"Colisão traseira";"Com Vítimas Feridas";"Pleno dia";"Decrescente";"Céu Claro";"Dupla";"Interseção de Vias";"Sim";3;0;1;0;2;0;1;2;-22,202055;-45,960964;"SPRF-MG";"DEL16-MG";"UOP01-DEL16-MG"
483557;2022-10-29;"sábado";"08:20:00";"DF";40;3;"BRASILIA";"Manobra de mudança de faixa";"Colisão lateral mesmo sentido";"Com Vítimas Feridas";"Pleno dia";"Decrescente";"Nublado";"Dupla";"Reta";"Sim";2;0;1;0;1;0;1;2;-16,003145;-47,983944;"SPRF-DF";"DEL01-DF";"UOP01-DEL01-DF"
483558;2022-10-29;"sábado";"08:10:00";"ES";262;16;"VIANA";"Acessar a via sem observar a presença dos outros veículos";"Colisão transversal";"Com Vítimas Feridas";"Pleno dia";"Crescente";"Sol";"Simples";"Reta";"Sim";2;0;1;0;1;0;1;2;-20,38441093;-40,463078;"SPRF-ES";"DEL01-ES";"UOP01-DEL01-ES"
483559;2022-10-29;"sábado";"07:20:00";"AL";316;245;"ATALAIA";"Conversão proibida";"Colisão transversal";"Com Vítimas Feridas";"Pleno dia";"Decrescente";"Céu Claro";"Simples";"Reta";"Sim";2;0;0;1;1;0;1;2;-9,51787134;-35,99989354;"SPRF-AL";"DEL01-AL";"UOP01-DEL01-AL"
483560;2022-10-29;"sábado";"07:50:00";"PR";476;133;"CURITIBA";"Condutor deixou de manter distância do veículo da frente";"Engavetamento";"Com Vítimas Feridas";"Pleno dia";"Decrescente";"Sol";"Dupla";"Reta";"Sim";4;0;1;0;2;1;1;4;-25,469219;-49,254143;"SPRF-PR";"DEL01-PR";"UOP03-DEL01-PR"
483561;2022-10-29;"sábado";"05:00:00";"MT";70;4,5;"BARRA DO GARCAS";"Reação tardia ou ineficiente do condutor";"Saída de leito carroçável";"Sem Vítimas";"Amanhecer";"Decrescente";"Garoa/Chuvisco";"Dupla";"Rotatória";"Sim";1;0;0;0;0;1;0;1;-15,87969591;-52,28343694;"SPRF-MT";"DEL07-MT";"UOP01-DEL07-MT"
483562;2022-10-29;"sábado";"07:15:00";"GO";20;82;"VILA BOA";"Ingestão de álcool pelo condutor";"Colisão com objeto";"Com Vítimas Feridas";"Pleno dia";"Decrescente";"Céu Claro";"Simples";"Reta";"Não";1;0;1;0;0;0;1;1;-15,077798;-47,091152;"SPRF-DF";"DEL02-DF";"UOP02-DEL02-DF"
483563;2022-10-14;"sexta-feira";"08:05:00";"PB";230;158,7;"CAMPINA GRANDE";"Retorno proibido";"Colisão transversal";"Com Vítimas Feridas";"Pleno dia";"Crescente";"Sol";"Simples";"Reta";"Sim";2;0;1;0;1;0;1;2;-7,257462;-35,927495;"SPRF-PB";"DEL02-PB";"UOP01-DEL02-PB"
483567;2022-10-29;"sábado";"08:30:00";"MG";40;526,8;"CONTAGEM";"Carga excessiva e/ou mal acondicionada";"Colisão com objeto";"Com Vítimas Feridas";"Pleno dia";"Crescente";"Nublado";"Dupla";"Reta";"Sim";2;0;1;0;0;1;1;2;-19,89255399;-44,04985478;"SPRF-MG";"DEL01-MG";"UOP02-DEL01-MG"
483568;2022-10-29;"sábado";"07:45:00";"PR";476;134;"CURITIBA";"Manobra de mudança de faixa";"Colisão lateral mesmo sentido";"Com Vítimas Feridas";"Pleno dia";"Decrescente";"Céu Claro";"Múltipla";"Reta";"Sim";3;0;1;0;2;0;1;2;-25,476524;-49,259937;"SPRF-PR";"DEL01-PR";"UOP03-DEL01-PR"
483569;2022-10-29;"sábado";"07:20:00";"RS";392;18;"RIO GRANDE";"Acessar a via sem observar a presença dos outros veículos";"Colisão transversal";"Com Vítimas Feridas";"Pleno dia";"Decrescente";"Céu Claro";"Dupla";"Interseção de Vias";"Sim";3;0;0;2;1;0;2;2;-32,09017991;-52,17651198;"SPRF-RS";"DEL07-RS";"UOP02-DEL07-RS"
483570;2022-10-29;"sábado";"06:32:00";"PR";376;5,1;"APUCARANA";"Desrespeitar a preferência no cruzamento";"Colisão transversal";"Com Vítimas Feridas";"Pleno dia";"Crescente";"Céu Claro";"Simples";"Reta;Interseção de Vias";"Sim";2;0;0;1;1;0;1;2;-23,54828097;-51,45079851;"SPRF-PR";"DEL07-PR";"UOP03-DEL07-PR"
483571;2022-10-29;"sábado";"07:35:00";"MG";116;608,7;"SAO JOAO DO MANHUACU";"Pedestre cruzava a pista fora da faixa";"Atropelamento de Pedestre";"Com Vítimas Feridas";"Pleno dia";"Decrescente";"Nublado";"Simples";"Curva";"Não";2;0;1;0;1;0;1;2;-20,40488795;-42,15173121;"SPRF-MG";"DEL06-MG";"UOP03-DEL06-MG"
483572;2022-10-29;"sábado";"08:45:00";"PE";101;48;"ABREU E LIMA";"Reação tardia ou ineficiente do condutor";"Colisão traseira";"Com Vítimas Feridas";"Pleno dia";"Decrescente";"Sol";"Múltipla";"Reta";"Sim";3;0;0;1;1;1;1;2;-7,89174705;-34,9033493;"SPRF-PE";"DEL01-PE";"UOP02-DEL01-PE"
483575;2022-10-29;"sábado";"06:55:00";"SP";116;134,8;"SAO JOSE DOS CAMPOS";"Ingestão de álcool pelo condutor";"Colisão traseira";"Com Vítimas Feridas";"Pleno dia";"Decrescente";"Sol";"Dupla";"Reta;Declive";"Não";4;0;1;0;1;2;1;3;-23,14207367;-45,76528972;"SPRF-SP";"DEL02-SP";"UOP01-DEL02-SP"
483576;2022-10-29;"sábado";"09:20:00";"GO";40;7;"VALPARAISO DE GOIAS";"Acessar a via sem observar a presença dos outros veículos";"Colisão lateral mesmo sentido";"Com Vítimas Feridas";"Pleno dia";"Crescente";"Céu Claro";"Dupla";"Reta";"Sim";2;0;1;0;1;0;1;2;-16,108482;-47,972524;"SPRF-DF";"DEL01-DF";"UOP01-DEL01-DF"
483577;2022-10-29;"sábado";"08:14:00";"RS";290;33;"SANTO ANTONIO DA PATRULHA";"Mal súbito do condutor";"Colisão lateral mesmo sentido";"Com Vítimas Feridas";"Pleno dia";"Decrescente";"Céu Claro";"Dupla";"Reta";"Não";4;0;1;0;3;0;1;2;-29,885815;-50,586334;"SPRF-RS";"DEL03-RS";"UOP01-DEL03-RS"
483578;2022-10-29;"sábado";"01:00:00";"PR";277;112,5;"CAMPO LARGO";"Condutor Dormindo";"Colisão traseira";"Com Vítimas Feridas";"Plena Noite";"Crescente";"Céu Claro";"Dupla";"Reta";"Sim";1;0;1;0;0;0;1;1;-25,447;-49,479;"SPRF-PR";"DEL03-PR";"UOP03-DEL03-PR"
483579;2022-10-29;"sábado";"09:20:00";"PB";230;15,9;"JOAO PESSOA";"Acesso irregular";"Colisão traseira";"Com Vítimas Feridas";"Pleno dia";"Decrescente";"Céu Claro";"Dupla";"Declive;Curva";"Sim";2;0;1;0;1;0;1;2;-7,10636163;-34,8439109;"SPRF-PB";"DEL01-PB";"UOP01-DEL01-PB"
483580;2022-10-29;"sábado";"09:15:00";"RS";285;121;"VACARIA";"Acesso irregular";"Colisão transversal";"Com Vítimas Feridas";"Pleno dia";"Decrescente";"Nublado";"Simples";"Reta";"Sim";2;0;1;0;1;0;1;2;-28,510252;-50,935688;"SPRF-RS";"DEL05-RS";"UOP03-DEL05-RS"
483581;2022-10-29;"sábado";"09:00:00";"CE";20;265;"ITATIRA";"Transitar na contramão";"Colisão frontal";"Com Vítimas Feridas";"Pleno dia";"Crescente";"Céu Claro";"Simples";"Reta";"Não";2;0;1;0;1;0;1;2;-4,68767183;-39,4266502;"SPRF-CE";"DEL02-CE";"UOP01-DEL02-CE"
483582;2022-10-29;"sábado";"07:49:00";"SC";470;85,2;"RODEIO";"Velocidade Incompatível";"Saída de leito carroçável";"Com Vítimas Feridas";"Pleno dia";"Decrescente";"Nublado";"Simples";"Reta";"Não";2;0;2;0;0;0;2;1;-26,956114;-49,350414;"SPRF-SC";"DEL04-SC";"UOP01-DEL04-SC"
483586;2022-10-29;"sábado";"10:05:00";"PE";101;79,6;"RECIFE";"Acesso irregular";"Tombamento";"Com Vítimas Feridas";"Pleno dia";"Decrescente";"Céu Claro";"Dupla";"Curva";"Sim";1;0;1;0;0;0;1;1;-8,147807;-34,944274;"SPRF-PE";"DEL01-PE";"UOP01-DEL01-PE"
483587;2022-10-29;"sábado";"10:28:00";"MG";381;518,5;"IGARAPE";"Velocidade Incompatível";"Colisão com objeto";"Com Vítimas Feridas";"Plena Noite";"Crescente";"Céu Claro";"Dupla";"Curva";"Não";1;0;1;0;0;0;1;1;-20,11094;-44,32087;"SPRF-MG";"DEL04-MG";"UOP03-DEL04-MG"
483588;2022-10-29;"sábado";"06:30:00";"RN";226;341,1;"PATU";"Conversão proibida";"Colisão transversal";"Com Vítimas Feridas";"Pleno dia";"Decrescente";"Sol";"Simples";"Reta";"Não";2;0;1;0;1;0;1;2;-6,11484;-37,65186;"SPRF-RN";"DEL04-RN";"UOP01-DEL04-RN"
483589;2022-10-29;"sábado";"09:55:00";"AP";156;379,4;"FERREIRA GOMES";"Ausência de reação do condutor";"Saída de leito carroçável";"Com Vítimas Feridas";"Pleno dia";"Crescente";"Sol";"Simples";"Interseção de Vias";"Não";2;0;1;0;0;1;1;2;0,84384609;-51,18861794;"SPRF-AP";"DEL01-AP";"UOP02-DEL01-AP"
483590;2022-10-29;"sábado";"10:25:00";"PR";369;133,7;"IBIPORA";"Avarias e/ou desgaste excessivo no pneu";"Tombamento";"Com Vítimas Feridas";"Pleno dia";"Decrescente";"Céu Claro";"Dupla";"Declive";"Não";2;0;2;0;0;0;2;1;-23,26035746;-51,00788707;"SPRF-PR";"DEL07-PR";"UOP01-DEL07-PR"
483591;2022-10-29;"sábado";"09:20:00";"MG";116;413;"GOVERNADOR VALADARES";"Acesso irregular";"Colisão lateral mesmo sentido";"Com Vítimas Feridas";"Pleno dia";"Decrescente";"Céu Claro";"Simples";"Reta";"Sim";2;0;1;0;1;0;1;2;-18,873907;-41,966366;"SPRF-MG";"DEL06-MG";"UOP01-DEL06-MG"
483593;2022-08-28;"domingo";"17:10:00";"PA";10;6,3;"DOM ELISEU";"Ultrapassagem Indevida";"Colisão lateral sentido oposto";"Com Vítimas Feridas";"Pleno dia";"Crescente";"Sol";"Simples";"Declive;Reta";"Não";4;0;2;0;2;0;2;2;-4,38439306;-47,53529121;"SPRF-PA";"DEL02-PA";"UOP02-DEL02-PA"
483594;2022-10-29;"sábado";"08:50:00";"RJ";116;330;"RESENDE";"Condutor Dormindo";"Saída de leito carroçável";"Com Vítimas Feridas";"Pleno dia";"Crescente";"Sol";"Dupla";"Declive";"Sim";2;0;1;1;0;0;2;1;-22,50422134;-44,61937308;"SPRF-RJ";"DEL07-RJ";"UOP02-DEL07-RJ"
483597;2022-10-29;"sábado";"08:30:00";"CE";116;146;"RUSSAS";"Ultrapassagem Indevida";"Saída de leito carroçável";"Com Vítimas Feridas";"Pleno dia";"Crescente";"Céu Claro";"Simples";"Reta";"Não";2;0;0;1;0;1;1;2;-4,814373;-38,059486;"SPRF-CE";"DEL03-CE";"UOP01-DEL03-CE"
483598;2022-10-29;"sábado";"09:10:00";"SC";101;196;"BIGUACU";"Manobra de mudança de faixa";"Colisão com objeto";"Com Vítimas Feridas";"Pleno dia";"Crescente";"Nublado";"Dupla";"Reta";"Sim";1;0;1;0;0;0;1;1;-27,51101091;-48,64322292;"SPRF-SC";"DEL01-SC";"UOP01-DEL01-SC"
483599;2022-10-29;"sábado";"09:05:00";"BA";101;156,2;"CONCEICAO DO JACUIPE";"Acessar a via sem observar a presença dos outros veículos";"Colisão transversal";"Com Vítimas Feridas";"Pleno dia";"Crescente";"Nublado";"Dupla";"Reta";"Não";3;0;0;2;1;0;2;2;-12,35551436;-38,782478;"SPRF-BA";"DEL01-BA";"UOP03-DEL01-BA"
483600;2022-10-29;"sábado";"09:30:00";"RN";101;96;"NATAL";"Condutor deixou de manter distância do veículo da frente";"Colisão traseira";"Com Vítimas Feridas";"Pleno dia";"Decrescente";"Sol";"Múltipla";"Interseção de Vias;Reta;Viaduto;Declive";"Sim";3;0;1;0;2;0;1;2;-5,849334;-35,207268;"SPRF-RN";"DEL01-RN";"UOP01-DEL01-RN"
483601;2022-10-29;"sábado";"10:50:00";"MG";381;923,4;"ITAPEVA";"Reação tardia ou ineficiente do condutor";"Queda de ocupante de veículo";"Com Vítimas Feridas";"Pleno dia";"Decrescente";"Céu Claro";"Dupla";"Curva";"Não";1;0;1;0;0;0;1;1;-22,7671484;-46,22667493;"SPRF-MG";"DEL16-MG";"UOP03-DEL16-MG"
483602;2022-10-29;"sábado";"11:20:00";"MG";267;61,6;"BICAS";"Pedestre cruzava a pista fora da faixa";"Atropelamento de Pedestre";"Com Vítimas Feridas";"Pleno dia";"Decrescente";"Céu Claro";"Simples";"Reta";"Não";3;0;0;1;2;0;1;3;-21,73043765;-43,07297163;"SPRF-MG";"DEL07-MG";"UOP01-DEL07-MG"
483605;2022-10-29;"sábado";"11:00:00";"MG";40;514;"RIBEIRAO DAS NEVES";"Reação tardia ou ineficiente do condutor";"Saída de leito carroçável";"Sem Vítimas";"Pleno dia";"Crescente";"Céu Claro";"Dupla";"Reta";"Não";1;0;0;0;0;1;0;1;-19,80151928;-44,10000333;"SPRF-MG";"DEL01-MG";"UOP02-DEL01-MG"
483608;2022-10-29;"sábado";"08:30:00";"TO";235;165;"PEDRO AFONSO";"Reação tardia ou ineficiente do condutor";"Saída de leito carroçável";"Com Vítimas Feridas";"Pleno dia";"Decrescente";"Céu Claro";"Simples";"Reta";"Não";2;0;0;1;1;0;1;2;-8,99133651;-48,18883033;"SPRF-TO";"DEL02-TO";"UOP02-DEL02-TO"
483610;2022-10-29;"sábado";"11:00:00";"MS";158;68,9;"PARANAIBA";"Ingestão de álcool pelo condutor";"Colisão com objeto";"Sem Vítimas";"Pleno dia";"Decrescente";"Céu Claro";"Simples";"Curva";"Não";1;0;0;0;1;0;0;1;-19,4809262;-51,29955714;"SPRF-MS";"DEL08-MS";"UOP01-DEL08-MS"
483612;2022-10-29;"sábado";"13:15:00";"GO";50;162;"CAMPO ALEGRE DE GOIAS";"Ausência de reação do condutor";"Saída de leito carroçável";"Com Vítimas Feridas";"Pleno dia";"Decrescente";"Nublado";"Dupla";"Reta";"Não";4;0;1;0;3;0;1;1;-17,2714;-47,7665;"SPRF-GO";"DEL06-GO";"UOP01-DEL06-GO"
483614;2022-10-29;"sábado";"10:33:00";"SC";280;107;"SAO BENTO DO SUL";"Ausência de reação do condutor";"Capotamento";"Sem Vítimas";"Pleno dia";"Decrescente";"Céu Claro";"Simples";"Reta";"Não";1;0;0;0;1;0;0;1;-26,34306695;-49,37560427;"SPRF-SC";"DEL06-SC";"UOP03-DEL06-SC"
483615;2022-10-29;"sábado";"13:00:00";"SC";101;209;"SAO JOSE";"Ultrapassagem Indevida";"Colisão lateral mesmo sentido";"Com Vítimas Feridas";"Pleno dia";"Crescente";"Céu Claro";"Simples";"Reta";"Sim";2;0;1;0;1;0;1;2;-27,61000542;-48,63895057;"SPRF-SC";"DEL01-SC";"UOP01-DEL01-SC"
483616;2022-10-29;"sábado";"12:25:00";"PR";376;300,1;"MAUA DA SERRA";"Chuva";"Saída de leito carroçável";"Sem Vítimas";"Pleno dia";"Decrescente";"Chuva";"Dupla";"Aclive;Curva";"Não";1;0;0;0;1;0;0;1;-23,935279;-51,16169;"SPRF-PR";"DEL07-PR";"UOP02-DEL07-PR"
483618;2022-10-29;"sábado";"12:10:00";"PE";101;59;"RECIFE";"Demais falhas mecânicas ou elétricas";"Tombamento";"Com Vítimas Feridas";"Pleno dia";"Crescente";"Céu Claro";"Dupla";"Reta";"Sim";2;0;1;1;0;0;2;1;-7,97708575;-34,92607318;"SPRF-PE";"DEL01-PE";"UOP02-DEL01-PE"
483619;2022-10-29;"sábado";"12:50:00";"AL";104;46,2;"BRANQUINHA";"Acessar a via sem observar a presença dos outros veículos";"Colisão lateral mesmo sentido";"Com Vítimas Feridas";"Pleno dia";"Decrescente";"Céu Claro";"Simples";"Declive;Curva";"Sim";3;0;2;0;1;0;2;2;-9,24127124;-36,01233602;"SPRF-AL";"DEL01-AL";"UOP02-DEL01-AL"
483621;2022-10-29;"sábado";"11:05:00";"RO";364;426;"JARU";"Acessar a via sem observar a presença dos outros veículos";"Tombamento";"Com Vítimas Feridas";"Pleno dia";"Crescente";"Céu Claro";"Dupla";"Reta;Retorno Regulamentado;Interseção de Vias";"Sim";3;0;1;0;2;0;1;2;-10,43752488;-62,47169791;"SPRF-RO";"DEL03-RO";"UOP02-DEL03-RO"
483622;2022-10-29;"sábado";"13:00:00";"RJ";116;286;"BARRA MANSA";"Avarias e/ou desgaste excessivo no pneu";"Tombamento";"Com Vítimas Feridas";"Pleno dia";"Crescente";"Céu Claro";"Dupla";"Reta";"Não";2;0;2;0;0;0;2;1;-22,49846046;-44,23342487;"SPRF-RJ";"DEL07-RJ";"UOP02-DEL07-RJ"
483623;2022-10-29;"sábado";"12:15:00";"RJ";101;484;"ANGRA DOS REIS";"Reação tardia ou ineficiente do condutor";"Colisão traseira";"Com Vítimas Feridas";"Pleno dia";"Crescente";"Céu Claro";"Dupla";"Rotatória";"Sim";2;0;1;0;1;0;1;2;-22,99096308;-44,30429882;"SPRF-RJ";"DEL03-RJ";"UOP03-DEL03-RJ"
483624;2022-10-29;"sábado";"13:25:00";"SC";280;54;"GUARAMIRIM";"Manobra de mudança de faixa";"Colisão transversal";"Sem Vítimas";"Pleno dia";"Crescente";"Nublado";"Dupla";"Retorno Regulamentado";"Sim";2;0;0;0;2;0;0;2;-26,47539893;-48,983748;"SPRF-SC";"DEL03-SC";"UOP03-DEL03-SC"
483626;2022-10-29;"sábado";"14:10:00";"PR";373;224,2;"IMBITUVA";"Velocidade Incompatível";"Saída de leito carroçável";"Com Vítimas Feridas";"Pleno dia";"Crescente";"Chuva";"Simples";"Reta";"Não";2;0;0;1;1;0;1;1;-25,17647746;-50,61063506;"SPRF-PR";"DEL03-PR";"UOP01-DEL03-PR"
483627;2022-10-25;"terça-feira";"08:30:00";"PR";277;83;"CURITIBA";"Trafegar com motocicleta (ou similar) entre as faixas";"Colisão lateral mesmo sentido";"Com Vítimas Feridas";"Pleno dia";"Crescente";"Céu Claro";"Dupla";"Reta";"Sim";2;0;1;0;0;1;1;2;-25,45088843;-49,22768176;"SPRF-PR";"DEL01-PR";"UOP01-DEL01-PR"
483628;2022-10-29;"sábado";"14:15:00";"PB";230;123,5;"RIACHAO DO BACAMARTE";"Pista esburacada";"Queda de ocupante de veículo";"Sem Vítimas";"Pleno dia";"Crescente";"Sol";"Dupla";"Reta";"Não";1;0;0;0;0;1;0;1;-7,24838739;-35,68187714;"SPRF-PB";"DEL02-PB";"UOP01-DEL02-PB"