"id";"data_inversa";"dia_semana";"horario";"uf";"br";"km";"municipio";"causa_acidente";"tipo_acidente";"classificacao_acidente";"fase_dia";"sentido_via";"condicao_metereologica";"tipo_pista";"tracado_via";"uso_solo";"pessoas";"mortos";"feridos_leves";"feridos_graves";"ilesos";"ignorados";"feridos";"veiculos";"latitude";"longitude";"regional";"delegacia";"uop"
483629;2022-10-29;"sábado";"12:04:00";"PR";163;169;"LINDOESTE";"Pista em desnível";"Queda de ocupante de veículo";"Com Vítimas Feridas";"Pleno dia";"Decrescente";"Chuva";"Simples";"Reta";"Sim";1;0;1;0;0;0;1;1;-25,254573;-53,577121;"SPRF-PR";"DEL05-PR";"UOP05-DEL05-PR"
483630;2022-10-29;"sábado";"13:00:00";"PA";230;121;"MARABA";"Ingestão de álcool pelo condutor";"Tombamento";"Com Vítimas Feridas";"Pleno dia";"Crescente";"Céu Claro";"Dupla";"Reta";"Sim";2;0;2;0;0;0;2;1;-5,35297407;-49,12143673;"SPRF-PA";"DEL03-PA";"UOP01-DEL03-PA"
483631;2022-10-29;"sábado";"15:19:00";"RS";290;313,8;"CACAPAVA DO SUL";"Ausência de reação do condutor";"Capotamento";"Com Vítimas Feridas";"Pleno dia";"Crescente";"Céu Claro";"Simples";"Reta";"Não";2;0;1;1;0;0;2;1;-30,345993;-53,329052;"SPRF-RS";"DEL09-RS";"UOP02-DEL09-RS"
483632;2022-10-29;"sábado";"15:20:00";"MG";459;90,9;"CONGONHAL";"Chuva";"Colisão frontal";"Com Vítimas Feridas";"Pleno dia";"Crescente";"Nublado";"Simples";"Reta";"Não";6;0;3;1;2;0;4;2;-22,157057;-46,007881;"SPRF-MG";"DEL09-MG";"UOP01-DEL09-MG"
483634;2022-10-29;"sábado";"15:05:00";"PR";369;80;"SANTA MARIANA";"Reação tardia ou ineficiente do condutor";"Queda de ocupante de veículo";"Com Vítimas Feridas";"Pleno dia";"Crescente";"Céu Claro";"Simples";"Reta";"Não";1;0;1;0;0;0;1;1;-23,146123;-50,56689;"SPRF-PR";"DEL07-PR";"UOP05-DEL07-PR"
483635;2022-10-29;"sábado";"14:40:00";"BA";324;625;"SALVADOR";"Demais falhas mecânicas ou elétricas";"Queda de ocupante de veículo";"Com Vítimas Feridas";"Pleno dia";"Decrescente";"Céu Claro";"Dupla";"Curva";"Não";2;0;1;0;0;1;1;1;-12,94194706;-38,47081224;"SPRF-BA";"DEL01-BA";"UOP01-DEL01-BA"
483636;2022-10-29;"sábado";"15:00:00";"CE";222;220,5;"SOBRAL";"Acesso irregular";"Saída de leito carroçável";"Sem Vítimas";"Pleno dia";"Decrescente";"Céu Claro";"Simples";"Interseção de Vias";"Não";1;0;0;0;1;0;0;1;-3,73488299;-40,31795598;"SPRF-CE";"DEL04-CE";"UOP01-DEL04-CE"
483637;2022-10-29;"sábado";"14:50:00";"CE";116;525,2;"JATI";"Ingestão de álcool pelo condutor";"Colisão traseira";"Sem Vítimas";"Pleno dia";"Decrescente";"Céu Claro";"Simples";"Reta";"Sim";2;0;0;0;2;0;0;2;-7,65139001;-39,02034105;"SPRF-CE";"DEL05-CE";"UOP03-DEL05-CE"
483640;2022-08-20;"sábado";"03:35:00";"BA";242;305;"IBIQUERA";"Ausência de reação do condutor";"Capotamento";"Com Vítimas Feridas";"Plena Noite";"Crescente";"Garoa/Chuvisco";"Simples";"Reta";"Não";2;0;0;1;0;1;1;1;-12,46965;-40,955258;"SPRF-BA";"DEL06-BA";"UOP02-DEL06-BA"
483641;2022-10-29;"sábado";"15:20:00";"PI";20;373;"MONSENHOR HIPOLITO";"Reação tardia ou ineficiente do condutor";"Saída de leito carroçável";"Com Vítimas Fatais";"Pleno dia";"Decrescente";"Céu Claro";"Simples";"Reta";"Sim";2;1;0;0;0;1;0;2;-6,7476642;-40,97482378;"SPRF-PI";"DEL04-PI";"UOP01-DEL04-PI"
483642;2022-10-29;"sábado";"16:00:00";"GO";50;105;"CRISTALINA";"Velocidade Incompatível";"Saída de leito carroçável";"Com Vítimas Feridas";"Pleno dia";"Crescente";"Céu Claro";"Dupla";"Retorno Regulamentado";"Não";1;0;1;0;0;0;1;1;-16,9309;-47,7117;"SPRF-DF";"DEL01-DF";"UOP02-DEL01-DF"
483644;2022-10-29;"sábado";"16:10:00";"ES";101;213,6;"IBIRACU";"Desrespeitar a preferência no cruzamento";"Colisão transversal";"Com Vítimas Feridas";"Pleno dia";"Decrescente";"Céu Claro";"Múltipla";"Retorno Regulamentado";"Sim";2;0;1;0;1;0;1;2;-19,82999127;-40,37211181;"SPRF-ES";"DEL02-ES";"UOP01-DEL02-ES"
483646;2022-10-29;"sábado";"13:00:00";"MG";381;505,5;"BETIM";"Condutor deixou de manter distância do veículo da frente";"Colisão traseira";"Com Vítimas Feridas";"Pleno dia";"Decrescente";"Sol";"Múltipla";"Aclive;Reta";"Sim";2;0;1;0;1;0;1;2;-20,04478441;-44,27276484;"SPRF-MG";"DEL01-MG";"UOP03-DEL01-MG"
483647;2022-10-29;"sábado";"15:58:00";"TO";153;679;"CARIRI DO TOCANTINS";"Condutor deixou de manter distância do veículo da frente";"Colisão traseira";"Com Vítimas Feridas";"Pleno dia";"Decrescente";"Céu Claro";"Simples";"Reta";"Não";2;0;1;0;1;0;1;2;-11,78176489;-49,11301313;"SPRF-TO";"DEL01-TO";"UOP02-DEL01-TO"
483648;2022-10-29;"sábado";"16:20:00";"ES";101;66;"SAO MATEUS";"Ingestão de álcool pelo condutor";"Colisão traseira";"Com Vítimas Feridas";"Anoitecer";"Decrescente";"Céu Claro";"Dupla";"Reta";"Sim";3;0;1;0;2;0;1;3;-18,7165195;-39,87436378;"SPRF-ES";"DEL04-ES";"UOP02-DEL04-ES"
483650;2022-10-29;"sábado";"16:45:00";"PI";316;1;"TERESINA";"Acesso irregular";"Colisão transversal";"Com Vítimas Feridas";"Pleno dia";"Crescente";"Sol";"Dupla";"Reta";"Sim";3;0;1;1;1;0;2;2;-5,12861853;-42,80706778;"SPRF-PI";"DEL01-PI";"UOP02-DEL01-PI"
483652;2022-10-29;"sábado";"14:30:00";"RS";293;346,5;"SANTANA DO LIVRAMENTO";"Reação tardia ou ineficiente do condutor";"Saída de leito carroçável";"Sem Vítimas";"Pleno dia";"Crescente";"Céu Claro";"Simples";"Interseção de Vias";"Não";2;0;0;0;2;0;0;1;-30,82520198;-55,58095799;"SPRF-RS";"DEL11-RS";"UOP01-DEL11-RS"
483654;2022-10-29;"sábado";"12:40:00";"PB";412;109,1;"SUME";"Acessar a via sem observar a presença dos outros veículos";"Colisão transversal";"Com Vítimas Feridas";"Pleno dia";"Decrescente";"Céu Claro";"Simples";"Interseção de Vias";"Sim";2;0;1;0;1;0;1;2;-7,675978;-36,884178;"SPRF-PB";"DEL02-PB";"UOP02-DEL02-PB"
483655;2022-10-29;"sábado";"15:00:00";"PB";412;111,9;"SUME";"Demais falhas mecânicas ou elétricas";"Saída de leito carroçável";"Com Vítimas Feridas";"Pleno dia";"Decrescente";"Céu Claro";"Simples";"Reta";"Não";1;0;1;0;0;0;1;1;-7,686819;-36,898468;"SPRF-PB";"DEL02-PB";"UOP02-DEL02-PB"
483656;2022-10-29;"sábado";"15:00:00";"RO";364;417;"JARU";"Avarias e/ou desgaste excessivo no pneu";"Saída de leito carroçável";"Com Vítimas Feridas";"Pleno dia";"Crescente";"Nublado";"Simples";"Reta";"Não";2;0;2;0;0;0;2;1;-10,49204616;-62,42765112;"SPRF-RO";"DEL03-RO";"UOP02-DEL03-RO"
483657;2022-10-29;"sábado";"14:30:00";"RO";364;609;"ITAPUA DO OESTE";"Acumulo de água sobre o pavimento";"Saída de leito carroçável";"Com Vítimas Feridas";"Pleno dia";"Decrescente";"Chuva";"Simples";"Reta";"Não";1;0;1;0;0;0;1;1;-9,16019387;-63,22032487;"SPRF-RO";"DEL01-RO";"UOP04-DEL01-RO"
483658;2022-10-29;"sábado";"15:35:00";"MG";40;800;"MATIAS BARBOSA";"Chuva";"Saída de leito carroçável";"Com Vítimas Feridas";"Pleno dia";"Crescente";"Chuva";"Dupla";"Curva";"Não";3;0;1;0;2;0;1;1;-21,83830804;-43,37465316;"SPRF-MG";"DEL05-MG";"UOP01-DEL05-MG"
483661;2022-10-21;"sexta-feira";"23:00:00";"BA";116;390;"SANTA BARBARA";"Demais falhas mecânicas ou elétricas";"Incêndio";"Sem Vítimas";"Plena Noite";"Crescente";"Céu Claro";"Dupla";"Reta";"Sim";1;0;0;0;1;0;0;1;-11,93748008;-38,97992849;"SPRF-BA";"DEL02-BA";"UOP01-DEL02-BA"
483662;2022-10-29;"sábado";"17:15:00";"PR";277;726;"FOZ DO IGUACU";"Velocidade Incompatível";"Saída de leito carroçável";"Com Vítimas Feridas";"Pleno dia";"Crescente";"Céu Claro";"Dupla";"Rotatória";"Sim";2;0;1;1;0;0;2;1;-25,5106015;-54,55481999;"SPRF-PR";"DEL05-PR";"UOP03-DEL05-PR"
483663;2022-10-29;"sábado";"16:10:00";"PI";343;187;"PIRIPIRI";"Velocidade Incompatível";"Saída de leito carroçável";"Com Vítimas Feridas";"Pleno dia";"Crescente";"Céu Claro";"Simples";"Reta";"Sim";1;0;1;0;0;0;1;1;-4,298594;-41,767929;"SPRF-PI";"DEL02-PI";"UOP01-DEL02-PI"
483665;2022-10-29;"sábado";"17:15:00";"GO";40;18;"LUZIANIA";"Ingestão de álcool pelo condutor";"Colisão traseira";"Sem Vítimas";"Pleno dia";"Crescente";"Céu Claro";"Dupla";"Aclive;Reta";"Sim";3;0;0;0;3;0;0;2;-16,19349;-47,925575;"SPRF-DF";"DEL01-DF";"UOP01-DEL01-DF"
483666;2022-10-29;"sábado";"17:10:00";"SC";470;9,9;"NAVEGANTES";"Acessar a via sem observar a presença dos outros veículos";"Colisão transversal";"Com Vítimas Feridas";"Pleno dia";"Crescente";"Nublado";"Simples";"Interseção de Vias";"Não";5;0;1;1;3;0;2;2;-26,833693;-48,73724;"SPRF-SC";"DEL04-SC";"UOP04-DEL04-SC"
483667;2022-10-29;"sábado";"16:40:00";"PR";476;132;"CURITIBA";"Deficiência do Sistema de Iluminação/Sinalização";"Colisão traseira";"Com Vítimas Feridas";"Anoitecer";"Crescente";"Garoa/Chuvisco";"Múltipla";"Interseção de Vias";"Sim";2;0;0;1;1;0;1;2;-25,460718;-49,250488;"SPRF-PR";"DEL01-PR";"UOP03-DEL01-PR"
483668;2022-10-29;"sábado";"16:08:00";"SP";381;1;"VARGEM";"Ingestão de álcool pelo condutor";"Colisão traseira";"Com Vítimas Feridas";"Pleno dia";"Crescente";"Céu Claro";"Dupla";"Reta";"Não";4;0;1;1;2;0;2;2;-22,88147;-46,381534;"SPRF-SP";"DEL03-SP";"UOP02-DEL03-SP"
483669;2022-10-29;"sábado";"16:05:00";"PR";277;36;"MORRETES";"Reação tardia ou ineficiente do condutor";"Saída de leito carroçável";"Com Vítimas Feridas";"Pleno dia";"Decrescente";"Garoa/Chuvisco";"Dupla";"Curva";"Não";2;0;1;0;1;0;1;1;-25,5585949;-48,80593311;"SPRF-PR";"DEL01-PR";"UOP05-DEL01-PR"
483670;2022-10-29;"sábado";"12:05:00";"SC";282;389;"JOACABA";"Velocidade Incompatível";"Tombamento";"Com Vítimas Feridas";"Pleno dia";"Crescente";"Chuva";"Dupla";"Reta";"Sim";1;0;1;0;0;0;1;1;-27,178604;-51,541367;"SPRF-SC";"DEL07-SC";"UOP05-DEL07-SC"
483673;2022-10-29;"sábado";"15:00:00";"SC";470;206,6;"PONTE ALTA";"Afundamento ou ondulação no pavimento";"Saída de leito carroçável";"Com Vítimas Feridas";"Pleno dia";"Crescente";"Céu Claro";"Simples";"Aclive";"Não";5;0;1;0;4;0;1;1;-27,294376;-50,184925;"SPRF-SC";"DEL05-SC";"UOP03-DEL05-SC"
483674;2022-10-29;"sábado";"17:49:00";"PR";277;704,5;"SAO MIGUEL DO IGUACU";"Ingestão de álcool pelo condutor";"Colisão transversal";"Sem Vítimas";"Pleno dia";"Crescente";"Nublado";"Dupla";"Reta";"Não";3;0;0;0;3;0;0;2;-25,42529621;-54,36142389;"SPRF-PR";"DEL05-PR";"UOP01-DEL05-PR"
483675;2022-10-29;"sábado";"17:20:00";"PB";230;70;"SOBRADO";"Manobra de mudança de faixa";"Colisão lateral mesmo sentido";"Com Vítimas Feridas";"Anoitecer";"Decrescente";"Nublado";"Dupla";"Retorno Regulamentado";"Não";4;0;2;0;1;1;2;3;-7,191557;-35,23509499;"SPRF-PB";"DEL01-PB";"UOP03-DEL01-PB"
483676;2022-10-29;"sábado";"17:20:00";"GO";70;24,5;"COCALZINHO DE GOIAS";"Acessar a via sem observar a presença dos outros veículos";"Colisão transversal";"Sem Vítimas";"Pleno dia";"Decrescente";"Chuva";"Dupla";"Retorno Regulamentado;Reta";"Sim";2;0;0;0;2;0;0;2;-15,74572886;-48,41063261;"SPRF-DF";"DEL03-DF";"UOP02-DEL03-DF"
483677;2022-10-29;"sábado";"18:15:00";"MG";40;565;"NOVA LIMA";"Animais na Pista";"Atropelamento de Animal";"Com Vítimas Feridas";"Plena Noite";"Decrescente";"Céu Claro";"Dupla";"Reta";"Não";5;0;0;1;4;0;1;2;-20,16985101;-43,96554788;"SPRF-MG";"DEL01-MG";"UOP02-DEL01-MG"
483678;2022-10-29;"sábado";"18:20:00";"SC";470;3;"NAVEGANTES";"Ausência de reação do condutor";"Colisão lateral mesmo sentido";"Com Vítimas Feridas";"Anoitecer";"Decrescente";"Nublado";"Dupla";"Reta";"Sim";2;0;1;0;1;0;1;2;-26,861937;-48,681618;"SPRF-SC";"DEL04-SC";"UOP04-DEL04-SC"
483679;2022-10-29;"sábado";"12:30:00";"PI";316;259;"IPIRANGA DO PIAUI";"Acessar a via sem observar a presença dos outros veículos";"Colisão transversal";"Com Vítimas Feridas";"Pleno dia";"Crescente";"Céu Claro";"Simples";"Reta";"Sim";3;0;0;1;2;0;1;2;-6,81961598;-41,73781153;"SPRF-PI";"DEL04-PI";"UOP02-DEL04-PI"
483680;2022-10-28;"sexta-feira";"23:00:00";"RS";293;107;"PINHEIRO MACHADO";"Reação tardia ou ineficiente do condutor";"Saída de leito carroçável";"Com Vítimas Feridas";"Plena Noite";"Decrescente";"Céu Claro";"Simples";"Reta";"Não";5;0;4;0;0;1;4;2;-31,570372;-53,383346;"SPRF-RS";"DEL11-RS";"UOP03-DEL11-RS"
483681;2022-10-29;"sábado";"18:50:00";"PB";230;349,2;"PATOS";"Demais falhas mecânicas ou elétricas";"Eventos atípicos";"Com Vítimas Feridas";"Plena Noite";"Crescente";"Céu Claro";"Simples";"Reta;Declive";"Não";3;0;1;1;0;1;2;2;-6,9632;-37,3615;"SPRF-PB";"DEL03-PB";"UOP01-DEL03-PB"
483682;2022-10-29;"sábado";"18:35:00";"PB";230;48;"SANTA RITA";"Ausência de reação do condutor";"Tombamento";"Com Vítimas Feridas";"Plena Noite";"Decrescente";"Céu Claro";"Dupla";"Reta";"Não";1;0;0;1;0;0;1;1;-7,174;-35,0397;"SPRF-PB";"DEL01-PB";"UOP03-DEL01-PB"
483683;2022-10-29;"sábado";"17:20:00";"BA";116;751;"POCOES";"Acessar a via sem observar a presença dos outros veículos";"Queda de ocupante de veículo";"Com Vítimas Feridas";"Pleno dia";"Decrescente";"Céu Claro";"Simples";"Curva";"Não";1;0;1;0;0;0;1;1;-14,436957;-40,352864;"SPRF-BA";"DEL08-BA";"UOP02-DEL08-BA"
483684;2022-10-29;"sábado";"17:20:00";"MG";262;801;"UBERABA";"Demais falhas mecânicas ou elétricas";"Tombamento";"Com Vítimas Feridas";"Pleno dia";"Decrescente";"Céu Claro";"Dupla";"Reta";"Não";2;0;2;0;0;0;2;1;-19,77920263;-47,955319;"SPRF-MG";"DEL13-MG";"UOP01-DEL13-MG"
483685;2022-10-29;"sábado";"17:45:00";"RJ";493;55;"DUQUE DE CAXIAS";"Demais falhas mecânicas ou elétricas";"Incêndio";"Sem Vítimas";"Anoitecer";"Crescente";"Céu Claro";"Dupla";"Reta";"Não";1;0;0;0;1;0;0;1;-22,662518;-43,344736;"SPRF-RJ";"DEL01-RJ";"UOP01-DEL01-RJ"
483686;2022-10-29;"sábado";"19:00:00";"GO";153;499;"GOIANIA";"Pedestre andava na pista";"Atropelamento de Pedestre";"Com Vítimas Feridas";"Plena Noite";"Decrescente";"Nublado";"Dupla";"Reta";"Sim";4;0;0;1;0;3;1;2;-16,7033;-49,2311;"SPRF-GO";"DEL01-GO";"UOP01-DEL01-GO"
483687;2022-10-29;"sábado";"19:18:00";"DF";20;19;"BRASILIA";"Transitar no acostamento";"Colisão traseira";"Com Vítimas Feridas";"Plena Noite";"Crescente";"Céu Claro";"Múltipla";"Reta";"Sim";2;0;1;0;1;0;1;2;-15,612175;-47,700928;"SPRF-DF";"DEL02-DF";"UOP01-DEL02-DF"
483689;2022-10-29;"sábado";"17:00:00";"MG";262;456;"NOVA SERRANA";"Ultrapassagem Indevida";"Saída de leito carroçável";"Sem Vítimas";"Anoitecer";"Decrescente";"Nublado";"Simples";"Reta";"Não";1;0;0;0;1;0;0;1;-19,84401343;-45,04068778;"SPRF-MG";"DEL08-MG";"UOP03-DEL08-MG"
483690;2022-10-29;"sábado";"18:37:00";"RO";425;142;"GUAJARA-MIRIM";"Reação tardia ou ineficiente do condutor";"Colisão traseira";"Com Vítimas Feridas";"Anoitecer";"Crescente";"Céu Claro";"Simples";"Interseção de Vias";"Sim";3;0;1;0;2;0;1;2;-10,76423442;-65,31590939;"SPRF-RO";"DEL01-RO";"UOP03-DEL01-RO"
483691;2022-10-29;"sábado";"19:20:00";"RJ";101;305;"SAO GONCALO";"Pedestre cruzava a pista fora da faixa";"Atropelamento de Pedestre";"Com Vítimas Fatais";"Plena Noite";"Crescente";"Céu Claro";"Dupla";"Reta";"Sim";2;1;0;0;1;0;0;2;-22,78702832;-42,99589293;"SPRF-RJ";"DEL02-RJ";"UOP02-DEL02-RJ"
483694;2022-10-29;"sábado";"16:15:00";"GO";153;316,5;"RIANAPOLIS";"Ingestão de álcool pelo condutor";"Saída de leito carroçável";"Com Vítimas Feridas";"Pleno dia";"Decrescente";"Céu Claro";"Simples";"Interseção de Vias";"Não";1;0;1;0;0;0;1;1;-15,435348;-49,510377;"SPRF-GO";"DEL02-GO";"UOP02-DEL02-GO"
483695;2022-10-29;"sábado";"20:00:00";"MG";50;18;"UBERLANDIA";"Acumulo de areia ou detritos sobre o pavimento";"Queda de ocupante de veículo";"Com Vítimas Feridas";"Plena Noite";"Crescente";"Céu Claro";"Simples";"Curva";"Não";1;0;0;1;0;0;1;1;-18,92796552;-48,19470406;"SPRF-MG";"DEL15-MG";"UOP01-DEL15-MG"
483696;2022-10-29;"sábado";"19:10:00";"SC";470;18,7;"ILHOTA";"Sinalização mal posicionada";"Saída de leito carroçável";"Com Vítimas Feridas";"Plena Noite";"Crescente";"Nublado";"Simples";"Em Obras";"Não";1;0;1;0;0;0;1;1;-26,862995;-48,814396;"SPRF-SC";"DEL04-SC";"UOP04-DEL04-SC"
483697;2022-10-29;"sábado";"18:00:00";"BA";415;48;"ITABUNA";"Ultrapassagem Indevida";"Colisão frontal";"Com Vítimas Feridas";"Anoitecer";"Crescente";"Nublado";"Simples";"Reta";"Sim";3;0;1;0;2;0;1;3;-14,81944502;-39,30470467;"SPRF-BA";"DEL05-BA";"UOP01-DEL05-BA"
483698;2022-10-29;"sábado";"20:20:00";"DF";20;32;"BRASILIA";"Pedestre andava na pista";"Atropelamento de Pedestre";"Com Vítimas Fatais";"Plena Noite";"Crescente";"Garoa/Chuvisco";"Dupla";"Reta";"Não";2;1;0;0;1;0;0;2;-15,58917;-47,582602;"SPRF-DF";"DEL02-DF";"UOP01-DEL02-DF"
483700;2022-10-29;"sábado";"20:30:00";"MG";40;523,8;"CONTAGEM";"Pedestre cruzava a pista fora da faixa";"Atropelamento de Pedestre";"Com Vítimas Feridas";"Plena Noite";"Decrescente";"Céu Claro";"Dupla";"Reta";"Sim";2;0;0;2;0;0;2;2;-19,86874894;-44,05962197;"SPRF-MG";"DEL01-MG";"UOP02-DEL01-MG"
483701;2022-10-29;"sábado";"15:00:00";"MG";381;323;"NOVA ERA";"Reação tardia ou ineficiente do condutor";"Colisão traseira";"Com Vítimas Feridas";"Pleno dia";"Decrescente";"Céu Claro";"Simples";"Reta";"Não";5;0;1;0;3;1;1;2;-19,74246209;-43,0198699;"SPRF-MG";"DEL03-MG";"UOP02-DEL03-MG"
483704;2022-10-29;"sábado";"19:30:00";"BA";110;298;"INHAMBUPE";"Transitar na contramão";"Colisão lateral sentido oposto";"Com Vítimas Feridas";"Plena Noite";"Crescente";"Céu Claro";"Simples";"Reta";"Não";1;0;1;0;0;0;1;1;-11,889702;-38,37543896;"SPRF-BA";"DEL01-BA";"UOP04-DEL01-BA"
483705;2022-10-29;"sábado";"18:40:00";"MT";163;839;"SINOP";"Transitar na contramão";"Colisão lateral sentido oposto";"Com Vítimas Fatais";"Plena Noite";"Decrescente";"Nublado";"Simples";"Reta";"Sim";4;1;1;0;2;0;1;3;-11,824517;-55,485719;"SPRF-MT";"DEL06-MT";"NPF/DEL06-MT"
483708;2022-10-29;"sábado";"21:00:00";"BA";324;614;"SALVADOR";"Ingestão de álcool pelo condutor";"Tombamento";"Com Vítimas Feridas";"Plena Noite";"Crescente";"Céu Claro";"Dupla";"Curva";"Sim";1;0;1;0;0;0;1;1;-12,8639793;-38,42370126;"SPRF-BA";"DEL01-BA";"UOP01-DEL01-BA"
483709;2022-10-29;"sábado";"21:25:00";"SC";101;193;"BIGUACU";"Reação tardia ou ineficiente do condutor";"Colisão com objeto";"Sem Vítimas";"Plena Noite";"Crescente";"Céu Claro";"Dupla";"Curva";"Sim";1;0;0;0;0;1;0;1;-27,489574;-48,655914;"SPRF-SC";"DEL01-SC";"UOP01-DEL01-SC"
483710;2022-10-29;"sábado";"20:30:00";"MA";316;264;"SANTA INES";"Velocidade Incompatível";"Queda de ocupante de veículo";"Com Vítimas Feridas";"Plena Noite";"Crescente";"Céu Claro";"Simples";"Reta";"Sim";1;0;0;1;0;0;1;1;-3,673308;-45,362946;"SPRF-MA";"DEL02-MA";"UOP01-DEL02-MA"
483711;2022-10-29;"sábado";"17:40:00";"PI";316;3;"TERESINA";"Mal súbito do condutor";"Saída de leito carroçável";"Com Vítimas Feridas";"Pleno dia";"Crescente";"Céu Claro";"Múltipla";"Curva";"Sim";2;0;0;2;0;0;2;1;-5,12826443;-42,79292384;"SPRF-PI";"DEL01-PI";"UOP02-DEL01-PI"
483712;2022-10-29;"sábado";"20:15:00";"SC";163;70;"SAO MIGUEL DO OESTE";"Ingestão de álcool pelo condutor";"Colisão com objeto";"Com Vítimas Feridas";"Plena Noite";"Decrescente";"Céu Claro";"Dupla";"Curva";"Sim";1;0;0;1;0;0;1;1;-26,73269447;-53,50989819;"SPRF-SC";"DEL07-SC";"UOP03-DEL07-SC"
483713;2022-10-29;"sábado";"21:00:00";"SP";116;169;"JACAREI";"Demais falhas mecânicas ou elétricas";"Incêndio";"Sem Vítimas";"Plena Noite";"Decrescente";"Chuva";"Dupla";"Reta";"Não";2;0;0;0;2;0;0;1;-23,307652;-46,045128;"SPRF-SP";"DEL02-SP";"UOP01-DEL02-SP"
483714;2022-10-29;"sábado";"21:05:00";"PE";101;45,4;"IGARASSU";"Ausência de reação do condutor";"Colisão traseira";"Com Vítimas Feridas";"Plena Noite";"Decrescente";"Chuva";"Múltipla";"Reta";"Sim";4;0;1;0;3;0;1;2;-7,86521297;-34,90715176;"SPRF-PE";"DEL01-PE";"UOP02-DEL01-PE"
483715;2022-10-29;"sábado";"18:30:00";"RJ";116;193;"NOVA IGUACU";"Animais na Pista";"Queda de ocupante de veículo";"Com Vítimas Feridas";"Plena Noite";"Decrescente";"Céu Claro";"Dupla";"Reta";"Sim";2;0;1;0;1;0;1;1;-22,73960178;-43,52859094;"SPRF-RJ";"DEL01-RJ";"UOP02-DEL01-RJ"
483716;2022-10-29;"sábado";"18:20:00";"PR";467;72,6;"TOLEDO";"Ingestão de álcool pelo condutor";"Saída de leito carroçável";"Com Vítimas Feridas";"Anoitecer";"Decrescente";"Céu Claro";"Dupla";"Reta";"Não";1;0;1;0;0;0;1;1;-24,72589271;-53,7046675;"SPRF-PR";"DEL04-PR";"UOP01-DEL04-PR"
483717;2022-10-29;"sábado";"19:10:00";"MG";40;794;"JUIZ DE FORA";"Ausência de reação do condutor";"Queda de ocupante de veículo";"Com Vítimas Feridas";"Plena Noite";"Crescente";"Garoa/Chuvisco";"Dupla";"Curva";"Não";2;0;1;0;1;0;1;1;-21,79926451;-43,40729012;"SPRF-MG";"DEL05-MG";"UOP01-DEL05-MG"
483718;2022-10-29;"sábado";"20:20:00";"MT";163;1033;"MATUPA";"Ausência de reação do condutor";"Colisão traseira";"Com Vítimas Feridas";"Pleno dia";"Decrescente";"Nublado";"Simples";"Reta";"Não";3;0;1;0;2;0;1;2;-10,216803;-54,96795;"SPRF-MT";"DEL06-MT";"UOP03-DEL06-MT"
483720;2022-10-29;"sábado";"21:35:00";"SC";101;40;"JOINVILLE";"Condutor Dormindo";"Queda de ocupante de veículo";"Com Vítimas Feridas";"Plena Noite";"Crescente";"Nublado";"Dupla";"Reta;Aclive";"Não";1;0;1;0;0;0;1;1;-26,27176094;-48,89468382;"SPRF-SC";"DEL03-SC";"UOP01-DEL03-SC"
483721;2022-10-29;"sábado";"21:30:00";"SC";282;4,6;"FLORIANOPOLIS";"Frear bruscamente";"Colisão com objeto";"Sem Vítimas";"Plena Noite";"Decrescente";"Céu Claro";"Dupla";"Declive";"Sim";1;0;0;0;1;0;0;1;-27,592646;-48,604034;"SPRF-SC";"DEL01-SC";"UOP01-DEL01-SC"
483722;2022-10-29;"sábado";"21:55:00";"ES";101;261,2;"SERRA";"Manobra de mudança de faixa";"Colisão lateral mesmo sentido";"Com Vítimas Feridas";"Plena Noite";"Crescente";"Nublado";"Simples";"Reta;Aclive";"Não";2;0;1;0;1;0;1;2;-20,14616415;-40,28836206;"SPRF-ES";"DEL02-ES";"UOP01-DEL02-ES"
483723;2022-10-29;"sábado";"19:43:00";"SC";470;54;"BLUMENAU";"Reação tardia ou ineficiente do condutor";"Saída de leito carroçável";"Sem Vítimas";"Plena Noite";"Decrescente";"Céu Claro";"Simples";"Reta";"Sim";1;0;0;0;0;1;0;1;-26,871065;-49,110374;"SPRF-SC";"DEL04-SC";"UOP01-DEL04-SC"
483724;2022-10-29;"sábado";"21:39:00";"PE";101;66;"RECIFE";"Animais na Pista";"Atropelamento de Animal";"Com Vítimas Feridas";"Plena Noite";"Decrescente";"Céu Claro";"Dupla";"Reta";"Sim";2;0;2;0;0;0;2;1;-8,03368534;-34,94184125;"SPRF-PE";"DEL01-PE";"UOP01-DEL01-PE"
483725;2022-10-29;"sábado";"22:00:00";"SC";101;48;"JOINVILLE";"Ingestão de álcool pelo condutor";"Saída de leito carroçável";"Com Vítimas Feridas";"Plena Noite";"Crescente";"Nublado";"Dupla";"Curva";"Não";1;0;1;0;0;0;1;1;-26,35345909;-48,85867862;"SPRF-SC";"DEL03-SC";"UOP01-DEL03-SC"
483726;2022-10-29;"sábado";"22:15:00";"SP";116;85;"PINDAMONHANGABA";"Ausência de reação do condutor";"Colisão traseira";"Com Vítimas Feridas";"Plena Noite";"Crescente";"Nublado";"Dupla";"Reta";"Não";2;0;1;0;1;0;1;2;-22,92211829;-45,34450085;"SPRF-SP";"DEL08-SP";"UOP01-DEL08-SP"
483727;2022-10-29;"sábado";"19:30:00";"SC";280;128,3;"RIO NEGRINHO";"Desrespeitar a preferência no cruzamento";"Colisão transversal";"Com Vítimas Feridas";"Plena Noite";"Decrescente";"Céu Claro";"Simples";"Reta;Interseção de Vias;Declive";"Sim";6;0;0;2;2;2;2;3;-26,25322069;-49,52970386;"SPRF-SC";"DEL06-SC";"UOP03-DEL06-SC"