"id";"data_inversa";"dia_semana";"horario";"uf";"br";"km";"municipio";"causa_acidente";"tipo_acidente";"classificacao_acidente";"fase_dia";"sentido_via";"condicao_metereologica";"tipo_pista";"tracado_via";"uso_solo";"pessoas";"mortos";"feridos_leves";"feridos_graves";"ilesos";"ignorados";"feridos";"veiculos";"latitude";"longitude";"regional";"delegacia";"uop"
483728;2022-10-29;"sábado";"20:00:00";"SP";116;566;"BARRA DO TURVO";"Reação tardia ou ineficiente do condutor";"Capotamento";"Com Vítimas Feridas";"Plena Noite";"Crescente";"Chuva";"Simples";"Curva";"Não";2;0;1;0;1;0;1;1;-25,041697;-48,549812;"SPRF-SP";"DEL05-SP";"UOP02-DEL05-SP"
483730;2022-10-29;"sábado";"21:15:00";"SC";101;162;"PORTO BELO";"Reação tardia ou ineficiente do condutor";"Colisão com objeto";"Com Vítimas Feridas";"Plena Noite";"Crescente";"Nublado";"Dupla";"Reta";"Não";1;0;1;0;0;0;1;1;-27,21860648;-48,62572968;"SPRF-SC";"DEL04-SC";"UOP03-DEL04-SC"
483731;2022-10-29;"sábado";"22:07:00";"ES";101;337,4;"GUARAPARI";"Obras na pista";"Colisão com objeto";"Com Vítimas Feridas";"Plena Noite";"Crescente";"Nublado";"Simples";"Curva";"Não";1;0;0;1;0;0;1;1;-20,63575379;-40,54199324;"SPRF-ES";"DEL03-ES";"UOP01-DEL03-ES"
483733;2022-10-29;"sábado";"21:15:00";"GO";60;210,4;"VARJAO";"Acessar a via sem observar a presença dos outros veículos";"Colisão traseira";"Sem Vítimas";"Plena Noite";"Crescente";"Céu Claro";"Dupla";"Curva";"Não";3;0;0;0;1;2;0;3;-16,95341452;-49,68615359;"SPRF-GO";"DEL01-GO";"UOP02-DEL01-GO"
483734;2022-10-29;"sábado";"20:00:00";"RN";101;2;"TOUROS";"Animais na Pista";"Atropelamento de Animal";"Com Vítimas Feridas";"Plena Noite";"Crescente";"Céu Claro";"Simples";"Reta";"Não";3;0;2;1;0;0;3;2;-5,17337555;-35,50747185;"SPRF-RN";"DEL02-RN";"UOP01-DEL02-RN"
483735;2022-10-29;"sábado";"22:30:00";"SP";116;282,5;"EMBU DAS ARTES";"Ausência de reação do condutor";"Colisão com objeto";"Sem Vítimas";"Plena Noite";"Crescente";"Nublado";"Dupla";"Reta";"Não";1;0;0;0;1;0;0;1;-23,68570216;-46,85970975;"SPRF-SP";"DEL04-SP";"UOP01-DEL04-SP"
483736;2022-10-29;"sábado";"21:00:00";"SC";116;57,6;"PAPANDUVA";"Ultrapassagem Indevida";"Saída de leito carroçável";"Sem Vítimas";"Plena Noite";"Decrescente";"Nublado";"Simples";"Reta";"Não";3;0;0;0;3;0;0;1;-26,38204782;-50,18999277;"SPRF-SC";"DEL06-SC";"UOP02-DEL06-SC"
483737;2022-10-29;"sábado";"22:40:00";"BA";324;617;"SALVADOR";"Ausência de sinalização";"Colisão traseira";"Com Vítimas Feridas";"Plena Noite";"Decrescente";"Nublado";"Múltipla";"Reta";"Sim";4;0;1;0;3;0;1;2;-12,8860325;-38,43806469;"SPRF-BA";"DEL01-BA";"UOP01-DEL01-BA"
483738;2022-10-29;"sábado";"21:49:00";"PE";101;2,8;"JABOATAO DOS GUARARAPES";"Transitar na contramão";"Colisão transversal";"Com Vítimas Fatais";"Plena Noite";"Crescente";"Céu Claro";"Simples";"Reta";"Sim";2;1;0;0;1;0;0;2;-8,11208;-35,0154;"SPRF-PE";"DEL01-PE";"UOP01-DEL01-PE"
483739;2022-10-29;"sábado";"22:15:00";"RJ";101;400;"ITAGUAI";"Pedestre cruzava a pista fora da faixa";"Atropelamento de Pedestre";"Com Vítimas Feridas";"Plena Noite";"Decrescente";"Céu Claro";"Dupla";"Reta";"Sim";3;0;0;1;0;2;1;2;-22,8483707;-43,76952338;"SPRF-RJ";"DEL03-RJ";"UOP01-DEL03-RJ"
483740;2022-10-29;"sábado";"20:40:00";"AC";317;237;"XAPURI";"Pista esburacada";"Queda de ocupante de veículo";"Com Vítimas Feridas";"Plena Noite";"Decrescente";"Ignorado";"Simples";"Reta";"Não";1;0;1;0;0;0;1;1;-10,71337672;-68,4217821;"SPRF-AC";"DEL01-AC";"UOP02-DEL01-AC"
483741;2022-10-29;"sábado";"22:30:00";"BA";116;791;"PLANALTO";"Velocidade Incompatível";"Colisão traseira";"Com Vítimas Feridas";"Plena Noite";"Crescente";"Céu Claro";"Simples";"Reta";"Não";1;0;1;0;0;0;1;1;-14,68084044;-40,5238199;"SPRF-BA";"DEL08-BA";"UOP02-DEL08-BA"
483742;2022-10-29;"sábado";"23:00:00";"MG";354;705;"CAXAMBU";"Curva acentuada";"Colisão frontal";"Com Vítimas Feridas";"Plena Noite";"Crescente";"Chuva";"Simples";"Curva";"Sim";4;0;2;2;0;0;4;2;-21,99205276;-44,9251702;"SPRF-MG";"DEL17-MG";"UOP01-DEL17-MG"
483744;2022-10-29;"sábado";"17:25:00";"SC";101;14;"GARUVA";"Ingestão de álcool pelo condutor";"Queda de ocupante de veículo";"Com Vítimas Feridas";"Pleno dia";"Crescente";"Chuva";"Dupla";"Reta";"Não";1;0;1;0;0;0;1;1;-26,09803515;-48,86773972;"SPRF-SC";"DEL03-SC";"UOP01-DEL03-SC"
483745;2022-10-29;"sábado";"20:10:00";"RJ";101;578;"PARATY";"Animais na Pista";"Atropelamento de Animal";"Com Vítimas Feridas";"Plena Noite";"Decrescente";"Nublado";"Simples";"Reta";"Sim";2;0;1;1;0;0;2;1;-23,23539058;-44,71182799;"SPRF-RJ";"DEL03-RJ";"UOP02-DEL03-RJ"
483747;2022-10-29;"sábado";"21:00:00";"RO";364;710;"PORTO VELHO";"Acessar a via sem observar a presença dos outros veículos";"Colisão transversal";"Com Vítimas Feridas";"Plena Noite";"Decrescente";"Céu Claro";"Dupla";"Reta";"Sim";3;0;0;2;1;0;2;2;-8,78621576;-63,85712687;"SPRF-RO";"DEL01-RO";"UOP01-DEL01-RO"
483748;2022-10-29;"sábado";"23:54:00";"SC";101;134;"BALNEARIO CAMBORIU";"Reação tardia ou ineficiente do condutor";"Colisão com objeto";"Com Vítimas Feridas";"Plena Noite";"Crescente";"Nublado";"Múltipla";"Reta";"Sim";1;0;1;0;0;0;1;1;-27,00218;-48,636433;"SPRF-SC";"DEL04-SC";"UOP03-DEL04-SC"
483750;2022-10-29;"sábado";"23:00:00";"MG";381;938,1;"EXTREMA";"Reação tardia ou ineficiente do condutor";"Saída de leito carroçável";"Sem Vítimas";"Plena Noite";"Decrescente";"Chuva";"Dupla";"Reta";"Não";1;0;0;0;1;0;0;1;-22,83909203;-46,32850893;"SPRF-MG";"DEL16-MG";"UOP03-DEL16-MG"
483751;2022-10-29;"sábado";"23:15:00";"RJ";116;144;"DUQUE DE CAXIAS";"Condutor Dormindo";"Colisão com objeto";"Com Vítimas Feridas";"Plena Noite";"Decrescente";"Céu Claro";"Múltipla";"Reta";"Sim";3;0;0;1;0;2;1;2;-22,67217444;-43,28495264;"SPRF-RJ";"DEL01-RJ";"UOP01-DEL01-RJ"
483753;2022-10-30;"domingo";"00:40:00";"GO";153;434;"ANAPOLIS";"Avarias e/ou desgaste excessivo no pneu";"Colisão com objeto";"Sem Vítimas";"Plena Noite";"Crescente";"Céu Claro";"Dupla";"Declive;Reta";"Sim";1;0;0;0;0;1;0;1;-16,275604;-48,967766;"SPRF-GO";"DEL02-GO";"UOP01-DEL02-GO"
483754;2022-10-29;"sábado";"22:00:00";"MA";135;225,9;"PERITORO";"Transitar na contramão";"Colisão frontal";"Com Vítimas Feridas";"Plena Noite";"Decrescente";"Céu Claro";"Simples";"Curva";"Sim";2;0;1;1;0;0;2;2;-4,380823;-44,339688;"SPRF-MA";"DEL03-MA";"UOP01-DEL03-MA"
483755;2022-10-29;"sábado";"23:29:00";"RJ";101;313;"SAO GONCALO";"Ultrapassagem Indevida";"Queda de ocupante de veículo";"Com Vítimas Feridas";"Plena Noite";"Decrescente";"Céu Claro";"Dupla";"Reta";"Sim";1;0;1;0;0;0;1;1;-22,81049093;-43,06983304;"SPRF-RJ";"DEL02-RJ";"UOP02-DEL02-RJ"
483757;2022-10-30;"domingo";"00:45:00";"SP";381;61;"MAIRIPORA";"Ausência de reação do condutor";"Colisão com objeto";"Sem Vítimas";"Plena Noite";"Crescente";"Chuva";"Dupla";"Curva";"Não";1;0;0;0;1;0;0;1;-23,29011611;-46,5800681;"SPRF-SP";"DEL03-SP";"UOP01-DEL03-SP"
483758;2022-10-30;"domingo";"00:20:00";"MG";50;178;"UBERABA";"Condutor deixou de manter distância do veículo da frente";"Colisão traseira";"Com Vítimas Feridas";"Plena Noite";"Crescente";"Chuva";"Dupla";"Reta";"Sim";2;0;0;1;0;1;1;2;-19,77896821;-47,94093599;"SPRF-MG";"DEL13-MG";"UOP01-DEL13-MG"
483759;2022-10-31;"segunda-feira";"00:01:00";"PB";230;324;"QUIXABA";"Ausência de reação do condutor";"Saída de leito carroçável";"Com Vítimas Feridas";"Plena Noite";"Crescente";"Céu Claro";"Simples";"Reta";"Não";1;0;1;0;0;0;1;1;-6,9868;-37,1796;"SPRF-PB";"DEL03-PB";"UOP01-DEL03-PB"
483763;2022-10-29;"sábado";"23:10:00";"MT";174;3;"PONTES E LACERDA";"Ingestão de álcool pelo condutor";"Colisão traseira";"Sem Vítimas";"Plena Noite";"Decrescente";"Céu Claro";"Simples";"Curva";"Sim";1;0;0;0;1;0;0;1;-15,24158994;-59,33445331;"SPRF-MT";"DEL04-MT";"UOP01-DEL04-MT"
483764;2022-10-30;"domingo";"01:45:00";"RJ";101;67;"CAMPOS DOS GOYTACAZES";"Velocidade Incompatível";"Tombamento";"Com Vítimas Feridas";"Plena Noite";"Decrescente";"Céu Claro";"Simples";"Rotatória";"Sim";1;0;1;0;0;0;1;1;-21,76751094;-41,34876249;"SPRF-RJ";"DEL08-RJ";"UOP02-DEL08-RJ"
483765;2022-10-30;"domingo";"00:00:00";"RO";319;59;"PORTO VELHO";"Condutor deixou de manter distância do veículo da frente";"Colisão traseira";"Sem Vítimas";"Plena Noite";"Decrescente";"Céu Claro";"Dupla";"Reta";"Sim";3;0;0;0;3;0;0;2;-8,73967002;-63,88963815;"SPRF-RO";"DEL01-RO";"UOP01-DEL01-RO"
483768;2022-10-30;"domingo";"01:50:00";"RS";470;164,9;"VILA FLORES";"Reação tardia ou ineficiente do condutor";"Colisão traseira";"Com Vítimas Feridas";"Plena Noite";"Decrescente";"Nublado";"Simples";"Reta;Aclive";"Não";2;0;1;0;1;0;1;2;-28,83636107;-51,57443006;"SPRF-RS";"DEL06-RS";"UOP02-DEL06-RS"
483769;2022-10-30;"domingo";"02:10:00";"GO";40;19;"LUZIANIA";"Ingestão de álcool pelo condutor";"Saída de leito carroçável";"Sem Vítimas";"Plena Noite";"Crescente";"Céu Claro";"Dupla";"Reta";"Sim";1;0;0;0;0;1;0;1;-16,201556;-47,921314;"SPRF-DF";"DEL01-DF";"UOP01-DEL01-DF"
483770;2022-10-30;"domingo";"01:45:00";"PR";369;185;"ARAPONGAS";"Condutor Dormindo";"Saída de leito carroçável";"Com Vítimas Feridas";"Plena Noite";"Crescente";"Céu Claro";"Simples";"Curva";"Sim";2;0;1;0;1;0;1;1;-23,4065458;-51,42828941;"SPRF-PR";"DEL07-PR";"UOP03-DEL07-PR"
483771;2022-10-30;"domingo";"01:55:00";"MG";50;40;"ARAGUARI";"Mal súbito do condutor";"Colisão com objeto";"Com Vítimas Feridas";"Plena Noite";"Crescente";"Céu Claro";"Simples";"Reta";"Não";1;0;1;0;0;0;1;1;-18,673214;-48,177773;"SPRF-MG";"DEL15-MG";"UOP02-DEL15-MG"
483772;2022-10-29;"sábado";"22:10:00";"PR";277;210;"TEIXEIRA SOARES";"Reação tardia ou ineficiente do condutor";"Saída de leito carroçável";"Sem Vítimas";"Plena Noite";"Crescente";"Nevoeiro/Neblina";"Simples";"Curva";"Não";1;0;0;0;1;0;0;1;-25,4645631;-50,3608052;"SPRF-PR";"DEL08-PR";"UOP02-DEL08-PR"
483773;2022-10-30;"domingo";"01:40:00";"CE";222;3,1;"FORTALEZA";"Ingestão de álcool pelo condutor";"Colisão traseira";"Sem Vítimas";"Plena Noite";"Crescente";"Céu Claro";"Dupla";"Reta";"Sim";2;0;0;0;2;0;0;2;-3,7403769;-38,59569202;"SPRF-CE";"DEL01-CE";"UOP01-DEL01-CE"
483774;2022-10-30;"domingo";"01:20:00";"CE";222;2,8;"FORTALEZA";"Condutor deixou de manter distância do veículo da frente";"Colisão traseira";"Com Vítimas Feridas";"Plena Noite";"Decrescente";"Nublado";"Múltipla";"Reta;Interseção de Vias";"Sim";3;0;2;0;1;0;2;2;-3,73911117;-38,58687498;"SPRF-CE";"DEL01-CE";"UOP01-DEL01-CE"
483775;2022-10-30;"domingo";"01:10:00";"MG";40;42,5;"PARACATU";"Reação tardia ou ineficiente do condutor";"Colisão com objeto";"Sem Vítimas";"Plena Noite";"Decrescente";"Nublado";"Simples";"Curva";"Sim";4;0;0;0;0;4;0;2;-17,2188441;-46,8666753;"SPRF-MG";"DEL14-MG";"UOP01-DEL14-MG"
483776;2022-10-30;"domingo";"02:30:00";"RS";116;397;"CAMAQUA";"Desrespeitar a preferência no cruzamento";"Colisão transversal";"Sem Vítimas";"Plena Noite";"Crescente";"Céu Claro";"Simples";"Rotatória";"Não";2;0;0;0;2;0;0;2;-30,85668978;-51,7840381;"SPRF-RS";"DEL02-RS";"UOP02-DEL02-RS"
483778;2022-10-30;"domingo";"01:00:00";"SC";101;137;"BALNEARIO CAMBORIU";"Pedestre andava na pista";"Atropelamento de Pedestre";"Com Vítimas Feridas";"Plena Noite";"Crescente";"Céu Claro";"Dupla";"Reta";"Não";3;0;0;1;1;1;1;3;-27,0157238;-48,61192763;"SPRF-SC";"DEL04-SC";"UOP03-DEL04-SC"
483779;2022-10-29;"sábado";"22:35:00";"MA";316;550,7;"CAXIAS";"Reação tardia ou ineficiente do condutor";"Saída de leito carroçável";"Com Vítimas Feridas";"Plena Noite";"Decrescente";"Céu Claro";"Simples";"Reta";"Sim";1;0;1;0;0;0;1;1;-4,886773;-43,362507;"SPRF-MA";"DEL03-MA";"UOP02-DEL03-MA"
483780;2022-10-30;"domingo";"03:00:00";"SP";116;38;"CACHOEIRA PAULISTA";"Acumulo de água sobre o pavimento";"Colisão com objeto";"Sem Vítimas";"Plena Noite";"Decrescente";"Chuva";"Dupla";"Reta";"Não";4;0;0;0;1;3;0;2;-22,67026579;-44,99183604;"SPRF-SP";"DEL08-SP";"UOP02-DEL08-SP"
483781;2022-10-30;"domingo";"02:20:00";"PR";369;80,8;"CORNELIO PROCOPIO";"Ausência de reação do condutor";"Colisão frontal";"Com Vítimas Fatais";"Plena Noite";"Decrescente";"Nevoeiro/Neblina";"Simples";"Curva";"Não";2;1;1;0;0;0;1;2;-23,14436538;-50,58955193;"SPRF-PR";"DEL07-PR";"UOP05-DEL07-PR"
483782;2022-10-30;"domingo";"01:30:00";"PR";277;376,8;"GUARAPUAVA";"Transitar na contramão";"Colisão frontal";"Com Vítimas Fatais";"Plena Noite";"Crescente";"Nublado";"Simples";"Reta";"Não";41;1;1;0;39;0;1;2;-25,40828607;-51,70201699;"SPRF-PR";"DEL08-PR";"UOP01-DEL08-PR"
483783;2022-10-29;"sábado";"23:20:00";"RN";304;183;"ANGICOS";"Pedestre andava na pista";"Atropelamento de Pedestre";"Com Vítimas Fatais";"Plena Noite";"Decrescente";"Céu Claro";"Simples";"Reta";"Não";3;1;0;0;2;0;0;2;-5,6901045;-36,31102799;"SPRF-RN";"DEL01-RN";"UOP03-DEL01-RN"
483784;2022-10-30;"domingo";"03:45:00";"PR";277;665;"MEDIANEIRA";"Ingestão de substâncias psicoativas pelo condutor";"Saída de leito carroçável";"Com Vítimas Fatais";"Plena Noite";"Decrescente";"Garoa/Chuvisco";"Dupla";"Declive;Reta";"Não";1;1;0;0;0;0;0;1;-25,25599605;-54,03772597;"SPRF-PR";"DEL05-PR";"UOP02-DEL05-PR"
483785;2022-10-30;"domingo";"04:30:00";"MG";40;698,5;"BARBACENA";"Velocidade Incompatível";"Colisão traseira";"Com Vítimas Feridas";"Plena Noite";"Crescente";"Chuva";"Simples";"Curva;Declive";"Não";5;0;3;0;2;0;3;2;-21,19336341;-43,75117513;"SPRF-MG";"DEL05-MG";"UOP02-DEL05-MG"
483786;2022-10-30;"domingo";"04:15:00";"SC";282;605;"MARAVILHA";"Ausência de reação do condutor";"Colisão com objeto";"Com Vítimas Feridas";"Plena Noite";"Decrescente";"Nublado";"Simples";"Ponte";"Sim";1;0;1;0;0;0;1;1;-26,786951;-53,195248;"SPRF-SC";"DEL07-SC";"UOP02-DEL07-SC"
483788;2022-10-30;"domingo";"04:25:00";"RS";116;362;"TAPES";"Ingestão de álcool pelo condutor";"Saída de leito carroçável";"Com Vítimas Feridas";"Plena Noite";"Crescente";"Céu Claro";"Dupla";"Reta";"Não";2;0;0;2;0;0;2;1;-30,63994236;-51,55691954;"SPRF-RS";"DEL02-RS";"UOP02-DEL02-RS"
483789;2022-10-30;"domingo";"03:15:00";"RJ";493;4;"ITABORAI";"Ausência de reação do condutor";"Tombamento";"Com Vítimas Feridas";"Plena Noite";"Crescente";"Nublado";"Simples";"Reta";"Não";1;0;0;1;0;0;1;1;-22,74828913;-42,9500441;"SPRF-RJ";"DEL02-RJ";"UOP02-DEL02-RJ"
483790;2022-10-30;"domingo";"04:55:00";"SP";116;72,5;"APARECIDA";"Pedestre andava na pista";"Atropelamento de Pedestre";"Com Vítimas Fatais";"Amanhecer";"Crescente";"Nublado";"Múltipla";"Aclive";"Não";2;1;0;0;1;0;0;2;-22,865328;-45,24003809;"SPRF-SP";"DEL08-SP";"UOP01-DEL08-SP"
483791;2022-10-30;"domingo";"04:50:00";"SP";153;41;"NOVA GRANADA";"Reação tardia ou ineficiente do condutor";"Saída de leito carroçável";"Com Vítimas Feridas";"Amanhecer";"Decrescente";"Nublado";"Simples";"Aclive;Reta";"Sim";2;0;2;0;0;0;2;1;-20,62848304;-49,33623886;"SPRF-SP";"DEL09-SP";"UOP01-DEL09-SP"
483792;2022-10-30;"domingo";"04:00:00";"RJ";101;224;"SILVA JARDIM";"Condutor Dormindo";"Saída de leito carroçável";"Com Vítimas Feridas";"Plena Noite";"Crescente";"Céu Claro";"Dupla";"Reta";"Não";1;0;1;0;0;0;1;1;-22,53147198;-42,34340586;"SPRF-RJ";"DEL02-RJ";"UOP03-DEL02-RJ"
483794;2022-10-30;"domingo";"04:00:00";"SP";116;329;"JUQUITIBA";"Velocidade Incompatível";"Colisão com objeto";"Com Vítimas Feridas";"Plena Noite";"Decrescente";"Nublado";"Dupla";"Reta";"Não";2;0;2;0;0;0;2;1;-23,93981788;-47,08868406;"SPRF-SP";"DEL04-SP";"UOP03-DEL04-SP"
483795;2022-10-30;"domingo";"00:30:00";"SC";101;317,2;"PESCARIA BRAVA";"Ingestão de álcool pelo condutor";"Saída de leito carroçável";"Com Vítimas Feridas";"Plena Noite";"Crescente";"Céu Claro";"Dupla";"Reta";"Sim";2;0;1;0;0;1;1;2;-28,42884521;-48,86929035;"SPRF-SC";"DEL02-SC";"UOP01-DEL02-SC"
483796;2022-10-29;"sábado";"21:30:00";"GO";153;656;"GOIATUBA";"Acumulo de água sobre o pavimento";"Tombamento";"Com Vítimas Feridas";"Plena Noite";"Crescente";"Chuva";"Dupla";"Curva";"Não";1;0;1;0;0;0;1;1;-18,019;-49,2635;"SPRF-GO";"DEL03-GO";"UOP01-DEL03-GO"
483797;2022-10-30;"domingo";"05:08:00";"PI";316;307;"PICOS";"Condutor Dormindo";"Saída de leito carroçável";"Com Vítimas Feridas";"Pleno dia";"Decrescente";"Céu Claro";"Simples";"Reta";"Não";1;0;0;1;0;0;1;1;-7,07827269;-41,50174881;"SPRF-PI";"DEL04-PI";"UOP01-DEL04-PI"
483798;2022-10-30;"domingo";"05:00:00";"SP";116;1;"QUELUZ";"Ausência de reação do condutor";"Colisão traseira";"Com Vítimas Feridas";"Amanhecer";"Decrescente";"Céu Claro";"Dupla";"Reta";"Não";2;0;2;0;0;0;2;2;-22,51857322;-44,70793587;"SPRF-SP";"DEL08-SP";"UOP02-DEL08-SP"
483799;2022-10-30;"domingo";"04:30:00";"BA";407;56;"JUAZEIRO";"Ingestão de álcool pelo condutor";"Colisão traseira";"Com Vítimas Feridas";"Plena Noite";"Crescente";"Céu Claro";"Simples";"Reta";"Não";2;0;0;1;1;0;1;2;-9,86387507;-40,29102414;"SPRF-BA";"DEL04-BA";"UOP01-DEL04-BA"
483800;2022-10-30;"domingo";"05:50:00";"RN";101;81;"NATAL";"Condutor Dormindo";"Colisão traseira";"Sem Vítimas";"Amanhecer";"Decrescente";"Céu Claro";"Dupla";"Reta";"Sim";2;0;0;0;2;0;0;2;-5,76469466;-35,28295988;"SPRF-RN";"DEL02-RN";"UOP01-DEL02-RN"
483801;2022-10-30;"domingo";"04:30:00";"TO";153;308;"GUARAI";"Reação tardia ou ineficiente do condutor";"Colisão com objeto";"Sem Vítimas";"Amanhecer";"Crescente";"Céu Claro";"Simples";"Reta";"Não";2;0;0;0;2;0;0;1;-8,60554704;-48,48158619;"SPRF-TO";"DEL02-TO";"UOP02-DEL02-TO"
483802;2022-10-30;"domingo";"01:00:00";"PR";376;619;"SAO JOSE DOS PINHAIS";"Ingestão de álcool pelo condutor";"Colisão transversal";"Sem Vítimas";"Plena Noite";"Crescente";"Nublado";"Simples";"Reta";"Sim";2;0;0;0;1;1;0;2;-25,60034699;-49,17355691;"SPRF-PR";"DEL01-PR";"UOP04-DEL01-PR"
483803;2022-10-30;"domingo";"06:10:00";"RS";116;242;"SAO LEOPOLDO";"Reação tardia ou ineficiente do condutor";"Saída de leito carroçável";"Sem Vítimas";"Amanhecer";"Decrescente";"Céu Claro";"Dupla";"Reta";"Sim";1;0;0;0;0;1;0;1;-29,72297087;-51,14858729;"SPRF-RS";"DEL01-RS";"UOP02-DEL01-RS"
483804;2022-10-30;"domingo";"06:00:00";"BA";324;579;"CANDEIAS";"Condutor Dormindo";"Capotamento";"Com Vítimas Feridas";"Pleno dia";"Decrescente";"Céu Claro";"Dupla";"Reta";"Não";1;0;1;0;0;0;1;1;-12,5942506;-38,51640271;"SPRF-BA";"DEL01-BA";"UOP01-DEL01-BA"
483805;2022-10-30;"domingo";"05:50:00";"RS";392;18,8;"RIO GRANDE";"Animais na Pista";"Atropelamento de Animal";"Sem Vítimas";"Amanhecer";"Crescente";"Céu Claro";"Dupla";"Reta";"Sim";1;0;0;0;1;0;0;1;-32,09017991;-52,17651198;"SPRF-RS";"DEL07-RS";"UOP02-DEL07-RS"
483807;2022-10-30;"domingo";"05:30:00";"SC";282;581;"PINHALZINHO";"Pedestre andava na pista";"Atropelamento de Pedestre";"Com Vítimas Feridas";"Amanhecer";"Decrescente";"Nublado";"Dupla";"Reta";"Não";5;0;1;0;4;0;1;2;-26,828749;-52,997929;"SPRF-SC";"DEL07-SC";"UOP02-DEL07-SC"
483808;2022-10-27;"quinta-feira";"00:10:00";"RJ";101;310;"SAO GONCALO";"Demais falhas mecânicas ou elétricas";"Queda de ocupante de veículo";"Com Vítimas Feridas";"Plena Noite";"Decrescente";"Céu Claro";"Simples";"Reta";"Sim";2;0;2;0;0;0;2;1;-22,79717023;-43,04404993;"SPRF-RJ";"DEL02-RJ";"UOP02-DEL02-RJ"
483810;2022-10-30;"domingo";"04:30:00";"RJ";40;64;"PETROPOLIS";"Velocidade Incompatível";"Colisão com objeto";"Com Vítimas Feridas";"Amanhecer";"Crescente";"Céu Claro";"Dupla";"Curva";"Não";2;0;1;1;0;0;2;1;-22,420418;-43,155285;"SPRF-RJ";"DEL06-RJ";"UOP01-DEL06-RJ"
483811;2022-10-30;"domingo";"06:00:00";"PB";230;158,8;"CAMPINA GRANDE";"Ausência de reação do condutor";"Tombamento";"Com Vítimas Feridas";"Pleno dia";"Crescente";"Céu Claro";"Simples";"Reta";"Sim";2;0;2;0;0;0;2;1;-7,2582;-35,9267;"SPRF-PB";"DEL02-PB";"UOP01-DEL02-PB"
483812;2022-10-30;"domingo";"06:10:00";"MG";262;387,7;"FLORESTAL";"Ausência de reação do condutor";"Saída de leito carroçável";"Sem Vítimas";"Pleno dia";"Decrescente";"Garoa/Chuvisco";"Dupla";"Curva";"Não";1;0;0;0;1;0;0;1;-19,93472988;-44,43457599;"SPRF-MG";"DEL01-MG";"UOP03-DEL01-MG"
483813;2022-10-29;"sábado";"21:00:00";"RJ";495;28;"PETROPOLIS";"Curva acentuada";"Tombamento";"Com Vítimas Feridas";"Plena Noite";"Crescente";"Céu Claro";"Simples";"Curva";"Não";2;0;1;1;0;0;2;1;-22,396297;-43,120255;"SPRF-RJ";"DEL06-RJ";"UOP01-DEL06-RJ"
483814;2022-10-30;"domingo";"06:00:00";"AL";101;67;"MURICI";"Demais falhas mecânicas ou elétricas";"Saída de leito carroçável";"Sem Vítimas";"Pleno dia";"Crescente";"Chuva";"Dupla";"Reta";"Não";1;0;0;0;1;0;0;1;-9,34144305;-35,83125567;"SPRF-AL";"DEL01-AL";"UOP02-DEL01-AL"
483819;2022-10-30;"domingo";"07:35:00";"RS";290;45,2;"GLORINHA";"Demais falhas mecânicas ou elétricas";"Capotamento";"Com Vítimas Feridas";"Pleno dia";"Crescente";"Céu Claro";"Dupla";"Reta";"Não";3;0;1;0;2;0;1;1;-29,890343;-50,712364;"SPRF-RS";"DEL03-RS";"UOP01-DEL03-RS"
483820;2022-10-30;"domingo";"07:20:00";"MG";40;783,9;"JUIZ DE FORA";"Ausência de reação do condutor";"Colisão com objeto";"Com Vítimas Feridas";"Pleno dia";"Crescente";"Nublado";"Dupla";"Curva";"Sim";1;0;0;1;0;0;1;1;-21,71178893;-43,44743099;"SPRF-MG";"DEL05-MG";"UOP01-DEL05-MG"
483822;2022-10-30;"domingo";"03:30:00";"RJ";116;61;"TERESOPOLIS";"Demais falhas mecânicas ou elétricas";"Saída de leito carroçável";"Sem Vítimas";"Plena Noite";"Crescente";"Céu Claro";"Simples";"Reta";"Sim";1;0;0;0;0;1;0;1;-22,24418511;-42,91575275;"SPRF-RJ";"DEL04-RJ";"UOP01-DEL04-RJ"
483823;2022-10-30;"domingo";"07:30:00";"RJ";116;61;"TERESOPOLIS";"Pista Escorregadia";"Tombamento";"Com Vítimas Feridas";"Pleno dia";"Decrescente";"Chuva";"Simples";"Curva";"Não";1;0;1;0;0;0;1;1;-22,2639014;-42,9240919;"SPRF-RJ";"DEL04-RJ";"UOP01-DEL04-RJ"
483824;2022-10-29;"sábado";"20:00:00";"BA";110;150;"CICERO DANTAS";"Acessar a via sem observar a presença dos outros veículos";"Colisão transversal";"Com Vítimas Feridas";"Plena Noite";"Decrescente";"Céu Claro";"Simples";"Reta";"Não";1;0;1;0;0;0;1;1;-10,65166434;-38,40999099;"SPRF-BA";"DEL07-BA";"UOP02-DEL07-BA"
483825;2022-10-30;"domingo";"07:20:00";"RJ";40;116;"DUQUE DE CAXIAS";"Condutor Dormindo";"Capotamento";"Com Vítimas Feridas";"Pleno dia";"Decrescente";"Céu Claro";"Múltipla";"Reta";"Não";1;0;0;1;0;0;1;1;-22,73662299;-43,28858785;"SPRF-RJ";"DEL01-RJ";"UOP01-DEL01-RJ"
483826;2022-09-24;"sábado";"16:20:00";"SP";459;16,5;"PIQUETE";"Reação tardia ou ineficiente do condutor";"Colisão transversal";"Com Vítimas Feridas";"Pleno dia";"Crescente";"Céu Claro";"Simples";"Reta";"Sim";2;0;0;1;1;0;1;2;-22,62031;-45,164268;"SPRF-SP";"DEL08-SP";"NPF/DEL08-SP"
483827;2022-10-29;"sábado";"21:30:00";"MG";40;305,7;"TRES MARIAS";"Avarias e/ou desgaste excessivo no pneu";"Saída de leito carroçável";"Sem Vítimas";"Anoitecer";"Crescente";"Nublado";"Simples";"Reta";"Não";1;0;0;0;0;1;0;1;-18,3940688;-45,10000664;"SPRF-MG";"DEL14-MG";"UOP02-DEL14-MG"