"id";"data_inversa";"dia_semana";"horario";"uf";"br";"km";"municipio";"causa_acidente";"tipo_acidente";"classificacao_acidente";"fase_dia";"sentido_via";"condicao_metereologica";"tipo_pista";"tracado_via";"uso_solo";"pessoas";"mortos";"feridos_leves";"feridos_graves";"ilesos";"ignorados";"feridos";"veiculos";"latitude";"longitude";"regional";"delegacia";"uop"
483828;2022-10-21;"sexta-feira";"21:20:00";"MS";267;481;"JARDIM";"Ausência de reação do condutor";"Colisão traseira";"Com Vítimas Feridas";"Plena Noite";"Crescente";"Céu Claro";"Simples";"Reta;Ponte";"Sim";2;0;1;0;1;0;1;2;-21,47178327;-56,13379061;"SPRF-MS";"DEL05-MS";"UOP01-DEL05-MS"
483829;2022-10-30;"domingo";"08:20:00";"RS";386;316,9;"MARQUES DE SOUZA";"Reação tardia ou ineficiente do condutor";"Saída de leito carroçável";"Com Vítimas Feridas";"Pleno dia";"Decrescente";"Nublado";"Simples";"Curva";"Não";2;0;2;0;0;0;2;1;-29,259453;-52,154564;"SPRF-RS";"DEL04-RS";"UOP01-DEL04-RS"
483830;2022-10-30;"domingo";"09:00:00";"RS";293;2,5;"PELOTAS";"Condutor deixou de manter distância do veículo da frente";"Colisão traseira";"Sem Vítimas";"Pleno dia";"Crescente";"Céu Claro";"Simples";"Reta";"Não";3;0;0;0;3;0;0;3;-31,750426;-52,35999499;"SPRF-RS";"DEL07-RS";"UOP01-DEL07-RS"
483832;2022-10-30;"domingo";"09:00:00";"RN";406;162;"CEARA-MIRIM";"Carga excessiva e/ou mal acondicionada";"Colisão com objeto";"Com Vítimas Feridas";"Pleno dia";"Crescente";"Céu Claro";"Simples";"Reta";"Sim";3;0;2;0;0;1;2;2;-5,7280941;-35,36099113;"SPRF-RN";"DEL02-RN";"UOP01-DEL02-RN"
483833;2022-10-30;"domingo";"08:10:00";"PR";158;503;"CORONEL VIVIDA";"Desrespeitar a preferência no cruzamento";"Colisão transversal";"Com Vítimas Feridas";"Pleno dia";"Decrescente";"Garoa/Chuvisco";"Simples";"Reta";"Sim";3;0;0;1;1;1;1;2;-25,99111233;-52,55704663;"SPRF-PR";"DEL02-PR";"UOP01-DEL02-PR"
483834;2022-10-30;"domingo";"09:35:00";"MG";365;8,6;"MONTES CLAROS";"Acessar a via sem observar a presença dos outros veículos";"Colisão transversal";"Com Vítimas Feridas";"Pleno dia";"Decrescente";"Nublado";"Simples";"Reta";"Não";3;0;1;1;1;0;2;2;-16,78382;-43,890787;"SPRF-MG";"DEL12-MG";"UOP01-DEL12-MG"
483836;2022-10-30;"domingo";"09:56:00";"BA";324;587;"CANDEIAS";"Problema na suspensão";"Queda de ocupante de veículo";"Com Vítimas Feridas";"Pleno dia";"Decrescente";"Sol";"Dupla";"Reta";"Não";2;0;2;0;0;0;2;1;-12,64715411;-38,47504041;"SPRF-BA";"DEL01-BA";"UOP01-DEL01-BA"
483837;2022-10-30;"domingo";"10:31:00";"CE";116;13;"FORTALEZA";"Ausência de reação do condutor";"Colisão traseira";"Com Vítimas Feridas";"Pleno dia";"Decrescente";"Céu Claro";"Dupla";"Reta";"Sim";2;0;1;0;1;0;1;2;-3,86088501;-38,49715296;"SPRF-CE";"DEL01-CE";"UOP02-DEL01-CE"
483838;2022-10-30;"domingo";"10:15:00";"PE";101;49,8;"ABREU E LIMA";"Demais falhas na via";"Queda de ocupante de veículo";"Com Vítimas Feridas";"Pleno dia";"Crescente";"Garoa/Chuvisco";"Dupla";"Reta";"Sim";2;0;0;1;1;0;1;1;-7,9005152;-34,90180641;"SPRF-PE";"DEL01-PE";"UOP02-DEL01-PE"
483839;2022-10-30;"domingo";"10:30:00";"SP";381;58,6;"MAIRIPORA";"Frear bruscamente";"Queda de ocupante de veículo";"Com Vítimas Feridas";"Pleno dia";"Crescente";"Céu Claro";"Dupla";"Reta";"Não";2;0;2;0;0;0;2;1;-23,27438497;-46,58530615;"SPRF-SP";"DEL03-SP";"UOP01-DEL03-SP"
483842;2022-10-30;"domingo";"11:00:00";"DF";60;2;"BRASILIA";"Reação tardia ou ineficiente do condutor";"Queda de ocupante de veículo";"Com Vítimas Feridas";"Pleno dia";"Crescente";"Céu Claro";"Dupla";"Reta";"Sim";1;0;1;0;0;0;1;1;-15,887383;-48,077988;"SPRF-DF";"DEL03-DF";"UOP01-DEL03-DF"
483843;2022-10-30;"domingo";"10:40:00";"SC";101;212,7;"PALHOCA";"Condutor deixou de manter distância do veículo da frente";"Tombamento";"Com Vítimas Feridas";"Pleno dia";"Crescente";"Céu Claro";"Múltipla";"Reta";"Sim";2;0;0;1;1;0;1;2;-27,62996929;-48,65903871;"SPRF-SC";"DEL01-SC";"UOP02-DEL01-SC"
483844;2022-10-30;"domingo";"09:45:00";"MS";163;418;"NOVA ALVORADA DO SUL";"Manobra de mudança de faixa";"Colisão lateral sentido oposto";"Com Vítimas Feridas";"Pleno dia";"Decrescente";"Céu Claro";"Simples";"Reta";"Não";2;0;1;0;1;0;1;2;-21,00893181;-54,50876798;"SPRF-MS";"DEL02-MS";"UOP01-DEL02-MS"
483845;2022-10-30;"domingo";"11:00:00";"RN";110;127,5;"AUGUSTO SEVERO";"Reação tardia ou ineficiente do condutor";"Tombamento";"Com Vítimas Feridas";"Pleno dia";"Decrescente";"Céu Claro";"Simples";"Reta";"Sim";1;0;1;0;0;0;1;1;-5,86081305;-37,31126581;"SPRF-RN";"DEL04-RN";"UOP01-DEL04-RN"
483846;2022-10-30;"domingo";"11:00:00";"SP";381;71;"MAIRIPORA";"Ausência de reação do condutor";"Colisão traseira";"Com Vítimas Feridas";"Pleno dia";"Crescente";"Céu Claro";"Dupla";"Curva";"Não";2;0;1;0;1;0;1;2;-23,35047979;-46,55267274;"SPRF-SP";"DEL03-SP";"UOP01-DEL03-SP"
483847;2022-10-30;"domingo";"11:15:00";"PE";104;66;"CARUARU";"Condutor deixou de manter distância do veículo da frente";"Colisão traseira";"Sem Vítimas";"Pleno dia";"Decrescente";"Sol";"Dupla";"Interseção de Vias";"Sim";3;0;0;0;3;0;0;2;-8,2937;-35,9864;"SPRF-PE";"DEL02-PE";"UOP01-DEL02-PE"
483848;2022-10-30;"domingo";"10:20:00";"MA";10;248;"IMPERATRIZ";"Manobra de mudança de faixa";"Colisão transversal";"Com Vítimas Feridas";"Pleno dia";"Decrescente";"Céu Claro";"Múltipla";"Reta";"Sim";3;0;2;1;0;0;3;2;-5,566143;-47,449028;"SPRF-MA";"DEL04-MA";"UOP01-DEL04-MA"
483852;2022-10-30;"domingo";"11:15:00";"RJ";393;107;"SAPUCAIA";"Conversão proibida";"Colisão transversal";"Com Vítimas Feridas";"Pleno dia";"Crescente";"Céu Claro";"Simples";"Reta";"Sim";3;0;2;0;1;0;2;2;-21,87869149;-42,67853056;"SPRF-RJ";"DEL05-RJ";"UOP01-DEL05-RJ"
483853;2022-08-21;"domingo";"15:10:00";"MS";262;370;"TERENOS";"Transitar na contramão";"Colisão lateral sentido oposto";"Com Vítimas Feridas";"Pleno dia";"Crescente";"Céu Claro";"Simples";"Curva";"Não";3;0;1;0;2;0;1;2;-20,48235616;-54,77856699;"SPRF-MS";"DEL01-MS";"UOP03-DEL01-MS"
483854;2022-10-29;"sábado";"23:00:00";"MS";359;139;"ALCINOPOLIS";"Condutor Dormindo";"Saída de leito carroçável";"Com Vítimas Feridas";"Plena Noite";"Decrescente";"Céu Claro";"Simples";"Reta";"Não";1;0;0;1;0;0;1;1;-18,24630034;-53,99587599;"SPRF-MS";"DEL06-MS";"UOP01-DEL06-MS"
483855;2022-10-30;"domingo";"11:40:00";"SC";101;206,9;"SAO JOSE";"Ausência de reação do condutor";"Colisão lateral mesmo sentido";"Com Vítimas Feridas";"Pleno dia";"Crescente";"Sol";"Múltipla";"Reta";"Sim";4;0;2;0;2;0;2;3;-27,59193546;-48,61824557;"SPRF-SC";"DEL01-SC";"UOP01-DEL01-SC"
483856;2022-10-30;"domingo";"10:45:00";"SC";282;101;"ALFREDO WAGNER";"Demais falhas mecânicas ou elétricas";"Tombamento";"Com Vítimas Feridas";"Pleno dia";"Decrescente";"Sol";"Simples";"Curva";"Não";2;0;2;0;0;0;2;1;-27,694626;-49,305317;"SPRF-SC";"DEL01-SC";"UOP03-DEL01-SC"
483858;2022-10-30;"domingo";"11:00:00";"BA";242;241;"ITABERABA";"Ausência de reação do condutor";"Saída de leito carroçável";"Com Vítimas Feridas";"Pleno dia";"Crescente";"Céu Claro";"Simples";"Reta";"Não";1;0;0;1;0;0;1;1;-12,49825972;-40,40032694;"SPRF-BA";"DEL06-BA";"UOP02-DEL06-BA"
483859;2022-10-30;"domingo";"11:20:00";"RJ";116;186;"NOVA IGUACU";"Condutor deixou de manter distância do veículo da frente";"Colisão traseira";"Com Vítimas Feridas";"Pleno dia";"Decrescente";"Céu Claro";"Dupla";"Reta";"Sim";3;0;1;0;1;1;1;2;-22,74141055;-43,52263927;"SPRF-RJ";"DEL01-RJ";"UOP02-DEL01-RJ"
483860;2022-10-30;"domingo";"11:00:00";"AL";316;132,6;"MINADOR DO NEGRAO";"Demais falhas mecânicas ou elétricas";"Incêndio";"Sem Vítimas";"Pleno dia";"Crescente";"Céu Claro";"Simples";"Reta";"Não";2;0;0;0;2;0;0;1;-9,390516;-36,8305;"SPRF-AL";"DEL03-AL";"UOP01-DEL03-AL"
483861;2022-10-30;"domingo";"10:00:00";"PR";376;361,3;"ORTIGUEIRA";"Pedestre cruzava a pista fora da faixa";"Atropelamento de Pedestre";"Com Vítimas Feridas";"Pleno dia";"Decrescente";"Nublado";"Simples";"Reta";"Não";7;0;0;1;4;2;1;2;-24,28165;-50,882308;"SPRF-PR";"DEL07-PR";"UOP02-DEL07-PR"
483862;2022-10-30;"domingo";"10:05:00";"PA";10;248;"AURORA DO PARA";"Reação tardia ou ineficiente do condutor";"Colisão traseira";"Com Vítimas Feridas";"Pleno dia";"Decrescente";"Céu Claro";"Simples";"Declive;Reta";"Não";2;0;1;0;1;0;1;2;-2,26775401;-47,56308362;"SPRF-PA";"DEL02-PA";"UOP01-DEL02-PA"
483864;2022-10-30;"domingo";"11:55:00";"ES";262;147;"IBATIBA";"Velocidade Incompatível";"Saída de leito carroçável";"Com Vítimas Fatais";"Pleno dia";"Crescente";"Céu Claro";"Simples";"Curva";"Não";1;1;0;0;0;0;0;1;-20,22096685;-41,41902406;"SPRF-ES";"DEL01-ES";"UOP02-DEL01-ES"
483865;2022-10-30;"domingo";"11:52:00";"ES";259;7;"JOAO NEIVA";"Condutor deixou de manter distância do veículo da frente";"Colisão traseira";"Com Vítimas Feridas";"Plena Noite";"Crescente";"Céu Claro";"Simples";"Reta";"Sim";4;0;1;0;3;0;1;3;-19,68870615;-40,38869427;"SPRF-ES";"DEL02-ES";"UOP01-DEL02-ES"
483866;2022-10-30;"domingo";"12:30:00";"SC";101;199,6;"SAO JOSE";"Condutor deixou de manter distância do veículo da frente";"Colisão com objeto";"Com Vítimas Feridas";"Pleno dia";"Decrescente";"Céu Claro";"Múltipla";"Reta;Aclive;Viaduto";"Sim";1;0;1;0;0;0;1;1;-27,53413705;-48,63003205;"SPRF-SC";"DEL01-SC";"UOP01-DEL01-SC"
483867;2022-10-30;"domingo";"11:00:00";"MS";60;371;"CAMPO GRANDE";"Ingestão de álcool pelo condutor";"Colisão traseira";"Com Vítimas Feridas";"Pleno dia";"Crescente";"Nublado";"Simples";"Reta";"Não";3;0;1;0;2;0;1;3;-20,56943371;-54,69148813;"SPRF-MS";"DEL01-MS";"UOP04-DEL01-MS"
483868;2022-10-30;"domingo";"10:40:00";"SC";101;437,8;"SOMBRIO";"Demais falhas mecânicas ou elétricas";"Tombamento";"Com Vítimas Feridas";"Pleno dia";"Decrescente";"Nublado";"Dupla";"Reta";"Não";2;0;2;0;0;0;2;1;-29,116756;-49,640408;"SPRF-SC";"DEL02-SC";"UOP02-DEL02-SC"
483870;2022-10-30;"domingo";"12:26:00";"PE";232;7,7;"RECIFE";"Manobra de mudança de faixa";"Queda de ocupante de veículo";"Com Vítimas Feridas";"Pleno dia";"Decrescente";"Céu Claro";"Dupla";"Reta";"Sim";4;0;2;0;1;1;2;3;-8,07333497;-34,96184301;"SPRF-PE";"DEL01-PE";"UOP01-DEL01-PE"
483871;2022-10-24;"segunda-feira";"16:00:00";"RO";364;343;"JI-PARANA";"Condutor desrespeitou a iluminação vermelha do semáforo";"Colisão transversal";"Com Vítimas Feridas";"Pleno dia";"Decrescente";"Céu Claro";"Múltipla";"Interseção de Vias";"Sim";3;0;1;1;1;0;2;2;-10,88987987;-61,93126772;"SPRF-RO";"DEL02-RO";"UOP01-DEL02-RO"
483872;2022-10-30;"domingo";"13:00:00";"MG";459;45;"SANTA RITA DE CALDAS";"Mal súbito do condutor";"Saída de leito carroçável";"Sem Vítimas";"Pleno dia";"Crescente";"Chuva";"Simples";"Reta";"Não";1;0;0;0;1;0;0;1;-22,017216;-46,311958;"SPRF-MG";"DEL09-MG";"UOP01-DEL09-MG"
483873;2022-10-30;"domingo";"11:20:00";"SC";101;325;"CAPIVARI DE BAIXO";"Condutor deixou de manter distância do veículo da frente";"Engavetamento";"Com Vítimas Feridas";"Pleno dia";"Crescente";"Sol";"Dupla";"Reta";"Sim";4;0;0;1;3;0;1;3;-28,42516271;-48,93259193;"SPRF-SC";"DEL02-SC";"UOP01-DEL02-SC"
483874;2022-10-06;"quinta-feira";"10:00:00";"MG";262;358;"BETIM";"Ausência de reação do condutor";"Tombamento";"Com Vítimas Feridas";"Pleno dia";"Crescente";"Céu Claro";"Dupla";"Reta";"Sim";1;0;1;0;0;0;1;1;-19,98456125;-44,20812607;"SPRF-MG";"DEL01-MG";"UOP03-DEL01-MG"
483875;2022-10-30;"domingo";"12:50:00";"SC";101;128,4;"BALNEARIO CAMBORIU";"Manobra de mudança de faixa";"Colisão lateral mesmo sentido";"Com Vítimas Feridas";"Pleno dia";"Decrescente";"Sol";"Dupla";"Curva";"Não";2;0;0;1;1;0;1;2;-26,97284292;-48,68299451;"SPRF-SC";"DEL04-SC";"UOP03-DEL04-SC"
483876;2022-10-30;"domingo";"13:00:00";"PR";376;602;"CURITIBA";"Reação tardia ou ineficiente do condutor";"Saída de leito carroçável";"Com Vítimas Feridas";"Pleno dia";"Crescente";"Céu Claro";"Dupla";"Curva";"Sim";1;0;1;0;0;0;1;1;-25,54329052;-49,30719981;"SPRF-PR";"DEL01-PR";"UOP06-DEL01-PR"
483877;2022-10-30;"domingo";"13:00:00";"MG";262;371;"JUATUBA";"Ausência de reação do condutor";"Tombamento";"Com Vítimas Feridas";"Pleno dia";"Crescente";"Céu Claro";"Dupla";"Rotatória";"Não";2;0;2;0;0;0;2;1;-19,97359723;-44,31765496;"SPRF-MG";"DEL01-MG";"UOP03-DEL01-MG"
483878;2022-10-30;"domingo";"09:15:00";"MG";365;358,7;"VARJAO DE MINAS";"Transitar na contramão";"Colisão frontal";"Com Vítimas Fatais";"Pleno dia";"Decrescente";"Céu Claro";"Simples";"Reta;Declive";"Não";3;1;1;0;0;1;1;3;-18,39825512;-46,05314587;"SPRF-MG";"DEL10-MG";"UOP01-DEL10-MG"
483879;2022-10-30;"domingo";"13:30:00";"PE";408;96,4;"SAO LOURENCO DA MATA";"Ausência de reação do condutor";"Eventos atípicos";"Com Vítimas Feridas";"Pleno dia";"Crescente";"Céu Claro";"Múltipla";"Declive";"Não";5;0;0;1;4;0;1;2;-8,02062;-35,041045;"SPRF-PE";"DEL01-PE";"UOP01-DEL01-PE"
483880;2022-10-30;"domingo";"12:45:00";"SC";470;61,5;"BLUMENAU";"Acessar a via sem observar a presença dos outros veículos";"Colisão transversal";"Com Vítimas Feridas";"Pleno dia";"Crescente";"Céu Claro";"Simples";"Reta";"Não";4;0;2;0;1;1;2;3;-26,878952;-49,17421;"SPRF-SC";"DEL04-SC";"UOP01-DEL04-SC"
483881;2022-10-30;"domingo";"11:10:00";"CE";116;74,2;"CHOROZINHO";"Condutor deixou de manter distância do veículo da frente";"Engavetamento";"Sem Vítimas";"Pleno dia";"Crescente";"Céu Claro";"Simples";"Reta";"Não";3;0;0;0;3;0;0;3;-4,35447401;-38,46204702;"SPRF-CE";"DEL03-CE";"UOP02-DEL03-CE"
483882;2022-10-30;"domingo";"13:15:00";"MG";50;91;"UBERLANDIA";"Reação tardia ou ineficiente do condutor";"Saída de leito carroçável";"Com Vítimas Feridas";"Pleno dia";"Crescente";"Céu Claro";"Dupla";"Reta";"Não";2;0;2;0;0;0;2;1;-19,05745188;-48,19415161;"SPRF-MG";"DEL15-MG";"UOP01-DEL15-MG"
483883;2022-10-30;"domingo";"13:55:00";"GO";60;381;"RIO VERDE";"Ingestão de álcool pelo condutor";"Saída de leito carroçável";"Sem Vítimas";"Pleno dia";"Crescente";"Nublado";"Dupla";"Retorno Regulamentado;Curva;Aclive";"Não";3;0;0;0;1;2;0;3;-17,773;-50,8867;"SPRF-GO";"DEL04-GO";"UOP02-DEL04-GO"
483884;2022-10-30;"domingo";"13:40:00";"RJ";116;168;"SAO JOAO DE MERITI";"Ausência de reação do condutor";"Colisão traseira";"Com Vítimas Feridas";"Pleno dia";"Crescente";"Céu Claro";"Múltipla";"Reta";"Sim";5;0;2;0;3;0;2;4;-22,79074211;-43,37162018;"SPRF-RJ";"DEL01-RJ";"UOP02-DEL01-RJ"
483885;2022-10-30;"domingo";"13:45:00";"SC";470;76;"INDAIAL";"Acessar a via sem observar a presença dos outros veículos";"Colisão transversal";"Sem Vítimas";"Pleno dia";"Crescente";"Céu Claro";"Simples";"Reta";"Não";2;0;0;0;2;0;0;2;-26,94019439;-49,29232836;"SPRF-SC";"DEL04-SC";"UOP01-DEL04-SC"
483886;2022-10-30;"domingo";"14:00:00";"SC";101;144;"ITAPEMA";"Condutor deixou de manter distância do veículo da frente";"Colisão traseira";"Sem Vítimas";"Pleno dia";"Decrescente";"Céu Claro";"Dupla";"Reta";"Sim";2;0;0;0;2;0;0;2;-27,0732659;-48,59672716;"SPRF-SC";"DEL04-SC";"UOP03-DEL04-SC"
483889;2022-10-30;"domingo";"14:20:00";"BA";101;812;"PRADO";"Ingestão de álcool pelo condutor";"Colisão com objeto";"Com Vítimas Feridas";"Pleno dia";"Crescente";"Céu Claro";"Simples";"Reta";"Sim";1;0;1;0;0;0;1;1;-17,22336625;-39,61335894;"SPRF-BA";"DEL09-BA";"UOP02-DEL09-BA"
483891;2022-10-28;"sexta-feira";"00:10:00";"SP";116;330;"JUQUITIBA";"Demais falhas mecânicas ou elétricas";"Incêndio";"Com Vítimas Feridas";"Plena Noite";"Decrescente";"Chuva";"Dupla";"Reta";"Não";1;0;1;0;0;0;1;1;-23,9442931;-47,09668891;"SPRF-SP";"DEL04-SP";"UOP03-DEL04-SP"
483892;2022-10-30;"domingo";"08:30:00";"RS";285;322;"PASSO FUNDO";"Ausência de reação do condutor";"Saída de leito carroçável";"Sem Vítimas";"Pleno dia";"Decrescente";"Nublado";"Simples";"Reta";"Não";1;0;0;0;0;1;0;1;-28,272211;-52,640121;"SPRF-RS";"DEL08-RS";"UOP03-DEL08-RS"
483893;2022-10-30;"domingo";"13:30:00";"TO";153;136;"ARAGUAINA";"Condutor usando celular";"Saída de leito carroçável";"Sem Vítimas";"Pleno dia";"Crescente";"Céu Claro";"Dupla";"Reta";"Sim";1;0;0;0;1;0;0;1;-7,137507;-48,200943;"SPRF-TO";"DEL02-TO";"UOP01-DEL02-TO"
483894;2022-10-30;"domingo";"14:50:00";"BA";324;513;"FEIRA DE SANTANA";"Conversão proibida";"Colisão transversal";"Com Vítimas Feridas";"Pleno dia";"Crescente";"Sol";"Simples";"Reta";"Sim";3;0;2;0;1;0;2;2;-12,23098007;-38,96101401;"SPRF-BA";"DEL02-BA";"UOP01-DEL02-BA"
483895;2022-10-30;"domingo";"14:10:00";"RS";386;383;"TABAI";"Reação tardia ou ineficiente do condutor";"Saída de leito carroçável";"Com Vítimas Feridas";"Pleno dia";"Decrescente";"Nublado";"Dupla";"Reta";"Não";2;0;2;0;0;0;2;1;-29,67296549;-51,73398614;"SPRF-RS";"DEL04-RS";"NPF/DEL04-RS"
483896;2022-10-30;"domingo";"14:05:00";"PE";101;56,1;"PAULISTA";"Ingestão de álcool pelo condutor";"Colisão lateral mesmo sentido";"Com Vítimas Feridas";"Pleno dia";"Crescente";"Céu Claro";"Múltipla";"Reta";"Não";3;0;3;0;0;0;3;2;-7,9554509;-34,91140727;"SPRF-PE";"DEL01-PE";"UOP02-DEL01-PE"
483897;2022-10-30;"domingo";"14:10:00";"GO";153;438;"ANAPOLIS";"Avarias e/ou desgaste excessivo no pneu";"Queda de ocupante de veículo";"Com Vítimas Feridas";"Pleno dia";"Crescente";"Céu Claro";"Simples";"Aclive";"Sim";2;0;1;1;0;0;2;1;-16,291595;-48,934811;"SPRF-GO";"DEL02-GO";"UOP01-DEL02-GO"
483898;2022-10-30;"domingo";"12:30:00";"RJ";116;269,5;"VOLTA REDONDA";"Demais falhas mecânicas ou elétricas";"Colisão com objeto";"Com Vítimas Feridas";"Pleno dia";"Decrescente";"Céu Claro";"Dupla";"Curva";"Não";4;0;3;1;0;0;4;1;-22,57510092;-44,11542461;"SPRF-RJ";"DEL07-RJ";"UOP02-DEL07-RJ"
483899;2022-10-30;"domingo";"11:50:00";"SC";470;89,9;"ASCURRA";"Conversão proibida";"Colisão transversal";"Com Vítimas Feridas";"Pleno dia";"Crescente";"Céu Claro";"Simples";"Reta";"Sim";3;0;1;0;2;0;1;2;-26,961573;-49,371918;"SPRF-SC";"DEL04-SC";"UOP01-DEL04-SC"
483900;2022-10-30;"domingo";"13:00:00";"MG";381;578,8;"CARMOPOLIS DE MINAS";"Condutor Dormindo";"Saída de leito carroçável";"Com Vítimas Feridas";"Pleno dia";"Decrescente";"Céu Claro";"Dupla";"Reta";"Não";3;0;1;2;0;0;3;1;-20,48737278;-44,59529111;"SPRF-MG";"DEL04-MG";"UOP01-DEL04-MG"
483901;2022-10-30;"domingo";"10:50:00";"RJ";116;186;"NOVA IGUACU";"Ausência de reação do condutor";"Queda de ocupante de veículo";"Com Vítimas Feridas";"Pleno dia";"Crescente";"Nublado";"Dupla";"Reta";"Não";1;0;1;0;0;0;1;1;-22,74201745;-43,51957083;"SPRF-RJ";"DEL01-RJ";"UOP02-DEL01-RJ"
483902;2022-10-30;"domingo";"15:10:00";"RS";116;345;"BARRA DO RIBEIRO";"Avarias e/ou desgaste excessivo no pneu";"Saída de leito carroçável";"Com Vítimas Feridas";"Pleno dia";"Crescente";"Céu Claro";"Dupla";"Reta";"Não";2;0;2;0;0;0;2;1;-30,49943301;-51,49069833;"SPRF-RS";"DEL02-RS";"UOP02-DEL02-RS"
483903;2022-10-30;"domingo";"12:30:00";"SC";101;305,4;"LAGUNA";"Desrespeitar a preferência no cruzamento";"Colisão transversal";"Com Vítimas Feridas";"Pleno dia";"Crescente";"Céu Claro";"Múltipla";"Reta;Interseção de Vias";"Não";8;0;7;1;0;0;8;2;-28,39807;-48,784201;"SPRF-SC";"DEL02-SC";"UOP03-DEL02-SC"
483904;2022-10-30;"domingo";"15:15:00";"RJ";393;254;"BARRA DO PIRAI";"Ausência de reação do condutor";"Tombamento";"Com Vítimas Feridas";"Pleno dia";"Crescente";"Céu Claro";"Dupla";"Curva";"Sim";1;0;1;0;0;0;1;1;-22,45156949;-43,82667303;"SPRF-RJ";"DEL05-RJ";"UOP04-DEL05-RJ"
483905;2022-10-30;"domingo";"10:30:00";"PR";153;467,2;"PORTO VITORIA";"Chuva";"Colisão lateral sentido oposto";"Com Vítimas Feridas";"Pleno dia";"Crescente";"Chuva";"Simples";"Curva;Aclive";"Não";2;0;1;0;1;0;1;2;-26,27823382;-51,18203555;"SPRF-PR";"DEL02-PR";"UOP03-DEL02-PR"
483906;2022-10-30;"domingo";"15:00:00";"MG";381;893,8;"CAMBUI";"Condutor Dormindo";"Saída de leito carroçável";"Com Vítimas Feridas";"Pleno dia";"Decrescente";"Nublado";"Dupla";"Curva";"Não";1;0;1;0;0;0;1;1;-22,6103125;-46,0623465;"SPRF-MG";"DEL16-MG";"UOP03-DEL16-MG"
483911;2022-10-30;"domingo";"15:45:00";"PR";476;142;"CURITIBA";"Manobra de mudança de faixa";"Colisão lateral mesmo sentido";"Com Vítimas Feridas";"Pleno dia";"Decrescente";"Céu Claro";"Dupla";"Reta";"Sim";3;0;2;0;1;0;2;2;-25,537161;-49,301632;"SPRF-PR";"DEL01-PR";"UOP03-DEL01-PR"
483912;2022-10-30;"domingo";"15:30:00";"SP";116;145,4;"SAO JOSE DOS CAMPOS";"Reação tardia ou ineficiente do condutor";"Colisão traseira";"Com Vítimas Feridas";"Pleno dia";"Crescente";"Céu Claro";"Múltipla";"Aclive";"Sim";3;0;1;0;2;0;1;2;-23,1869844;-45,8548078;"SPRF-SP";"DEL02-SP";"UOP01-DEL02-SP"
483913;2022-10-30;"domingo";"14:00:00";"RJ";101;122;"CAMPOS DOS GOYTACAZES";"Ausência de reação do condutor";"Tombamento";"Com Vítimas Fatais";"Pleno dia";"Decrescente";"Céu Claro";"Simples";"Curva";"Não";1;1;0;0;0;0;0;1;-22,04435094;-41,69198089;"SPRF-RJ";"DEL08-RJ";"UOP02-DEL08-RJ"
483915;2022-10-30;"domingo";"15:40:00";"RJ";465;8;"SEROPEDICA";"Ausência de reação do condutor";"Colisão traseira";"Com Vítimas Feridas";"Pleno dia";"Decrescente";"Céu Claro";"Simples";"Reta";"Não";2;0;1;0;1;0;1;1;-22,767147;-43,678768;"SPRF-RJ";"DEL01-RJ";"UOP03-DEL01-RJ"
483916;2022-10-30;"domingo";"15:20:00";"MG";262;123;"RIO CASCA";"Velocidade Incompatível";"Colisão lateral mesmo sentido";"Com Vítimas Feridas";"Pleno dia";"Crescente";"Nublado";"Simples";"Aclive;Curva";"Não";3;0;1;0;2;0;1;2;-20,20872312;-42,66403198;"SPRF-MG";"DEL03-MG";"UOP03-DEL03-MG"
483918;2022-10-30;"domingo";"16:20:00";"PR";376;668;"GUARATUBA";"Reação tardia ou ineficiente do condutor";"Saída de leito carroçável";"Com Vítimas Feridas";"Pleno dia";"Crescente";"Céu Claro";"Dupla";"Curva";"Não";1;0;1;0;0;0;1;1;-25,864159;-48,937538;"SPRF-PR";"DEL01-PR";"UOP04-DEL01-PR"
483919;2022-10-30;"domingo";"16:45:00";"BA";324;526;"FEIRA DE SANTANA";"Ausência de reação do condutor";"Queda de ocupante de veículo";"Com Vítimas Feridas";"Pleno dia";"Crescente";"Sol";"Dupla";"Reta";"Não";2;0;1;0;0;1;1;1;-12,30639712;-38,89051509;"SPRF-BA";"DEL01-BA";"UOP03-DEL01-BA"
483920;2022-10-30;"domingo";"16:50:00";"CE";116;7,2;"FORTALEZA";"Transitar na contramão";"Tombamento";"Com Vítimas Feridas";"Anoitecer";"Crescente";"Sol";"Simples";"Declive;Curva;Viaduto";"Sim";3;0;0;1;2;0;1;3;-3,81129491;-38,5014528;"SPRF-CE";"DEL01-CE";"UOP02-DEL01-CE"
483921;2022-10-30;"domingo";"14:15:00";"SC";470;63,8;"INDAIAL";"Conversão proibida";"Colisão transversal";"Com Vítimas Feridas";"Pleno dia";"Decrescente";"Céu Claro";"Dupla";"Reta";"Não";2;0;0;1;1;0;1;2;-26,872396;-49,19228;"SPRF-SC";"DEL04-SC";"UOP01-DEL04-SC"
483922;2022-10-30;"domingo";"16:00:00";"SC";101;133;"BALNEARIO CAMBORIU";"Avarias e/ou desgaste excessivo no pneu";"Queda de ocupante de veículo";"Com Vítimas Feridas";"Pleno dia";"Decrescente";"Céu Claro";"Dupla";"Reta";"Sim";2;0;2;0;0;0;2;1;-26,99936;-48,64609;"SPRF-SC";"DEL04-SC";"UOP03-DEL04-SC"