"id";"data_inversa";"dia_semana";"horario";"uf";"br";"km";"municipio";"causa_acidente";"tipo_acidente";"classificacao_acidente";"fase_dia";"sentido_via";"condicao_metereologica";"tipo_pista";"tracado_via";"uso_solo";"pessoas";"mortos";"feridos_leves";"feridos_graves";"ilesos";"ignorados";"feridos";"veiculos";"latitude";"longitude";"regional";"delegacia";"uop"
483924;2022-10-30;"domingo";"14:45:00";"RJ";116;232;"PIRAI";"Manobra de mudança de faixa";"Colisão traseira";"Com Vítimas Feridas";"Pleno dia";"Decrescente";"Céu Claro";"Dupla";"Reta";"Não";3;0;1;0;2;0;1;2;-22,66632169;-43,8460996;"SPRF-RJ";"DEL07-RJ";"UOP01-DEL07-RJ"
483925;2022-10-30;"domingo";"15:20:00";"SC";470;225,5;"SAO CRISTOVAO DO SUL";"Avarias e/ou desgaste excessivo no pneu";"Saída de leito carroçável";"Com Vítimas Feridas";"Pleno dia";"Decrescente";"Chuva";"Simples";"Curva";"Não";1;0;1;0;0;0;1;1;-27,32682575;-50,35716534;"SPRF-SC";"DEL05-SC";"UOP03-DEL05-SC"
483927;2022-10-30;"domingo";"16:53:00";"SP";116;289;"ITAPECERICA DA SERRA";"Ausência de reação do condutor";"Colisão transversal";"Sem Vítimas";"Pleno dia";"Decrescente";"Céu Claro";"Dupla";"Interseção de Vias";"Sim";2;0;0;0;2;0;0;2;-23,72290969;-46,89096614;"SPRF-SP";"DEL04-SP";"UOP01-DEL04-SP"
483928;2022-10-30;"domingo";"14:45:00";"BA";367;31,9;"PORTO SEGURO";"Reação tardia ou ineficiente do condutor";"Queda de ocupante de veículo";"Com Vítimas Feridas";"Pleno dia";"Crescente";"Céu Claro";"Simples";"Curva";"Não";2;0;2;0;0;0;2;1;-16,42195946;-39,14454399;"SPRF-BA";"DEL09-BA";"UOP03-DEL09-BA"
483930;2022-10-30;"domingo";"15:30:00";"CE";116;355;"ICO";"Reação tardia ou ineficiente do condutor";"Saída de leito carroçável";"Sem Vítimas";"Pleno dia";"Crescente";"Céu Claro";"Simples";"Reta";"Não";1;0;0;0;0;1;0;1;-6,27633712;-38,71364586;"SPRF-CE";"DEL05-CE";"UOP02-DEL05-CE"
483931;2022-10-30;"domingo";"16:25:00";"TO";153;342;"GUARAI";"Velocidade Incompatível";"Tombamento";"Com Vítimas Feridas";"Pleno dia";"Decrescente";"Céu Claro";"Simples";"Reta";"Não";1;0;0;1;0;0;1;1;-8,908225;-48,5092;"SPRF-TO";"DEL02-TO";"UOP02-DEL02-TO"
483932;2022-10-30;"domingo";"17:10:00";"PR";116;39;"CAMPINA GRANDE DO SUL";"Ausência de reação do condutor";"Saída de leito carroçável";"Com Vítimas Feridas";"Pleno dia";"Crescente";"Céu Claro";"Dupla";"Curva";"Não";2;0;1;0;1;0;1;1;-25,156168;-48,8613401;"SPRF-PR";"DEL01-PR";"UOP02-DEL01-PR"
483933;2022-10-30;"domingo";"16:10:00";"PR";158;397,3;"LARANJEIRAS DO SUL";"Acumulo de água sobre o pavimento";"Saída de leito carroçável";"Com Vítimas Feridas";"Pleno dia";"Decrescente";"Chuva";"Simples";"Reta";"Não";1;0;1;0;0;0;1;1;-25,32322275;-52,33892819;"SPRF-PR";"DEL04-PR";"UOP02-DEL04-PR"
483934;2022-10-30;"domingo";"17:25:00";"BA";242;797;"BARREIRAS";"Ausência de reação do condutor";"Colisão traseira";"Sem Vítimas";"Anoitecer";"Crescente";"Céu Claro";"Simples";"Reta;Aclive";"Não";6;0;0;0;6;0;0;2;-12,16482771;-44,8590841;"SPRF-BA";"DEL10-BA";"UOP01-DEL10-BA"
483936;2022-10-30;"domingo";"11:30:00";"BA";101;284;"VALENCA";"Acessar a via sem observar a presença dos outros veículos";"Colisão transversal";"Com Vítimas Feridas";"Pleno dia";"Decrescente";"Sol";"Simples";"Reta";"Sim";3;0;1;1;1;0;2;2;-13,26062292;-39,32435125;"SPRF-BA";"DEL01-BA";"UOP02-DEL01-BA"
483937;2022-10-30;"domingo";"17:30:00";"MG";365;627,5;"UBERLANDIA";"Demais falhas mecânicas ou elétricas";"Tombamento";"Com Vítimas Feridas";"Anoitecer";"Decrescente";"Céu Claro";"Dupla";"Reta";"Não";2;0;1;1;0;0;2;1;-18,90359335;-48,34361612;"SPRF-MG";"DEL15-MG";"UOP01-DEL15-MG"
483938;2022-10-30;"domingo";"15:30:00";"SP";381;85,5;"GUARULHOS";"Ingestão de álcool ou de substâncias psicoativas pelo pedestre";"Atropelamento de Pedestre";"Com Vítimas Feridas";"Pleno dia";"Decrescente";"Céu Claro";"Múltipla";"Reta";"Sim";3;0;1;0;0;2;1;2;-23,449343;-46,56983501;"SPRF-SP";"DEL03-SP";"UOP01-DEL03-SP"
483939;2022-10-30;"domingo";"17:30:00";"RJ";101;467;"ANGRA DOS REIS";"Velocidade Incompatível";"Saída de leito carroçável";"Com Vítimas Feridas";"Pleno dia";"Crescente";"Nublado";"Simples";"Curva";"Não";1;0;1;0;0;0;1;1;-23,00696998;-44,2149953;"SPRF-RJ";"DEL03-RJ";"UOP03-DEL03-RJ"
483942;2022-10-30;"domingo";"16:30:00";"RJ";101;246;"SILVA JARDIM";"Demais falhas mecânicas ou elétricas";"Saída de leito carroçável";"Com Vítimas Feridas";"Pleno dia";"Crescente";"Céu Claro";"Dupla";"Reta";"Não";4;0;3;0;1;0;3;1;-22,65131199;-42,48889201;"SPRF-RJ";"DEL02-RJ";"UOP03-DEL02-RJ"
483943;2022-10-30;"domingo";"18:20:00";"MG";262;354,3;"BETIM";"Transitar na contramão";"Colisão frontal";"Com Vítimas Fatais";"Plena Noite";"Crescente";"Chuva";"Dupla";"Em Obras;Reta";"Sim";7;1;0;3;3;0;3;3;-19,98173805;-44,21138763;"SPRF-MG";"DEL01-MG";"UOP03-DEL01-MG"
483944;2022-10-30;"domingo";"16:00:00";"MG";40;656,5;"CRISTIANO OTONI";"Chuva";"Saída de leito carroçável";"Com Vítimas Feridas";"Pleno dia";"Decrescente";"Chuva";"Dupla";"Declive;Curva";"Não";2;0;2;0;0;0;2;1;-20,87261896;-43,79985605;"SPRF-MG";"DEL05-MG";"UOP02-DEL05-MG"
483946;2022-10-30;"domingo";"18:30:00";"RS";116;250;"SAO LEOPOLDO";"Reação tardia ou ineficiente do condutor";"Colisão traseira";"Sem Vítimas";"Pleno dia";"Crescente";"Nublado";"Dupla";"Reta";"Sim";2;0;0;0;2;0;0;2;-29,79148798;-51,16399615;"SPRF-RS";"DEL01-RS";"UOP02-DEL01-RS"
483947;2022-10-29;"sábado";"20:30:00";"SC";282;218;"LAGES";"Reação tardia ou ineficiente do condutor";"Colisão traseira";"Sem Vítimas";"Plena Noite";"Decrescente";"Céu Claro";"Simples";"Reta";"Sim";2;0;0;0;2;0;0;2;-27,79161594;-50,26251018;"SPRF-SC";"DEL05-SC";"UOP01-DEL05-SC"
483948;2022-10-30;"domingo";"14:40:00";"PE";424;16;"PEDRA";"Conversão proibida";"Colisão transversal";"Com Vítimas Feridas";"Pleno dia";"Decrescente";"Céu Claro";"Simples";"Reta";"Sim";6;0;2;1;3;0;3;4;-8,49967931;-36,95655101;"SPRF-PE";"DEL04-PE";"UOP02-DEL04-PE"
483950;2022-10-30;"domingo";"17:50:00";"AP";210;2;"MACAPA";"Ingestão de álcool pelo condutor";"Colisão lateral mesmo sentido";"Sem Vítimas";"Anoitecer";"Crescente";"Chuva";"Múltipla";"Reta";"Sim";2;0;0;0;2;0;0;2;0,08282017;-51,07776189;"SPRF-AP";"DEL01-AP";"UOP01-DEL01-AP"
483951;2022-10-30;"domingo";"18:20:00";"ES";101;336,9;"GUARAPARI";"Avarias e/ou desgaste excessivo no pneu";"Tombamento";"Com Vítimas Feridas";"Plena Noite";"Decrescente";"Céu Claro";"Dupla";"Reta";"Não";2;0;2;0;0;0;2;1;-20,62834446;-40,53656038;"SPRF-ES";"DEL03-ES";"UOP01-DEL03-ES"
483952;2022-10-30;"domingo";"18:50:00";"GO";40;1;"VALPARAISO DE GOIAS";"Ingestão de álcool pelo condutor";"Colisão traseira";"Sem Vítimas";"Plena Noite";"Crescente";"Céu Claro";"Dupla";"Reta";"Sim";3;0;0;0;3;0;0;2;-16,058245;-47,982825;"SPRF-DF";"DEL01-DF";"UOP01-DEL01-DF"
483953;2022-10-30;"domingo";"16:40:00";"MT";163;814;"SINOP";"Ausência de reação do condutor";"Saída de leito carroçável";"Com Vítimas Feridas";"Pleno dia";"Crescente";"Céu Claro";"Simples";"Reta";"Não";1;0;1;0;0;0;1;1;-12,1729091;-55,52125386;"SPRF-MT";"DEL06-MT";"NPF/DEL06-MT"
483954;2022-10-30;"domingo";"17:00:00";"PE";104;48;"CARUARU";"Ausência de reação do condutor";"Colisão lateral mesmo sentido";"Sem Vítimas";"Anoitecer";"Decrescente";"Céu Claro";"Dupla";"Reta";"Não";2;0;0;0;2;0;0;2;-8,1437;-35,9869;"SPRF-PE";"DEL02-PE";"UOP01-DEL02-PE"
483955;2022-10-30;"domingo";"17:30:00";"PI";343;591;"FLORIANO";"Ingestão de álcool pelo condutor";"Atropelamento de Pedestre";"Com Vítimas Feridas";"Anoitecer";"Decrescente";"Céu Claro";"Dupla";"Reta";"Sim";4;0;0;2;0;2;2;2;-6,781361;-43,023224;"SPRF-PI";"DEL03-PI";"UOP01-DEL03-PI"
483957;2022-10-30;"domingo";"18:15:00";"BA";116;413;"FEIRA DE SANTANA";"Reação tardia ou ineficiente do condutor";"Colisão transversal";"Com Vítimas Feridas";"Plena Noite";"Crescente";"Nublado";"Dupla";"Interseção de Vias";"Não";4;0;4;0;0;0;4;2;-12,15320346;-38,96490312;"SPRF-BA";"DEL02-BA";"UOP01-DEL02-BA"
483958;2022-10-30;"domingo";"19:38:00";"SP";116;284;"ITAPECERICA DA SERRA";"Ausência de reação do condutor";"Queda de ocupante de veículo";"Com Vítimas Feridas";"Plena Noite";"Crescente";"Nublado";"Dupla";"Reta";"Não";1;0;1;0;0;0;1;1;-23,69998;-46,867767;"SPRF-SP";"DEL04-SP";"UOP01-DEL04-SP"
483959;2022-10-30;"domingo";"19:45:00";"BA";324;517;"FEIRA DE SANTANA";"Ingestão de álcool e/ou substâncias psicoativas pelo pedestre";"Saída de leito carroçável";"Com Vítimas Feridas";"Plena Noite";"Crescente";"Céu Claro";"Simples";"Reta";"Sim";1;0;1;0;0;0;1;1;-12,24953308;-38,93362525;"SPRF-BA";"DEL02-BA";"UOP01-DEL02-BA"
483960;2022-10-30;"domingo";"19:00:00";"MT";163;1033;"MATUPA";"Condutor deixou de manter distância do veículo da frente";"Colisão traseira";"Com Vítimas Feridas";"Plena Noite";"Decrescente";"Céu Claro";"Simples";"Reta";"Sim";2;0;1;0;1;0;1;2;-10,216574;-54,967885;"SPRF-MT";"DEL06-MT";"UOP03-DEL06-MT"
483961;2022-10-30;"domingo";"20:00:00";"MG";262;380,5;"MATEUS LEME";"Pista Escorregadia";"Saída de leito carroçável";"Com Vítimas Feridas";"Plena Noite";"Decrescente";"Chuva";"Dupla";"Curva;Declive";"Não";2;0;1;0;1;0;1;1;-19,933956;-44,393574;"SPRF-MG";"DEL01-MG";"UOP03-DEL01-MG"
483963;2022-10-30;"domingo";"19:45:00";"RJ";40;109;"DUQUE DE CAXIAS";"Reação tardia ou ineficiente do condutor";"Colisão traseira";"Sem Vítimas";"Plena Noite";"Decrescente";"Céu Claro";"Simples";"Curva";"Sim";2;0;0;0;2;0;0;2;-22,67374628;-43,28638368;"SPRF-RJ";"DEL01-RJ";"UOP01-DEL01-RJ"
483965;2022-10-30;"domingo";"16:45:00";"MG";262;0,8;"MARTINS SOARES";"Ausência de reação do condutor";"Saída de leito carroçável";"Sem Vítimas";"Pleno dia";"Decrescente";"Céu Claro";"Simples";"Reta";"Não";1;0;0;0;1;0;0;1;-20,276463;-41,77902;"SPRF-MG";"DEL06-MG";"UOP03-DEL06-MG"
483966;2022-10-30;"domingo";"19:50:00";"PR";376;176;"MARINGA";"Chuva";"Colisão traseira";"Com Vítimas Feridas";"Plena Noite";"Decrescente";"Chuva";"Múltipla";"Reta";"Sim";2;0;1;0;1;0;1;2;-23,41269173;-51,93158327;"SPRF-PR";"DEL09-PR";"UOP01-DEL09-PR"
483967;2022-10-30;"domingo";"20:20:00";"PE";232;80,8;"GRAVATA";"Transitar na contramão";"Colisão frontal";"Com Vítimas Feridas";"Plena Noite";"Decrescente";"Céu Claro";"Simples";"Declive;Interseção de Vias;Reta";"Sim";2;0;1;0;1;0;1;2;-8,197399;-35,578971;"SPRF-PE";"DEL02-PE";"UOP02-DEL02PE"
483969;2022-10-30;"domingo";"20:10:00";"MT";70;8;"BARRA DO GARCAS";"Ultrapassagem Indevida";"Colisão frontal";"Com Vítimas Feridas";"Plena Noite";"Decrescente";"Céu Claro";"Simples";"Reta";"Não";2;0;1;1;0;0;2;2;-15,87825854;-52,325823;"SPRF-MT";"DEL07-MT";"UOP01-DEL07-MT"
483974;2022-10-30;"domingo";"18:56:00";"RR";401;1;"BOA VISTA";"Ingestão de álcool pelo condutor";"Colisão traseira";"Com Vítimas Feridas";"Plena Noite";"Crescente";"Céu Claro";"Dupla";"Reta";"Sim";5;0;1;2;1;1;3;3;2,80336637;-60,68437815;"SPRF-RR";"DEL01-RR";"UOP01-DEL01-RR"
483976;2022-10-30;"domingo";"18:53:00";"MG";262;580;"CAMPOS ALTOS";"Chuva";"Saída de leito carroçável";"Sem Vítimas";"Plena Noite";"Crescente";"Chuva";"Dupla";"Curva";"Não";1;0;0;0;1;0;0;1;-19,6646721;-46,06563103;"SPRF-MG";"DEL08-MG";"UOP02-DEL08-MG"
483977;2022-10-30;"domingo";"19:10:00";"MG";381;543,9;"ITATIAIUCU";"Reação tardia ou ineficiente do condutor";"Saída de leito carroçável";"Com Vítimas Feridas";"Plena Noite";"Decrescente";"Chuva";"Dupla";"Declive;Curva";"Não";6;0;5;0;1;0;5;1;-20,26492509;-44,42256682;"SPRF-MG";"DEL04-MG";"UOP03-DEL04-MG"
483978;2022-10-30;"domingo";"19:10:00";"RS";153;32;"TRES ARROIOS";"Ingestão de álcool pelo condutor";"Colisão lateral sentido oposto";"Sem Vítimas";"Plena Noite";"Decrescente";"Chuva";"Simples";"Declive;Reta";"Não";3;0;0;0;3;0;0;2;-27,53642327;-52,18118652;"SPRF-RS";"DEL08-RS";"UOP04-DEL08-RS"
483979;2022-10-30;"domingo";"20:40:00";"RS";471;174,9;"RIO PARDO";"Chuva";"Saída de leito carroçável";"Com Vítimas Feridas";"Plena Noite";"Decrescente";"Chuva";"Simples";"Rotatória";"Sim";2;0;0;2;0;0;2;1;-29,98972038;-52,36824274;"SPRF-RS";"DEL02-RS";"UOP03-DEL02-RS"
483980;2022-10-30;"domingo";"21:30:00";"GO";20;181;"SIMOLANDIA";"Iluminação deficiente";"Atropelamento de Pedestre";"Com Vítimas Feridas";"Plena Noite";"Crescente";"Céu Claro";"Dupla";"Reta";"Não";3;0;1;0;0;2;1;2;-14,470801;-46,486183;"SPRF-DF";"DEL02-DF";"UOP03-DEL02-DF"
483982;2022-10-30;"domingo";"21:15:00";"GO";60;118;"TEREZOPOLIS DE GOIAS";"Desrespeitar a preferência no cruzamento";"Colisão transversal";"Sem Vítimas";"Plena Noite";"Crescente";"Céu Claro";"Dupla";"Reta";"Sim";4;0;0;0;4;0;0;2;-16,4848;-49,0935;"SPRF-GO";"DEL01-GO";"UOP01-DEL01-GO"
483983;2022-10-30;"domingo";"20:15:00";"RJ";101;301;"SAO GONCALO";"Demais falhas mecânicas ou elétricas";"Queda de ocupante de veículo";"Com Vítimas Feridas";"Plena Noite";"Crescente";"Céu Claro";"Dupla";"Reta";"Não";2;0;2;0;0;0;2;1;-22,77857497;-42,95745101;"SPRF-RJ";"DEL02-RJ";"UOP02-DEL02-RJ"
483984;2022-10-30;"domingo";"20:10:00";"SC";101;41,7;"JOINVILLE";"Acessar a via sem observar a presença dos outros veículos";"Colisão lateral mesmo sentido";"Sem Vítimas";"Plena Noite";"Decrescente";"Chuva";"Dupla";"Interseção de Vias";"Sim";2;0;0;0;2;0;0;2;-26,28215489;-48,88973081;"SPRF-SC";"DEL03-SC";"UOP01-DEL03-SC"
483985;2022-10-30;"domingo";"19:40:00";"MG";381;479,3;"CONTAGEM";"Avarias e/ou desgaste excessivo no pneu";"Colisão com objeto";"Com Vítimas Feridas";"Plena Noite";"Decrescente";"Chuva";"Dupla";"Curva";"Sim";2;0;1;0;1;0;1;2;-19,95889605;-44,069202;"SPRF-MG";"DEL01-MG";"UOP03-DEL01-MG"
483986;2022-10-30;"domingo";"21:00:00";"MG";40;467;"SETE LAGOAS";"Frear bruscamente";"Saída de leito carroçável";"Com Vítimas Feridas";"Plena Noite";"Crescente";"Chuva";"Dupla";"Reta";"Não";5;0;2;0;3;0;2;1;-19,45038924;-44,3166822;"SPRF-MG";"DEL02-MG";"UOP01-DEL02-MG"
483987;2022-10-30;"domingo";"19:45:00";"SC";101;312,4;"LAGUNA";"Ingestão de álcool pelo condutor";"Colisão frontal";"Com Vítimas Feridas";"Plena Noite";"Crescente";"Garoa/Chuvisco";"Simples";"Reta";"Sim";2;0;0;1;1;0;1;2;-28,433701;-48,806344;"SPRF-SC";"DEL02-SC";"UOP01-DEL02-SC"
483988;2022-10-30;"domingo";"21:00:00";"PB";230;11,1;"CABEDELO";"Ausência de reação do condutor";"Saída de leito carroçável";"Sem Vítimas";"Plena Noite";"Crescente";"Céu Claro";"Dupla";"Reta;Retorno Regulamentado";"Sim";1;0;0;0;0;1;0;1;-7,06284034;-34,8504138;"SPRF-PB";"DEL01-PB";"UOP01-DEL01-PB"
483989;2022-10-30;"domingo";"19:45:00";"SC";101;336;"TUBARAO";"Ingestão de álcool pelo condutor";"Colisão com objeto";"Sem Vítimas";"Plena Noite";"Decrescente";"Céu Claro";"Dupla";"Reta";"Sim";1;0;0;0;0;1;0;1;-28,47311347;-49,02437375;"SPRF-SC";"DEL02-SC";"UOP01-DEL02-SC"
483990;2022-10-30;"domingo";"21:05:00";"RJ";356;39;"ITAPERUNA";"Conversão proibida";"Colisão transversal";"Com Vítimas Feridas";"Plena Noite";"Decrescente";"Nublado";"Simples";"Curva";"Não";3;0;3;0;0;0;3;2;-21,20820314;-41,85021596;"SPRF-RJ";"DEL08-RJ";"UOP03-DEL08-RJ"
483991;2022-10-30;"domingo";"20:40:00";"SC";280;38,8;"ARAQUARI";"Chuva";"Saída de leito carroçável";"Com Vítimas Feridas";"Plena Noite";"Decrescente";"Chuva";"Simples";"Reta";"Não";1;0;1;0;0;0;1;1;-26,44572892;-48,81862707;"SPRF-SC";"DEL03-SC";"UOP03-DEL03-SC"
483992;2022-10-30;"domingo";"21:30:00";"PE";232;405;"SERRA TALHADA";"Ingestão de álcool pelo condutor";"Colisão traseira";"Sem Vítimas";"Plena Noite";"Decrescente";"Céu Claro";"Simples";"Reta";"Não";2;0;0;0;2;0;0;2;-7,98846994;-38,25633645;"SPRF-PE";"DEL04-PE";"UOP01-DEL04-PE"
483993;2022-10-30;"domingo";"20:20:00";"BA";101;717;"EUNAPOLIS";"Ultrapassagem Indevida";"Colisão lateral mesmo sentido";"Com Vítimas Feridas";"Plena Noite";"Decrescente";"Céu Claro";"Simples";"Declive;Reta";"Sim";5;0;2;0;3;0;2;3;-16,370524;-39,582477;"SPRF-BA";"DEL09-BA";"UOP01-DEL09-BA"
483994;2022-10-30;"domingo";"21:20:00";"PR";476;268,4;"SAO MATEUS DO SUL";"Acessar a via sem observar a presença dos outros veículos";"Colisão transversal";"Com Vítimas Feridas";"Plena Noite";"Crescente";"Chuva";"Simples";"Reta";"Sim";3;0;2;1;0;0;3;2;-25,896599;-50,320179;"SPRF-PR";"DEL02-PR";"UOP03-DEL02-PR"
483995;2022-10-30;"domingo";"22:30:00";"DF";70;1,6;"BRASILIA";"Ingestão de álcool pelo condutor";"Colisão traseira";"Sem Vítimas";"Plena Noite";"Decrescente";"Céu Claro";"Dupla";"Reta";"Sim";2;0;0;0;2;0;0;2;-15,795264;-48,063801;"SPRF-DF";"DEL03-DF";"UOP02-DEL03-DF"
483996;2022-10-30;"domingo";"19:30:00";"SC";101;303,3;"LAGUNA";"Ingestão de álcool pelo condutor";"Colisão lateral mesmo sentido";"Com Vítimas Feridas";"Plena Noite";"Decrescente";"Chuva";"Múltipla";"Reta";"Não";3;0;1;1;1;0;2;2;-28,38480275;-48,77176523;"SPRF-SC";"DEL02-SC";"UOP03-DEL02-SC"
483997;2022-10-30;"domingo";"19:00:00";"RJ";101;577;"PARATY";"Reação tardia ou ineficiente do condutor";"Tombamento";"Com Vítimas Feridas";"Plena Noite";"Crescente";"Chuva";"Simples";"Curva";"Não";2;0;1;1;0;0;2;1;-23,23629861;-44,69924927;"SPRF-RJ";"DEL03-RJ";"UOP02-DEL03-RJ"
483998;2022-10-30;"domingo";"20:30:00";"PA";316;151;"CAPANEMA";"Ausência de reação do condutor";"Tombamento";"Com Vítimas Feridas";"Plena Noite";"Decrescente";"Céu Claro";"Simples";"Rotatória";"Sim";1;0;1;0;0;0;1;1;-1,21279075;-47,18200692;"SPRF-PA";"DEL01-PA";"UOP03-DEL01-PA"
484000;2022-10-30;"domingo";"21:45:00";"GO";80;94,3;"VILA PROPICIO";"Acesso irregular";"Colisão lateral sentido oposto";"Com Vítimas Feridas";"Plena Noite";"Decrescente";"Céu Claro";"Simples";"Reta";"Sim";3;0;1;1;1;0;2;2;-15,20846;-48,700869;"SPRF-GO";"DEL07-GO";"UOP02-DEL07-GO"
484002;2022-10-30;"domingo";"18:10:00";"SC";101;304,9;"LAGUNA";"Demais falhas mecânicas ou elétricas";"Saída de leito carroçável";"Com Vítimas Feridas";"Plena Noite";"Decrescente";"Céu Claro";"Dupla";"Reta";"Não";1;0;1;0;0;0;1;1;-28,35003337;-48,73874187;"SPRF-SC";"DEL02-SC";"UOP03-DEL02-SC"
484003;2022-10-30;"domingo";"23:00:00";"SC";101;138,6;"BALNEARIO CAMBORIU";"Chuva";"Capotamento";"Sem Vítimas";"Plena Noite";"Crescente";"Chuva";"Dupla";"Curva";"Sim";1;0;0;0;1;0;0;1;-27,0280887;-48,60600471;"SPRF-SC";"DEL04-SC";"UOP03-DEL04-SC"
484009;2022-10-30;"domingo";"22:00:00";"RS";448;10;"CANOAS";"Velocidade Incompatível";"Tombamento";"Com Vítimas Feridas";"Plena Noite";"Decrescente";"Céu Claro";"Simples";"Curva;Declive";"Não";1;0;1;0;0;0;1;1;-29,88166987;-51,23406097;"SPRF-RS";"DEL01-RS";"UOP01-DEL01-RS"
484010;2022-10-30;"domingo";"22:30:00";"MG";40;521,9;"CONTAGEM";"Transitar no acostamento";"Colisão traseira";"Com Vítimas Feridas";"Plena Noite";"Decrescente";"Chuva";"Dupla";"Reta";"Sim";2;0;0;1;0;1;1;2;-19,85651501;-44,07213222;"SPRF-MG";"DEL01-MG";"UOP02-DEL01-MG"
484011;2022-10-30;"domingo";"22:50:00";"PE";423;123,9;"PARANATAMA";"Ingestão de álcool pelo condutor";"Colisão frontal";"Com Vítimas Fatais";"Plena Noite";"Crescente";"Céu Claro";"Simples";"Reta;Declive";"Não";6;1;0;0;5;0;0;2;-8,92566499;-36,71841602;"SPRF-PE";"DEL03-PE";"UOP01-DEL03-PE"
484012;2022-10-30;"domingo";"23:40:00";"RS";287;248;"SANTA MARIA";"Conversão proibida";"Colisão transversal";"Sem Vítimas";"Plena Noite";"Decrescente";"Garoa/Chuvisco";"Dupla";"Interseção de Vias;Em Obras;Reta";"Sim";3;0;0;0;3;0;0;2;-29,696018;-53,850956;"SPRF-RS";"DEL09-RS";"UOP01-DEL09-RS"
484013;2022-10-30;"domingo";"23:15:00";"RS";116;265;"CANOAS";"Ingestão de álcool pelo condutor";"Colisão com objeto";"Sem Vítimas";"Plena Noite";"Decrescente";"Garoa/Chuvisco";"Dupla";"Interseção de Vias;Reta";"Sim";1;0;0;0;1;0;0;1;-29,92342302;-51,17780944;"SPRF-RS";"DEL01-RS";"UOP01-DEL01-RS"
484014;2022-10-30;"domingo";"23:10:00";"PR";376;176,3;"MARINGA";"Ingestão de álcool pelo condutor";"Colisão traseira";"Com Vítimas Feridas";"Plena Noite";"Decrescente";"Nublado";"Dupla";"Reta;Declive";"Sim";2;0;1;0;1;0;1;2;-23,41269173;-51,93158327;"SPRF-PR";"DEL09-PR";"UOP01-DEL09-PR"
484015;2022-10-30;"domingo";"22:40:00";"PR";376;602;"CURITIBA";"Desrespeitar a preferência no cruzamento";"Colisão lateral mesmo sentido";"Com Vítimas Feridas";"Plena Noite";"Crescente";"Nublado";"Múltipla";"Interseção de Vias;Curva";"Sim";2;0;1;0;0;1;1;2;-25,54329052;-49,30719981;"SPRF-PR";"DEL01-PR";"UOP06-DEL01-PR"
484017;2022-10-30;"domingo";"20:48:00";"GO";0;0;"JATAI";"Problema com o freio";"Colisão com objeto";"Com Vítimas Feridas";"Plena Noite";"Não Informado";"Céu Claro";"Simples";"Reta";"Sim";8;0;1;0;1;6;1;3;-17,8712027;-51,7381182;"SPRF-GO";"DEL05-GO";"UOP01-DEL05-GO"
484018;2022-10-30;"domingo";"19:40:00";"MG";40;510,1;"RIBEIRAO DAS NEVES";"Chuva";"Tombamento";"Sem Vítimas";"Plena Noite";"Decrescente";"Chuva";"Dupla";"Reta;Declive";"Sim";1;0;0;0;0;1;0;1;-19,77657479;-44,12158912;"SPRF-MG";"DEL01-MG";"UOP02-DEL01-MG"
484020;2022-10-31;"segunda-feira";"00:05:00";"MG";116;739,1;"LARANJAL";"Ausência de reação do condutor";"Saída de leito carroçável";"Sem Vítimas";"Plena Noite";"Crescente";"Nublado";"Simples";"Reta";"Não";1;0;0;0;0;1;0;1;-21,39943786;-42,49496925;"SPRF-MG";"DEL07-MG";"UOP01-DEL07-MG"
484023;2022-10-30;"domingo";"23:15:00";"BA";415;20,9;"ILHEUS";"Acessar a via sem observar a presença dos outros veículos";"Colisão lateral mesmo sentido";"Com Vítimas Feridas";"Plena Noite";"Decrescente";"Chuva";"Simples";"Reta";"Não";2;0;1;0;1;0;1;2;-14,801518;-39,151544;"SPRF-BA";"DEL05-BA";"UOP01-DEL05-BA"
484024;2022-10-30;"domingo";"23:00:00";"BA";324;611;"SIMOES FILHO";"Ausência de reação do condutor";"Tombamento";"Com Vítimas Feridas";"Plena Noite";"Crescente";"Céu Claro";"Dupla";"Reta";"Sim";1;0;1;0;0;0;1;1;-12,83798396;-38,41427011;"SPRF-BA";"DEL01-BA";"UOP01-DEL01-BA"
484025;2022-10-30;"domingo";"21:00:00";"RO";364;386,1;"OURO PRETO DO OESTE";"Velocidade Incompatível";"Saída de leito carroçável";"Com Vítimas Feridas";"Plena Noite";"Crescente";"Nublado";"Simples";"Reta";"Sim";1;0;1;0;0;0;1;1;-10,70116422;-62,26238327;"SPRF-RO";"DEL03-RO";"UOP02-DEL03-RO"
484026;2022-10-31;"segunda-feira";"00:10:00";"PR";277;6,7;"PARANAGUA";"Ausência de reação do condutor";"Saída de leito carroçável";"Sem Vítimas";"Plena Noite";"Crescente";"Nublado";"Dupla";"Declive;Curva";"Sim";1;0;0;0;0;1;0;1;-25,568198;-48,615292;"SPRF-PR";"DEL01-PR";"UOP05-DEL01-PR"
484027;2022-10-30;"domingo";"20:30:00";"MG";262;10,4;"MARTINS SOARES";"Ingestão de álcool pelo condutor";"Saída de leito carroçável";"Com Vítimas Feridas";"Plena Noite";"Decrescente";"Chuva";"Simples";"Reta";"Não";2;0;0;2;0;0;2;1;-20,247054;-41,847739;"SPRF-MG";"DEL06-MG";"UOP03-DEL06-MG"
484028;2022-10-31;"segunda-feira";"00:30:00";"BA";367;73;"EUNAPOLIS";"Demais falhas mecânicas ou elétricas";"Incêndio";"Sem Vítimas";"Plena Noite";"Crescente";"Céu Claro";"Simples";"Reta;Aclive";"Não";3;0;0;0;3;0;0;1;-16,38476542;-39,48916587;"SPRF-BA";"DEL09-BA";"UOP03-DEL09-BA"