"id";"data_inversa";"dia_semana";"horario";"uf";"br";"km";"municipio";"causa_acidente";"tipo_acidente";"classificacao_acidente";"fase_dia";"sentido_via";"condicao_metereologica";"tipo_pista";"tracado_via";"uso_solo";"pessoas";"mortos";"feridos_leves";"feridos_graves";"ilesos";"ignorados";"feridos";"veiculos";"latitude";"longitude";"regional";"delegacia";"uop"
484029;2022-10-31;"segunda-feira";"01:00:00";"PR";116;125;"FAZENDA RIO GRANDE";"Condutor desrespeitou a iluminação vermelha do semáforo";"Colisão transversal";"Com Vítimas Feridas";"Plena Noite";"Crescente";"Céu Claro";"Dupla";"Reta";"Sim";2;0;1;1;0;0;2;2;-25,59505309;-49,31630659;"SPRF-PR";"DEL01-PR";"UOP03-DEL01-PR"
484030;2022-10-31;"segunda-feira";"00:30:00";"MG";459;97;"POUSO ALEGRE";"Ingestão de álcool pelo condutor";"Colisão lateral sentido oposto";"Com Vítimas Feridas";"Plena Noite";"Decrescente";"Céu Claro";"Dupla";"Reta";"Não";2;0;1;0;1;0;1;2;-22,199377;-45,969555;"SPRF-MG";"DEL09-MG";"UOP01-DEL09-MG"
484031;2022-10-31;"segunda-feira";"01:00:00";"BA";324;606;"SIMOES FILHO";"Condutor Dormindo";"Saída de leito carroçável";"Com Vítimas Feridas";"Plena Noite";"Decrescente";"Céu Claro";"Dupla";"Curva";"Não";3;0;1;1;1;0;2;1;-12,79340512;-38,40485325;"SPRF-BA";"DEL01-BA";"UOP01-DEL01-BA"
484032;2022-10-30;"domingo";"19:20:00";"SC";101;274;"IMBITUBA";"Ausência de reação do condutor";"Colisão com objeto";"Sem Vítimas";"Plena Noite";"Decrescente";"Nublado";"Simples";"Reta";"Não";1;0;0;0;0;1;0;1;-28,13401968;-48,69181663;"SPRF-SC";"DEL02-SC";"UOP03-DEL02-SC"
484033;2022-10-31;"segunda-feira";"00:30:00";"PE";423;111,9;"PARANATAMA";"Ingestão de álcool e/ou substâncias psicoativas pelo pedestre";"Atropelamento de Pedestre";"Com Vítimas Fatais";"Plena Noite";"Crescente";"Céu Claro";"Simples";"Reta;Declive";"Não";2;2;0;0;0;0;0;2;-8,89303549;-36,61653287;"SPRF-PE";"DEL03-PE";"UOP01-DEL03-PE"
484034;2022-10-31;"segunda-feira";"01:00:00";"CE";116;41;"HORIZONTE";"Ausência de reação do condutor";"Colisão traseira";"Com Vítimas Feridas";"Plena Noite";"Decrescente";"Céu Claro";"Dupla";"Reta";"Sim";2;0;1;0;1;0;1;2;-4,1024351;-38,50001011;"SPRF-CE";"DEL01-CE";"UOP02-DEL01-CE"
484036;2022-10-31;"segunda-feira";"02:46:00";"DF";20;21;"BRASILIA";"Ingestão de álcool pelo condutor";"Saída de leito carroçável";"Com Vítimas Feridas";"Plena Noite";"Crescente";"Nublado";"Dupla";"Reta";"Sim";1;0;1;0;0;0;1;1;-15,603384;-47,684692;"SPRF-DF";"DEL02-DF";"UOP01-DEL02-DF"
484037;2022-10-31;"segunda-feira";"03:00:00";"SP";116;367;"MIRACATU";"Ausência de reação do condutor";"Colisão com objeto";"Com Vítimas Feridas";"Plena Noite";"Decrescente";"Chuva";"Dupla";"Curva";"Não";1;0;1;0;0;0;1;1;-24,14628882;-47,29333804;"SPRF-SP";"DEL04-SP";"UOP02-DEL04-SP"
484038;2022-10-30;"domingo";"23:30:00";"PE";428;152;"PETROLINA";"Condutor deixou de manter distância do veículo da frente";"Colisão traseira";"Com Vítimas Feridas";"Plena Noite";"Crescente";"Céu Claro";"Simples";"Reta";"Sim";5;0;2;0;3;0;2;2;-9,0854229;-40,32046116;"SPRF-PE";"DEL06-PE";"UOP01-DEL06-PE"
484039;2022-10-30;"domingo";"22:50:00";"MS";267;21;"BATAGUASSU";"Animais na Pista";"Atropelamento de Animal";"Com Vítimas Feridas";"Plena Noite";"Decrescente";"Nublado";"Simples";"Declive";"Não";1;0;1;0;0;0;1;1;-21,726785;-52,335748;"SPRF-MS";"DEL02-MS";"UOP04-DEL02-MS"
484040;2022-10-30;"domingo";"16:50:00";"SC";470;105;"APIUNA";"Velocidade Incompatível";"Capotamento";"Com Vítimas Feridas";"Pleno dia";"Decrescente";"Nublado";"Simples";"Curva";"Não";1;0;1;0;0;0;1;1;-27,066006;-49,417019;"SPRF-SC";"DEL04-SC";"UOP02-DEL04-SC"
484042;2022-10-31;"segunda-feira";"02:50:00";"CE";116;6,2;"FORTALEZA";"Ausência de reação do condutor";"Saída de leito carroçável";"Sem Vítimas";"Plena Noite";"Crescente";"Céu Claro";"Múltipla";"Reta";"Sim";1;0;0;0;0;1;0;1;-3,80402611;-38,50354493;"SPRF-CE";"DEL01-CE";"UOP02-DEL01-CE"
484043;2022-10-31;"segunda-feira";"03:45:00";"RS";386;370,9;"FAZENDA VILANOVA";"Reação tardia ou ineficiente do condutor";"Saída de leito carroçável";"Com Vítimas Feridas";"Plena Noite";"Crescente";"Chuva";"Dupla";"Reta";"Não";1;0;1;0;0;0;1;1;-29,591442;-51,822659;"SPRF-RS";"DEL04-RS";"NPF/DEL04-RS"
484045;2022-10-31;"segunda-feira";"01:20:00";"MG";381;503;"BETIM";"Objeto estático sobre o leito carroçável";"Colisão com objeto";"Sem Vítimas";"Plena Noite";"Crescente";"Chuva";"Dupla";"Reta";"Sim";1;0;0;0;1;0;0;1;-20,02722587;-44,23254879;"SPRF-MG";"DEL01-MG";"UOP03-DEL01-MG"
484046;2022-10-31;"segunda-feira";"03:10:00";"GO";364;148;"APARECIDA DO RIO DOCE";"Animais na Pista";"Saída de leito carroçável";"Com Vítimas Feridas";"Plena Noite";"Crescente";"Nublado";"Simples";"Reta";"Não";3;0;1;0;2;0;1;1;-18,168346;-51,411457;"SPRF-GO";"DEL05-GO";"UOP02-DEL05-GO"
484047;2022-10-31;"segunda-feira";"01:40:00";"MG";153;210;"FRUTAL";"Reação tardia ou ineficiente do condutor";"Colisão com objeto";"Com Vítimas Feridas";"Plena Noite";"Crescente";"Nublado";"Dupla";"Interseção de Vias";"Não";1;0;1;0;0;0;1;1;-20,02006886;-49,04728174;"SPRF-MG";"DEL13-MG";"UOP02-DEL13-MG"
484050;2022-10-31;"segunda-feira";"05:30:00";"DF";20;9,8;"BRASILIA";"Acessar a via sem observar a presença dos outros veículos";"Colisão lateral mesmo sentido";"Sem Vítimas";"Amanhecer";"Crescente";"Céu Claro";"Dupla";"Reta;Retorno Regulamentado";"Sim";3;0;0;0;3;0;0;3;-15,654671;-47,782917;"SPRF-DF";"DEL02-DF";"UOP01-DEL02-DF"
484051;2022-10-31;"segunda-feira";"06:03:00";"PE";101;58;"PAULISTA";"Retorno proibido";"Colisão traseira";"Com Vítimas Feridas";"Pleno dia";"Decrescente";"Céu Claro";"Dupla";"Reta";"Não";2;0;1;0;1;0;1;2;-7,97063209;-34,92064675;"SPRF-PE";"DEL01-PE";"UOP02-DEL01-PE"
484055;2022-10-30;"domingo";"23:00:00";"GO";60;127;"GOIANAPOLIS";"Ingestão de álcool pelo condutor";"Saída de leito carroçável";"Sem Vítimas";"Plena Noite";"Decrescente";"Céu Claro";"Dupla";"Reta";"Não";1;0;0;0;1;0;0;1;-16,5412;-49,1495;"SPRF-GO";"DEL01-GO";"UOP01-DEL01-GO"
484056;2022-10-31;"segunda-feira";"06:30:00";"PR";487;131,4;"TUNEIRAS DO OESTE";"Acumulo de água sobre o pavimento";"Saída de leito carroçável";"Com Vítimas Feridas";"Pleno dia";"Decrescente";"Chuva";"Simples";"Reta";"Não";3;0;2;0;1;0;2;1;-23,90557081;-52,76778793;"SPRF-PR";"DEL09-PR";"UOP03-DEL09-PR"
484057;2022-10-31;"segunda-feira";"06:30:00";"BA";324;582;"CANDEIAS";"Condutor deixou de manter distância do veículo da frente";"Colisão traseira";"Com Vítimas Feridas";"Pleno dia";"Crescente";"Céu Claro";"Dupla";"Reta";"Não";2;0;1;0;1;0;1;2;-12,60856603;-38,49390902;"SPRF-BA";"DEL01-BA";"UOP01-DEL01-BA"
484058;2022-10-30;"domingo";"22:00:00";"RS";468;87;"CAMPO NOVO";"Transitar na contramão";"Colisão frontal";"Com Vítimas Feridas";"Plena Noite";"Crescente";"Nevoeiro/Neblina";"Simples";"Reta";"Não";7;0;3;3;1;0;6;3;-27,56481925;-53,85987282;"SPRF-RS";"DEL08-RS";"UOP02-DEL08-RS"
484059;2022-10-31;"segunda-feira";"07:30:00";"SP";116;191;"SANTA ISABEL";"Frear bruscamente";"Capotamento";"Com Vítimas Feridas";"Pleno dia";"Decrescente";"Garoa/Chuvisco";"Dupla";"Reta";"Sim";1;0;1;0;0;0;1;1;-23,37124281;-46,2426022;"SPRF-SP";"DEL01-SP";"NPF/DEL01-SP"
484060;2022-10-31;"segunda-feira";"06:50:00";"BA";324;611;"SALVADOR";"Ausência de reação do condutor";"Colisão lateral mesmo sentido";"Com Vítimas Feridas";"Pleno dia";"Crescente";"Céu Claro";"Dupla";"Reta";"Sim";2;0;1;0;1;0;1;2;-12,83798396;-38,41427011;"SPRF-BA";"DEL01-BA";"UOP01-DEL01-BA"
484062;2022-10-31;"segunda-feira";"07:00:00";"RJ";116;177;"NOVA IGUACU";"Demais falhas mecânicas ou elétricas";"Colisão com objeto";"Com Vítimas Feridas";"Pleno dia";"Crescente";"Céu Claro";"Múltipla";"Reta";"Sim";1;0;1;0;0;0;1;1;-22,78055198;-43,39208599;"SPRF-RJ";"DEL01-RJ";"UOP02-DEL01-RJ"
484063;2022-10-31;"segunda-feira";"07:30:00";"SC";101;212,4;"PALHOCA";"Acessar a via sem observar a presença dos outros veículos";"Colisão lateral mesmo sentido";"Com Vítimas Feridas";"Pleno dia";"Decrescente";"Céu Claro";"Múltipla";"Reta";"Sim";3;0;2;0;1;0;2;2;-27,62996929;-48,65903871;"SPRF-SC";"DEL01-SC";"UOP02-DEL01-SC"
484064;2022-10-30;"domingo";"12:15:00";"MG";40;748;"SANTOS DUMONT";"Conversão proibida";"Colisão transversal";"Com Vítimas Feridas";"Pleno dia";"Decrescente";"Céu Claro";"Simples";"Curva";"Sim";3;0;2;0;1;0;2;2;-21,43796619;-43,55638245;"SPRF-MG";"DEL05-MG";"UOP01-DEL05-MG"
484066;2022-10-11;"terça-feira";"23:55:00";"MT";163;69,3;"RONDONOPOLIS";"Ingestão de álcool e/ou substâncias psicoativas pelo pedestre";"Queda de ocupante de veículo";"Com Vítimas Fatais";"Plena Noite";"Decrescente";"Nublado";"Dupla";"Reta";"Não";4;1;0;0;1;2;0;2;-16,91080199;-54,72479904;"SPRF-MT";"DEL02-MT";"UOP03-DEL02-MT"
484067;2022-10-31;"segunda-feira";"08:05:00";"RS";116;245;"SAO LEOPOLDO";"Trafegar com motocicleta (ou similar) entre as faixas";"Colisão lateral mesmo sentido";"Com Vítimas Feridas";"Pleno dia";"Crescente";"Chuva";"Dupla";"Reta";"Sim";2;0;1;0;1;0;1;2;-29,74980902;-51,15125361;"SPRF-RS";"DEL01-RS";"UOP02-DEL01-RS"
484068;2022-10-31;"segunda-feira";"08:00:00";"GO";50;280,6;"CATALAO";"Ultrapassagem Indevida";"Colisão lateral mesmo sentido";"Com Vítimas Feridas";"Pleno dia";"Crescente";"Céu Claro";"Simples";"Rotatória";"Sim";13;0;1;0;12;0;1;2;-18,1784;-47,9362;"SPRF-GO";"DEL06-GO";"UOP01-DEL06-GO"
484071;2022-10-31;"segunda-feira";"08:14:00";"RN";110;1;"AREIA BRANCA";"Transitar no acostamento";"Colisão lateral mesmo sentido";"Com Vítimas Feridas";"Pleno dia";"Decrescente";"Céu Claro";"Simples";"Reta";"Sim";2;0;1;0;1;0;1;2;-4,94784603;-37,12300197;"SPRF-RN";"DEL04-RN";"UOP01-DEL04-RN"
484072;2022-10-30;"domingo";"17:00:00";"RS";293;22;"CAPAO DO LEAO";"Ausência de reação do condutor";"Colisão frontal";"Com Vítimas Feridas";"Pleno dia";"Crescente";"Chuva";"Simples";"Reta";"Não";2;0;1;0;1;0;1;2;-31,73624309;-52,54172002;"SPRF-RS";"DEL07-RS";"UOP01-DEL07-RS"
484073;2022-10-31;"segunda-feira";"07:15:00";"SP";116;86,7;"PINDAMONHANGABA";"Demais falhas mecânicas ou elétricas";"Incêndio";"Sem Vítimas";"Pleno dia";"Crescente";"Céu Claro";"Dupla";"Reta";"Não";1;0;0;0;1;0;0;1;-22,92639476;-45,35307511;"SPRF-SP";"DEL08-SP";"UOP01-DEL08-SP"
484074;2022-10-31;"segunda-feira";"06:40:00";"SC";280;121,5;"SAO BENTO DO SUL";"Ausência de reação do condutor";"Engavetamento";"Com Vítimas Feridas";"Pleno dia";"Decrescente";"Céu Claro";"Simples";"Reta";"Não";3;0;1;0;2;0;1;3;-26,24420169;-49,46557991;"SPRF-SC";"DEL06-SC";"UOP03-DEL06-SC"
484075;2022-10-31;"segunda-feira";"08:30:00";"RS";290;49,8;"GLORINHA";"Pista Escorregadia";"Colisão com objeto";"Com Vítimas Feridas";"Pleno dia";"Decrescente";"Chuva";"Dupla";"Reta";"Não";1;0;1;0;0;0;1;1;-29,906352;-50,756245;"SPRF-RS";"DEL03-RS";"UOP01-DEL03-RS"
484076;2022-10-31;"segunda-feira";"08:30:00";"BA";101;719;"EUNAPOLIS";"Acessar a via sem observar a presença dos outros veículos";"Colisão transversal";"Sem Vítimas";"Pleno dia";"Crescente";"Chuva";"Simples";"Reta;Interseção de Vias";"Sim";2;0;0;0;2;0;0;2;-16,38644947;-39,58644144;"SPRF-BA";"DEL09-BA";"UOP01-DEL09-BA"
484077;2022-10-31;"segunda-feira";"08:36:00";"RN";101;99;"NATAL";"Transitar na contramão";"Colisão frontal";"Com Vítimas Feridas";"Pleno dia";"Decrescente";"Céu Claro";"Múltipla";"Reta";"Sim";2;0;0;1;1;0;1;2;-5,87359183;-35,22063023;"SPRF-RN";"DEL01-RN";"UOP01-DEL01-RN"
484078;2022-10-31;"segunda-feira";"08:30:00";"MG";40;511,1;"RIBEIRAO DAS NEVES";"Reação tardia ou ineficiente do condutor";"Tombamento";"Com Vítimas Feridas";"Pleno dia";"Crescente";"Chuva";"Dupla";"Reta";"Sim";1;0;1;0;0;0;1;1;-19,78164295;-44,11733194;"SPRF-MG";"DEL01-MG";"UOP02-DEL01-MG"
484080;2022-10-31;"segunda-feira";"07:00:00";"MG";40;548;"NOVA LIMA";"Reação tardia ou ineficiente do condutor";"Colisão com objeto";"Sem Vítimas";"Amanhecer";"Crescente";"Chuva";"Dupla";"Reta";"Não";2;0;0;0;1;1;0;2;-20,03136499;-43,96967792;"SPRF-MG";"DEL01-MG";"UOP02-DEL01-MG"
484081;2022-10-31;"segunda-feira";"08:30:00";"MG";381;921,4;"CAMANDUCAIA";"Chuva";"Capotamento";"Com Vítimas Feridas";"Pleno dia";"Crescente";"Chuva";"Dupla";"Curva;Declive";"Não";4;0;4;0;0;0;4;1;-22,7680939;-46,20854399;"SPRF-MG";"DEL16-MG";"UOP03-DEL16-MG"
484082;2022-10-31;"segunda-feira";"09:20:00";"RJ";101;321;"NITEROI";"Manobra de mudança de faixa";"Colisão lateral mesmo sentido";"Com Vítimas Feridas";"Pleno dia";"Crescente";"Nublado";"Dupla";"Reta";"Sim";3;0;1;0;2;0;1;2;-22,86981096;-43,11046465;"SPRF-RJ";"DEL02-RJ";"UOP01-DEL02-RJ"
484083;2022-10-31;"segunda-feira";"07:30:00";"MG";365;26,4;"MONTES CLAROS";"Velocidade Incompatível";"Saída de leito carroçável";"Com Vítimas Feridas";"Pleno dia";"Decrescente";"Chuva";"Simples";"Reta";"Não";2;0;2;0;0;0;2;1;-16,85144573;-44,06967486;"SPRF-MG";"DEL12-MG";"UOP01-DEL12-MG"
484084;2022-10-31;"segunda-feira";"08:30:00";"PR";153;468,8;"PORTO VITORIA";"Chuva";"Saída de leito carroçável";"Com Vítimas Feridas";"Pleno dia";"Crescente";"Chuva";"Simples";"Curva";"Não";1;0;1;0;0;0;1;1;-26,35157492;-51,25259399;"SPRF-PR";"DEL02-PR";"UOP03-DEL02-PR"
484086;2022-10-27;"quinta-feira";"20:30:00";"SP";0;0;"JACAREI";"Reação tardia ou ineficiente do condutor";"Colisão com objeto";"Sem Vítimas";"Plena Noite";"Não Informado";"Nublado";"Dupla";"Reta";"Não";2;0;0;0;2;0;0;1;-23,26428662;-45,95486641;"SPRF-SP";"DEL02-SP";"UOP01-DEL02-SP"
484088;2022-10-30;"domingo";"22:00:00";"MT";163;690;"LUCAS DO RIO VERDE";"Reação tardia ou ineficiente do condutor";"Saída de leito carroçável";"Com Vítimas Feridas";"Plena Noite";"Crescente";"Céu Claro";"Simples";"Reta";"Sim";2;0;0;1;1;0;1;1;-13,15897005;-55,97504688;"SPRF-MT";"DEL06-MT";"UOP02-DEL06-MT"
484091;2022-10-31;"segunda-feira";"10:00:00";"MG";262;354;"BETIM";"Condutor deixou de manter distância do veículo da frente";"Colisão traseira";"Com Vítimas Feridas";"Pleno dia";"Crescente";"Chuva";"Dupla";"Reta";"Não";2;0;1;0;1;0;1;2;-19,96216513;-44,16346396;"SPRF-MG";"DEL01-MG";"UOP03-DEL01-MG"
484092;2022-10-31;"segunda-feira";"09:30:00";"TO";153;330;"GUARAI";"Demais falhas mecânicas ou elétricas";"Queda de ocupante de veículo";"Com Vítimas Feridas";"Pleno dia";"Crescente";"Céu Claro";"Simples";"Reta";"Não";2;0;0;2;0;0;2;1;-8,799443;-48,512283;"SPRF-TO";"DEL02-TO";"UOP02-DEL02-TO"
484093;2022-10-31;"segunda-feira";"11:00:00";"MG";381;835,6;"SAO SEBASTIAO DA BELA VISTA";"Chuva";"Saída de leito carroçável";"Com Vítimas Feridas";"Pleno dia";"Decrescente";"Chuva";"Dupla";"Reta";"Não";1;0;1;0;0;0;1;1;-22,17094703;-45,83750295;"SPRF-MG";"DEL16-MG";"UOP01-DEL16-MG"
484094;2022-10-31;"segunda-feira";"07:20:00";"ES";262;120,8;"CONCEICAO DO CASTELO";"Condutor Dormindo";"Saída de leito carroçável";"Com Vítimas Feridas";"Pleno dia";"Decrescente";"Nublado";"Simples";"Curva;Declive";"Não";2;0;1;1;0;0;2;1;-20,29340228;-41,2284941;"SPRF-ES";"DEL01-ES";"UOP02-DEL01-ES"
484095;2022-10-31;"segunda-feira";"11:30:00";"MG";50;59,4;"UBERLANDIA";"Chuva";"Saída de leito carroçável";"Com Vítimas Feridas";"Pleno dia";"Crescente";"Chuva";"Dupla";"Curva;Aclive";"Não";5;0;4;0;1;0;4;1;-18,80182592;-48,23899615;"SPRF-MG";"DEL15-MG";"UOP02-DEL15-MG"
484096;2022-10-07;"sexta-feira";"19:35:00";"PB";230;14,7;"CABEDELO";"Trafegar com motocicleta (ou similar) entre as faixas";"Colisão lateral mesmo sentido";"Com Vítimas Feridas";"Plena Noite";"Decrescente";"Céu Claro";"Dupla";"Viaduto;Declive;Reta";"Sim";2;0;1;0;1;0;1;2;-7,04791973;-34,84875675;"SPRF-PB";"DEL01-PB";"UOP01-DEL01-PB"
484099;2022-10-31;"segunda-feira";"12:05:00";"RS";285;120,6;"VACARIA";"Acessar a via sem observar a presença dos outros veículos";"Colisão transversal";"Com Vítimas Feridas";"Pleno dia";"Decrescente";"Chuva";"Simples";"Rotatória";"Sim";2;0;1;0;1;0;1;2;-28,5143298;-50,93463421;"SPRF-RS";"DEL05-RS";"UOP03-DEL05-RS"
484102;2022-10-31;"segunda-feira";"11:30:00";"MG";381;941,2;"EXTREMA";"Chuva";"Capotamento";"Com Vítimas Feridas";"Pleno dia";"Decrescente";"Chuva";"Dupla";"Reta";"Não";2;0;2;0;0;0;2;1;-22,83054191;-46,31499213;"SPRF-MG";"DEL16-MG";"UOP03-DEL16-MG"
484103;2022-10-31;"segunda-feira";"12:30:00";"GO";50;268;"CATALAO";"Chuva";"Saída de leito carroçável";"Com Vítimas Feridas";"Pleno dia";"Decrescente";"Chuva";"Dupla";"Declive";"Não";1;0;1;0;0;0;1;1;-18,0944;-47,8761;"SPRF-GO";"DEL06-GO";"UOP01-DEL06-GO"
484104;2022-10-31;"segunda-feira";"12:20:00";"PI";343;54;"BURITI DOS LOPES";"Acessar a via sem observar a presença dos outros veículos";"Colisão transversal";"Com Vítimas Fatais";"Pleno dia";"Decrescente";"Céu Claro";"Simples";"Reta;Interseção de Vias";"Não";3;1;0;0;2;0;0;2;-3,208688;-41,830349;"SPRF-PI";"DEL05-PI";"UOP01-DEL05-PI"
484105;2022-10-31;"segunda-feira";"11:50:00";"GO";60;374;"RIO VERDE";"Acumulo de água sobre o pavimento";"Colisão traseira";"Com Vítimas Fatais";"Pleno dia";"Decrescente";"Chuva";"Dupla";"Curva;Aclive";"Não";2;1;0;0;1;0;0;2;-17,7179;-50,8566;"SPRF-GO";"DEL04-GO";"UOP02-DEL04-GO"
484106;2022-10-31;"segunda-feira";"12:10:00";"GO";60;235;"INDIARA";"Velocidade Incompatível";"Saída de leito carroçável";"Com Vítimas Feridas";"Pleno dia";"Crescente";"Céu Claro";"Dupla";"Aclive";"Não";2;0;1;0;1;0;1;1;-17,0794;-49,8299;"SPRF-GO";"DEL01-GO";"UOP02-DEL01-GO"
484107;2022-10-31;"segunda-feira";"10:30:00";"PE";101;82;"JABOATAO DOS GUARARAPES";"Acessar a via sem observar a presença dos outros veículos";"Colisão lateral mesmo sentido";"Sem Vítimas";"Pleno dia";"Crescente";"Céu Claro";"Múltipla";"Reta";"Sim";2;0;0;0;1;1;0;2;-8,168383;-34,9376;"SPRF-PE";"DEL01-PE";"UOP01-DEL01-PE"
484108;2022-10-31;"segunda-feira";"12:45:00";"PR";277;129;"BALSA NOVA";"Reação tardia ou ineficiente do condutor";"Saída de leito carroçável";"Sem Vítimas";"Pleno dia";"Decrescente";"Nublado";"Dupla";"Curva";"Não";1;0;0;0;1;0;0;1;-25,47314;-49,636224;"SPRF-PR";"DEL03-PR";"UOP03-DEL03-PR"
484109;2022-10-31;"segunda-feira";"12:40:00";"PB";230;448,1;"APARECIDA";"Mal súbito do condutor";"Saída de leito carroçável";"Com Vítimas Feridas";"Pleno dia";"Crescente";"Céu Claro";"Simples";"Reta";"Não";5;0;2;0;3;0;2;1;-6,7846;-38,0925;"SPRF-PB";"DEL03-PB";"UOP03-DEL03-PB"
484110;2022-10-31;"segunda-feira";"12:30:00";"MG";381;923,5;"CAMANDUCAIA";"Chuva";"Tombamento";"Com Vítimas Feridas";"Pleno dia";"Decrescente";"Chuva";"Dupla";"Curva";"Não";4;0;3;0;1;0;3;1;-22,77517102;-46,18723246;"SPRF-MG";"DEL16-MG";"UOP03-DEL16-MG"
484111;2022-10-31;"segunda-feira";"13:20:00";"SC";101;42;"JOINVILLE";"Velocidade Incompatível";"Colisão com objeto";"Com Vítimas Feridas";"Pleno dia";"Decrescente";"Chuva";"Dupla";"Curva";"Não";1;0;1;0;0;0;1;1;-26,29251598;-48,88474385;"SPRF-SC";"DEL03-SC";"UOP01-DEL03-SC"
484112;2022-10-31;"segunda-feira";"13:20:00";"RS";386;359,6;"ESTRELA";"Chuva";"Saída de leito carroçável";"Com Vítimas Feridas";"Pleno dia";"Crescente";"Chuva";"Dupla";"Retorno Regulamentado;Desvio Temporário;Curva;Em Obras;Interseção de Vias;Túnel;Rotatória;Viaduto;Ponte;Declive";"Não";2;0;2;0;0;0;2;1;-29,540054;-51,913406;"SPRF-RS";"DEL04-RS";"UOP02-DEL04-RS"
484115;2022-10-31;"segunda-feira";"13:30:00";"BA";116;459;"SANTO ESTEVAO";"Condutor deixou de manter distância do veículo da frente";"Colisão lateral mesmo sentido";"Com Vítimas Feridas";"Pleno dia";"Decrescente";"Céu Claro";"Dupla";"Reta";"Não";2;0;1;0;1;0;1;2;-12,42081589;-39,19884407;"SPRF-BA";"DEL02-BA";"UOP01-DEL02-BA"
484116;2022-10-31;"segunda-feira";"13:20:00";"MG";381;637;"SANTO ANTONIO DO AMPARO";"Velocidade Incompatível";"Saída de leito carroçável";"Com Vítimas Feridas";"Pleno dia";"Decrescente";"Céu Claro";"Dupla";"Curva;Aclive";"Não";5;0;5;0;0;0;5;1;-20,875253;-44,84438896;"SPRF-MG";"DEL04-MG";"UOP01-DEL04-MG"
484117;2022-10-31;"segunda-feira";"12:50:00";"RO";364;236,6;"CACOAL";"Manobra de mudança de faixa";"Colisão transversal";"Com Vítimas Feridas";"Pleno dia";"Decrescente";"Céu Claro";"Simples";"Interseção de Vias";"Sim";2;0;2;0;0;0;2;2;-11,46500296;-61,330719;"SPRF-RO";"DEL02-RO";"UOP02-DEL02-RO"
484120;2022-10-31;"segunda-feira";"14:00:00";"RS";290;50;"GLORINHA";"Pista Escorregadia";"Saída de leito carroçável";"Com Vítimas Feridas";"Pleno dia";"Decrescente";"Chuva";"Dupla";"Reta";"Não";3;0;2;0;1;0;2;1;-29,906633;-50,757706;"SPRF-RS";"DEL03-RS";"UOP01-DEL03-RS"
484121;2022-10-31;"segunda-feira";"14:10:00";"RJ";493;58,5;"DUQUE DE CAXIAS";"Demais falhas mecânicas ou elétricas";"Queda de ocupante de veículo";"Com Vítimas Feridas";"Pleno dia";"Crescente";"Nublado";"Dupla";"Reta";"Não";2;0;2;0;0;0;2;1;-22,67195664;-43,38440895;"SPRF-RJ";"DEL01-RJ";"UOP01-DEL01-RJ"
484123;2022-10-31;"segunda-feira";"08:30:00";"SC";101;282;"IMBITUBA";"Velocidade Incompatível";"Colisão lateral mesmo sentido";"Com Vítimas Feridas";"Pleno dia";"Decrescente";"Nublado";"Simples";"Reta";"Sim";2;0;1;0;1;0;1;2;-28,19626005;-48,69739859;"SPRF-SC";"DEL02-SC";"UOP03-DEL02-SC"
484126;2022-10-31;"segunda-feira";"14:30:00";"PE";408;59;"TRACUNHAEM";"Condutor deixou de manter distância do veículo da frente";"Colisão traseira";"Sem Vítimas";"Pleno dia";"Crescente";"Céu Claro";"Simples";"Reta";"Não";2;0;0;0;2;0;0;2;-7,80575494;-35,24395484;"SPRF-PE";"DEL01-PE";"UOP01-DEL01-PE"
484127;2022-10-31;"segunda-feira";"12:30:00";"MG";40;23,4;"PARACATU";"Pista Escorregadia";"Saída de leito carroçável";"Com Vítimas Feridas";"Pleno dia";"Decrescente";"Nublado";"Simples";"Curva";"Não";1;0;0;1;0;0;1;1;-17,12045998;-46,98625398;"SPRF-MG";"DEL14-MG";"UOP01-DEL14-MG"
484128;2022-10-31;"segunda-feira";"14:00:00";"PR";116;65;"QUATRO BARRAS";"Velocidade Incompatível";"Saída de leito carroçável";"Sem Vítimas";"Pleno dia";"Decrescente";"Nublado";"Dupla";"Curva";"Não";1;0;0;0;0;1;0;1;-25,31111256;-49,00326133;"SPRF-PR";"DEL01-PR";"UOP02-DEL01-PR"
484131;2022-10-31;"segunda-feira";"14:40:00";"PE";407;127;"PETROLINA";"Ultrapassagem Indevida";"Colisão transversal";"Com Vítimas Feridas";"Pleno dia";"Decrescente";"Céu Claro";"Simples";"Reta";"Sim";2;0;0;1;1;0;1;2;-9,3908677969;-40,5203862729;"SPRF-PE";"DEL06-PE";"UOP01-DEL06-PE"
484132;2022-10-31;"segunda-feira";"15:35:00";"SE";235;107,9;"CARIRA";"Desrespeitar a preferência no cruzamento";"Colisão transversal";"Com Vítimas Fatais";"Pleno dia";"Decrescente";"Céu Claro";"Simples";"Interseção de Vias";"Sim";3;1;0;0;2;0;0;2;-10,366173;-37,690163;"SPRF-SE";"DEL01-SE";"UOP02-DEL01-SE"
484135;2022-10-31;"segunda-feira";"10:00:00";"MG";381;183,7;"GOVERNADOR VALADARES";"Chuva";"Saída de leito carroçável";"Com Vítimas Feridas";"Pleno dia";"Crescente";"Chuva";"Simples";"Curva";"Não";2;0;1;1;0;0;2;1;-19,02469134;-42,14640185;"SPRF-MG";"DEL06-MG";"UOP01-DEL06-MG"