"id";"data_inversa";"dia_semana";"horario";"uf";"br";"km";"municipio";"causa_acidente";"tipo_acidente";"classificacao_acidente";"fase_dia";"sentido_via";"condicao_metereologica";"tipo_pista";"tracado_via";"uso_solo";"pessoas";"mortos";"feridos_leves";"feridos_graves";"ilesos";"ignorados";"feridos";"veiculos";"latitude";"longitude";"regional";"delegacia";"uop"
484139;2022-10-31;"segunda-feira";"15:00:00";"MG";381;290;"ANTONIO DIAS";"Transitar na contramão";"Colisão frontal";"Com Vítimas Feridas";"Pleno dia";"Crescente";"Nublado";"Simples";"Desvio Temporário;Em Obras;Reta";"Não";2;0;0;1;1;0;1;2;-19,61558603;-42,79187679;"SPRF-MG";"DEL03-MG";"UOP02-DEL03-MG"
484140;2022-10-31;"segunda-feira";"16:20:00";"MG";381;907,5;"CAMBUI";"Chuva";"Colisão com objeto";"Com Vítimas Feridas";"Pleno dia";"Crescente";"Chuva";"Dupla";"Curva;Aclive";"Não";1;0;1;0;0;0;1;1;-22,67443853;-46,0976476;"SPRF-MG";"DEL16-MG";"UOP03-DEL16-MG"
484142;2022-10-31;"segunda-feira";"10:40:00";"AP";210;104;"PORTO GRANDE";"Acessar a via sem observar a presença dos outros veículos";"Colisão transversal";"Sem Vítimas";"Pleno dia";"Decrescente";"Céu Claro";"Simples";"Interseção de Vias;Reta";"Sim";2;0;0;0;0;2;0;2;0,6985633;-51,39692189;"SPRF-AP";"DEL01-AP";"UOP01-DEL01-AP"
484143;2022-10-31;"segunda-feira";"15:00:00";"BA";101;264;"SANTO ANTONIO DE JESUS";"Transitar no acostamento";"Colisão lateral mesmo sentido";"Com Vítimas Feridas";"Pleno dia";"Decrescente";"Nublado";"Simples";"Aclive";"Sim";2;0;1;0;1;0;1;2;-12,983;-39,289;"SPRF-BA";"DEL01-BA";"UOP02-DEL01-BA"
484145;2022-10-31;"segunda-feira";"17:20:00";"RJ";101;473;"ANGRA DOS REIS";"Desrespeitar a preferência no cruzamento";"Colisão transversal";"Com Vítimas Feridas";"Pleno dia";"Crescente";"Nublado";"Múltipla";"Retorno Regulamentado";"Não";2;0;0;1;1;0;1;2;-22,98960623;-44,24168693;"SPRF-RJ";"DEL03-RJ";"UOP03-DEL03-RJ"
484146;2022-10-01;"sábado";"21:00:00";"RO";364;1068;"PORTO VELHO";"Reação tardia ou ineficiente do condutor";"Colisão frontal";"Com Vítimas Fatais";"Plena Noite";"Crescente";"Céu Claro";"Simples";"Reta";"Não";2;1;0;0;0;1;0;2;-9,74900624;-66,62099513;"SPRF-RO";"DEL01-RO";"UOP03-DEL01-RO"
484147;2022-10-31;"segunda-feira";"16:00:00";"MG";40;522;"CONTAGEM";"Demais falhas mecânicas ou elétricas";"Incêndio";"Sem Vítimas";"Pleno dia";"Crescente";"Nublado";"Dupla";"Reta";"Não";2;0;0;0;2;0;0;1;-19,8638731;-44,06749809;"SPRF-MG";"DEL01-MG";"UOP02-DEL01-MG"
484148;2022-10-31;"segunda-feira";"16:10:00";"TO";153;501,4;"PARAISO DO TOCANTINS";"Reação tardia ou ineficiente do condutor";"Colisão traseira";"Com Vítimas Feridas";"Pleno dia";"Crescente";"Céu Claro";"Simples";"Reta;Aclive";"Não";2;0;0;1;1;0;1;2;-10,22934528;-48,8764143;"SPRF-TO";"DEL01-TO";"UOP01-DEL01-TO"
484149;2022-10-31;"segunda-feira";"17:20:00";"RN";101;109,7;"PARNAMIRIM";"Manobra de mudança de faixa";"Colisão traseira";"Com Vítimas Feridas";"Plena Noite";"Crescente";"Céu Claro";"Múltipla";"Reta";"Sim";2;0;1;0;1;0;1;2;-5,937378;-35,26483;"SPRF-RN";"DEL01-RN";"UOP01-DEL01-RN"
484150;2022-10-31;"segunda-feira";"17:20:00";"SC";101;201;"SAO JOSE";"Acessar a via sem observar a presença dos outros veículos";"Colisão transversal";"Com Vítimas Feridas";"Pleno dia";"Decrescente";"Céu Claro";"Simples";"Declive";"Sim";4;0;1;2;1;0;3;3;-27,54836599;-48,61977975;"SPRF-SC";"DEL01-SC";"UOP01-DEL01-SC"
484151;2022-10-31;"segunda-feira";"17:30:00";"RJ";101;66;"CAMPOS DOS GOYTACAZES";"Acesso irregular";"Colisão lateral mesmo sentido";"Com Vítimas Feridas";"Pleno dia";"Crescente";"Nublado";"Simples";"Reta";"Não";3;0;1;0;2;0;1;2;-21,76090387;-41,34788959;"SPRF-RJ";"DEL08-RJ";"UOP02-DEL08-RJ"
484154;2022-10-31;"segunda-feira";"17:00:00";"ES";101;443,5;"MIMOSO DO SUL";"Velocidade Incompatível";"Saída de leito carroçável";"Com Vítimas Feridas";"Pleno dia";"Crescente";"Nublado";"Simples";"Curva";"Não";1;0;1;0;0;0;1;1;-21,09789425;-41,25305078;"SPRF-ES";"DEL03-ES";"UOP02-DEL03-ES"
484157;2022-10-31;"segunda-feira";"16:30:00";"PE";101;163,1;"AGUA PRETA";"Ausência de reação do condutor";"Queda de ocupante de veículo";"Com Vítimas Feridas";"Pleno dia";"Crescente";"Céu Claro";"Dupla";"Curva";"Não";2;0;0;1;0;1;1;1;-8,55039544;-35,44619699;"SPRF-PE";"DEL01-PE";"UOP03-DEL01-PE"
484159;2022-10-31;"segunda-feira";"18:15:00";"GO";153;502;"GOIANIA";"Ausência de reação do condutor";"Colisão traseira";"Com Vítimas Fatais";"Plena Noite";"Crescente";"Chuva";"Dupla";"Reta";"Sim";1;1;0;0;0;0;0;1;-16,7287;-49,2424;"SPRF-GO";"DEL01-GO";"UOP01-DEL01-GO"
484160;2022-10-24;"segunda-feira";"07:45:00";"MS";262;144;"AGUA CLARA";"Acesso irregular";"Colisão transversal";"Com Vítimas Feridas";"Pleno dia";"Decrescente";"Céu Claro";"Dupla";"Interseção de Vias";"Sim";2;0;1;0;1;0;1;2;-20,44382266;-52,88126791;"SPRF-MS";"DEL07-MS";"UOP02-DEL07-MS"
484161;2022-10-31;"segunda-feira";"18:25:00";"CE";116;44,8;"HORIZONTE";"Ausência de reação do condutor";"Colisão traseira";"Com Vítimas Feridas";"Plena Noite";"Crescente";"Céu Claro";"Dupla";"Reta";"Sim";3;0;2;0;1;0;2;2;-4,12328084;-38,48614261;"SPRF-CE";"DEL01-CE";"UOP02-DEL01-CE"
484162;2022-10-31;"segunda-feira";"17:00:00";"BA";101;106;"ALAGOINHAS";"Entrada inopinada do pedestre";"Atropelamento de Pedestre";"Com Vítimas Feridas";"Pleno dia";"Crescente";"Céu Claro";"Simples";"Reta";"Sim";2;0;1;0;0;1;1;2;-12,15963868;-38,41162324;"SPRF-BA";"DEL01-BA";"UOP04-DEL01-BA"
484163;2022-10-31;"segunda-feira";"17:45:00";"SC";101;35;"JOINVILLE";"Ingestão de álcool pelo condutor";"Colisão com objeto";"Sem Vítimas";"Anoitecer";"Decrescente";"Chuva";"Dupla";"Declive";"Não";2;0;0;0;2;0;0;2;-26,2411301;-48,91227415;"SPRF-SC";"DEL03-SC";"UOP01-DEL03-SC"
484164;2022-10-31;"segunda-feira";"18:10:00";"GO";40;95;"CRISTALINA";"Acessar a via sem observar a presença dos outros veículos";"Colisão transversal";"Sem Vítimas";"Anoitecer";"Crescente";"Céu Claro";"Simples";"Reta";"Sim";2;0;0;0;2;0;0;2;-16,750555;-47,607549;"SPRF-DF";"DEL01-DF";"UOP02-DEL01-DF"
484165;2022-10-31;"segunda-feira";"18:30:00";"PE";407;10;"AFRANIO";"Ingestão de álcool pelo condutor";"Colisão traseira";"Com Vítimas Feridas";"Plena Noite";"Decrescente";"Nublado";"Simples";"Declive";"Não";5;0;2;2;1;0;4;3;-8,50935099;-41,00817507;"SPRF-PE";"DEL06-PE";"UOP02-DEL06-PE"
484166;2022-10-31;"segunda-feira";"18:30:00";"TO";153;711,8;"CARIRI DO TOCANTINS";"Velocidade Incompatível";"Capotamento";"Com Vítimas Fatais";"Plena Noite";"Crescente";"Céu Claro";"Simples";"Reta";"Não";3;1;2;0;0;0;2;1;-12,04903192;-49,20102045;"SPRF-TO";"DEL01-TO";"UOP02-DEL01-TO"
484168;2022-10-31;"segunda-feira";"18:45:00";"ES";262;107,8;"VENDA NOVA DO IMIGRANTE";"Ultrapassagem Indevida";"Colisão lateral sentido oposto";"Com Vítimas Feridas";"Plena Noite";"Crescente";"Céu Claro";"Múltipla";"Reta";"Sim";2;0;0;1;1;0;1;2;-20,33249465;-41,15950584;"SPRF-ES";"DEL01-ES";"UOP02-DEL01-ES"
484169;2022-10-30;"domingo";"23:00:00";"ES";101;225,5;"IBIRACU";"Chuva";"Saída de leito carroçável";"Com Vítimas Feridas";"Plena Noite";"Crescente";"Chuva";"Simples";"Curva";"Não";1;0;0;1;0;0;1;1;-19,89290688;-40,41230369;"SPRF-ES";"DEL02-ES";"UOP01-DEL02-ES"
484170;2022-10-31;"segunda-feira";"18:35:00";"PB";101;58;"SANTA RITA";"Iluminação deficiente";"Atropelamento de Pedestre";"Com Vítimas Fatais";"Plena Noite";"Decrescente";"Céu Claro";"Dupla";"Reta";"Não";4;1;2;1;0;0;3;2;-6,98564991;-35,07334684;"SPRF-PB";"DEL01-PB";"UOP04-DEL01-PB"
484171;2022-10-31;"segunda-feira";"18:00:00";"MG";365;614;"UBERLANDIA";"Retorno proibido";"Colisão traseira";"Com Vítimas Feridas";"Anoitecer";"Decrescente";"Céu Claro";"Simples";"Reta";"Não";2;0;1;0;0;1;1;2;-18,91216024;-48,22000802;"SPRF-MG";"DEL15-MG";"UOP01-DEL15-MG"
484175;2022-10-31;"segunda-feira";"15:40:00";"SC";282;584,4;"PINHALZINHO";"Chuva";"Saída de leito carroçável";"Com Vítimas Fatais";"Pleno dia";"Crescente";"Chuva";"Simples";"Curva";"Não";2;1;1;0;0;0;1;1;-26,83195979;-53,0211997;"SPRF-SC";"DEL07-SC";"UOP02-DEL07-SC"
484176;2022-10-31;"segunda-feira";"19:20:00";"SC";101;137;"BALNEARIO CAMBORIU";"Transitar na contramão";"Colisão frontal";"Com Vítimas Feridas";"Anoitecer";"Crescente";"Céu Claro";"Múltipla";"Declive";"Sim";3;0;1;0;1;1;1;3;-27,0157238;-48,61192763;"SPRF-SC";"DEL04-SC";"UOP03-DEL04-SC"
484178;2022-10-31;"segunda-feira";"20:18:00";"DF";40;8,1;"BRASILIA";"Entrada inopinada do pedestre";"Atropelamento de Pedestre";"Com Vítimas Feridas";"Plena Noite";"Decrescente";"Chuva";"Dupla";"Reta";"Sim";2;0;1;0;1;0;1;2;-16,04910259;-47,98137188;"SPRF-DF";"DEL01-DF";"UOP01-DEL01-DF"
484180;2022-10-31;"segunda-feira";"19:30:00";"SC";101;332;"TUBARAO";"Acessar a via sem observar a presença dos outros veículos";"Colisão transversal";"Com Vítimas Feridas";"Plena Noite";"Decrescente";"Chuva";"Múltipla";"Rotatória;Interseção de Vias;Retorno Regulamentado";"Sim";2;0;1;0;1;0;1;2;-28,46016431;-48,98968873;"SPRF-SC";"DEL02-SC";"UOP01-DEL02-SC"
484183;2022-10-31;"segunda-feira";"18:12:00";"CE";304;49;"ARACATI";"Retorno proibido";"Colisão transversal";"Com Vítimas Feridas";"Anoitecer";"Crescente";"Céu Claro";"Simples";"Reta";"Não";2;0;2;0;0;0;2;2;-4,57900414;-37,77070889;"SPRF-CE";"DEL03-CE";"UOP03-DEL03-CE"
484184;2022-10-31;"segunda-feira";"18:45:00";"PR";116;159;"MANDIRITUBA";"Ausência de reação do condutor";"Colisão traseira";"Com Vítimas Feridas";"Plena Noite";"Crescente";"Chuva";"Simples";"Reta";"Não";2;0;0;1;1;0;1;2;-25,8644568;-49,39181797;"SPRF-PR";"DEL01-PR";"UOP03-DEL01-PR"
484185;2022-10-31;"segunda-feira";"20:30:00";"ES";101;262;"SERRA";"Acessar a via sem observar a presença dos outros veículos";"Colisão transversal";"Com Vítimas Feridas";"Plena Noite";"Crescente";"Céu Claro";"Dupla";"Declive";"Não";2;0;1;0;1;0;1;2;-20,1572331;-40,27678329;"SPRF-ES";"DEL02-ES";"UOP01-DEL02-ES"
484186;2022-10-31;"segunda-feira";"19:30:00";"RN";304;109;"ACU";"Animais na Pista";"Atropelamento de Animal";"Com Vítimas Feridas";"Plena Noite";"Crescente";"Céu Claro";"Simples";"Reta";"Não";5;0;1;0;4;0;1;1;-5,58975609;-36,94566405;"SPRF-RN";"DEL04-RN";"UOP01-DEL04-RN"
484187;2022-10-31;"segunda-feira";"19:30:00";"PB";230;154;"CAMPINA GRANDE";"Ingestão de álcool pelo condutor";"Colisão traseira";"Com Vítimas Feridas";"Plena Noite";"Crescente";"Céu Claro";"Simples";"Reta";"Sim";2;0;2;0;0;0;2;2;-7,2777;-35,8985;"SPRF-PB";"DEL02-PB";"UOP01-DEL02-PB"
484188;2022-10-31;"segunda-feira";"18:00:00";"PE";232;192,5;"SANHARO";"Ultrapassagem Indevida";"Colisão lateral sentido oposto";"Com Vítimas Feridas";"Plena Noite";"Crescente";"Nublado";"Simples";"Reta";"Não";2;0;0;1;0;1;1;2;-8,35793154;-36,53676104;"SPRF-PE";"DEL03-PE";"UOP02-DEL03-PE"
484191;2022-10-31;"segunda-feira";"20:40:00";"ES";262;33,3;"DOMINGOS MARTINS";"Transitar na contramão";"Colisão frontal";"Com Vítimas Feridas";"Plena Noite";"Crescente";"Céu Claro";"Simples";"Curva";"Não";3;0;2;1;0;0;3;2;-20,37535106;-40,58433127;"SPRF-ES";"DEL01-ES";"UOP01-DEL01-ES"
484194;2022-10-31;"segunda-feira";"19:45:00";"MG";381;421;"CAETE";"Velocidade Incompatível";"Colisão frontal";"Com Vítimas Fatais";"Plena Noite";"Crescente";"Nublado";"Simples";"Reta";"Não";2;1;0;0;0;1;0;2;-19,783061;-43,66116123;"SPRF-MG";"DEL01-MG";"UOP01-DEL01-MG"
484196;2022-10-31;"segunda-feira";"21:00:00";"SP";116;518;"CAJATI";"Pista Escorregadia";"Colisão com objeto";"Com Vítimas Feridas";"Plena Noite";"Decrescente";"Chuva";"Dupla";"Curva";"Não";4;0;1;0;3;0;1;1;-24,88391594;-48,22626356;"SPRF-SP";"DEL05-SP";"UOP02-DEL05-SP"
484197;2022-10-31;"segunda-feira";"22:00:00";"SP";116;131,4;"CACAPAVA";"Ausência de reação do condutor";"Colisão traseira";"Com Vítimas Feridas";"Plena Noite";"Decrescente";"Chuva";"Dupla";"Reta";"Não";3;0;0;1;1;1;1;3;-23,12313858;-45,72792271;"SPRF-SP";"DEL02-SP";"UOP02-DEL02-SP"
484198;2022-10-31;"segunda-feira";"21:30:00";"PR";277;37;"MORRETES";"Velocidade Incompatível";"Capotamento";"Sem Vítimas";"Plena Noite";"Decrescente";"Garoa/Chuvisco";"Múltipla";"Curva";"Não";3;0;0;0;3;0;0;1;-25,56011566;-48,81439895;"SPRF-PR";"DEL01-PR";"UOP05-DEL01-PR"
484200;2022-10-31;"segunda-feira";"21:25:00";"RJ";393;281;"VOLTA REDONDA";"Entrada inopinada do pedestre";"Atropelamento de Pedestre";"Com Vítimas Feridas";"Plena Noite";"Decrescente";"Nublado";"Simples";"Reta";"Sim";2;0;1;0;1;0;1;2;-22,48025569;-44,02974901;"SPRF-RJ";"DEL05-RJ";"UOP04-DEL05-RJ"
484201;2022-10-31;"segunda-feira";"09:20:00";"MG";365;437;"GUIMARANIA";"Ausência de reação do condutor";"Tombamento";"Com Vítimas Feridas";"Pleno dia";"Decrescente";"Nublado";"Simples";"Reta";"Não";2;0;1;0;1;0;1;1;-18,78379588;-46,72231423;"SPRF-MG";"DEL10-MG";"UOP01-DEL10-MG"
484202;2022-10-31;"segunda-feira";"22:45:00";"RJ";116;247;"PIRAI";"Ausência de reação do condutor";"Colisão com objeto";"Sem Vítimas";"Plena Noite";"Crescente";"Céu Claro";"Múltipla";"Reta";"Não";1;0;0;0;1;0;0;1;-22,59277514;-43,95629883;"SPRF-RJ";"DEL07-RJ";"UOP01-DEL07-RJ"
484203;2022-10-31;"segunda-feira";"21:30:00";"RJ";116;180;"NOVA IGUACU";"Reação tardia ou ineficiente do condutor";"Capotamento";"Com Vítimas Feridas";"Plena Noite";"Decrescente";"Chuva";"Dupla";"Reta";"Sim";4;0;3;0;1;0;3;1;-22,7651616;-43,4154728;"SPRF-RJ";"DEL01-RJ";"UOP02-DEL01-RJ"
484206;2022-10-31;"segunda-feira";"19:30:00";"GO";364;261,6;"JATAI";"Entrada inopinada do pedestre";"Atropelamento de Pedestre";"Com Vítimas Fatais";"Plena Noite";"Crescente";"Chuva";"Simples";"Reta";"Não";2;1;0;0;1;0;0;2;-17,664186;-52,232548;"SPRF-GO";"DEL05-GO";"UOP01-DEL05-GO"
484209;2022-10-31;"segunda-feira";"20:00:00";"SP";116;228;"SAO PAULO";"Ausência de reação do condutor";"Colisão traseira";"Com Vítimas Feridas";"Plena Noite";"Crescente";"Nublado";"Múltipla";"Reta";"Sim";2;0;1;0;1;0;1;2;-23,50343484;-46,56638712;"SPRF-SP";"DEL01-SP";"UOP01-DEL01-SP"
484210;2022-10-31;"segunda-feira";"23:05:00";"RS";290;95;"PORTO ALEGRE";"Ingestão de álcool pelo condutor";"Colisão lateral mesmo sentido";"Com Vítimas Feridas";"Plena Noite";"Crescente";"Céu Claro";"Múltipla";"Reta";"Sim";5;0;2;0;3;0;2;2;-29,99069782;-51,20418549;"SPRF-RS";"DEL01-RS";"UOP01-DEL01-RS"
484214;2022-10-31;"segunda-feira";"14:10:00";"MG";116;485,5;"DOM CAVATI";"Ausência de reação do condutor";"Saída de leito carroçável";"Com Vítimas Fatais";"Pleno dia";"Crescente";"Nublado";"Simples";"Reta";"Não";1;1;0;0;0;0;0;1;-19,4367023;-42,1257636;"SPRF-MG";"DEL06-MG";"UOP02-DEL06-MG"
484215;2022-10-31;"segunda-feira";"20:45:00";"MG";50;168;"UBERABA";"Obras na pista";"Colisão com objeto";"Com Vítimas Feridas";"Plena Noite";"Crescente";"Garoa/Chuvisco";"Dupla";"Reta;Declive;Em Obras";"Não";2;0;1;0;1;0;1;1;-19,71878606;-47,97991239;"SPRF-MG";"DEL13-MG";"UOP01-DEL13-MG"
484216;2022-11-01;"terça-feira";"00:20:00";"RJ";101;306;"SAO GONCALO";"Ausência de reação do condutor";"Colisão traseira";"Com Vítimas Feridas";"Plena Noite";"Decrescente";"Nublado";"Dupla";"Reta";"Sim";2;0;1;0;1;0;1;2;-22,78913759;-43,00550909;"SPRF-RJ";"DEL02-RJ";"UOP02-DEL02-RJ"
484219;2022-11-01;"terça-feira";"02:50:00";"PR";277;18,4;"MORRETES";"Animais na Pista";"Atropelamento de Animal";"Com Vítimas Feridas";"Plena Noite";"Crescente";"Chuva";"Dupla";"Reta";"Não";2;0;1;1;0;0;2;2;-25,539775;-48,691945;"SPRF-PR";"DEL01-PR";"UOP05-DEL01-PR"
484220;2022-10-12;"quarta-feira";"06:10:00";"MS";0;0;"MUNDO NOVO";"Velocidade Incompatível";"Colisão traseira";"Com Vítimas Feridas";"Amanhecer";"Não Informado";"Nublado";"Dupla";"Reta";"Não";4;0;2;2;0;0;4;2;-24,01119174;-54,32431525;"SPRF-PR";"DEL06-PR";"N/A"
484221;2022-11-01;"terça-feira";"02:10:00";"PR";373;248,5;"GUAMIRANGA";"Objeto estático sobre o leito carroçável";"Colisão com objeto";"Com Vítimas Feridas";"Plena Noite";"Decrescente";"Chuva";"Simples";"Reta;Declive";"Não";2;0;2;0;0;0;2;1;-25,19079385;-50,82609594;"SPRF-PR";"DEL03-PR";"UOP01-DEL03-PR"
484222;2022-10-31;"segunda-feira";"22:50:00";"MG";116;341,8;"CAMPANARIO";"Transitar na contramão";"Colisão frontal";"Com Vítimas Fatais";"Plena Noite";"Crescente";"Nublado";"Simples";"Reta";"Não";3;1;1;1;0;0;2;2;-18,32845082;-41,76337033;"SPRF-MG";"DEL11-MG";"UOP01-DEL11-MG"
484223;2022-11-01;"terça-feira";"04:00:00";"SC";282;84;"ALFREDO WAGNER";"Objeto estático sobre o leito carroçável";"Colisão com objeto";"Com Vítimas Feridas";"Plena Noite";"Crescente";"Chuva";"Simples";"Reta";"Não";2;0;2;0;0;0;2;1;-27,666992;-49,183552;"SPRF-SC";"DEL01-SC";"UOP03-DEL01-SC"
484227;2022-10-31;"segunda-feira";"08:20:00";"AC";364;124;"RIO BRANCO";"Desrespeitar a preferência no cruzamento";"Colisão transversal";"Com Vítimas Feridas";"Pleno dia";"Crescente";"Céu Claro";"Dupla";"Rotatória";"Não";2;0;1;0;1;0;1;2;-10,01152469;-67,79140099;"SPRF-AC";"DEL01-AC";"UOP01-DEL01-AC"
484228;2022-10-31;"segunda-feira";"18:10:00";"MG";153;172,1;"COMENDADOR GOMES";"Acumulo de água sobre o pavimento";"Saída de leito carroçável";"Com Vítimas Feridas";"Anoitecer";"Crescente";"Chuva";"Dupla";"Interseção de Vias";"Não";2;0;1;0;1;0;1;1;-19,78523104;-48,9660625;"SPRF-MG";"DEL13-MG";"UOP02-DEL13-MG"
484231;2022-10-28;"sexta-feira";"11:50:00";"BA";116;615;"JAGUAQUARA";"Demais falhas mecânicas ou elétricas";"Eventos atípicos";"Sem Vítimas";"Pleno dia";"Decrescente";"Céu Claro";"Simples";"Reta";"Não";2;0;0;0;2;0;0;1;-13,321861;-40,01699509;"SPRF-BA";"DEL03-BA";"UOP01-DEL03-BA"
484234;2022-11-01;"terça-feira";"08:00:00";"SC";101;42;"JOINVILLE";"Reação tardia ou ineficiente do condutor";"Tombamento";"Com Vítimas Feridas";"Pleno dia";"Crescente";"Chuva";"Dupla";"Curva";"Sim";1;0;0;1;0;0;1;1;-26,3291145;-48,86289597;"SPRF-SC";"DEL03-SC";"UOP01-DEL03-SC"
484235;2022-11-01;"terça-feira";"08:00:00";"RS";293;4,3;"PELOTAS";"Desrespeitar a preferência no cruzamento";"Colisão transversal";"Com Vítimas Feridas";"Pleno dia";"Crescente";"Sol";"Simples";"Interseção de Vias";"Sim";2;0;1;0;1;0;1;2;-31,73357732;-52,37275615;"SPRF-RS";"DEL07-RS";"UOP01-DEL07-RS"
484236;2022-10-31;"segunda-feira";"16:00:00";"BA";116;316;"ARACI";"Ultrapassagem Indevida";"Colisão frontal";"Com Vítimas Feridas";"Anoitecer";"Crescente";"Céu Claro";"Simples";"Reta";"Não";3;0;2;0;1;0;2;2;-11,29875979;-38,93632336;"SPRF-BA";"DEL02-BA";"UOP01-DEL02-BA"
484237;2022-11-01;"terça-feira";"08:30:00";"SP";116;2;"GUARULHOS";"Reação tardia ou ineficiente do condutor";"Colisão lateral mesmo sentido";"Com Vítimas Feridas";"Pleno dia";"Crescente";"Chuva";"Dupla";"Reta";"Sim";3;0;1;0;2;0;1;2;-23,463257;-46,53373;"SPRF-SP";"DEL01-SP";"UOP01-DEL01-SP"
484238;2022-10-12;"quarta-feira";"00:00:00";"RJ";116;170;"SAO JOAO DE MERITI";"Velocidade Incompatível";"Engavetamento";"Com Vítimas Feridas";"Plena Noite";"Decrescente";"Céu Claro";"Dupla";"Reta";"Sim";2;0;1;0;0;1;1;2;-22,78520294;-43,38008523;"SPRF-RJ";"DEL01-RJ";"UOP02-DEL01-RJ"
484239;2022-11-01;"terça-feira";"07:30:00";"SC";282;657,9;"SAO MIGUEL DO OESTE";"Animais na Pista";"Saída de leito carroçável";"Com Vítimas Feridas";"Pleno dia";"Decrescente";"Céu Claro";"Simples";"Curva";"Não";1;0;0;1;0;0;1;1;-26,691545;-53,543961;"SPRF-SC";"DEL07-SC";"UOP03-DEL07-SC"
484240;2022-11-01;"terça-feira";"08:20:00";"SC";101;209,1;"SAO JOSE";"Ausência de reação do condutor";"Colisão traseira";"Com Vítimas Feridas";"Pleno dia";"Decrescente";"Céu Claro";"Dupla";"Reta;Interseção de Vias";"Sim";2;0;0;1;0;1;1;2;-27,61000542;-48,63895057;"SPRF-SC";"DEL01-SC";"UOP01-DEL01-SC"
484242;2022-10-24;"segunda-feira";"17:40:00";"RS";116;263;"CANOAS";"Reação tardia ou ineficiente do condutor";"Tombamento";"Com Vítimas Feridas";"Pleno dia";"Decrescente";"Céu Claro";"Dupla";"Reta";"Não";1;0;1;0;0;0;1;1;-29,90387622;-51,17655337;"SPRF-RS";"DEL01-RS";"UOP01-DEL01-RS"
484243;2022-11-01;"terça-feira";"07:20:00";"SC";470;140;"RIO DO SUL";"Transitar na contramão";"Colisão transversal";"Com Vítimas Feridas";"Amanhecer";"Crescente";"Garoa/Chuvisco";"Simples";"Reta";"Sim";2;0;1;0;1;0;1;2;-27,20476474;-49,63945985;"SPRF-SC";"DEL04-SC";"UOP02-DEL04-SC"
484244;2022-10-31;"segunda-feira";"12:00:00";"RJ";40;104;"DUQUE DE CAXIAS";"Ausência de reação do condutor";"Saída de leito carroçável";"Com Vítimas Fatais";"Pleno dia";"Decrescente";"Céu Claro";"Múltipla";"Curva;Declive";"Sim";3;1;2;0;0;0;2;2;-22,62897902;-43,28579508;"SPRF-RJ";"DEL01-RJ";"UOP01-DEL01-RJ"
484245;2022-11-01;"terça-feira";"06:30:00";"MG";40;520,9;"CONTAGEM";"Demais falhas mecânicas ou elétricas";"Tombamento";"Com Vítimas Feridas";"Pleno dia";"Crescente";"Céu Claro";"Dupla";"Reta";"Não";2;0;1;0;1;0;1;1;-19,85651501;-44,07213222;"SPRF-MG";"DEL01-MG";"UOP02-DEL01-MG"
484246;2022-11-01;"terça-feira";"09:26:00";"PB";230;21;"JOAO PESSOA";"Condutor deixou de manter distância do veículo da frente";"Colisão traseira";"Com Vítimas Feridas";"Pleno dia";"Decrescente";"Céu Claro";"Dupla";"Reta";"Sim";2;0;1;0;1;0;1;2;-7,1337;-34,8544;"SPRF-PB";"DEL01-PB";"UOP01-DEL01-PB"
484247;2022-11-01;"terça-feira";"09:40:00";"BA";101;252;"CONCEICAO DO ALMEIDA";"Acumulo de óleo sobre o pavimento";"Colisão traseira";"Sem Vítimas";"Pleno dia";"Crescente";"Céu Claro";"Simples";"Reta";"Não";2;0;0;0;2;0;0;2;-12,893;-39,231;"SPRF-BA";"DEL01-BA";"UOP02-DEL01-BA"
484249;2022-11-01;"terça-feira";"10:00:00";"BA";242;400;"SEABRA";"Chuva";"Tombamento";"Com Vítimas Feridas";"Pleno dia";"Decrescente";"Chuva";"Simples";"Curva";"Não";2;0;1;0;1;0;1;1;-12,47134497;-41,69102199;"SPRF-BA";"DEL06-BA";"UOP01-DEL06-BA"
484250;2022-11-01;"terça-feira";"11:00:00";"PR";376;202;"MARIALVA";"Chuva";"Capotamento";"Com Vítimas Feridas";"Pleno dia";"Decrescente";"Chuva";"Dupla";"Curva";"Não";2;0;2;0;0;0;2;1;-23,50951388;-51,72140497;"SPRF-PR";"DEL09-PR";"UOP01-DEL09-PR"
484253;2022-11-01;"terça-feira";"11:05:00";"SP";116;508,9;"CAJATI";"Chuva";"Colisão com objeto";"Com Vítimas Feridas";"Pleno dia";"Crescente";"Garoa/Chuvisco";"Múltipla";"Curva";"Não";4;0;1;0;3;0;1;1;-24,81333299;-48,21310484;"SPRF-SP";"DEL05-SP";"UOP02-DEL05-SP"
484255;2022-11-01;"terça-feira";"08:45:00";"MG";116;769,7;"LEOPOLDINA";"Pista Escorregadia";"Queda de ocupante de veículo";"Com Vítimas Feridas";"Pleno dia";"Decrescente";"Chuva";"Simples";"Curva";"Sim";1;0;1;0;0;0;1;1;-21,54856423;-42,66481498;"SPRF-MG";"DEL07-MG";"UOP01-DEL07-MG"
484256;2022-11-01;"terça-feira";"11:00:00";"SP";116;118;"TAUBATE";"Ausência de reação do condutor";"Colisão traseira";"Com Vítimas Feridas";"Pleno dia";"Decrescente";"Garoa/Chuvisco";"Dupla";"Reta";"Não";3;0;2;0;1;0;2;2;-23,06266296;-45,62665044;"SPRF-SP";"DEL02-SP";"UOP02-DEL02-SP"