"id";"data_inversa";"dia_semana";"horario";"uf";"br";"km";"municipio";"causa_acidente";"tipo_acidente";"classificacao_acidente";"fase_dia";"sentido_via";"condicao_metereologica";"tipo_pista";"tracado_via";"uso_solo";"pessoas";"mortos";"feridos_leves";"feridos_graves";"ilesos";"ignorados";"feridos";"veiculos";"latitude";"longitude";"regional";"delegacia";"uop"
484258;2022-11-01;"terça-feira";"08:10:00";"PR";376;326,7;"ORTIGUEIRA";"Pista Escorregadia";"Saída de leito carroçável";"Com Vítimas Feridas";"Pleno dia";"Decrescente";"Chuva";"Simples";"Curva";"Não";5;0;1;1;3;0;2;1;-24,06650493;-51,06423855;"SPRF-PR";"DEL07-PR";"UOP02-DEL07-PR"
484259;2022-11-01;"terça-feira";"11:40:00";"SP";116;148;"SAO JOSE DOS CAMPOS";"Condutor deixou de manter distância do veículo da frente";"Colisão frontal";"Com Vítimas Feridas";"Pleno dia";"Crescente";"Nublado";"Dupla";"Reta";"Sim";3;0;2;0;1;0;2;3;-23,20067421;-45,8795018;"SPRF-SP";"DEL02-SP";"UOP01-DEL02-SP"
484260;2022-11-01;"terça-feira";"10:45:00";"PR";369;168;"ROLANDIA";"Reação tardia ou ineficiente do condutor";"Saída de leito carroçável";"Com Vítimas Feridas";"Pleno dia";"Decrescente";"Chuva";"Dupla";"Curva";"Não";1;0;1;0;0;0;1;1;-23,29924059;-51,32250309;"SPRF-PR";"DEL07-PR";"UOP01-DEL07-PR"
484263;2022-11-01;"terça-feira";"09:32:00";"SC";101;98,8;"BALNEARIO PICARRAS";"Demais falhas mecânicas ou elétricas";"Saída de leito carroçável";"Com Vítimas Feridas";"Pleno dia";"Crescente";"Nublado";"Múltipla";"Curva";"Sim";3;0;1;0;2;0;1;2;-26,73760897;-48,69918789;"SPRF-SC";"DEL03-SC";"UOP02-DEL03-SC"
484264;2022-11-01;"terça-feira";"12:50:00";"RJ";116;187;"NOVA IGUACU";"Reação tardia ou ineficiente do condutor";"Colisão lateral mesmo sentido";"Com Vítimas Feridas";"Pleno dia";"Decrescente";"Nublado";"Dupla";"Reta";"Sim";2;0;1;0;1;0;1;2;-22,73883756;-43,47245197;"SPRF-RJ";"DEL01-RJ";"UOP02-DEL01-RJ"
484265;2022-10-18;"terça-feira";"18:00:00";"MS";267;30;"BATAGUASSU";"Velocidade Incompatível";"Saída de leito carroçável";"Com Vítimas Feridas";"Plena Noite";"Crescente";"Nublado";"Dupla";"Reta";"Sim";2;0;1;1;0;0;2;1;-21,71958386;-52,42332995;"SPRF-MS";"DEL02-MS";"UOP04-DEL02-MS"
484267;2022-11-01;"terça-feira";"13:20:00";"SC";101;221;"PALHOCA";"Demais falhas mecânicas ou elétricas";"Queda de ocupante de veículo";"Com Vítimas Feridas";"Pleno dia";"Decrescente";"Nublado";"Múltipla";"Reta";"Não";1;0;1;0;0;0;1;1;-27,70012652;-48,66021182;"SPRF-SC";"DEL01-SC";"UOP02-DEL01-SC"
484268;2022-11-01;"terça-feira";"14:30:00";"CE";116;11,8;"FORTALEZA";"Trafegar com motocicleta (ou similar) entre as faixas";"Queda de ocupante de veículo";"Com Vítimas Feridas";"Pleno dia";"Decrescente";"Céu Claro";"Dupla";"Reta";"Sim";1;0;0;1;0;0;1;1;-3,84394724;-38,49891546;"SPRF-CE";"DEL01-CE";"UOP02-DEL01-CE"
484269;2022-11-01;"terça-feira";"14:00:00";"SP";116;74,9;"APARECIDA";"Demais falhas mecânicas ou elétricas";"Tombamento";"Com Vítimas Feridas";"Pleno dia";"Decrescente";"Chuva";"Dupla";"Reta";"Não";2;0;1;0;1;0;1;1;-22,87492968;-45,26060343;"SPRF-SP";"DEL08-SP";"UOP01-DEL08-SP"
484270;2022-11-01;"terça-feira";"14:25:00";"SC";101;215;"PALHOCA";"Acesso irregular";"Colisão transversal";"Com Vítimas Feridas";"Pleno dia";"Decrescente";"Céu Claro";"Simples";"Interseção de Vias";"Não";2;0;1;0;1;0;1;2;-27,65184843;-48,67604941;"SPRF-SC";"DEL01-SC";"UOP02-DEL01-SC"
484273;2022-11-01;"terça-feira";"14:47:00";"GO";0;0;"CRISTALINA";"Afundamento ou ondulação no pavimento";"Saída de leito carroçável";"Sem Vítimas";"Pleno dia";"Não Informado";"Chuva";"Dupla";"Curva";"Não";2;0;0;0;2;0;0;1;-16,548;-47,62;"SPRF-DF";"DEL01-DF";"UOP02-DEL01-DF"
484277;2022-11-01;"terça-feira";"15:55:00";"SP";116;473;"JACUPIRANGA";"Ausência de reação do condutor";"Saída de leito carroçável";"Com Vítimas Feridas";"Pleno dia";"Crescente";"Céu Claro";"Múltipla";"Curva";"Não";2;0;2;0;0;0;2;1;-24,67227596;-47,97879913;"SPRF-SP";"DEL05-SP";"UOP01-DEL05-SP"
484278;2022-11-01;"terça-feira";"12:30:00";"SC";280;81;"CORUPA";"Ausência de reação do condutor";"Tombamento";"Com Vítimas Feridas";"Pleno dia";"Decrescente";"Nublado";"Simples";"Reta";"Sim";2;0;2;0;0;0;2;1;-26,44057489;-49,217056;"SPRF-SC";"DEL06-SC";"UOP03-DEL06-SC"
484279;2022-11-01;"terça-feira";"15:10:00";"ES";101;255;"SERRA";"Condutor desrespeitou a iluminação vermelha do semáforo";"Colisão transversal";"Com Vítimas Feridas";"Pleno dia";"Crescente";"Nublado";"Múltipla";"Interseção de Vias";"Sim";3;0;1;0;1;1;1;3;-20,11487935;-40,31943619;"SPRF-ES";"DEL02-ES";"UOP01-DEL02-ES"
484280;2022-11-01;"terça-feira";"16:10:00";"MG";40;568;"NOVA LIMA";"Avarias e/ou desgaste excessivo no pneu";"Saída de leito carroçável";"Com Vítimas Feridas";"Pleno dia";"Decrescente";"Chuva";"Simples";"Curva;Declive";"Sim";1;0;0;1;0;0;1;1;-20,19509609;-43,97360482;"SPRF-MG";"DEL01-MG";"UOP02-DEL01-MG"
484281;2022-11-01;"terça-feira";"14:50:00";"MT";163;574;"NOVA MUTUM";"Demais falhas na via";"Queda de ocupante de veículo";"Com Vítimas Feridas";"Pleno dia";"Decrescente";"Nublado";"Simples";"Reta";"Não";1;0;1;0;0;0;1;1;-14,13148636;-56,10995832;"SPRF-MT";"DEL01-MT";"UOP01-DEL01-MT"
484282;2022-11-01;"terça-feira";"15:30:00";"SC";101;149;"ITAPEMA";"Acessar a via sem observar a presença dos outros veículos";"Colisão traseira";"Com Vítimas Feridas";"Pleno dia";"Crescente";"Sol";"Dupla";"Reta";"Sim";2;0;2;0;0;0;2;2;-27,1089649;-48,61277586;"SPRF-SC";"DEL04-SC";"UOP03-DEL04-SC"
484285;2022-11-01;"terça-feira";"17:10:00";"PR";369;159,3;"LONDRINA";"Acumulo de água sobre o pavimento";"Tombamento";"Com Vítimas Feridas";"Pleno dia";"Decrescente";"Chuva";"Dupla";"Reta;Aclive";"Sim";1;0;1;0;0;0;1;1;-23,2829856;-51,2476378;"SPRF-PR";"DEL07-PR";"UOP01-DEL07-PR"
484287;2022-11-01;"terça-feira";"16:50:00";"MG";381;487,8;"BETIM";"Demais falhas mecânicas ou elétricas";"Tombamento";"Com Vítimas Feridas";"Anoitecer";"Crescente";"Nublado";"Dupla";"Declive;Curva";"Sim";2;0;2;0;0;0;2;1;-19,95586853;-44,14609501;"SPRF-MG";"DEL01-MG";"UOP03-DEL01-MG"
484291;2022-11-01;"terça-feira";"17:50:00";"PR";376;213,9;"JANDAIA DO SUL";"Acessar a via sem observar a presença dos outros veículos";"Colisão transversal";"Com Vítimas Feridas";"Pleno dia";"Crescente";"Chuva";"Dupla";"Retorno Regulamentado";"Não";3;0;2;0;1;0;2;2;-23,57133307;-51,65403485;"SPRF-PR";"DEL09-PR";"UOP01-DEL09-PR"
484293;2022-11-01;"terça-feira";"17:50:00";"PE";423;93,7;"GARANHUNS";"Manobra de mudança de faixa";"Colisão lateral mesmo sentido";"Com Vítimas Feridas";"Anoitecer";"Crescente";"Nublado";"Dupla";"Reta";"Sim";2;0;1;0;1;0;1;2;-8,86972012;-36,46323792;"SPRF-PE";"DEL03-PE";"UOP01-DEL03-PE"
484294;2022-11-01;"terça-feira";"17:25:00";"SP";116;393,5;"MIRACATU";"Manobra de mudança de faixa";"Colisão traseira";"Com Vítimas Feridas";"Anoitecer";"Crescente";"Chuva";"Dupla";"Reta";"Não";2;0;1;0;1;0;1;2;-24,28582897;-47,45105547;"SPRF-SP";"DEL04-SP";"UOP02-DEL04-SP"
484296;2022-11-01;"terça-feira";"16:20:00";"SC";280;22,2;"ARAQUARI";"Obstrução na via";"Atropelamento de Pedestre";"Com Vítimas Feridas";"Pleno dia";"Decrescente";"Céu Claro";"Simples";"Reta";"Não";3;0;2;0;1;0;2;2;-26,37092616;-48,70204099;"SPRF-SC";"DEL03-SC";"UOP03-DEL03-SC"
484298;2022-11-01;"terça-feira";"17:40:00";"PB";230;291;"SANTA LUZIA";"Ausência de reação do condutor";"Colisão com objeto";"Com Vítimas Feridas";"Anoitecer";"Decrescente";"Céu Claro";"Simples";"Reta;Declive";"Sim";1;0;1;0;0;0;1;1;-6,867033;-36,916348;"SPRF-PB";"DEL03-PB";"UOP01-DEL03-PB"
484299;2022-11-01;"terça-feira";"15:40:00";"MG";381;526;"BRUMADINHO";"Velocidade Incompatível";"Tombamento";"Com Vítimas Feridas";"Pleno dia";"Decrescente";"Chuva";"Dupla";"Curva";"Não";1;0;1;0;0;0;1;1;-20,16175378;-44,34144636;"SPRF-MG";"DEL04-MG";"UOP03-DEL04-MG"
484301;2022-11-01;"terça-feira";"18:45:00";"PR";277;725;"FOZ DO IGUACU";"Reação tardia ou ineficiente do condutor";"Colisão lateral mesmo sentido";"Com Vítimas Feridas";"Anoitecer";"Decrescente";"Vento";"Dupla";"Reta";"Sim";2;0;1;0;1;0;1;2;-25,50823541;-54,54619865;"SPRF-PR";"DEL05-PR";"UOP03-DEL05-PR"
484303;2022-11-01;"terça-feira";"18:30:00";"BA";324;1;"FEIRA DE SANTANA";"Transitar na contramão";"Colisão frontal";"Com Vítimas Feridas";"Plena Noite";"Crescente";"Céu Claro";"Simples";"Reta";"Sim";2;0;1;0;1;0;1;2;-12,2788626;-38,9415481;"SPRF-BA";"DEL02-BA";"UOP01-DEL02-BA"
484304;2022-11-01;"terça-feira";"18:00:00";"PR";376;618;"SAO JOSE DOS PINHAIS";"Ausência de reação do condutor";"Colisão traseira";"Com Vítimas Feridas";"Plena Noite";"Crescente";"Chuva";"Dupla";"Reta";"Não";2;0;1;0;1;0;1;2;-25,59168398;-49,17197705;"SPRF-PR";"DEL01-PR";"UOP04-DEL01-PR"
484305;2022-11-01;"terça-feira";"15:30:00";"MG";381;304;"ANTONIO DIAS";"Velocidade Incompatível";"Colisão com objeto";"Com Vítimas Feridas";"Pleno dia";"Decrescente";"Chuva";"Dupla";"Curva";"Não";1;0;0;1;0;0;1;1;-19,64450453;-42,92272769;"SPRF-MG";"DEL03-MG";"UOP02-DEL03-MG"
484306;2022-11-01;"terça-feira";"19:00:00";"GO";40;5;"VALPARAISO DE GOIAS";"Entrada inopinada do pedestre";"Atropelamento de Pedestre";"Com Vítimas Feridas";"Plena Noite";"Decrescente";"Céu Claro";"Simples";"Reta";"Sim";2;0;2;0;0;0;2;2;-16,093134;-47,982236;"SPRF-DF";"DEL01-DF";"UOP01-DEL01-DF"
484307;2022-11-01;"terça-feira";"18:00:00";"BA";101;231;"SAPEACU";"Deixar de acionar o farol da motocicleta (ou similar)";"Colisão transversal";"Com Vítimas Feridas";"Plena Noite";"Decrescente";"Céu Claro";"Simples";"Aclive";"Sim";2;0;1;0;1;0;1;2;-12,7411369;-39,1843696;"SPRF-BA";"DEL01-BA";"UOP02-DEL01-BA"
484308;2022-11-01;"terça-feira";"17:45:00";"PR";376;618;"SAO JOSE DOS PINHAIS";"Chuva";"Colisão com objeto";"Com Vítimas Feridas";"Plena Noite";"Decrescente";"Garoa/Chuvisco";"Dupla";"Reta";"Não";2;0;1;0;1;0;1;2;-25,59168398;-49,17197705;"SPRF-PR";"DEL01-PR";"UOP04-DEL01-PR"
484310;2022-11-01;"terça-feira";"18:40:00";"BA";116;826;"VITORIA DA CONQUISTA";"Acessar a via sem observar a presença dos outros veículos";"Colisão transversal";"Com Vítimas Feridas";"Anoitecer";"Crescente";"Nublado";"Dupla";"Rotatória";"Sim";3;0;1;0;2;0;1;2;-14,87806652;-40,85464101;"SPRF-BA";"DEL08-BA";"UOP01-DEL08-BA"
484311;2022-11-01;"terça-feira";"13:00:00";"RN";101;126,3;"SAO JOSE DE MIPIBU";"Mal súbito do condutor";"Saída de leito carroçável";"Com Vítimas Feridas";"Pleno dia";"Crescente";"Céu Claro";"Múltipla";"Reta";"Não";1;0;0;1;0;0;1;1;-6,086887;-35,23438;"SPRF-RN";"DEL01-RN";"UOP01-DEL01-RN"
484313;2022-11-01;"terça-feira";"19:45:00";"RJ";101;67;"CAMPOS DOS GOYTACAZES";"Acessar a via sem observar a presença dos outros veículos";"Colisão lateral mesmo sentido";"Com Vítimas Feridas";"Plena Noite";"Crescente";"Nublado";"Simples";"Reta";"Sim";2;0;1;0;1;0;1;2;-21,76978261;-41,35312915;"SPRF-RJ";"DEL08-RJ";"UOP02-DEL08-RJ"
484314;2022-11-01;"terça-feira";"19:30:00";"PE";428;187,8;"PETROLINA";"Área urbana sem a presença de local apropriado para a travessia de pedestres";"Atropelamento de Pedestre";"Com Vítimas Feridas";"Plena Noite";"Crescente";"Céu Claro";"Dupla";"Reta";"Sim";2;0;0;1;1;0;1;2;-9,35604301;-40,47854198;"SPRF-PE";"DEL06-PE";"UOP01-DEL06-PE"
484317;2022-11-01;"terça-feira";"17:30:00";"MA";10;261;"IMPERATRIZ";"Afundamento ou ondulação no pavimento";"Queda de ocupante de veículo";"Com Vítimas Feridas";"Pleno dia";"Crescente";"Chuva";"Simples";"Em Obras";"Não";2;0;2;0;0;0;2;1;-5,454371;-47,472439;"SPRF-MA";"DEL04-MA";"UOP01-DEL04-MA"
484318;2022-11-01;"terça-feira";"20:23:00";"MG";40;731,6;"OLIVEIRA FORTES";"Reação tardia ou ineficiente do condutor";"Saída de leito carroçável";"Com Vítimas Feridas";"Plena Noite";"Crescente";"Nublado";"Dupla";"Curva";"Não";2;0;2;0;0;0;2;1;-21,34218094;-43,58845595;"SPRF-MG";"DEL05-MG";"UOP01-DEL05-MG"
484319;2022-11-01;"terça-feira";"17:00:00";"GO";80;131;"BARRO ALTO";"Chuva";"Colisão com objeto";"Com Vítimas Feridas";"Anoitecer";"Decrescente";"Chuva";"Simples";"Curva";"Não";6;0;2;1;2;1;3;2;-14,983667;-48,925376;"SPRF-GO";"DEL07-GO";"UOP02-DEL07-GO"
484322;2022-11-01;"terça-feira";"20:35:00";"SC";101;112;"NAVEGANTES";"Obstrução na via";"Tombamento";"Com Vítimas Feridas";"Plena Noite";"Crescente";"Céu Claro";"Dupla";"Reta;Viaduto";"Não";1;0;1;0;0;0;1;1;-26,84589005;-48,72131295;"SPRF-SC";"DEL04-SC";"UOP04-DEL04-SC"
484323;2022-11-01;"terça-feira";"19:00:00";"RO";364;223,5;"CACOAL";"Reação tardia ou ineficiente do condutor";"Tombamento";"Com Vítimas Feridas";"Plena Noite";"Crescente";"Céu Claro";"Simples";"Reta";"Não";2;0;2;0;0;0;2;1;-11,51492614;-61,3539081;"SPRF-RO";"DEL02-RO";"UOP02-DEL02-RO"
484324;2022-11-01;"terça-feira";"20:30:00";"SC";101;218;"PALHOCA";"Reação tardia ou ineficiente do condutor";"Colisão traseira";"Sem Vítimas";"Pleno dia";"Decrescente";"Céu Claro";"Simples";"Reta";"Sim";2;0;0;0;2;0;0;2;-27,67824288;-48,66922975;"SPRF-SC";"DEL01-SC";"UOP02-DEL01-SC"
484329;2022-08-05;"sexta-feira";"15:30:00";"MG";381;478;"CONTAGEM";"Ausência de reação do condutor";"Colisão lateral mesmo sentido";"Com Vítimas Feridas";"Pleno dia";"Decrescente";"Céu Claro";"Dupla";"Reta;Declive";"Sim";2;0;1;0;1;0;1;2;-19,95810178;-44,03039217;"SPRF-MG";"DEL01-MG";"UOP03-DEL01-MG"
484331;2022-11-01;"terça-feira";"20:30:00";"CE";222;230,6;"SOBRAL";"Entrada inopinada do pedestre";"Atropelamento de Pedestre";"Com Vítimas Feridas";"Plena Noite";"Crescente";"Céu Claro";"Simples";"Reta;Aclive";"Não";3;0;0;1;1;1;1;3;-3,70483;-40,40355;"SPRF-CE";"DEL04-CE";"UOP01-DEL04-CE"
484333;2022-11-01;"terça-feira";"08:00:00";"SC";101;67;"ARAQUARI";"Avarias e/ou desgaste excessivo no pneu";"Queda de ocupante de veículo";"Com Vítimas Feridas";"Plena Noite";"Decrescente";"Chuva";"Múltipla";"Reta";"Não";2;0;2;0;0;0;2;1;-26,48645;-48,73483602;"SPRF-SC";"DEL03-SC";"UOP02-DEL03-SC"
484337;2022-11-01;"terça-feira";"21:30:00";"TO";153;334;"GUARAI";"Acessar a via sem observar a presença dos outros veículos";"Colisão transversal";"Com Vítimas Feridas";"Plena Noite";"Crescente";"Céu Claro";"Dupla";"Reta";"Sim";2;0;1;0;1;0;1;2;-8,835718;-48,512123;"SPRF-TO";"DEL02-TO";"UOP02-DEL02-TO"
484339;2022-11-01;"terça-feira";"22:20:00";"PR";476;133;"CURITIBA";"Reação tardia ou ineficiente do condutor";"Colisão traseira";"Com Vítimas Feridas";"Plena Noite";"Crescente";"Garoa/Chuvisco";"Dupla";"Reta";"Sim";2;0;1;0;1;0;1;2;-25,469219;-49,254143;"SPRF-PR";"DEL01-PR";"UOP03-DEL01-PR"
484340;2022-11-01;"terça-feira";"20:10:00";"MG";40;548,5;"NOVA LIMA";"Reação tardia ou ineficiente do condutor";"Saída de leito carroçável";"Com Vítimas Feridas";"Plena Noite";"Crescente";"Chuva";"Dupla";"Declive;Curva";"Sim";2;0;1;0;1;0;1;1;-20,03136499;-43,96967792;"SPRF-MG";"DEL01-MG";"UOP02-DEL01-MG"
484343;2022-11-01;"terça-feira";"22:00:00";"RJ";101;484;"ANGRA DOS REIS";"Iluminação deficiente";"Atropelamento de Animal";"Com Vítimas Feridas";"Plena Noite";"Crescente";"Chuva";"Simples";"Reta";"Sim";1;0;1;0;0;0;1;1;-22,99026905;-44,30397749;"SPRF-RJ";"DEL03-RJ";"UOP03-DEL03-RJ"
484344;2022-11-01;"terça-feira";"20:30:00";"MG";40;509,9;"RIBEIRAO DAS NEVES";"Avarias e/ou desgaste excessivo no pneu";"Queda de ocupante de veículo";"Com Vítimas Feridas";"Plena Noite";"Crescente";"Chuva";"Dupla";"Reta";"Sim";1;0;0;1;0;0;1;1;-19,76728744;-44,12855905;"SPRF-MG";"DEL01-MG";"UOP02-DEL01-MG"
484345;2022-11-01;"terça-feira";"21:35:00";"SC";101;414,7;"ARARANGUA";"Condutor deixou de manter distância do veículo da frente";"Colisão lateral mesmo sentido";"Com Vítimas Feridas";"Plena Noite";"Crescente";"Nublado";"Simples";"Reta";"Sim";2;0;2;0;0;0;2;2;-28,95360392;-49,50985011;"SPRF-SC";"DEL02-SC";"UOP02-DEL02-SC"
484346;2022-11-01;"terça-feira";"23:00:00";"MS";163;258,6;"DOURADOS";"Ausência de sinalização";"Colisão traseira";"Com Vítimas Feridas";"Plena Noite";"Decrescente";"Céu Claro";"Dupla";"Reta";"Sim";2;0;0;1;0;1;1;2;-22,25859;-54,783592;"SPRF-MS";"DEL04-MS";"UOP01-DEL04-MS"
484348;2022-11-02;"quarta-feira";"00:10:00";"RN";101;103;"PARNAMIRIM";"Reação tardia ou ineficiente do condutor";"Colisão traseira";"Com Vítimas Feridas";"Plena Noite";"Crescente";"Céu Claro";"Múltipla";"Reta";"Sim";2;0;1;0;1;0;1;2;-5,89034022;-35,24894996;"SPRF-RN";"DEL01-RN";"UOP01-DEL01-RN"
484351;2022-11-01;"terça-feira";"22:35:00";"RS";116;40,9;"VACARIA";"Desrespeitar a preferência no cruzamento";"Colisão transversal";"Sem Vítimas";"Plena Noite";"Crescente";"Nublado";"Simples";"Reta";"Não";2;0;0;0;1;1;0;2;-28,52394531;-50,94570637;"SPRF-RS";"DEL05-RS";"UOP03-DEL05-RS"
484352;2022-11-02;"quarta-feira";"00:40:00";"RS";386;339,1;"LAJEADO";"Reação tardia ou ineficiente do condutor";"Queda de ocupante de veículo";"Com Vítimas Feridas";"Plena Noite";"Decrescente";"Céu Claro";"Simples";"Reta";"Não";1;0;0;1;0;0;1;1;-29,410208;-52,029076;"SPRF-RS";"DEL04-RS";"UOP01-DEL04-RS"
484353;2022-11-02;"quarta-feira";"00:30:00";"MA";135;3;"SAO LUIS";"Reação tardia ou ineficiente do condutor";"Colisão com objeto";"Com Vítimas Feridas";"Plena Noite";"Decrescente";"Céu Claro";"Dupla";"Reta";"Sim";2;0;0;2;0;0;2;1;-2,647681;-44,307117;"SPRF-MA";"DEL01-MA";"UOP01-DEL01-MA"
484355;2022-11-02;"quarta-feira";"01:30:00";"GO";50;133,7;"IPAMERI";"Condutor Dormindo";"Saída de leito carroçável";"Com Vítimas Feridas";"Plena Noite";"Decrescente";"Céu Claro";"Dupla";"Reta";"Não";4;0;2;2;0;0;4;1;-17,0332;-47,7635;"SPRF-GO";"DEL06-GO";"UOP01-DEL06-GO"
484356;2022-11-01;"terça-feira";"15:30:00";"GO";153;216;"URUACU";"Carga excessiva e/ou mal acondicionada";"Colisão com objeto";"Com Vítimas Feridas";"Pleno dia";"Decrescente";"Chuva";"Simples";"Aclive";"Não";1;0;0;1;0;0;1;1;-14,65742;-49,190792;"SPRF-GO";"DEL07-GO";"UOP02-DEL07-GO"
484358;2022-11-02;"quarta-feira";"03:00:00";"SC";101;43;"JOINVILLE";"Reação tardia ou ineficiente do condutor";"Saída de leito carroçável";"Sem Vítimas";"Plena Noite";"Crescente";"Garoa/Chuvisco";"Dupla";"Reta";"Sim";1;0;0;0;0;1;0;1;-26,30357106;-48,88225609;"SPRF-SC";"DEL03-SC";"UOP01-DEL03-SC"
484359;2022-11-01;"terça-feira";"18:00:00";"BA";242;443,3;"IBITIARA";"Ultrapassagem Indevida";"Atropelamento de Pedestre";"Com Vítimas Feridas";"Plena Noite";"Decrescente";"Céu Claro";"Simples";"Reta";"Não";3;0;1;0;1;1;1;2;-12,42781305;-42,007218;"SPRF-BA";"DEL06-BA";"UOP01-DEL06-BA"
484360;2022-11-02;"quarta-feira";"03:50:00";"RJ";393;236;"VASSOURAS";"Ingestão de álcool pelo condutor";"Colisão com objeto";"Com Vítimas Feridas";"Plena Noite";"Decrescente";"Chuva";"Simples";"Aclive;Reta";"Sim";2;0;1;1;0;0;2;1;-22,4184077;-43,68221998;"SPRF-RJ";"DEL05-RJ";"UOP03-DEL05-RJ"
484362;2022-11-02;"quarta-feira";"02:48:00";"SC";101;205;"SAO JOSE";"Reação tardia ou ineficiente do condutor";"Colisão lateral mesmo sentido";"Sem Vítimas";"Plena Noite";"Decrescente";"Céu Claro";"Dupla";"Reta";"Sim";2;0;0;0;1;1;0;2;-27,58313237;-48,61532885;"SPRF-SC";"DEL01-SC";"UOP01-DEL01-SC"
484363;2022-11-02;"quarta-feira";"04:50:00";"RS";116;267;"CANOAS";"Condutor Dormindo";"Colisão traseira";"Com Vítimas Feridas";"Amanhecer";"Decrescente";"Céu Claro";"Múltipla";"Reta";"Sim";3;0;2;0;1;0;2;2;-29,93242399;-51,17742077;"SPRF-RS";"DEL01-RS";"UOP01-DEL01-RS"
484364;2022-11-02;"quarta-feira";"05:15:00";"SC";101;207,7;"SAO JOSE";"Velocidade Incompatível";"Colisão com objeto";"Sem Vítimas";"Amanhecer";"Crescente";"Céu Claro";"Múltipla";"Curva";"Sim";1;0;0;0;0;1;0;1;-27,60001226;-48,6226467;"SPRF-SC";"DEL01-SC";"UOP01-DEL01-SC"
484365;2022-11-02;"quarta-feira";"05:25:00";"RS";116;247;"SAO LEOPOLDO";"Reação tardia ou ineficiente do condutor";"Colisão com objeto";"Com Vítimas Feridas";"Amanhecer";"Crescente";"Céu Claro";"Dupla";"Curva";"Sim";1;0;0;1;0;0;1;1;-29,76733091;-51,1535296;"SPRF-RS";"DEL01-RS";"UOP02-DEL01-RS"
484366;2022-11-01;"terça-feira";"19:00:00";"PA";10;66,6;"ULIANOPOLIS";"Reação tardia ou ineficiente do condutor";"Colisão traseira";"Com Vítimas Fatais";"Plena Noite";"Decrescente";"Céu Claro";"Simples";"Reta";"Não";3;1;0;1;1;0;1;2;-3,869821;-47,52405;"SPRF-PA";"DEL02-PA";"UOP02-DEL02-PA"
484367;2022-11-02;"quarta-feira";"08:00:00";"RJ";40;104;"DUQUE DE CAXIAS";"Acumulo de água sobre o pavimento";"Atropelamento de Pedestre";"Com Vítimas Feridas";"Pleno dia";"Crescente";"Chuva";"Múltipla";"Reta";"Sim";2;0;1;0;1;0;1;2;-22,62897902;-43,28579508;"SPRF-RJ";"DEL01-RJ";"UOP01-DEL01-RJ"
484368;2022-11-02;"quarta-feira";"06:30:00";"PE";101;70,5;"RECIFE";"Reação tardia ou ineficiente do condutor";"Colisão traseira";"Com Vítimas Feridas";"Pleno dia";"Decrescente";"Céu Claro";"Dupla";"Reta";"Sim";2;0;1;0;1;0;1;2;-8,072492;-34,942484;"SPRF-PE";"DEL01-PE";"UOP01-DEL01-PE"
484369;2022-11-02;"quarta-feira";"06:30:00";"ES";262;147;"IBATIBA";"Velocidade Incompatível";"Colisão frontal";"Com Vítimas Feridas";"Pleno dia";"Crescente";"Chuva";"Simples";"Curva;Declive";"Não";7;0;2;1;4;0;3;3;-20,2148829;-41,44925529;"SPRF-ES";"DEL01-ES";"UOP02-DEL01-ES"
484370;2022-11-02;"quarta-feira";"08:15:00";"RJ";116;196,9;"QUEIMADOS";"Ausência de reação do condutor";"Colisão lateral mesmo sentido";"Sem Vítimas";"Pleno dia";"Decrescente";"Chuva";"Dupla";"Reta";"Não";2;0;0;0;2;0;0;2;-22,73336575;-43,55659479;"SPRF-RJ";"DEL01-RJ";"UOP02-DEL01-RJ"
484373;2022-11-02;"quarta-feira";"03:30:00";"MT";163;835;"SINOP";"Reação tardia ou ineficiente do condutor";"Queda de ocupante de veículo";"Com Vítimas Feridas";"Plena Noite";"Crescente";"Céu Claro";"Simples";"Reta";"Sim";1;0;1;0;0;0;1;1;-11,986895;-55,517033;"SPRF-MT";"DEL06-MT";"NPF/DEL06-MT"
484374;2022-11-02;"quarta-feira";"08:00:00";"DF";20;1;"BRASILIA";"Ausência de reação do condutor";"Queda de ocupante de veículo";"Com Vítimas Feridas";"Pleno dia";"Crescente";"Chuva";"Dupla";"Reta";"Sim";1;0;0;1;0;0;1;1;-15,685814;-47,849838;"SPRF-DF";"DEL02-DF";"UOP01-DEL02-DF"
484375;2022-11-01;"terça-feira";"19:55:00";"RJ";101;301;"SAO GONCALO";"Ausência de reação do condutor";"Tombamento";"Com Vítimas Feridas";"Plena Noite";"Decrescente";"Chuva";"Dupla";"Reta";"Não";2;0;2;0;0;0;2;1;-22,77857497;-42,95745101;"SPRF-RJ";"DEL02-RJ";"UOP02-DEL02-RJ"
484379;2022-11-02;"quarta-feira";"09:30:00";"BA";324;0;"FEIRA DE SANTANA";"Reação tardia ou ineficiente do condutor";"Colisão traseira";"Com Vítimas Feridas";"Pleno dia";"Crescente";"Sol";"Dupla";"Reta";"Sim";2;0;0;1;1;0;1;2;-12,27189506;-38,93582767;"SPRF-BA";"DEL02-BA";"UOP01-DEL02-BA"
484380;2022-11-02;"quarta-feira";"09:00:00";"SP";381;86,9;"GUARULHOS";"Velocidade Incompatível";"Tombamento";"Com Vítimas Feridas";"Pleno dia";"Crescente";"Nublado";"Múltipla";"Reta";"Sim";1;0;1;0;0;0;1;1;-23,45930499;-46,57161179;"SPRF-SP";"DEL03-SP";"UOP01-DEL03-SP"