"id";"data_inversa";"dia_semana";"horario";"uf";"br";"km";"municipio";"causa_acidente";"tipo_acidente";"classificacao_acidente";"fase_dia";"sentido_via";"condicao_metereologica";"tipo_pista";"tracado_via";"uso_solo";"pessoas";"mortos";"feridos_leves";"feridos_graves";"ilesos";"ignorados";"feridos";"veiculos";"latitude";"longitude";"regional";"delegacia";"uop"
484381;2022-11-02;"quarta-feira";"06:40:00";"PE";316;318;"FLORESTA";"Condutor deixou de manter distância do veículo da frente";"Colisão traseira";"Com Vítimas Fatais";"Pleno dia";"Crescente";"Céu Claro";"Simples";"Reta";"Não";28;2;2;0;22;2;2;2;-8,71034512;-38,50798509;"SPRF-PE";"DEL04-PE";"UOP03-DEL04-PE"
484382;2022-10-22;"sábado";"08:30:00";"SC";280;305,9;"PORTO UNIAO";"Acessar a via sem observar a presença dos outros veículos";"Tombamento";"Com Vítimas Feridas";"Pleno dia";"Decrescente";"Céu Claro";"Simples";"Reta";"Sim";3;0;2;0;1;0;2;3;-26,26214968;-51,06394887;"SPRF-SC";"DEL06-SC";"UOP04-DEL06-SC"
484384;2022-11-02;"quarta-feira";"10:15:00";"SC";101;27;"JOINVILLE";"Acessar a via sem observar a presença dos outros veículos";"Colisão transversal";"Com Vítimas Feridas";"Pleno dia";"Decrescente";"Céu Claro";"Simples";"Reta;Interseção de Vias";"Sim";2;0;1;0;1;0;1;2;-26,19234802;-48,91210384;"SPRF-SC";"DEL03-SC";"UOP01-DEL03-SC"
484385;2022-11-02;"quarta-feira";"10:17:00";"PE";232;499;"VERDEJANTE";"Demais falhas mecânicas ou elétricas";"Incêndio";"Sem Vítimas";"Pleno dia";"Decrescente";"Céu Claro";"Simples";"Curva";"Não";1;0;0;0;1;0;0;1;-8,02706394;-39,04897511;"SPRF-PE";"DEL05-PE";"UOP01-DEL05-PE"
484389;2022-11-02;"quarta-feira";"10:25:00";"ES";101;241,6;"SERRA";"Acessar a via sem observar a presença dos outros veículos";"Colisão transversal";"Com Vítimas Feridas";"Pleno dia";"Crescente";"Céu Claro";"Dupla";"Reta";"Não";2;0;2;0;0;0;2;2;-20,02389596;-40,39998096;"SPRF-ES";"DEL02-ES";"UOP01-DEL02-ES"
484392;2022-11-02;"quarta-feira";"12:30:00";"DF";20;21;"BRASILIA";"Mal súbito do condutor";"Colisão traseira";"Com Vítimas Feridas";"Pleno dia";"Crescente";"Nublado";"Dupla";"Reta";"Sim";2;0;1;0;1;0;1;2;-15,603384;-47,684692;"SPRF-DF";"DEL02-DF";"UOP01-DEL02-DF"
484393;2022-11-02;"quarta-feira";"10:00:00";"MA";226;315;"BARRA DO CORDA";"Avarias e/ou desgaste excessivo no pneu";"Queda de ocupante de veículo";"Com Vítimas Feridas";"Pleno dia";"Decrescente";"Céu Claro";"Simples";"Reta";"Não";2;0;1;1;0;0;2;1;-5,41996115;-45,34227608;"SPRF-MA";"DEL06-MA";"UOP01-DEL06-MA"
484394;2022-11-02;"quarta-feira";"12:15:00";"BA";116;11,6;"VITORIA DA CONQUISTA";"Desrespeitar a preferência no cruzamento";"Colisão transversal";"Com Vítimas Feridas";"Pleno dia";"Decrescente";"Garoa/Chuvisco";"Simples";"Rotatória";"Sim";2;0;1;0;0;1;1;2;-14,87282;-40,871378;"SPRF-BA";"DEL08-BA";"UOP01-DEL08-BA"
484395;2022-11-02;"quarta-feira";"12:40:00";"BA";324;622;"SALVADOR";"Acessar a via sem observar a presença dos outros veículos";"Colisão lateral mesmo sentido";"Com Vítimas Feridas";"Pleno dia";"Crescente";"Céu Claro";"Dupla";"Interseção de Vias";"Sim";3;0;2;0;1;0;2;2;-12,91888605;-38,46502095;"SPRF-BA";"DEL01-BA";"UOP01-DEL01-BA"
484396;2022-11-02;"quarta-feira";"11:45:00";"PE";101;50,5;"ABREU E LIMA";"Desrespeitar a preferência no cruzamento";"Colisão transversal";"Sem Vítimas";"Pleno dia";"Decrescente";"Céu Claro";"Múltipla";"Retorno Regulamentado";"Sim";4;0;0;0;4;0;0;2;-7,90938602;-34,90123228;"SPRF-PE";"DEL01-PE";"UOP02-DEL01-PE"
484397;2022-11-02;"quarta-feira";"12:45:00";"ES";262;31;"DOMINGOS MARTINS";"Avarias e/ou desgaste excessivo no pneu";"Colisão frontal";"Com Vítimas Feridas";"Pleno dia";"Crescente";"Chuva";"Simples";"Curva";"Não";5;0;3;0;2;0;3;2;-20,3805123;-40,56830627;"SPRF-ES";"DEL01-ES";"UOP01-DEL01-ES"
484400;2022-11-02;"quarta-feira";"12:40:00";"RJ";101;523;"ANGRA DOS REIS";"Ausência de reação do condutor";"Colisão transversal";"Com Vítimas Feridas";"Pleno dia";"Crescente";"Chuva";"Dupla";"Curva";"Não";4;0;2;0;1;1;2;3;-23,00283001;-44,47362994;"SPRF-RJ";"DEL03-RJ";"UOP03-DEL03-RJ"
484402;2022-11-02;"quarta-feira";"12:15:00";"ES";101;210,9;"IBIRACU";"Condutor deixou de manter distância do veículo da frente";"Engavetamento";"Com Vítimas Feridas";"Pleno dia";"Crescente";"Chuva";"Simples";"Declive";"Não";4;0;1;0;2;1;1;3;-19,798437;-40,36982;"SPRF-ES";"DEL02-ES";"UOP01-DEL02-ES"
484404;2022-11-02;"quarta-feira";"14:00:00";"PE";232;4,3;"RECIFE";"Manobra de mudança de faixa";"Colisão transversal";"Com Vítimas Feridas";"Pleno dia";"Crescente";"Céu Claro";"Dupla";"Reta";"Sim";3;0;0;1;2;0;1;2;-8,064473;-34,936928;"SPRF-PE";"DEL01-PE";"UOP01-DEL01-PE"
484405;2022-11-02;"quarta-feira";"14:29:00";"PE";101;70;"RECIFE";"Frear bruscamente";"Colisão traseira";"Com Vítimas Feridas";"Pleno dia";"Decrescente";"Céu Claro";"Simples";"Interseção de Vias;Curva;Viaduto";"Sim";2;0;1;0;0;1;1;2;-8,06776119;-34,94265074;"SPRF-PE";"DEL01-PE";"UOP01-DEL01-PE"
484407;2022-11-02;"quarta-feira";"15:00:00";"MG";116;771,3;"LEOPOLDINA";"Acumulo de água sobre o pavimento";"Colisão com objeto";"Com Vítimas Feridas";"Pleno dia";"Decrescente";"Chuva";"Simples";"Curva";"Não";2;0;1;0;1;0;1;1;-21,55638202;-42,67583002;"SPRF-MG";"DEL07-MG";"UOP01-DEL07-MG"
484408;2022-10-31;"segunda-feira";"11:29:00";"MS";158;8,2;"CASSILANDIA";"Transitar na contramão";"Colisão frontal";"Com Vítimas Feridas";"Pleno dia";"Decrescente";"Céu Claro";"Simples";"Reta";"Não";5;0;1;0;4;0;1;2;-19,14051283;-51,69105693;"SPRF-MS";"DEL08-MS";"UOP01-DEL08-MS"
484410;2022-11-02;"quarta-feira";"14:30:00";"MS";262;505,4;"ANASTACIO";"Demais falhas mecânicas ou elétricas";"Tombamento";"Com Vítimas Feridas";"Pleno dia";"Decrescente";"Céu Claro";"Simples";"Reta";"Não";2;0;2;0;0;0;2;1;-20,48316913;-55,95314809;"SPRF-MS";"DEL03-MS";"UOP01-DEL03-MS"
484412;2022-11-02;"quarta-feira";"15:30:00";"RJ";40;92;"PETROPOLIS";"Velocidade Incompatível";"Saída de leito carroçável";"Sem Vítimas";"Pleno dia";"Decrescente";"Chuva";"Simples";"Curva;Aclive";"Não";1;0;0;0;1;0;0;1;-22,55553939;-43,2294165;"SPRF-RJ";"DEL06-RJ";"UOP01-DEL06-RJ"
484413;2022-11-02;"quarta-feira";"16:00:00";"PI";316;320;"PICOS";"Ausência de reação do condutor";"Saída de leito carroçável";"Com Vítimas Feridas";"Pleno dia";"Decrescente";"Chuva";"Simples";"Curva";"Sim";2;0;2;0;0;0;2;1;-7,092462;-41,389029;"SPRF-PI";"DEL04-PI";"UOP01-DEL04-PI"
484417;2022-11-02;"quarta-feira";"16:30:00";"SC";282;3,8;"FLORIANOPOLIS";"Condutor deixou de manter distância do veículo da frente";"Colisão traseira";"Sem Vítimas";"Pleno dia";"Crescente";"Céu Claro";"Múltipla";"Reta";"Sim";2;0;0;0;2;0;0;2;-27,600384;-48,599705;"SPRF-SC";"DEL01-SC";"UOP01-DEL01-SC"
484419;2022-11-02;"quarta-feira";"15:50:00";"MS";262;380,4;"TERENOS";"Ausência de reação do condutor";"Saída de leito carroçável";"Com Vítimas Feridas";"Pleno dia";"Decrescente";"Céu Claro";"Simples";"Reta";"Não";1;0;0;1;0;0;1;1;-20,45577198;-54,84474093;"SPRF-MS";"DEL01-MS";"UOP03-DEL01-MS"
484421;2022-11-02;"quarta-feira";"17:30:00";"MG";40;524,3;"CONTAGEM";"Pedestre andava na pista";"Atropelamento de Pedestre";"Com Vítimas Feridas";"Pleno dia";"Crescente";"Chuva";"Dupla";"Reta";"Sim";2;0;1;0;0;1;1;2;-19,8754469;-44,05345586;"SPRF-MG";"DEL01-MG";"UOP02-DEL01-MG"
484422;2022-11-02;"quarta-feira";"16:00:00";"RS";471;580,9;"SANTA VITORIA DO PALMAR";"Manobra de mudança de faixa";"Colisão lateral mesmo sentido";"Com Vítimas Feridas";"Pleno dia";"Crescente";"Céu Claro";"Simples";"Reta";"Sim";6;0;3;0;3;0;3;2;-33,056686;-52,875603;"SPRF-RS";"DEL07-RS";"UOP04-DEL07-RS"
484423;2022-11-02;"quarta-feira";"17:23:00";"PB";230;14;"CABEDELO";"Ausência de reação do condutor";"Queda de ocupante de veículo";"Com Vítimas Feridas";"Anoitecer";"Crescente";"Céu Claro";"Dupla";"Reta";"Sim";1;0;1;0;0;0;1;1;-7,0844;-34,8488;"SPRF-PB";"DEL01-PB";"UOP01-DEL01-PB"
484424;2022-11-02;"quarta-feira";"16:45:00";"PR";376;108,9;"PARANAVAI";"Reação tardia ou ineficiente do condutor";"Queda de ocupante de veículo";"Com Vítimas Feridas";"Pleno dia";"Crescente";"Garoa/Chuvisco";"Dupla";"Reta";"Não";2;0;1;0;0;1;1;1;-23,07492893;-52,41720594;"SPRF-PR";"DEL09-PR";"UOP02-DEL09-PR"
484428;2022-11-02;"quarta-feira";"17:40:00";"MG";381;528;"BRUMADINHO";"Chuva";"Tombamento";"Com Vítimas Feridas";"Anoitecer";"Decrescente";"Chuva";"Dupla";"Curva;Declive";"Não";2;0;0;1;1;0;1;1;-20,16368096;-44,36025002;"SPRF-MG";"DEL04-MG";"UOP03-DEL04-MG"
484429;2022-11-02;"quarta-feira";"18:00:00";"SP";116;290;"ITAPECERICA DA SERRA";"Pista Escorregadia";"Saída de leito carroçável";"Com Vítimas Feridas";"Anoitecer";"Decrescente";"Garoa/Chuvisco";"Dupla";"Reta";"Não";1;0;1;0;0;0;1;1;-23,7303281;-46,89425963;"SPRF-SP";"DEL04-SP";"UOP01-DEL04-SP"
484430;2022-11-02;"quarta-feira";"16:50:00";"PE";101;50;"ABREU E LIMA";"Manobra de mudança de faixa";"Colisão transversal";"Com Vítimas Feridas";"Pleno dia";"Crescente";"Céu Claro";"Múltipla";"Reta";"Sim";3;0;2;0;1;0;2;2;-7,90938602;-34,90123228;"SPRF-PE";"DEL01-PE";"UOP02-DEL01-PE"
484432;2022-11-02;"quarta-feira";"18:30:00";"BA";116;10,9;"VITORIA DA CONQUISTA";"Acessar a via sem observar a presença dos outros veículos";"Colisão transversal";"Com Vítimas Feridas";"Plena Noite";"Crescente";"Nublado";"Simples";"Reta";"Sim";2;0;1;0;1;0;1;2;-14,86839959;-40,87180592;"SPRF-BA";"DEL08-BA";"UOP01-DEL08-BA"
484434;2022-11-02;"quarta-feira";"15:30:00";"RJ";40;92;"PETROPOLIS";"Chuva";"Saída de leito carroçável";"Com Vítimas Feridas";"Pleno dia";"Crescente";"Chuva";"Simples";"Aclive;Curva";"Não";1;0;1;0;0;0;1;1;-22,55191954;-43,25068815;"SPRF-RJ";"DEL06-RJ";"UOP01-DEL06-RJ"
484435;2022-11-02;"quarta-feira";"18:35:00";"SE";235;44,7;"ITABAIANA";"Ingestão de álcool ou de substâncias psicoativas pelo pedestre";"Atropelamento de Pedestre";"Com Vítimas Feridas";"Plena Noite";"Crescente";"Céu Claro";"Simples";"Declive;Reta";"Não";2;0;1;0;1;0;1;2;-10,739394;-37,405602;"SPRF-SE";"DEL01-SE";"UOP02-DEL01-SE"
484436;2022-11-02;"quarta-feira";"19:00:00";"SP";153;19,3;"NOVA GRANADA";"Reação tardia ou ineficiente do condutor";"Saída de leito carroçável";"Com Vítimas Feridas";"Anoitecer";"Decrescente";"Céu Claro";"Simples";"Reta";"Não";2;0;2;0;0;0;2;1;-20,455938;-49,286433;"SPRF-SP";"DEL09-SP";"UOP01-DEL09-SP"
484437;2022-10-22;"sábado";"05:30:00";"MG";40;51;"PARACATU";"Chuva";"Saída de leito carroçável";"Com Vítimas Fatais";"Pleno dia";"Crescente";"Nublado";"Simples";"Reta";"Não";1;1;0;0;0;0;0;1;-17,24393726;-46,79248346;"SPRF-MG";"DEL14-MG";"UOP01-DEL14-MG"
484438;2022-11-02;"quarta-feira";"16:50:00";"RJ";40;114;"DUQUE DE CAXIAS";"Acumulo de água sobre o pavimento";"Colisão com objeto";"Com Vítimas Feridas";"Pleno dia";"Decrescente";"Chuva";"Dupla";"Reta";"Não";2;0;2;0;0;0;2;1;-22,71853604;-43,28993324;"SPRF-RJ";"DEL01-RJ";"UOP01-DEL01-RJ"
484439;2022-11-02;"quarta-feira";"18:30:00";"PE";424;91,7;"GARANHUNS";"Ausência de reação do condutor";"Queda de ocupante de veículo";"Com Vítimas Feridas";"Plena Noite";"Crescente";"Céu Claro";"Simples";"Curva";"Sim";1;0;1;0;0;0;1;1;-8,8996995;-36,50271893;"SPRF-PE";"DEL03-PE";"UOP01-DEL03-PE"
484441;2022-11-02;"quarta-feira";"16:40:00";"SP";116;512,7;"CAJATI";"Pista Escorregadia";"Colisão com objeto";"Sem Vítimas";"Pleno dia";"Decrescente";"Chuva";"Dupla";"Curva";"Não";2;0;0;0;2;0;0;1;-24,84304306;-48,22027915;"SPRF-SP";"DEL05-SP";"UOP02-DEL05-SP"
484443;2022-11-02;"quarta-feira";"18:10:00";"RS";470;229;"CARLOS BARBOSA";"Reação tardia ou ineficiente do condutor";"Tombamento";"Com Vítimas Feridas";"Pleno dia";"Crescente";"Céu Claro";"Simples";"Reta";"Sim";2;0;2;0;0;0;2;1;-29,23579206;-51,51193423;"SPRF-RS";"DEL06-RS";"UOP01-DEL06-RS"
484444;2022-11-02;"quarta-feira";"19:40:00";"RS";386;421,9;"MONTENEGRO";"Ingestão de álcool e/ou substâncias psicoativas pelo pedestre";"Colisão transversal";"Com Vítimas Feridas";"Plena Noite";"Decrescente";"Céu Claro";"Simples";"Rotatória";"Sim";4;0;1;0;3;0;1;2;-29,815044;-51,412865;"SPRF-RS";"DEL01-RS";"UOP01-DEL01-RS"
484445;2022-11-02;"quarta-feira";"19:30:00";"AP";210;1;"MACAPA";"Desrespeitar a preferência no cruzamento";"Colisão transversal";"Com Vítimas Feridas";"Plena Noite";"Decrescente";"Céu Claro";"Simples";"Reta";"Sim";2;0;0;1;1;0;1;2;0,08282017;-51,07776189;"SPRF-AP";"DEL01-AP";"UOP01-DEL01-AP"
484446;2022-11-02;"quarta-feira";"15:00:00";"MG";381;423;"CAETE";"Chuva";"Saída de leito carroçável";"Com Vítimas Feridas";"Pleno dia";"Decrescente";"Chuva";"Dupla";"Reta";"Não";2;0;0;2;0;0;2;1;-19,78973406;-43,67222724;"SPRF-MG";"DEL01-MG";"UOP01-DEL01-MG"
484447;2022-11-02;"quarta-feira";"19:40:00";"SC";282;26;"SANTO AMARO DA IMPERATRIZ";"Velocidade Incompatível";"Saída de leito carroçável";"Com Vítimas Feridas";"Plena Noite";"Decrescente";"Céu Claro";"Simples";"Reta";"Sim";2;0;1;1;0;0;2;1;-27,680267;-48,762482;"SPRF-SC";"DEL01-SC";"UOP03-DEL01-SC"
484449;2022-11-02;"quarta-feira";"20:15:00";"PB";104;131,2;"CAMPINA GRANDE";"Entrada inopinada do pedestre";"Atropelamento de Pedestre";"Com Vítimas Feridas";"Plena Noite";"Crescente";"Nublado";"Simples";"Reta";"Sim";2;0;1;0;1;0;1;2;-7,29900408;-35,89187256;"SPRF-PB";"DEL02-PB";"UOP03-DEL02-PB"
484450;2022-11-02;"quarta-feira";"20:00:00";"PB";101;88;"JOAO PESSOA";"Ausência de reação do condutor";"Colisão traseira";"Sem Vítimas";"Plena Noite";"Decrescente";"Céu Claro";"Dupla";"Reta";"Sim";2;0;0;0;1;1;0;2;-7,16531416;-34,89881035;"SPRF-PB";"DEL01-PB";"UOP01-DEL01-PB"
484451;2022-11-02;"quarta-feira";"20:20:00";"PB";230;147,9;"CAMPINA GRANDE";"Ingestão de álcool pelo condutor";"Tombamento";"Com Vítimas Feridas";"Plena Noite";"Crescente";"Chuva";"Dupla";"Rotatória";"Sim";1;0;1;0;0;0;1;1;-7,24201059;-35,86926623;"SPRF-PB";"DEL02-PB";"UOP01-DEL02-PB"
484452;2022-11-02;"quarta-feira";"17:15:00";"MG";381;615,5;"OLIVEIRA";"Chuva";"Saída de leito carroçável";"Com Vítimas Feridas";"Anoitecer";"Decrescente";"Chuva";"Dupla";"Curva;Aclive";"Não";1;0;1;0;0;0;1;1;-20,718562;-44,76586;"SPRF-MG";"DEL04-MG";"UOP01-DEL04-MG"
484453;2022-11-02;"quarta-feira";"19:40:00";"PB";101;88;"JOAO PESSOA";"Ausência de reação do condutor";"Engavetamento";"Com Vítimas Feridas";"Plena Noite";"Decrescente";"Céu Claro";"Dupla";"Reta";"Sim";3;0;1;0;2;0;1;3;-7,16470016;-34,89993643;"SPRF-PB";"DEL01-PB";"UOP01-DEL01-PB"
484458;2022-11-02;"quarta-feira";"04:30:00";"SC";470;35;"GASPAR";"Obstrução na via";"Colisão com objeto";"Com Vítimas Feridas";"Plena Noite";"Decrescente";"Céu Claro";"Simples";"Reta";"Não";1;0;1;0;0;0;1;1;-26,912857;-48,958965;"SPRF-SC";"DEL04-SC";"UOP01-DEL04-SC"
484459;2022-11-02;"quarta-feira";"19:45:00";"PR";153;18,6;"JACAREZINHO";"Animais na Pista";"Atropelamento de Animal";"Com Vítimas Feridas";"Plena Noite";"Decrescente";"Nublado";"Simples";"Reta";"Sim";1;0;1;0;0;0;1;1;-23,1546191;-49,95724797;"SPRF-PR";"DEL07-PR";"UOP04-DEL07-PR"
484460;2022-11-02;"quarta-feira";"20:40:00";"MA";316;262,2;"SANTA INES";"Demais falhas na via";"Eventos atípicos";"Sem Vítimas";"Plena Noite";"Decrescente";"Céu Claro";"Simples";"Reta";"Não";1;0;0;0;0;1;0;1;-3,675505;-45,380474;"SPRF-MA";"DEL02-MA";"UOP01-DEL02-MA"
484461;2022-11-02;"quarta-feira";"20:30:00";"MS";262;578,7;"MIRANDA";"Animais na Pista";"Atropelamento de Animal";"Com Vítimas Feridas";"Plena Noite";"Crescente";"Céu Claro";"Simples";"Reta";"Sim";2;0;2;0;0;0;2;1;-20,17124876;-56,5473909;"SPRF-MS";"DEL03-MS";"UOP02-DEL03-MS"
484463;2022-10-31;"segunda-feira";"16:50:00";"MG";381;487;"BETIM";"Reação tardia ou ineficiente do condutor";"Colisão lateral mesmo sentido";"Sem Vítimas";"Pleno dia";"Decrescente";"Nublado";"Dupla";"Reta";"Sim";4;0;0;0;4;0;0;2;-19,95644414;-44,13611598;"SPRF-MG";"DEL01-MG";"UOP03-DEL01-MG"
484466;2022-11-02;"quarta-feira";"22:20:00";"RS";386;435,6;"NOVA SANTA RITA";"Desrespeitar a preferência no cruzamento";"Colisão transversal";"Com Vítimas Fatais";"Plena Noite";"Decrescente";"Céu Claro";"Dupla";"Rotatória";"Sim";3;1;0;0;1;1;0;3;-29,846369;-51,275738;"SPRF-RS";"DEL01-RS";"UOP01-DEL01-RS"
484467;2022-11-02;"quarta-feira";"22:00:00";"GO";60;380;"RIO VERDE";"Ingestão de álcool e/ou substâncias psicoativas pelo pedestre";"Tombamento";"Com Vítimas Feridas";"Plena Noite";"Decrescente";"Céu Claro";"Dupla";"Declive";"Sim";1;0;0;1;0;0;1;1;-17,7646;-50,8822;"SPRF-GO";"DEL04-GO";"UOP02-DEL04-GO"
484468;2022-11-02;"quarta-feira";"22:10:00";"RN";101;66;"EXTREMOZ";"Deficiência do Sistema de Iluminação/Sinalização";"Colisão traseira";"Com Vítimas Feridas";"Plena Noite";"Crescente";"Céu Claro";"Simples";"Reta";"Não";2;0;0;1;1;0;1;2;-5,65033356;-35,25016233;"SPRF-RN";"DEL02-RN";"UOP01-DEL02-RN"
484470;2022-11-02;"quarta-feira";"20:15:00";"MG";262;823;"UBERABA";"Animais na Pista";"Colisão com objeto";"Com Vítimas Feridas";"Plena Noite";"Decrescente";"Céu Claro";"Dupla";"Reta";"Não";2;0;1;0;1;0;1;1;-19,75760422;-48,1522031;"SPRF-MG";"DEL13-MG";"UOP01-DEL13-MG"
484471;2022-11-02;"quarta-feira";"22:30:00";"PR";369;130,9;"IBIPORA";"Acessar a via sem observar a presença dos outros veículos";"Colisão transversal";"Com Vítimas Feridas";"Plena Noite";"Crescente";"Céu Claro";"Dupla";"Interseção de Vias";"Não";2;0;1;0;1;0;1;2;-23,26051892;-50,98869681;"SPRF-PR";"DEL07-PR";"UOP01-DEL07-PR"
484472;2022-11-02;"quarta-feira";"20:42:00";"AM";230;616;"HUMAITA";"Acessar a via sem observar a presença dos outros veículos";"Colisão lateral mesmo sentido";"Com Vítimas Feridas";"Plena Noite";"Crescente";"Céu Claro";"Simples";"Reta";"Sim";4;0;0;1;1;2;1;3;-7,5532468;-63,0743574;"SPRF-AM";"DEL01-AM";"UOP05-DEL01-AM"
484474;2022-11-02;"quarta-feira";"22:10:00";"RJ";40;97;"DUQUE DE CAXIAS";"Acumulo de água sobre o pavimento";"Saída de leito carroçável";"Sem Vítimas";"Plena Noite";"Crescente";"Chuva";"Dupla";"Curva";"Não";1;0;0;0;1;0;0;1;-22,57441;-43,272866;"SPRF-RJ";"DEL01-RJ";"UOP01-DEL01-RJ"
484475;2022-11-03;"quinta-feira";"00:20:00";"SP";116;155;"SAO JOSE DOS CAMPOS";"Ingestão de álcool pelo condutor";"Saída de leito carroçável";"Sem Vítimas";"Plena Noite";"Decrescente";"Nublado";"Dupla";"Reta";"Sim";1;0;0;0;1;0;0;1;-23,24524337;-45,92772774;"SPRF-SP";"DEL02-SP";"UOP01-DEL02-SP"
484477;2022-11-02;"quarta-feira";"22:30:00";"RS";386;158;"ALMIRANTE TAMANDARE DO SUL";"Acessar a via sem observar a presença dos outros veículos";"Colisão transversal";"Sem Vítimas";"Plena Noite";"Crescente";"Céu Claro";"Simples";"Rotatória";"Não";2;0;0;0;2;0;0;2;-28,142254;-52,845757;"SPRF-RS";"DEL08-RS";"UOP01-DEL08-RS"
484478;2022-11-02;"quarta-feira";"21:57:00";"RO";319;57;"PORTO VELHO";"Transitar na contramão";"Colisão frontal";"Sem Vítimas";"Plena Noite";"Decrescente";"Céu Claro";"Simples";"Ponte";"Sim";4;0;0;0;2;2;0;3;-8,739714;-63,93214024;"SPRF-RO";"DEL01-RO";"UOP01-DEL01-RO"
484482;2022-11-03;"quinta-feira";"00:40:00";"RJ";101;390;"RIO DE JANEIRO";"Ausência de reação do condutor";"Saída de leito carroçável";"Com Vítimas Feridas";"Plena Noite";"Decrescente";"Chuva";"Dupla";"Reta";"Não";1;0;1;0;0;0;1;1;-22,89346927;-43,67542992;"SPRF-RJ";"DEL03-RJ";"UOP01-DEL03-RJ"
484483;2022-11-03;"quinta-feira";"01:30:00";"MG";40;511,8;"RIBEIRAO DAS NEVES";"Chuva";"Saída de leito carroçável";"Com Vítimas Feridas";"Plena Noite";"Crescente";"Chuva";"Dupla";"Reta;Declive";"Sim";2;0;1;0;1;0;1;1;-19,78164295;-44,11733194;"SPRF-MG";"DEL01-MG";"UOP02-DEL01-MG"
484485;2022-11-03;"quinta-feira";"02:30:00";"PR";277;723;"FOZ DO IGUACU";"Reação tardia ou ineficiente do condutor";"Saída de leito carroçável";"Com Vítimas Fatais";"Plena Noite";"Decrescente";"Céu Claro";"Dupla";"Reta";"Sim";1;1;0;0;0;0;0;1;-25,49878215;-54,52985294;"SPRF-PR";"DEL05-PR";"UOP03-DEL05-PR"
484488;2022-11-03;"quinta-feira";"02:40:00";"SC";101;6;"GARUVA";"Obstrução na via";"Saída de leito carroçável";"Com Vítimas Feridas";"Plena Noite";"Crescente";"Chuva";"Dupla";"Reta";"Não";3;0;1;0;2;0;1;1;-26,02692002;-48,86142017;"SPRF-SC";"DEL03-SC";"UOP01-DEL03-SC"
484492;2022-11-03;"quinta-feira";"04:38:00";"RJ";101;265;"RIO BONITO";"Ingestão de álcool pelo condutor";"Colisão com objeto";"Sem Vítimas";"Amanhecer";"Decrescente";"Garoa/Chuvisco";"Dupla";"Curva";"Sim";1;0;0;0;1;0;0;1;-22,71359987;-42,64391188;"SPRF-RJ";"DEL02-RJ";"UOP03-DEL02-RJ"
484493;2022-11-03;"quinta-feira";"04:50:00";"PE";232;88;"GRAVATA";"Ingestão de álcool pelo condutor";"Colisão com objeto";"Sem Vítimas";"Amanhecer";"Crescente";"Céu Claro";"Dupla";"Reta";"Não";1;0;0;0;1;0;0;1;-8,215178;-35,637814;"SPRF-PE";"DEL02-PE";"UOP02-DEL02PE"
484494;2022-11-03;"quinta-feira";"05:30:00";"MG";381;921,5;"CAMANDUCAIA";"Velocidade Incompatível";"Saída de leito carroçável";"Com Vítimas Feridas";"Pleno dia";"Crescente";"Chuva";"Dupla";"Declive;Curva";"Não";3;0;1;0;2;0;1;1;-22,762856;-46,17041945;"SPRF-MG";"DEL16-MG";"UOP03-DEL16-MG"
484496;2022-11-03;"quinta-feira";"04:00:00";"BA";116;383,4;"SANTA BARBARA";"Condutor usando celular";"Capotamento";"Com Vítimas Fatais";"Plena Noite";"Crescente";"Céu Claro";"Simples";"Reta";"Não";5;1;4;0;0;0;4;1;-11,882669;-38,979989;"SPRF-BA";"DEL02-BA";"UOP01-DEL02-BA"
484498;2022-11-02;"quarta-feira";"21:50:00";"SC";101;262;"GAROPABA";"Ingestão de álcool pelo condutor";"Colisão com objeto";"Com Vítimas Feridas";"Plena Noite";"Decrescente";"Céu Claro";"Dupla";"Reta";"Não";1;0;1;0;0;0;1;1;-28,04050188;-48,71193399;"SPRF-SC";"DEL02-SC";"UOP03-DEL02-SC"
484500;2022-11-03;"quinta-feira";"06:20:00";"CE";116;17,8;"ITAITINGA";"Condutor deixou de manter distância do veículo da frente";"Queda de ocupante de veículo";"Com Vítimas Feridas";"Pleno dia";"Crescente";"Céu Claro";"Dupla";"Reta";"Sim";1;0;1;0;0;0;1;1;-3,89617918;-38,50336042;"SPRF-CE";"DEL01-CE";"UOP02-DEL01-CE"
484505;2022-11-03;"quinta-feira";"07:00:00";"RN";101;79,7;"NATAL";"Manobra de mudança de faixa";"Colisão traseira";"Com Vítimas Feridas";"Pleno dia";"Crescente";"Céu Claro";"Dupla";"Reta";"Não";3;0;2;1;0;0;3;2;-5,74962896;-35,28918369;"SPRF-RN";"DEL02-RN";"UOP01-DEL02-RN"
484506;2022-11-03;"quinta-feira";"07:30:00";"GO";50;311;"CUMARI";"Ausência de reação do condutor";"Colisão traseira";"Com Vítimas Feridas";"Amanhecer";"Decrescente";"Céu Claro";"Dupla";"Curva";"Não";4;0;1;0;3;0;1;2;-18,4065;-48,08;"SPRF-GO";"DEL06-GO";"UOP01-DEL06-GO"
484507;2022-11-03;"quinta-feira";"07:50:00";"SP";116;226;"GUARULHOS";"Reação tardia ou ineficiente do condutor";"Queda de ocupante de veículo";"Com Vítimas Feridas";"Pleno dia";"Decrescente";"Chuva";"Múltipla";"Reta";"Sim";1;0;1;0;0;0;1;1;-23,49102507;-46,54878195;"SPRF-SP";"DEL01-SP";"UOP01-DEL01-SP"
484508;2022-11-03;"quinta-feira";"07:05:00";"RS";290;158;"ARROIO DOS RATOS";"Acessar a via sem observar a presença dos outros veículos";"Colisão transversal";"Com Vítimas Feridas";"Pleno dia";"Crescente";"Sol";"Simples";"Reta";"Não";6;0;5;1;0;0;6;2;-30,10739285;-51,75663471;"SPRF-RS";"DEL02-RS";"UOP01-DEL02-RS"