"id";"data_inversa";"dia_semana";"horario";"uf";"br";"km";"municipio";"causa_acidente";"tipo_acidente";"classificacao_acidente";"fase_dia";"sentido_via";"condicao_metereologica";"tipo_pista";"tracado_via";"uso_solo";"pessoas";"mortos";"feridos_leves";"feridos_graves";"ilesos";"ignorados";"feridos";"veiculos";"latitude";"longitude";"regional";"delegacia";"uop"
485075;2022-11-05;"sábado";"21:30:00";"PR";369;151,5;"LONDRINA";"Condutor deixou de manter distância do veículo da frente";"Colisão traseira";"Com Vítimas Feridas";"Plena Noite";"Crescente";"Céu Claro";"Dupla";"Reta";"Sim";2;0;0;1;1;0;1;2;-23,29280983;-51,16791129;"SPRF-PR";"DEL07-PR";"UOP01-DEL07-PR"
485076;2022-11-05;"sábado";"22:30:00";"MG";364;5,8;"PLANURA";"Ausência de reação do condutor";"Saída de leito carroçável";"Com Vítimas Feridas";"Plena Noite";"Decrescente";"Céu Claro";"Simples";"Reta";"Não";1;0;0;1;0;0;1;1;-20,1211;-48,72001;"SPRF-MG";"DEL13-MG";"UOP02-DEL13-MG"
485077;2022-11-05;"sábado";"21:40:00";"RJ";116;166;"RIO DE JANEIRO";"Velocidade Incompatível";"Colisão traseira";"Sem Vítimas";"Plena Noite";"Crescente";"Céu Claro";"Múltipla";"Reta";"Sim";2;0;0;0;1;1;0;2;-22,802729;-43,290424;"SPRF-RJ";"DEL01-RJ";"UOP02-DEL01-RJ"
485079;2022-11-05;"sábado";"23:12:00";"PI";222;50;"BRASILEIRA";"Ingestão de álcool pelo condutor";"Colisão frontal";"Com Vítimas Fatais";"Plena Noite";"Crescente";"Chuva";"Simples";"Reta";"Não";3;2;0;0;1;0;0;2;-4,12897716;-41,60649991;"SPRF-PI";"DEL02-PI";"UOP01-DEL02-PI"
485082;2022-11-05;"sábado";"20:00:00";"MS";158;108;"PARANAIBA";"Velocidade Incompatível";"Saída de leito carroçável";"Sem Vítimas";"Plena Noite";"Crescente";"Garoa/Chuvisco";"Simples";"Reta";"Não";2;0;0;0;0;2;0;2;-19,77017499;-51,12058898;"SPRF-MS";"DEL08-MS";"UOP01-DEL08-MS"
485085;2022-11-06;"domingo";"01:10:00";"PR";277;66;"SAO JOSE DOS PINHAIS";"Ausência de reação do condutor";"Colisão com objeto";"Sem Vítimas";"Plena Noite";"Decrescente";"Céu Claro";"Dupla";"Reta";"Não";1;0;0;0;1;0;0;1;-25,54908791;-49,04398096;"SPRF-PR";"DEL01-PR";"UOP01-DEL01-PR"
485086;2022-11-06;"domingo";"02:00:00";"PR";277;729;"FOZ DO IGUACU";"Entrada inopinada do pedestre";"Atropelamento de Pedestre";"Com Vítimas Feridas";"Plena Noite";"Crescente";"Céu Claro";"Simples";"Curva";"Não";2;0;0;2;0;0;2;2;-25,509421;-54,594034;"SPRF-PR";"DEL05-PR";"UOP03-DEL05-PR"
485087;2022-11-06;"domingo";"01:45:00";"PR";116;165;"QUITANDINHA";"Ausência de reação do condutor";"Saída de leito carroçável";"Sem Vítimas";"Plena Noite";"Crescente";"Nublado";"Simples";"Curva";"Sim";1;0;0;0;0;1;0;1;-25,87465933;-49,48100991;"SPRF-PR";"DEL01-PR";"UOP03-DEL01-PR"
485088;2022-11-06;"domingo";"00:05:00";"SC";282;455,7;"PONTE SERRADA";"Pedestre andava na pista";"Saída de leito carroçável";"Com Vítimas Feridas";"Plena Noite";"Decrescente";"Céu Claro";"Simples";"Reta";"Não";1;0;1;0;0;0;1;1;-26,888617;-51,99427;"SPRF-SC";"DEL07-SC";"UOP04-DEL07-SC"
485089;2022-11-06;"domingo";"00:30:00";"SC";282;645,8;"SAO MIGUEL DO OESTE";"Ultrapassagem Indevida";"Colisão traseira";"Com Vítimas Feridas";"Plena Noite";"Crescente";"Céu Claro";"Simples";"Reta";"Não";4;0;1;0;1;2;1;3;-26,765184;-53,487823;"SPRF-SC";"DEL07-SC";"UOP03-DEL07-SC"
485091;2022-11-06;"domingo";"01:10:00";"SP";116;271,5;"TABOAO DA SERRA";"Reação tardia ou ineficiente do condutor";"Colisão traseira";"Com Vítimas Feridas";"Anoitecer";"Crescente";"Céu Claro";"Dupla";"Reta";"Sim";4;0;1;0;3;0;1;2;-23,610815;-46,774458;"SPRF-SP";"DEL04-SP";"UOP01-DEL04-SP"
485092;2022-11-06;"domingo";"00:10:00";"PI";343;553;"AMARANTE";"Animais na Pista";"Atropelamento de Animal";"Com Vítimas Feridas";"Plena Noite";"Decrescente";"Céu Claro";"Simples";"Reta";"Não";1;0;0;1;0;0;1;1;-6,626734;-42,837376;"SPRF-PI";"DEL03-PI";"UOP01-DEL03-PI"
485094;2022-11-06;"domingo";"03:10:00";"PB";361;92;"PIANCO";"Ausência de reação do condutor";"Capotamento";"Com Vítimas Feridas";"Plena Noite";"Decrescente";"Céu Claro";"Simples";"Reta";"Não";1;0;1;0;0;0;1;1;-7,22133714;-37,98484599;"SPRF-PB";"DEL03-PB";"UOP01-DEL03-PB"
485095;2022-11-06;"domingo";"03:05:00";"RS";470;222;"GARIBALDI";"Ausência de reação do condutor";"Colisão com objeto";"Com Vítimas Feridas";"Plena Noite";"Decrescente";"Céu Claro";"Simples";"Retorno Regulamentado;Curva";"Não";1;0;1;0;0;0;1;1;-29,22199878;-51,51660919;"SPRF-RS";"DEL06-RS";"UOP01-DEL06-RS"
485097;2022-11-06;"domingo";"03:30:00";"SC";101;200,3;"SAO JOSE";"Velocidade Incompatível";"Colisão transversal";"Com Vítimas Feridas";"Plena Noite";"Decrescente";"Céu Claro";"Múltipla";"Reta";"Não";2;0;0;1;0;1;1;2;-27,54018513;-48,62287714;"SPRF-SC";"DEL01-SC";"UOP01-DEL01-SC"
485098;2022-11-06;"domingo";"02:00:00";"MG";365;612,8;"UBERLANDIA";"Ingestão de álcool pelo condutor";"Colisão frontal";"Com Vítimas Feridas";"Plena Noite";"Decrescente";"Céu Claro";"Simples";"Reta";"Sim";8;0;1;0;7;0;1;3;-18,92793854;-48,19198317;"SPRF-MG";"DEL15-MG";"UOP01-DEL15-MG"
485099;2022-11-06;"domingo";"03:45:00";"GO";153;503;"APARECIDA DE GOIANIA";"Ingestão de álcool pelo condutor";"Queda de ocupante de veículo";"Com Vítimas Feridas";"Plena Noite";"Decrescente";"Céu Claro";"Dupla";"Curva";"Sim";1;0;1;0;0;0;1;1;-16,7366;-49,243;"SPRF-GO";"DEL01-GO";"UOP01-DEL01-GO"
485100;2022-11-06;"domingo";"03:10:00";"SP";153;262;"MARILIA";"Afundamento ou ondulação no pavimento";"Queda de ocupante de veículo";"Com Vítimas Feridas";"Plena Noite";"Decrescente";"Nublado";"Simples";"Reta";"Não";1;0;1;0;0;0;1;1;-22,28307122;-49,91788954;"SPRF-SP";"DEL07-SP";"UOP02-DEL07-SP"
485101;2022-11-06;"domingo";"03:50:00";"PR";369;41;"ANDIRA";"Reação tardia ou ineficiente do condutor";"Colisão frontal";"Com Vítimas Fatais";"Plena Noite";"Decrescente";"Céu Claro";"Simples";"Reta;Aclive";"Não";3;2;0;0;1;0;0;2;-23,068336;-50,262302;"SPRF-PR";"DEL07-PR";"UOP05-DEL07-PR"
485103;2022-11-06;"domingo";"01:20:00";"SP";381;83;"SAO PAULO";"Pedestre andava na pista";"Atropelamento de Pedestre";"Com Vítimas Fatais";"Plena Noite";"Decrescente";"Nublado";"Dupla";"Reta";"Não";2;1;0;0;1;0;0;2;-23,4309671;-46,56998022;"SPRF-SP";"DEL03-SP";"UOP01-DEL03-SP"
485104;2022-11-06;"domingo";"04:00:00";"SC";101;282;"IMBITUBA";"Reação tardia ou ineficiente do condutor";"Tombamento";"Com Vítimas Feridas";"Plena Noite";"Decrescente";"Garoa/Chuvisco";"Dupla";"Reta";"Sim";2;0;2;0;0;0;2;1;-28,19626005;-48,69739859;"SPRF-SC";"DEL02-SC";"UOP03-DEL02-SC"
485105;2022-11-06;"domingo";"03:35:00";"MT";364;534;"ROSARIO OESTE";"Ingestão de álcool pelo condutor";"Capotamento";"Sem Vítimas";"Amanhecer";"Crescente";"Céu Claro";"Simples";"Reta";"Não";1;0;0;0;1;0;0;1;-14,96960698;-56,51566704;"SPRF-MT";"DEL01-MT";"UOP01-DEL01-MT"
485106;2022-11-06;"domingo";"02:45:00";"RO";174;20;"VILHENA";"Velocidade Incompatível";"Queda de ocupante de veículo";"Com Vítimas Feridas";"Plena Noite";"Decrescente";"Céu Claro";"Simples";"Rotatória";"Não";1;0;0;1;0;0;1;1;-12,6830509;-60,1093422;"SPRF-RO";"DEL04-RO";"UOP01-DEL04-RO"
485107;2022-11-06;"domingo";"04:30:00";"SC";280;49;"GUARAMIRIM";"Reação tardia ou ineficiente do condutor";"Colisão com objeto";"Sem Vítimas";"Plena Noite";"Decrescente";"Céu Claro";"Dupla";"Em Obras";"Não";1;0;0;0;0;1;0;1;-26,45850039;-48,93692786;"SPRF-SC";"DEL03-SC";"UOP03-DEL03-SC"
485109;2022-11-05;"sábado";"21:15:00";"SC";101;268,5;"IMBITUBA";"Velocidade Incompatível";"Saída de leito carroçável";"Com Vítimas Feridas";"Plena Noite";"Crescente";"Garoa/Chuvisco";"Dupla";"Reta";"Não";3;0;1;1;1;0;2;1;-28,09121484;-48,71003151;"SPRF-SC";"DEL02-SC";"UOP03-DEL02-SC"
485110;2022-11-05;"sábado";"17:20:00";"MG";381;383;"SAO GONCALO DO RIO ABAIXO";"Ausência de reação do condutor";"Capotamento";"Com Vítimas Feridas";"Pleno dia";"Crescente";"Céu Claro";"Simples";"Curva";"Não";2;0;2;0;0;0;2;1;-19,81468814;-43,39749222;"SPRF-MG";"DEL01-MG";"UOP01-DEL01-MG"
485113;2022-11-06;"domingo";"05:10:00";"PR";277;167,2;"PALMEIRA";"Condutor deixou de manter distância do veículo da frente";"Colisão traseira";"Com Vítimas Feridas";"Amanhecer";"Crescente";"Céu Claro";"Simples";"Curva";"Não";2;0;0;1;1;0;1;2;-25,4343514;-49,98170972;"SPRF-PR";"DEL03-PR";"UOP03-DEL03-PR"
485115;2022-11-06;"domingo";"05:25:00";"SC";116;141,3;"SANTA CECILIA";"Ausência de reação do condutor";"Colisão traseira";"Sem Vítimas";"Amanhecer";"Decrescente";"Céu Claro";"Simples";"Reta";"Sim";2;0;0;0;2;0;0;2;-26,97282394;-50,40309796;"SPRF-SC";"DEL06-SC";"UOP02-DEL06-SC"
485116;2022-11-05;"sábado";"23:40:00";"RS";386;35,7;"FREDERICO WESTPHALEN";"Ingestão de álcool pelo condutor";"Colisão com objeto";"Sem Vítimas";"Plena Noite";"Decrescente";"Céu Claro";"Simples";"Reta";"Não";1;0;0;0;0;1;0;1;-27,365112;-53,394897;"SPRF-RS";"DEL08-RS";"UOP02-DEL08-RS"
485117;2022-11-06;"domingo";"05:50:00";"SC";101;13;"GARUVA";"Condutor Dormindo";"Colisão com objeto";"Com Vítimas Feridas";"Pleno dia";"Decrescente";"Céu Claro";"Dupla";"Reta";"Não";1;0;1;0;0;0;1;1;-26,08986803;-48,86345096;"SPRF-SC";"DEL03-SC";"UOP01-DEL03-SC"
485118;2022-11-06;"domingo";"06:10:00";"MG";381;440;"SABARA";"Ausência de reação do condutor";"Tombamento";"Com Vítimas Feridas";"Pleno dia";"Crescente";"Sol";"Simples";"Aclive;Reta";"Não";1;0;1;0;0;0;1;1;-19,81160206;-43,79604396;"SPRF-MG";"DEL01-MG";"UOP01-DEL01-MG"
485122;2022-11-06;"domingo";"01:45:00";"RS";287;403;"SANTIAGO";"Condutor Dormindo";"Saída de leito carroçável";"Com Vítimas Feridas";"Plena Noite";"Decrescente";"Céu Claro";"Simples";"Reta";"Sim";1;0;1;0;0;0;1;1;-29,1405531;-54,89037922;"SPRF-RS";"DEL12-RS";"UOP02-DEL12-RS"
485123;2022-11-06;"domingo";"06:08:00";"GO";60;28;"ALEXANIA";"Reação tardia ou ineficiente do condutor";"Saída de leito carroçável";"Sem Vítimas";"Amanhecer";"Crescente";"Céu Claro";"Dupla";"Curva";"Sim";1;0;0;0;0;1;0;1;-16,099846;-48,471975;"SPRF-DF";"DEL03-DF";"UOP01-DEL03-DF"
485124;2022-11-06;"domingo";"06:30:00";"CE";116;27;"ITAITINGA";"Ingestão de álcool pelo condutor";"Colisão com objeto";"Sem Vítimas";"Amanhecer";"Decrescente";"Céu Claro";"Dupla";"Reta";"Sim";1;0;0;0;1;0;0;1;-3,98418708;-38,5151357;"SPRF-CE";"DEL01-CE";"UOP02-DEL01-CE"
485125;2022-11-06;"domingo";"06:30:00";"RS";448;8;"CANOAS";"Ingestão de álcool pelo condutor";"Colisão com objeto";"Sem Vítimas";"Pleno dia";"Crescente";"Céu Claro";"Dupla";"Curva";"Não";1;0;0;0;1;0;0;1;-29,889404;-51,240623;"SPRF-RS";"DEL01-RS";"UOP02-DEL01-RS"
485127;2022-11-06;"domingo";"06:30:00";"GO";414;413;"ABADIANIA";"Ingestão de álcool pelo condutor";"Saída de leito carroçável";"Sem Vítimas";"Pleno dia";"Crescente";"Céu Claro";"Simples";"Curva";"Não";1;0;0;0;0;1;0;1;-16,08535198;-48,85339988;"SPRF-GO";"DEL02-GO";"UOP01-DEL02-GO"
485129;2022-11-06;"domingo";"06:20:00";"RO";364;710;"PORTO VELHO";"Manobra de mudança de faixa";"Colisão lateral mesmo sentido";"Com Vítimas Feridas";"Pleno dia";"Crescente";"Céu Claro";"Dupla";"Reta";"Sim";2;0;1;0;0;1;1;2;-8,78621576;-63,85712687;"SPRF-RO";"DEL01-RO";"UOP01-DEL01-RO"
485130;2022-11-06;"domingo";"06:00:00";"RS";386;43;"SEBERI";"Ingestão de álcool pelo condutor";"Saída de leito carroçável";"Com Vítimas Feridas";"Pleno dia";"Crescente";"Céu Claro";"Simples";"Reta";"Não";1;0;1;0;0;0;1;1;-27,430225;-53,420662;"SPRF-RS";"DEL08-RS";"UOP02-DEL08-RS"
485132;2022-11-06;"domingo";"08:00:00";"ES";101;248,9;"SERRA";"Ultrapassagem Indevida";"Colisão lateral mesmo sentido";"Com Vítimas Feridas";"Pleno dia";"Decrescente";"Céu Claro";"Simples";"Reta";"Não";2;0;1;0;1;0;1;2;-20,06899842;-40,3614491;"SPRF-ES";"DEL02-ES";"UOP01-DEL02-ES"
485134;2022-11-06;"domingo";"08:11:00";"MG";262;393,7;"PARA DE MINAS";"Velocidade Incompatível";"Colisão traseira";"Com Vítimas Feridas";"Pleno dia";"Crescente";"Céu Claro";"Múltipla";"Reta";"Não";2;0;1;0;1;0;1;2;-19,9021;-44,54633;"SPRF-MG";"DEL01-MG";"UOP03-DEL01-MG"
485137;2022-11-06;"domingo";"07:40:00";"CE";222;56;"SAO GONCALO DO AMARANTE";"Demais falhas mecânicas ou elétricas";"Saída de leito carroçável";"Com Vítimas Feridas";"Pleno dia";"Crescente";"Nublado";"Simples";"Reta";"Não";5;0;5;0;0;0;5;1;-3,6696788;-39,04523401;"SPRF-CE";"DEL01-CE";"UOP03-DEL01-CE"
485138;2022-11-06;"domingo";"05:50:00";"MT";163;790;"VERA";"Reação tardia ou ineficiente do condutor";"Saída de leito carroçável";"Com Vítimas Feridas";"Amanhecer";"Decrescente";"Céu Claro";"Simples";"Declive";"Não";2;0;2;0;0;0;2;1;-12,249107;-55,550614;"SPRF-MT";"DEL06-MT";"UOP02-DEL06-MT"
485139;2022-11-06;"domingo";"07:30:00";"SE";235;41,4;"ITABAIANA";"Condutor deixou de manter distância do veículo da frente";"Colisão traseira";"Sem Vítimas";"Pleno dia";"Crescente";"Chuva";"Simples";"Reta";"Não";2;0;0;0;2;0;0;2;-10,769856;-37,373135;"SPRF-SE";"DEL01-SE";"UOP02-DEL01-SE"
485140;2022-11-05;"sábado";"18:50:00";"BA";110;374;"CATU";"Chuva";"Colisão frontal";"Com Vítimas Feridas";"Plena Noite";"Crescente";"Chuva";"Simples";"Curva";"Não";2;0;1;0;0;1;1;2;-12,41265011;-38,45800404;"SPRF-BA";"DEL01-BA";"UOP01-DEL01-BA"
485142;2022-11-06;"domingo";"08:30:00";"DF";20;45;"BRASILIA";"Velocidade Incompatível";"Saída de leito carroçável";"Com Vítimas Feridas";"Plena Noite";"Crescente";"Nublado";"Dupla";"Reta";"Não";2;0;1;0;1;0;1;1;-15,577153;-47,467113;"SPRF-DF";"DEL02-DF";"UOP01-DEL02-DF"
485144;2022-11-06;"domingo";"08:30:00";"PR";277;53,1;"SAO JOSE DOS PINHAIS";"Ingestão de álcool pelo condutor";"Saída de leito carroçável";"Com Vítimas Feridas";"Pleno dia";"Decrescente";"Céu Claro";"Dupla";"Curva";"Não";1;0;1;0;0;0;1;1;-25,591842;-48,92584;"SPRF-PR";"DEL01-PR";"UOP01-DEL01-PR"
485145;2022-11-06;"domingo";"08:30:00";"RS";392;30;"RIO GRANDE";"Condutor Dormindo";"Saída de leito carroçável";"Sem Vítimas";"Pleno dia";"Decrescente";"Nublado";"Dupla";"Reta";"Não";2;0;0;0;2;0;0;1;-32,04984068;-52,27680247;"SPRF-RS";"DEL07-RS";"UOP02-DEL07-RS"
485146;2022-11-06;"domingo";"07:10:00";"GO";80;136,3;"BARRO ALTO";"Reação tardia ou ineficiente do condutor";"Saída de leito carroçável";"Sem Vítimas";"Pleno dia";"Crescente";"Céu Claro";"Simples";"Reta";"Não";1;0;0;0;0;1;0;1;-14,94616354;-48,93536925;"SPRF-GO";"DEL07-GO";"UOP02-DEL07-GO"
485148;2022-11-06;"domingo";"07:40:00";"MT";364;205;"RONDONOPOLIS";"Ausência de reação do condutor";"Tombamento";"Com Vítimas Feridas";"Pleno dia";"Crescente";"Céu Claro";"Dupla";"Rotatória";"Sim";1;0;1;0;0;0;1;1;-16,45928621;-54,66092345;"SPRF-MT";"DEL02-MT";"UOP01-DEL02-MT"
485150;2022-11-06;"domingo";"07:20:00";"RO";364;515;"ARIQUEMES";"Ingestão de álcool pelo condutor";"Colisão traseira";"Com Vítimas Feridas";"Pleno dia";"Decrescente";"Céu Claro";"Simples";"Reta";"Sim";3;0;1;0;2;0;1;3;-9,92497302;-63,05491046;"SPRF-RO";"DEL03-RO";"UOP01-DEL03-RO"
485152;2022-11-06;"domingo";"09:41:00";"MG";50;28;"ARAGUARI";"Manobra de mudança de faixa";"Saída de leito carroçável";"Com Vítimas Feridas";"Pleno dia";"Crescente";"Céu Claro";"Simples";"Curva";"Não";1;0;1;0;0;0;1;1;-18,61851284;-48,1028889;"SPRF-MG";"DEL15-MG";"UOP02-DEL15-MG"
485153;2022-11-06;"domingo";"08:40:00";"MG";381;514,2;"IGARAPE";"Ausência de reação do condutor";"Colisão traseira";"Com Vítimas Feridas";"Pleno dia";"Crescente";"Sol";"Dupla";"Reta";"Não";2;0;1;0;0;1;1;2;-20,1065028;-44,32327616;"SPRF-MG";"DEL01-MG";"UOP03-DEL01-MG"
485154;2022-11-06;"domingo";"09:50:00";"SC";101;79;"ARAQUARI";"Velocidade Incompatível";"Colisão traseira";"Com Vítimas Feridas";"Pleno dia";"Crescente";"Sol";"Dupla";"Reta";"Não";3;0;2;0;1;0;2;3;-26,58559601;-48,72192112;"SPRF-SC";"DEL03-SC";"UOP02-DEL03-SC"
485155;2022-10-25;"terça-feira";"16:30:00";"RR";174;1;"RORAINOPOLIS";"Ultrapassagem Indevida";"Capotamento";"Com Vítimas Feridas";"Pleno dia";"Crescente";"Céu Claro";"Simples";"Reta";"Não";3;0;1;0;2;0;1;2;-0,851435;-60,524414;"SPRF-RR";"DEL01-RR";"UOP01-DEL01-RR"
485156;2022-11-06;"domingo";"10:15:00";"SC";282;4;"SAO JOSE";"Ausência de sinalização";"Colisão lateral mesmo sentido";"Com Vítimas Feridas";"Pleno dia";"Crescente";"Sol";"Dupla";"Reta";"Sim";2;0;1;0;1;0;1;2;-27,600384;-48,599705;"SPRF-SC";"DEL01-SC";"UOP01-DEL01-SC"
485159;2022-11-06;"domingo";"09:30:00";"SC";470;7;"NAVEGANTES";"Ingestão de álcool pelo condutor";"Colisão lateral mesmo sentido";"Sem Vítimas";"Pleno dia";"Crescente";"Céu Claro";"Simples";"Reta;Em Obras";"Não";2;0;0;0;2;0;0;2;-26,84499;-48,71505;"SPRF-SC";"DEL04-SC";"UOP04-DEL04-SC"
485160;2022-11-06;"domingo";"09:18:00";"BA";116;517,9;"ITATIM";"Reação tardia ou ineficiente do condutor";"Saída de leito carroçável";"Com Vítimas Feridas";"Pleno dia";"Crescente";"Nublado";"Simples";"Reta";"Não";2;0;1;0;1;0;1;1;-12,67277456;-39,65472774;"SPRF-BA";"DEL03-BA";"UOP02-DEL03-BA"
485161;2022-11-06;"domingo";"10:20:00";"SC";470;27,6;"ILHOTA";"Ausência de reação do condutor";"Saída de leito carroçável";"Com Vítimas Feridas";"Pleno dia";"Decrescente";"Sol";"Dupla";"Curva";"Não";2;0;2;0;0;0;2;1;-26,891006;-48,884411;"SPRF-SC";"DEL04-SC";"UOP01-DEL04-SC"
485162;2022-11-06;"domingo";"10:30:00";"RJ";40;77;"PETROPOLIS";"Velocidade Incompatível";"Queda de ocupante de veículo";"Com Vítimas Feridas";"Pleno dia";"Crescente";"Céu Claro";"Simples";"Curva;Declive";"Não";1;0;0;1;0;0;1;1;-22,48005592;-43,23543994;"SPRF-RJ";"DEL06-RJ";"UOP01-DEL06-RJ"
485163;2022-11-06;"domingo";"11:10:00";"BA";116;422,5;"FEIRA DE SANTANA";"Condutor deixou de manter distância do veículo da frente";"Colisão lateral mesmo sentido";"Com Vítimas Feridas";"Pleno dia";"Decrescente";"Sol";"Dupla";"Interseção de Vias";"Sim";2;0;1;0;1;0;1;2;-12,23098007;-38,96101401;"SPRF-BA";"DEL02-BA";"UOP01-DEL02-BA"
485164;2022-11-06;"domingo";"10:30:00";"SC";101;148;"ITAPEMA";"Acessar a via sem observar a presença dos outros veículos";"Colisão transversal";"Com Vítimas Feridas";"Pleno dia";"Decrescente";"Sol";"Dupla";"Reta";"Sim";2;0;0;1;1;0;1;2;-27,10123686;-48,61807962;"SPRF-SC";"DEL04-SC";"UOP03-DEL04-SC"
485165;2022-11-06;"domingo";"10:00:00";"PR";376;302;"MAUA DA SERRA";"Ausência de reação do condutor";"Queda de ocupante de veículo";"Com Vítimas Feridas";"Pleno dia";"Decrescente";"Sol";"Dupla";"Aclive;Curva";"Não";1;0;0;1;0;0;1;1;-23,93544693;-51,14498377;"SPRF-PR";"DEL07-PR";"UOP02-DEL07-PR"
485167;2022-11-06;"domingo";"11:50:00";"SP";153;47,5;"SAO JOSE DO RIO PRETO";"Avarias e/ou desgaste excessivo no pneu";"Tombamento";"Com Vítimas Feridas";"Pleno dia";"Decrescente";"Céu Claro";"Simples";"Interseção de Vias;Reta;Aclive";"Sim";2;0;1;0;1;0;1;1;-20,68199298;-49,34015562;"SPRF-SP";"DEL09-SP";"UOP01-DEL09-SP"
485168;2022-11-06;"domingo";"11:40:00";"PR";116;62;"CAMPINA GRANDE DO SUL";"Acessar a via sem observar a presença dos outros veículos";"Queda de ocupante de veículo";"Com Vítimas Feridas";"Pleno dia";"Crescente";"Céu Claro";"Simples";"Retorno Regulamentado";"Não";1;0;1;0;0;0;1;1;-25,30561332;-48,9732999;"SPRF-PR";"DEL01-PR";"UOP02-DEL01-PR"
485169;2022-11-06;"domingo";"04:30:00";"MA";135;23;"SAO LUIS";"Ausência de reação do condutor";"Colisão traseira";"Com Vítimas Feridas";"Amanhecer";"Crescente";"Ignorado";"Dupla";"Reta";"Sim";2;0;1;0;1;0;1;2;-2,555;-44,311;"SPRF-MA";"DEL01-MA";"UOP01-DEL01-MA"
485170;2022-11-06;"domingo";"04:30:00";"RO";364;609;"ITAPUA DO OESTE";"Animais na Pista";"Atropelamento de Animal";"Com Vítimas Fatais";"Amanhecer";"Crescente";"Nevoeiro/Neblina";"Simples";"Reta";"Não";1;1;0;0;0;0;0;1;-9,159035;-63,22147;"SPRF-RO";"DEL01-RO";"UOP04-DEL01-RO"
485171;2022-11-06;"domingo";"12:00:00";"MG";354;760,5;"ITAMONTE";"Velocidade Incompatível";"Colisão frontal";"Com Vítimas Feridas";"Pleno dia";"Decrescente";"Céu Claro";"Simples";"Declive;Curva";"Não";2;0;1;0;1;0;1;2;-22,33176436;-44,83256463;"SPRF-MG";"DEL17-MG";"UOP01-DEL17-MG"
485173;2022-11-06;"domingo";"12:30:00";"SP";116;118;"TAUBATE";"Reação tardia ou ineficiente do condutor";"Colisão traseira";"Com Vítimas Feridas";"Pleno dia";"Crescente";"Sol";"Dupla";"Reta";"Não";2;0;1;0;1;0;1;2;-23,06266296;-45,62665044;"SPRF-SP";"DEL02-SP";"UOP02-DEL02-SP"
485174;2022-11-06;"domingo";"10:50:00";"RS";116;149,2;"CAXIAS DO SUL";"Condutor desrespeitou a iluminação vermelha do semáforo";"Colisão transversal";"Com Vítimas Feridas";"Pleno dia";"Crescente";"Céu Claro";"Múltipla";"Interseção de Vias";"Sim";2;0;1;0;1;0;1;2;-29,15996905;-51,15645292;"SPRF-RS";"DEL05-RS";"UOP01-DEL05-RS"
485175;2022-11-06;"domingo";"14:30:00";"GO";60;72;"ABADIANIA";"Ingestão de álcool pelo condutor";"Colisão lateral mesmo sentido";"Com Vítimas Feridas";"Pleno dia";"Decrescente";"Céu Claro";"Dupla";"Reta";"Não";2;0;1;0;1;0;1;2;-16,2636;-48,764;"SPRF-GO";"DEL02-GO";"UOP01-DEL02-GO"
485176;2022-11-06;"domingo";"15:00:00";"CE";20;155;"PEDRA BRANCA";"Ingestão de álcool pelo condutor";"Colisão frontal";"Com Vítimas Feridas";"Pleno dia";"Crescente";"Céu Claro";"Simples";"Reta";"Sim";2;0;1;0;1;0;1;2;-5,44589028;-40,00739253;"SPRF-CE";"DEL02-CE";"UOP02-DEL02-CE"
485177;2022-11-06;"domingo";"14:30:00";"MG";262;366,2;"JUATUBA";"Velocidade Incompatível";"Saída de leito carroçável";"Com Vítimas Feridas";"Pleno dia";"Crescente";"Céu Claro";"Dupla";"Declive;Reta";"Não";2;0;2;0;0;0;2;1;-19,974217;-44,261798;"SPRF-MG";"DEL01-MG";"UOP03-DEL01-MG"
485178;2022-11-06;"domingo";"13:49:00";"TO";153;724;"FIGUEIROPOLIS";"Transitar na contramão";"Colisão com objeto";"Com Vítimas Feridas";"Pleno dia";"Crescente";"Céu Claro";"Simples";"Reta";"Não";4;0;2;2;0;0;4;1;-12,14889;-49,165919;"SPRF-TO";"DEL01-TO";"UOP02-DEL01-TO"
485179;2022-11-06;"domingo";"14:20:00";"RJ";116;80;"TERESOPOLIS";"Ultrapassagem Indevida";"Colisão lateral mesmo sentido";"Com Vítimas Feridas";"Pleno dia";"Crescente";"Nublado";"Simples";"Curva";"Não";2;0;1;0;0;1;1;2;-22,39006974;-42,9533628;"SPRF-RJ";"DEL04-RJ";"UOP01-DEL04-RJ"
485180;2022-11-06;"domingo";"14:00:00";"SC";101;130;"BALNEARIO CAMBORIU";"Ingestão de álcool pelo condutor";"Colisão traseira";"Sem Vítimas";"Pleno dia";"Crescente";"Céu Claro";"Dupla";"Reta";"Sim";2;0;0;0;2;0;0;2;-26,98064277;-48,6790679;"SPRF-SC";"DEL04-SC";"UOP03-DEL04-SC"
485181;2022-11-06;"domingo";"15:15:00";"MG";381;488,5;"BETIM";"Avarias e/ou desgaste excessivo no pneu";"Tombamento";"Com Vítimas Feridas";"Pleno dia";"Crescente";"Sol";"Múltipla";"Reta";"Sim";2;0;2;0;0;0;2;1;-19,95649833;-44,12644744;"SPRF-MG";"DEL01-MG";"UOP03-DEL01-MG"
485182;2022-11-06;"domingo";"14:00:00";"ES";262;106;"VENDA NOVA DO IMIGRANTE";"Velocidade Incompatível";"Saída de leito carroçável";"Com Vítimas Feridas";"Pleno dia";"Decrescente";"Céu Claro";"Simples";"Reta";"Sim";1;0;0;1;0;0;1;1;-20,32624656;-41,13598921;"SPRF-ES";"DEL01-ES";"UOP02-DEL01-ES"