"id";"data_inversa";"dia_semana";"horario";"uf";"br";"km";"municipio";"causa_acidente";"tipo_acidente";"classificacao_acidente";"fase_dia";"sentido_via";"condicao_metereologica";"tipo_pista";"tracado_via";"uso_solo";"pessoas";"mortos";"feridos_leves";"feridos_graves";"ilesos";"ignorados";"feridos";"veiculos";"latitude";"longitude";"regional";"delegacia";"uop"
485411;2022-10-30;"domingo";"19:52:00";"MS";267;482,8;"JARDIM";"Ingestão de álcool pelo condutor";"Colisão transversal";"Com Vítimas Feridas";"Plena Noite";"Crescente";"Céu Claro";"Simples";"Reta";"Sim";2;0;1;0;1;0;1;2;-21,48307021;-56,14631299;"SPRF-MS";"DEL05-MS";"UOP01-DEL05-MS"
485412;2022-11-07;"segunda-feira";"17:40:00";"MG";381;939;"EXTREMA";"Manobra de mudança de faixa";"Colisão lateral mesmo sentido";"Com Vítimas Feridas";"Pleno dia";"Crescente";"Céu Claro";"Dupla";"Aclive;Reta";"Não";3;0;1;0;2;0;1;2;-22,81844159;-46,2972576;"SPRF-MG";"DEL16-MG";"UOP03-DEL16-MG"
485413;2022-11-07;"segunda-feira";"17:40:00";"RJ";40;110;"DUQUE DE CAXIAS";"Manobra de mudança de faixa";"Colisão traseira";"Com Vítimas Feridas";"Anoitecer";"Decrescente";"Nublado";"Múltipla";"Reta";"Sim";4;0;1;0;3;0;1;3;-22,68289906;-43,28549346;"SPRF-RJ";"DEL01-RJ";"UOP01-DEL01-RJ"
485414;2022-11-07;"segunda-feira";"17:10:00";"RS";116;154,2;"CAXIAS DO SUL";"Acessar a via sem observar a presença dos outros veículos";"Colisão transversal";"Com Vítimas Feridas";"Anoitecer";"Crescente";"Chuva";"Simples";"Reta";"Sim";2;0;1;0;1;0;1;2;-29,19074818;-51,18073734;"SPRF-RS";"DEL05-RS";"UOP01-DEL05-RS"
485416;2022-11-07;"segunda-feira";"14:40:00";"PR";376;383;"IMBAU";"Condutor Dormindo";"Saída de leito carroçável";"Com Vítimas Feridas";"Pleno dia";"Decrescente";"Sol";"Dupla";"Curva";"Não";1;0;1;0;0;0;1;1;-24,42542608;-50,77005386;"SPRF-PR";"DEL03-PR";"UOP02-DEL03-PR"
485417;2022-05-19;"quinta-feira";"15:05:00";"SC";116;17,9;"MAFRA";"Ausência de reação do condutor";"Colisão traseira";"Com Vítimas Feridas";"Pleno dia";"Decrescente";"Céu Claro";"Simples";"Reta";"Não";3;0;1;0;2;0;1;2;-26,21754894;-49,8888671;"SPRF-SC";"DEL06-SC";"UOP01-DEL06-SC"
485418;2022-11-07;"segunda-feira";"15:33:00";"MA";10;240;"IMPERATRIZ";"Ultrapassagem Indevida";"Colisão frontal";"Com Vítimas Feridas";"Pleno dia";"Decrescente";"Céu Claro";"Simples";"Reta";"Não";4;0;1;2;1;0;3;2;-5,625862;-47,408913;"SPRF-MA";"DEL04-MA";"UOP01-DEL04-MA"
485419;2022-11-07;"segunda-feira";"16:50:00";"RJ";40;75;"PETROPOLIS";"Acumulo de água sobre o pavimento";"Colisão com objeto";"Com Vítimas Feridas";"Pleno dia";"Decrescente";"Chuva";"Simples";"Curva";"Não";1;0;1;0;0;0;1;1;-22,46857126;-43,22958698;"SPRF-RJ";"DEL06-RJ";"UOP01-DEL06-RJ"
485421;2022-11-07;"segunda-feira";"16:30:00";"SC";101;216,8;"PALHOCA";"Manobra de mudança de faixa";"Colisão lateral mesmo sentido";"Sem Vítimas";"Pleno dia";"Decrescente";"Céu Claro";"Múltipla";"Interseção de Vias;Viaduto;Retorno Regulamentado";"Sim";3;0;0;0;2;1;0;3;-27,65981409;-48,67747798;"SPRF-SC";"DEL01-SC";"UOP02-DEL01-SC"
485423;2022-11-07;"segunda-feira";"13:20:00";"RJ";101;322;"NITEROI";"Manobra de mudança de faixa";"Colisão transversal";"Sem Vítimas";"Pleno dia";"Decrescente";"Céu Claro";"Dupla";"Reta";"Sim";2;0;0;0;1;1;0;2;-22,87668921;-43,11743259;"SPRF-RJ";"DEL02-RJ";"UOP01-DEL02-RJ"
485424;2022-11-07;"segunda-feira";"16:00:00";"MT";163;866;"SINOP";"Frear bruscamente";"Colisão frontal";"Com Vítimas Feridas";"Anoitecer";"Crescente";"Céu Claro";"Simples";"Reta";"Não";4;0;0;1;3;0;1;2;-11,71631791;-55,45751136;"SPRF-MT";"DEL06-MT";"NPF/DEL06-MT"
485426;2022-11-07;"segunda-feira";"18:30:00";"BA";110;340;"ALAGOINHAS";"Acessar a via sem observar a presença dos outros veículos";"Colisão transversal";"Com Vítimas Feridas";"Plena Noite";"Crescente";"Céu Claro";"Simples";"Reta";"Sim";4;0;1;0;3;0;1;2;-12,21614599;-38,41432082;"SPRF-BA";"DEL01-BA";"UOP04-DEL01-BA"
485427;2022-11-07;"segunda-feira";"15:00:00";"RJ";493;20;"MAGE";"Reação tardia ou ineficiente do condutor";"Tombamento";"Com Vítimas Feridas";"Pleno dia";"Crescente";"Nublado";"Simples";"Reta";"Sim";2;0;2;0;0;0;2;1;-22,66364;-43,036495;"SPRF-RJ";"DEL04-RJ";"UOP02-DEL04-RJ"
485428;2022-11-07;"segunda-feira";"19:25:00";"RS";116;38,8;"VACARIA";"Acessar a via sem observar a presença dos outros veículos";"Colisão transversal";"Com Vítimas Feridas";"Plena Noite";"Crescente";"Céu Claro";"Simples";"Interseção de Vias";"Sim";3;0;1;0;2;0;1;2;-28,506767;-50,926594;"SPRF-RS";"DEL05-RS";"UOP03-DEL05-RS"
485429;2022-11-07;"segunda-feira";"19:10:00";"ES";101;94;"JAGUARE";"Entrada inopinada do pedestre";"Atropelamento de Pedestre";"Com Vítimas Feridas";"Plena Noite";"Crescente";"Céu Claro";"Simples";"Reta";"Não";2;0;0;1;1;0;1;2;-18,93086484;-39,97180828;"SPRF-ES";"DEL04-ES";"UOP02-DEL04-ES"
485430;2022-11-07;"segunda-feira";"18:56:00";"PE";101;1;"JABOATAO DOS GUARARAPES";"Transitar no acostamento";"Atropelamento de Pedestre";"Com Vítimas Feridas";"Plena Noite";"Decrescente";"Céu Claro";"Simples";"Reta";"Sim";2;0;2;0;0;0;2;2;-8,179725;-34,946965;"SPRF-PE";"DEL01-PE";"UOP02-DEL01-PE"
485431;2022-11-07;"segunda-feira";"18:30:00";"CE";226;250;"PEDRA BRANCA";"Ausência de reação do condutor";"Saída de leito carroçável";"Sem Vítimas";"Plena Noite";"Crescente";"Nublado";"Simples";"Curva";"Não";1;0;0;0;0;1;0;1;-5,42447548;-39,95547408;"SPRF-CE";"DEL02-CE";"UOP02-DEL02-CE"
485433;2022-11-07;"segunda-feira";"19:40:00";"MG";381;4;"BETIM";"Demais falhas mecânicas ou elétricas";"Incêndio";"Sem Vítimas";"Plena Noite";"Decrescente";"Garoa/Chuvisco";"Dupla";"Reta";"Sim";1;0;0;0;1;0;0;1;-19,98705878;-44,17910641;"SPRF-MG";"DEL01-MG";"UOP03-DEL01-MG"
485435;2022-11-07;"segunda-feira";"19:30:00";"SP";116;217,4;"GUARULHOS";"Acessar a via sem observar a presença dos outros veículos";"Colisão traseira";"Com Vítimas Feridas";"Plena Noite";"Crescente";"Céu Claro";"Múltipla";"Reta";"Sim";2;0;1;0;1;0;1;2;-23,45423824;-46,47119028;"SPRF-SP";"DEL01-SP";"UOP01-DEL01-SP"
485436;2022-11-07;"segunda-feira";"18:50:00";"SC";280;96,2;"CORUPA";"Reação tardia ou ineficiente do condutor";"Saída de leito carroçável";"Com Vítimas Feridas";"Plena Noite";"Decrescente";"Céu Claro";"Simples";"Curva";"Não";1;0;1;0;0;0;1;1;-26,41222834;-49,27628914;"SPRF-SC";"DEL06-SC";"UOP03-DEL06-SC"
485437;2022-11-07;"segunda-feira";"20:00:00";"GO";60;101;"ANAPOLIS";"Manobra de mudança de faixa";"Colisão traseira";"Com Vítimas Feridas";"Plena Noite";"Decrescente";"Céu Claro";"Dupla";"Retorno Regulamentado";"Sim";2;0;1;0;1;0;1;2;-16,4022;-48,9745;"SPRF-GO";"DEL02-GO";"UOP01-DEL02-GO"
485438;2022-11-07;"segunda-feira";"18:40:00";"SE";235;6,1;"NOSSA SENHORA DO SOCORRO";"Chuva";"Colisão com objeto";"Com Vítimas Feridas";"Plena Noite";"Decrescente";"Chuva";"Dupla";"Reta";"Não";1;0;1;0;0;0;1;1;-10,903851;-37,128677;"SPRF-SE";"DEL01-SE";"UOP01-DEL01-SE"
485439;2022-11-07;"segunda-feira";"14:30:00";"ES";259;47,6;"COLATINA";"Acumulo de areia ou detritos sobre o pavimento";"Tombamento";"Com Vítimas Feridas";"Pleno dia";"Decrescente";"Céu Claro";"Simples";"Curva";"Sim";1;0;1;0;0;0;1;1;-19,524618;-40,59292;"SPRF-ES";"DEL02-ES";"UOP01-DEL02-ES"
485440;2022-11-07;"segunda-feira";"13:00:00";"AL";104;51,9;"MURICI";"Reação tardia ou ineficiente do condutor";"Tombamento";"Com Vítimas Feridas";"Pleno dia";"Decrescente";"Céu Claro";"Simples";"Reta";"Não";1;0;0;1;0;0;1;1;-9,25772082;-35,98061705;"SPRF-AL";"DEL01-AL";"UOP02-DEL01-AL"
485443;2022-11-07;"segunda-feira";"19:30:00";"RO";364;343,3;"JI-PARANA";"Pedestre cruzava a pista fora da faixa";"Tombamento";"Com Vítimas Feridas";"Plena Noite";"Crescente";"Céu Claro";"Múltipla";"Reta";"Sim";2;0;1;0;1;0;1;2;-10,87878519;-61,94499012;"SPRF-RO";"DEL02-RO";"UOP01-DEL02-RO"
485445;2022-11-07;"segunda-feira";"19:40:00";"SC";101;358,2;"SANGAO";"Ausência de reação do condutor";"Saída de leito carroçável";"Com Vítimas Feridas";"Plena Noite";"Decrescente";"Chuva";"Dupla";"Reta";"Não";1;0;0;1;0;0;1;1;-28,652223;-49,106223;"SPRF-SC";"DEL02-SC";"UOP01-DEL02-SC"
485446;2022-11-07;"segunda-feira";"21:20:00";"RN";101;72,9;"NATAL";"Acessar a via sem observar a presença dos outros veículos";"Colisão frontal";"Com Vítimas Feridas";"Plena Noite";"Decrescente";"Céu Claro";"Simples";"Em Obras;Reta";"Não";3;0;2;0;1;0;2;2;-5,70465434;-35,26571631;"SPRF-RN";"DEL02-RN";"UOP01-DEL02-RN"
485447;2022-11-07;"segunda-feira";"21:00:00";"SC";470;102;"APIUNA";"Acessar a via sem observar a presença dos outros veículos";"Colisão transversal";"Com Vítimas Feridas";"Plena Noite";"Crescente";"Nublado";"Simples";"Reta";"Não";2;0;2;0;0;0;2;2;-27,064774;-49,400704;"SPRF-SC";"DEL04-SC";"UOP02-DEL04-SC"
485448;2022-11-07;"segunda-feira";"21:40:00";"MG";381;889;"CAMBUI";"Reação tardia ou ineficiente do condutor";"Colisão com objeto";"Com Vítimas Feridas";"Plena Noite";"Crescente";"Nublado";"Dupla";"Curva";"Não";2;0;1;0;1;0;1;1;-22,57874206;-46,04473491;"SPRF-MG";"DEL16-MG";"UOP03-DEL16-MG"
485449;2022-11-07;"segunda-feira";"22:20:00";"PE";232;127;"CARUARU";"Velocidade Incompatível";"Tombamento";"Com Vítimas Feridas";"Plena Noite";"Crescente";"Céu Claro";"Simples";"Interseção de Vias";"Sim";4;0;3;1;0;0;4;1;-8,30610303;-35,96342301;"SPRF-PE";"DEL02-PE";"UOP01-DEL02-PE"
485450;2022-11-07;"segunda-feira";"21:42:00";"SC";470;55;"BLUMENAU";"Conversão proibida";"Colisão traseira";"Com Vítimas Feridas";"Plena Noite";"Crescente";"Céu Claro";"Simples";"Reta";"Não";2;0;1;0;1;0;1;2;-26,875601;-49,117992;"SPRF-SC";"DEL04-SC";"UOP01-DEL04-SC"
485452;2022-11-07;"segunda-feira";"19:45:00";"RJ";116;263;"VOLTA REDONDA";"Transitar no acostamento";"Atropelamento de Pedestre";"Com Vítimas Feridas";"Plena Noite";"Decrescente";"Chuva";"Dupla";"Retorno Regulamentado";"Não";2;0;0;2;0;0;2;2;-22,59220328;-44,06782285;"SPRF-RJ";"DEL07-RJ";"UOP02-DEL07-RJ"
485453;2022-11-07;"segunda-feira";"19:30:00";"SC";116;137,2;"SANTA CECILIA";"Ultrapassagem Indevida";"Saída de leito carroçável";"Com Vítimas Feridas";"Plena Noite";"Decrescente";"Céu Claro";"Simples";"Curva";"Não";1;0;1;0;0;0;1;1;-26,946361;-50,42928293;"SPRF-SC";"DEL06-SC";"UOP02-DEL06-SC"
485454;2022-11-07;"segunda-feira";"21:28:00";"SC";101;206,4;"SAO JOSE";"Reação tardia ou ineficiente do condutor";"Tombamento";"Com Vítimas Fatais";"Plena Noite";"Decrescente";"Céu Claro";"Múltipla";"Reta";"Sim";1;1;0;0;0;0;0;1;-27,59441062;-48,61888116;"SPRF-SC";"DEL01-SC";"UOP01-DEL01-SC"
485458;2022-11-07;"segunda-feira";"23:40:00";"MS";163;76,7;"ITAQUIRAI";"Pedestre andava na pista";"Atropelamento de Pedestre";"Com Vítimas Feridas";"Plena Noite";"Decrescente";"Céu Claro";"Simples";"Reta";"Sim";2;0;1;0;0;1;1;2;-23,49206599;-54,18537803;"SPRF-MS";"DEL09-MS";"UOP01-DEL09-MS"
485459;2022-11-07;"segunda-feira";"22:30:00";"MG";262;455;"NOVA SERRANA";"Ausência de reação do condutor";"Tombamento";"Com Vítimas Feridas";"Plena Noite";"Crescente";"Céu Claro";"Simples";"Reta";"Não";1;0;1;0;0;0;1;1;-19,8482311;-45,03238506;"SPRF-MG";"DEL08-MG";"UOP03-DEL08-MG"
485461;2022-11-08;"terça-feira";"00:15:00";"RS";287;439;"UNISTALDA";"Ausência de reação do condutor";"Saída de leito carroçável";"Com Vítimas Feridas";"Plena Noite";"Crescente";"Céu Claro";"Simples";"Reta";"Não";2;0;2;0;0;0;2;1;-29,04464389;-55,19933297;"SPRF-RS";"DEL12-RS";"UOP02-DEL12-RS"
485464;2022-10-02;"domingo";"19:00:00";"PB";104;140;"QUEIMADAS";"Transitar na contramão";"Colisão frontal";"Com Vítimas Feridas";"Plena Noite";"Crescente";"Vento";"Simples";"Reta";"Sim";3;0;1;1;0;1;2;2;-7,367111;-35,900497;"SPRF-PB";"DEL02-PB";"UOP03-DEL02-PB"
485466;2022-11-07;"segunda-feira";"20:07:00";"SC";470;137;"RIO DO SUL";"Transitar na contramão";"Colisão frontal";"Com Vítimas Feridas";"Plena Noite";"Decrescente";"Céu Claro";"Simples";"Reta";"Sim";2;0;2;0;0;0;2;2;-27,203201;-49,635063;"SPRF-SC";"DEL04-SC";"UOP02-DEL04-SC"
485470;2022-11-08;"terça-feira";"04:00:00";"MG";40;528;"CONTAGEM";"Condutor deixou de manter distância do veículo da frente";"Colisão traseira";"Com Vítimas Feridas";"Amanhecer";"Decrescente";"Nublado";"Dupla";"Declive";"Sim";2;0;1;0;1;0;1;2;-19,90723751;-44,04586315;"SPRF-MG";"DEL01-MG";"UOP02-DEL01-MG"
485471;2022-11-08;"terça-feira";"05:10:00";"MG";262;591,9;"CAMPOS ALTOS";"Condutor Dormindo";"Saída de leito carroçável";"Com Vítimas Feridas";"Amanhecer";"Crescente";"Nublado";"Simples";"Curva";"Não";3;0;2;0;1;0;2;1;-19,66593786;-46,14284708;"SPRF-MG";"DEL08-MG";"UOP02-DEL08-MG"
485473;2022-11-08;"terça-feira";"04:50:00";"SC";280;73;"JARAGUA DO SUL";"Reação tardia ou ineficiente do condutor";"Saída de leito carroçável";"Com Vítimas Feridas";"Amanhecer";"Crescente";"Céu Claro";"Simples";"Rotatória";"Sim";1;0;1;0;0;0;1;1;-26,47386237;-49,14533794;"SPRF-SC";"DEL03-SC";"UOP03-DEL03-SC"
485474;2022-11-07;"segunda-feira";"17:50:00";"RO";319;59;"PORTO VELHO";"Reação tardia ou ineficiente do condutor";"Colisão transversal";"Com Vítimas Feridas";"Anoitecer";"Crescente";"Céu Claro";"Dupla";"Interseção de Vias";"Sim";2;0;1;0;1;0;1;2;-8,766685;-63,884052;"SPRF-RO";"DEL01-RO";"UOP01-DEL01-RO"
485476;2022-11-08;"terça-feira";"06:00:00";"RN";304;296;"MACAIBA";"Acessar a via sem observar a presença dos outros veículos";"Colisão transversal";"Com Vítimas Feridas";"Pleno dia";"Crescente";"Céu Claro";"Simples";"Reta";"Sim";2;0;1;0;1;0;1;2;-5,86484905;-35,34931012;"SPRF-RN";"DEL01-RN";"UOP02-DEL01-RN"
485477;2022-11-08;"terça-feira";"05:30:00";"RJ";40;120;"DUQUE DE CAXIAS";"Ausência de reação do condutor";"Capotamento";"Com Vítimas Feridas";"Amanhecer";"Decrescente";"Garoa/Chuvisco";"Dupla";"Reta";"Sim";1;0;1;0;0;0;1;1;-22,77280597;-43,28626763;"SPRF-RJ";"DEL01-RJ";"UOP01-DEL01-RJ"
485479;2022-11-08;"terça-feira";"07:25:00";"RS";116;243;"SAO LEOPOLDO";"Velocidade Incompatível";"Colisão traseira";"Com Vítimas Feridas";"Pleno dia";"Crescente";"Nublado";"Dupla";"Reta";"Sim";2;0;1;0;1;0;1;2;-29,72767299;-51,14938796;"SPRF-RS";"DEL01-RS";"UOP02-DEL01-RS"
485480;2022-11-08;"terça-feira";"06:00:00";"PR";376;164;"MARINGA";"Acumulo de areia ou detritos sobre o pavimento";"Saída de leito carroçável";"Com Vítimas Feridas";"Amanhecer";"Decrescente";"Céu Claro";"Dupla";"Reta";"Não";1;0;1;0;0;0;1;1;-23,38591406;-52,02449602;"SPRF-PR";"DEL09-PR";"UOP01-DEL09-PR"
485481;2022-11-08;"terça-feira";"07:50:00";"SP";116;283;"ITAPECERICA DA SERRA";"Condutor deixou de manter distância do veículo da frente";"Colisão lateral mesmo sentido";"Com Vítimas Feridas";"Pleno dia";"Decrescente";"Céu Claro";"Dupla";"Reta";"Sim";2;0;1;0;1;0;1;2;-23,69998;-46,867767;"SPRF-SP";"DEL04-SP";"UOP01-DEL04-SP"
485482;2022-11-08;"terça-feira";"07:15:00";"PR";277;80,5;"CURITIBA";"Trafegar com motocicleta (ou similar) entre as faixas";"Tombamento";"Com Vítimas Feridas";"Pleno dia";"Crescente";"Céu Claro";"Dupla";"Reta";"Sim";1;0;1;0;0;0;1;1;-25,568939;-49,181978;"SPRF-PR";"DEL01-PR";"UOP01-DEL01-PR"
485483;2022-11-08;"terça-feira";"06:31:00";"MG";40;521;"CONTAGEM";"Acumulo de água sobre o pavimento";"Colisão lateral mesmo sentido";"Com Vítimas Feridas";"Pleno dia";"Decrescente";"Garoa/Chuvisco";"Dupla";"Curva";"Não";2;0;1;0;1;0;1;1;-19,85651501;-44,07213222;"SPRF-MG";"DEL01-MG";"UOP02-DEL01-MG"
485484;2022-11-08;"terça-feira";"07:30:00";"MG";40;805;"JUIZ DE FORA";"Chuva";"Saída de leito carroçável";"Com Vítimas Feridas";"Pleno dia";"Crescente";"Chuva";"Dupla";"Curva";"Não";1;0;1;0;0;0;1;1;-21,86534291;-43,36765294;"SPRF-MG";"DEL05-MG";"UOP01-DEL05-MG"
485485;2022-10-30;"domingo";"13:50:00";"PB";110;55;"SAO JOSE DE ESPINHARAS";"Demais falhas mecânicas ou elétricas";"Incêndio";"Sem Vítimas";"Pleno dia";"Crescente";"Céu Claro";"Simples";"Reta";"Não";1;0;0;0;1;0;0;1;-6,75605607;-37,40453112;"SPRF-PB";"DEL03-PB";"UOP01-DEL03-PB"
485486;2022-11-08;"terça-feira";"07:00:00";"BA";324;530;"FEIRA DE SANTANA";"Ausência de reação do condutor";"Tombamento";"Com Vítimas Feridas";"Pleno dia";"Decrescente";"Nublado";"Dupla";"Reta";"Não";1;0;1;0;0;0;1;1;-12,32818491;-38,86174193;"SPRF-BA";"DEL01-BA";"UOP03-DEL01-BA"
485487;2022-11-08;"terça-feira";"07:50:00";"ES";101;144;"LINHARES";"Reação tardia ou ineficiente do condutor";"Queda de ocupante de veículo";"Com Vítimas Feridas";"Pleno dia";"Crescente";"Céu Claro";"Múltipla";"Retorno Regulamentado";"Sim";1;0;1;0;0;0;1;1;-19,35188295;-40,0636685;"SPRF-ES";"DEL04-ES";"UOP01-DEL04-ES"
485488;2022-11-08;"terça-feira";"07:40:00";"SC";470;54;"BLUMENAU";"Ausência de reação do condutor";"Colisão transversal";"Com Vítimas Feridas";"Pleno dia";"Decrescente";"Sol";"Simples";"Interseção de Vias";"Não";2;0;2;0;0;0;2;2;-26,871065;-49,110374;"SPRF-SC";"DEL04-SC";"UOP01-DEL04-SC"
485489;2022-11-08;"terça-feira";"08:15:00";"PR";277;3,8;"FOZ DO IGUACU";"Condutor deixou de manter distância do veículo da frente";"Engavetamento";"Com Vítimas Feridas";"Pleno dia";"Decrescente";"Céu Claro";"Dupla";"Reta";"Sim";5;0;5;0;0;0;5;4;-25,473784;-54,585419;"SPRF-PR";"DEL05-PR";"UOP03-DEL05-PR"
485490;2022-11-08;"terça-feira";"08:01:00";"RS";116;523;"PELOTAS";"Ausência de reação do condutor";"Tombamento";"Com Vítimas Feridas";"Pleno dia";"Crescente";"Céu Claro";"Dupla";"Curva";"Não";1;0;1;0;0;0;1;1;-31,72136584;-52,38140629;"SPRF-RS";"DEL07-RS";"UOP01-DEL07-RS"
485492;2022-11-08;"terça-feira";"08:30:00";"ES";101;45;"SAO MATEUS";"Reação tardia ou ineficiente do condutor";"Saída de leito carroçável";"Com Vítimas Feridas";"Pleno dia";"Decrescente";"Sol";"Simples";"Reta";"Não";1;0;1;0;0;0;1;1;-18,54283908;-39,90546928;"SPRF-ES";"DEL04-ES";"UOP02-DEL04-ES"
485494;2022-11-08;"terça-feira";"08:40:00";"PR";277;77,1;"SAO JOSE DOS PINHAIS";"Ausência de reação do condutor";"Atropelamento de Pedestre";"Com Vítimas Feridas";"Pleno dia";"Crescente";"Céu Claro";"Dupla";"Reta";"Sim";2;0;1;0;1;0;1;2;-25,51327981;-49,12433291;"SPRF-PR";"DEL01-PR";"UOP01-DEL01-PR"
485497;2022-10-28;"sexta-feira";"10:45:00";"BA";235;523;"REMANSO";"Transitar na contramão";"Queda de ocupante de veículo";"Com Vítimas Feridas";"Pleno dia";"Decrescente";"Céu Claro";"Simples";"Curva";"Não";2;0;0;1;1;0;1;2;-9,56888579;-42,05695152;"SPRF-BA";"DEL04-BA";"UOP01-DEL04-BA"
485500;2022-11-08;"terça-feira";"08:28:00";"AM";230;611,7;"HUMAITA";"Manobra de mudança de faixa";"Colisão lateral mesmo sentido";"Com Vítimas Feridas";"Pleno dia";"Decrescente";"Céu Claro";"Dupla";"Reta";"Sim";3;0;2;0;1;0;2;2;-7,509026;-63,029842;"SPRF-AM";"DEL01-AM";"UOP05-DEL01-AM"
485501;2022-11-08;"terça-feira";"09:15:00";"PB";230;114,1;"INGA";"Velocidade Incompatível";"Saída de leito carroçável";"Com Vítimas Feridas";"Pleno dia";"Crescente";"Céu Claro";"Dupla";"Reta";"Não";1;0;1;0;0;0;1;1;-7,229834;-35,599955;"SPRF-PB";"DEL01-PB";"UOP03-DEL01-PB"
485502;2022-11-08;"terça-feira";"09:00:00";"PB";104;105;"SAO SEBASTIAO DE LAGOA DE  ROCA";"Ultrapassagem Indevida";"Colisão lateral mesmo sentido";"Com Vítimas Feridas";"Pleno dia";"Crescente";"Céu Claro";"Simples";"Reta";"Não";4;0;2;0;1;1;2;3;-7,08938993;-35,85454407;"SPRF-PB";"DEL02-PB";"UOP04-DEL02-PB"
485505;2022-11-08;"terça-feira";"09:10:00";"GO";40;11,8;"LUZIANIA";"Conversão proibida";"Colisão transversal";"Com Vítimas Feridas";"Pleno dia";"Crescente";"Céu Claro";"Dupla";"Reta";"Sim";2;0;1;0;1;0;1;2;-16,138336;-47,951644;"SPRF-DF";"DEL01-DF";"UOP01-DEL01-DF"
485507;2022-11-08;"terça-feira";"10:40:00";"RJ";116;143;"DUQUE DE CAXIAS";"Condutor deixou de manter distância do veículo da frente";"Colisão traseira";"Com Vítimas Feridas";"Pleno dia";"Crescente";"Nublado";"Múltipla";"Reta";"Sim";2;0;1;0;1;0;1;2;-22,65237271;-43,23918118;"SPRF-RJ";"DEL01-RJ";"UOP01-DEL01-RJ"
485509;2022-11-08;"terça-feira";"09:30:00";"MG";381;371,8;"SAO GONCALO DO RIO ABAIXO";"Velocidade Incompatível";"Saída de leito carroçável";"Com Vítimas Feridas";"Pleno dia";"Decrescente";"Céu Claro";"Simples";"Curva;Declive";"Não";1;0;0;1;0;0;1;1;-19,851411;-43,272858;"SPRF-MG";"DEL01-MG";"UOP01-DEL01-MG"
485510;2022-11-07;"segunda-feira";"20:00:00";"BA";110;386;"SAO SEBASTIAO DO PASSE";"Demais falhas mecânicas ou elétricas";"Incêndio";"Sem Vítimas";"Plena Noite";"Decrescente";"Ignorado";"Simples";"Curva";"Não";1;0;0;0;1;0;0;1;-12,4994292;-38,4925396;"SPRF-BA";"DEL01-BA";"UOP01-DEL01-BA"
485512;2022-11-08;"terça-feira";"06:35:00";"GO";153;372,6;"SAO FRANCISCO DE GOIAS";"Condutor Dormindo";"Saída de leito carroçável";"Com Vítimas Fatais";"Amanhecer";"Decrescente";"Céu Claro";"Simples";"Aclive;Reta";"Não";5;1;0;3;1;0;3;2;-15,843293;-49,270893;"SPRF-GO";"DEL02-GO";"UOP02-DEL02-GO"
485513;2022-10-23;"domingo";"19:35:00";"MS";163;614;"SAO GABRIEL DO OESTE";"Acessar a via sem observar a presença dos outros veículos";"Colisão transversal";"Com Vítimas Feridas";"Plena Noite";"Crescente";"Céu Claro";"Simples";"Reta";"Sim";4;0;1;0;3;0;1;2;-19,40628803;-54,56100005;"SPRF-MS";"DEL06-MS";"UOP02-DEL06-MS"
485516;2022-11-08;"terça-feira";"11:45:00";"SC";282;18,1;"PALHOCA";"Acessar a via sem observar a presença dos outros veículos";"Colisão lateral mesmo sentido";"Com Vítimas Feridas";"Pleno dia";"Crescente";"Céu Claro";"Simples";"Reta";"Sim";3;0;0;2;1;0;2;2;-27,672798;-48,694286;"SPRF-SC";"DEL01-SC";"UOP02-DEL01-SC"
485517;2022-11-08;"terça-feira";"12:15:00";"RS";290;143;"ELDORADO DO SUL";"Chuva";"Colisão transversal";"Com Vítimas Feridas";"Pleno dia";"Decrescente";"Garoa/Chuvisco";"Simples";"Reta";"Não";2;0;2;0;0;0;2;2;-30,093309;-51,637798;"SPRF-RS";"DEL02-RS";"UOP01-DEL02-RS"
485522;2022-10-30;"domingo";"16:52:00";"PB";230;365;"MALTA";"Acessar a via sem observar a presença dos outros veículos";"Colisão frontal";"Com Vítimas Feridas";"Pleno dia";"Decrescente";"Céu Claro";"Simples";"Reta";"Sim";2;0;0;1;0;1;1;2;-6,9086;-37,505;"SPRF-PB";"DEL03-PB";"UOP02-DEL03-PB"
485523;2022-10-30;"domingo";"22:15:00";"MS";163;478,4;"CAMPO GRANDE";"Ausência de reação do condutor";"Queda de ocupante de veículo";"Com Vítimas Feridas";"Plena Noite";"Crescente";"Céu Claro";"Simples";"Reta";"Sim";2;0;0;1;0;1;1;2;-20,50763606;-54,55647556;"SPRF-MS";"DEL01-MS";"UOP01-DEL01-MS"
485524;2022-11-08;"terça-feira";"13:30:00";"GO";60;26,9;"ALEXANIA";"Reação tardia ou ineficiente do condutor";"Colisão traseira";"Com Vítimas Feridas";"Pleno dia";"Crescente";"Céu Claro";"Dupla";"Declive;Curva";"Não";2;0;1;0;1;0;1;2;-16,10178319;-48,45967412;"SPRF-DF";"DEL03-DF";"UOP01-DEL03-DF"
485526;2022-07-27;"quarta-feira";"08:06:00";"BA";324;603;"SIMOES FILHO";"Avarias e/ou desgaste excessivo no pneu";"Queda de ocupante de veículo";"Com Vítimas Feridas";"Pleno dia";"Crescente";"Ignorado";"Dupla";"Declive;Reta";"Não";1;0;0;1;0;0;1;1;-12,77190917;-38,41991733;"SPRF-BA";"DEL01-BA";"UOP01-DEL01-BA"