"id";"data_inversa";"dia_semana";"horario";"uf";"br";"km";"municipio";"causa_acidente";"tipo_acidente";"classificacao_acidente";"fase_dia";"sentido_via";"condicao_metereologica";"tipo_pista";"tracado_via";"uso_solo";"pessoas";"mortos";"feridos_leves";"feridos_graves";"ilesos";"ignorados";"feridos";"veiculos";"latitude";"longitude";"regional";"delegacia";"uop"
485527;2022-11-08;"terça-feira";"11:54:00";"MG";50;180;"UBERABA";"Chuva";"Tombamento";"Com Vítimas Feridas";"Pleno dia";"Crescente";"Garoa/Chuvisco";"Dupla";"Interseção de Vias;Retorno Regulamentado";"Sim";1;0;1;0;0;0;1;1;-19,77848216;-47,92194709;"SPRF-MG";"DEL13-MG";"UOP01-DEL13-MG"
485529;2022-11-08;"terça-feira";"12:15:00";"MG";267;18,8;"LEOPOLDINA";"Velocidade Incompatível";"Saída de leito carroçável";"Com Vítimas Feridas";"Pleno dia";"Decrescente";"Nublado";"Simples";"Declive;Reta";"Não";1;0;1;0;0;0;1;1;-21,58943567;-42,763301;"SPRF-MG";"DEL07-MG";"UOP01-DEL07-MG"
485532;2022-11-08;"terça-feira";"13:40:00";"RN";304;48,1;"MOSSORO";"Manobra de mudança de faixa";"Colisão lateral mesmo sentido";"Com Vítimas Feridas";"Pleno dia";"Crescente";"Céu Claro";"Dupla";"Reta";"Sim";2;0;2;0;0;0;2;2;-5,231707;-37,320238;"SPRF-RN";"DEL04-RN";"UOP01-DEL04-RN"
485534;2022-11-08;"terça-feira";"15:00:00";"PE";232;507;"SALGUEIRO";"Ausência de reação do condutor";"Tombamento";"Com Vítimas Feridas";"Pleno dia";"Crescente";"Céu Claro";"Simples";"Reta";"Sim";2;0;1;0;0;1;1;1;-8,06038759;-39,11191706;"SPRF-PE";"DEL05-PE";"UOP01-DEL05-PE"
485535;2022-11-08;"terça-feira";"15:00:00";"BA";407;5;"JUAZEIRO";"Ingestão de álcool pelo condutor";"Colisão transversal";"Com Vítimas Feridas";"Pleno dia";"Crescente";"Nublado";"Simples";"Reta;Interseção de Vias";"Sim";2;0;1;0;1;0;1;2;-9,447386;-40,490617;"SPRF-PE";"DEL06-PE";"UOP01-DEL06-PE"
485540;2022-11-08;"terça-feira";"15:00:00";"GO";153;587,4;"PROFESSOR JAMIL";"Condutor Dormindo";"Saída de leito carroçável";"Com Vítimas Feridas";"Pleno dia";"Crescente";"Céu Claro";"Dupla";"Reta";"Não";2;0;2;0;0;0;2;1;-17,443;-49,2317;"SPRF-GO";"DEL03-GO";"UOP01-DEL03-GO"
485541;2022-11-08;"terça-feira";"14:45:00";"MA";135;74,2;"SANTA RITA";"Ultrapassagem Indevida";"Colisão frontal";"Com Vítimas Feridas";"Pleno dia";"Crescente";"Céu Claro";"Simples";"Reta";"Não";5;0;1;4;0;0;5;2;-3,17339605;-44,34250091;"SPRF-MA";"DEL01-MA";"UOP02-DEL01-MA"
485549;2022-11-08;"terça-feira";"16:40:00";"ES";101;7;"PEDRO CANARIO";"Acesso irregular";"Colisão lateral mesmo sentido";"Com Vítimas Feridas";"Anoitecer";"Crescente";"Céu Claro";"Simples";"Aclive";"Não";2;0;1;0;0;1;1;2;-18,29002497;-39,95475507;"SPRF-ES";"DEL04-ES";"UOP02-DEL04-ES"
485550;2022-11-08;"terça-feira";"16:00:00";"MG";381;329,9;"NOVA ERA";"Velocidade Incompatível";"Colisão traseira";"Com Vítimas Feridas";"Pleno dia";"Decrescente";"Céu Claro";"Dupla";"Reta";"Sim";2;0;1;0;1;0;1;2;-19,78359101;-43,0443485;"SPRF-MG";"DEL03-MG";"UOP01-DEL03-MG"
485551;2022-10-27;"quinta-feira";"11:15:00";"MS";262;272;"RIBAS DO RIO PARDO";"Avarias e/ou desgaste excessivo no pneu";"Saída de leito carroçável";"Com Vítimas Feridas";"Pleno dia";"Decrescente";"Chuva";"Simples";"Curva";"Não";1;0;1;0;0;0;1;1;-20,46091306;-54,03427999;"SPRF-MS";"DEL01-MS";"UOP01-DEL01-MS"
485553;2022-11-08;"terça-feira";"17:30:00";"MG";40;483;"SETE LAGOAS";"Acumulo de água sobre o pavimento";"Saída de leito carroçável";"Com Vítimas Feridas";"Anoitecer";"Crescente";"Chuva";"Dupla";"Reta";"Não";1;0;0;1;0;0;1;1;-19,56753;-44,23715;"SPRF-MG";"DEL02-MG";"UOP01-DEL02-MG"
485554;2022-11-08;"terça-feira";"15:30:00";"RJ";40;91;"PETROPOLIS";"Condutor Dormindo";"Saída de leito carroçável";"Com Vítimas Feridas";"Pleno dia";"Crescente";"Nublado";"Simples";"Reta";"Não";1;0;1;0;0;0;1;1;-22,54903566;-43,24229724;"SPRF-RJ";"DEL06-RJ";"UOP01-DEL06-RJ"
485558;2022-11-01;"terça-feira";"18:50:00";"RO";364;12;"VILHENA";"Acessar a via sem observar a presença dos outros veículos";"Colisão lateral mesmo sentido";"Com Vítimas Feridas";"Plena Noite";"Decrescente";"Céu Claro";"Dupla";"Reta";"Sim";2;0;1;0;1;0;1;2;-12,74370233;-60,12147609;"SPRF-RO";"DEL04-RO";"UOP01-DEL04-RO"
485560;2022-11-08;"terça-feira";"17:40:00";"DF";20;7,7;"BRASILIA";"Transitar no acostamento";"Atropelamento de Pedestre";"Com Vítimas Feridas";"Anoitecer";"Crescente";"Chuva";"Dupla";"Reta";"Sim";3;0;0;1;2;0;1;2;-15,658386;-47,791534;"SPRF-DF";"DEL02-DF";"UOP01-DEL02-DF"
485561;2022-10-09;"domingo";"01:45:00";"SC";470;50,4;"BLUMENAU";"Acessar a via sem observar a presença dos outros veículos";"Colisão transversal";"Com Vítimas Feridas";"Plena Noite";"Decrescente";"Céu Claro";"Dupla";"Interseção de Vias";"Sim";2;0;1;0;1;0;1;2;-26,859768;-49,074493;"SPRF-SC";"DEL04-SC";"UOP01-DEL04-SC"
485562;2022-11-08;"terça-feira";"17:00:00";"SC";470;122;"IBIRAMA";"Transitar na contramão";"Colisão frontal";"Com Vítimas Feridas";"Pleno dia";"Crescente";"Nublado";"Simples";"Curva";"Sim";2;0;2;0;0;0;2;2;-27,10038617;-49,5275259;"SPRF-SC";"DEL04-SC";"UOP02-DEL04-SC"
485563;2022-11-08;"terça-feira";"18:00:00";"SC";101;201;"SAO JOSE";"Trafegar com motocicleta (ou similar) entre as faixas";"Colisão lateral mesmo sentido";"Com Vítimas Feridas";"Anoitecer";"Decrescente";"Nublado";"Simples";"Reta";"Sim";3;0;1;0;2;0;1;3;-27,54836599;-48,61977975;"SPRF-SC";"DEL01-SC";"UOP01-DEL01-SC"
485564;2022-11-08;"terça-feira";"18:20:00";"SE";235;4;"NOSSA SENHORA DO SOCORRO";"Reação tardia ou ineficiente do condutor";"Queda de ocupante de veículo";"Com Vítimas Feridas";"Plena Noite";"Crescente";"Céu Claro";"Dupla";"Reta";"Sim";1;0;0;1;0;0;1;1;-10,9064;-37,1197;"SPRF-SE";"DEL01-SE";"UOP01-DEL01-SE"
485567;2022-11-08;"terça-feira";"17:40:00";"PR";369;150,6;"LONDRINA";"Condutor deixou de manter distância do veículo da frente";"Colisão traseira";"Com Vítimas Feridas";"Pleno dia";"Crescente";"Céu Claro";"Dupla";"Reta";"Sim";2;0;2;0;0;0;2;2;-23,29297;-51,167341;"SPRF-PR";"DEL07-PR";"UOP01-DEL07-PR"
485568;2022-11-08;"terça-feira";"18:00:00";"DF";70;8,2;"BRASILIA";"Entrada inopinada do pedestre";"Atropelamento de Pedestre";"Com Vítimas Feridas";"Anoitecer";"Crescente";"Garoa/Chuvisco";"Dupla";"Declive;Curva";"Sim";2;0;1;0;1;0;1;2;-15,7836;-48,125383;"SPRF-DF";"DEL03-DF";"UOP02-DEL03-DF"
485573;2022-11-08;"terça-feira";"18:00:00";"PE";232;133;"CARUARU";"Ingestão de álcool pelo condutor";"Colisão traseira";"Com Vítimas Feridas";"Plena Noite";"Decrescente";"Nublado";"Dupla";"Reta";"Sim";3;0;2;0;0;1;2;3;-8,30607988;-36,01576003;"SPRF-PE";"DEL02-PE";"UOP01-DEL02-PE"
485574;2022-10-16;"domingo";"05:00:00";"RS";116;249,7;"SAO LEOPOLDO";"Chuva";"Saída de leito carroçável";"Com Vítimas Feridas";"Plena Noite";"Crescente";"Chuva";"Dupla";"Curva";"Sim";3;0;1;0;1;1;1;2;-29,78567215;-51,16332471;"SPRF-RS";"DEL01-RS";"UOP02-DEL01-RS"
485576;2022-11-08;"terça-feira";"18:10:00";"SC";101;107;"PENHA";"Condutor deixou de manter distância do veículo da frente";"Colisão traseira";"Com Vítimas Feridas";"Anoitecer";"Crescente";"Nublado";"Dupla";"Reta;Aclive";"Não";3;0;1;0;2;0;1;2;-26,82386792;-48,68820906;"SPRF-SC";"DEL03-SC";"UOP02-DEL03-SC"
485578;2022-11-08;"terça-feira";"16:20:00";"MT";364;246;"JUSCIMEIRA";"Ausência de reação do condutor";"Tombamento";"Com Vítimas Feridas";"Pleno dia";"Decrescente";"Céu Claro";"Dupla";"Aclive";"Não";2;0;2;0;0;0;2;1;-16,15235555;-54,80708719;"SPRF-MT";"DEL02-MT";"UOP01-DEL02-MT"
485580;2022-11-08;"terça-feira";"19:20:00";"ES";101;286;"CARIACICA";"Demais falhas mecânicas ou elétricas";"Tombamento";"Com Vítimas Feridas";"Plena Noite";"Decrescente";"Nublado";"Dupla";"Reta";"Não";1;0;1;0;0;0;1;1;-20,25902175;-40,37753412;"SPRF-ES";"DEL01-ES";"UOP01-DEL01-ES"
485581;2022-11-08;"terça-feira";"16:10:00";"PB";361;49;"CATINGUEIRA";"Acostamento em desnível";"Saída de leito carroçável";"Com Vítimas Feridas";"Pleno dia";"Decrescente";"Céu Claro";"Simples";"Reta";"Não";4;0;1;0;3;0;1;1;-7,15266796;-37,64413401;"SPRF-PB";"DEL03-PB";"UOP01-DEL03-PB"
485582;2022-11-08;"terça-feira";"18:40:00";"PR";476;140;"CURITIBA";"Ausência de reação do condutor";"Atropelamento de Pedestre";"Com Vítimas Feridas";"Plena Noite";"Crescente";"Chuva";"Múltipla";"Reta";"Sim";2;0;0;1;1;0;1;2;-25,520693;-49,294121;"SPRF-PR";"DEL01-PR";"UOP03-DEL01-PR"
485583;2022-10-03;"segunda-feira";"19:30:00";"GO";364;196;"JATAI";"Ingestão de álcool pelo condutor";"Saída de leito carroçável";"Sem Vítimas";"Plena Noite";"Crescente";"Nublado";"Dupla";"Reta";"Sim";1;0;0;0;0;1;0;1;-17,917234;-51,720665;"SPRF-GO";"DEL05-GO";"UOP01-DEL05-GO"
485584;2022-11-08;"terça-feira";"19:10:00";"RJ";116;108;"GUAPIMIRIM";"Acessar a via sem observar a presença dos outros veículos";"Colisão transversal";"Com Vítimas Fatais";"Plena Noite";"Crescente";"Chuva";"Dupla";"Reta";"Sim";2;1;0;0;1;0;0;2;-22,535843;-42,99125;"SPRF-RJ";"DEL04-RJ";"UOP01-DEL04-RJ"
485585;2022-11-08;"terça-feira";"19:00:00";"CE";116;23;"ITAITINGA";"Manobra de mudança de faixa";"Colisão lateral mesmo sentido";"Com Vítimas Feridas";"Plena Noite";"Crescente";"Céu Claro";"Dupla";"Retorno Regulamentado;Reta";"Não";2;0;1;0;1;0;1;2;-3,94905489;-38,51212845;"SPRF-CE";"DEL01-CE";"UOP02-DEL01-CE"
485586;2022-11-05;"sábado";"02:00:00";"RJ";116;173;"RIO DE JANEIRO";"Reação tardia ou ineficiente do condutor";"Capotamento";"Com Vítimas Feridas";"Plena Noite";"Crescente";"Nublado";"Múltipla";"Reta";"Sim";1;0;1;0;0;0;1;1;-22,79810324;-43,35726614;"SPRF-RJ";"DEL01-RJ";"UOP02-DEL01-RJ"
485587;2022-11-08;"terça-feira";"19:40:00";"SC";101;192;"BIGUACU";"Ausência de reação do condutor";"Colisão traseira";"Com Vítimas Feridas";"Plena Noite";"Decrescente";"Céu Claro";"Dupla";"Reta";"Sim";1;0;0;1;0;0;1;1;-27,48443781;-48,64765238;"SPRF-SC";"DEL01-SC";"UOP01-DEL01-SC"
485589;2022-11-08;"terça-feira";"19:43:00";"GO";414;439;"ANAPOLIS";"Reação tardia ou ineficiente do condutor";"Colisão lateral mesmo sentido";"Com Vítimas Feridas";"Plena Noite";"Decrescente";"Céu Claro";"Simples";"Declive";"Sim";3;0;1;0;1;1;1;3;-16,28128823;-48,94258908;"SPRF-GO";"DEL02-GO";"UOP01-DEL02-GO"
485591;2022-10-31;"segunda-feira";"11:40:00";"MS";60;430;"SIDROLANDIA";"Pedestre andava na pista";"Atropelamento de Pedestre";"Com Vítimas Feridas";"Pleno dia";"Decrescente";"Garoa/Chuvisco";"Simples";"Reta";"Não";2;0;1;0;0;1;1;2;-20,96803898;-54,96949997;"SPRF-MS";"DEL01-MS";"UOP04-DEL01-MS"
485593;2022-11-08;"terça-feira";"17:40:00";"AC";364;125;"RIO BRANCO";"Pedestre cruzava a pista fora da faixa";"Atropelamento de Pedestre";"Com Vítimas Feridas";"Plena Noite";"Decrescente";"Céu Claro";"Dupla";"Reta";"Sim";2;0;1;0;1;0;1;2;-10,01280606;-67,80005697;"SPRF-AC";"DEL01-AC";"UOP01-DEL01-AC"
485594;2022-11-08;"terça-feira";"18:00:00";"RN";406;151;"CEARA-MIRIM";"Acessar a via sem observar a presença dos outros veículos";"Colisão transversal";"Com Vítimas Feridas";"Plena Noite";"Crescente";"Céu Claro";"Simples";"Reta";"Não";2;0;1;0;1;0;1;2;-5,65094554;-35,42341594;"SPRF-RN";"DEL02-RN";"UOP01-DEL02-RN"
485596;2022-11-08;"terça-feira";"20:10:00";"SE";101;100;"SAO CRISTOVAO";"Afundamento ou ondulação no pavimento";"Queda de ocupante de veículo";"Com Vítimas Feridas";"Plena Noite";"Crescente";"Céu Claro";"Dupla";"Curva";"Não";2;0;1;0;1;0;1;1;-10,94085093;-37,19456903;"SPRF-SE";"DEL02-SE";"UOP01-DEL02-SE"
485597;2022-11-08;"terça-feira";"10:50:00";"BA";110;365;"CATU";"Demais falhas mecânicas ou elétricas";"Incêndio";"Sem Vítimas";"Pleno dia";"Crescente";"Chuva";"Simples";"Aclive";"Não";1;0;0;0;1;0;0;1;-12,40218146;-38,38093209;"SPRF-BA";"DEL01-BA";"UOP04-DEL01-BA"
485598;2022-11-08;"terça-feira";"20:00:00";"PB";101;92;"JOAO PESSOA";"Condutor Dormindo";"Saída de leito carroçável";"Com Vítimas Feridas";"Plena Noite";"Decrescente";"Céu Claro";"Dupla";"Reta";"Sim";1;0;1;0;0;0;1;1;-7,19683829;-34,90588313;"SPRF-PB";"DEL01-PB";"UOP02-DEL01-PB"
485599;2022-11-08;"terça-feira";"19:30:00";"MG";381;505;"BETIM";"Chuva";"Colisão com objeto";"Com Vítimas Feridas";"Plena Noite";"Decrescente";"Chuva";"Múltipla";"Reta";"Não";2;0;0;1;1;0;1;2;-20,04478441;-44,27276484;"SPRF-MG";"DEL01-MG";"UOP03-DEL01-MG"
485600;2022-11-08;"terça-feira";"19:43:00";"SC";116;246,8;"LAGES";"Desrespeitar a preferência no cruzamento";"Colisão transversal";"Com Vítimas Feridas";"Plena Noite";"Crescente";"Céu Claro";"Simples";"Reta;Rotatória";"Não";3;0;1;0;2;0;1;2;-27,80419942;-50,36509464;"SPRF-SC";"DEL05-SC";"UOP02-DEL05-SC"
485604;2022-11-08;"terça-feira";"20:30:00";"SP";116;395;"MIRACATU";"Mal súbito do condutor";"Saída de leito carroçável";"Com Vítimas Feridas";"Plena Noite";"Crescente";"Nublado";"Dupla";"Curva";"Sim";1;0;1;0;0;0;1;1;-24,28827334;-47,46014533;"SPRF-SP";"DEL04-SP";"UOP02-DEL04-SP"
485608;2022-11-08;"terça-feira";"21:00:00";"MG";381;428;"CAETE";"Transitar na contramão";"Colisão frontal";"Com Vítimas Feridas";"Plena Noite";"Crescente";"Chuva";"Dupla";"Curva";"Sim";2;0;1;0;1;0;1;2;-19,790383;-43,681858;"SPRF-MG";"DEL01-MG";"UOP01-DEL01-MG"
485609;2022-11-08;"terça-feira";"21:10:00";"SP";116;334,4;"JUQUITIBA";"Entrada inopinada do pedestre";"Atropelamento de Pedestre";"Com Vítimas Fatais";"Plena Noite";"Decrescente";"Céu Claro";"Dupla";"Curva";"Não";4;1;0;1;2;0;1;2;-23,96478894;-47,12622102;"SPRF-SP";"DEL04-SP";"UOP03-DEL04-SP"
485611;2022-11-08;"terça-feira";"18:35:00";"RJ";40;94;"DUQUE DE CAXIAS";"Pista Escorregadia";"Colisão com objeto";"Com Vítimas Feridas";"Plena Noite";"Crescente";"Chuva";"Simples";"Curva";"Não";1;0;1;0;0;0;1;1;-22,55763285;-43,26574352;"SPRF-RJ";"DEL01-RJ";"UOP01-DEL01-RJ"
485612;2022-11-08;"terça-feira";"20:40:00";"PR";376;4;"SAO JOSE DOS PINHAIS";"Desrespeitar a preferência no cruzamento";"Colisão transversal";"Com Vítimas Feridas";"Plena Noite";"Decrescente";"Chuva";"Dupla";"Interseção de Vias";"Sim";2;0;1;0;1;0;1;2;-25,5307;-49,1958;"SPRF-PR";"DEL01-PR";"UOP04-DEL01-PR"
485613;2022-11-08;"terça-feira";"19:00:00";"MG";40;502,8;"ESMERALDAS";"Velocidade Incompatível";"Colisão com objeto";"Sem Vítimas";"Plena Noite";"Decrescente";"Chuva";"Dupla";"Aclive;Reta";"Não";1;0;0;0;1;0;0;1;-19,71903007;-44,15672421;"SPRF-MG";"DEL02-MG";"UOP01-DEL02-MG"
485614;2022-11-08;"terça-feira";"20:25:00";"MA";222;677;"ACAILANDIA";"Reação tardia ou ineficiente do condutor";"Colisão traseira";"Com Vítimas Feridas";"Plena Noite";"Crescente";"Chuva";"Simples";"Reta";"Sim";3;0;2;0;1;0;2;2;-4,94746472;-47,47679017;"SPRF-MA";"DEL04-MA";"UOP03-DEL04-MA"
485616;2022-11-08;"terça-feira";"21:00:00";"RR";174;511;"BOA VISTA";"Condutor deixou de manter distância do veículo da frente";"Colisão traseira";"Com Vítimas Feridas";"Plena Noite";"Decrescente";"Chuva";"Simples";"Reta";"Não";2;0;1;0;1;0;1;2;2,861408;-60,69804;"SPRF-RR";"DEL01-RR";"UOP01-DEL01-RR"
485617;2022-10-31;"segunda-feira";"11:26:00";"SC";101;47;"JOINVILLE";"Acessar a via sem observar a presença dos outros veículos";"Colisão transversal";"Com Vítimas Fatais";"Pleno dia";"Crescente";"Garoa/Chuvisco";"Múltipla";"Reta";"Não";3;1;1;0;0;1;1;3;-26,3677717;-48,8579999;"SPRF-SC";"DEL03-SC";"UOP01-DEL03-SC"
485623;2022-11-08;"terça-feira";"23:00:00";"CE";222;0,7;"FORTALEZA";"Acessar a via sem observar a presença dos outros veículos";"Colisão transversal";"Sem Vítimas";"Plena Noite";"Crescente";"Céu Claro";"Múltipla";"Reta";"Sim";2;0;0;0;2;0;0;2;-3,7367737;-38,56923;"SPRF-CE";"DEL01-CE";"UOP01-DEL01-CE"
485628;2022-11-08;"terça-feira";"21:30:00";"MT";163;816;"SINOP";"Ingestão de álcool pelo condutor";"Saída de leito carroçável";"Com Vítimas Feridas";"Plena Noite";"Decrescente";"Céu Claro";"Simples";"Em Obras;Desvio Temporário;Reta";"Não";1;0;1;0;0;0;1;1;-12,157108;-55,51313;"SPRF-MT";"DEL06-MT";"NPF/DEL06-MT"
485630;2022-11-08;"terça-feira";"23:30:00";"SC";470;99;"APIUNA";"Acessar a via sem observar a presença dos outros veículos";"Colisão transversal";"Com Vítimas Feridas";"Plena Noite";"Crescente";"Céu Claro";"Dupla";"Reta";"Sim";2;0;1;0;1;0;1;2;-27,037956;-49,393417;"SPRF-SC";"DEL04-SC";"UOP02-DEL04-SC"
485631;2022-11-08;"terça-feira";"21:15:00";"RJ";101;509,8;"ANGRA DOS REIS";"Transitar na contramão";"Colisão lateral sentido oposto";"Com Vítimas Feridas";"Plena Noite";"Decrescente";"Nublado";"Simples";"Reta";"Não";4;0;4;0;0;0;4;2;-22,94847445;-44,43332434;"SPRF-RJ";"DEL03-RJ";"UOP03-DEL03-RJ"
485632;2022-11-09;"quarta-feira";"01:10:00";"PR";277;724;"FOZ DO IGUACU";"Ingestão de álcool pelo condutor";"Colisão traseira";"Sem Vítimas";"Plena Noite";"Crescente";"Céu Claro";"Dupla";"Reta";"Sim";2;0;0;0;2;0;0;2;-25,50257577;-54,53868311;"SPRF-PR";"DEL05-PR";"UOP03-DEL05-PR"
485634;2022-11-09;"quarta-feira";"02:15:00";"AL";101;67,9;"MESSIAS";"Condutor Dormindo";"Saída de leito carroçável";"Com Vítimas Feridas";"Plena Noite";"Crescente";"Céu Claro";"Dupla";"Curva";"Não";1;0;0;1;0;0;1;1;-9,34144305;-35,83125567;"SPRF-AL";"DEL01-AL";"UOP02-DEL01-AL"
485635;2022-11-08;"terça-feira";"22:10:00";"SP";116;540;"BARRA DO TURVO";"Reação tardia ou ineficiente do condutor";"Saída de leito carroçável";"Com Vítimas Fatais";"Plena Noite";"Decrescente";"Nevoeiro/Neblina";"Simples";"Reta";"Não";1;1;0;0;0;0;0;1;-24,96815654;-48,39159909;"SPRF-SP";"DEL05-SP";"UOP02-DEL05-SP"
485636;2022-11-09;"quarta-feira";"04:40:00";"ES";101;167;"LINHARES";"Acessar a via sem observar a presença dos outros veículos";"Colisão transversal";"Com Vítimas Feridas";"Amanhecer";"Crescente";"Céu Claro";"Simples";"Reta";"Não";6;0;5;0;0;1;5;2;-19,52734804;-40,15218496;"SPRF-ES";"DEL04-ES";"UOP01-DEL04-ES"
485637;2022-11-08;"terça-feira";"23:24:00";"MG";381;517;"IGARAPE";"Fumaça";"Incêndio";"Sem Vítimas";"Plena Noite";"Decrescente";"Chuva";"Dupla";"Reta";"Não";1;0;0;0;1;0;0;1;-20,10866993;-44,31488799;"SPRF-MG";"DEL04-MG";"UOP03-DEL04-MG"
485639;2022-11-08;"terça-feira";"23:50:00";"MG";262;364;"JUATUBA";"Animais na Pista";"Atropelamento de Animal";"Com Vítimas Feridas";"Plena Noite";"Crescente";"Nublado";"Dupla";"Reta";"Não";1;0;0;1;0;0;1;1;-19,97283407;-44,30431325;"SPRF-MG";"DEL01-MG";"UOP03-DEL01-MG"
485640;2022-11-08;"terça-feira";"11:00:00";"MG";50;133,9;"UBERABA";"Acumulo de areia ou detritos sobre o pavimento";"Tombamento";"Com Vítimas Feridas";"Pleno dia";"Decrescente";"Céu Claro";"Dupla";"Em Obras;Reta";"Não";1;0;1;0;0;0;1;1;-19,41574308;-48,07159033;"SPRF-MG";"DEL13-MG";"UOP01-DEL13-MG"
485642;2022-11-09;"quarta-feira";"06:35:00";"GO";452;0,3;"RIO VERDE";"Ausência de reação do condutor";"Colisão traseira";"Com Vítimas Feridas";"Pleno dia";"Decrescente";"Céu Claro";"Dupla";"Reta";"Sim";2;0;1;0;1;0;1;2;-17,786345;-50,901516;"SPRF-GO";"DEL04-GO";"UOP01-DEL04-GO"
485643;2022-11-08;"terça-feira";"17:30:00";"BA";407;177;"PONTO NOVO";"Chuva";"Saída de leito carroçável";"Com Vítimas Feridas";"Plena Noite";"Crescente";"Chuva";"Simples";"Reta";"Não";1;0;1;0;0;0;1;1;-10,88797;-40,10947;"SPRF-BA";"DEL04-BA";"UOP02-DEL04-BA"
485648;2022-11-09;"quarta-feira";"07:30:00";"SP";116;219;"GUARULHOS";"Demais falhas mecânicas ou elétricas";"Queda de ocupante de veículo";"Com Vítimas Feridas";"Pleno dia";"Crescente";"Céu Claro";"Múltipla";"Reta";"Sim";2;0;2;0;0;0;2;2;-23,46143954;-46,48885316;"SPRF-SP";"DEL01-SP";"UOP01-DEL01-SP"
485649;2022-11-09;"quarta-feira";"07:00:00";"BA";101;883;"TEIXEIRA DE FREITAS";"Desrespeitar a preferência no cruzamento";"Colisão transversal";"Com Vítimas Feridas";"Pleno dia";"Crescente";"Céu Claro";"Simples";"Interseção de Vias";"Sim";2;0;1;0;1;0;1;2;-17,58937599;-39,74338531;"SPRF-BA";"DEL09-BA";"UOP02-DEL09-BA"
485651;2022-11-09;"quarta-feira";"07:30:00";"SC";101;150;"ITAPEMA";"Acesso irregular";"Atropelamento de Pedestre";"Com Vítimas Feridas";"Pleno dia";"Crescente";"Céu Claro";"Dupla";"Reta";"Sim";2;0;1;0;0;1;1;2;-27,11744799;-48,60940987;"SPRF-SC";"DEL04-SC";"UOP03-DEL04-SC"
485653;2022-11-09;"quarta-feira";"07:40:00";"ES";101;146;"LINHARES";"Reação tardia ou ineficiente do condutor";"Queda de ocupante de veículo";"Com Vítimas Feridas";"Pleno dia";"Crescente";"Céu Claro";"Múltipla";"Reta";"Sim";1;0;1;0;0;0;1;1;-19,36990998;-40,06560718;"SPRF-ES";"DEL04-ES";"UOP01-DEL04-ES"
485654;2022-11-09;"quarta-feira";"07:05:00";"PR";277;615,7;"CEU AZUL";"Velocidade Incompatível";"Saída de leito carroçável";"Com Vítimas Feridas";"Pleno dia";"Decrescente";"Céu Claro";"Simples";"Reta";"Não";4;0;1;0;0;3;1;2;-25,07189018;-53,6644229;"SPRF-PR";"DEL05-PR";"UOP02-DEL05-PR"
485655;2022-11-09;"quarta-feira";"08:10:00";"RN";101;102,2;"PARNAMIRIM";"Problema com o freio";"Tombamento";"Com Vítimas Feridas";"Pleno dia";"Crescente";"Céu Claro";"Múltipla";"Reta";"Sim";2;0;2;0;0;0;2;1;-5,88858217;-35,24018997;"SPRF-RN";"DEL01-RN";"UOP01-DEL01-RN"
485656;2022-11-08;"terça-feira";"10:30:00";"SP";381;84;"SAO PAULO";"Ausência de reação do condutor";"Colisão lateral mesmo sentido";"Com Vítimas Feridas";"Pleno dia";"Crescente";"Céu Claro";"Dupla";"Reta";"Sim";2;0;1;0;1;0;1;2;-23,43937;-46,56807;"SPRF-SP";"DEL03-SP";"UOP01-DEL03-SP"
485658;2022-11-09;"quarta-feira";"07:55:00";"PR";277;103,1;"CAMPO LARGO";"Condutor deixou de manter distância do veículo da frente";"Colisão traseira";"Com Vítimas Feridas";"Pleno dia";"Decrescente";"Sol";"Dupla";"Declive;Reta";"Não";2;0;0;1;1;0;1;2;-25,50564195;-49,3407288;"SPRF-PR";"DEL01-PR";"UOP06-DEL01-PR"
485662;2022-11-09;"quarta-feira";"08:05:00";"PR";277;81,5;"CURITIBA";"Trafegar com motocicleta (ou similar) entre as faixas";"Colisão lateral mesmo sentido";"Com Vítimas Feridas";"Pleno dia";"Crescente";"Sol";"Dupla";"Reta";"Sim";2;0;1;0;1;0;1;2;-25,568939;-49,181978;"SPRF-PR";"DEL01-PR";"UOP01-DEL01-PR"
485663;2022-11-09;"quarta-feira";"06:30:00";"SP";153;161,7;"PROMISSAO";"Desrespeitar a preferência no cruzamento";"Colisão transversal";"Com Vítimas Feridas";"Pleno dia";"Crescente";"Céu Claro";"Simples";"Interseção de Vias";"Não";3;0;1;2;0;0;3;2;-21,51633598;-49,78087709;"SPRF-SP";"DEL07-SP";"UOP01-DEL07-SP"
485664;2022-11-09;"quarta-feira";"08:20:00";"MG";40;786,8;"JUIZ DE FORA";"Reação tardia ou ineficiente do condutor";"Capotamento";"Com Vítimas Feridas";"Pleno dia";"Decrescente";"Chuva";"Dupla";"Curva";"Não";1;0;1;0;0;0;1;1;-21,72733544;-43,4385309;"SPRF-MG";"DEL05-MG";"UOP01-DEL05-MG"
485665;2022-11-09;"quarta-feira";"07:50:00";"MG";40;783,1;"JUIZ DE FORA";"Reação tardia ou ineficiente do condutor";"Saída de leito carroçável";"Com Vítimas Feridas";"Pleno dia";"Decrescente";"Chuva";"Dupla";"Curva";"Não";1;0;0;1;0;0;1;1;-21,69593719;-43,44982474;"SPRF-MG";"DEL05-MG";"UOP01-DEL05-MG"