"id";"data_inversa";"dia_semana";"horario";"uf";"br";"km";"municipio";"causa_acidente";"tipo_acidente";"classificacao_acidente";"fase_dia";"sentido_via";"condicao_metereologica";"tipo_pista";"tracado_via";"uso_solo";"pessoas";"mortos";"feridos_leves";"feridos_graves";"ilesos";"ignorados";"feridos";"veiculos";"latitude";"longitude";"regional";"delegacia";"uop"
485668;2022-11-09;"quarta-feira";"07:45:00";"SC";101;134;"BALNEARIO CAMBORIU";"Acessar a via sem observar a presença dos outros veículos";"Colisão lateral mesmo sentido";"Com Vítimas Feridas";"Pleno dia";"Decrescente";"Céu Claro";"Simples";"Reta";"Sim";3;0;1;1;1;0;2;2;-27,00218;-48,636433;"SPRF-SC";"DEL04-SC";"UOP03-DEL04-SC"
485669;2022-11-09;"quarta-feira";"08:29:00";"SC";101;211;"PALHOCA";"Manobra de mudança de faixa";"Colisão lateral mesmo sentido";"Com Vítimas Feridas";"Pleno dia";"Decrescente";"Céu Claro";"Simples";"Ponte";"Sim";2;0;1;0;1;0;1;2;-27,62329313;-48,65245588;"SPRF-SC";"DEL01-SC";"UOP02-DEL01-SC"
485671;2022-08-13;"sábado";"15:30:00";"PI";316;308,9;"PICOS";"Pedestre cruzava a pista fora da faixa";"Atropelamento de Pedestre";"Com Vítimas Feridas";"Pleno dia";"Decrescente";"Céu Claro";"Simples";"Reta";"Sim";2;0;0;1;0;1;1;2;-7,07773683;-41,492757;"SPRF-PI";"DEL04-PI";"UOP01-DEL04-PI"
485672;2022-11-09;"quarta-feira";"08:32:00";"SP";153;174,4;"GUAICARA";"Desrespeitar a preferência no cruzamento";"Colisão transversal";"Sem Vítimas";"Pleno dia";"Decrescente";"Céu Claro";"Simples";"Interseção de Vias";"Não";2;0;0;0;2;0;0;2;-21,633102;-49,787743;"SPRF-SP";"DEL07-SP";"UOP01-DEL07-SP"
485674;2022-11-09;"quarta-feira";"08:00:00";"PR";116;113;"CURITIBA";"Condutor deixou de manter distância do veículo da frente";"Colisão traseira";"Sem Vítimas";"Pleno dia";"Crescente";"Céu Claro";"Dupla";"Reta";"Sim";2;0;0;0;2;0;0;2;-25,54975953;-49,28286552;"SPRF-PR";"DEL01-PR";"UOP07-DEL01-PR"
485677;2022-11-09;"quarta-feira";"07:40:00";"BA";116;701,9;"JEQUIE";"Velocidade Incompatível";"Capotamento";"Com Vítimas Feridas";"Pleno dia";"Decrescente";"Chuva";"Simples";"Curva";"Não";4;0;4;0;0;0;4;1;-14,03517803;-40,20217596;"SPRF-BA";"DEL03-BA";"UOP01-DEL03-BA"
485682;2022-11-09;"quarta-feira";"06:15:00";"RJ";493;72;"NOVA IGUACU";"Condutor Dormindo";"Saída de leito carroçável";"Com Vítimas Fatais";"Amanhecer";"Crescente";"Céu Claro";"Dupla";"Curva";"Não";3;1;2;0;0;0;2;1;-22,68751822;-43,51075172;"SPRF-RJ";"DEL01-RJ";"UOP03-DEL01-RJ"
485683;2022-11-09;"quarta-feira";"07:45:00";"BA";101;362;"GANDU";"Transitar na contramão";"Colisão frontal";"Com Vítimas Feridas";"Pleno dia";"Decrescente";"Nublado";"Simples";"Curva";"Não";2;0;1;1;0;0;2;2;-13,85004503;-39,49736204;"SPRF-BA";"DEL05-BA";"UOP03-DEL05-BA"
485684;2022-11-09;"quarta-feira";"08:50:00";"PE";232;77,2;"GRAVATA";"Transitar na contramão";"Colisão frontal";"Com Vítimas Feridas";"Pleno dia";"Decrescente";"Céu Claro";"Simples";"Reta";"Sim";2;0;0;1;1;0;1;2;-8,19343863;-35,54300692;"SPRF-PE";"DEL02-PE";"UOP02-DEL02PE"
485685;2022-10-28;"sexta-feira";"15:40:00";"PR";277;145;"PORTO AMAZONAS";"Transitar na contramão";"Colisão lateral sentido oposto";"Com Vítimas Feridas";"Pleno dia";"Crescente";"Céu Claro";"Simples";"Ponte";"Não";14;0;2;2;10;0;4;4;-25,46666857;-49,76734221;"SPRF-PR";"DEL03-PR";"UOP03-DEL03-PR"
485686;2022-11-09;"quarta-feira";"10:30:00";"PR";277;70;"SAO JOSE DOS PINHAIS";"Reação tardia ou ineficiente do condutor";"Colisão com objeto";"Sem Vítimas";"Pleno dia";"Crescente";"Céu Claro";"Simples";"Rotatória";"Não";1;0;0;0;0;1;0;1;-25,53317957;-49,07969781;"SPRF-PR";"DEL01-PR";"UOP01-DEL01-PR"
485687;2022-11-09;"quarta-feira";"09:51:00";"SP";116;278;"EMBU DAS ARTES";"Reação tardia ou ineficiente do condutor";"Colisão lateral mesmo sentido";"Com Vítimas Feridas";"Pleno dia";"Decrescente";"Sol";"Dupla";"Reta";"Não";2;0;1;0;1;0;1;2;-23,65508497;-46,84918605;"SPRF-SP";"DEL04-SP";"UOP01-DEL04-SP"
485688;2022-11-09;"quarta-feira";"10:15:00";"SC";101;207;"SAO JOSE";"Acessar a via sem observar a presença dos outros veículos";"Tombamento";"Com Vítimas Feridas";"Pleno dia";"Crescente";"Céu Claro";"Simples";"Retorno Regulamentado";"Sim";2;0;0;1;1;0;1;2;-27,60001226;-48,6226467;"SPRF-SC";"DEL01-SC";"UOP01-DEL01-SC"
485689;2022-11-09;"quarta-feira";"10:00:00";"PR";376;340,8;"ORTIGUEIRA";"Velocidade Incompatível";"Colisão frontal";"Com Vítimas Feridas";"Pleno dia";"Decrescente";"Céu Claro";"Simples";"Curva";"Não";2;0;1;0;1;0;1;2;-24,172815;-50,966601;"SPRF-PR";"DEL07-PR";"UOP02-DEL07-PR"
485690;2022-11-09;"quarta-feira";"09:30:00";"MG";40;794,4;"JUIZ DE FORA";"Reação tardia ou ineficiente do condutor";"Tombamento";"Com Vítimas Feridas";"Pleno dia";"Decrescente";"Chuva";"Dupla";"Curva";"Não";1;0;1;0;0;0;1;1;-21,79926451;-43,40729012;"SPRF-MG";"DEL05-MG";"UOP01-DEL05-MG"
485691;2022-11-09;"quarta-feira";"11:00:00";"MG";40;732,3;"SANTOS DUMONT";"Reação tardia ou ineficiente do condutor";"Colisão com objeto";"Com Vítimas Feridas";"Pleno dia";"Crescente";"Chuva";"Dupla";"Curva";"Não";4;0;3;1;0;0;4;1;-21,34762119;-43,58122534;"SPRF-MG";"DEL05-MG";"UOP01-DEL05-MG"
485693;2022-11-09;"quarta-feira";"10:20:00";"MG";50;84;"UBERLANDIA";"Ausência de reação do condutor";"Saída de leito carroçável";"Com Vítimas Feridas";"Pleno dia";"Crescente";"Céu Claro";"Dupla";"Aclive;Reta";"Não";2;0;1;0;1;0;1;1;-18,99589703;-48,21049418;"SPRF-MG";"DEL15-MG";"UOP01-DEL15-MG"
485694;2022-11-09;"quarta-feira";"10:10:00";"PR";376;592;"CURITIBA";"Condutor deixou de manter distância do veículo da frente";"Colisão traseira";"Com Vítimas Feridas";"Pleno dia";"Decrescente";"Céu Claro";"Dupla";"Reta";"Sim";3;0;2;0;1;0;2;2;-25,46833525;-49,35524543;"SPRF-PR";"DEL01-PR";"UOP06-DEL01-PR"
485695;2022-11-09;"quarta-feira";"09:45:00";"SC";101;133,9;"BALNEARIO CAMBORIU";"Trafegar com motocicleta (ou similar) entre as faixas";"Colisão lateral mesmo sentido";"Com Vítimas Feridas";"Pleno dia";"Decrescente";"Sol";"Dupla";"Reta";"Sim";4;0;2;1;1;0;3;3;-26,99936;-48,64609;"SPRF-SC";"DEL04-SC";"UOP03-DEL04-SC"
485696;2022-10-28;"sexta-feira";"02:25:00";"MS";163;587;"BANDEIRANTES";"Ausência de reação do condutor";"Saída de leito carroçável";"Com Vítimas Feridas";"Plena Noite";"Crescente";"Céu Claro";"Dupla";"Reta";"Não";1;0;1;0;0;0;1;1;-19,59354597;-54,40077996;"SPRF-MS";"DEL06-MS";"UOP02-DEL06-MS"
485697;2022-11-09;"quarta-feira";"10:40:00";"MG";116;703,6;"MURIAE";"Entrada inopinada do pedestre";"Atropelamento de Pedestre";"Com Vítimas Feridas";"Pleno dia";"Crescente";"Chuva";"Simples";"Reta";"Sim";3;0;2;0;1;0;2;2;-21,12682309;-42,3832189;"SPRF-MG";"DEL07-MG";"UOP02-DEL07-MG"
485698;2022-11-09;"quarta-feira";"11:20:00";"CE";222;0;"FORTALEZA";"Ausência de reação do condutor";"Tombamento";"Com Vítimas Feridas";"Pleno dia";"Crescente";"Céu Claro";"Múltipla";"Reta";"Sim";1;0;1;0;0;0;1;1;-3,7367737;-38,56923;"SPRF-CE";"DEL01-CE";"UOP01-DEL01-CE"
485700;2022-11-09;"quarta-feira";"09:30:00";"PE";104;39,3;"CARUARU";"Demais falhas mecânicas ou elétricas";"Incêndio";"Sem Vítimas";"Pleno dia";"Crescente";"Céu Claro";"Dupla";"Reta";"Sim";2;0;0;0;2;0;0;1;-8,08629581;-36,03796721;"SPRF-PE";"DEL02-PE";"UOP01-DEL02-PE"
485702;2022-11-09;"quarta-feira";"08:40:00";"PB";230;468,3;"SOUSA";"Reação tardia ou ineficiente do condutor";"Saída de leito carroçável";"Com Vítimas Feridas";"Pleno dia";"Crescente";"Céu Claro";"Simples";"Reta";"Não";2;0;1;1;0;0;2;1;-6,788282;-38,283377;"SPRF-PB";"DEL03-PB";"UOP03-DEL03-PB"
485703;2022-11-09;"quarta-feira";"11:30:00";"RS";472;513;"ITAQUI";"Animais na Pista";"Saída de leito carroçável";"Com Vítimas Feridas";"Pleno dia";"Decrescente";"Céu Claro";"Simples";"Reta";"Não";1;0;1;0;0;0;1;1;-29,35414403;-56,63342798;"SPRF-RS";"DEL13-RS";"UOP01-DEL13-RS"
485704;2022-11-09;"quarta-feira";"11:40:00";"SE";101;83,8;"LARANJEIRAS";"Afundamento ou ondulação no pavimento";"Colisão com objeto";"Com Vítimas Feridas";"Pleno dia";"Crescente";"Nublado";"Dupla";"Reta";"Não";2;0;2;0;0;0;2;1;-10,835002;-37,13775504;"SPRF-SE";"DEL01-SE";"UOP01-DEL01-SE"
485706;2022-10-12;"quarta-feira";"07:32:00";"SP";116;505;"CAJATI";"Chuva";"Saída de leito carroçável";"Com Vítimas Feridas";"Pleno dia";"Decrescente";"Chuva";"Simples";"Curva";"Não";2;0;2;0;0;0;2;1;-24,79094234;-48,20491791;"SPRF-SP";"DEL05-SP";"UOP02-DEL05-SP"
485707;2022-11-09;"quarta-feira";"11:27:00";"MT";364;582;"NOBRES";"Falta de elemento de contenção que evite a saída do leito carroçável";"Saída de leito carroçável";"Com Vítimas Feridas";"Pleno dia";"Crescente";"Céu Claro";"Dupla";"Curva";"Não";1;0;1;0;0;0;1;1;-14,576;-56,223;"SPRF-MT";"DEL01-MT";"UOP01-DEL01-MT"
485709;2022-11-09;"quarta-feira";"10:30:00";"MS";163;301;"DOURADINA";"Ingestão de álcool pelo condutor";"Saída de leito carroçável";"Com Vítimas Feridas";"Pleno dia";"Crescente";"Céu Claro";"Simples";"Reta";"Não";2;0;2;0;0;0;2;1;-21,973907;-54,53197494;"SPRF-MS";"DEL02-MS";"UOP02-DEL02-MS"
485710;2022-11-09;"quarta-feira";"09:15:00";"RS";480;72,4;"ERECHIM";"Condutor deixou de manter distância do veículo da frente";"Tombamento";"Com Vítimas Feridas";"Pleno dia";"Decrescente";"Céu Claro";"Simples";"Reta";"Não";1;0;1;0;0;0;1;1;-27,64036749;-52,30271101;"SPRF-RS";"DEL08-RS";"UOP04-DEL08-RS"
485711;2022-11-09;"quarta-feira";"12:06:00";"PR";376;3;"MANDAGUARI";"Estacionar ou parar em local proibido";"Colisão traseira";"Com Vítimas Feridas";"Pleno dia";"Decrescente";"Céu Claro";"Simples";"Reta";"Sim";2;0;1;0;1;0;1;2;-23,5158694;-51,6922617;"SPRF-PR";"DEL09-PR";"UOP01-DEL09-PR"
485712;2022-10-31;"segunda-feira";"14:05:00";"RS";386;309,9;"POUSO NOVO";"Ausência de reação do condutor";"Colisão frontal";"Com Vítimas Feridas";"Pleno dia";"Crescente";"Céu Claro";"Simples";"Curva";"Não";5;0;0;4;1;0;4;3;-29,224421;-52,1721;"SPRF-RS";"DEL04-RS";"UOP01-DEL04-RS"
485714;2022-11-09;"quarta-feira";"13:05:00";"ES";101;127;"SOORETAMA";"Desrespeitar a preferência no cruzamento";"Colisão transversal";"Com Vítimas Feridas";"Pleno dia";"Decrescente";"Céu Claro";"Dupla";"Rotatória";"Sim";2;0;1;0;1;0;1;2;-19,202898;-40,095524;"SPRF-ES";"DEL04-ES";"UOP01-DEL04-ES"
485715;2022-11-09;"quarta-feira";"12:45:00";"RJ";40;117;"DUQUE DE CAXIAS";"Avarias e/ou desgaste excessivo no pneu";"Queda de ocupante de veículo";"Com Vítimas Feridas";"Pleno dia";"Decrescente";"Nublado";"Múltipla";"Reta";"Sim";3;0;2;0;1;0;2;2;-22,745676;-43,2881;"SPRF-RJ";"DEL01-RJ";"UOP01-DEL01-RJ"
485717;2022-10-24;"segunda-feira";"16:40:00";"RR";174;576;"BOA VISTA";"Ausência de reação do condutor";"Colisão traseira";"Sem Vítimas";"Pleno dia";"Decrescente";"Nublado";"Simples";"Em Obras;Reta";"Não";2;0;0;0;2;0;0;2;3,40369;-60,888588;"SPRF-RR";"DEL01-RR";"UOP01-DEL01-RR"
485720;2022-11-09;"quarta-feira";"13:15:00";"PR";116;17,5;"COLOMBO";"Manobra de mudança de faixa";"Colisão lateral mesmo sentido";"Com Vítimas Feridas";"Pleno dia";"Decrescente";"Céu Claro";"Dupla";"Reta";"Sim";3;0;2;0;1;0;2;2;-25,38935709;-49,19029713;"SPRF-PR";"DEL01-PR";"UOP02-DEL01-PR"
485721;2022-11-09;"quarta-feira";"13:30:00";"ES";262;34,5;"DOMINGOS MARTINS";"Demais Fenômenos da natureza";"Tombamento";"Com Vítimas Feridas";"Pleno dia";"Decrescente";"Nublado";"Simples";"Declive;Reta";"Não";1;0;1;0;0;0;1;1;-20,37820069;-40,59433416;"SPRF-ES";"DEL01-ES";"UOP01-DEL01-ES"
485722;2022-11-09;"quarta-feira";"12:00:00";"RO";319;62;"PORTO VELHO";"Reação tardia ou ineficiente do condutor";"Colisão traseira";"Sem Vítimas";"Pleno dia";"Decrescente";"Céu Claro";"Dupla";"Reta";"Sim";3;0;0;0;3;0;0;2;-8,766685;-63,884052;"SPRF-RO";"DEL01-RO";"UOP01-DEL01-RO"
485724;2022-11-09;"quarta-feira";"10:50:00";"GO";70;190;"ITABERAI";"Velocidade Incompatível";"Colisão transversal";"Com Vítimas Feridas";"Pleno dia";"Decrescente";"Céu Claro";"Simples";"Retorno Regulamentado";"Não";2;0;2;0;0;0;2;2;-16,02509453;-49,77689594;"SPRF-GO";"DEL02-GO";"UOP02-DEL02-GO"
485725;2022-11-09;"quarta-feira";"13:00:00";"SC";280;128,5;"RIO NEGRINHO";"Acesso irregular";"Colisão transversal";"Com Vítimas Feridas";"Pleno dia";"Decrescente";"Céu Claro";"Simples";"Reta";"Não";2;0;1;0;1;0;1;2;-26,24317941;-49,51320018;"SPRF-SC";"DEL06-SC";"UOP03-DEL06-SC"
485726;2022-08-21;"domingo";"18:55:00";"PR";376;159;"MANDAGUACU";"Mal súbito do condutor";"Queda de ocupante de veículo";"Com Vítimas Feridas";"Plena Noite";"Decrescente";"Nublado";"Dupla";"Reta";"Sim";1;0;0;1;0;0;1;1;-23,36498136;-52,07632098;"SPRF-PR";"DEL09-PR";"UOP01-DEL09-PR"
485727;2022-11-04;"sexta-feira";"15:04:00";"RS";116;373;"SENTINELA DO SUL";"Reação tardia ou ineficiente do condutor";"Saída de leito carroçável";"Com Vítimas Feridas";"Pleno dia";"Crescente";"Céu Claro";"Dupla";"Aclive;Curva";"Não";2;0;2;0;0;0;2;1;-30,71899795;-51,60740603;"SPRF-RS";"DEL02-RS";"UOP02-DEL02-RS"
485729;2022-11-07;"segunda-feira";"13:00:00";"RS";116;463;"SAO LOURENCO DO SUL";"Ausência de reação do condutor";"Saída de leito carroçável";"Com Vítimas Feridas";"Pleno dia";"Crescente";"Céu Claro";"Simples";"Desvio Temporário;Reta";"Não";1;0;1;0;0;0;1;1;-31,30760069;-52,01786539;"SPRF-RS";"DEL02-RS";"UOP02-DEL02-RS"
485730;2022-11-09;"quarta-feira";"14:30:00";"ES";101;128,4;"SOORETAMA";"Acessar a via sem observar a presença dos outros veículos";"Colisão frontal";"Com Vítimas Feridas";"Pleno dia";"Crescente";"Céu Claro";"Simples";"Reta";"Não";3;0;2;0;1;0;2;2;-19,21191395;-40,09457556;"SPRF-ES";"DEL04-ES";"UOP01-DEL04-ES"
485731;2022-11-09;"quarta-feira";"13:40:00";"SC";282;504;"XANXERE";"Sinalização mal posicionada";"Colisão traseira";"Sem Vítimas";"Pleno dia";"Crescente";"Céu Claro";"Simples";"Interseção de Vias";"Sim";2;0;0;0;2;0;0;2;-26,884279;-52,408466;"SPRF-SC";"DEL07-SC";"UOP01-DEL07-SC"
485732;2022-10-17;"segunda-feira";"08:20:00";"RS";116;251,9;"SAPUCAIA DO SUL";"Trafegar com motocicleta (ou similar) entre as faixas";"Colisão lateral mesmo sentido";"Com Vítimas Feridas";"Pleno dia";"Decrescente";"Sol";"Dupla";"Reta";"Sim";2;0;1;0;1;0;1;2;-29,80035406;-51,16550365;"SPRF-RS";"DEL01-RS";"UOP02-DEL01-RS"
485733;2022-11-09;"quarta-feira";"15:10:00";"RS";116;265,3;"CANOAS";"Problema com o freio";"Colisão lateral mesmo sentido";"Com Vítimas Feridas";"Pleno dia";"Decrescente";"Céu Claro";"Dupla";"Reta";"Sim";2;0;1;0;1;0;1;2;-29,92342302;-51,17780944;"SPRF-RS";"DEL01-RS";"UOP01-DEL01-RS"
485734;2022-11-03;"quinta-feira";"02:30:00";"MG";251;492,8;"FRANCISCO SA";"Velocidade Incompatível";"Colisão com objeto";"Com Vítimas Fatais";"Plena Noite";"Decrescente";"Chuva";"Simples";"Curva";"Não";37;3;8;4;22;0;12;1;-16,529181;-43,581108;"SPRF-MG";"DEL12-MG";"UOP01-DEL12-MG"
485737;2022-11-09;"quarta-feira";"13:15:00";"SP";101;50,6;"UBATUBA";"Pedestre andava na pista";"Atropelamento de Pedestre";"Com Vítimas Feridas";"Pleno dia";"Crescente";"Nublado";"Simples";"Reta";"Sim";2;0;1;0;0;1;1;2;-23,45346;-45,074199;"SPRF-SP";"DEL06-SP";"UOP01-DEL06-SP"
485738;2022-11-09;"quarta-feira";"15:00:00";"AL";316;244;"ATALAIA";"Acessar a via sem observar a presença dos outros veículos";"Colisão transversal";"Com Vítimas Feridas";"Pleno dia";"Crescente";"Céu Claro";"Simples";"Curva";"Sim";2;0;1;0;1;0;1;2;-9,51022028;-36,00471385;"SPRF-AL";"DEL01-AL";"UOP01-DEL01-AL"
485739;2022-11-09;"quarta-feira";"15:20:00";"SC";101;211,8;"PALHOCA";"Ausência de reação do condutor";"Queda de ocupante de veículo";"Com Vítimas Feridas";"Pleno dia";"Decrescente";"Céu Claro";"Múltipla";"Reta";"Sim";1;0;1;0;0;0;1;1;-27,62329313;-48,65245588;"SPRF-SC";"DEL01-SC";"UOP02-DEL01-SC"
485742;2022-11-09;"quarta-feira";"14:10:00";"PI";343;178;"BRASILEIRA";"Entrada inopinada do pedestre";"Atropelamento de Pedestre";"Com Vítimas Feridas";"Pleno dia";"Decrescente";"Céu Claro";"Simples";"Curva";"Não";2;0;0;1;1;0;1;2;-4,22699;-41,771355;"SPRF-PI";"DEL02-PI";"UOP01-DEL02-PI"
485744;2022-11-04;"sexta-feira";"07:25:00";"BA";324;619;"SALVADOR";"Manobra de mudança de faixa";"Colisão traseira";"Com Vítimas Feridas";"Pleno dia";"Crescente";"Nublado";"Dupla";"Reta";"Sim";4;0;0;1;3;0;1;2;-12,89820999;-38,45012202;"SPRF-BA";"DEL01-BA";"UOP01-DEL01-BA"
485745;2022-11-09;"quarta-feira";"15:25:00";"PI";343;10,4;"PARNAIBA";"Desrespeitar a preferência no cruzamento";"Colisão transversal";"Com Vítimas Feridas";"Pleno dia";"Crescente";"Céu Claro";"Simples";"Reta";"Sim";3;0;2;0;1;0;2;2;-2,90268173;-41,74599322;"SPRF-PI";"DEL05-PI";"UOP01-DEL05-PI"
485747;2022-11-09;"quarta-feira";"14:45:00";"SC";101;148;"ITAPEMA";"Acessar a via sem observar a presença dos outros veículos";"Colisão transversal";"Com Vítimas Feridas";"Pleno dia";"Crescente";"Céu Claro";"Simples";"Reta";"Sim";3;0;0;1;2;0;1;2;-27,10123686;-48,61807962;"SPRF-SC";"DEL04-SC";"UOP03-DEL04-SC"
485752;2022-11-09;"quarta-feira";"16:36:00";"MG";40;730,2;"OLIVEIRA FORTES";"Reação tardia ou ineficiente do condutor";"Colisão com objeto";"Com Vítimas Feridas";"Pleno dia";"Decrescente";"Chuva";"Dupla";"Curva";"Não";1;0;1;0;0;0;1;1;-21,33378994;-43,5866212;"SPRF-MG";"DEL05-MG";"UOP01-DEL05-MG"
485753;2022-11-09;"quarta-feira";"17:00:00";"SP";116;230;"SAO PAULO";"Ausência de reação do condutor";"Tombamento";"Com Vítimas Feridas";"Pleno dia";"Decrescente";"Céu Claro";"Múltipla";"Reta";"Sim";2;0;2;0;0;0;2;1;-23,52215561;-46,58481002;"SPRF-SP";"DEL01-SP";"UOP01-DEL01-SP"
485754;2022-11-09;"quarta-feira";"16:05:00";"MT";364;401;"CUIABA";"Trafegar com motocicleta (ou similar) entre as faixas";"Colisão lateral mesmo sentido";"Com Vítimas Feridas";"Pleno dia";"Crescente";"Céu Claro";"Dupla";"Aclive";"Sim";2;0;1;0;1;0;1;2;-15,67210033;-55,94649314;"SPRF-MT";"DEL01-MT";"UOP02-DEL01-MT"
485755;2022-11-09;"quarta-feira";"16:40:00";"DF";20;6,7;"BRASILIA";"Velocidade Incompatível";"Saída de leito carroçável";"Sem Vítimas";"Pleno dia";"Decrescente";"Céu Claro";"Dupla";"Curva";"Sim";1;0;0;0;1;0;0;1;-15,665888;-47,808308;"SPRF-DF";"DEL02-DF";"UOP01-DEL02-DF"
485756;2022-11-09;"quarta-feira";"10:50:00";"MT";163;661;"LUCAS DO RIO VERDE";"Reação tardia ou ineficiente do condutor";"Saída de leito carroçável";"Com Vítimas Feridas";"Pleno dia";"Crescente";"Céu Claro";"Simples";"Reta";"Não";3;0;3;0;0;0;3;1;-13,38965099;-56,09124292;"SPRF-MT";"DEL06-MT";"UOP02-DEL06-MT"
485758;2022-11-09;"quarta-feira";"17:21:00";"SC";101;199;"BIGUACU";"Manobra de mudança de faixa";"Colisão lateral mesmo sentido";"Com Vítimas Feridas";"Pleno dia";"Crescente";"Céu Claro";"Dupla";"Reta";"Sim";2;0;1;0;1;0;1;2;-27,53413705;-48,63003205;"SPRF-SC";"DEL01-SC";"UOP01-DEL01-SC"
485761;2022-11-09;"quarta-feira";"17:00:00";"PB";230;155;"CAMPINA GRANDE";"Acessar a via sem observar a presença dos outros veículos";"Colisão transversal";"Com Vítimas Feridas";"Pleno dia";"Decrescente";"Céu Claro";"Simples";"Interseção de Vias";"Sim";2;0;0;1;1;0;1;2;-7,2748;-35,9058;"SPRF-PB";"DEL02-PB";"UOP01-DEL02-PB"
485762;2022-11-09;"quarta-feira";"17:55:00";"SP";116;217;"GUARULHOS";"Ausência de reação do condutor";"Colisão lateral mesmo sentido";"Com Vítimas Feridas";"Anoitecer";"Crescente";"Céu Claro";"Múltipla";"Declive";"Sim";3;0;2;0;1;0;2;2;-23,45423824;-46,47119028;"SPRF-SP";"DEL01-SP";"UOP01-DEL01-SP"
485763;2022-11-09;"quarta-feira";"17:40:00";"PR";376;2;"MANDAGUARI";"Manobra de mudança de faixa";"Colisão frontal";"Com Vítimas Feridas";"Pleno dia";"Decrescente";"Céu Claro";"Simples";"Reta";"Sim";2;0;0;1;1;0;1;2;-23,51551524;-51,70097351;"SPRF-PR";"DEL09-PR";"UOP01-DEL09-PR"
485764;2022-11-09;"quarta-feira";"17:10:00";"PI";316;27,2;"DEMERVAL LOBAO";"Acessar a via sem observar a presença dos outros veículos";"Colisão transversal";"Com Vítimas Feridas";"Pleno dia";"Crescente";"Nublado";"Simples";"Reta";"Não";4;0;2;0;2;0;2;2;-5,30982304;-42,70451509;"SPRF-PI";"DEL01-PI";"UOP02-DEL01-PI"
485765;2022-11-09;"quarta-feira";"17:55:00";"PR";277;721,5;"FOZ DO IGUACU";"Desrespeitar a preferência no cruzamento";"Colisão transversal";"Com Vítimas Feridas";"Pleno dia";"Crescente";"Céu Claro";"Dupla";"Reta";"Não";2;0;0;1;1;0;1;2;-25,4911505;-54,51185421;"SPRF-PR";"DEL05-PR";"UOP03-DEL05-PR"
485766;2022-10-31;"segunda-feira";"17:30:00";"SP";116;223;"GUARULHOS";"Manobra de mudança de faixa";"Colisão lateral mesmo sentido";"Com Vítimas Feridas";"Pleno dia";"Crescente";"Céu Claro";"Múltipla";"Reta";"Sim";1;0;1;0;0;0;1;1;-23,47559815;-46,5246609;"SPRF-SP";"DEL01-SP";"UOP01-DEL01-SP"
485767;2022-11-09;"quarta-feira";"18:00:00";"RS";116;242;"SAO LEOPOLDO";"Ausência de reação do condutor";"Colisão transversal";"Sem Vítimas";"Pleno dia";"Crescente";"Céu Claro";"Simples";"Interseção de Vias;Reta";"Sim";3;0;0;0;3;0;0;2;-29,72297087;-51,14858729;"SPRF-RS";"DEL01-RS";"UOP02-DEL01-RS"
485768;2022-11-09;"quarta-feira";"18:37:00";"PR";376;1,5;"APUCARANA";"Acessar a via sem observar a presença dos outros veículos";"Colisão transversal";"Com Vítimas Feridas";"Pleno dia";"Decrescente";"Céu Claro";"Simples";"Reta;Declive";"Sim";4;0;0;1;3;0;1;2;-23,570565;-51,429036;"SPRF-PR";"DEL07-PR";"UOP03-DEL07-PR"
485769;2022-11-09;"quarta-feira";"18:15:00";"RJ";40;45;"AREAL";"Acessar a via sem observar a presença dos outros veículos";"Colisão traseira";"Com Vítimas Feridas";"Anoitecer";"Decrescente";"Céu Claro";"Múltipla";"Reta";"Sim";4;0;1;0;3;0;1;2;-22,27821816;-43,11580971;"SPRF-RJ";"DEL05-RJ";"UOP02-DEL05-RJ"
485771;2022-11-09;"quarta-feira";"17:55:00";"DF";20;10,1;"BRASILIA";"Desrespeitar a preferência no cruzamento";"Colisão transversal";"Com Vítimas Feridas";"Anoitecer";"Crescente";"Nublado";"Dupla";"Retorno Regulamentado;Reta";"Sim";2;0;1;0;1;0;1;2;-15,650243;-47,773872;"SPRF-DF";"DEL02-DF";"UOP01-DEL02-DF"
485772;2022-11-09;"quarta-feira";"10:30:00";"MS";60;54;"PARAISO DAS AGUAS";"Falta de acostamento";"Saída de leito carroçável";"Com Vítimas Feridas";"Pleno dia";"Decrescente";"Céu Claro";"Simples";"Reta";"Não";1;0;0;1;0;0;1;1;-18,98604184;-52,95362803;"SPRF-MS";"DEL08-MS";"UOP01-DEL08-MS"
485773;2022-11-09;"quarta-feira";"19:10:00";"CE";116;4,8;"FORTALEZA";"Velocidade Incompatível";"Colisão traseira";"Com Vítimas Feridas";"Plena Noite";"Crescente";"Céu Claro";"Múltipla";"Reta";"Sim";2;0;1;0;1;0;1;2;-3,7867209;-38,5114568;"SPRF-CE";"DEL01-CE";"UOP02-DEL01-CE"
485776;2022-11-09;"quarta-feira";"17:40:00";"SC";101;390,4;"CRICIUMA";"Velocidade Incompatível";"Colisão com objeto";"Com Vítimas Feridas";"Pleno dia";"Decrescente";"Céu Claro";"Múltipla";"Curva";"Não";1;0;1;0;0;0;1;1;-28,79513029;-49,35435084;"SPRF-SC";"DEL02-SC";"UOP02-DEL02-SC"