"id";"data_inversa";"dia_semana";"horario";"uf";"br";"km";"municipio";"causa_acidente";"tipo_acidente";"classificacao_acidente";"fase_dia";"sentido_via";"condicao_metereologica";"tipo_pista";"tracado_via";"uso_solo";"pessoas";"mortos";"feridos_leves";"feridos_graves";"ilesos";"ignorados";"feridos";"veiculos";"latitude";"longitude";"regional";"delegacia";"uop"
485777;2022-11-09;"quarta-feira";"19:14:00";"DF";20;11,5;"BRASILIA";"Condutor deixou de manter distância do veículo da frente";"Colisão traseira";"Com Vítimas Feridas";"Plena Noite";"Decrescente";"Nublado";"Dupla";"Interseção de Vias";"Sim";2;0;1;0;1;0;1;2;-15,64654;-47,766422;"SPRF-DF";"DEL02-DF";"UOP01-DEL02-DF"
485778;2022-11-09;"quarta-feira";"17:35:00";"RJ";40;119;"DUQUE DE CAXIAS";"Reação tardia ou ineficiente do condutor";"Colisão traseira";"Com Vítimas Feridas";"Pleno dia";"Decrescente";"Céu Claro";"Múltipla";"Reta";"Sim";2;0;1;0;1;0;1;2;-22,76375592;-43,28683062;"SPRF-RJ";"DEL01-RJ";"UOP01-DEL01-RJ"
485779;2022-11-09;"quarta-feira";"19:55:00";"RS";116;524,8;"PELOTAS";"Acessar a via sem observar a presença dos outros veículos";"Colisão traseira";"Sem Vítimas";"Plena Noite";"Crescente";"Céu Claro";"Simples";"Interseção de Vias";"Não";2;0;0;0;2;0;0;2;-31,72863738;-52,38746675;"SPRF-RS";"DEL07-RS";"UOP01-DEL07-RS"
485780;2022-11-04;"sexta-feira";"19:15:00";"SC";470;96,9;"APIUNA";"Reação tardia ou ineficiente do condutor";"Colisão traseira";"Com Vítimas Feridas";"Plena Noite";"Crescente";"Céu Claro";"Simples";"Curva";"Sim";5;0;2;0;0;3;2;3;-27,020767;-49,371342;"SPRF-SC";"DEL04-SC";"UOP01-DEL04-SC"
485781;2022-10-21;"sexta-feira";"08:30:00";"SC";282;432;"VARGEM BONITA";"Ultrapassagem Indevida";"Colisão lateral mesmo sentido";"Com Vítimas Feridas";"Pleno dia";"Crescente";"Garoa/Chuvisco";"Simples";"Reta";"Não";2;0;0;1;1;0;1;2;-26,981241;-51,814842;"SPRF-SC";"DEL07-SC";"UOP05-DEL07-SC"
485782;2022-11-09;"quarta-feira";"19:00:00";"MG";50;55,3;"UBERLANDIA";"Ausência de reação do condutor";"Saída de leito carroçável";"Com Vítimas Feridas";"Plena Noite";"Crescente";"Céu Claro";"Dupla";"Declive;Reta";"Não";2;0;1;0;1;0;1;1;-18,77290538;-48,24124319;"SPRF-MG";"DEL15-MG";"UOP02-DEL15-MG"
485783;2022-11-09;"quarta-feira";"17:30:00";"GO";60;163;"GOIANIA";"Ausência de reação do condutor";"Colisão traseira";"Com Vítimas Feridas";"Anoitecer";"Crescente";"Chuva";"Dupla";"Reta";"Sim";2;0;1;0;1;0;1;2;-16,7002;-49,3335;"SPRF-GO";"DEL01-GO";"UOP02-DEL01-GO"
485784;2022-11-09;"quarta-feira";"17:30:00";"GO";60;163,7;"GOIANIA";"Condutor deixou de manter distância do veículo da frente";"Colisão traseira";"Com Vítimas Feridas";"Pleno dia";"Crescente";"Chuva";"Dupla";"Reta";"Sim";2;0;0;1;1;0;1;2;-16,7002;-49,3335;"SPRF-GO";"DEL01-GO";"UOP02-DEL01-GO"
485787;2022-11-09;"quarta-feira";"20:30:00";"SC";101;198;"BIGUACU";"Demais falhas mecânicas ou elétricas";"Queda de ocupante de veículo";"Com Vítimas Feridas";"Plena Noite";"Crescente";"Nublado";"Múltipla";"Reta";"Não";1;0;1;0;0;0;1;1;-27,52658712;-48,63506019;"SPRF-SC";"DEL01-SC";"UOP01-DEL01-SC"
485789;2022-11-09;"quarta-feira";"15:30:00";"RJ";493;99;"SEROPEDICA";"Acumulo de água sobre o pavimento";"Saída de leito carroçável";"Com Vítimas Feridas";"Pleno dia";"Decrescente";"Chuva";"Dupla";"Reta";"Não";1;0;1;0;0;0;1;1;-22,73715349;-43,71979237;"SPRF-RJ";"DEL03-RJ";"UOP01-DEL03-RJ"
485791;2022-11-09;"quarta-feira";"19:20:00";"SC";282;578;"PINHALZINHO";"Ingestão de álcool pelo condutor";"Colisão frontal";"Com Vítimas Feridas";"Anoitecer";"Decrescente";"Céu Claro";"Simples";"Reta";"Sim";3;0;1;0;2;0;1;2;-26,86343376;-52,97401428;"SPRF-SC";"DEL07-SC";"UOP02-DEL07-SC"
485793;2022-11-09;"quarta-feira";"19:50:00";"GO";20;7,9;"FORMOSA";"Velocidade Incompatível";"Saída de leito carroçável";"Com Vítimas Fatais";"Plena Noite";"Decrescente";"Céu Claro";"Simples";"Em Obras;Curva";"Não";1;1;0;0;0;0;0;1;-15,547604;-47,291592;"SPRF-DF";"DEL02-DF";"UOP02-DEL02-DF"
485797;2022-11-09;"quarta-feira";"09:50:00";"MG";116;413;"GOVERNADOR VALADARES";"Desrespeitar a preferência no cruzamento";"Colisão transversal";"Com Vítimas Feridas";"Pleno dia";"Decrescente";"Céu Claro";"Simples";"Interseção de Vias";"Sim";2;0;0;1;1;0;1;2;-18,873907;-41,966366;"SPRF-MG";"DEL06-MG";"UOP01-DEL06-MG"
485798;2022-11-09;"quarta-feira";"20:40:00";"RJ";116;316,7;"ITATIAIA";"Pista esburacada";"Tombamento";"Com Vítimas Feridas";"Plena Noite";"Crescente";"Garoa/Chuvisco";"Simples";"Reta";"Não";1;0;1;0;0;0;1;1;-22,46560057;-44,49102813;"SPRF-RJ";"DEL07-RJ";"UOP02-DEL07-RJ"
485799;2022-11-09;"quarta-feira";"19:00:00";"MG";40;276,3;"TRES MARIAS";"Ingestão de álcool ou de substâncias psicoativas pelo pedestre";"Atropelamento de Pedestre";"Com Vítimas Feridas";"Plena Noite";"Crescente";"Céu Claro";"Simples";"Aclive;Reta";"Sim";3;0;1;1;1;0;2;2;-18,20602828;-45,23123233;"SPRF-MG";"DEL14-MG";"UOP02-DEL14-MG"
485802;2022-11-09;"quarta-feira";"21:40:00";"DF";60;6,5;"BRASILIA";"Ausência de reação do condutor";"Saída de leito carroçável";"Sem Vítimas";"Plena Noite";"Crescente";"Céu Claro";"Dupla";"Reta";"Sim";2;0;0;0;2;0;0;1;-15,897939;-48,113056;"SPRF-DF";"DEL03-DF";"UOP01-DEL03-DF"
485803;2022-11-09;"quarta-feira";"20:30:00";"PR";376;140,6;"NOVA ESPERANCA";"Transitar na contramão";"Colisão frontal";"Com Vítimas Fatais";"Plena Noite";"Crescente";"Céu Claro";"Dupla";"Reta";"Não";2;1;0;0;1;0;0;2;-23,240108;-52,171955;"SPRF-PR";"DEL09-PR";"UOP02-DEL09-PR"
485804;2022-10-14;"sexta-feira";"19:31:00";"MG";40;652;"CRISTIANO OTONI";"Reação tardia ou ineficiente do condutor";"Colisão frontal";"Com Vítimas Feridas";"Plena Noite";"Crescente";"Céu Claro";"Simples";"Reta";"Não";5;0;5;0;0;0;5;2;-20,84062503;-43,79907712;"SPRF-MG";"DEL05-MG";"UOP02-DEL05-MG"
485805;2022-11-09;"quarta-feira";"22:00:00";"CE";116;5;"FORTALEZA";"Reação tardia ou ineficiente do condutor";"Colisão traseira";"Com Vítimas Feridas";"Plena Noite";"Decrescente";"Céu Claro";"Dupla";"Reta";"Sim";2;0;0;1;1;0;1;2;-3,79467116;-38,50772734;"SPRF-CE";"DEL01-CE";"UOP02-DEL01-CE"
485806;2022-11-09;"quarta-feira";"21:15:00";"SP";116;280,2;"EMBU DAS ARTES";"Acessar a via sem observar a presença dos outros veículos";"Colisão com objeto";"Com Vítimas Feridas";"Plena Noite";"Crescente";"Céu Claro";"Dupla";"Reta";"Sim";1;0;1;0;0;0;1;1;-23,66996108;-46,85590758;"SPRF-SP";"DEL04-SP";"UOP01-DEL04-SP"
485807;2022-11-09;"quarta-feira";"08:20:00";"RJ";101;437;"MANGARATIBA";"Reação tardia ou ineficiente do condutor";"Queda de ocupante de veículo";"Com Vítimas Feridas";"Pleno dia";"Crescente";"Céu Claro";"Simples";"Curva";"Não";1;0;1;0;0;0;1;1;-22,94811517;-44,06549304;"SPRF-RJ";"DEL03-RJ";"UOP02-DEL03-RJ"
485808;2022-11-09;"quarta-feira";"22:40:00";"RS";472;152,2;"SANTA ROSA";"Ausência de reação do condutor";"Colisão traseira";"Com Vítimas Fatais";"Plena Noite";"Crescente";"Céu Claro";"Simples";"Reta";"Não";3;2;0;1;0;0;1;2;-27,81846814;-54,40299869;"SPRF-RS";"DEL10-RS";"UOP01-DEL10-RS"
485809;2022-11-09;"quarta-feira";"22:30:00";"SP";116;222,9;"GUARULHOS";"Ausência de reação do condutor";"Colisão traseira";"Com Vítimas Feridas";"Plena Noite";"Crescente";"Céu Claro";"Múltipla";"Reta";"Sim";3;0;2;0;1;0;2;2;-23,47093408;-46,51631097;"SPRF-SP";"DEL01-SP";"UOP01-DEL01-SP"
485813;2022-11-09;"quarta-feira";"20:50:00";"MG";365;749;"ITUIUTABA";"Demais falhas mecânicas ou elétricas";"Incêndio";"Sem Vítimas";"Plena Noite";"Decrescente";"Céu Claro";"Simples";"Reta";"Não";1;0;0;0;1;0;0;1;-18,93906;-49,44256;"SPRF-MG";"DEL15-MG";"UOP03-DEL15-MG"
485814;2022-11-09;"quarta-feira";"18:30:00";"PI";343;14;"PARNAIBA";"Condutor deixou de manter distância do veículo da frente";"Colisão traseira";"Com Vítimas Feridas";"Plena Noite";"Crescente";"Céu Claro";"Dupla";"Reta";"Sim";3;0;2;0;0;1;2;2;-2,927902;-41,753502;"SPRF-PI";"DEL05-PI";"UOP01-DEL05-PI"
485815;2022-11-09;"quarta-feira";"22:05:00";"MS";163;810;"SONORA";"Animais na Pista";"Atropelamento de Animal";"Com Vítimas Feridas";"Plena Noite";"Decrescente";"Céu Claro";"Simples";"Reta";"Não";1;0;1;0;0;0;1;1;-17,83386495;-54,71761395;"SPRF-MS";"DEL06-MS";"UOP01-DEL06-MS"
485816;2022-11-09;"quarta-feira";"21:25:00";"RJ";40;102;"DUQUE DE CAXIAS";"Transitar na contramão";"Colisão frontal";"Com Vítimas Feridas";"Plena Noite";"Decrescente";"Nublado";"Dupla";"Curva";"Não";2;0;1;0;1;0;1;2;-22,61032655;-43,28415871;"SPRF-RJ";"DEL01-RJ";"UOP01-DEL01-RJ"
485817;2022-11-09;"quarta-feira";"19:10:00";"RO";364;546;"ALTO PARAISO";"Reação tardia ou ineficiente do condutor";"Colisão traseira";"Sem Vítimas";"Plena Noite";"Decrescente";"Vento";"Simples";"Declive";"Não";3;0;0;0;3;0;0;3;-9,67581015;-63,1014417;"SPRF-RO";"DEL03-RO";"UOP01-DEL03-RO"
485818;2022-11-09;"quarta-feira";"23:50:00";"RS";116;147,7;"CAXIAS DO SUL";"Retorno proibido";"Colisão transversal";"Com Vítimas Feridas";"Plena Noite";"Decrescente";"Céu Claro";"Dupla";"Interseção de Vias";"Sim";2;0;1;0;1;0;1;2;-29,15186548;-51,14751183;"SPRF-RS";"DEL05-RS";"UOP01-DEL05-RS"
485819;2022-11-09;"quarta-feira";"23:10:00";"GO";50;96,1;"CRISTALINA";"Conversão proibida";"Colisão transversal";"Com Vítimas Feridas";"Plena Noite";"Decrescente";"Céu Claro";"Simples";"Reta";"Sim";2;0;0;1;1;0;1;2;-16,9309;-47,7117;"SPRF-DF";"DEL01-DF";"UOP02-DEL01-DF"
485822;2022-11-10;"quinta-feira";"00:50:00";"BA";101;678,3;"ITAGIMIRIM";"Ausência de reação do condutor";"Capotamento";"Com Vítimas Feridas";"Plena Noite";"Crescente";"Céu Claro";"Simples";"Reta";"Não";3;0;2;1;0;0;3;1;-16,06754448;-39,6226663;"SPRF-BA";"DEL09-BA";"UOP01-DEL09-BA"
485823;2022-11-09;"quarta-feira";"13:15:00";"BA";101;48;"ITABUNA";"Conversão proibida";"Engavetamento";"Sem Vítimas";"Pleno dia";"Decrescente";"Chuva";"Simples";"Reta";"Sim";5;0;0;0;5;0;0;4;-14,81903014;-39,30407166;"SPRF-SE";"DEL02-SE";"UOP03-DEL02-SE"
485824;2022-11-10;"quinta-feira";"02:30:00";"RJ";40;24;"TRES RIOS";"Velocidade Incompatível";"Capotamento";"Com Vítimas Feridas";"Pleno dia";"Crescente";"Chuva";"Dupla";"Curva";"Não";3;0;1;0;2;0;1;1;-22,13812601;-43,1592825;"SPRF-RJ";"DEL05-RJ";"UOP02-DEL05-RJ"
485825;2022-11-09;"quarta-feira";"13:55:00";"BA";415;49;"ITABUNA";"Ingestão de álcool pelo condutor";"Colisão traseira";"Com Vítimas Feridas";"Pleno dia";"Crescente";"Chuva";"Simples";"Reta";"Sim";3;0;0;1;2;0;1;2;-14,827199;-39,314963;"SPRF-BA";"DEL05-BA";"UOP01-DEL05-BA"
485828;2022-11-09;"quarta-feira";"20:30:00";"RS";153;2;"CACHOEIRA DO SUL";"Acessar a via sem observar a presença dos outros veículos";"Colisão frontal";"Com Vítimas Feridas";"Plena Noite";"Crescente";"Céu Claro";"Simples";"Reta";"Sim";2;0;1;0;1;0;1;2;-30,003869;-52,908006;"SPRF-RS";"DEL02-RS";"UOP03-DEL02-RS"
485830;2022-11-10;"quinta-feira";"03:40:00";"PR";277;680,6;"SAO MIGUEL DO IGUACU";"Problema na suspensão";"Saída de leito carroçável";"Com Vítimas Feridas";"Plena Noite";"Decrescente";"Céu Claro";"Dupla";"Reta";"Não";1;0;1;0;0;0;1;1;-25,32254101;-54,16501799;"SPRF-PR";"DEL05-PR";"UOP01-DEL05-PR"
485831;2022-11-10;"quinta-feira";"05:10:00";"PR";373;194,3;"PONTA GROSSA";"Transitar na contramão";"Colisão frontal";"Com Vítimas Fatais";"Amanhecer";"Crescente";"Céu Claro";"Simples";"Curva";"Não";3;1;1;1;0;0;2;2;-25,07808481;-50,36582311;"SPRF-PR";"DEL03-PR";"UOP01-DEL03-PR"
485834;2022-11-10;"quinta-feira";"05:40:00";"PR";116;122;"FAZENDA RIO GRANDE";"Manobra de mudança de faixa";"Colisão com objeto";"Com Vítimas Feridas";"Pleno dia";"Decrescente";"Céu Claro";"Dupla";"Reta";"Sim";1;0;1;0;0;0;1;1;-25,605963;-49,318559;"SPRF-PR";"DEL01-PR";"UOP03-DEL01-PR"
485835;2022-11-10;"quinta-feira";"06:15:00";"PR";277;72;"SAO JOSE DOS PINHAIS";"Reação tardia ou ineficiente do condutor";"Atropelamento de Pedestre";"Com Vítimas Feridas";"Amanhecer";"Decrescente";"Céu Claro";"Dupla";"Reta";"Sim";2;0;1;0;1;0;1;2;-25,49164805;-49,17306662;"SPRF-PR";"DEL01-PR";"UOP01-DEL01-PR"
485836;2022-11-10;"quinta-feira";"05:30:00";"RJ";40;115;"DUQUE DE CAXIAS";"Condutor deixou de manter distância do veículo da frente";"Engavetamento";"Com Vítimas Feridas";"Amanhecer";"Crescente";"Céu Claro";"Múltipla";"Reta";"Sim";4;0;1;0;3;0;1;3;-22,72756999;-43,2891609;"SPRF-RJ";"DEL01-RJ";"UOP01-DEL01-RJ"
485838;2022-11-10;"quinta-feira";"06:00:00";"PR";476;138;"CURITIBA";"Desrespeitar a preferência no cruzamento";"Colisão transversal";"Com Vítimas Feridas";"Pleno dia";"Crescente";"Céu Claro";"Dupla";"Reta";"Sim";2;0;1;0;1;0;1;2;-25,505564;-49,283417;"SPRF-PR";"DEL01-PR";"UOP03-DEL01-PR"
485839;2022-11-10;"quinta-feira";"05:00:00";"PE";104;16,9;"TAQUARITINGA DO NORTE";"Ausência de reação do condutor";"Atropelamento de Pedestre";"Com Vítimas Fatais";"Pleno dia";"Crescente";"Céu Claro";"Simples";"Reta";"Não";2;1;0;0;0;1;0;2;-7,923709;-36,116184;"SPRF-PE";"DEL02-PE";"UOP01-DEL02-PE"
485840;2022-11-10;"quinta-feira";"07:10:00";"RJ";116;184;"NOVA IGUACU";"Condutor deixou de manter distância do veículo da frente";"Colisão traseira";"Com Vítimas Feridas";"Pleno dia";"Decrescente";"Céu Claro";"Múltipla";"Reta";"Sim";4;0;1;0;3;0;1;3;-22,74647215;-43,44594311;"SPRF-RJ";"DEL01-RJ";"UOP02-DEL01-RJ"
485841;2022-11-10;"quinta-feira";"06:40:00";"SE";101;90,4;"NOSSA SENHORA DO SOCORRO";"Ausência de reação do condutor";"Colisão traseira";"Sem Vítimas";"Pleno dia";"Decrescente";"Céu Claro";"Dupla";"Reta";"Não";2;0;0;0;2;0;0;2;-10,89849802;-37,13176324;"SPRF-SE";"DEL01-SE";"UOP01-DEL01-SE"
485844;2022-11-10;"quinta-feira";"06:35:00";"MG";381;943,5;"EXTREMA";"Manobra de mudança de faixa";"Colisão transversal";"Com Vítimas Feridas";"Pleno dia";"Crescente";"Céu Claro";"Dupla";"Reta";"Sim";2;0;1;0;1;0;1;2;-22,87165768;-46,36116743;"SPRF-MG";"DEL16-MG";"UOP03-DEL16-MG"
485848;2022-11-10;"quinta-feira";"07:20:00";"PR";277;711,4;"SANTA TEREZINHA DE ITAIPU";"Reação tardia ou ineficiente do condutor";"Saída de leito carroçável";"Com Vítimas Feridas";"Pleno dia";"Crescente";"Céu Claro";"Dupla";"Reta";"Não";4;0;1;0;3;0;1;1;-25,45408037;-54,42224885;"SPRF-PR";"DEL05-PR";"UOP01-DEL05-PR"
485849;2022-11-10;"quinta-feira";"07:45:00";"ES";101;309,9;"VIANA";"Demais falhas mecânicas ou elétricas";"Incêndio";"Sem Vítimas";"Pleno dia";"Decrescente";"Céu Claro";"Dupla";"Reta";"Não";1;0;0;0;1;0;0;1;-20,42502207;-40,45968533;"SPRF-ES";"DEL01-ES";"UOP01-DEL01-ES"
485850;2022-11-10;"quinta-feira";"07:00:00";"RN";110;46;"MOSSORO";"Condutor deixou de manter distância do veículo da frente";"Colisão traseira";"Com Vítimas Feridas";"Pleno dia";"Crescente";"Céu Claro";"Simples";"Reta";"Sim";2;0;1;0;0;1;1;2;-5,19797675;-37,31839819;"SPRF-RN";"DEL04-RN";"UOP01-DEL04-RN"
485852;2022-11-10;"quinta-feira";"06:30:00";"RJ";356;64;"ITAPERUNA";"Curva acentuada";"Colisão com objeto";"Com Vítimas Feridas";"Pleno dia";"Crescente";"Céu Claro";"Simples";"Curva";"Não";1;0;1;0;0;0;1;1;-21,343659;-41,714185;"SPRF-RJ";"DEL08-RJ";"UOP03-DEL08-RJ"
485854;2022-11-09;"quarta-feira";"10:50:00";"RJ";493;73;"NOVA IGUACU";"Ausência de reação do condutor";"Saída de leito carroçável";"Com Vítimas Feridas";"Pleno dia";"Decrescente";"Céu Claro";"Dupla";"Reta";"Não";1;0;1;0;0;0;1;1;-22,68759741;-43,50203991;"SPRF-RJ";"DEL01-RJ";"UOP03-DEL01-RJ"
485855;2022-11-10;"quinta-feira";"08:20:00";"GO";153;503;"APARECIDA DE GOIANIA";"Manobra de mudança de faixa";"Colisão lateral mesmo sentido";"Sem Vítimas";"Pleno dia";"Crescente";"Céu Claro";"Dupla";"Reta";"Sim";2;0;0;0;0;2;0;1;-16,7366;-49,243;"SPRF-GO";"DEL01-GO";"UOP01-DEL01-GO"
485857;2022-11-10;"quinta-feira";"08:50:00";"PE";101;68,5;"RECIFE";"Manobra de mudança de faixa";"Colisão lateral mesmo sentido";"Com Vítimas Feridas";"Pleno dia";"Decrescente";"Céu Claro";"Dupla";"Reta";"Sim";2;0;1;0;1;0;1;2;-8,05074296;-34,94580619;"SPRF-PE";"DEL01-PE";"UOP01-DEL01-PE"
485858;2022-10-08;"sábado";"09:30:00";"SC";282;26;"SANTO AMARO DA IMPERATRIZ";"Transitar na contramão";"Colisão frontal";"Com Vítimas Feridas";"Pleno dia";"Crescente";"Céu Claro";"Simples";"Curva";"Sim";2;0;0;1;1;0;1;2;-27,680267;-48,762482;"SPRF-SC";"DEL01-SC";"UOP03-DEL01-SC"
485860;2022-11-10;"quinta-feira";"07:30:00";"TO";153;349;"GUARAI";"Reação tardia ou ineficiente do condutor";"Colisão traseira";"Com Vítimas Feridas";"Pleno dia";"Crescente";"Céu Claro";"Simples";"Reta";"Não";2;0;0;1;1;0;1;2;-8,96953304;-48,49501569;"SPRF-TO";"DEL02-TO";"UOP02-DEL02-TO"
485862;2022-11-10;"quinta-feira";"09:29:00";"MG";381;477,1;"CONTAGEM";"Trafegar com motocicleta (ou similar) entre as faixas";"Colisão lateral mesmo sentido";"Com Vítimas Feridas";"Pleno dia";"Decrescente";"Céu Claro";"Dupla";"Reta";"Sim";4;0;1;0;3;0;1;2;-19,95803;-44,0304;"SPRF-MG";"DEL01-MG";"UOP03-DEL01-MG"
485864;2022-11-10;"quinta-feira";"09:40:00";"ES";101;312;"VIANA";"Condutor deixou de manter distância do veículo da frente";"Colisão lateral mesmo sentido";"Com Vítimas Feridas";"Pleno dia";"Decrescente";"Céu Claro";"Dupla";"Reta";"Não";2;0;1;0;0;1;1;2;-20,443811;-40,460402;"SPRF-ES";"DEL01-ES";"UOP01-DEL01-ES"
485865;2022-11-10;"quinta-feira";"09:45:00";"SC";101;30;"JOINVILLE";"Velocidade Incompatível";"Colisão traseira";"Com Vítimas Feridas";"Pleno dia";"Decrescente";"Céu Claro";"Dupla";"Aclive;Reta";"Não";2;0;0;1;1;0;1;2;-26,216931;-48,91612807;"SPRF-SC";"DEL03-SC";"UOP01-DEL03-SC"
485866;2022-11-10;"quinta-feira";"10:30:00";"SC";101;203;"SAO JOSE";"Manobra de mudança de faixa";"Colisão lateral mesmo sentido";"Com Vítimas Feridas";"Pleno dia";"Crescente";"Céu Claro";"Dupla";"Declive;Reta";"Não";2;0;1;0;1;0;1;2;-27,5641107;-48,6146548;"SPRF-SC";"DEL01-SC";"UOP01-DEL01-SC"
485868;2022-11-10;"quinta-feira";"10:40:00";"PI";343;266;"CAMPO MAIOR";"Ingestão de álcool pelo condutor";"Colisão lateral sentido oposto";"Com Vítimas Feridas";"Pleno dia";"Decrescente";"Céu Claro";"Simples";"Reta";"Sim";2;0;1;0;1;0;1;2;-4,840245;-42,174171;"SPRF-PI";"DEL01-PI";"UOP03-DEL01-PI"
485869;2022-11-10;"quinta-feira";"10:40:00";"RS";386;419,8;"MONTENEGRO";"Ingestão de álcool pelo condutor";"Colisão lateral mesmo sentido";"Com Vítimas Feridas";"Pleno dia";"Crescente";"Céu Claro";"Dupla";"Reta";"Não";2;0;2;0;0;0;2;2;-29,81629558;-51,41721725;"SPRF-RS";"DEL01-RS";"UOP01-DEL01-RS"
485870;2022-11-10;"quinta-feira";"09:11:00";"PE";232;317;"CUSTODIA";"Acesso irregular";"Saída de leito carroçável";"Sem Vítimas";"Pleno dia";"Decrescente";"Céu Claro";"Simples";"Curva";"Não";2;0;0;0;2;0;0;2;-8,13067634;-37,51659905;"SPRF-PE";"DEL04-PE";"UOP02-DEL04-PE"
485871;2022-11-10;"quinta-feira";"10:20:00";"PE";232;35,8;"MORENO";"Avarias e/ou desgaste excessivo no pneu";"Tombamento";"Sem Vítimas";"Pleno dia";"Decrescente";"Céu Claro";"Dupla";"Reta";"Sim";1;0;0;0;1;0;0;1;-8,10907341;-35,19256991;"SPRF-PE";"DEL01-PE";"UOP01-DEL01-PE"
485872;2022-11-10;"quinta-feira";"11:15:00";"BA";324;597;"CANDEIAS";"Demais falhas mecânicas ou elétricas";"Incêndio";"Sem Vítimas";"Pleno dia";"Crescente";"Céu Claro";"Dupla";"Reta";"Não";2;0;0;0;2;0;0;1;-12,72850579;-38,44885046;"SPRF-BA";"DEL01-BA";"UOP01-DEL01-BA"
485874;2022-11-10;"quinta-feira";"10:30:00";"SP";116;275;"EMBU DAS ARTES";"Ausência de reação do condutor";"Colisão traseira";"Com Vítimas Feridas";"Pleno dia";"Crescente";"Céu Claro";"Dupla";"Reta";"Sim";2;0;1;0;1;0;1;2;-23,63638826;-46,83251584;"SPRF-SP";"DEL04-SP";"UOP01-DEL04-SP"
485876;2022-11-10;"quinta-feira";"10:51:00";"PI";316;33,5;"DEMERVAL LOBAO";"Transitar no acostamento";"Colisão transversal";"Com Vítimas Feridas";"Pleno dia";"Crescente";"Céu Claro";"Simples";"Reta";"Sim";2;0;0;1;1;0;1;2;-5,365117;-42,673894;"SPRF-PI";"DEL01-PI";"UOP02-DEL01-PI"
485879;2022-11-10;"quinta-feira";"11:15:00";"PR";116;144;"MANDIRITUBA";"Ausência de reação do condutor";"Colisão traseira";"Sem Vítimas";"Pleno dia";"Crescente";"Céu Claro";"Dupla";"Aclive;Reta";"Não";2;0;0;0;2;0;0;2;-25,797672;-49,329087;"SPRF-PR";"DEL01-PR";"UOP03-DEL01-PR"
485881;2022-11-10;"quinta-feira";"12:25:00";"ES";101;140;"LINHARES";"Conversão proibida";"Colisão transversal";"Com Vítimas Feridas";"Pleno dia";"Decrescente";"Nublado";"Dupla";"Reta";"Sim";2;0;2;0;0;0;2;2;-19,31817306;-40,07552313;"SPRF-ES";"DEL04-ES";"UOP01-DEL04-ES"
485882;2022-11-10;"quinta-feira";"12:00:00";"SP";381;87,2;"GUARULHOS";"Manobra de mudança de faixa";"Tombamento";"Com Vítimas Feridas";"Pleno dia";"Decrescente";"Céu Claro";"Múltipla";"Reta";"Sim";1;0;1;0;0;0;1;1;-23,46885001;-46,56996601;"SPRF-SP";"DEL03-SP";"UOP01-DEL03-SP"
485883;2022-11-10;"quinta-feira";"12:30:00";"PR";476;159,4;"ARAUCARIA";"Acessar a via sem observar a presença dos outros veículos";"Colisão transversal";"Com Vítimas Fatais";"Pleno dia";"Crescente";"Céu Claro";"Simples";"Aclive;Reta;Interseção de Vias";"Sim";4;1;1;1;1;0;2;2;-25,617157;-49,43169;"SPRF-PR";"DEL01-PR";"UOP06-DEL01-PR"
485885;2022-11-10;"quinta-feira";"12:10:00";"SC";101;134;"BALNEARIO CAMBORIU";"Acessar a via sem observar a presença dos outros veículos";"Colisão transversal";"Com Vítimas Feridas";"Pleno dia";"Crescente";"Céu Claro";"Simples";"Reta";"Sim";2;0;0;1;1;0;1;2;-27,00218;-48,636433;"SPRF-SC";"DEL04-SC";"UOP03-DEL04-SC"
485888;2022-11-10;"quinta-feira";"11:05:00";"SP";116;101,1;"PINDAMONHANGABA";"Avarias e/ou desgaste excessivo no pneu";"Queda de ocupante de veículo";"Com Vítimas Feridas";"Pleno dia";"Decrescente";"Céu Claro";"Dupla";"Reta";"Não";1;0;0;1;0;0;1;1;-22,99074204;-45,48115098;"SPRF-SP";"DEL08-SP";"UOP01-DEL08-SP"
485890;2022-11-10;"quinta-feira";"13:10:00";"PE";101;95;"CABO DE SANTO AGOSTINHO";"Velocidade Incompatível";"Capotamento";"Sem Vítimas";"Pleno dia";"Decrescente";"Céu Claro";"Dupla";"Curva";"Não";1;0;0;0;0;1;0;1;-8,24829064;-35,00697936;"SPRF-PE";"DEL01-PE";"UOP03-DEL01-PE"
485892;2022-11-10;"quinta-feira";"14:00:00";"MG";40;43,5;"PARACATU";"Afundamento ou ondulação no pavimento";"Tombamento";"Com Vítimas Feridas";"Pleno dia";"Crescente";"Céu Claro";"Simples";"Declive";"Não";1;0;1;0;0;0;1;1;-17,22598002;-46,86163701;"SPRF-MG";"DEL14-MG";"UOP01-DEL14-MG"
485893;2022-10-30;"domingo";"23:20:00";"MS";262;211,6;"RIBAS DO RIO PARDO";"Ingestão de álcool pelo condutor";"Colisão lateral sentido oposto";"Sem Vítimas";"Plena Noite";"Crescente";"Céu Claro";"Simples";"Reta";"Não";2;0;0;0;2;0;0;2;-20,46762293;-53,55753201;"SPRF-MS";"DEL07-MS";"UOP02-DEL07-MS"
485894;2022-09-16;"sexta-feira";"20:00:00";"PA";163;970;"SANTAREM";"Reação tardia ou ineficiente do condutor";"Eventos atípicos";"Sem Vítimas";"Plena Noite";"Decrescente";"Nublado";"Simples";"Reta";"Não";5;0;0;0;0;5;0;2;-2,65771572;-54,83456847;"SPRF-PA";"DEL05-PA";"UOP01-DEL05-PA"
485895;2022-11-10;"quinta-feira";"11:25:00";"RS";290;175;"BUTIA";"Acessar a via sem observar a presença dos outros veículos";"Colisão transversal";"Com Vítimas Feridas";"Pleno dia";"Crescente";"Sol";"Simples";"Reta";"Não";2;0;1;0;1;0;1;2;-30,129343;-51,961823;"SPRF-RS";"DEL02-RS";"UOP03-DEL02-RS"