"id";"data_inversa";"dia_semana";"horario";"uf";"br";"km";"municipio";"causa_acidente";"tipo_acidente";"classificacao_acidente";"fase_dia";"sentido_via";"condicao_metereologica";"tipo_pista";"tracado_via";"uso_solo";"pessoas";"mortos";"feridos_leves";"feridos_graves";"ilesos";"ignorados";"feridos";"veiculos";"latitude";"longitude";"regional";"delegacia";"uop"
485897;2022-11-10;"quinta-feira";"14:20:00";"PE";101;72,5;"RECIFE";"Manobra de mudança de faixa";"Colisão traseira";"Com Vítimas Feridas";"Pleno dia";"Decrescente";"Céu Claro";"Dupla";"Curva";"Sim";3;0;1;1;1;0;2;2;-8,089814;-34,946729;"SPRF-PE";"DEL01-PE";"UOP01-DEL01-PE"
485898;2022-11-10;"quinta-feira";"13:45:00";"RJ";493;5;"ITABORAI";"Ausência de reação do condutor";"Colisão traseira";"Com Vítimas Feridas";"Pleno dia";"Decrescente";"Céu Claro";"Dupla";"Reta";"Sim";9;0;1;0;8;0;1;2;-22,73998606;-42,95374823;"SPRF-RJ";"DEL02-RJ";"UOP02-DEL02-RJ"
485899;2022-11-10;"quinta-feira";"14:00:00";"AL";101;135;"SAO MIGUEL DOS CAMPOS";"Acessar a via sem observar a presença dos outros veículos";"Colisão transversal";"Com Vítimas Feridas";"Pleno dia";"Decrescente";"Sol";"Simples";"Curva";"Não";3;0;1;1;1;0;2;2;-9,78834902;-36,10509283;"SPRF-AL";"DEL02-AL";"UOP01-DEL02-AL"
485900;2022-09-15;"quinta-feira";"15:20:00";"RN";101;104,4;"PARNAMIRIM";"Manobra de mudança de faixa";"Colisão lateral mesmo sentido";"Sem Vítimas";"Pleno dia";"Decrescente";"Céu Claro";"Dupla";"Curva";"Sim";4;0;0;0;3;1;0;3;-5,89496816;-35,25785208;"SPRF-RN";"DEL01-RN";"UOP01-DEL01-RN"
485905;2022-11-10;"quinta-feira";"14:30:00";"GO";60;219;"CEZARINA";"Chuva";"Capotamento";"Com Vítimas Feridas";"Pleno dia";"Decrescente";"Chuva";"Dupla";"Reta";"Não";2;0;1;0;1;0;1;1;-16,9757;-49,7408;"SPRF-GO";"DEL01-GO";"UOP02-DEL01-GO"
485906;2022-11-10;"quinta-feira";"15:25:00";"SC";101;207;"SAO JOSE";"Desrespeitar a preferência no cruzamento";"Colisão transversal";"Com Vítimas Feridas";"Pleno dia";"Decrescente";"Sol";"Múltipla";"Interseção de Vias";"Sim";3;0;2;0;1;0;2;2;-27,60001226;-48,6226467;"SPRF-SC";"DEL01-SC";"UOP01-DEL01-SC"
485907;2022-11-10;"quinta-feira";"12:45:00";"AC";364;136;"RIO BRANCO";"Acessar a via sem observar a presença dos outros veículos";"Colisão traseira";"Com Vítimas Feridas";"Pleno dia";"Crescente";"Céu Claro";"Dupla";"Reta";"Sim";2;0;1;0;1;0;1;2;-9,97662772;-67,84954548;"SPRF-AC";"DEL01-AC";"UOP01-DEL01-AC"
485909;2022-11-10;"quinta-feira";"12:00:00";"PE";101;81,8;"JABOATAO DOS GUARARAPES";"Entrada inopinada do pedestre";"Atropelamento de Pedestre";"Com Vítimas Feridas";"Pleno dia";"Crescente";"Sol";"Dupla";"Interseção de Vias";"Não";2;0;0;2;0;0;2;2;-8,1597489;-34,94024569;"SPRF-PE";"DEL01-PE";"UOP01-DEL01-PE"
485911;2022-08-15;"segunda-feira";"06:30:00";"SC";282;16,7;"PALHOCA";"Mal súbito do condutor";"Colisão frontal";"Com Vítimas Fatais";"Amanhecer";"Crescente";"Nublado";"Simples";"Reta";"Sim";7;1;1;5;0;0;6;3;-27,664429;-48,68697;"SPRF-SC";"DEL01-SC";"UOP02-DEL01-SC"
485915;2022-11-10;"quinta-feira";"14:30:00";"RJ";493;112;"ITAGUAI";"Condutor Dormindo";"Saída de leito carroçável";"Com Vítimas Feridas";"Pleno dia";"Crescente";"Nublado";"Dupla";"Reta";"Não";3;0;2;0;1;0;2;1;-22,84480467;-43,81139517;"SPRF-RJ";"DEL03-RJ";"UOP01-DEL03-RJ"
485917;2022-11-10;"quinta-feira";"15:40:00";"RN";101;167,6;"BAIA FORMOSA";"Avarias e/ou desgaste excessivo no pneu";"Colisão com objeto";"Com Vítimas Feridas";"Pleno dia";"Decrescente";"Sol";"Dupla";"Declive;Reta";"Não";2;0;2;0;0;0;2;1;-6,425729;-35,121289;"SPRF-RN";"DEL01-RN";"UOP01-DEL01-RN"
485921;2022-11-10;"quinta-feira";"16:00:00";"BA";101;191;"CONCEICAO DA FEIRA";"Desrespeitar a preferência no cruzamento";"Colisão transversal";"Com Vítimas Feridas";"Pleno dia";"Crescente";"Céu Claro";"Dupla";"Reta";"Não";3;0;2;0;1;0;2;2;-12,51890561;-38,97047268;"SPRF-BA";"DEL01-BA";"UOP03-DEL01-BA"
485924;2022-11-10;"quinta-feira";"15:00:00";"RJ";101;309;"SAO GONCALO";"Animais na Pista";"Colisão traseira";"Com Vítimas Feridas";"Pleno dia";"Decrescente";"Céu Claro";"Dupla";"Reta";"Sim";3;0;1;0;2;0;1;3;-22,79309326;-43,02479595;"SPRF-RJ";"DEL02-RJ";"UOP02-DEL02-RJ"
485925;2022-11-10;"quinta-feira";"13:30:00";"SC";101;158;"PORTO BELO";"Acessar a via sem observar a presença dos outros veículos";"Colisão transversal";"Com Vítimas Feridas";"Pleno dia";"Crescente";"Céu Claro";"Dupla";"Reta";"Não";3;0;1;1;1;0;2;2;-27,19096301;-48,61259017;"SPRF-SC";"DEL04-SC";"UOP03-DEL04-SC"
485929;2022-11-10;"quinta-feira";"12:58:00";"SC";282;504,9;"XANXERE";"Transitar na contramão";"Colisão frontal";"Com Vítimas Feridas";"Pleno dia";"Decrescente";"Céu Claro";"Simples";"Reta";"Não";3;0;0;1;2;0;1;2;-26,8853589;-52,41448402;"SPRF-SC";"DEL07-SC";"UOP01-DEL07-SC"
485930;2022-11-10;"quinta-feira";"17:40:00";"PR";469;16,9;"FOZ DO IGUACU";"Desrespeitar a preferência no cruzamento";"Colisão transversal";"Com Vítimas Feridas";"Pleno dia";"Crescente";"Nublado";"Simples";"Rotatória";"Sim";2;0;1;0;1;0;1;2;-25,58434001;-54,52444911;"SPRF-PR";"DEL05-PR";"UOP04-DEL05-PR"
485931;2022-11-10;"quinta-feira";"17:50:00";"SC";101;203;"SAO JOSE";"Reação tardia ou ineficiente do condutor";"Colisão traseira";"Com Vítimas Feridas";"Pleno dia";"Crescente";"Céu Claro";"Múltipla";"Reta";"Sim";2;0;1;0;1;0;1;2;-27,5650044;-48,61460082;"SPRF-SC";"DEL01-SC";"UOP01-DEL01-SC"
485932;2022-11-10;"quinta-feira";"17:40:00";"PI";407;422,8;"PICOS";"Ausência de reação do condutor";"Eventos atípicos";"Com Vítimas Feridas";"Plena Noite";"Decrescente";"Céu Claro";"Simples";"Interseção de Vias;Reta";"Sim";3;0;0;1;0;2;1;3;-7,086398;-41,428474;"SPRF-PI";"DEL04-PI";"UOP01-DEL04-PI"
485933;2022-11-07;"segunda-feira";"13:30:00";"PE";408;87,5;"SAO LOURENCO DA MATA";"Condutor Dormindo";"Saída de leito carroçável";"Com Vítimas Feridas";"Pleno dia";"Crescente";"Céu Claro";"Dupla";"Aclive;Reta";"Não";3;0;3;0;0;0;3;1;-7,970906;-35,089216;"SPRF-PE";"DEL01-PE";"UOP01-DEL01-PE"
485934;2022-11-10;"quinta-feira";"16:45:00";"GO";50;99;"CRISTALINA";"Acessar a via sem observar a presença dos outros veículos";"Colisão transversal";"Sem Vítimas";"Pleno dia";"Crescente";"Chuva";"Simples";"Interseção de Vias";"Sim";2;0;0;0;2;0;0;2;-16,77499346;-47,62326479;"SPRF-DF";"DEL01-DF";"UOP02-DEL01-DF"
485936;2022-11-10;"quinta-feira";"07:25:00";"PI";316;9,1;"TERESINA";"Reação tardia ou ineficiente do condutor";"Colisão com objeto";"Com Vítimas Feridas";"Pleno dia";"Decrescente";"Céu Claro";"Múltipla";"Reta";"Sim";1;0;1;0;0;0;1;1;-5,17381686;-42,76624952;"SPRF-PI";"DEL01-PI";"UOP02-DEL01-PI"
485938;2022-11-10;"quinta-feira";"17:50:00";"ES";101;268;"SERRA";"Ausência de reação do condutor";"Queda de ocupante de veículo";"Com Vítimas Feridas";"Anoitecer";"Decrescente";"Céu Claro";"Múltipla";"Reta";"Sim";1;0;1;0;0;0;1;1;-20,20842;-40,269405;"SPRF-ES";"DEL02-ES";"UOP01-DEL02-ES"
485939;2022-11-10;"quinta-feira";"18:20:00";"MG";381;482,7;"BETIM";"Ingestão de álcool pelo condutor";"Saída de leito carroçável";"Com Vítimas Feridas";"Plena Noite";"Crescente";"Céu Claro";"Múltipla";"Reta;Declive";"Sim";3;0;2;0;1;0;2;3;-19,955532;-44,097209;"SPRF-MG";"DEL01-MG";"UOP03-DEL01-MG"
485943;2022-11-10;"quinta-feira";"16:40:00";"RJ";40;67,1;"PETROPOLIS";"Velocidade Incompatível";"Saída de leito carroçável";"Com Vítimas Feridas";"Pleno dia";"Decrescente";"Chuva";"Dupla";"Reta";"Não";4;0;1;0;3;0;1;2;-22,43827201;-43,1786406;"SPRF-RJ";"DEL06-RJ";"UOP01-DEL06-RJ"
485944;2022-11-10;"quinta-feira";"18:50:00";"SC";282;5;"SAO JOSE";"Manobra de mudança de faixa";"Colisão lateral mesmo sentido";"Com Vítimas Feridas";"Anoitecer";"Crescente";"Céu Claro";"Dupla";"Reta";"Sim";2;0;0;1;1;0;1;2;-27,58796784;-48,61347198;"SPRF-SC";"DEL01-SC";"UOP01-DEL01-SC"
485948;2022-11-10;"quinta-feira";"14:25:00";"SC";101;118;"ITAJAI";"Condutor deixou de manter distância do veículo da frente";"Colisão traseira";"Com Vítimas Feridas";"Pleno dia";"Crescente";"Céu Claro";"Dupla";"Reta";"Não";2;0;1;0;1;0;1;2;-26,895859;-48,71903;"SPRF-SC";"DEL04-SC";"UOP04-DEL04-SC"
485949;2022-11-10;"quinta-feira";"18:40:00";"PR";369;150;"LONDRINA";"Reação tardia ou ineficiente do condutor";"Tombamento";"Com Vítimas Feridas";"Anoitecer";"Crescente";"Céu Claro";"Dupla";"Reta";"Sim";1;0;1;0;0;0;1;1;-23,292992;-51,160302;"SPRF-PR";"DEL07-PR";"UOP01-DEL07-PR"
485950;2022-11-10;"quinta-feira";"19:05:00";"RN";101;104;"PARNAMIRIM";"Velocidade Incompatível";"Colisão lateral mesmo sentido";"Com Vítimas Feridas";"Plena Noite";"Crescente";"Céu Claro";"Múltipla";"Viaduto;Curva";"Sim";4;0;2;0;2;0;2;2;-5,892745;-35,257225;"SPRF-RN";"DEL01-RN";"UOP01-DEL01-RN"
485951;2022-11-10;"quinta-feira";"19:30:00";"MG";381;490,1;"BETIM";"Objeto estático sobre o leito carroçável";"Colisão com objeto";"Com Vítimas Feridas";"Plena Noite";"Decrescente";"Céu Claro";"Múltipla";"Reta";"Sim";1;0;1;0;0;0;1;1;-19,95648825;-44,1475296;"SPRF-MG";"DEL01-MG";"UOP03-DEL01-MG"
485952;2022-11-09;"quarta-feira";"12:20:00";"MG";40;510,4;"RIBEIRAO DAS NEVES";"Reação tardia ou ineficiente do condutor";"Tombamento";"Com Vítimas Feridas";"Pleno dia";"Crescente";"Céu Claro";"Dupla";"Reta";"Sim";1;0;1;0;0;0;1;1;-19,77463885;-44,12321882;"SPRF-MG";"DEL01-MG";"UOP02-DEL01-MG"
485954;2022-11-10;"quinta-feira";"15:20:00";"MS";163;272;"DOURADOS";"Ingestão de álcool pelo condutor";"Colisão traseira";"Sem Vítimas";"Pleno dia";"Crescente";"Sol";"Dupla";"Reta";"Sim";2;0;0;0;2;0;0;2;-22,18380514;-54,67815788;"SPRF-MS";"DEL04-MS";"UOP01-DEL04-MS"
485955;2022-11-10;"quinta-feira";"16:50:00";"RJ";101;322;"NITEROI";"Condutor deixou de manter distância do veículo da frente";"Colisão traseira";"Com Vítimas Feridas";"Pleno dia";"Decrescente";"Nublado";"Dupla";"Curva";"Sim";2;0;1;0;1;0;1;2;-22,88057394;-43,11398864;"SPRF-RJ";"DEL02-RJ";"UOP01-DEL02-RJ"
485957;2022-11-10;"quinta-feira";"20:00:00";"PB";101;117,9;"ALHANDRA";"Transitar no acostamento";"Atropelamento de Pedestre";"Com Vítimas Feridas";"Plena Noite";"Crescente";"Céu Claro";"Dupla";"Aclive;Reta";"Não";2;0;0;1;0;1;1;2;-7,42128203;-34,96207995;"SPRF-PB";"DEL01-PB";"UOP02-DEL01-PB"
485958;2022-11-10;"quinta-feira";"19:00:00";"PI";316;273,1;"DOM EXPEDITO LOPES";"Pedestre andava na pista";"Atropelamento de Pedestre";"Com Vítimas Feridas";"Plena Noite";"Crescente";"Céu Claro";"Dupla";"Reta";"Sim";5;0;0;1;1;3;1;2;-6,94239173;-41,74061179;"SPRF-PI";"DEL04-PI";"UOP01-DEL04-PI"
485959;2022-11-10;"quinta-feira";"17:30:00";"SC";470;69,3;"INDAIAL";"Acessar a via sem observar a presença dos outros veículos";"Colisão transversal";"Com Vítimas Feridas";"Pleno dia";"Crescente";"Céu Claro";"Dupla";"Reta;Aclive";"Sim";2;0;1;0;1;0;1;2;-26,883745;-49,246704;"SPRF-SC";"DEL04-SC";"UOP01-DEL04-SC"
485960;2022-11-10;"quinta-feira";"17:55:00";"SC";470;70;"INDAIAL";"Acessar a via sem observar a presença dos outros veículos";"Colisão transversal";"Com Vítimas Feridas";"Anoitecer";"Crescente";"Céu Claro";"Simples";"Reta";"Sim";2;0;1;0;1;0;1;2;-26,889374;-49,254478;"SPRF-SC";"DEL04-SC";"UOP01-DEL04-SC"
485961;2022-11-10;"quinta-feira";"19:50:00";"RJ";101;478;"ANGRA DOS REIS";"Conversão proibida";"Colisão transversal";"Com Vítimas Feridas";"Plena Noite";"Crescente";"Céu Claro";"Simples";"Reta";"Não";2;0;1;0;1;0;1;2;-23,00246527;-44,27270594;"SPRF-RJ";"DEL03-RJ";"UOP03-DEL03-RJ"
485963;2022-11-10;"quinta-feira";"21:20:00";"SP";381;63;"MAIRIPORA";"Ausência de reação do condutor";"Colisão traseira";"Com Vítimas Feridas";"Plena Noite";"Decrescente";"Céu Claro";"Múltipla";"Reta";"Não";2;0;1;0;1;0;1;2;-23,302805;-46,572767;"SPRF-SP";"DEL03-SP";"UOP01-DEL03-SP"
485965;2022-11-10;"quinta-feira";"21:15:00";"RN";101;95,5;"NATAL";"Reação tardia ou ineficiente do condutor";"Tombamento";"Com Vítimas Feridas";"Plena Noite";"Decrescente";"Céu Claro";"Múltipla";"Reta";"Sim";1;0;1;0;0;0;1;1;-5,84288;-35,208792;"SPRF-RN";"DEL01-RN";"UOP01-DEL01-RN"
485969;2022-11-10;"quinta-feira";"13:30:00";"TO";153;772,5;"ALVORADA";"Chuva";"Saída de leito carroçável";"Com Vítimas Feridas";"Pleno dia";"Crescente";"Chuva";"Simples";"Curva";"Não";1;0;1;0;0;0;1;1;-12,57003684;-49,07919681;"SPRF-TO";"DEL01-TO";"UOP02-DEL01-TO"
485970;2022-11-10;"quinta-feira";"20:50:00";"RS";468;9,1;"PALMEIRA DAS MISSOES";"Acesso irregular";"Colisão transversal";"Com Vítimas Feridas";"Plena Noite";"Decrescente";"Céu Claro";"Simples";"Reta";"Não";2;0;2;0;0;0;2;2;-27,8471517;-53,37966904;"SPRF-RS";"DEL08-RS";"UOP01-DEL08-RS"
485973;2022-11-10;"quinta-feira";"21:25:00";"PE";428;187;"PETROLINA";"Objeto estático sobre o leito carroçável";"Saída de leito carroçável";"Com Vítimas Feridas";"Plena Noite";"Decrescente";"Céu Claro";"Dupla";"Reta";"Sim";1;0;1;0;0;0;1;1;-9,35604301;-40,47854198;"SPRF-PE";"DEL06-PE";"UOP01-DEL06-PE"
485975;2022-11-10;"quinta-feira";"22:00:00";"SP";116;227;"GUARULHOS";"Condutor deixou de manter distância do veículo da frente";"Queda de ocupante de veículo";"Com Vítimas Feridas";"Plena Noite";"Decrescente";"Céu Claro";"Dupla";"Reta";"Sim";1;0;1;0;0;0;1;1;-23,49659264;-46,55648754;"SPRF-SP";"DEL01-SP";"UOP01-DEL01-SP"
485976;2022-11-10;"quinta-feira";"20:20:00";"RJ";393;280;"VOLTA REDONDA";"Condutor deixou de manter distância do veículo da frente";"Colisão traseira";"Com Vítimas Feridas";"Plena Noite";"Decrescente";"Nublado";"Simples";"Reta";"Sim";2;0;1;0;0;1;1;2;-22,47750785;-44,01954402;"SPRF-RJ";"DEL05-RJ";"UOP04-DEL05-RJ"
485979;2022-11-10;"quinta-feira";"21:30:00";"RJ";116;303;"RESENDE";"Velocidade Incompatível";"Saída de leito carroçável";"Sem Vítimas";"Plena Noite";"Crescente";"Nublado";"Simples";"Interseção de Vias";"Sim";1;0;0;0;0;1;0;1;-22,45434989;-44,37845201;"SPRF-RJ";"DEL07-RJ";"UOP02-DEL07-RJ"
485982;2022-11-10;"quinta-feira";"22:24:00";"SC";280;69,1;"JARAGUA DO SUL";"Retorno proibido";"Colisão transversal";"Com Vítimas Feridas";"Plena Noite";"Crescente";"Céu Claro";"Simples";"Reta";"Sim";2;0;0;1;1;0;1;2;-26,46803296;-49,11833097;"SPRF-SC";"DEL03-SC";"UOP03-DEL03-SC"
485983;2022-11-10;"quinta-feira";"18:50:00";"MA";135;334;"PRESIDENTE DUTRA";"Ausência de reação do condutor";"Colisão traseira";"Com Vítimas Fatais";"Plena Noite";"Decrescente";"Ignorado";"Simples";"Reta";"Não";3;1;0;1;0;1;1;2;-5,23889204;-44,48168672;"SPRF-MA";"DEL03-MA";"UOP01-DEL03-MA"
485984;2022-11-10;"quinta-feira";"17:30:00";"RS";392;669,8;"SALVADOR DAS MISSOES";"Condutor Dormindo";"Saída de leito carroçável";"Com Vítimas Feridas";"Anoitecer";"Crescente";"Nublado";"Simples";"Curva";"Não";1;0;1;0;0;0;1;1;-28,1179;-54,8073;"SPRF-RS";"DEL10-RS";"UOP01-DEL10-RS"
485986;2022-11-10;"quinta-feira";"20:00:00";"RN";226;271,3;"TRIUNFO POTIGUAR";"Ingestão de álcool pelo condutor";"Colisão com objeto";"Com Vítimas Feridas";"Plena Noite";"Crescente";"Céu Claro";"Simples";"Reta";"Não";1;0;1;0;0;0;1;1;-5,88549607;-37,17171405;"SPRF-RN";"DEL03-RN";"UOP01-DEL03-RN"
485988;2022-11-11;"sexta-feira";"01:00:00";"SP";101;46;"UBATUBA";"Pedestre andava na pista";"Atropelamento de Pedestre";"Com Vítimas Feridas";"Plena Noite";"Decrescente";"Nublado";"Simples";"Reta";"Não";2;0;0;2;0;0;2;2;-23,42403383;-45,07492113;"SPRF-SP";"DEL06-SP";"UOP01-DEL06-SP"
485989;2022-11-10;"quinta-feira";"20:25:00";"SC";101;323,4;"PESCARIA BRAVA";"Objeto estático sobre o leito carroçável";"Tombamento";"Com Vítimas Feridas";"Plena Noite";"Decrescente";"Céu Claro";"Dupla";"Viaduto;Aclive;Curva";"Sim";1;0;0;1;0;0;1;1;-28,42789556;-48,91248313;"SPRF-SC";"DEL02-SC";"UOP01-DEL02-SC"
485990;2022-11-10;"quinta-feira";"19:50:00";"SC";101;198;"BIGUACU";"Avarias e/ou desgaste excessivo no pneu";"Tombamento";"Com Vítimas Feridas";"Anoitecer";"Decrescente";"Céu Claro";"Dupla";"Reta";"Sim";2;0;0;1;1;0;1;1;-27,52658712;-48,63506019;"SPRF-SC";"DEL01-SC";"UOP01-DEL01-SC"
485992;2022-11-10;"quinta-feira";"20:20:00";"PA";308;203;"BRAGANCA";"Pedestre andava na pista";"Atropelamento de Pedestre";"Com Vítimas Feridas";"Plena Noite";"Crescente";"Céu Claro";"Simples";"Reta";"Sim";2;0;1;0;0;1;1;2;-1,06623619;-46,76866019;"SPRF-PA";"DEL01-PA";"UOP03-DEL01-PA"
485993;2022-11-11;"sexta-feira";"02:45:00";"AP";210;3;"MACAPA";"Condutor Dormindo";"Colisão com objeto";"Sem Vítimas";"Plena Noite";"Crescente";"Céu Claro";"Dupla";"Reta";"Não";1;0;0;0;1;0;0;1;0,08723365;-51,08569007;"SPRF-AP";"DEL01-AP";"UOP01-DEL01-AP"
485998;2022-11-11;"sexta-feira";"00:30:00";"MS";60;46,5;"CHAPADAO DO SUL";"Ingestão de álcool pelo condutor";"Saída de leito carroçável";"Com Vítimas Feridas";"Plena Noite";"Decrescente";"Céu Claro";"Simples";"Reta";"Não";2;0;0;2;0;0;2;1;-18,96909638;-52,86981692;"SPRF-MS";"DEL08-MS";"UOP01-DEL08-MS"
486000;2022-11-11;"sexta-feira";"04:35:00";"SP";116;443,6;"REGISTRO";"Ausência de reação do condutor";"Saída de leito carroçável";"Com Vítimas Feridas";"Pleno dia";"Crescente";"Nublado";"Dupla";"Reta";"Sim";2;0;1;0;1;0;1;1;-24,48336513;-47,8324358;"SPRF-SP";"DEL05-SP";"UOP01-DEL05-SP"
486001;2022-11-11;"sexta-feira";"04:00:00";"SC";282;74,2;"ALFREDO WAGNER";"Demais falhas mecânicas ou elétricas";"Incêndio";"Sem Vítimas";"Plena Noite";"Crescente";"Céu Claro";"Simples";"Curva";"Não";1;0;0;0;1;0;0;1;-27,688168;-49,120075;"SPRF-SC";"DEL01-SC";"UOP03-DEL01-SC"
486003;2022-11-11;"sexta-feira";"03:30:00";"RS";116;148,3;"CAXIAS DO SUL";"Reação tardia ou ineficiente do condutor";"Colisão com objeto";"Com Vítimas Feridas";"Plena Noite";"Decrescente";"Céu Claro";"Múltipla";"Curva";"Sim";1;0;1;0;0;0;1;1;-29,15796103;-51,15162492;"SPRF-RS";"DEL05-RS";"UOP01-DEL05-RS"
486009;2022-11-11;"sexta-feira";"04:40:00";"MT";158;768,5;"BARRA DO GARCAS";"Animais na Pista";"Atropelamento de Animal";"Sem Vítimas";"Amanhecer";"Decrescente";"Céu Claro";"Simples";"Reta";"Não";1;0;0;0;1;0;0;1;-15,65273901;-52,20879576;"SPRF-MT";"DEL07-MT";"UOP01-DEL07-MT"
486010;2022-11-11;"sexta-feira";"04:50:00";"CE";222;238,4;"SOBRAL";"Reação tardia ou ineficiente do condutor";"Saída de leito carroçável";"Com Vítimas Feridas";"Amanhecer";"Decrescente";"Céu Claro";"Simples";"Reta";"Não";5;0;3;2;0;0;5;1;-3,728152;-40,471063;"SPRF-CE";"DEL04-CE";"UOP01-DEL04-CE"
486011;2022-11-11;"sexta-feira";"04:47:00";"PR";376;309,1;"ORTIGUEIRA";"Demais falhas mecânicas ou elétricas";"Colisão com objeto";"Com Vítimas Fatais";"Plena Noite";"Crescente";"Céu Claro";"Dupla";"Curva";"Não";3;1;0;2;0;0;2;1;-23,97981536;-51,08609019;"SPRF-PR";"DEL07-PR";"UOP02-DEL07-PR"
486015;2022-11-11;"sexta-feira";"06:15:00";"PI";343;343;"TERESINA";"Transitar na contramão";"Colisão frontal";"Com Vítimas Feridas";"Pleno dia";"Crescente";"Céu Claro";"Dupla";"Reta";"Sim";3;0;1;1;0;1;2;3;-5,087362;-42,757851;"SPRF-PI";"DEL01-PI";"UOP01-DEL01-PI"
486016;2022-11-11;"sexta-feira";"06:55:00";"MG";116;703;"MURIAE";"Desrespeitar a preferência no cruzamento";"Colisão transversal";"Com Vítimas Feridas";"Pleno dia";"Decrescente";"Céu Claro";"Simples";"Interseção de Vias";"Sim";2;0;1;0;1;0;1;2;-21,11184991;-42,38122079;"SPRF-MG";"DEL07-MG";"UOP02-DEL07-MG"
486017;2022-11-11;"sexta-feira";"07:05:00";"DF";20;9;"BRASILIA";"Trafegar com motocicleta (ou similar) entre as faixas";"Colisão lateral mesmo sentido";"Com Vítimas Feridas";"Pleno dia";"Decrescente";"Céu Claro";"Dupla";"Reta";"Sim";2;0;1;0;1;0;1;2;-15,654671;-47,782917;"SPRF-DF";"DEL02-DF";"UOP01-DEL02-DF"
486019;2022-11-11;"sexta-feira";"06:30:00";"RS";158;333,2;"SANTA MARIA";"Velocidade Incompatível";"Saída de leito carroçável";"Com Vítimas Feridas";"Amanhecer";"Decrescente";"Chuva";"Simples";"Curva";"Sim";1;0;1;0;0;0;1;1;-29,70822964;-53,86855245;"SPRF-RS";"DEL09-RS";"UOP01-DEL09-RS"
486020;2022-11-11;"sexta-feira";"07:10:00";"SP";153;61,1;"SAO JOSE DO RIO PRETO";"Manobra de mudança de faixa";"Colisão lateral mesmo sentido";"Com Vítimas Feridas";"Pleno dia";"Crescente";"Céu Claro";"Dupla";"Aclive";"Sim";3;0;1;0;1;1;1;3;-20,80502876;-49,35574909;"SPRF-SP";"DEL09-SP";"UOP01-DEL09-SP"
486023;2022-11-11;"sexta-feira";"07:00:00";"MS";163;485;"CAMPO GRANDE";"Ausência de reação do condutor";"Tombamento";"Com Vítimas Feridas";"Pleno dia";"Decrescente";"Chuva";"Simples";"Reta";"Sim";1;0;1;0;0;0;1;1;-20,44233707;-54,54201834;"SPRF-MS";"DEL01-MS";"UOP02-DEL01-MS"
486024;2022-11-11;"sexta-feira";"07:10:00";"RS";116;234;"ESTANCIA VELHA";"Acesso irregular";"Colisão traseira";"Com Vítimas Feridas";"Pleno dia";"Crescente";"Nublado";"Simples";"Reta";"Sim";2;0;1;0;1;0;1;2;-29,65121313;-51,1444433;"SPRF-RS";"DEL01-RS";"UOP02-DEL01-RS"
486025;2022-11-11;"sexta-feira";"07:10:00";"PR";376;185,6;"SARANDI";"Acumulo de água sobre o pavimento";"Colisão traseira";"Com Vítimas Feridas";"Pleno dia";"Decrescente";"Chuva";"Dupla";"Reta";"Sim";2;0;1;0;1;0;1;2;-23,45147413;-51,85361808;"SPRF-PR";"DEL09-PR";"UOP01-DEL09-PR"
486028;2022-11-11;"sexta-feira";"07:20:00";"RS";386;352,2;"ESTRELA";"Velocidade Incompatível";"Saída de leito carroçável";"Com Vítimas Feridas";"Pleno dia";"Decrescente";"Nublado";"Dupla";"Reta;Declive";"Sim";3;0;0;1;1;1;1;3;-29,491436;-51,95174;"SPRF-RS";"DEL04-RS";"UOP02-DEL04-RS"
486030;2022-11-11;"sexta-feira";"07:10:00";"MA";135;7;"SAO LUIS";"Desrespeitar a preferência no cruzamento";"Colisão transversal";"Com Vítimas Feridas";"Pleno dia";"Decrescente";"Céu Claro";"Dupla";"Interseção de Vias";"Sim";2;0;1;0;1;0;1;2;-2,63608835;-44,26848552;"SPRF-MA";"DEL01-MA";"UOP01-DEL01-MA"
486031;2022-11-11;"sexta-feira";"06:27:00";"MT";364;271,9;"JACIARA";"Ausência de reação do condutor";"Queda de ocupante de veículo";"Com Vítimas Feridas";"Pleno dia";"Decrescente";"Chuva";"Dupla";"Curva";"Sim";1;0;1;0;0;0;1;1;-15,96962998;-54,95363;"SPRF-MT";"DEL05-MT";"UOP02-DEL05-MT"
486033;2022-11-11;"sexta-feira";"07:45:00";"GO";153;496,1;"GOIANIA";"Manobra de mudança de faixa";"Colisão traseira";"Com Vítimas Feridas";"Pleno dia";"Crescente";"Céu Claro";"Dupla";"Viaduto";"Sim";4;0;1;1;2;0;2;3;-16,6776;-49,2314;"SPRF-GO";"DEL01-GO";"UOP01-DEL01-GO"
486036;2022-11-11;"sexta-feira";"07:30:00";"SC";101;311;"LAGUNA";"Acessar a via sem observar a presença dos outros veículos";"Colisão transversal";"Com Vítimas Feridas";"Pleno dia";"Crescente";"Nublado";"Simples";"Reta";"Não";2;0;1;0;1;0;1;2;-28,42531311;-48,80068884;"SPRF-SC";"DEL02-SC";"UOP01-DEL02-SC"
486037;2022-11-11;"sexta-feira";"09:01:00";"DF";20;16,3;"BRASILIA";"Pista Escorregadia";"Queda de ocupante de veículo";"Com Vítimas Feridas";"Pleno dia";"Crescente";"Céu Claro";"Dupla";"Declive";"Não";1;0;1;0;0;0;1;1;-15,625675;-47,725159;"SPRF-DF";"DEL02-DF";"UOP01-DEL02-DF"