"id";"data_inversa";"dia_semana";"horario";"uf";"br";"km";"municipio";"causa_acidente";"tipo_acidente";"classificacao_acidente";"fase_dia";"sentido_via";"condicao_metereologica";"tipo_pista";"tracado_via";"uso_solo";"pessoas";"mortos";"feridos_leves";"feridos_graves";"ilesos";"ignorados";"feridos";"veiculos";"latitude";"longitude";"regional";"delegacia";"uop"
486498;2022-11-13;"domingo";"05:05:00";"SP";116;269;"TABOAO DA SERRA";"Reação tardia ou ineficiente do condutor";"Colisão traseira";"Sem Vítimas";"Pleno dia";"Decrescente";"Céu Claro";"Dupla";"Reta;Interseção de Vias";"Sim";2;0;0;0;2;0;0;2;-23,61593059;-46,78826044;"SPRF-SP";"DEL04-SP";"UOP01-DEL04-SP"
486499;2022-11-13;"domingo";"04:40:00";"RS";285;325,2;"PASSO FUNDO";"Ausência de reação do condutor";"Saída de leito carroçável";"Com Vítimas Feridas";"Amanhecer";"Crescente";"Céu Claro";"Simples";"Reta";"Não";1;0;0;1;0;0;1;1;-28,268645;-52,667951;"SPRF-RS";"DEL08-RS";"UOP03-DEL08-RS"
486500;2022-11-13;"domingo";"05:00:00";"CE";116;23;"AQUIRAZ";"Reação tardia ou ineficiente do condutor";"Saída de leito carroçável";"Com Vítimas Fatais";"Amanhecer";"Decrescente";"Céu Claro";"Dupla";"Retorno Regulamentado";"Sim";1;1;0;0;0;0;0;1;-3,95231547;-38,51242304;"SPRF-CE";"DEL01-CE";"UOP02-DEL01-CE"
486501;2022-11-13;"domingo";"02:10:00";"AL";316;142;"ESTRELA DE ALAGOAS";"Condutor Dormindo";"Colisão traseira";"Com Vítimas Feridas";"Plena Noite";"Decrescente";"Céu Claro";"Simples";"Reta";"Não";6;0;2;0;4;0;2;3;-9,39355673;-36,74054595;"SPRF-AL";"DEL03-AL";"UOP01-DEL03-AL"
486502;2022-11-13;"domingo";"04:30:00";"SP";116;214;"GUARULHOS";"Ingestão de álcool pelo condutor";"Colisão com objeto";"Com Vítimas Feridas";"Amanhecer";"Decrescente";"Céu Claro";"Múltipla";"Reta";"Sim";1;0;1;0;0;0;1;1;-23,44333014;-46,44531294;"SPRF-SP";"DEL01-SP";"UOP01-DEL01-SP"
486504;2022-11-13;"domingo";"06:10:00";"RS";386;229;"SOLEDADE";"Ingestão de álcool pelo condutor";"Saída de leito carroçável";"Sem Vítimas";"Amanhecer";"Decrescente";"Sol";"Simples";"Curva";"Não";1;0;0;0;1;0;0;1;-28,68824;-52,586773;"SPRF-RS";"DEL04-RS";"UOP03-DEL04-RS"
486506;2022-11-13;"domingo";"06:05:00";"CE";222;118;"ITAPAJE";"Ingestão de álcool pelo condutor";"Saída de leito carroçável";"Com Vítimas Fatais";"Pleno dia";"Crescente";"Sol";"Simples";"Reta";"Sim";1;1;0;0;0;0;0;1;-3,72944879;-39,55644675;"SPRF-CE";"DEL04-CE";"UOP03-DEL04-CE"
486507;2022-11-13;"domingo";"06:40:00";"DF";40;1,5;"BRASILIA";"Reação tardia ou ineficiente do condutor";"Saída de leito carroçável";"Sem Vítimas";"Pleno dia";"Crescente";"Céu Claro";"Dupla";"Reta";"Sim";1;0;0;0;0;1;0;1;-15,9913556;-47,9863424;"SPRF-DF";"DEL01-DF";"UOP01-DEL01-DF"
486509;2022-11-12;"sábado";"20:20:00";"TO";226;26;"PALMEIRAS DO TOCANTINS";"Reação tardia ou ineficiente do condutor";"Queda de ocupante de veículo";"Com Vítimas Feridas";"Plena Noite";"Decrescente";"Nublado";"Simples";"Reta";"Não";1;0;0;1;0;0;1;1;-6,641345;-47,667072;"SPRF-TO";"DEL02-TO";"UOP03-DEL02-TO"
486511;2022-11-13;"domingo";"07:20:00";"ES";262;39,8;"DOMINGOS MARTINS";"Velocidade Incompatível";"Saída de leito carroçável";"Com Vítimas Feridas";"Pleno dia";"Crescente";"Céu Claro";"Simples";"Curva;Aclive";"Não";1;0;0;1;0;0;1;1;-20,3802679;-40,63000864;"SPRF-ES";"DEL01-ES";"UOP01-DEL01-ES"
486512;2022-11-13;"domingo";"04:00:00";"BA";101;738;"ITABELA";"Ingestão de álcool pelo condutor";"Saída de leito carroçável";"Sem Vítimas";"Pleno dia";"Crescente";"Céu Claro";"Simples";"Declive;Reta";"Não";1;0;0;0;0;1;0;1;-16,68294895;-39,48716295;"SPRF-BA";"DEL09-BA";"UOP01-DEL09-BA"
486515;2022-11-13;"domingo";"02:15:00";"SC";101;74,9;"ARAQUARI";"Ausência de reação do condutor";"Colisão com objeto";"Com Vítimas Feridas";"Plena Noite";"Crescente";"Céu Claro";"Múltipla";"Reta";"Não";5;0;4;0;1;0;4;1;-26,54446209;-48,71214452;"SPRF-SC";"DEL03-SC";"UOP02-DEL03-SC"
486516;2022-11-13;"domingo";"05:30:00";"MS";163;261,5;"DOURADOS";"Condutor Dormindo";"Saída de leito carroçável";"Sem Vítimas";"Pleno dia";"Crescente";"Nublado";"Dupla";"Reta";"Não";1;0;0;0;1;0;0;1;-22,23864271;-54,76552912;"SPRF-MS";"DEL04-MS";"UOP01-DEL04-MS"
486517;2022-11-13;"domingo";"06:30:00";"RN";101;142;"ARES";"Chuva";"Saída de leito carroçável";"Com Vítimas Feridas";"Pleno dia";"Crescente";"Chuva";"Dupla";"Reta";"Não";2;0;2;0;0;0;2;1;-6,22504593;-35,21580914;"SPRF-RN";"DEL01-RN";"UOP01-DEL01-RN"
486518;2022-11-13;"domingo";"05:50:00";"CE";116;0;"FORTALEZA";"Condutor Dormindo";"Colisão traseira";"Com Vítimas Feridas";"Amanhecer";"Decrescente";"Céu Claro";"Simples";"Reta";"Não";3;0;0;3;0;0;3;2;-3,754584;-38,523407;"SPRF-CE";"DEL01-CE";"UOP02-DEL01-CE"
486519;2022-11-13;"domingo";"06:30:00";"RJ";116;253;"PINHEIRAL";"Reação tardia ou ineficiente do condutor";"Colisão com objeto";"Sem Vítimas";"Amanhecer";"Decrescente";"Céu Claro";"Múltipla";"Curva";"Não";1;0;0;0;0;1;0;1;-22,58099934;-43,97818317;"SPRF-RJ";"DEL07-RJ";"UOP02-DEL07-RJ"
486521;2022-11-13;"domingo";"01:30:00";"PR";116;125;"FAZENDA RIO GRANDE";"Demais falhas mecânicas ou elétricas";"Colisão com objeto";"Sem Vítimas";"Plena Noite";"Crescente";"Céu Claro";"Dupla";"Reta";"Sim";1;0;0;0;0;1;0;1;-25,62978081;-49,31402743;"SPRF-PR";"DEL01-PR";"UOP03-DEL01-PR"
486523;2022-11-13;"domingo";"07:20:00";"RS";290;86;"PORTO ALEGRE";"Pista Escorregadia";"Eventos atípicos";"Com Vítimas Feridas";"Pleno dia";"Crescente";"Nublado";"Dupla";"Reta";"Não";1;0;1;0;0;0;1;1;-29,968412;-51,117138;"SPRF-RS";"DEL01-RS";"UOP01-DEL01-RS"
486524;2022-11-13;"domingo";"08:00:00";"SC";101;193;"BIGUACU";"Manobra de mudança de faixa";"Colisão lateral mesmo sentido";"Sem Vítimas";"Pleno dia";"Decrescente";"Céu Claro";"Dupla";"Desvio Temporário";"Sim";2;0;0;0;2;0;0;2;-27,489574;-48,655914;"SPRF-SC";"DEL01-SC";"UOP01-DEL01-SC"
486526;2022-11-13;"domingo";"03:00:00";"GO";364;323;"PORTELANDIA";"Ingestão de álcool pelo condutor";"Saída de leito carroçável";"Com Vítimas Feridas";"Plena Noite";"Decrescente";"Céu Claro";"Simples";"Ponte;Reta;Declive";"Não";3;0;2;1;0;0;3;1;-17,39863;-52,720497;"SPRF-GO";"DEL05-GO";"UOP01-DEL05-GO"
486527;2022-11-13;"domingo";"08:00:00";"SP";116;165;"JACAREI";"Ausência de reação do condutor";"Engavetamento";"Com Vítimas Feridas";"Pleno dia";"Decrescente";"Céu Claro";"Dupla";"Reta;Declive";"Sim";5;0;1;1;3;0;2;4;-23,29691791;-46,00798704;"SPRF-SP";"DEL02-SP";"UOP01-DEL02-SP"
486528;2022-11-13;"domingo";"07:40:00";"MG";262;471;"BOM DESPACHO";"Ausência de reação do condutor";"Saída de leito carroçável";"Com Vítimas Feridas";"Pleno dia";"Decrescente";"Sol";"Simples";"Declive;Reta";"Não";1;0;0;1;0;0;1;1;-19,78632286;-45,16679393;"SPRF-MG";"DEL08-MG";"UOP03-DEL08-MG"
486529;2022-11-13;"domingo";"06:50:00";"MG";262;407,9;"PARA DE MINAS";"Ingestão de álcool pelo condutor";"Colisão lateral mesmo sentido";"Com Vítimas Feridas";"Pleno dia";"Crescente";"Céu Claro";"Dupla";"Curva;Declive";"Não";6;0;3;0;2;1;3;4;-19,89282148;-44,65204239;"SPRF-MG";"DEL08-MG";"UOP03-DEL08-MG"
486530;2022-11-13;"domingo";"08:15:00";"RS";472;552,8;"URUGUAIANA";"Demais falhas na via";"Colisão com objeto";"Com Vítimas Feridas";"Pleno dia";"Crescente";"Garoa/Chuvisco";"Simples";"Ponte";"Não";3;0;2;0;0;1;2;2;-29,59060514;-56,86134862;"SPRF-RS";"DEL13-RS";"UOP01-DEL13-RS"
486531;2022-11-13;"domingo";"09:10:00";"RJ";101;432;"MANGARATIBA";"Reação tardia ou ineficiente do condutor";"Queda de ocupante de veículo";"Com Vítimas Feridas";"Pleno dia";"Crescente";"Céu Claro";"Simples";"Curva";"Não";1;0;1;0;0;0;1;1;-22,93437472;-44,02919087;"SPRF-RJ";"DEL03-RJ";"UOP02-DEL03-RJ"
486533;2022-11-13;"domingo";"06:15:00";"RS";285;580,4;"SAO LUIZ GONZAGA";"Ingestão de álcool pelo condutor";"Saída de leito carroçável";"Com Vítimas Fatais";"Amanhecer";"Decrescente";"Garoa/Chuvisco";"Simples";"Reta";"Não";1;1;0;0;0;0;0;1;-28,433741;-55,095108;"SPRF-RS";"DEL12-RS";"UOP01-DEL12-RS"
486534;2022-11-13;"domingo";"08:50:00";"BA";415;22;"ILHEUS";"Falta de acostamento";"Saída de leito carroçável";"Sem Vítimas";"Pleno dia";"Crescente";"Céu Claro";"Dupla";"Curva";"Não";1;0;0;0;0;1;0;1;-14,799372;-39,160996;"SPRF-BA";"DEL05-BA";"UOP01-DEL05-BA"
486535;2022-11-13;"domingo";"09:15:00";"SC";470;30,9;"GASPAR";"Ausência de reação do condutor";"Capotamento";"Com Vítimas Feridas";"Pleno dia";"Decrescente";"Nublado";"Dupla";"Reta";"Não";2;0;1;0;1;0;1;1;-26,893518;-48,914028;"SPRF-SC";"DEL04-SC";"UOP01-DEL04-SC"
486536;2022-11-13;"domingo";"09:30:00";"RS";116;241;"NOVO HAMBURGO";"Ausência de reação do condutor";"Colisão traseira";"Com Vítimas Feridas";"Pleno dia";"Decrescente";"Nublado";"Dupla";"Reta";"Sim";2;0;0;1;1;0;1;2;-29,71396796;-51,1476744;"SPRF-RS";"DEL01-RS";"UOP02-DEL01-RS"
486538;2022-11-13;"domingo";"09:00:00";"PR";376;670,8;"GUARATUBA";"Demais falhas mecânicas ou elétricas";"Incêndio";"Sem Vítimas";"Pleno dia";"Decrescente";"Nublado";"Dupla";"Reta";"Não";1;0;0;0;1;0;0;1;-25,87689214;-48,93585725;"SPRF-PR";"DEL01-PR";"UOP04-DEL01-PR"
486539;2022-11-13;"domingo";"09:40:00";"GO";60;186;"GUAPO";"Velocidade Incompatível";"Saída de leito carroçável";"Com Vítimas Feridas";"Pleno dia";"Crescente";"Céu Claro";"Dupla";"Reta";"Não";2;0;2;0;0;0;2;1;-16,8011;-49,5177;"SPRF-GO";"DEL01-GO";"UOP02-DEL01-GO"
486543;2022-11-13;"domingo";"10:10:00";"PA";316;62;"CASTANHAL";"Demais falhas mecânicas ou elétricas";"Colisão transversal";"Com Vítimas Feridas";"Pleno dia";"Decrescente";"Céu Claro";"Dupla";"Interseção de Vias";"Sim";2;0;1;0;1;0;1;2;-1,29670516;-47,92863155;"SPRF-PA";"DEL01-PA";"UOP01-DEL01-PA"
486545;2022-11-13;"domingo";"10:00:00";"MG";40;549;"NOVA LIMA";"Condutor deixou de manter distância do veículo da frente";"Colisão traseira";"Com Vítimas Feridas";"Pleno dia";"Crescente";"Céu Claro";"Dupla";"Reta";"Não";3;0;2;1;0;0;3;1;-20,03972326;-43,96703232;"SPRF-MG";"DEL01-MG";"UOP02-DEL01-MG"
486546;2022-11-13;"domingo";"07:50:00";"MS";463;63;"PONTA PORA";"Acumulo de água sobre o pavimento";"Saída de leito carroçável";"Com Vítimas Feridas";"Pleno dia";"Decrescente";"Chuva";"Simples";"Curva";"Não";2;0;2;0;0;0;2;1;-22,41888376;-55,35126686;"SPRF-MS";"DEL04-MS";"UOP03-DEL04-MS"
486549;2022-11-13;"domingo";"10:30:00";"MG";40;621,3;"CONSELHEIRO LAFAIETE";"Condutor deixou de manter distância do veículo da frente";"Colisão traseira";"Com Vítimas Feridas";"Pleno dia";"Decrescente";"Céu Claro";"Simples";"Reta";"Sim";2;0;1;0;1;0;1;2;-20,59426993;-43,80419527;"SPRF-MG";"DEL05-MG";"UOP02-DEL05-MG"
486551;2022-11-13;"domingo";"11:30:00";"SP";116;202,8;"ARUJA";"Manobra de mudança de faixa";"Colisão lateral mesmo sentido";"Sem Vítimas";"Pleno dia";"Decrescente";"Céu Claro";"Múltipla";"Reta";"Não";2;0;0;0;2;0;0;2;-23,40980185;-46,34316981;"SPRF-SP";"DEL01-SP";"NPF/DEL01-SP"
486552;2022-11-13;"domingo";"11:20:00";"RS";386;270;"FONTOURA XAVIER";"Acessar a via sem observar a presença dos outros veículos";"Colisão transversal";"Com Vítimas Feridas";"Pleno dia";"Crescente";"Chuva";"Simples";"Reta";"Não";3;0;3;0;0;0;3;2;-28,972395;-52,369072;"SPRF-RS";"DEL04-RS";"UOP03-DEL04-RS"
486553;2022-11-13;"domingo";"10:50:00";"MG";381;917;"CAMANDUCAIA";"Ausência de reação do condutor";"Tombamento";"Com Vítimas Feridas";"Pleno dia";"Crescente";"Céu Claro";"Dupla";"Curva";"Não";1;0;1;0;0;0;1;1;-22,76700121;-46,17875277;"SPRF-MG";"DEL16-MG";"UOP03-DEL16-MG"
486554;2022-11-13;"domingo";"12:00:00";"GO";40;13,1;"LUZIANIA";"Ausência de reação do condutor";"Colisão traseira";"Com Vítimas Feridas";"Pleno dia";"Crescente";"Céu Claro";"Dupla";"Reta";"Sim";3;0;0;1;1;1;1;2;-16,151832;-47,939162;"SPRF-DF";"DEL01-DF";"UOP01-DEL01-DF"
486555;2022-11-13;"domingo";"12:03:00";"SP";116;157;"SAO JOSE DOS CAMPOS";"Reação tardia ou ineficiente do condutor";"Colisão traseira";"Sem Vítimas";"Pleno dia";"Crescente";"Céu Claro";"Dupla";"Reta";"Sim";2;0;0;0;2;0;0;2;-23,25558031;-45,9437828;"SPRF-SP";"DEL02-SP";"UOP01-DEL02-SP"
486557;2022-11-13;"domingo";"12:25:00";"MA";135;23;"SAO LUIS";"Acessar a via sem observar a presença dos outros veículos";"Colisão traseira";"Com Vítimas Feridas";"Pleno dia";"Decrescente";"Céu Claro";"Dupla";"Retorno Regulamentado";"Sim";2;0;1;0;1;0;1;2;-2,53073;-44,3068;"SPRF-MA";"DEL01-MA";"UOP01-DEL01-MA"
486561;2022-11-13;"domingo";"10:50:00";"MG";459;84,1;"CONGONHAL";"Acessar a via sem observar a presença dos outros veículos";"Colisão transversal";"Com Vítimas Feridas";"Pleno dia";"Crescente";"Céu Claro";"Simples";"Reta";"Sim";2;0;1;0;1;0;1;2;-22,1504447;-46,0401087;"SPRF-MG";"DEL09-MG";"UOP01-DEL09-MG"
486562;2022-11-13;"domingo";"12:20:00";"PI";343;9,8;"PARNAIBA";"Acessar a via sem observar a presença dos outros veículos";"Colisão transversal";"Com Vítimas Feridas";"Pleno dia";"Decrescente";"Céu Claro";"Simples";"Reta";"Sim";2;0;1;0;1;0;1;2;-2,90187433;-41,74077272;"SPRF-PI";"DEL05-PI";"UOP01-DEL05-PI"
486563;2022-10-27;"quinta-feira";"16:00:00";"BA";242;703;"CRISTOPOLIS";"Demais falhas mecânicas ou elétricas";"Incêndio";"Sem Vítimas";"Pleno dia";"Decrescente";"Céu Claro";"Simples";"Reta";"Não";3;0;0;0;3;0;0;1;-12,22271464;-44,231987;"SPRF-BA";"DEL10-BA";"UOP02-DEL10-BA"
486569;2022-11-13;"domingo";"12:20:00";"MG";50;195;"DELTA";"Demais falhas mecânicas ou elétricas";"Colisão com objeto";"Com Vítimas Feridas";"Pleno dia";"Crescente";"Céu Claro";"Dupla";"Declive";"Não";4;0;1;0;3;0;1;1;-19,89522626;-47,84311039;"SPRF-MG";"DEL13-MG";"UOP01-DEL13-MG"
486570;2022-11-13;"domingo";"12:10:00";"MT";163;831;"SINOP";"Ingestão de álcool pelo condutor";"Saída de leito carroçável";"Com Vítimas Feridas";"Pleno dia";"Decrescente";"Céu Claro";"Dupla";"Rotatória";"Sim";1;0;0;1;0;0;1;1;-12,022768;-55,51723;"SPRF-MT";"DEL06-MT";"NPF/DEL06-MT"
486572;2022-11-13;"domingo";"09:10:00";"PR";277;569,1;"CASCAVEL";"Acumulo de água sobre o pavimento";"Saída de leito carroçável";"Sem Vítimas";"Pleno dia";"Decrescente";"Chuva";"Simples";"Curva";"Não";3;0;0;0;3;0;0;1;-25,02498709;-53,27677113;"SPRF-PR";"DEL04-PR";"UOP01-DEL04-PR"
486573;2022-11-13;"domingo";"12:00:00";"RS";285;608;"SANTO ANTONIO DAS MISSOES";"Acumulo de água sobre o pavimento";"Saída de leito carroçável";"Com Vítimas Feridas";"Pleno dia";"Decrescente";"Chuva";"Simples";"Reta";"Não";2;0;1;0;1;0;1;1;-28,49324;-55,36496;"SPRF-RS";"DEL12-RS";"UOP01-DEL12-RS"
486575;2022-11-13;"domingo";"14:00:00";"PE";101;159;"RIBEIRAO";"Condutor Dormindo";"Saída de leito carroçável";"Com Vítimas Feridas";"Pleno dia";"Decrescente";"Nublado";"Múltipla";"Reta";"Não";2;0;2;0;0;0;2;1;-8,55252537;-35,41389482;"SPRF-PE";"DEL01-PE";"UOP03-DEL01-PE"
486576;2022-11-13;"domingo";"14:05:00";"SC";101;224;"PALHOCA";"Reação tardia ou ineficiente do condutor";"Saída de leito carroçável";"Com Vítimas Feridas";"Pleno dia";"Decrescente";"Céu Claro";"Múltipla";"Reta";"Não";1;0;0;1;0;0;1;1;-27,72384789;-48,64386769;"SPRF-SC";"DEL01-SC";"UOP02-DEL01-SC"
486578;2022-11-13;"domingo";"13:00:00";"MG";262;803;"UBERABA";"Reação tardia ou ineficiente do condutor";"Saída de leito carroçável";"Com Vítimas Feridas";"Pleno dia";"Crescente";"Sol";"Dupla";"Curva;Rotatória";"Sim";1;0;0;1;0;0;1;1;-19,77712297;-47,92206287;"SPRF-MG";"DEL13-MG";"UOP01-DEL13-MG"
486579;2022-11-13;"domingo";"14:45:00";"BA";324;579;"CANDEIAS";"Reação tardia ou ineficiente do condutor";"Queda de ocupante de veículo";"Com Vítimas Feridas";"Pleno dia";"Crescente";"Sol";"Dupla";"Reta";"Não";2;0;2;0;0;0;2;1;-12,5942506;-38,51640271;"SPRF-BA";"DEL01-BA";"UOP01-DEL01-BA"
486580;2022-11-13;"domingo";"12:05:00";"MG";365;483;"PATROCINIO";"Manobra de mudança de faixa";"Colisão lateral mesmo sentido";"Sem Vítimas";"Pleno dia";"Crescente";"Nublado";"Simples";"Reta;Aclive";"Não";5;0;0;0;4;1;0;2;-18,8896295;-47,07901239;"SPRF-MG";"DEL10-MG";"UOP01-DEL10-MG"
486581;2022-11-13;"domingo";"10:40:00";"MG";116;360,9;"FREI INOCENCIO";"Transitar na contramão";"Colisão frontal";"Com Vítimas Feridas";"Pleno dia";"Decrescente";"Céu Claro";"Simples";"Reta";"Não";3;0;0;2;1;0;2;2;-18,46116482;-41,85181837;"SPRF-MG";"DEL11-MG";"UOP01-DEL11-MG"
486582;2022-11-13;"domingo";"13:20:00";"PI";316;319;"PICOS";"Ausência de reação do condutor";"Tombamento";"Com Vítimas Feridas";"Pleno dia";"Crescente";"Sol";"Simples";"Reta";"Não";1;0;1;0;0;0;1;1;-7,08926334;-41,39752113;"SPRF-PI";"DEL04-PI";"UOP01-DEL04-PI"
486584;2022-11-13;"domingo";"14:30:00";"SC";101;114;"ITAJAI";"Avarias e/ou desgaste excessivo no pneu";"Colisão com objeto";"Sem Vítimas";"Pleno dia";"Decrescente";"Céu Claro";"Múltipla";"Reta";"Sim";1;0;0;0;0;1;0;1;-26,86192886;-48,7286704;"SPRF-SC";"DEL04-SC";"UOP04-DEL04-SC"
486585;2022-11-13;"domingo";"14:59:00";"SP";116;159,7;"JACAREI";"Demais falhas mecânicas ou elétricas";"Tombamento";"Com Vítimas Feridas";"Pleno dia";"Crescente";"Céu Claro";"Dupla";"Curva";"Sim";2;0;2;0;0;0;2;1;-23,26585409;-45,95983994;"SPRF-SP";"DEL02-SP";"UOP01-DEL02-SP"
486586;2022-11-13;"domingo";"14:40:00";"SC";470;139;"RIO DO SUL";"Retorno proibido";"Colisão transversal";"Com Vítimas Feridas";"Pleno dia";"Crescente";"Nublado";"Múltipla";"Reta";"Sim";2;0;1;0;1;0;1;2;-27,217564;-49,65461;"SPRF-SC";"DEL04-SC";"UOP02-DEL04-SC"
486588;2022-11-13;"domingo";"14:30:00";"ES";101;371,6;"ICONHA";"Ultrapassagem Indevida";"Colisão frontal";"Com Vítimas Feridas";"Pleno dia";"Crescente";"Céu Claro";"Simples";"Curva";"Não";5;0;4;0;1;0;4;2;-20,77035735;-40,76847015;"SPRF-ES";"DEL03-ES";"UOP01-DEL03-ES"
486589;2022-11-13;"domingo";"15:35:00";"PR";376;619,9;"SAO JOSE DOS PINHAIS";"Demais falhas mecânicas ou elétricas";"Capotamento";"Com Vítimas Feridas";"Pleno dia";"Crescente";"Nublado";"Dupla";"Reta";"Não";3;0;1;2;0;0;3;1;-25,62623389;-49,16547575;"SPRF-PR";"DEL01-PR";"UOP04-DEL01-PR"
486590;2022-11-13;"domingo";"15:27:00";"ES";262;115;"CONCEICAO DO CASTELO";"Reação tardia ou ineficiente do condutor";"Colisão lateral sentido oposto";"Com Vítimas Feridas";"Pleno dia";"Crescente";"Céu Claro";"Simples";"Reta";"Não";3;0;1;0;1;1;1;2;-20,32053818;-41,21864322;"SPRF-ES";"DEL01-ES";"UOP02-DEL01-ES"
486591;2022-11-13;"domingo";"15:15:00";"CE";304;39;"ARACATI";"Reação tardia ou ineficiente do condutor";"Saída de leito carroçável";"Com Vítimas Feridas";"Pleno dia";"Crescente";"Céu Claro";"Simples";"Reta";"Não";1;0;0;1;0;0;1;1;-4,58004867;-37,86052099;"SPRF-CE";"DEL03-CE";"UOP03-DEL03-CE"
486592;2022-10-30;"domingo";"02:30:00";"MA";222;344;"MONCAO";"Animais na Pista";"Atropelamento de Animal";"Com Vítimas Fatais";"Plena Noite";"Decrescente";"Céu Claro";"Simples";"Reta";"Não";1;1;0;0;0;0;0;1;-3,6646;-45,230537;"SPRF-MA";"DEL02-MA";"UOP01-DEL02-MA"
486593;2022-11-13;"domingo";"14:35:00";"RS";290;175,9;"BUTIA";"Desrespeitar a preferência no cruzamento";"Colisão frontal";"Com Vítimas Feridas";"Pleno dia";"Crescente";"Chuva";"Simples";"Reta";"Sim";4;0;3;1;0;0;4;2;-30,13206314;-51,9781208;"SPRF-RS";"DEL02-RS";"UOP03-DEL02-RS"
486594;2022-11-13;"domingo";"14:15:00";"GO";414;304,8;"VILA PROPICIO";"Condutor Dormindo";"Saída de leito carroçável";"Com Vítimas Feridas";"Pleno dia";"Crescente";"Céu Claro";"Simples";"Reta";"Não";2;0;0;1;1;0;1;1;-15,20091703;-48,70185812;"SPRF-GO";"DEL02-GO";"UOP01-DEL02-GO"
486595;2022-11-13;"domingo";"14:10:00";"RS";448;22;"PORTO ALEGRE";"Pista Escorregadia";"Colisão com objeto";"Com Vítimas Feridas";"Pleno dia";"Crescente";"Chuva";"Simples";"Curva";"Não";2;0;1;0;1;0;1;1;-29,972212;-51,199139;"SPRF-RS";"DEL01-RS";"UOP01-DEL01-RS"
486596;2022-11-13;"domingo";"14:40:00";"RS";470;201;"BENTO GONCALVES";"Ausência de reação do condutor";"Colisão frontal";"Sem Vítimas";"Pleno dia";"Decrescente";"Garoa/Chuvisco";"Simples";"Curva";"Não";5;0;0;0;5;0;0;4;-29,07245097;-51,58569103;"SPRF-RS";"DEL06-RS";"UOP02-DEL06-RS"
486597;2022-11-13;"domingo";"13:15:00";"MT";70;706;"CACERES";"Demais falhas mecânicas ou elétricas";"Incêndio";"Sem Vítimas";"Pleno dia";"Crescente";"Céu Claro";"Simples";"Reta";"Não";1;0;0;0;1;0;0;1;-16,24759797;-57,47711598;"SPRF-MT";"DEL03-MT";"UOP01-DEL03-MT"
486598;2022-11-13;"domingo";"11:30:00";"MG";365;570;"INDIANOPOLIS";"Transitar na contramão";"Colisão frontal";"Com Vítimas Fatais";"Pleno dia";"Decrescente";"Céu Claro";"Simples";"Reta";"Não";7;1;2;3;0;1;5;3;-18,90975516;-47,87171004;"SPRF-MG";"DEL15-MG";"UOP02-DEL15-MG"
486600;2022-08-01;"segunda-feira";"00:17:00";"PI";316;13,5;"TERESINA";"Ingestão de álcool pelo condutor";"Saída de leito carroçável";"Com Vítimas Fatais";"Plena Noite";"Crescente";"Céu Claro";"Simples";"Curva";"Não";2;1;0;0;0;1;0;2;-5,2096314;-42,75526995;"SPRF-PI";"DEL01-PI";"UOP02-DEL01-PI"
486601;2022-11-13;"domingo";"15:25:00";"PR";369;1;"JACAREZINHO";"Condutor deixou de manter distância do veículo da frente";"Colisão traseira";"Com Vítimas Feridas";"Pleno dia";"Decrescente";"Céu Claro";"Dupla";"Reta";"Não";3;0;2;0;1;0;2;2;-23,00090579;-49,90616798;"SPRF-PR";"DEL07-PR";"UOP05-DEL07-PR"
486603;2022-11-13;"domingo";"11:50:00";"PR";163;142;"CAPITAO LEONIDAS MARQUES";"Transitar na contramão";"Colisão frontal";"Com Vítimas Feridas";"Pleno dia";"Crescente";"Céu Claro";"Dupla";"Curva";"Não";4;0;2;1;1;0;3;2;-25,48284277;-53,59229524;"SPRF-PR";"DEL05-PR";"UOP05-DEL05-PR"
486604;2022-11-13;"domingo";"16:30:00";"MG";40;446;"PARAOPEBA";"Ausência de reação do condutor";"Colisão lateral mesmo sentido";"Com Vítimas Feridas";"Pleno dia";"Crescente";"Céu Claro";"Múltipla";"Reta";"Não";3;0;1;1;1;0;2;2;-19,28815;-44,392;"SPRF-MG";"DEL02-MG";"UOP01-DEL02-MG"
486605;2022-11-13;"domingo";"16:15:00";"PR";376;436,8;"TIBAGI";"Chuva";"Saída de leito carroçável";"Sem Vítimas";"Pleno dia";"Decrescente";"Chuva";"Dupla";"Curva";"Não";3;0;0;0;3;0;0;1;-24,789609;-50,504425;"SPRF-PR";"DEL03-PR";"UOP02-DEL03-PR"
486609;2022-11-13;"domingo";"14:30:00";"MA";10;256,6;"IMPERATRIZ";"Condutor deixou de manter distância do veículo da frente";"Colisão traseira";"Com Vítimas Feridas";"Pleno dia";"Crescente";"Nublado";"Simples";"Reta";"Sim";2;0;1;0;1;0;1;2;-5,499715;-47,471836;"SPRF-MA";"DEL04-MA";"UOP01-DEL04-MA"
486613;2022-11-13;"domingo";"16:30:00";"RJ";116;78;"TERESOPOLIS";"Transitar na contramão";"Colisão frontal";"Com Vítimas Feridas";"Pleno dia";"Decrescente";"Céu Claro";"Simples";"Reta";"Não";3;0;2;0;1;0;2;3;-22,37408687;-42,95260496;"SPRF-RJ";"DEL04-RJ";"UOP01-DEL04-RJ"
486614;2022-11-13;"domingo";"11:50:00";"PR";277;349,8;"GUARAPUAVA";"Transitar na contramão";"Colisão frontal";"Com Vítimas Feridas";"Pleno dia";"Crescente";"Garoa/Chuvisco";"Simples";"Viaduto";"Não";2;0;0;1;1;0;1;2;-25,39061712;-51,52156591;"SPRF-PR";"DEL08-PR";"UOP01-DEL08-PR"