"id";"data_inversa";"dia_semana";"horario";"uf";"br";"km";"municipio";"causa_acidente";"tipo_acidente";"classificacao_acidente";"fase_dia";"sentido_via";"condicao_metereologica";"tipo_pista";"tracado_via";"uso_solo";"pessoas";"mortos";"feridos_leves";"feridos_graves";"ilesos";"ignorados";"feridos";"veiculos";"latitude";"longitude";"regional";"delegacia";"uop"
486615;2022-11-13;"domingo";"16:40:00";"PR";369;90;"CORNELIO PROCOPIO";"Velocidade Incompatível";"Atropelamento de Pedestre";"Com Vítimas Feridas";"Pleno dia";"Decrescente";"Chuva";"Dupla";"Retorno Regulamentado;Reta;Aclive";"Sim";2;0;1;0;0;1;1;2;-23,1942217;-50,65140004;"SPRF-PR";"DEL07-PR";"UOP05-DEL07-PR"
486616;2022-11-13;"domingo";"17:00:00";"RS";386;111,7;"SARANDI";"Ausência de reação do condutor";"Colisão traseira";"Com Vítimas Feridas";"Pleno dia";"Crescente";"Sol";"Simples";"Reta";"Não";4;0;1;0;3;0;1;2;-27,80916861;-53,05177689;"SPRF-RS";"DEL08-RS";"UOP01-DEL08-RS"
486617;2022-11-13;"domingo";"16:15:00";"RS";116;445;"CRISTAL";"Ausência de reação do condutor";"Saída de leito carroçável";"Com Vítimas Feridas";"Pleno dia";"Decrescente";"Chuva";"Dupla";"Reta";"Não";1;0;1;0;0;0;1;1;-31,14968098;-52,03080185;"SPRF-RS";"DEL02-RS";"UOP02-DEL02-RS"
486618;2022-11-13;"domingo";"17:15:00";"GO";20;182,5;"ALVORADA DO NORTE";"Velocidade Incompatível";"Colisão lateral mesmo sentido";"Sem Vítimas";"Anoitecer";"Decrescente";"Céu Claro";"Dupla";"Declive";"Sim";5;0;0;0;4;1;0;2;-14,463847;-46,480179;"SPRF-DF";"DEL02-DF";"UOP03-DEL02-DF"
486619;2022-11-13;"domingo";"16:10:00";"MA";222;647;"ACAILANDIA";"Reação tardia ou ineficiente do condutor";"Colisão lateral sentido oposto";"Com Vítimas Feridas";"Pleno dia";"Decrescente";"Céu Claro";"Simples";"Reta";"Não";2;0;0;1;1;0;1;2;-4,81626484;-47,24760412;"SPRF-MA";"DEL04-MA";"UOP03-DEL04-MA"
486621;2022-11-13;"domingo";"18:00:00";"ES";101;331,8;"GUARAPARI";"Reação tardia ou ineficiente do condutor";"Colisão com objeto";"Com Vítimas Feridas";"Plena Noite";"Crescente";"Céu Claro";"Dupla";"Reta";"Não";2;0;1;1;0;0;2;2;-20,60724162;-40,50889326;"SPRF-ES";"DEL03-ES";"UOP01-DEL03-ES"
486622;2022-11-13;"domingo";"17:55:00";"PB";101;82;"BAYEUX";"Ausência de reação do condutor";"Colisão transversal";"Sem Vítimas";"Plena Noite";"Decrescente";"Céu Claro";"Dupla";"Interseção de Vias";"Sim";2;0;0;0;1;1;0;2;-7,12911;-34,93714;"SPRF-PB";"DEL01-PB";"UOP01-DEL01-PB"
486623;2022-10-24;"segunda-feira";"08:00:00";"ES";101;59;"SAO MATEUS";"Ausência de reação do condutor";"Saída de leito carroçável";"Com Vítimas Feridas";"Pleno dia";"Crescente";"Nublado";"Simples";"Reta";"Não";1;0;1;0;0;0;1;1;-18,66416914;-39,86887044;"SPRF-ES";"DEL04-ES";"UOP02-DEL04-ES"
486624;2022-11-13;"domingo";"15:30:00";"MT";163;718;"SORRISO";"Manobra de mudança de faixa";"Colisão traseira";"Com Vítimas Feridas";"Pleno dia";"Decrescente";"Céu Claro";"Simples";"Curva";"Não";4;0;2;0;2;0;2;1;-12,93757589;-55,86235328;"SPRF-MT";"DEL06-MT";"UOP02-DEL06-MT"
486625;2022-11-13;"domingo";"17:45:00";"PE";101;78,2;"RECIFE";"Animais na Pista";"Atropelamento de Animal";"Com Vítimas Feridas";"Anoitecer";"Crescente";"Céu Claro";"Dupla";"Reta";"Sim";1;0;1;0;0;0;1;1;-8,137531;-34,947452;"SPRF-PE";"DEL01-PE";"UOP01-DEL01-PE"
486626;2022-11-13;"domingo";"16:20:00";"MS";163;12;"MUNDO NOVO";"Manobra de mudança de faixa";"Colisão lateral mesmo sentido";"Com Vítimas Fatais";"Anoitecer";"Crescente";"Nublado";"Simples";"Reta;Declive";"Não";5;1;0;0;1;3;0;3;-23,96186811;-54,32158483;"SPRF-MS";"DEL09-MS";"UOP02-DEL09-MS"
486628;2022-11-13;"domingo";"17:45:00";"PB";101;3;"MATARACA";"Reação tardia ou ineficiente do condutor";"Tombamento";"Com Vítimas Feridas";"Plena Noite";"Decrescente";"Céu Claro";"Dupla";"Reta";"Não";2;0;2;0;0;0;2;1;-6,53182311;-35,11546245;"SPRF-PB";"DEL01-PB";"UOP04-DEL01-PB"
486630;2022-11-13;"domingo";"16:10:00";"RS";116;234;"NOVO HAMBURGO";"Ultrapassagem Indevida";"Saída de leito carroçável";"Com Vítimas Feridas";"Pleno dia";"Decrescente";"Garoa/Chuvisco";"Simples";"Curva";"Não";3;0;1;0;2;0;1;1;-29,65121313;-51,1444433;"SPRF-RS";"DEL01-RS";"UOP02-DEL01-RS"
486631;2022-11-13;"domingo";"17:50:00";"PR";373;249;"GUAMIRANGA";"Condutor deixou de manter distância do veículo da frente";"Colisão traseira";"Com Vítimas Feridas";"Anoitecer";"Decrescente";"Céu Claro";"Simples";"Reta";"Não";3;0;1;0;2;0;1;3;-25,19099696;-50,82741022;"SPRF-PR";"DEL03-PR";"UOP01-DEL03-PR"
486632;2022-11-13;"domingo";"18:20:00";"PR";376;531,8;"PALMEIRA";"Avarias e/ou desgaste excessivo no pneu";"Saída de leito carroçável";"Com Vítimas Feridas";"Anoitecer";"Decrescente";"Chuva";"Dupla";"Declive;Curva";"Não";3;0;1;1;1;0;2;1;-25,353997;-49,836048;"SPRF-PR";"DEL03-PR";"UOP03-DEL03-PR"
486633;2022-11-13;"domingo";"18:40:00";"PB";101;81,5;"BAYEUX";"Pedestre andava na pista";"Atropelamento de Pedestre";"Com Vítimas Fatais";"Plena Noite";"Crescente";"Nublado";"Dupla";"Declive";"Não";5;1;1;0;3;0;1;2;-7,12508575;-34,94513217;"SPRF-PB";"DEL01-PB";"UOP01-DEL01-PB"
486635;2022-11-13;"domingo";"18:55:00";"PE";423;56;"LAJEDO";"Transitar na contramão";"Colisão frontal";"Sem Vítimas";"Pleno dia";"Decrescente";"Nublado";"Simples";"Reta";"Não";2;0;0;0;1;1;0;2;-8,62399689;-36,3013734;"SPRF-PE";"DEL03-PE";"UOP01-DEL03-PE"
486636;2022-11-13;"domingo";"16:55:00";"PA";0;0;"ITAITUBA";"Ingestão de álcool pelo condutor";"Colisão lateral mesmo sentido";"Sem Vítimas";"Pleno dia";"Não Informado";"Sol";"Simples";"Curva";"Não";4;0;0;0;4;0;0;2;-4,250114;-56,029446;"SPRF-PA";"DEL05-PA";"N/A"
486637;2022-11-13;"domingo";"17:45:00";"RS";116;512,2;"PELOTAS";"Chuva";"Saída de leito carroçável";"Com Vítimas Feridas";"Pleno dia";"Crescente";"Chuva";"Dupla";"Curva";"Não";1;0;1;0;0;0;1;1;-31,63498138;-52,3311397;"SPRF-RS";"DEL07-RS";"UOP01-DEL07-RS"
486638;2022-11-13;"domingo";"18:15:00";"BA";410;12;"TUCANO";"Reação tardia ou ineficiente do condutor";"Colisão traseira";"Com Vítimas Fatais";"Anoitecer";"Decrescente";"Céu Claro";"Simples";"Reta";"Não";3;1;2;0;0;0;2;3;-10,87048073;-38,62339615;"SPRF-BA";"DEL07-BA";"UOP02-DEL07-BA"
486639;2022-11-13;"domingo";"15:12:00";"AM";319;728,6;"HUMAITA";"Ingestão de álcool e/ou substâncias psicoativas pelo pedestre";"Saída de leito carroçável";"Com Vítimas Feridas";"Pleno dia";"Decrescente";"Nublado";"Simples";"Reta";"Não";2;0;2;0;0;0;2;1;-7,89415012;-63,2887009;"SPRF-AM";"DEL01-AM";"UOP05-DEL01-AM"
486643;2022-11-13;"domingo";"18:50:00";"MG";40;555,1;"NOVA LIMA";"Ingestão de álcool pelo condutor";"Saída de leito carroçável";"Com Vítimas Feridas";"Plena Noite";"Crescente";"Céu Claro";"Dupla";"Reta";"Não";1;0;1;0;0;0;1;1;-20,08472706;-43,97697012;"SPRF-MG";"DEL01-MG";"UOP02-DEL01-MG"
486644;2022-11-13;"domingo";"18:10:00";"BA";324;354;"CAPIM GROSSO";"Conversão proibida";"Colisão lateral sentido oposto";"Com Vítimas Feridas";"Plena Noite";"Crescente";"Céu Claro";"Simples";"Reta";"Sim";2;0;0;1;0;1;1;2;-11,38524783;-40,00049473;"SPRF-BA";"DEL04-BA";"UOP02-DEL04-BA"
486645;2022-11-13;"domingo";"16:40:00";"MS";463;48;"PONTA PORA";"Ingestão de álcool pelo condutor";"Saída de leito carroçável";"Sem Vítimas";"Pleno dia";"Crescente";"Nublado";"Simples";"Rotatória";"Não";1;0;0;0;1;0;0;1;-22,35176915;-55,21660191;"SPRF-MS";"DEL04-MS";"UOP03-DEL04-MS"
486647;2022-11-13;"domingo";"19:40:00";"SP";116;228;"SAO PAULO";"Ausência de reação do condutor";"Tombamento";"Com Vítimas Feridas";"Plena Noite";"Decrescente";"Nublado";"Múltipla";"Reta";"Não";1;0;1;0;0;0;1;1;-23,50343484;-46,56638712;"SPRF-SP";"DEL01-SP";"UOP01-DEL01-SP"
486648;2022-11-13;"domingo";"18:30:00";"PR";376;463,1;"PONTA GROSSA";"Velocidade Incompatível";"Saída de leito carroçável";"Com Vítimas Feridas";"Plena Noite";"Crescente";"Chuva";"Dupla";"Curva";"Não";5;0;5;0;0;0;5;1;-25,022566;-50,33223;"SPRF-PR";"DEL03-PR";"UOP01-DEL03-PR"
486651;2022-11-13;"domingo";"17:10:00";"PR";376;373,6;"ORTIGUEIRA";"Pista Escorregadia";"Colisão frontal";"Com Vítimas Fatais";"Pleno dia";"Crescente";"Chuva";"Simples";"Curva";"Não";8;1;2;5;0;0;7;2;-24,3628;-50,8097;"SPRF-PR";"DEL07-PR";"UOP02-DEL07-PR"
486653;2022-10-06;"quinta-feira";"15:15:00";"SP";116;152;"SAO JOSE DOS CAMPOS";"Reação tardia ou ineficiente do condutor";"Colisão lateral mesmo sentido";"Com Vítimas Feridas";"Pleno dia";"Decrescente";"Sol";"Dupla";"Reta";"Sim";2;0;1;0;0;1;1;2;-23,22283623;-45,90319986;"SPRF-SP";"DEL02-SP";"UOP01-DEL02-SP"
486654;2022-11-13;"domingo";"19:50:00";"MG";381;489;"BETIM";"Reação tardia ou ineficiente do condutor";"Colisão traseira";"Com Vítimas Feridas";"Plena Noite";"Crescente";"Céu Claro";"Múltipla";"Reta;Aclive";"Sim";3;0;1;0;2;0;1;3;-19,96245618;-44,16455495;"SPRF-MG";"DEL01-MG";"UOP03-DEL01-MG"
486656;2022-11-13;"domingo";"19:50:00";"SC";101;119,5;"ITAJAI";"Trafegar com motocicleta (ou similar) entre as faixas";"Colisão lateral mesmo sentido";"Com Vítimas Feridas";"Plena Noite";"Decrescente";"Chuva";"Múltipla";"Ponte";"Sim";2;0;1;0;1;0;1;2;-26,90941068;-48,71327942;"SPRF-SC";"DEL04-SC";"UOP04-DEL04-SC"
486657;2022-11-13;"domingo";"19:30:00";"BA";324;552,4;"AMELIA RODRIGUES";"Demais falhas mecânicas ou elétricas";"Incêndio";"Sem Vítimas";"Plena Noite";"Decrescente";"Céu Claro";"Dupla";"Reta";"Não";3;0;0;0;3;0;0;1;-12,44970237;-38,71122627;"SPRF-BA";"DEL01-BA";"UOP03-DEL01-BA"
486659;2022-11-13;"domingo";"20:10:00";"CE";222;2,5;"FORTALEZA";"Manobra de mudança de faixa";"Colisão lateral mesmo sentido";"Com Vítimas Feridas";"Plena Noite";"Crescente";"Céu Claro";"Múltipla";"Reta";"Sim";2;0;1;0;1;0;1;2;-3,73911117;-38,58687498;"SPRF-CE";"DEL01-CE";"UOP01-DEL01-CE"
486660;2022-11-13;"domingo";"20:15:00";"DF";40;1,9;"BRASILIA";"Ingestão de álcool ou de substâncias psicoativas pelo pedestre";"Atropelamento de Pedestre";"Com Vítimas Feridas";"Plena Noite";"Crescente";"Céu Claro";"Dupla";"Reta";"Não";2;0;1;0;1;0;1;2;-15,985532;-47,987747;"SPRF-DF";"DEL01-DF";"UOP01-DEL01-DF"
486662;2022-11-13;"domingo";"18:30:00";"MG";40;712,6;"BARBACENA";"Restrição de visibilidade em curvas verticais";"Colisão traseira";"Com Vítimas Fatais";"Plena Noite";"Crescente";"Nublado";"Dupla";"Curva;Retorno Regulamentado";"Sim";5;1;0;2;2;0;2;2;-21,249258;-43,667446;"SPRF-MG";"DEL05-MG";"UOP02-DEL05-MG"
486663;2022-11-13;"domingo";"19:00:00";"SC";101;164;"TIJUCAS";"Ausência de reação do condutor";"Tombamento";"Com Vítimas Feridas";"Plena Noite";"Crescente";"Chuva";"Dupla";"Reta";"Sim";1;0;0;1;0;0;1;1;-27,243868;-48,6309;"SPRF-SC";"DEL04-SC";"UOP03-DEL04-SC"
486664;2022-11-13;"domingo";"18:03:00";"CE";116;505,5;"BREJO SANTO";"Acessar a via sem observar a presença dos outros veículos";"Colisão transversal";"Com Vítimas Feridas";"Plena Noite";"Crescente";"Céu Claro";"Simples";"Reta";"Não";3;0;1;1;1;0;2;2;-7,48840721;-38,98392298;"SPRF-CE";"DEL05-CE";"UOP03-DEL05-CE"
486665;2022-11-13;"domingo";"20:33:00";"MG";50;190;"UBERABA";"Reação tardia ou ineficiente do condutor";"Tombamento";"Com Vítimas Feridas";"Plena Noite";"Decrescente";"Céu Claro";"Dupla";"Reta";"Não";1;0;1;0;0;0;1;1;-19,85630175;-47,86944462;"SPRF-MG";"DEL13-MG";"UOP01-DEL13-MG"
486667;2022-11-13;"domingo";"20:00:00";"RS";285;341,5;"CARAZINHO";"Acessar a via sem observar a presença dos outros veículos";"Colisão transversal";"Com Vítimas Feridas";"Plena Noite";"Crescente";"Nublado";"Simples";"Reta";"Sim";2;0;2;0;0;0;2;2;-28,317753;-52,806843;"SPRF-RS";"DEL08-RS";"UOP03-DEL08-RS"
486669;2022-11-13;"domingo";"18:00:00";"SC";280;94,8;"CORUPA";"Chuva";"Colisão frontal";"Com Vítimas Feridas";"Plena Noite";"Crescente";"Chuva";"Simples";"Reta";"Não";7;0;1;0;6;0;1;2;-26,39198268;-49,30187441;"SPRF-SC";"DEL06-SC";"UOP03-DEL06-SC"
486670;2022-11-13;"domingo";"19:30:00";"SC";116;217,5;"CORREIA PINTO";"Iluminação deficiente";"Colisão frontal";"Com Vítimas Feridas";"Plena Noite";"Decrescente";"Garoa/Chuvisco";"Simples";"Reta";"Sim";3;0;2;0;1;0;2;2;-27,55447701;-50,37698044;"SPRF-SC";"DEL05-SC";"UOP03-DEL05-SC"
486671;2022-11-13;"domingo";"21:45:00";"SP";116;63,4;"GUARATINGUETA";"Objeto estático sobre o leito carroçável";"Colisão com objeto";"Com Vítimas Feridas";"Plena Noite";"Decrescente";"Céu Claro";"Dupla";"Reta";"Não";1;0;1;0;0;0;1;1;-22,81550191;-45,18009074;"SPRF-SP";"DEL08-SP";"UOP01-DEL08-SP"
486672;2022-11-13;"domingo";"21:00:00";"RS";470;248;"BARAO";"Acessar a via sem observar a presença dos outros veículos";"Colisão transversal";"Com Vítimas Feridas";"Plena Noite";"Crescente";"Nublado";"Simples";"Aclive;Curva";"Sim";3;0;1;0;2;0;1;2;-29,380542;-51,494336;"SPRF-RS";"DEL06-RS";"UOP01-DEL06-RS"
486674;2022-11-13;"domingo";"21:40:00";"RN";110;1,7;"AREIA BRANCA";"Pedestre cruzava a pista fora da faixa";"Atropelamento de Pedestre";"Com Vítimas Feridas";"Plena Noite";"Decrescente";"Céu Claro";"Simples";"Reta";"Sim";2;0;0;1;1;0;1;2;-4,94784603;-37,12300197;"SPRF-RN";"DEL04-RN";"UOP01-DEL04-RN"
486676;2022-11-13;"domingo";"21:30:00";"PR";277;675;"MEDIANEIRA";"Ingestão de álcool pelo condutor";"Colisão transversal";"Com Vítimas Feridas";"Plena Noite";"Decrescente";"Nublado";"Dupla";"Reta";"Não";7;0;4;0;3;0;4;3;-25,29891949;-54,12338731;"SPRF-PR";"DEL05-PR";"UOP01-DEL05-PR"
486677;2022-11-13;"domingo";"20:40:00";"SC";101;138,5;"BALNEARIO CAMBORIU";"Velocidade Incompatível";"Saída de leito carroçável";"Com Vítimas Feridas";"Plena Noite";"Decrescente";"Chuva";"Dupla";"Reta";"Sim";2;0;1;0;1;0;1;1;-27,02397426;-48,60761649;"SPRF-SC";"DEL04-SC";"UOP03-DEL04-SC"
486679;2022-11-13;"domingo";"21:00:00";"PE";408;85,3;"PAUDALHO";"Reação tardia ou ineficiente do condutor";"Colisão com objeto";"Com Vítimas Feridas";"Plena Noite";"Decrescente";"Céu Claro";"Múltipla";"Curva;Aclive";"Não";2;0;1;0;0;1;1;1;-7,955779;-35,100467;"SPRF-PE";"DEL01-PE";"UOP01-DEL01-PE"
486680;2022-11-13;"domingo";"20:15:00";"RO";364;15;"VILHENA";"Desrespeitar a preferência no cruzamento";"Colisão transversal";"Com Vítimas Feridas";"Plena Noite";"Decrescente";"Céu Claro";"Simples";"Rotatória";"Sim";3;0;2;0;1;0;2;2;-12,73672751;-60,14804088;"SPRF-RO";"DEL04-RO";"UOP01-DEL04-RO"
486682;2022-11-13;"domingo";"19:20:00";"AP";156;512;"PRACUUBA";"Iluminação deficiente";"Atropelamento de Pedestre";"Com Vítimas Feridas";"Plena Noite";"Crescente";"Céu Claro";"Simples";"Reta";"Sim";2;0;0;1;0;1;1;2;1,81821495;-50,8766822;"SPRF-AP";"DEL01-AP";"UOP02-DEL01-AP"
486683;2022-11-13;"domingo";"17:30:00";"MT";163;781,8;"SORRISO";"Falta de elemento de contenção que evite a saída do leito carroçável";"Colisão com objeto";"Com Vítimas Feridas";"Anoitecer";"Decrescente";"Céu Claro";"Simples";"Reta";"Não";1;0;0;1;0;0;1;1;-12,324451;-55,584493;"SPRF-MT";"DEL06-MT";"UOP02-DEL06-MT"
486684;2022-11-13;"domingo";"19:30:00";"PR";376;132;"NOVA ESPERANCA";"Ingestão de álcool pelo condutor";"Capotamento";"Com Vítimas Feridas";"Plena Noite";"Crescente";"Garoa/Chuvisco";"Dupla";"Reta";"Sim";1;0;1;0;0;0;1;1;-23,18188595;-52,21612797;"SPRF-PR";"DEL09-PR";"UOP02-DEL09-PR"
486685;2022-11-13;"domingo";"19:30:00";"SC";470;119;"IBIRAMA";"Velocidade Incompatível";"Colisão lateral sentido oposto";"Com Vítimas Feridas";"Plena Noite";"Decrescente";"Garoa/Chuvisco";"Simples";"Curva";"Sim";2;0;2;0;0;0;2;1;-27,08312395;-49,51040268;"SPRF-SC";"DEL04-SC";"UOP02-DEL04-SC"
486686;2022-11-13;"domingo";"19:30:00";"PR";376;223,5;"CAMBIRA";"Acessar a via sem observar a presença dos outros veículos";"Colisão transversal";"Com Vítimas Feridas";"Plena Noite";"Decrescente";"Nublado";"Dupla";"Reta";"Não";10;0;7;2;1;0;9;3;-23,59012534;-51,57481471;"SPRF-PR";"DEL07-PR";"UOP03-DEL07-PR"
486687;2022-11-13;"domingo";"22:00:00";"SP";116;298,5;"SAO LOURENCO DA SERRA";"Ausência de reação do condutor";"Colisão traseira";"Sem Vítimas";"Plena Noite";"Crescente";"Nublado";"Múltipla";"Reta";"Não";2;0;0;0;2;0;0;2;-23,790858;-46,91450298;"SPRF-SP";"DEL04-SP";"UOP01-DEL04-SP"
486689;2022-11-13;"domingo";"18:15:00";"ES";262;144;"MUNIZ FREIRE";"Desrespeitar a preferência no cruzamento";"Colisão transversal";"Com Vítimas Feridas";"Plena Noite";"Crescente";"Nublado";"Simples";"Declive;Reta";"Não";5;0;2;0;3;0;2;2;-20,23887498;-41,40380144;"SPRF-ES";"DEL01-ES";"UOP02-DEL01-ES"
486691;2022-11-13;"domingo";"18:10:00";"PE";232;507;"SALGUEIRO";"Área urbana sem a presença de local apropriado para a travessia de pedestres";"Atropelamento de Pedestre";"Com Vítimas Feridas";"Plena Noite";"Decrescente";"Céu Claro";"Simples";"Reta";"Sim";2;0;1;0;0;1;1;2;-8,06038759;-39,11191706;"SPRF-PE";"DEL05-PE";"UOP01-DEL05-PE"
486692;2022-11-13;"domingo";"22:20:00";"MG";262;795;"UBERABA";"Reação tardia ou ineficiente do condutor";"Saída de leito carroçável";"Com Vítimas Feridas";"Plena Noite";"Decrescente";"Céu Claro";"Simples";"Aclive";"Não";1;0;0;1;0;0;1;1;-19,76934407;-47,89804799;"SPRF-MG";"DEL13-MG";"UOP01-DEL13-MG"
486696;2022-11-13;"domingo";"23:45:00";"PR";376;178;"MARINGA";"Condutor deixou de manter distância do veículo da frente";"Colisão transversal";"Com Vítimas Feridas";"Plena Noite";"Crescente";"Céu Claro";"Múltipla";"Reta";"Sim";2;0;0;1;0;1;1;2;-23,4192146;-51,91293985;"SPRF-PR";"DEL09-PR";"UOP01-DEL09-PR"
486697;2022-11-13;"domingo";"21:55:00";"MT";163;955;"NOVA SANTA HELENA";"Reação tardia ou ineficiente do condutor";"Colisão com objeto";"Com Vítimas Feridas";"Plena Noite";"Crescente";"Céu Claro";"Simples";"Rotatória";"Sim";1;0;1;0;0;0;1;1;-10,84890127;-55,18793106;"SPRF-MT";"DEL06-MT";"NPF/DEL06-MT"
486698;2022-11-13;"domingo";"18:10:00";"MG";40;621;"CONSELHEIRO LAFAIETE";"Acesso irregular";"Colisão lateral mesmo sentido";"Sem Vítimas";"Anoitecer";"Crescente";"Céu Claro";"Simples";"Reta";"Não";2;0;0;0;2;0;0;2;-20,58556107;-43,80743334;"SPRF-MG";"DEL05-MG";"UOP02-DEL05-MG"
486699;2022-11-13;"domingo";"22:00:00";"MA";135;20,9;"SAO LUIS";"Reação tardia ou ineficiente do condutor";"Saída de leito carroçável";"Sem Vítimas";"Plena Noite";"Crescente";"Céu Claro";"Dupla";"Reta";"Sim";1;0;0;0;0;1;0;1;-2,53073;-44,3068;"SPRF-MA";"DEL01-MA";"UOP01-DEL01-MA"
486700;2022-11-13;"domingo";"23:45:00";"SC";101;131,8;"BALNEARIO CAMBORIU";"Desrespeitar a preferência no cruzamento";"Colisão frontal";"Com Vítimas Feridas";"Plena Noite";"Crescente";"Garoa/Chuvisco";"Simples";"Reta";"Sim";2;0;0;1;1;0;1;2;-26,99064209;-48,66310912;"SPRF-SC";"DEL04-SC";"UOP03-DEL04-SC"
486701;2022-11-13;"domingo";"21:40:00";"MG";116;454,9;"ENGENHEIRO CALDAS";"Ingestão de álcool pelo condutor";"Saída de leito carroçável";"Com Vítimas Feridas";"Plena Noite";"Crescente";"Nublado";"Simples";"Reta";"Sim";1;0;1;0;0;0;1;1;-19,18425398;-42,04045306;"SPRF-MG";"DEL06-MG";"UOP02-DEL06-MG"
486702;2022-11-14;"segunda-feira";"00:30:00";"SP";116;426;"JUQUIA";"Ausência de reação do condutor";"Saída de leito carroçável";"Sem Vítimas";"Plena Noite";"Decrescente";"Chuva";"Múltipla";"Curva";"Não";1;0;0;0;1;0;0;1;-24,38735659;-47,7169352;"SPRF-SP";"DEL05-SP";"UOP01-DEL05-SP"
486703;2022-11-14;"segunda-feira";"00:05:00";"PR";116;107,9;"CURITIBA";"Ausência de reação do condutor";"Colisão traseira";"Sem Vítimas";"Plena Noite";"Crescente";"Céu Claro";"Dupla";"Reta";"Não";3;0;0;0;3;0;0;2;-25,56989668;-49,18778205;"SPRF-PR";"DEL01-PR";"UOP07-DEL01-PR"
486706;2022-11-14;"segunda-feira";"00:50:00";"RS";386;345;"LAJEADO";"Ausência de reação do condutor";"Saída de leito carroçável";"Com Vítimas Feridas";"Plena Noite";"Crescente";"Chuva";"Simples";"Reta";"Sim";1;0;0;1;0;0;1;1;-29,443069;-51,984135;"SPRF-RS";"DEL04-RS";"UOP01-DEL04-RS"
486708;2022-11-14;"segunda-feira";"00:30:00";"RS";116;403;"CAMAQUA";"Ausência de reação do condutor";"Saída de leito carroçável";"Com Vítimas Feridas";"Plena Noite";"Decrescente";"Nublado";"Simples";"Em Obras";"Não";3;0;1;0;2;0;1;1;-30,88592936;-51,83355581;"SPRF-RS";"DEL02-RS";"UOP02-DEL02-RS"
486710;2022-11-13;"domingo";"23:00:00";"BA";101;275;"LAJE";"Ingestão de álcool pelo condutor";"Queda de ocupante de veículo";"Com Vítimas Feridas";"Plena Noite";"Crescente";"Céu Claro";"Simples";"Reta";"Não";1;0;1;0;0;0;1;1;-13,068622;-39,2754;"SPRF-BA";"DEL01-BA";"UOP02-DEL01-BA"
486711;2022-11-14;"segunda-feira";"00:20:00";"SP";381;85,2;"SAO PAULO";"Reação tardia ou ineficiente do condutor";"Colisão traseira";"Sem Vítimas";"Plena Noite";"Crescente";"Nublado";"Dupla";"Reta";"Sim";1;0;0;0;0;1;0;1;-23,449343;-46,56983501;"SPRF-SP";"DEL03-SP";"UOP01-DEL03-SP"
486712;2022-11-13;"domingo";"23:40:00";"MA";226;298;"BARRA DO CORDA";"Transitar na contramão";"Colisão frontal";"Com Vítimas Feridas";"Plena Noite";"Decrescente";"Céu Claro";"Simples";"Reta";"Sim";7;0;1;2;3;1;3;4;-5,50176103;-45,23562004;"SPRF-MA";"DEL06-MA";"UOP01-DEL06-MA"
486714;2022-11-14;"segunda-feira";"01:40:00";"MG";381;874;"ESTIVA";"Reação tardia ou ineficiente do condutor";"Saída de leito carroçável";"Com Vítimas Feridas";"Plena Noite";"Crescente";"Chuva";"Dupla";"Curva";"Não";1;0;1;0;0;0;1;1;-22,45619351;-46,00792634;"SPRF-MG";"DEL16-MG";"UOP01-DEL16-MG"
486715;2022-11-14;"segunda-feira";"01:00:00";"SP";116;54,8;"LORENA";"Animais na Pista";"Atropelamento de Animal";"Com Vítimas Feridas";"Plena Noite";"Crescente";"Nublado";"Dupla";"Reta";"Não";2;0;2;0;0;0;2;1;-22,76171827;-45,12042046;"SPRF-SP";"DEL08-SP";"UOP02-DEL08-SP"
486716;2022-11-14;"segunda-feira";"02:00:00";"RS";116;246;"SAO LEOPOLDO";"Reação tardia ou ineficiente do condutor";"Colisão com objeto";"Sem Vítimas";"Plena Noite";"Crescente";"Nublado";"Dupla";"Curva";"Sim";1;0;0;0;0;1;0;1;-29,758751;-51,15186806;"SPRF-RS";"DEL01-RS";"UOP02-DEL01-RS"
486717;2022-11-14;"segunda-feira";"01:50:00";"MG";40;513,4;"RIBEIRAO DAS NEVES";"Ingestão de álcool pelo condutor";"Saída de leito carroçável";"Com Vítimas Feridas";"Plena Noite";"Crescente";"Céu Claro";"Dupla";"Declive;Curva";"Não";1;0;1;0;0;0;1;1;-19,79735408;-44,10776854;"SPRF-MG";"DEL01-MG";"UOP02-DEL01-MG"
486718;2022-11-13;"domingo";"17:00:00";"SC";101;292;"IMBITUBA";"Ausência de reação do condutor";"Capotamento";"Com Vítimas Feridas";"Pleno dia";"Crescente";"Céu Claro";"Dupla";"Reta";"Sim";2;0;0;2;0;0;2;1;-28,278057;-48,700386;"SPRF-SC";"DEL02-SC";"UOP03-DEL02-SC"
486719;2022-11-14;"segunda-feira";"03:40:00";"SP";116;269,6;"TABOAO DA SERRA";"Condutor desrespeitou a iluminação vermelha do semáforo";"Colisão transversal";"Com Vítimas Feridas";"Plena Noite";"Crescente";"Garoa/Chuvisco";"Dupla";"Reta";"Sim";3;0;1;1;1;0;2;2;-23,608777;-46,757388;"SPRF-SP";"DEL04-SP";"UOP01-DEL04-SP"
486721;2022-11-14;"segunda-feira";"04:40:00";"GO";60;0,2;"SANTO ANTONIO DO DESCOBERTO";"Condutor Dormindo";"Saída de leito carroçável";"Com Vítimas Feridas";"Amanhecer";"Decrescente";"Céu Claro";"Dupla";"Reta";"Não";3;0;3;0;0;0;3;1;-16,054169;-48,260436;"SPRF-DF";"DEL03-DF";"UOP01-DEL03-DF"