"id";"data_inversa";"dia_semana";"horario";"uf";"br";"km";"municipio";"causa_acidente";"tipo_acidente";"classificacao_acidente";"fase_dia";"sentido_via";"condicao_metereologica";"tipo_pista";"tracado_via";"uso_solo";"pessoas";"mortos";"feridos_leves";"feridos_graves";"ilesos";"ignorados";"feridos";"veiculos";"latitude";"longitude";"regional";"delegacia";"uop"
486722;2022-11-14;"segunda-feira";"05:10:00";"PE";101;83,7;"JABOATAO DOS GUARARAPES";"Velocidade Incompatível";"Saída de leito carroçável";"Sem Vítimas";"Amanhecer";"Crescente";"Céu Claro";"Dupla";"Curva";"Sim";4;0;0;0;0;4;0;2;-8,17772;-34,946472;"SPRF-PE";"DEL01-PE";"UOP01-DEL01-PE"
486723;2022-11-14;"segunda-feira";"04:30:00";"CE";116;23,2;"AQUIRAZ";"Reação tardia ou ineficiente do condutor";"Saída de leito carroçável";"Com Vítimas Feridas";"Amanhecer";"Decrescente";"Nublado";"Dupla";"Declive";"Sim";2;0;2;0;0;0;2;1;-3,94905489;-38,51212845;"SPRF-CE";"DEL01-CE";"UOP02-DEL01-CE"
486724;2022-11-14;"segunda-feira";"00:40:00";"RR";174;514,5;"BOA VISTA";"Transitar no acostamento";"Atropelamento de Pedestre";"Com Vítimas Feridas";"Plena Noite";"Decrescente";"Céu Claro";"Simples";"Reta";"Não";3;0;1;0;1;1;1;2;2,89691324;-60,70377588;"SPRF-RR";"DEL01-RR";"UOP01-DEL01-RR"
486725;2022-11-13;"domingo";"20:53:00";"MG";40;611;"CONGONHAS";"Reação tardia ou ineficiente do condutor";"Tombamento";"Com Vítimas Feridas";"Plena Noite";"Decrescente";"Chuva";"Simples";"Reta";"Sim";2;0;1;0;1;0;1;1;-20,51043545;-43,84039195;"SPRF-MG";"DEL05-MG";"UOP02-DEL05-MG"
486726;2022-11-14;"segunda-feira";"06:00:00";"SP";116;219;"GUARULHOS";"Acumulo de água sobre o pavimento";"Queda de ocupante de veículo";"Com Vítimas Feridas";"Pleno dia";"Crescente";"Céu Claro";"Múltipla";"Reta";"Sim";2;0;2;0;0;0;2;1;-23,46143954;-46,48885316;"SPRF-SP";"DEL01-SP";"UOP01-DEL01-SP"
486727;2022-11-14;"segunda-feira";"03:05:00";"RR";174;513;"BOA VISTA";"Ultrapassagem Indevida";"Colisão lateral mesmo sentido";"Sem Vítimas";"Plena Noite";"Decrescente";"Céu Claro";"Simples";"Reta";"Não";4;0;0;0;4;0;0;2;2,88055;-60,698753;"SPRF-RR";"DEL01-RR";"UOP01-DEL01-RR"
486729;2022-11-14;"segunda-feira";"06:40:00";"SC";282;55;"RANCHO QUEIMADO";"Chuva";"Colisão frontal";"Com Vítimas Feridas";"Pleno dia";"Decrescente";"Chuva";"Simples";"Curva";"Não";2;0;0;1;1;0;1;2;-27,68906554;-48,98404598;"SPRF-SC";"DEL01-SC";"UOP03-DEL01-SC"
486731;2022-11-14;"segunda-feira";"04:35:00";"PR";369;130,1;"JATAIZINHO";"Ausência de reação do condutor";"Colisão com objeto";"Com Vítimas Feridas";"Plena Noite";"Crescente";"Garoa/Chuvisco";"Dupla";"Ponte";"Sim";2;0;1;1;0;0;2;1;-23,25724878;-50,98389377;"SPRF-PR";"DEL07-PR";"UOP01-DEL07-PR"
486732;2022-11-14;"segunda-feira";"06:30:00";"SP";116;208;"GUARULHOS";"Condutor Dormindo";"Colisão traseira";"Com Vítimas Feridas";"Pleno dia";"Crescente";"Céu Claro";"Dupla";"Reta";"Sim";2;0;1;0;1;0;1;2;-23,42222263;-46,3932771;"SPRF-SP";"DEL01-SP";"UOP01-DEL01-SP"
486733;2022-11-14;"segunda-feira";"00:10:00";"MA";230;148;"PASTOS BONS";"Ingestão de álcool pelo condutor";"Colisão traseira";"Com Vítimas Feridas";"Plena Noite";"Decrescente";"Ignorado";"Simples";"Reta";"Não";1;0;0;1;0;0;1;1;-6,633144;-44,140716;"SPRF-MA";"DEL05-MA";"UOP01-DEL05-MA"
486734;2022-11-14;"segunda-feira";"00:10:00";"ES";101;125;"SOORETAMA";"Velocidade Incompatível";"Saída de leito carroçável";"Sem Vítimas";"Plena Noite";"Decrescente";"Céu Claro";"Dupla";"Reta";"Sim";1;0;0;0;0;1;0;1;-19,18496498;-40,09429827;"SPRF-ES";"DEL04-ES";"UOP01-DEL04-ES"
486735;2022-11-14;"segunda-feira";"07:00:00";"MG";40;551;"NOVA LIMA";"Reação tardia ou ineficiente do condutor";"Queda de ocupante de veículo";"Com Vítimas Feridas";"Amanhecer";"Decrescente";"Céu Claro";"Dupla";"Reta";"Sim";1;0;1;0;0;0;1;1;-20,05411435;-43,97101875;"SPRF-MG";"DEL01-MG";"UOP02-DEL01-MG"
486737;2022-11-14;"segunda-feira";"07:00:00";"SE";235;16,3;"NOSSA SENHORA DO SOCORRO";"Ingestão de álcool pelo condutor";"Saída de leito carroçável";"Com Vítimas Feridas";"Pleno dia";"Decrescente";"Nublado";"Simples";"Reta";"Não";1;0;0;1;0;0;1;1;-10,852552;-37,192886;"SPRF-SE";"DEL01-SE";"UOP02-DEL01-SE"
486738;2022-11-14;"segunda-feira";"06:50:00";"PR";376;470;"PONTA GROSSA";"Chuva";"Saída de leito carroçável";"Com Vítimas Feridas";"Amanhecer";"Decrescente";"Céu Claro";"Dupla";"Reta";"Não";1;0;1;0;0;0;1;1;-25,0409359;-50,27017496;"SPRF-PR";"DEL03-PR";"UOP01-DEL03-PR"
486740;2022-11-14;"segunda-feira";"07:00:00";"PR";277;348;"GUARAPUAVA";"Ultrapassagem Indevida";"Colisão lateral sentido oposto";"Com Vítimas Feridas";"Pleno dia";"Crescente";"Céu Claro";"Simples";"Reta;Em Obras";"Não";2;0;1;0;1;0;1;2;-25,33928412;-51,42880296;"SPRF-PR";"DEL08-PR";"UOP01-DEL08-PR"
486741;2022-11-14;"segunda-feira";"07:00:00";"PR";116;93;"SAO JOSE DOS PINHAIS";"Reação tardia ou ineficiente do condutor";"Saída de leito carroçável";"Com Vítimas Feridas";"Pleno dia";"Crescente";"Chuva";"Simples";"Curva";"Não";4;0;4;0;0;0;4;1;-25,48227693;-49,10588805;"SPRF-PR";"DEL01-PR";"UOP07-DEL01-PR"
486742;2022-11-14;"segunda-feira";"06:20:00";"RJ";101;306;"SAO GONCALO";"Condutor Dormindo";"Saída de leito carroçável";"Com Vítimas Feridas";"Pleno dia";"Decrescente";"Nublado";"Dupla";"Reta";"Sim";1;0;1;0;0;0;1;1;-22,78913759;-43,00550909;"SPRF-RJ";"DEL02-RJ";"UOP02-DEL02-RJ"
486743;2022-11-14;"segunda-feira";"06:30:00";"SC";280;151,3;"MAFRA";"Chuva";"Saída de leito carroçável";"Com Vítimas Feridas";"Pleno dia";"Crescente";"Céu Claro";"Simples";"Curva";"Não";2;0;2;0;0;0;2;1;-26,23248274;-49,69867393;"SPRF-SC";"DEL06-SC";"UOP03-DEL06-SC"
486744;2022-11-14;"segunda-feira";"07:30:00";"RS";101;62;"MAQUINE";"Chuva";"Tombamento";"Com Vítimas Feridas";"Pleno dia";"Crescente";"Chuva";"Dupla";"Curva";"Não";2;0;2;0;0;0;2;1;-29,69242398;-50,15942216;"SPRF-RS";"DEL03-RS";"UOP02-DEL03-RS"
486745;2022-11-14;"segunda-feira";"07:35:00";"SP";153;14;"ICEM";"Avarias e/ou desgaste excessivo no pneu";"Saída de leito carroçável";"Com Vítimas Feridas";"Pleno dia";"Crescente";"Sol";"Simples";"Declive";"Não";1;0;1;0;0;0;1;1;-20,41481389;-49,26025307;"SPRF-SP";"DEL09-SP";"UOP01-DEL09-SP"
486746;2022-11-14;"segunda-feira";"07:22:00";"MG";50;2;"UBERLANDIA";"Velocidade Incompatível";"Capotamento";"Com Vítimas Feridas";"Pleno dia";"Crescente";"Céu Claro";"Dupla";"Curva";"Não";2;0;2;0;0;0;2;1;-18,9113;-48,2622;"SPRF-MG";"DEL15-MG";"UOP01-DEL15-MG"
486747;2022-11-14;"segunda-feira";"08:00:00";"PR";163;275;"QUATRO PONTES";"Ingestão de álcool pelo condutor";"Colisão com objeto";"Sem Vítimas";"Pleno dia";"Crescente";"Céu Claro";"Dupla";"Reta";"Não";1;0;0;0;1;0;0;1;-24,61125308;-53,95455801;"SPRF-PR";"DEL06-PR";"UOP02-DEL06-PR"
486748;2022-11-14;"segunda-feira";"06:50:00";"RN";101;95,2;"NATAL";"Ingestão de álcool pelo condutor";"Saída de leito carroçável";"Com Vítimas Feridas";"Pleno dia";"Decrescente";"Sol";"Múltipla";"Reta";"Sim";2;0;2;0;0;0;2;1;-5,84076841;-35,21035949;"SPRF-RN";"DEL01-RN";"UOP01-DEL01-RN"
486749;2022-11-14;"segunda-feira";"07:40:00";"CE";116;5;"FORTALEZA";"Condutor deixou de manter distância do veículo da frente";"Colisão traseira";"Com Vítimas Feridas";"Pleno dia";"Decrescente";"Céu Claro";"Múltipla";"Reta";"Sim";2;0;1;0;1;0;1;2;-3,79467116;-38,50772734;"SPRF-CE";"DEL01-CE";"UOP02-DEL01-CE"
486750;2022-11-14;"segunda-feira";"08:19:00";"MG";381;511,4;"IGARAPE";"Manobra de mudança de faixa";"Colisão transversal";"Com Vítimas Feridas";"Pleno dia";"Decrescente";"Céu Claro";"Múltipla";"Reta;Aclive";"Sim";3;0;2;0;1;0;2;2;-20,08463223;-44,3099407;"SPRF-MG";"DEL01-MG";"UOP03-DEL01-MG"
486751;2022-11-14;"segunda-feira";"07:55:00";"ES";101;217,9;"IBIRACU";"Demais falhas mecânicas ou elétricas";"Queda de ocupante de veículo";"Com Vítimas Feridas";"Pleno dia";"Decrescente";"Nublado";"Dupla";"Curva";"Não";1;0;1;0;0;0;1;1;-19,847186;-40,384266;"SPRF-ES";"DEL02-ES";"UOP01-DEL02-ES"
486752;2022-11-14;"segunda-feira";"08:00:00";"SP";101;45,4;"UBATUBA";"Acessar a via sem observar a presença dos outros veículos";"Colisão transversal";"Com Vítimas Feridas";"Pleno dia";"Crescente";"Céu Claro";"Simples";"Interseção de Vias";"Sim";3;0;1;0;1;1;1;2;-23,41779396;-45,06788408;"SPRF-SP";"DEL06-SP";"UOP01-DEL06-SP"
486753;2022-11-14;"segunda-feira";"08:15:00";"DF";70;16,3;"BRASILIA";"Acessar a via sem observar a presença dos outros veículos";"Colisão traseira";"Com Vítimas Feridas";"Pleno dia";"Decrescente";"Céu Claro";"Dupla";"Rotatória";"Não";2;0;1;0;1;0;1;2;-15,79588754;-48,19654942;"SPRF-DF";"DEL03-DF";"UOP02-DEL03-DF"
486755;2022-11-14;"segunda-feira";"08:25:00";"PB";230;25,2;"JOAO PESSOA";"Demais falhas mecânicas ou elétricas";"Tombamento";"Com Vítimas Feridas";"Pleno dia";"Decrescente";"Céu Claro";"Dupla";"Curva;Viaduto";"Sim";2;0;1;0;1;0;1;1;-7,1707;-34,8684;"SPRF-PB";"DEL01-PB";"UOP01-DEL01-PB"
486757;2022-11-14;"segunda-feira";"07:25:00";"RS";285;328,5;"CARAZINHO";"Reação tardia ou ineficiente do condutor";"Colisão traseira";"Com Vítimas Feridas";"Pleno dia";"Decrescente";"Chuva";"Simples";"Curva";"Não";2;0;1;0;1;0;1;2;-28,279453;-52,696926;"SPRF-RS";"DEL08-RS";"UOP03-DEL08-RS"
486760;2022-11-14;"segunda-feira";"08:30:00";"PR";476;129;"CURITIBA";"Reação tardia ou ineficiente do condutor";"Tombamento";"Com Vítimas Feridas";"Pleno dia";"Crescente";"Céu Claro";"Múltipla";"Reta";"Sim";1;0;1;0;0;0;1;1;-25,440983;-49,233715;"SPRF-PR";"DEL01-PR";"UOP01-DEL01-PR"
486761;2022-11-14;"segunda-feira";"07:30:00";"RJ";101;557;"PARATY";"Chuva";"Saída de leito carroçável";"Com Vítimas Feridas";"Pleno dia";"Decrescente";"Chuva";"Simples";"Curva";"Não";2;0;2;0;0;0;2;1;-23,09154148;-44,6958992;"SPRF-RJ";"DEL03-RJ";"UOP04-DEL03-RJ"
486762;2022-11-14;"segunda-feira";"07:30:00";"RS";290;26;"SANTO ANTONIO DA PATRULHA";"Condutor Dormindo";"Saída de leito carroçável";"Com Vítimas Feridas";"Pleno dia";"Crescente";"Chuva";"Dupla";"Reta";"Não";1;0;1;0;0;0;1;1;-29,87993679;-50,510813;"SPRF-RS";"DEL03-RS";"UOP01-DEL03-RS"
486763;2022-11-14;"segunda-feira";"08:30:00";"PR";476;129;"CURITIBA";"Ausência de reação do condutor";"Colisão traseira";"Com Vítimas Feridas";"Pleno dia";"Crescente";"Chuva";"Dupla";"Viaduto";"Sim";2;0;1;0;1;0;1;2;-25,440983;-49,233715;"SPRF-PR";"DEL01-PR";"UOP01-DEL01-PR"
486764;2022-11-14;"segunda-feira";"08:50:00";"PE";232;4,9;"RECIFE";"Trafegar com motocicleta (ou similar) entre as faixas";"Tombamento";"Com Vítimas Feridas";"Pleno dia";"Crescente";"Céu Claro";"Simples";"Curva";"Sim";1;0;1;0;0;0;1;1;-8,066871;-34,946244;"SPRF-PE";"DEL01-PE";"UOP01-DEL01-PE"
486765;2022-11-14;"segunda-feira";"08:40:00";"RJ";116;1,8;"SAPUCAIA";"Demais falhas mecânicas ou elétricas";"Incêndio";"Sem Vítimas";"Pleno dia";"Crescente";"Céu Claro";"Simples";"Reta";"Sim";1;0;0;0;1;0;0;1;-21,87743576;-42,67292698;"SPRF-RJ";"DEL05-RJ";"UOP01-DEL05-RJ"
486767;2022-11-14;"segunda-feira";"09:15:00";"RS";290;42;"GLORINHA";"Velocidade Incompatível";"Saída de leito carroçável";"Com Vítimas Feridas";"Pleno dia";"Decrescente";"Chuva";"Dupla";"Reta";"Não";1;0;1;0;0;0;1;1;-29,888767;-50,679028;"SPRF-RS";"DEL03-RS";"UOP01-DEL03-RS"
486768;2022-10-05;"quarta-feira";"17:40:00";"PR";116;122;"CURITIBA";"Manobra de mudança de faixa";"Colisão lateral mesmo sentido";"Com Vítimas Feridas";"Pleno dia";"Crescente";"Céu Claro";"Dupla";"Reta";"Não";4;0;0;1;0;3;1;4;-25,56857207;-49,31023179;"SPRF-PR";"DEL01-PR";"UOP03-DEL01-PR"
486769;2022-11-14;"segunda-feira";"09:14:00";"MG";365;641;"UBERLANDIA";"Avarias e/ou desgaste excessivo no pneu";"Capotamento";"Com Vítimas Feridas";"Pleno dia";"Crescente";"Chuva";"Dupla";"Declive";"Não";5;0;4;0;1;0;4;1;-18,88388156;-48,47481693;"SPRF-MG";"DEL15-MG";"UOP01-DEL15-MG"
486771;2022-11-14;"segunda-feira";"08:05:00";"SC";282;332;"CAMPOS NOVOS";"Demais falhas na via";"Saída de leito carroçável";"Com Vítimas Feridas";"Pleno dia";"Decrescente";"Céu Claro";"Simples";"Reta";"Não";1;0;1;0;0;0;1;1;-27,384575;-51,106579;"SPRF-SC";"DEL07-SC";"UOP06-DEL07-SC"
486772;2022-11-14;"segunda-feira";"08:20:00";"SC";101;24;"JOINVILLE";"Velocidade Incompatível";"Colisão traseira";"Com Vítimas Feridas";"Pleno dia";"Crescente";"Garoa/Chuvisco";"Dupla";"Interseção de Vias;Reta";"Não";2;0;1;0;1;0;1;2;-26,17720023;-48,90872955;"SPRF-SC";"DEL03-SC";"UOP01-DEL03-SC"
486774;2022-11-14;"segunda-feira";"04:00:00";"AC";317;238;"XAPURI";"Reação tardia ou ineficiente do condutor";"Saída de leito carroçável";"Sem Vítimas";"Plena Noite";"Decrescente";"Céu Claro";"Simples";"Reta";"Não";1;0;0;0;0;1;0;1;-10,73634688;-68,43333839;"SPRF-AC";"DEL01-AC";"UOP02-DEL01-AC"
486776;2022-11-14;"segunda-feira";"11:00:00";"ES";101;274;"SERRA";"Mal súbito do condutor";"Queda de ocupante de veículo";"Com Vítimas Feridas";"Pleno dia";"Crescente";"Céu Claro";"Dupla";"Reta";"Não";1;0;1;0;0;0;1;1;-20,21288515;-40,29612219;"SPRF-ES";"DEL02-ES";"UOP01-DEL02-ES"
486778;2022-11-14;"segunda-feira";"11:15:00";"MG";50;129;"UBERABA";"Reação tardia ou ineficiente do condutor";"Capotamento";"Com Vítimas Feridas";"Pleno dia";"Decrescente";"Garoa/Chuvisco";"Dupla";"Curva";"Não";5;0;2;0;3;0;2;1;-19,38085098;-48,07703881;"SPRF-MG";"DEL13-MG";"UOP01-DEL13-MG"
486780;2022-11-14;"segunda-feira";"10:30:00";"MG";381;671,5;"PERDOES";"Chuva";"Colisão com objeto";"Com Vítimas Feridas";"Pleno dia";"Crescente";"Chuva";"Dupla";"Curva;Declive";"Não";1;0;1;0;0;0;1;1;-21,066089;-45,052615;"SPRF-MG";"DEL04-MG";"UOP02-DEL04-MG"
486781;2022-11-14;"segunda-feira";"12:00:00";"MG";40;532;"BELO HORIZONTE";"Ausência de reação do condutor";"Queda de ocupante de veículo";"Com Vítimas Feridas";"Pleno dia";"Decrescente";"Nublado";"Dupla";"Reta";"Sim";2;0;0;2;0;0;2;1;-19,92372561;-44,01700789;"SPRF-MG";"DEL01-MG";"UOP02-DEL01-MG"
486782;2022-11-14;"segunda-feira";"12:30:00";"ES";262;95;"DOMINGOS MARTINS";"Reação tardia ou ineficiente do condutor";"Colisão transversal";"Com Vítimas Feridas";"Pleno dia";"Decrescente";"Céu Claro";"Simples";"Reta";"Não";2;0;1;0;1;0;1;2;-20,3659225;-41,06040133;"SPRF-ES";"DEL01-ES";"UOP02-DEL01-ES"
486783;2022-11-14;"segunda-feira";"11:30:00";"RO";364;711;"PORTO VELHO";"Acesso irregular";"Colisão transversal";"Com Vítimas Feridas";"Pleno dia";"Crescente";"Sol";"Dupla";"Reta";"Sim";2;0;1;0;1;0;1;2;-8,78153947;-63,86531369;"SPRF-RO";"DEL01-RO";"UOP01-DEL01-RO"
486784;2022-11-14;"segunda-feira";"12:35:00";"GO";50;260;"CATALAO";"Ausência de reação do condutor";"Saída de leito carroçável";"Com Vítimas Feridas";"Pleno dia";"Crescente";"Nublado";"Dupla";"Reta";"Não";4;0;0;1;3;0;1;1;-18,0366;-47,8438;"SPRF-GO";"DEL06-GO";"UOP01-DEL06-GO"
486786;2022-11-14;"segunda-feira";"09:00:00";"RJ";393;239;"VASSOURAS";"Acessar a via sem observar a presença dos outros veículos";"Colisão transversal";"Com Vítimas Feridas";"Pleno dia";"Crescente";"Nublado";"Simples";"Reta";"Sim";3;0;1;0;1;1;1;2;-22,40800571;-43,67023264;"SPRF-RJ";"DEL05-RJ";"UOP04-DEL05-RJ"
486787;2022-11-14;"segunda-feira";"13:00:00";"MG";116;277;"TEOFILO OTONI";"Acumulo de areia ou detritos sobre o pavimento";"Tombamento";"Com Vítimas Feridas";"Pleno dia";"Crescente";"Céu Claro";"Dupla";"Reta";"Sim";1;0;1;0;0;0;1;1;-17,85901517;-41,51525829;"SPRF-MG";"DEL11-MG";"UOP01-DEL11-MG"
486788;2022-11-14;"segunda-feira";"12:40:00";"SP";116;49,1;"CANAS";"Demais falhas mecânicas ou elétricas";"Incêndio";"Sem Vítimas";"Pleno dia";"Decrescente";"Nublado";"Dupla";"Reta";"Não";1;0;0;0;1;0;0;1;-22,73051614;-45,0765859;"SPRF-SP";"DEL08-SP";"UOP02-DEL08-SP"
486789;2022-11-13;"domingo";"03:40:00";"AL";101;76,1;"RIO LARGO";"Acessar a via sem observar a presença dos outros veículos";"Colisão frontal";"Com Vítimas Feridas";"Amanhecer";"Crescente";"Chuva";"Dupla";"Aclive";"Não";3;0;0;1;1;1;1;3;-9,4168041;-35,8387321;"SPRF-AL";"DEL01-AL";"UOP01-DEL01-AL"
486790;2022-11-14;"segunda-feira";"12:02:00";"GO";60;416;"RIO VERDE";"Demais falhas mecânicas ou elétricas";"Incêndio";"Sem Vítimas";"Pleno dia";"Decrescente";"Nublado";"Dupla";"Reta";"Não";1;0;0;0;1;0;0;1;-17,8196;-51,202;"SPRF-GO";"DEL04-GO";"UOP02-DEL04-GO"
486791;2022-11-14;"segunda-feira";"11:45:00";"SP";381;69;"MAIRIPORA";"Pista Escorregadia";"Colisão com objeto";"Com Vítimas Feridas";"Pleno dia";"Decrescente";"Nublado";"Múltipla";"Curva";"Não";2;0;1;0;1;0;1;1;-23,34553108;-46,56787903;"SPRF-SP";"DEL03-SP";"UOP01-DEL03-SP"
486792;2022-11-14;"segunda-feira";"13:05:00";"MG";40;519;"RIBEIRAO DAS NEVES";"Reação tardia ou ineficiente do condutor";"Saída de leito carroçável";"Com Vítimas Feridas";"Pleno dia";"Crescente";"Chuva";"Dupla";"Reta";"Não";4;0;3;1;0;0;4;1;-19,83957589;-44,07684485;"SPRF-MG";"DEL01-MG";"UOP02-DEL01-MG"
486793;2022-11-14;"segunda-feira";"13:36:00";"RS";470;208;"BENTO GONCALVES";"Reação tardia ou ineficiente do condutor";"Colisão frontal";"Com Vítimas Feridas";"Pleno dia";"Decrescente";"Céu Claro";"Simples";"Curva";"Não";4;0;4;0;0;0;4;2;-29,09490791;-51,54890598;"SPRF-RS";"DEL06-RS";"UOP01-DEL06-RS"
486794;2022-11-14;"segunda-feira";"07:50:00";"MG";116;692,2;"MURIAE";"Ingestão de álcool pelo condutor";"Colisão transversal";"Com Vítimas Feridas";"Pleno dia";"Crescente";"Céu Claro";"Simples";"Reta";"Não";2;0;1;0;1;0;1;2;-21,035724;-42,36710899;"SPRF-MG";"DEL07-MG";"UOP02-DEL07-MG"
486796;2022-11-14;"segunda-feira";"13:50:00";"BA";324;600;"SIMOES FILHO";"Manobra de mudança de faixa";"Colisão transversal";"Com Vítimas Feridas";"Pleno dia";"Crescente";"Sol";"Múltipla";"Reta";"Não";2;0;1;0;1;0;1;2;-12,74882798;-38,43296497;"SPRF-BA";"DEL01-BA";"UOP01-DEL01-BA"
486797;2022-11-14;"segunda-feira";"10:30:00";"MG";262;442,6;"NOVA SERRANA";"Ausência de reação do condutor";"Tombamento";"Com Vítimas Feridas";"Plena Noite";"Crescente";"Vento";"Dupla";"Reta";"Sim";2;0;2;0;0;0;2;1;-19,8806236;-44,91232265;"SPRF-MG";"DEL08-MG";"UOP03-DEL08-MG"
486799;2022-11-14;"segunda-feira";"12:20:00";"AP";210;42;"MACAPA";"Velocidade Incompatível";"Saída de leito carroçável";"Com Vítimas Feridas";"Pleno dia";"Decrescente";"Céu Claro";"Simples";"Curva";"Não";1;0;0;1;0;0;1;1;0,37537608;-51,0723773;"SPRF-AP";"DEL01-AP";"UOP01-DEL01-AP"
486801;2022-11-14;"segunda-feira";"14:00:00";"SP";116;141,5;"SAO JOSE DOS CAMPOS";"Reação tardia ou ineficiente do condutor";"Saída de leito carroçável";"Com Vítimas Feridas";"Pleno dia";"Crescente";"Nublado";"Dupla";"Reta";"Sim";2;0;2;0;0;0;2;1;-23,17004717;-45,82091491;"SPRF-SP";"DEL02-SP";"UOP01-DEL02-SP"
486802;2022-11-14;"segunda-feira";"12:40:00";"SC";470;69;"INDAIAL";"Acessar a via sem observar a presença dos outros veículos";"Colisão transversal";"Com Vítimas Feridas";"Pleno dia";"Crescente";"Sol";"Simples";"Reta;Em Obras";"Sim";2;0;1;0;1;0;1;2;-26,883745;-49,246704;"SPRF-SC";"DEL04-SC";"UOP01-DEL04-SC"
486803;2022-11-14;"segunda-feira";"14:50:00";"RS";158;563,2;"SANTANA DO LIVRAMENTO";"Ingestão de álcool pelo condutor";"Colisão transversal";"Com Vítimas Feridas";"Pleno dia";"Crescente";"Garoa/Chuvisco";"Simples";"Interseção de Vias";"Sim";6;0;1;1;4;0;2;2;-30,85728054;-55,49983978;"SPRF-RS";"DEL11-RS";"UOP01-DEL11-RS"
486804;2022-11-14;"segunda-feira";"10:14:00";"RN";406;34;"GUAMARE";"Acessar a via sem observar a presença dos outros veículos";"Colisão lateral mesmo sentido";"Sem Vítimas";"Pleno dia";"Decrescente";"Céu Claro";"Simples";"Reta";"Não";1;0;0;0;1;0;0;1;-5,25376781;-36,36039892;"SPRF-RN";"DEL02-RN";"UOP01-DEL02-RN"
486805;2022-09-09;"sexta-feira";"03:00:00";"PA";10;180;"IPIXUNA DO PARA";"Animais na Pista";"Atropelamento de Animal";"Com Vítimas Feridas";"Amanhecer";"Crescente";"Céu Claro";"Simples";"Reta";"Não";3;0;1;2;0;0;3;1;-2,85881003;-47,43998019;"SPRF-PA";"DEL02-PA";"UOP01-DEL02-PA"
486806;2022-11-14;"segunda-feira";"14:14:00";"PR";277;78;"CURITIBA";"Demais falhas mecânicas ou elétricas";"Saída de leito carroçável";"Com Vítimas Feridas";"Pleno dia";"Decrescente";"Céu Claro";"Simples";"Reta";"Sim";2;0;0;1;0;1;1;2;-25,46993375;-49,21325684;"SPRF-PR";"DEL01-PR";"UOP01-DEL01-PR"
486807;2022-11-14;"segunda-feira";"14:10:00";"SC";101;132,2;"BALNEARIO CAMBORIU";"Reação tardia ou ineficiente do condutor";"Atropelamento de Pedestre";"Com Vítimas Feridas";"Pleno dia";"Crescente";"Céu Claro";"Dupla";"Reta";"Não";2;0;1;0;0;1;1;2;-26,99654133;-48,65564711;"SPRF-SC";"DEL04-SC";"UOP03-DEL04-SC"
486808;2022-11-14;"segunda-feira";"15:00:00";"RS";116;246,6;"SAO LEOPOLDO";"Transitar na contramão";"Colisão transversal";"Com Vítimas Feridas";"Pleno dia";"Crescente";"Céu Claro";"Múltipla";"Retorno Regulamentado";"Sim";2;0;0;1;1;0;1;2;-29,758751;-51,15186806;"SPRF-RS";"DEL01-RS";"UOP02-DEL01-RS"
486809;2022-11-14;"segunda-feira";"14:10:00";"SC";101;150;"ITAPEMA";"Reação tardia ou ineficiente do condutor";"Colisão traseira";"Com Vítimas Feridas";"Pleno dia";"Decrescente";"Céu Claro";"Dupla";"Reta";"Sim";2;0;1;0;1;0;1;2;-27,11744799;-48,60940987;"SPRF-SC";"DEL04-SC";"UOP03-DEL04-SC"
486811;2022-11-14;"segunda-feira";"14:34:00";"RN";101;77;"NATAL";"Reação tardia ou ineficiente do condutor";"Colisão lateral mesmo sentido";"Com Vítimas Feridas";"Pleno dia";"Decrescente";"Sol";"Dupla";"Reta";"Sim";2;0;1;0;1;0;1;2;-5,73180495;-35,29112135;"SPRF-RN";"DEL02-RN";"UOP01-DEL02-RN"
486813;2022-11-14;"segunda-feira";"15:30:00";"SP";116;284,5;"EMBU DAS ARTES";"Condutor deixou de manter distância do veículo da frente";"Colisão traseira";"Com Vítimas Feridas";"Pleno dia";"Crescente";"Céu Claro";"Dupla";"Curva";"Sim";2;0;1;0;1;0;1;2;-23,69998;-46,867767;"SPRF-SP";"DEL04-SP";"UOP01-DEL04-SP"
486819;2022-11-14;"segunda-feira";"16:00:00";"SC";101;149,3;"ITAPEMA";"Condutor deixou de manter distância do veículo da frente";"Colisão traseira";"Com Vítimas Feridas";"Pleno dia";"Decrescente";"Céu Claro";"Dupla";"Reta";"Não";2;0;0;2;0;0;2;2;-27,1089649;-48,61277586;"SPRF-SC";"DEL04-SC";"UOP03-DEL04-SC"
486820;2022-11-14;"segunda-feira";"15:30:00";"RO";364;711;"PORTO VELHO";"Manobra de mudança de faixa";"Colisão lateral mesmo sentido";"Com Vítimas Feridas";"Pleno dia";"Decrescente";"Céu Claro";"Dupla";"Interseção de Vias";"Não";2;0;2;0;0;0;2;2;-8,78153947;-63,86531369;"SPRF-RO";"DEL01-RO";"UOP01-DEL01-RO"
486821;2022-11-14;"segunda-feira";"16:40:00";"SC";101;200;"SAO JOSE";"Demais falhas mecânicas ou elétricas";"Tombamento";"Com Vítimas Feridas";"Pleno dia";"Decrescente";"Nublado";"Múltipla";"Reta";"Sim";2;0;2;0;0;0;2;1;-27,54018513;-48,62287714;"SPRF-SC";"DEL01-SC";"UOP01-DEL01-SC"
486822;2022-11-14;"segunda-feira";"16:55:00";"MG";262;450,1;"NOVA SERRANA";"Ausência de reação do condutor";"Colisão traseira";"Com Vítimas Feridas";"Pleno dia";"Decrescente";"Céu Claro";"Simples";"Reta";"Não";2;0;1;0;1;0;1;2;-19,86372828;-44,99796931;"SPRF-MG";"DEL08-MG";"UOP03-DEL08-MG"