"id";"data_inversa";"dia_semana";"horario";"uf";"br";"km";"municipio";"causa_acidente";"tipo_acidente";"classificacao_acidente";"fase_dia";"sentido_via";"condicao_metereologica";"tipo_pista";"tracado_via";"uso_solo";"pessoas";"mortos";"feridos_leves";"feridos_graves";"ilesos";"ignorados";"feridos";"veiculos";"latitude";"longitude";"regional";"delegacia";"uop"
486823;2022-11-14;"segunda-feira";"17:00:00";"CE";222;2;"FORTALEZA";"Manobra de mudança de faixa";"Colisão lateral mesmo sentido";"Sem Vítimas";"Pleno dia";"Crescente";"Nublado";"Dupla";"Reta";"Sim";2;0;0;0;2;0;0;2;-3,73911117;-38,58687498;"SPRF-CE";"DEL01-CE";"UOP01-DEL01-CE"
486825;2022-11-14;"segunda-feira";"17:00:00";"MG";116;277;"TEOFILO OTONI";"Acumulo de areia ou detritos sobre o pavimento";"Tombamento";"Com Vítimas Feridas";"Pleno dia";"Crescente";"Céu Claro";"Dupla";"Reta";"Sim";1;0;1;0;0;0;1;1;-17,86120049;-41,51505444;"SPRF-MG";"DEL11-MG";"UOP01-DEL11-MG"
486826;2022-11-14;"segunda-feira";"15:30:00";"RJ";101;523;"ANGRA DOS REIS";"Mal súbito do condutor";"Tombamento";"Com Vítimas Feridas";"Pleno dia";"Crescente";"Nublado";"Simples";"Reta";"Sim";1;0;1;0;0;0;1;1;-23,00283001;-44,47362994;"SPRF-RJ";"DEL03-RJ";"UOP03-DEL03-RJ"
486827;2022-11-14;"segunda-feira";"16:50:00";"RS";470;168;"VILA FLORES";"Acessar a via sem observar a presença dos outros veículos";"Colisão transversal";"Sem Vítimas";"Pleno dia";"Crescente";"Céu Claro";"Simples";"Curva";"Sim";5;0;0;0;5;0;0;2;-28,85711814;-51,55698016;"SPRF-RS";"DEL06-RS";"UOP02-DEL06-RS"
486828;2022-10-12;"quarta-feira";"19:30:00";"MG";116;268;"TEOFILO OTONI";"Acumulo de areia ou detritos sobre o pavimento";"Tombamento";"Com Vítimas Feridas";"Plena Noite";"Crescente";"Ignorado";"Simples";"Curva";"Não";1;0;0;1;0;0;1;1;-17,78709397;-41,49977395;"SPRF-MG";"DEL11-MG";"UOP01-DEL11-MG"
486830;2022-11-14;"segunda-feira";"16:00:00";"GO";40;124;"CRISTALINA";"Acumulo de água sobre o pavimento";"Saída de leito carroçável";"Sem Vítimas";"Pleno dia";"Crescente";"Chuva";"Dupla";"Reta";"Não";1;0;0;0;1;0;0;1;-16,868898;-47,386498;"SPRF-DF";"DEL01-DF";"UOP02-DEL01-DF"
486831;2022-11-14;"segunda-feira";"17:52:00";"DF";40;0,7;"BRASILIA";"Animais na Pista";"Colisão lateral mesmo sentido";"Com Vítimas Feridas";"Anoitecer";"Crescente";"Céu Claro";"Dupla";"Reta";"Sim";2;0;1;0;1;0;1;2;-15,976897;-47,990129;"SPRF-DF";"DEL01-DF";"UOP01-DEL01-DF"
486832;2022-11-14;"segunda-feira";"15:35:00";"MT";163;835;"SINOP";"Reação tardia ou ineficiente do condutor";"Queda de ocupante de veículo";"Com Vítimas Feridas";"Pleno dia";"Crescente";"Céu Claro";"Dupla";"Reta";"Sim";1;0;1;0;0;0;1;1;-11,85872017;-55,49461484;"SPRF-MT";"DEL06-MT";"NPF/DEL06-MT"
486833;2022-11-14;"segunda-feira";"08:20:00";"PR";277;129;"BALSA NOVA";"Reação tardia ou ineficiente do condutor";"Colisão com objeto";"Sem Vítimas";"Pleno dia";"Decrescente";"Garoa/Chuvisco";"Simples";"Curva";"Não";1;0;0;0;1;0;0;1;-25,478222;-49,642926;"SPRF-PR";"DEL03-PR";"UOP03-DEL03-PR"
486834;2022-11-14;"segunda-feira";"18:02:00";"RS";116;240;"NOVO HAMBURGO";"Reação tardia ou ineficiente do condutor";"Engavetamento";"Com Vítimas Feridas";"Pleno dia";"Decrescente";"Céu Claro";"Dupla";"Reta";"Sim";4;0;1;0;3;0;1;4;-29,70767052;-51,14705443;"SPRF-RS";"DEL01-RS";"UOP02-DEL01-RS"
486836;2022-11-03;"quinta-feira";"00:40:00";"MS";163;466,2;"CAMPO GRANDE";"Reação tardia ou ineficiente do condutor";"Colisão com objeto";"Com Vítimas Feridas";"Plena Noite";"Decrescente";"Céu Claro";"Simples";"Rotatória";"Não";1;0;1;0;0;0;1;1;-20,58256881;-54,58287527;"SPRF-MS";"DEL01-MS";"UOP01-DEL01-MS"
486837;2022-11-14;"segunda-feira";"18:15:00";"SP";101;43;"UBATUBA";"Condutor deixou de manter distância do veículo da frente";"Colisão traseira";"Com Vítimas Feridas";"Anoitecer";"Crescente";"Céu Claro";"Simples";"Reta";"Sim";4;0;1;0;3;0;1;2;-23,41217537;-45,05739148;"SPRF-SP";"DEL06-SP";"UOP01-DEL06-SP"
486838;2022-11-14;"segunda-feira";"17:30:00";"MG";40;815,9;"MATIAS BARBOSA";"Demais falhas mecânicas ou elétricas";"Incêndio";"Sem Vítimas";"Anoitecer";"Decrescente";"Garoa/Chuvisco";"Dupla";"Reta";"Não";1;0;0;0;1;0;0;1;-21,899943;-43,31155704;"SPRF-MG";"DEL05-MG";"UOP01-DEL05-MG"
486840;2022-11-14;"segunda-feira";"18:20:00";"SC";470;60,2;"BLUMENAU";"Ultrapassagem Indevida";"Colisão lateral mesmo sentido";"Com Vítimas Feridas";"Pleno dia";"Crescente";"Sol";"Simples";"Reta";"Sim";2;0;2;0;0;0;2;2;-26,88138;-49,164543;"SPRF-SC";"DEL04-SC";"UOP01-DEL04-SC"
486842;2022-11-14;"segunda-feira";"17:50:00";"GO";60;37;"GOIANIA";"Área urbana sem a presença de local apropriado para a travessia de pedestres";"Atropelamento de Pedestre";"Com Vítimas Feridas";"Pleno dia";"Crescente";"Céu Claro";"Dupla";"Reta";"Sim";2;0;2;0;0;0;2;2;-16,73234199;-49,3491072;"SPRF-GO";"DEL01-GO";"UOP02-DEL01-GO"
486846;2022-11-14;"segunda-feira";"17:50:00";"ES";262;109,3;"VENDA NOVA DO IMIGRANTE";"Velocidade Incompatível";"Tombamento";"Com Vítimas Feridas";"Pleno dia";"Crescente";"Céu Claro";"Simples";"Reta";"Sim";1;0;1;0;0;0;1;1;-20,33360896;-41,16233002;"SPRF-ES";"DEL01-ES";"UOP02-DEL01-ES"
486847;2022-11-14;"segunda-feira";"18:35:00";"ES";101;125;"SOORETAMA";"Pedestre cruzava a pista fora da faixa";"Atropelamento de Pedestre";"Com Vítimas Feridas";"Plena Noite";"Crescente";"Céu Claro";"Dupla";"Reta";"Sim";2;0;2;0;0;0;2;2;-19,18496498;-40,09429827;"SPRF-ES";"DEL04-ES";"UOP01-DEL04-ES"
486848;2022-11-14;"segunda-feira";"18:44:00";"PE";101;70,3;"RECIFE";"Pedestre cruzava a pista fora da faixa";"Atropelamento de Pedestre";"Com Vítimas Feridas";"Plena Noite";"Decrescente";"Céu Claro";"Dupla";"Reta";"Sim";2;0;0;1;1;0;1;2;-8,070706;-34,942417;"SPRF-PE";"DEL01-PE";"UOP01-DEL01-PE"
486850;2022-11-14;"segunda-feira";"09:47:00";"MG";365;572,4;"INDIANOPOLIS";"Demais falhas mecânicas ou elétricas";"Incêndio";"Sem Vítimas";"Pleno dia";"Decrescente";"Céu Claro";"Simples";"Reta";"Não";2;0;0;0;2;0;0;1;-18,90742085;-47,89053398;"SPRF-MG";"DEL15-MG";"UOP02-DEL15-MG"
486851;2022-11-14;"segunda-feira";"18:40:00";"BA";101;107;"ALAGOINHAS";"Acessar a via sem observar a presença dos outros veículos";"Colisão lateral mesmo sentido";"Com Vítimas Feridas";"Plena Noite";"Crescente";"Céu Claro";"Simples";"Reta";"Sim";3;0;2;0;1;0;2;2;-12,16492;-38,477026;"SPRF-BA";"DEL01-BA";"UOP04-DEL01-BA"
486852;2022-11-14;"segunda-feira";"18:30:00";"MG";381;499,7;"BETIM";"Manobra de mudança de faixa";"Colisão lateral mesmo sentido";"Com Vítimas Feridas";"Plena Noite";"Decrescente";"Chuva";"Dupla";"Reta";"Sim";2;0;0;1;0;1;1;2;-19,9943211;-44,20795441;"SPRF-MG";"DEL01-MG";"UOP03-DEL01-MG"
486855;2022-11-14;"segunda-feira";"19:00:00";"MG";116;278;"TEOFILO OTONI";"Acessar a via sem observar a presença dos outros veículos";"Colisão traseira";"Com Vítimas Feridas";"Plena Noite";"Crescente";"Chuva";"Simples";"Reta";"Sim";2;0;2;0;0;0;2;2;-17,86846089;-41,5171394;"SPRF-MG";"DEL11-MG";"UOP01-DEL11-MG"
486856;2022-11-14;"segunda-feira";"18:30:00";"PR";277;716,8;"FOZ DO IGUACU";"Velocidade Incompatível";"Capotamento";"Com Vítimas Feridas";"Pleno dia";"Crescente";"Céu Claro";"Dupla";"Reta;Aclive";"Não";2;0;1;0;1;0;1;1;-25,47252277;-54,46707409;"SPRF-PR";"DEL05-PR";"UOP01-DEL05-PR"
486859;2022-11-14;"segunda-feira";"19:00:00";"PE";101;71,5;"RECIFE";"Reação tardia ou ineficiente do condutor";"Colisão lateral mesmo sentido";"Com Vítimas Feridas";"Plena Noite";"Decrescente";"Céu Claro";"Dupla";"Reta";"Sim";3;0;1;0;2;0;1;2;-8,0813;-34,943158;"SPRF-PE";"DEL01-PE";"UOP01-DEL01-PE"
486860;2022-11-14;"segunda-feira";"17:00:00";"RJ";493;92;"SEROPEDICA";"Ausência de reação do condutor";"Saída de leito carroçável";"Com Vítimas Feridas";"Plena Noite";"Decrescente";"Céu Claro";"Dupla";"Reta";"Não";4;0;2;1;1;0;3;1;-22,7199682;-43,6910361;"SPRF-RJ";"DEL03-RJ";"UOP01-DEL03-RJ"
486861;2022-11-14;"segunda-feira";"19:30:00";"MG";381;501,2;"BETIM";"Manobra de mudança de faixa";"Colisão lateral mesmo sentido";"Com Vítimas Feridas";"Plena Noite";"Decrescente";"Nublado";"Dupla";"Reta";"Sim";3;0;0;1;2;0;1;3;-20,0123913;-44,2201823;"SPRF-MG";"DEL01-MG";"UOP03-DEL01-MG"
486862;2022-11-14;"segunda-feira";"18:40:00";"SP";116;112,6;"TAUBATE";"Condutor deixou de manter distância do veículo da frente";"Engavetamento";"Com Vítimas Feridas";"Plena Noite";"Crescente";"Céu Claro";"Dupla";"Reta";"Sim";4;0;1;0;2;1;1;3;-23,04159343;-45,57065616;"SPRF-SP";"DEL02-SP";"UOP02-DEL02-SP"
486863;2022-11-14;"segunda-feira";"17:10:00";"RJ";101;498,7;"ANGRA DOS REIS";"Reação tardia ou ineficiente do condutor";"Saída de leito carroçável";"Com Vítimas Feridas";"Pleno dia";"Decrescente";"Nublado";"Simples";"Curva";"Não";1;0;1;0;0;0;1;1;-22,91601571;-44,34229016;"SPRF-RJ";"DEL03-RJ";"UOP03-DEL03-RJ"
486864;2022-11-14;"segunda-feira";"19:30:00";"SC";101;105;"PENHA";"Ingestão de álcool e/ou substâncias psicoativas pelo pedestre";"Saída de leito carroçável";"Com Vítimas Feridas";"Plena Noite";"Crescente";"Céu Claro";"Dupla";"Curva";"Não";2;0;1;0;1;0;1;1;-26,80215497;-48,67891041;"SPRF-SC";"DEL03-SC";"UOP02-DEL03-SC"
486865;2022-11-14;"segunda-feira";"17:40:00";"MG";116;404;"GOVERNADOR VALADARES";"Animais na Pista";"Colisão traseira";"Com Vítimas Feridas";"Plena Noite";"Crescente";"Céu Claro";"Simples";"Curva";"Não";4;0;1;0;3;0;1;2;-18,81054997;-41,98453386;"SPRF-MG";"DEL06-MG";"UOP01-DEL06-MG"
486866;2022-11-13;"domingo";"16:50:00";"RJ";40;115;"DUQUE DE CAXIAS";"Ausência de reação do condutor";"Colisão traseira";"Com Vítimas Feridas";"Pleno dia";"Decrescente";"Céu Claro";"Múltipla";"Reta";"Sim";3;0;1;0;2;0;1;2;-22,72756999;-43,2891609;"SPRF-RJ";"DEL01-RJ";"UOP01-DEL01-RJ"
486868;2022-11-14;"segunda-feira";"18:00:00";"SC";101;137;"BALNEARIO CAMBORIU";"Trafegar com motocicleta (ou similar) entre as faixas";"Colisão lateral mesmo sentido";"Com Vítimas Feridas";"Anoitecer";"Crescente";"Céu Claro";"Simples";"Reta";"Não";2;0;0;1;1;0;1;2;-27,0157238;-48,61192763;"SPRF-SC";"DEL04-SC";"UOP03-DEL04-SC"
486869;2022-11-14;"segunda-feira";"18:55:00";"RJ";40;122;"DUQUE DE CAXIAS";"Condutor deixou de manter distância do veículo da frente";"Colisão traseira";"Com Vítimas Feridas";"Plena Noite";"Decrescente";"Chuva";"Múltipla";"Reta";"Sim";2;0;1;0;1;0;1;2;-22,79083113;-43,28611569;"SPRF-RJ";"DEL01-RJ";"UOP01-DEL01-RJ"
486872;2022-11-14;"segunda-feira";"16:30:00";"PR";163;33;"SANTO ANTONIO DO SUDOESTE";"Condutor deixou de manter distância do veículo da frente";"Colisão lateral mesmo sentido";"Com Vítimas Feridas";"Pleno dia";"Crescente";"Céu Claro";"Simples";"Declive";"Sim";2;0;1;0;1;0;1;2;-26,11742426;-53,68960404;"SPRF-PR";"DEL02-PR";"UOP02-DEL02-PR"
486874;2022-11-14;"segunda-feira";"12:30:00";"MA";230;353;"SAO RAIMUNDO DAS MANGABEIRAS";"Pista esburacada";"Capotamento";"Com Vítimas Feridas";"Pleno dia";"Decrescente";"Céu Claro";"Simples";"Reta";"Não";2;0;1;0;1;0;1;1;-7,188042;-45,769618;"SPRF-MA";"DEL05-MA";"UOP01-DEL05-MA"
486875;2022-11-14;"segunda-feira";"20:20:00";"ES";101;236,9;"FUNDAO";"Ultrapassagem Indevida";"Atropelamento de Pedestre";"Com Vítimas Fatais";"Plena Noite";"Crescente";"Céu Claro";"Simples";"Reta";"Não";2;1;0;1;0;0;1;2;-19,993072;-40,4141669;"SPRF-ES";"DEL02-ES";"UOP01-DEL02-ES"
486876;2022-11-14;"segunda-feira";"20:00:00";"MG";40;517;"RIBEIRAO DAS NEVES";"Acessar a via sem observar a presença dos outros veículos";"Colisão transversal";"Com Vítimas Feridas";"Plena Noite";"Decrescente";"Céu Claro";"Dupla";"Reta";"Sim";3;0;0;2;0;1;2;2;-19,82351202;-44,08438913;"SPRF-MG";"DEL01-MG";"UOP02-DEL01-MG"
486877;2022-11-14;"segunda-feira";"20:00:00";"SC";101;144;"ITAPEMA";"Condutor deixou de manter distância do veículo da frente";"Colisão traseira";"Sem Vítimas";"Plena Noite";"Decrescente";"Céu Claro";"Dupla";"Reta";"Não";3;0;0;0;2;1;0;3;-27,0732659;-48,59672716;"SPRF-SC";"DEL04-SC";"UOP03-DEL04-SC"
486878;2022-11-14;"segunda-feira";"16:30:00";"MT";163;745;"SORRISO";"Demais falhas mecânicas ou elétricas";"Queda de ocupante de veículo";"Com Vítimas Feridas";"Anoitecer";"Crescente";"Céu Claro";"Simples";"Reta";"Não";1;0;0;1;0;0;1;1;-12,70808082;-55,81904129;"SPRF-MT";"DEL06-MT";"UOP02-DEL06-MT"
486879;2022-11-14;"segunda-feira";"20:10:00";"PE";232;40;"VITORIA DE SANTO ANTAO";"Demais falhas mecânicas ou elétricas";"Incêndio";"Sem Vítimas";"Plena Noite";"Decrescente";"Céu Claro";"Dupla";"Curva";"Não";1;0;0;0;1;0;0;1;-8,11394893;-35,243303;"SPRF-PE";"DEL01-PE";"UOP01-DEL01-PE"
486880;2022-08-12;"sexta-feira";"22:46:00";"PI";343;305;"ALTOS";"Conversão proibida";"Colisão frontal";"Com Vítimas Feridas";"Plena Noite";"Decrescente";"Céu Claro";"Simples";"Reta";"Sim";2;0;0;1;1;0;1;2;-5,03443143;-42,4433291;"SPRF-PI";"DEL01-PI";"UOP01-DEL01-PI"
486881;2022-11-14;"segunda-feira";"20:20:00";"MG";356;265,2;"MURIAE";"Acesso irregular";"Colisão transversal";"Sem Vítimas";"Plena Noite";"Crescente";"Chuva";"Simples";"Reta";"Sim";2;0;0;0;1;1;0;2;-21,12838898;-42,366803;"SPRF-MG";"DEL07-MG";"UOP02-DEL07-MG"
486882;2022-11-14;"segunda-feira";"18:45:00";"RJ";40;86;"PETROPOLIS";"Velocidade Incompatível";"Colisão com objeto";"Com Vítimas Feridas";"Plena Noite";"Decrescente";"Chuva";"Dupla";"Curva";"Não";1;0;1;0;0;0;1;1;-22,53575484;-43,23295774;"SPRF-RJ";"DEL06-RJ";"UOP01-DEL06-RJ"
486883;2022-11-14;"segunda-feira";"20:30:00";"BA";116;778;"PLANALTO";"Acessar a via sem observar a presença dos outros veículos";"Colisão transversal";"Com Vítimas Feridas";"Plena Noite";"Decrescente";"Céu Claro";"Simples";"Reta";"Não";2;0;1;0;1;0;1;2;-14,6157981;-40,44411375;"SPRF-BA";"DEL08-BA";"UOP02-DEL08-BA"
486884;2022-11-14;"segunda-feira";"16:30:00";"RS";116;148;"CAXIAS DO SUL";"Manobra de mudança de faixa";"Tombamento";"Com Vítimas Feridas";"Pleno dia";"Decrescente";"Sol";"Dupla";"Curva";"Sim";2;0;1;0;1;0;1;2;-29,15444539;-51,15101681;"SPRF-RS";"DEL05-RS";"UOP01-DEL05-RS"
486885;2022-11-14;"segunda-feira";"16:30:00";"RJ";116;111;"MAGE";"Acessar a via sem observar a presença dos outros veículos";"Colisão traseira";"Com Vítimas Feridas";"Pleno dia";"Decrescente";"Céu Claro";"Simples";"Reta";"Sim";3;0;2;0;0;1;2;3;-22,55838319;-42,99482067;"SPRF-RJ";"DEL04-RJ";"UOP02-DEL04-RJ"
486887;2022-11-14;"segunda-feira";"21:50:00";"PE";232;12,5;"JABOATAO DOS GUARARAPES";"Reação tardia ou ineficiente do condutor";"Tombamento";"Com Vítimas Feridas";"Plena Noite";"Decrescente";"Céu Claro";"Dupla";"Reta";"Sim";1;0;1;0;0;0;1;1;-8,08577691;-35,00345603;"SPRF-PE";"DEL01-PE";"UOP01-DEL01-PE"
486888;2022-11-14;"segunda-feira";"22:06:00";"SP";116;141;"SAO JOSE DOS CAMPOS";"Demais falhas mecânicas ou elétricas";"Tombamento";"Com Vítimas Feridas";"Plena Noite";"Decrescente";"Céu Claro";"Dupla";"Reta";"Não";2;0;2;0;0;0;2;1;-23,17004717;-45,82091491;"SPRF-SP";"DEL02-SP";"UOP01-DEL02-SP"
486889;2022-11-14;"segunda-feira";"21:50:00";"RJ";101;417;"ITAGUAI";"Área urbana sem a presença de local apropriado para a travessia de pedestres";"Atropelamento de Pedestre";"Com Vítimas Feridas";"Plena Noite";"Decrescente";"Nublado";"Simples";"Curva;Declive";"Sim";5;0;1;1;3;0;2;2;-22,91293797;-43,89732384;"SPRF-RJ";"DEL03-RJ";"UOP02-DEL03-RJ"
486890;2022-11-14;"segunda-feira";"21:30:00";"SP";381;51;"ATIBAIA";"Demais falhas mecânicas ou elétricas";"Queda de ocupante de veículo";"Com Vítimas Feridas";"Plena Noite";"Decrescente";"Céu Claro";"Múltipla";"Reta";"Não";1;0;1;0;0;0;1;1;-23,221911;-46,59644;"SPRF-SP";"DEL03-SP";"UOP01-DEL03-SP"
486891;2022-11-14;"segunda-feira";"20:00:00";"GO";452;126;"BOM JESUS DE GOIAS";"Ingestão de álcool pelo condutor";"Saída de leito carroçável";"Com Vítimas Fatais";"Plena Noite";"Crescente";"Chuva";"Simples";"Reta";"Não";1;1;0;0;0;0;0;1;-18,20119251;-49,77290072;"SPRF-GO";"DEL03-GO";"UOP02-DEL03-GO"
486892;2022-11-14;"segunda-feira";"15:05:00";"SC";470;71,6;"INDAIAL";"Condutor deixou de manter distância do veículo da frente";"Colisão traseira";"Com Vítimas Feridas";"Pleno dia";"Decrescente";"Céu Claro";"Simples";"Reta";"Sim";4;0;3;0;1;0;3;3;-26,895243;-49,262104;"SPRF-SC";"DEL04-SC";"UOP01-DEL04-SC"
486893;2022-11-14;"segunda-feira";"12:50:00";"MT";163;524;"DIAMANTINO";"Chuva";"Capotamento";"Com Vítimas Feridas";"Pleno dia";"Decrescente";"Chuva";"Simples";"Reta";"Não";1;0;1;0;0;0;1;1;-14,49229875;-56,18361021;"SPRF-MT";"DEL01-MT";"UOP01-DEL01-MT"
486896;2022-11-14;"segunda-feira";"19:15:00";"PR";376;624;"SAO JOSE DOS PINHAIS";"Ausência de reação do condutor";"Saída de leito carroçável";"Com Vítimas Feridas";"Plena Noite";"Decrescente";"Nublado";"Dupla";"Reta";"Não";2;0;1;0;1;0;1;1;-25,64336599;-49,15942795;"SPRF-PR";"DEL01-PR";"UOP04-DEL01-PR"
486897;2022-11-14;"segunda-feira";"22:40:00";"RJ";116;205;"SEROPEDICA";"Ausência de reação do condutor";"Atropelamento de Pedestre";"Com Vítimas Feridas";"Plena Noite";"Crescente";"Nublado";"Dupla";"Reta";"Sim";3;0;1;0;2;0;1;2;-22,72746688;-43,64167998;"SPRF-RJ";"DEL01-RJ";"UOP03-DEL01-RJ"
486899;2022-11-14;"segunda-feira";"23:15:00";"SC";470;5;"NAVEGANTES";"Ausência de sinalização";"Eventos atípicos";"Com Vítimas Feridas";"Plena Noite";"Crescente";"Céu Claro";"Dupla";"Em Obras;Viaduto;Aclive;Reta";"Não";2;0;2;0;0;0;2;1;-26,855688;-48,700333;"SPRF-SC";"DEL04-SC";"UOP04-DEL04-SC"
486900;2022-11-14;"segunda-feira";"22:00:00";"PR";163;6;"BARRACAO";"Velocidade Incompatível";"Saída de leito carroçável";"Com Vítimas Feridas";"Plena Noite";"Crescente";"Céu Claro";"Simples";"Curva";"Não";2;0;1;1;0;0;2;1;-26,25066;-53,635523;"SPRF-PR";"DEL02-PR";"UOP02-DEL02-PR"
486901;2022-11-14;"segunda-feira";"21:55:00";"PR";369;235;"JANDAIA DO SUL";"Manobra de mudança de faixa";"Colisão frontal";"Com Vítimas Feridas";"Plena Noite";"Crescente";"Céu Claro";"Simples";"Reta";"Não";2;0;0;2;0;0;2;2;-23,62691094;-51,66973114;"SPRF-PR";"DEL09-PR";"UOP01-DEL09-PR"
486902;2022-11-14;"segunda-feira";"23:30:00";"DF";60;4,6;"BRASILIA";"Manobra de mudança de faixa";"Colisão lateral mesmo sentido";"Com Vítimas Fatais";"Plena Noite";"Crescente";"Garoa/Chuvisco";"Dupla";"Retorno Regulamentado;Declive;Reta";"Sim";2;1;0;0;1;0;0;2;-15,89408326;-48,10003281;"SPRF-DF";"DEL03-DF";"UOP01-DEL03-DF"
486905;2022-11-14;"segunda-feira";"23:10:00";"SP";101;20,4;"UBATUBA";"Condutor Dormindo";"Saída de leito carroçável";"Com Vítimas Feridas";"Plena Noite";"Decrescente";"Céu Claro";"Simples";"Reta";"Não";2;0;1;0;1;0;1;1;-23,32846069;-44,91369021;"SPRF-SP";"DEL06-SP";"UOP01-DEL06-SP"
486906;2022-11-15;"terça-feira";"00:10:00";"RN";110;48;"MOSSORO";"Ausência de reação do condutor";"Queda de ocupante de veículo";"Com Vítimas Feridas";"Plena Noite";"Decrescente";"Garoa/Chuvisco";"Simples";"Reta";"Sim";1;0;1;0;0;0;1;1;-5,21417981;-37,33045936;"SPRF-RN";"DEL04-RN";"UOP01-DEL04-RN"
486907;2022-11-15;"terça-feira";"00:10:00";"RN";406;152,3;"CEARA-MIRIM";"Animais na Pista";"Atropelamento de Animal";"Com Vítimas Feridas";"Plena Noite";"Crescente";"Nublado";"Simples";"Reta";"Não";1;0;1;0;0;0;1;1;-5,65651272;-35,41672366;"SPRF-RN";"DEL02-RN";"UOP01-DEL02-RN"
486910;2022-11-14;"segunda-feira";"22:45:00";"RR";174;512;"BOA VISTA";"Transitar no acostamento";"Colisão lateral sentido oposto";"Com Vítimas Feridas";"Plena Noite";"Crescente";"Nublado";"Simples";"Reta";"Não";3;0;1;0;2;0;1;2;2,871991;-60,697308;"SPRF-RR";"DEL01-RR";"UOP01-DEL01-RR"
486911;2022-11-15;"terça-feira";"00:00:00";"PE";232;8,4;"RECIFE";"Pista em desnível";"Queda de ocupante de veículo";"Com Vítimas Feridas";"Plena Noite";"Decrescente";"Céu Claro";"Dupla";"Desvio Temporário;Em Obras";"Sim";2;0;1;1;0;0;2;1;-8,07583727;-34,97015791;"SPRF-PE";"DEL01-PE";"UOP01-DEL01-PE"
486913;2022-11-15;"terça-feira";"01:30:00";"SP";116;222;"GUARULHOS";"Reação tardia ou ineficiente do condutor";"Engavetamento";"Com Vítimas Feridas";"Plena Noite";"Decrescente";"Nublado";"Múltipla";"Reta";"Não";10;0;4;0;6;0;4;3;-23,47093408;-46,51631097;"SPRF-SP";"DEL01-SP";"UOP01-DEL01-SP"
486914;2022-11-15;"terça-feira";"00:10:00";"RO";319;62;"PORTO VELHO";"Condutor desrespeitou a iluminação vermelha do semáforo";"Colisão transversal";"Com Vítimas Feridas";"Plena Noite";"Crescente";"Céu Claro";"Dupla";"Interseção de Vias;Reta";"Sim";5;0;1;0;3;1;1;3;-8,74928796;-63,88820048;"SPRF-RO";"DEL01-RO";"UOP01-DEL01-RO"
486915;2022-11-15;"terça-feira";"00:40:00";"RS";116;260;"CANOAS";"Ingestão de álcool pelo condutor";"Colisão traseira";"Sem Vítimas";"Plena Noite";"Crescente";"Céu Claro";"Dupla";"Reta";"Sim";3;0;0;0;3;0;0;3;-29,879208;-51,18045622;"SPRF-RS";"DEL01-RS";"UOP01-DEL01-RS"
486919;2022-11-15;"terça-feira";"03:20:00";"SP";153;116;"UBARANA";"Ausência de reação do condutor";"Colisão lateral sentido oposto";"Com Vítimas Feridas";"Plena Noite";"Decrescente";"Céu Claro";"Simples";"Reta";"Não";2;0;0;1;1;0;1;2;-21,137478;-49,698867;"SPRF-SP";"DEL09-SP";"UOP01-DEL09-SP"
486921;2022-11-15;"terça-feira";"03:15:00";"CE";116;9;"FORTALEZA";"Manobra de mudança de faixa";"Colisão lateral mesmo sentido";"Com Vítimas Feridas";"Plena Noite";"Decrescente";"Céu Claro";"Dupla";"Reta";"Sim";3;0;1;0;2;0;1;2;-3,82779096;-38,50486117;"SPRF-CE";"DEL01-CE";"UOP02-DEL01-CE"
486922;2022-11-15;"terça-feira";"02:00:00";"SP";153;30;"NOVA GRANADA";"Ingestão de álcool pelo condutor";"Colisão com objeto";"Sem Vítimas";"Plena Noite";"Crescente";"Céu Claro";"Simples";"Interseção de Vias";"Sim";1;0;0;0;0;1;0;1;-20,53857207;-49,33057559;"SPRF-SP";"DEL09-SP";"UOP01-DEL09-SP"
486924;2022-11-14;"segunda-feira";"13:30:00";"BA";101;211;"GOVERNADOR MANGABEIRA";"Acessar a via sem observar a presença dos outros veículos";"Colisão transversal";"Com Vítimas Feridas";"Pleno dia";"Decrescente";"Céu Claro";"Simples";"Reta";"Não";2;0;0;1;1;0;1;2;-12,60583081;-39,05776978;"SPRF-BA";"DEL01-BA";"UOP02-DEL01-BA"
486926;2022-11-15;"terça-feira";"04:55:00";"PR";476;130;"CURITIBA";"Velocidade Incompatível";"Colisão com objeto";"Com Vítimas Feridas";"Pleno dia";"Decrescente";"Céu Claro";"Simples";"Reta";"Sim";4;0;3;1;0;0;4;1;-25,449564;-49,236427;"SPRF-PR";"DEL01-PR";"UOP01-DEL01-PR"
486929;2022-10-31;"segunda-feira";"12:26:00";"MA";10;168;"PORTO FRANCO";"Avarias e/ou desgaste excessivo no pneu";"Colisão lateral sentido oposto";"Com Vítimas Feridas";"Pleno dia";"Crescente";"Céu Claro";"Simples";"Reta";"Não";4;0;0;1;3;0;1;2;-6,248398;-47,352127;"SPRF-MA";"DEL04-MA";"UOP02-DEL04-MA"
486931;2022-11-15;"terça-feira";"05:50:00";"AL";101;247,9;"PORTO REAL DO COLEGIO";"Obstrução na via";"Queda de ocupante de veículo";"Sem Vítimas";"Pleno dia";"Decrescente";"Céu Claro";"Simples";"Reta";"Não";1;0;0;0;0;1;0;1;-10,19937283;-36,82059635;"SPRF-AL";"DEL02-AL";"UOP02-DEL02-AL"