"id";"data_inversa";"dia_semana";"horario";"uf";"br";"km";"municipio";"causa_acidente";"tipo_acidente";"classificacao_acidente";"fase_dia";"sentido_via";"condicao_metereologica";"tipo_pista";"tracado_via";"uso_solo";"pessoas";"mortos";"feridos_leves";"feridos_graves";"ilesos";"ignorados";"feridos";"veiculos";"latitude";"longitude";"regional";"delegacia";"uop"
487037;2022-11-15;"terça-feira";"15:20:00";"MG";381;494,9;"BETIM";"Ausência de reação do condutor";"Tombamento";"Com Vítimas Feridas";"Pleno dia";"Decrescente";"Nublado";"Dupla";"Declive;Reta";"Sim";2;0;1;0;1;0;1;1;-19,97296561;-44,18427587;"SPRF-MG";"DEL01-MG";"UOP03-DEL01-MG"
487038;2022-11-15;"terça-feira";"16:15:00";"SC";101;335;"TUBARAO";"Ingestão de álcool pelo condutor";"Colisão traseira";"Com Vítimas Feridas";"Pleno dia";"Crescente";"Céu Claro";"Dupla";"Reta";"Sim";3;0;0;2;1;0;2;2;-28,47459524;-49,02716517;"SPRF-SC";"DEL02-SC";"UOP01-DEL02-SC"
487039;2022-11-15;"terça-feira";"15:50:00";"RS";0;0;"BOA VISTA DAS MISSOES";"Velocidade Incompatível";"Saída de leito carroçável";"Sem Vítimas";"Pleno dia";"Não Informado";"Céu Claro";"Simples";"Interseção de Vias";"Sim";1;0;0;0;1;0;0;1;-27,67886746;-53,30875933;"SPRF-RS";"DEL08-RS";"UOP02-DEL08-RS"
487040;2022-11-15;"terça-feira";"16:45:00";"PR";376;664;"GUARATUBA";"Reação tardia ou ineficiente do condutor";"Saída de leito carroçável";"Com Vítimas Feridas";"Pleno dia";"Decrescente";"Céu Claro";"Simples";"Reta";"Não";2;0;2;0;0;0;2;1;-25,85321576;-48,96608688;"SPRF-PR";"DEL01-PR";"UOP04-DEL01-PR"
487041;2022-11-15;"terça-feira";"15:35:00";"RS";287;427;"UNISTALDA";"Demais falhas mecânicas ou elétricas";"Queda de ocupante de veículo";"Com Vítimas Feridas";"Pleno dia";"Crescente";"Céu Claro";"Simples";"Reta";"Não";1;0;0;1;0;0;1;1;-29,04005378;-55,08104204;"SPRF-RS";"DEL12-RS";"UOP02-DEL12-RS"
487042;2022-11-15;"terça-feira";"16:30:00";"PR";376;504;"PONTA GROSSA";"Manobra de mudança de faixa";"Colisão lateral mesmo sentido";"Com Vítimas Feridas";"Pleno dia";"Decrescente";"Céu Claro";"Dupla";"Reta";"Sim";3;0;1;1;1;0;2;2;-25,23024416;-50,04503118;"SPRF-PR";"DEL03-PR";"UOP04-DEL03-PR"
487044;2022-11-15;"terça-feira";"16:40:00";"SP";116;149,3;"SAO JOSE DOS CAMPOS";"Reação tardia ou ineficiente do condutor";"Colisão traseira";"Com Vítimas Feridas";"Anoitecer";"Crescente";"Céu Claro";"Dupla";"Reta";"Sim";3;0;1;0;2;0;1;3;-23,20700047;-45,88626861;"SPRF-SP";"DEL02-SP";"UOP01-DEL02-SP"
487045;2022-11-15;"terça-feira";"17:10:00";"MG";50;29,8;"ARAGUARI";"Velocidade Incompatível";"Saída de leito carroçável";"Com Vítimas Feridas";"Pleno dia";"Crescente";"Nublado";"Dupla";"Curva";"Não";2;0;1;0;1;0;1;1;-18,6203441568;-48,1108720823;"SPRF-MG";"DEL15-MG";"UOP02-DEL15-MG"
487046;2022-11-15;"terça-feira";"16:10:00";"RJ";40;52;"PETROPOLIS";"Velocidade Incompatível";"Colisão com objeto";"Com Vítimas Feridas";"Pleno dia";"Decrescente";"Nevoeiro/Neblina";"Dupla";"Reta";"Não";2;0;2;0;0;0;2;1;-22,33571319;-43,13320403;"SPRF-RJ";"DEL05-RJ";"UOP02-DEL05-RJ"
487047;2022-11-15;"terça-feira";"17:20:00";"BA";324;611,8;"SIMOES FILHO";"Manobra de mudança de faixa";"Colisão lateral mesmo sentido";"Com Vítimas Feridas";"Anoitecer";"Crescente";"Nublado";"Dupla";"Reta";"Não";3;0;2;0;0;1;2;2;-12,83798396;-38,41427011;"SPRF-BA";"DEL01-BA";"UOP01-DEL01-BA"
487048;2022-11-15;"terça-feira";"17:20:00";"PR";476;130,2;"CURITIBA";"Velocidade Incompatível";"Saída de leito carroçável";"Com Vítimas Feridas";"Pleno dia";"Crescente";"Céu Claro";"Múltipla";"Curva";"Sim";1;0;1;0;0;0;1;1;-25,449564;-49,236427;"SPRF-PR";"DEL01-PR";"UOP01-DEL01-PR"
487050;2022-11-15;"terça-feira";"15:50:00";"SC";153;78,3;"IRANI";"Transitar na contramão";"Colisão lateral sentido oposto";"Com Vítimas Feridas";"Pleno dia";"Decrescente";"Céu Claro";"Simples";"Reta";"Não";2;0;1;0;1;0;1;2;-27,10668;-51,900246;"SPRF-SC";"DEL07-SC";"UOP04-DEL07-SC"
487052;2022-11-15;"terça-feira";"14:40:00";"SC";101;149;"ITAPEMA";"Ingestão de álcool pelo condutor";"Colisão transversal";"Sem Vítimas";"Pleno dia";"Decrescente";"Céu Claro";"Múltipla";"Interseção de Vias";"Sim";2;0;0;0;2;0;0;2;-27,11742803;-48,60903561;"SPRF-SC";"DEL04-SC";"UOP03-DEL04-SC"
487053;2022-11-15;"terça-feira";"15:40:00";"MG";381;783,3;"CAMPANHA";"Ausência de reação do condutor";"Saída de leito carroçável";"Com Vítimas Feridas";"Pleno dia";"Decrescente";"Chuva";"Dupla";"Curva";"Não";2;0;2;0;0;0;2;1;-21,86536321;-45,53455982;"SPRF-MG";"DEL16-MG";"UOP02-DEL16-MG"
487056;2022-11-15;"terça-feira";"17:00:00";"ES";101;30,6;"CONCEICAO DA BARRA";"Falta de elemento de contenção que evite a saída do leito carroçável";"Saída de leito carroçável";"Com Vítimas Feridas";"Pleno dia";"Crescente";"Nublado";"Simples";"Declive";"Não";1;0;1;0;0;0;1;1;-18,40842097;-39,93732567;"SPRF-ES";"DEL04-ES";"UOP02-DEL04-ES"
487058;2022-11-15;"terça-feira";"17:30:00";"DF";20;27;"BRASILIA";"Velocidade Incompatível";"Saída de leito carroçável";"Com Vítimas Feridas";"Anoitecer";"Crescente";"Chuva";"Dupla";"Curva;Declive";"Não";1;0;1;0;0;0;1;1;-15,597054;-47,631065;"SPRF-DF";"DEL02-DF";"UOP01-DEL02-DF"
487059;2022-11-15;"terça-feira";"17:50:00";"PE";232;62,8;"POMBOS";"Acostamento em desnível";"Saída de leito carroçável";"Com Vítimas Feridas";"Anoitecer";"Crescente";"Céu Claro";"Dupla";"Reta;Aclive";"Não";2;0;2;0;0;0;2;1;-8,158807;-35,432224;"SPRF-PE";"DEL02-PE";"UOP02-DEL02PE"
487060;2022-11-15;"terça-feira";"14:45:00";"AL";104;89,8;"RIO LARGO";"Manobra de mudança de faixa";"Saída de leito carroçável";"Com Vítimas Feridas";"Pleno dia";"Crescente";"Céu Claro";"Dupla";"Reta";"Não";2;0;2;0;0;0;2;1;-9,49216808;-35,81471324;"SPRF-AL";"DEL01-AL";"UOP01-DEL01-AL"
487063;2022-11-15;"terça-feira";"18:05:00";"RS";116;245;"SAO LEOPOLDO";"Manobra de mudança de faixa";"Colisão lateral mesmo sentido";"Com Vítimas Feridas";"Anoitecer";"Crescente";"Céu Claro";"Dupla";"Reta;Interseção de Vias";"Sim";2;0;1;0;1;0;1;2;-29,74980902;-51,15125361;"SPRF-RS";"DEL01-RS";"UOP02-DEL01-RS"
487064;2022-11-15;"terça-feira";"17:20:00";"MS";163;97;"ITAQUIRAI";"Ausência de reação do condutor";"Saída de leito carroçável";"Com Vítimas Feridas";"Pleno dia";"Decrescente";"Céu Claro";"Simples";"Reta;Declive";"Não";2;0;2;0;0;0;2;1;-23,30753605;-54,22191632;"SPRF-MS";"DEL09-MS";"UOP01-DEL09-MS"
487066;2022-11-15;"terça-feira";"18:00:00";"BA";101;926,4;"NOVA VICOSA";"Ultrapassagem Indevida";"Colisão frontal";"Com Vítimas Feridas";"Plena Noite";"Crescente";"Nublado";"Simples";"Reta";"Não";6;0;1;4;1;0;5;2;-17,935241;-39,845803;"SPRF-BA";"DEL09-BA";"UOP02-DEL09-BA"
487067;2022-11-15;"terça-feira";"18:20:00";"RS";116;245;"SAO LEOPOLDO";"Condutor deixou de manter distância do veículo da frente";"Colisão traseira";"Sem Vítimas";"Anoitecer";"Crescente";"Céu Claro";"Dupla";"Reta";"Sim";2;0;0;0;2;0;0;2;-29,74980902;-51,15125361;"SPRF-RS";"DEL01-RS";"UOP02-DEL01-RS"
487068;2022-11-15;"terça-feira";"18:20:00";"RS";116;529,2;"CAPAO DO LEAO";"Conversão proibida";"Colisão transversal";"Com Vítimas Feridas";"Pleno dia";"Crescente";"Céu Claro";"Simples";"Reta";"Não";4;0;0;1;1;2;1;3;-31,75590433;-52,43225098;"SPRF-RS";"DEL07-RS";"UOP01-DEL07-RS"
487069;2022-11-15;"terça-feira";"17:00:00";"ES";101;5;"PEDRO CANARIO";"Ausência de reação do condutor";"Colisão traseira";"Com Vítimas Feridas";"Pleno dia";"Crescente";"Céu Claro";"Simples";"Reta";"Não";3;0;1;0;2;0;1;2;-18,18597569;-39,89307404;"SPRF-ES";"DEL04-ES";"UOP02-DEL04-ES"
487070;2022-11-15;"terça-feira";"18:25:00";"SE";235;3,5;"NOSSA SENHORA DO SOCORRO";"Animais na Pista";"Colisão traseira";"Com Vítimas Feridas";"Plena Noite";"Crescente";"Céu Claro";"Dupla";"Reta";"Sim";4;0;1;0;2;1;1;2;-10,9059;-37,111;"SPRF-SE";"DEL01-SE";"UOP01-DEL01-SE"
487071;2022-11-15;"terça-feira";"16:30:00";"RJ";40;1,1;"COMENDADOR LEVY GASPARIAN";"Reação tardia ou ineficiente do condutor";"Saída de leito carroçável";"Com Vítimas Feridas";"Pleno dia";"Decrescente";"Nublado";"Dupla";"Curva";"Não";3;0;1;1;1;0;2;1;-22,01067195;-43,25892193;"SPRF-RJ";"DEL05-RJ";"UOP02-DEL05-RJ"
487072;2022-11-15;"terça-feira";"16:27:00";"RJ";116;324,1;"ITATIAIA";"Velocidade Incompatível";"Colisão com objeto";"Com Vítimas Feridas";"Pleno dia";"Decrescente";"Chuva";"Dupla";"Curva";"Sim";1;0;1;0;0;0;1;1;-22,49106419;-44,56183985;"SPRF-RJ";"DEL07-RJ";"UOP02-DEL07-RJ"
487073;2022-11-15;"terça-feira";"18:40:00";"GO";153;438,6;"ANAPOLIS";"Ingestão de álcool pelo condutor";"Colisão traseira";"Com Vítimas Feridas";"Plena Noite";"Crescente";"Nublado";"Dupla";"Reta";"Sim";4;0;1;1;1;1;2;4;-16,291595;-48,934811;"SPRF-GO";"DEL02-GO";"UOP01-DEL02-GO"
487074;2022-11-15;"terça-feira";"18:50:00";"RJ";40;86;"PETROPOLIS";"Chuva";"Capotamento";"Sem Vítimas";"Plena Noite";"Crescente";"Chuva";"Simples";"Declive;Curva";"Não";2;0;0;0;2;0;0;1;-22,53575484;-43,23295774;"SPRF-RJ";"DEL06-RJ";"UOP01-DEL06-RJ"
487075;2022-11-15;"terça-feira";"18:27:00";"AL";316;164;"PALMEIRA DOS INDIOS";"Transitar na contramão";"Colisão frontal";"Com Vítimas Fatais";"Plena Noite";"Crescente";"Céu Claro";"Simples";"Reta";"Não";2;1;0;0;1;0;0;2;-9,47538289;-36,57882686;"SPRF-AL";"DEL03-AL";"UOP01-DEL03-AL"
487076;2022-11-15;"terça-feira";"18:45:00";"PR";369;162,5;"CAMBE";"Demais falhas mecânicas ou elétricas";"Incêndio";"Sem Vítimas";"Anoitecer";"Decrescente";"Céu Claro";"Dupla";"Aclive";"Sim";42;0;0;0;42;0;0;1;-23,29480626;-51,26971722;"SPRF-PR";"DEL07-PR";"UOP01-DEL07-PR"
487077;2022-11-15;"terça-feira";"18:30:00";"PR";376;5;"APUCARANA";"Condutor desrespeitou a iluminação vermelha do semáforo";"Colisão transversal";"Com Vítimas Feridas";"Anoitecer";"Crescente";"Céu Claro";"Simples";"Reta;Interseção de Vias";"Sim";2;0;1;0;0;1;1;2;-23,5468745;-51,45210743;"SPRF-PR";"DEL07-PR";"UOP03-DEL07-PR"
487078;2022-11-15;"terça-feira";"16:15:00";"SC";282;217;"LAGES";"Condutor deixou de manter distância do veículo da frente";"Engavetamento";"Com Vítimas Feridas";"Pleno dia";"Decrescente";"Céu Claro";"Simples";"Viaduto";"Sim";4;0;1;0;3;0;1;4;-27,797916;-50,302944;"SPRF-SC";"DEL05-SC";"UOP01-DEL05-SC"
487079;2022-11-15;"terça-feira";"19:10:00";"SC";101;222,6;"PALHOCA";"Manobra de mudança de faixa";"Colisão lateral mesmo sentido";"Com Vítimas Feridas";"Plena Noite";"Crescente";"Céu Claro";"Múltipla";"Reta";"Não";2;0;0;1;0;1;1;2;-27,70865409;-48,65586407;"SPRF-SC";"DEL01-SC";"UOP02-DEL01-SC"
487080;2022-11-15;"terça-feira";"17:22:00";"SC";101;135;"BALNEARIO CAMBORIU";"Reação tardia ou ineficiente do condutor";"Colisão transversal";"Com Vítimas Feridas";"Pleno dia";"Decrescente";"Céu Claro";"Múltipla";"Interseção de Vias";"Sim";2;0;1;0;1;0;1;2;-27,0050108;-48,62677494;"SPRF-SC";"DEL04-SC";"UOP03-DEL04-SC"
487081;2022-11-15;"terça-feira";"19:00:00";"BA";367;61;"PORTO SEGURO";"Ultrapassagem Indevida";"Colisão lateral mesmo sentido";"Com Vítimas Fatais";"Plena Noite";"Crescente";"Céu Claro";"Simples";"Reta";"Não";9;2;4;2;1;0;6;3;-16,389133;-39,38372;"SPRF-BA";"DEL09-BA";"UOP03-DEL09-BA"
487082;2022-11-11;"sexta-feira";"12:00:00";"RJ";101;384;"RIO DE JANEIRO";"Condutor Dormindo";"Colisão lateral mesmo sentido";"Com Vítimas Feridas";"Pleno dia";"Crescente";"Céu Claro";"Dupla";"Reta";"Não";2;0;1;0;1;0;1;2;-22,87911609;-43,62323999;"SPRF-RJ";"DEL03-RJ";"UOP01-DEL03-RJ"
487083;2022-11-15;"terça-feira";"18:43:00";"MG";251;492,3;"FRANCISCO SA";"Velocidade Incompatível";"Tombamento";"Com Vítimas Fatais";"Plena Noite";"Crescente";"Chuva";"Simples";"Reta;Declive";"Não";44;2;16;9;17;0;25;1;-16,529656;-43,581965;"SPRF-MG";"DEL12-MG";"UOP01-DEL12-MG"
487084;2022-11-15;"terça-feira";"18:45:00";"MS";262;479,6;"ANASTACIO";"Animais na Pista";"Atropelamento de Animal";"Com Vítimas Feridas";"Plena Noite";"Crescente";"Céu Claro";"Simples";"Reta";"Não";2;0;1;1;0;0;2;1;-20,50589351;-55,71102998;"SPRF-MS";"DEL03-MS";"UOP01-DEL03-MS"
487085;2022-11-15;"terça-feira";"20:05:00";"DF";80;5,2;"BRASILIA";"Acessar a via sem observar a presença dos outros veículos";"Colisão transversal";"Com Vítimas Feridas";"Plena Noite";"Crescente";"Chuva";"Simples";"Reta";"Não";2;0;1;0;1;0;1;2;-15,729602;-48,121304;"SPRF-DF";"DEL03-DF";"UOP02-DEL03-DF"
487086;2022-11-15;"terça-feira";"20:00:00";"SC";101;206;"SAO JOSE";"Ausência de reação do condutor";"Tombamento";"Com Vítimas Feridas";"Plena Noite";"Decrescente";"Céu Claro";"Múltipla";"Reta";"Sim";1;0;1;0;0;0;1;1;-27,59193546;-48,61824557;"SPRF-SC";"DEL01-SC";"UOP01-DEL01-SC"
487087;2022-11-15;"terça-feira";"20:20:00";"SP";116;292;"ITAPECERICA DA SERRA";"Ausência de reação do condutor";"Colisão traseira";"Sem Vítimas";"Plena Noite";"Decrescente";"Céu Claro";"Dupla";"Reta";"Não";2;0;0;0;2;0;0;2;-23,74581995;-46,90003027;"SPRF-SP";"DEL04-SP";"UOP01-DEL04-SP"
487088;2022-11-15;"terça-feira";"19:10:00";"PE";232;51,5;"VITORIA DE SANTO ANTAO";"Mal súbito do condutor";"Saída de leito carroçável";"Com Vítimas Fatais";"Plena Noite";"Crescente";"Ignorado";"Dupla";"Reta";"Não";1;1;0;0;0;0;0;1;-8,138318;-35,33201;"SPRF-PE";"DEL01-PE";"UOP01-DEL01-PE"
487089;2022-11-15;"terça-feira";"20:20:00";"SC";101;273;"IMBITUBA";"Demais falhas mecânicas ou elétricas";"Tombamento";"Com Vítimas Feridas";"Plena Noite";"Crescente";"Céu Claro";"Múltipla";"Curva";"Não";2;0;1;1;0;0;2;1;-28,13146846;-48,69247377;"SPRF-SC";"DEL02-SC";"UOP03-DEL02-SC"
487090;2022-11-15;"terça-feira";"19:40:00";"RJ";116;131;"MAGE";"Manobra de mudança de faixa";"Tombamento";"Com Vítimas Feridas";"Plena Noite";"Crescente";"Chuva";"Dupla";"Reta";"Não";2;0;0;1;1;0;1;1;-22,65608024;-43,12511494;"SPRF-RJ";"DEL04-RJ";"UOP02-DEL04-RJ"
487092;2022-11-15;"terça-feira";"20:25:00";"RS";293;341,2;"SANTANA DO LIVRAMENTO";"Acessar a via sem observar a presença dos outros veículos";"Colisão transversal";"Com Vítimas Feridas";"Plena Noite";"Decrescente";"Céu Claro";"Simples";"Reta;Túnel";"Sim";3;0;2;0;1;0;2;2;-30,8544099;-55,54430897;"SPRF-RS";"DEL11-RS";"UOP01-DEL11-RS"
487095;2022-11-15;"terça-feira";"20:45:00";"PB";230;26,5;"JOAO PESSOA";"Ausência de reação do condutor";"Colisão com objeto";"Com Vítimas Feridas";"Plena Noite";"Crescente";"Céu Claro";"Dupla";"Aclive";"Sim";2;0;1;0;0;1;1;2;-7,166965;-34,887036;"SPRF-PB";"DEL01-PB";"UOP01-DEL01-PB"
487096;2022-11-15;"terça-feira";"20:50:00";"PR";277;72;"SAO JOSE DOS PINHAIS";"Ausência de reação do condutor";"Saída de leito carroçável";"Com Vítimas Feridas";"Plena Noite";"Decrescente";"Céu Claro";"Dupla";"Reta";"Não";1;0;0;1;0;0;1;1;-25,52522628;-49,09755612;"SPRF-PR";"DEL01-PR";"UOP01-DEL01-PR"
487097;2022-11-15;"terça-feira";"18:22:00";"MT";163;1032;"PEIXOTO DE AZEVEDO";"Reação tardia ou ineficiente do condutor";"Engavetamento";"Sem Vítimas";"Plena Noite";"Decrescente";"Chuva";"Simples";"Reta";"Não";5;0;0;0;5;0;0;3;-10,3429349;-55,04102846;"SPRF-MT";"DEL06-MT";"UOP03-DEL06-MT"
487098;2022-11-15;"terça-feira";"21:01:00";"GO";70;2;"AGUAS LINDAS DE GOIAS";"Ingestão de álcool ou de substâncias psicoativas pelo pedestre";"Saída de leito carroçável";"Com Vítimas Feridas";"Plena Noite";"Crescente";"Chuva";"Dupla";"Curva";"Sim";2;0;2;0;0;0;2;1;-15,767021;-48,229945;"SPRF-DF";"DEL03-DF";"UOP02-DEL03-DF"
487099;2022-11-15;"terça-feira";"20:40:00";"PR";116;17;"CURITIBA";"Condutor deixou de manter distância do veículo da frente";"Colisão traseira";"Sem Vítimas";"Plena Noite";"Crescente";"Nublado";"Dupla";"Reta";"Sim";9;0;0;0;9;0;0;2;-25,388968;-49,198178;"SPRF-PR";"DEL01-PR";"UOP02-DEL01-PR"
487100;2022-11-15;"terça-feira";"21:34:00";"ES";101;241,9;"SERRA";"Retorno proibido";"Colisão transversal";"Com Vítimas Feridas";"Plena Noite";"Crescente";"Chuva";"Múltipla";"Reta";"Não";2;0;0;1;1;0;1;2;-20,02389596;-40,39998096;"SPRF-ES";"DEL02-ES";"UOP01-DEL02-ES"
487101;2022-09-22;"quinta-feira";"06:45:00";"PI";343;315,2;"ALTOS";"Ultrapassagem Indevida";"Colisão frontal";"Com Vítimas Feridas";"Amanhecer";"Crescente";"Céu Claro";"Simples";"Reta";"Não";3;0;0;1;0;2;1;3;-5,047249;-42,527164;"SPRF-PI";"DEL01-PI";"UOP01-DEL01-PI"
487102;2022-11-15;"terça-feira";"21:34:00";"PE";232;5;"RECIFE";"Manobra de mudança de faixa";"Colisão com objeto";"Com Vítimas Feridas";"Plena Noite";"Decrescente";"Céu Claro";"Dupla";"Desvio Temporário";"Sim";1;0;1;0;0;0;1;1;-8,06795766;-34,94535414;"SPRF-PE";"DEL01-PE";"UOP01-DEL01-PE"
487103;2022-11-15;"terça-feira";"21:00:00";"RN";101;122;"SAO JOSE DE MIPIBU";"Condutor Dormindo";"Colisão com objeto";"Com Vítimas Feridas";"Plena Noite";"Decrescente";"Céu Claro";"Dupla";"Reta";"Sim";1;0;1;0;0;0;1;1;-6,0525261;-35,24358535;"SPRF-RN";"DEL01-RN";"UOP01-DEL01-RN"
487104;2022-11-15;"terça-feira";"18:47:00";"MT";163;727;"SORRISO";"Reação tardia ou ineficiente do condutor";"Queda de ocupante de veículo";"Com Vítimas Feridas";"Plena Noite";"Crescente";"Céu Claro";"Simples";"Reta";"Não";1;0;1;0;0;0;1;1;-12,86231684;-55,83319839;"SPRF-MT";"DEL06-MT";"UOP02-DEL06-MT"
487105;2022-11-15;"terça-feira";"05:00:00";"RO";364;677;"CANDEIAS DO JAMARI";"Demais falhas mecânicas ou elétricas";"Incêndio";"Sem Vítimas";"Plena Noite";"Crescente";"Céu Claro";"Simples";"Reta";"Não";1;0;0;0;0;1;0;1;-8,78274899;-63,561426;"SPRF-RO";"DEL01-RO";"UOP01-DEL01-RO"
487107;2022-11-15;"terça-feira";"21:10:00";"PR";376;176,5;"MARINGA";"Ausência de reação do condutor";"Colisão com objeto";"Com Vítimas Feridas";"Plena Noite";"Decrescente";"Céu Claro";"Múltipla";"Reta";"Sim";1;0;1;0;0;0;1;1;-23,41269173;-51,93158327;"SPRF-PR";"DEL09-PR";"UOP01-DEL09-PR"
487108;2022-11-15;"terça-feira";"21:40:00";"SC";101;330;"TUBARAO";"Avarias e/ou desgaste excessivo no pneu";"Tombamento";"Com Vítimas Feridas";"Pleno dia";"Crescente";"Céu Claro";"Dupla";"Reta";"Não";1;0;1;0;0;0;1;1;-28,45115639;-48,97286879;"SPRF-SC";"DEL02-SC";"UOP01-DEL02-SC"
487109;2022-11-15;"terça-feira";"20:40:00";"RO";364;423,2;"JARU";"Ausência de reação do condutor";"Colisão com objeto";"Com Vítimas Feridas";"Plena Noite";"Crescente";"Céu Claro";"Simples";"Ponte;Reta";"Sim";1;0;0;1;0;0;1;1;-10,4522577;-62,40276217;"SPRF-RO";"DEL03-RO";"UOP02-DEL03-RO"
487110;2022-11-15;"terça-feira";"21:30:00";"SC";470;56;"BLUMENAU";"Acessar a via sem observar a presença dos outros veículos";"Colisão transversal";"Com Vítimas Feridas";"Pleno dia";"Crescente";"Céu Claro";"Simples";"Reta";"Sim";3;0;1;1;1;0;2;2;-26,87674;-49,127743;"SPRF-SC";"DEL04-SC";"UOP01-DEL04-SC"
487111;2022-11-15;"terça-feira";"20:40:00";"SC";280;66;"JARAGUA DO SUL";"Acessar a via sem observar a presença dos outros veículos";"Colisão transversal";"Com Vítimas Feridas";"Plena Noite";"Decrescente";"Céu Claro";"Simples";"Reta";"Não";3;0;1;1;0;1;2;2;-26,47606607;-49,09568797;"SPRF-SC";"DEL03-SC";"UOP03-DEL03-SC"
487112;2022-11-15;"terça-feira";"22:10:00";"RS";116;397;"CAMAQUA";"Iluminação deficiente";"Colisão com objeto";"Com Vítimas Feridas";"Plena Noite";"Decrescente";"Céu Claro";"Simples";"Curva;Desvio Temporário";"Sim";2;0;2;0;0;0;2;1;-30,85668978;-51,7840381;"SPRF-RS";"DEL02-RS";"UOP02-DEL02-RS"
487116;2022-11-15;"terça-feira";"18:40:00";"SC";101;247;"PAULO LOPES";"Reação tardia ou ineficiente do condutor";"Saída de leito carroçável";"Sem Vítimas";"Anoitecer";"Crescente";"Céu Claro";"Múltipla";"Curva";"Não";1;0;0;0;0;1;0;1;-27,91824491;-48,65414317;"SPRF-SC";"DEL02-SC";"UOP03-DEL02-SC"
487117;2022-11-15;"terça-feira";"20:30:00";"SC";101;343,6;"TUBARAO";"Avarias e/ou desgaste excessivo no pneu";"Tombamento";"Com Vítimas Feridas";"Plena Noite";"Decrescente";"Céu Claro";"Dupla";"Reta";"Não";2;0;2;0;0;0;2;1;-28,52765702;-49,05615309;"SPRF-SC";"DEL02-SC";"UOP01-DEL02-SC"
487118;2022-11-15;"terça-feira";"22:35:00";"SP";153;73,5;"SAO JOSE DO RIO PRETO";"Ingestão de álcool pelo condutor";"Colisão traseira";"Com Vítimas Feridas";"Plena Noite";"Crescente";"Céu Claro";"Dupla";"Aclive";"Não";3;0;2;0;1;0;2;2;-20,87627206;-49,42004692;"SPRF-SP";"DEL09-SP";"UOP01-DEL09-SP"
487119;2022-11-15;"terça-feira";"21:00:00";"BA";324;619,8;"SALVADOR";"Iluminação deficiente";"Colisão traseira";"Com Vítimas Feridas";"Plena Noite";"Crescente";"Nublado";"Dupla";"Reta";"Sim";2;0;1;0;0;1;1;2;-12,89820999;-38,45012202;"SPRF-BA";"DEL01-BA";"UOP01-DEL01-BA"
487120;2022-11-15;"terça-feira";"21:00:00";"RJ";116;253;"PIRAI";"Reação tardia ou ineficiente do condutor";"Colisão traseira";"Com Vítimas Feridas";"Plena Noite";"Decrescente";"Céu Claro";"Dupla";"Reta";"Não";2;0;1;0;1;0;1;2;-22,58099934;-43,97818317;"SPRF-RJ";"DEL07-RJ";"UOP02-DEL07-RJ"
487121;2022-11-15;"terça-feira";"21:22:00";"RO";319;62;"PORTO VELHO";"Condutor desrespeitou a iluminação vermelha do semáforo";"Colisão transversal";"Com Vítimas Feridas";"Plena Noite";"Decrescente";"Nublado";"Dupla";"Reta;Interseção de Vias";"Sim";2;0;0;1;1;0;1;2;-8,74923118;-63,88777971;"SPRF-RO";"DEL01-RO";"UOP01-DEL01-RO"
487122;2022-11-15;"terça-feira";"18:25:00";"MG";40;738,8;"SANTOS DUMONT";"Reação tardia ou ineficiente do condutor";"Colisão com objeto";"Com Vítimas Feridas";"Plena Noite";"Decrescente";"Chuva";"Dupla";"Curva";"Não";1;0;1;0;0;0;1;1;-21,38880304;-43,56910622;"SPRF-MG";"DEL05-MG";"UOP01-DEL05-MG"
487123;2022-11-15;"terça-feira";"23:00:00";"RN";101;107;"PARNAMIRIM";"Demais falhas mecânicas ou elétricas";"Colisão traseira";"Com Vítimas Feridas";"Plena Noite";"Decrescente";"Vento";"Dupla";"Reta";"Sim";2;0;0;1;1;0;1;2;-5,91920796;-35,26412409;"SPRF-RN";"DEL01-RN";"UOP01-DEL01-RN"
487124;2022-11-15;"terça-feira";"23:00:00";"SP";116;165,5;"JACAREI";"Ausência de reação do condutor";"Colisão traseira";"Sem Vítimas";"Plena Noite";"Decrescente";"Céu Claro";"Dupla";"Reta";"Não";2;0;0;0;2;0;0;2;-23,29691791;-46,00798704;"SPRF-SP";"DEL02-SP";"UOP01-DEL02-SP"
487125;2022-11-15;"terça-feira";"21:00:00";"MG";116;347;"CAMPANARIO";"Entrada inopinada do pedestre";"Atropelamento de Pedestre";"Com Vítimas Feridas";"Plena Noite";"Crescente";"Chuva";"Simples";"Reta";"Não";2;0;0;1;1;0;1;2;-18,3789432;-41,7861746;"SPRF-MG";"DEL11-MG";"UOP01-DEL11-MG"
487126;2022-11-15;"terça-feira";"21:13:00";"PR";277;343;"GUARAPUAVA";"Ausência de reação do condutor";"Colisão traseira";"Com Vítimas Feridas";"Plena Noite";"Crescente";"Céu Claro";"Dupla";"Reta";"Sim";8;0;1;0;7;0;1;2;-25,36069397;-51,46903556;"SPRF-PR";"DEL08-PR";"UOP01-DEL08-PR"
487128;2022-11-15;"terça-feira";"22:01:00";"SC";280;28;"ARAQUARI";"Condutor deixou de manter distância do veículo da frente";"Colisão traseira";"Com Vítimas Feridas";"Plena Noite";"Crescente";"Céu Claro";"Simples";"Reta";"Sim";3;0;2;0;0;1;2;2;-26,40450077;-48,74561031;"SPRF-SC";"DEL03-SC";"UOP03-DEL03-SC"