"id";"data_inversa";"dia_semana";"horario";"uf";"br";"km";"municipio";"causa_acidente";"tipo_acidente";"classificacao_acidente";"fase_dia";"sentido_via";"condicao_metereologica";"tipo_pista";"tracado_via";"uso_solo";"pessoas";"mortos";"feridos_leves";"feridos_graves";"ilesos";"ignorados";"feridos";"veiculos";"latitude";"longitude";"regional";"delegacia";"uop"
487494;2022-11-17;"quinta-feira";"11:00:00";"RJ";116;110;"GUAPIMIRIM";"Ausência de reação do condutor";"Tombamento";"Com Vítimas Feridas";"Pleno dia";"Crescente";"Céu Claro";"Dupla";"Reta";"Não";1;0;0;1;0;0;1;1;-22,55073275;-42,98968744;"SPRF-RJ";"DEL04-RJ";"UOP01-DEL04-RJ"
487496;2022-11-17;"quinta-feira";"11:00:00";"MG";116;394;"GOVERNADOR VALADARES";"Avarias e/ou desgaste excessivo no pneu";"Tombamento";"Com Vítimas Feridas";"Pleno dia";"Decrescente";"Nublado";"Simples";"Reta";"Não";2;0;2;0;0;0;2;1;-18,732496;-41,98694203;"SPRF-MG";"DEL06-MG";"UOP01-DEL06-MG"
487497;2022-11-17;"quinta-feira";"20:49:00";"PB";230;20;"JOAO PESSOA";"Condutor deixou de manter distância do veículo da frente";"Colisão lateral mesmo sentido";"Com Vítimas Feridas";"Plena Noite";"Crescente";"Céu Claro";"Dupla";"Reta";"Sim";2;0;1;0;0;1;1;2;-7,1337;-34,8544;"SPRF-PB";"DEL01-PB";"UOP01-DEL01-PB"
487498;2022-11-17;"quinta-feira";"20:30:00";"PE";428;72;"SANTA MARIA DA BOA VISTA";"Transitar na contramão";"Colisão frontal";"Com Vítimas Fatais";"Plena Noite";"Decrescente";"Céu Claro";"Simples";"Reta";"Não";2;1;0;1;0;0;1;2;-8,71137308;-39,7709756;"SPRF-PE";"DEL06-PE";"UOP03-DEL06-PE"
487501;2022-11-17;"quinta-feira";"21:55:00";"RS";386;348,8;"LAJEADO";"Ingestão de álcool pelo condutor";"Colisão traseira";"Sem Vítimas";"Plena Noite";"Crescente";"Céu Claro";"Simples";"Reta";"Não";2;0;0;0;2;0;0;2;-29,456644;-51,957329;"SPRF-RS";"DEL04-RS";"UOP02-DEL04-RS"
487506;2022-11-17;"quinta-feira";"18:30:00";"RO";364;424,4;"JARU";"Desrespeitar a preferência no cruzamento";"Colisão transversal";"Com Vítimas Feridas";"Anoitecer";"Crescente";"Céu Claro";"Simples";"Interseção de Vias";"Sim";2;0;1;0;1;0;1;2;-10,44457274;-62,46568412;"SPRF-RO";"DEL03-RO";"UOP02-DEL03-RO"
487508;2022-11-17;"quinta-feira";"12:50:00";"MG";251;479,9;"FRANCISCO SA";"Demais falhas na via";"Capotamento";"Com Vítimas Feridas";"Pleno dia";"Crescente";"Nublado";"Simples";"Reta";"Não";2;0;1;0;1;0;1;1;-16,47506025;-43,50030081;"SPRF-MG";"DEL12-MG";"UOP01-DEL12-MG"
487510;2022-09-18;"domingo";"20:20:00";"MG";381;251;"SANTANA DO PARAISO";"Ausência de reação do condutor";"Colisão transversal";"Com Vítimas Feridas";"Plena Noite";"Decrescente";"Céu Claro";"Simples";"Interseção de Vias";"Sim";3;0;2;0;0;1;2;2;-19,48994405;-42,56156695;"SPRF-MG";"DEL06-MG";"UOP01-DEL06-MG"
487511;2022-11-18;"sexta-feira";"00:30:00";"PR";277;723;"FOZ DO IGUACU";"Manobra de mudança de faixa";"Colisão traseira";"Com Vítimas Feridas";"Plena Noite";"Decrescente";"Céu Claro";"Dupla";"Retorno Regulamentado";"Sim";2;0;1;0;0;1;1;2;-25,49878215;-54,52985294;"SPRF-PR";"DEL05-PR";"UOP03-DEL05-PR"
487512;2022-11-17;"quinta-feira";"18:25:00";"MA";402;130;"PRIMEIRA CRUZ";"Pedestre andava na pista";"Atropelamento de Pedestre";"Com Vítimas Fatais";"Anoitecer";"Crescente";"Ignorado";"Simples";"Reta";"Não";2;1;0;0;0;1;0;2;-2,7792;-43,321743;"SPRF-MA";"DEL01-MA";"UOP01-DEL01-MA"
487513;2022-11-18;"sexta-feira";"00:20:00";"ES";259;104,5;"BAIXO GUANDU";"Velocidade Incompatível";"Saída de leito carroçável";"Com Vítimas Feridas";"Plena Noite";"Decrescente";"Nublado";"Simples";"Reta";"Não";5;0;2;3;0;0;5;1;-19,5128073;-41,0276761;"SPRF-ES";"DEL02-ES";"UOP01-DEL02-ES"
487518;2022-11-17;"quinta-feira";"19:50:00";"PR";277;166,9;"PALMEIRA";"Velocidade Incompatível";"Queda de ocupante de veículo";"Com Vítimas Feridas";"Plena Noite";"Crescente";"Nublado";"Simples";"Declive;Reta";"Não";1;0;1;0;0;0;1;1;-25,4370614;-49,97783124;"SPRF-PR";"DEL03-PR";"UOP03-DEL03-PR"
487520;2022-11-18;"sexta-feira";"03:20:00";"PR";376;176,8;"MARINGA";"Desrespeitar a preferência no cruzamento";"Colisão transversal";"Com Vítimas Feridas";"Plena Noite";"Crescente";"Céu Claro";"Dupla";"Interseção de Vias";"Sim";2;0;1;0;1;0;1;2;-23,41262062;-51,93243742;"SPRF-PR";"DEL09-PR";"UOP01-DEL09-PR"
487522;2022-11-18;"sexta-feira";"00:30:00";"MG";116;252;"TEOFILO OTONI";"Ausência de reação do condutor";"Colisão com objeto";"Com Vítimas Feridas";"Plena Noite";"Decrescente";"Nublado";"Simples";"Curva";"Não";1;0;1;0;0;0;1;1;-17,65912302;-41,49556794;"SPRF-MG";"DEL11-MG";"UOP01-DEL11-MG"
487524;2022-11-17;"quinta-feira";"15:40:00";"RJ";101;303;"SAO GONCALO";"Reação tardia ou ineficiente do condutor";"Atropelamento de Pedestre";"Com Vítimas Feridas";"Pleno dia";"Decrescente";"Céu Claro";"Dupla";"Reta";"Sim";2;0;1;0;1;0;1;2;-22,7828205;-42,9766681;"SPRF-RJ";"DEL02-RJ";"UOP02-DEL02-RJ"
487526;2022-11-18;"sexta-feira";"05:16:00";"RJ";116;136;"DUQUE DE CAXIAS";"Avarias e/ou desgaste excessivo no pneu";"Queda de ocupante de veículo";"Com Vítimas Feridas";"Amanhecer";"Crescente";"Nublado";"Dupla";"Reta";"Sim";2;0;1;0;1;0;1;1;-22,64988985;-43,17250297;"SPRF-RJ";"DEL01-RJ";"UOP01-DEL01-RJ"
487527;2022-11-18;"sexta-feira";"04:50:00";"RJ";465;5;"SEROPEDICA";"Reação tardia ou ineficiente do condutor";"Colisão lateral sentido oposto";"Com Vítimas Feridas";"Amanhecer";"Crescente";"Céu Claro";"Simples";"Reta";"Sim";2;0;1;0;1;0;1;2;-22,747673;-43,699196;"SPRF-RJ";"DEL01-RJ";"UOP03-DEL01-RJ"
487529;2022-11-18;"sexta-feira";"04:00:00";"RJ";101;162;"SAO JOAO DA BARRA";"Animais na Pista";"Atropelamento de Animal";"Com Vítimas Feridas";"Plena Noite";"Decrescente";"Nublado";"Simples";"Reta";"Não";2;0;1;1;0;0;2;1;-21,71723704;-41,16913363;"SPRF-RJ";"DEL08-RJ";"UOP04-DEL08-RJ"
487530;2022-11-18;"sexta-feira";"06:00:00";"PR";376;137;"NOVA ESPERANCA";"Velocidade Incompatível";"Saída de leito carroçável";"Sem Vítimas";"Amanhecer";"Crescente";"Céu Claro";"Dupla";"Reta";"Não";1;0;0;0;0;1;0;1;-23,21631106;-52,18536405;"SPRF-PR";"DEL09-PR";"UOP02-DEL09-PR"
487531;2022-11-18;"sexta-feira";"06:30:00";"ES";101;66;"SAO MATEUS";"Condutor desrespeitou a iluminação vermelha do semáforo";"Colisão transversal";"Com Vítimas Feridas";"Amanhecer";"Crescente";"Nublado";"Dupla";"Reta";"Sim";2;0;0;1;1;0;1;2;-18,7165195;-39,87436378;"SPRF-ES";"DEL04-ES";"UOP02-DEL04-ES"
487532;2022-09-25;"domingo";"04:30:00";"MG";116;749;"LEOPOLDINA";"Condutor Dormindo";"Saída de leito carroçável";"Com Vítimas Feridas";"Pleno dia";"Decrescente";"Ignorado";"Simples";"Reta";"Não";1;0;0;1;0;0;1;1;-21,44444089;-42,5401783;"SPRF-MG";"DEL07-MG";"UOP01-DEL07-MG"
487533;2022-11-18;"sexta-feira";"06:43:00";"PR";277;81;"CURITIBA";"Condutor deixou de manter distância do veículo da frente";"Colisão traseira";"Com Vítimas Feridas";"Amanhecer";"Crescente";"Céu Claro";"Dupla";"Reta";"Sim";2;0;1;0;1;0;1;2;-25,45937239;-49,22094445;"SPRF-PR";"DEL01-PR";"UOP01-DEL01-PR"
487534;2022-11-18;"sexta-feira";"06:35:00";"PR";116;123;"CURITIBA";"Condutor deixou de manter distância do veículo da frente";"Colisão traseira";"Com Vítimas Feridas";"Pleno dia";"Decrescente";"Céu Claro";"Dupla";"Reta";"Não";2;0;1;0;1;0;1;2;-25,57736002;-49,31243589;"SPRF-PR";"DEL01-PR";"UOP03-DEL01-PR"
487535;2022-11-18;"sexta-feira";"06:00:00";"PR";277;682,1;"SAO MIGUEL DO IGUACU";"Ingestão de álcool pelo condutor";"Saída de leito carroçável";"Sem Vítimas";"Pleno dia";"Crescente";"Céu Claro";"Dupla";"Reta";"Não";1;0;0;0;1;0;0;1;-25,32986789;-54,18272203;"SPRF-PR";"DEL05-PR";"UOP01-DEL05-PR"
487536;2022-11-18;"sexta-feira";"06:35:00";"MG";40;510;"RIBEIRAO DAS NEVES";"Avarias e/ou desgaste excessivo no pneu";"Tombamento";"Com Vítimas Feridas";"Pleno dia";"Crescente";"Céu Claro";"Dupla";"Reta";"Sim";2;0;1;0;1;0;1;1;-19,77463885;-44,12321882;"SPRF-MG";"DEL01-MG";"UOP02-DEL01-MG"
487537;2022-11-18;"sexta-feira";"07:00:00";"SP";116;220;"GUARULHOS";"Ausência de reação do condutor";"Tombamento";"Com Vítimas Feridas";"Pleno dia";"Crescente";"Céu Claro";"Múltipla";"Reta";"Sim";1;0;1;0;0;0;1;1;-23,46604812;-46,50274019;"SPRF-SP";"DEL01-SP";"UOP01-DEL01-SP"
487538;2022-11-18;"sexta-feira";"07:25:00";"RS";386;346,7;"LAJEADO";"Pedestre cruzava a pista fora da faixa";"Atropelamento de Pedestre";"Com Vítimas Feridas";"Pleno dia";"Crescente";"Sol";"Dupla";"Reta;Aclive;Em Obras";"Sim";2;0;1;0;1;0;1;2;-29,44620318;-51,97603941;"SPRF-RS";"DEL04-RS";"UOP01-DEL04-RS"
487539;2022-11-18;"sexta-feira";"07:00:00";"SP";116;88;"PINDAMONHANGABA";"Manobra de mudança de faixa";"Colisão lateral mesmo sentido";"Com Vítimas Feridas";"Pleno dia";"Decrescente";"Céu Claro";"Dupla";"Reta";"Não";2;0;1;0;1;0;1;2;-22,93500994;-45,37019403;"SPRF-SP";"DEL08-SP";"UOP01-DEL08-SP"
487540;2022-11-18;"sexta-feira";"06:40:00";"SC";101;209,4;"SAO JOSE";"Manobra de mudança de faixa";"Colisão lateral mesmo sentido";"Com Vítimas Feridas";"Pleno dia";"Decrescente";"Céu Claro";"Múltipla";"Reta";"Sim";2;0;1;0;1;0;1;2;-27,61000542;-48,63895057;"SPRF-SC";"DEL01-SC";"UOP01-DEL01-SC"
487543;2022-11-18;"sexta-feira";"07:30:00";"SP";116;285;"ITAPECERICA DA SERRA";"Reação tardia ou ineficiente do condutor";"Colisão lateral mesmo sentido";"Com Vítimas Feridas";"Pleno dia";"Decrescente";"Céu Claro";"Múltipla";"Reta";"Sim";3;0;2;0;1;0;2;2;-23,70407794;-46,87249709;"SPRF-SP";"DEL04-SP";"UOP01-DEL04-SP"
487544;2022-11-18;"sexta-feira";"07:30:00";"SP";116;273;"TABOAO DA SERRA";"Manobra de mudança de faixa";"Colisão lateral mesmo sentido";"Com Vítimas Feridas";"Pleno dia";"Decrescente";"Céu Claro";"Dupla";"Reta";"Sim";2;0;1;0;1;0;1;2;-23,62809795;-46,81870306;"SPRF-SP";"DEL04-SP";"UOP01-DEL04-SP"
487545;2022-11-18;"sexta-feira";"04:05:00";"MT";174;334;"CONQUISTA DOESTE";"Estacionar ou parar em local proibido";"Colisão traseira";"Com Vítimas Feridas";"Plena Noite";"Decrescente";"Céu Claro";"Simples";"Reta";"Não";3;0;0;1;2;0;1;2;-14,84817423;-59,30735837;"SPRF-MT";"DEL04-MT";"UOP01-DEL04-MT"
487547;2022-11-18;"sexta-feira";"08:00:00";"ES";101;145;"LINHARES";"Manobra de mudança de faixa";"Colisão transversal";"Com Vítimas Feridas";"Pleno dia";"Decrescente";"Sol";"Simples";"Reta";"Sim";2;0;1;0;1;0;1;2;-19,36089598;-40,06464018;"SPRF-ES";"DEL04-ES";"UOP01-DEL04-ES"
487548;2022-11-18;"sexta-feira";"07:45:00";"SP";116;230;"SAO PAULO";"Ausência de reação do condutor";"Colisão traseira";"Com Vítimas Feridas";"Amanhecer";"Decrescente";"Céu Claro";"Múltipla";"Reta";"Sim";2;0;1;0;1;0;1;2;-23,52251783;-46,5855702;"SPRF-SP";"DEL01-SP";"UOP01-DEL01-SP"
487549;2022-11-18;"sexta-feira";"07:30:00";"RJ";356;10;"ITAPERUNA";"Ausência de reação do condutor";"Saída de leito carroçável";"Com Vítimas Feridas";"Pleno dia";"Crescente";"Céu Claro";"Simples";"Reta";"Não";1;0;1;0;0;0;1;1;-21,17503248;-42,09717594;"SPRF-RJ";"DEL08-RJ";"UOP03-DEL08-RJ"
487552;2022-11-18;"sexta-feira";"08:20:00";"ES";101;261,4;"SERRA";"Conversão proibida";"Colisão transversal";"Com Vítimas Feridas";"Pleno dia";"Crescente";"Céu Claro";"Dupla";"Curva";"Não";2;0;0;1;1;0;1;2;-20,14854215;-40,27970926;"SPRF-ES";"DEL02-ES";"UOP01-DEL02-ES"
487554;2022-10-18;"terça-feira";"07:00:00";"MG";50;18;"UBERLANDIA";"Reação tardia ou ineficiente do condutor";"Tombamento";"Com Vítimas Feridas";"Pleno dia";"Crescente";"Céu Claro";"Dupla";"Reta";"Não";2;0;1;0;1;0;1;2;-18,93291801;-48,1987381;"SPRF-MG";"DEL15-MG";"UOP01-DEL15-MG"
487555;2022-11-18;"sexta-feira";"07:50:00";"MG";381;484;"BETIM";"Condutor deixou de manter distância do veículo da frente";"Colisão traseira";"Com Vítimas Feridas";"Pleno dia";"Crescente";"Sol";"Múltipla";"Reta";"Sim";2;0;1;0;1;0;1;2;-19,95773873;-44,0925765;"SPRF-MG";"DEL01-MG";"UOP03-DEL01-MG"
487557;2022-11-18;"sexta-feira";"07:50:00";"MG";50;28,3;"ARAGUARI";"Problema na suspensão";"Queda de ocupante de veículo";"Com Vítimas Feridas";"Pleno dia";"Crescente";"Céu Claro";"Dupla";"Curva";"Não";1;0;1;0;0;0;1;1;-18,61851284;-48,1028889;"SPRF-MG";"DEL15-MG";"UOP02-DEL15-MG"
487558;2022-11-18;"sexta-feira";"08:33:00";"GO";60;171,7;"GOIANIA";"Manobra de mudança de faixa";"Colisão com objeto";"Com Vítimas Feridas";"Pleno dia";"Decrescente";"Céu Claro";"Dupla";"Reta";"Não";1;0;1;0;0;0;1;1;-16,7269;-49,3822;"SPRF-GO";"DEL01-GO";"UOP02-DEL01-GO"
487559;2022-11-17;"quinta-feira";"23:05:00";"BA";324;404;"NOVA FATIMA";"Transitar na contramão";"Colisão frontal";"Com Vítimas Fatais";"Plena Noite";"Decrescente";"Nublado";"Simples";"Reta";"Sim";2;1;0;0;1;0;0;2;-11,60427899;-39,6312174;"SPRF-BA";"DEL04-BA";"UOP02-DEL04-BA"
487560;2022-11-10;"quinta-feira";"13:00:00";"MS";158;24,5;"CASSILANDIA";"Acostamento em desnível";"Tombamento";"Com Vítimas Feridas";"Pleno dia";"Decrescente";"Céu Claro";"Simples";"Reta";"Não";2;0;1;0;1;0;1;1;-19,20172519;-51,55280509;"SPRF-MS";"DEL08-MS";"UOP01-DEL08-MS"
487562;2022-11-18;"sexta-feira";"08:50:00";"GO";60;64;"ABADIANIA";"Falta de elemento de contenção que evite a saída do leito carroçável";"Colisão traseira";"Com Vítimas Feridas";"Pleno dia";"Crescente";"Céu Claro";"Dupla";"Reta";"Sim";2;0;2;0;0;0;2;2;-16,1931627;-48,72766972;"SPRF-GO";"DEL02-GO";"UOP01-DEL02-GO"
487563;2022-11-18;"sexta-feira";"08:45:00";"RS";116;260;"CANOAS";"Manobra de mudança de faixa";"Colisão lateral mesmo sentido";"Com Vítimas Feridas";"Pleno dia";"Crescente";"Céu Claro";"Dupla";"Reta";"Sim";2;0;1;0;0;1;1;2;-29,879208;-51,18045622;"SPRF-RS";"DEL01-RS";"UOP01-DEL01-RS"
487564;2022-11-18;"sexta-feira";"07:45:00";"PR";369;159;"CAMBE";"Velocidade Incompatível";"Colisão traseira";"Com Vítimas Feridas";"Pleno dia";"Crescente";"Céu Claro";"Dupla";"Reta";"Sim";3;0;2;0;1;0;2;2;-23,28508;-51,23553;"SPRF-PR";"DEL07-PR";"UOP01-DEL07-PR"
487565;2022-11-18;"sexta-feira";"08:30:00";"PB";230;263,5;"JUNCO DO SERIDO";"Reação tardia ou ineficiente do condutor";"Capotamento";"Com Vítimas Feridas";"Pleno dia";"Decrescente";"Céu Claro";"Simples";"Reta";"Não";1;0;1;0;0;0;1;1;-6,981701;-36,731767;"SPRF-PB";"DEL03-PB";"UOP01-DEL03-PB"
487568;2022-11-18;"sexta-feira";"09:00:00";"RJ";116;1,8;"SAPUCAIA";"Acessar a via sem observar a presença dos outros veículos";"Colisão transversal";"Com Vítimas Feridas";"Pleno dia";"Crescente";"Céu Claro";"Simples";"Reta";"Sim";2;0;1;0;1;0;1;2;-21,877727;-42,670816;"SPRF-RJ";"DEL05-RJ";"UOP01-DEL05-RJ"
487569;2022-11-18;"sexta-feira";"08:40:00";"SE";235;72,8;"FREI PAULO";"Reação tardia ou ineficiente do condutor";"Colisão traseira";"Sem Vítimas";"Pleno dia";"Decrescente";"Céu Claro";"Simples";"Reta";"Sim";2;0;0;0;2;0;0;2;-10,550368;-37,529514;"SPRF-SE";"DEL01-SE";"UOP02-DEL01-SE"
487571;2022-11-18;"sexta-feira";"08:45:00";"RS";158;199,4;"CRUZ ALTA";"Ausência de reação do condutor";"Saída de leito carroçável";"Com Vítimas Feridas";"Pleno dia";"Decrescente";"Céu Claro";"Simples";"Aclive";"Não";1;0;1;0;0;0;1;1;-28,6774444;-53,5948552;"SPRF-RS";"DEL10-RS";"UOP02-DEL10-RS"
487573;2022-11-18;"sexta-feira";"09:00:00";"PB";230;132;"MASSARANDUBA";"Avarias e/ou desgaste excessivo no pneu";"Saída de leito carroçável";"Com Vítimas Feridas";"Pleno dia";"Decrescente";"Chuva";"Dupla";"Curva";"Não";2;0;1;0;1;0;1;1;-7,2774;-35,7367;"SPRF-PB";"DEL02-PB";"UOP01-DEL02-PB"
487575;2022-10-05;"quarta-feira";"19:30:00";"MG";356;265;"MURIAE";"Acumulo de areia ou detritos sobre o pavimento";"Tombamento";"Com Vítimas Feridas";"Plena Noite";"Decrescente";"Céu Claro";"Simples";"Reta";"Sim";1;0;0;1;0;0;1;1;-21,1464667;-42,3812985;"SPRF-MG";"DEL07-MG";"UOP02-DEL07-MG"
487579;2022-11-18;"sexta-feira";"10:00:00";"MG";381;500,7;"BETIM";"Trafegar com motocicleta (ou similar) entre as faixas";"Colisão traseira";"Com Vítimas Feridas";"Pleno dia";"Decrescente";"Sol";"Dupla";"Reta";"Não";2;0;1;0;1;0;1;2;-20,03146447;-44,2377893;"SPRF-MG";"DEL01-MG";"UOP03-DEL01-MG"
487580;2022-11-18;"sexta-feira";"09:55:00";"DF";20;4;"BRASILIA";"Condutor deixou de manter distância do veículo da frente";"Colisão traseira";"Com Vítimas Feridas";"Pleno dia";"Decrescente";"Céu Claro";"Dupla";"Reta";"Não";2;0;2;0;0;0;2;2;-15,675484;-47,823761;"SPRF-DF";"DEL02-DF";"UOP01-DEL02-DF"
487582;2022-11-18;"sexta-feira";"09:15:00";"SE";235;104;"CARIRA";"Acessar a via sem observar a presença dos outros veículos";"Colisão transversal";"Com Vítimas Feridas";"Pleno dia";"Crescente";"Céu Claro";"Simples";"Reta";"Não";2;0;1;0;1;0;1;2;-10,383366;-37,682716;"SPRF-SE";"DEL01-SE";"UOP02-DEL01-SE"
487584;2022-10-29;"sábado";"18:40:00";"MS";163;261;"DOURADOS";"Ausência de reação do condutor";"Atropelamento de Pedestre";"Com Vítimas Fatais";"Plena Noite";"Crescente";"Céu Claro";"Dupla";"Reta";"Sim";4;1;1;0;2;0;1;4;-22,23864271;-54,76552912;"SPRF-MS";"DEL04-MS";"UOP01-DEL04-MS"
487585;2022-11-18;"sexta-feira";"08:15:00";"PR";476;233,4;"LAPA";"Velocidade Incompatível";"Saída de leito carroçável";"Com Vítimas Feridas";"Pleno dia";"Crescente";"Céu Claro";"Simples";"Aclive;Curva";"Não";1;0;0;1;0;0;1;1;-25,88042981;-50,00749296;"SPRF-PR";"DEL02-PR";"UOP03-DEL02-PR"
487586;2022-11-18;"sexta-feira";"06:00:00";"MA";226;265,1;"BARRA DO CORDA";"Ausência de reação do condutor";"Saída de leito carroçável";"Com Vítimas Feridas";"Amanhecer";"Decrescente";"Chuva";"Simples";"Curva";"Não";2;0;1;1;0;0;2;1;-5,40612077;-44,97784585;"SPRF-MA";"DEL06-MA";"UOP01-DEL06-MA"
487587;2022-11-18;"sexta-feira";"10:16:00";"SP";116;153;"SAO JOSE DOS CAMPOS";"Ausência de reação do condutor";"Colisão traseira";"Com Vítimas Feridas";"Pleno dia";"Decrescente";"Céu Claro";"Dupla";"Reta";"Sim";3;0;1;0;2;0;1;2;-23,23262274;-45,91372624;"SPRF-SP";"DEL02-SP";"UOP01-DEL02-SP"
487588;2022-10-30;"domingo";"01:20:00";"ES";101;66,5;"SAO MATEUS";"Condutor deixou de manter distância do veículo da frente";"Colisão traseira";"Com Vítimas Feridas";"Plena Noite";"Decrescente";"Nublado";"Simples";"Reta";"Sim";2;0;1;0;0;1;1;2;-18,7165195;-39,87436378;"SPRF-ES";"DEL04-ES";"UOP02-DEL04-ES"
487590;2022-11-18;"sexta-feira";"08:50:00";"RS";471;174;"RIO PARDO";"Desrespeitar a preferência no cruzamento";"Colisão transversal";"Com Vítimas Feridas";"Pleno dia";"Decrescente";"Sol";"Simples";"Interseção de Vias";"Sim";2;0;1;0;1;0;1;2;-29,98199983;-52,36929417;"SPRF-RS";"DEL02-RS";"UOP03-DEL02-RS"
487591;2022-11-18;"sexta-feira";"10:30:00";"SP";153;62,9;"SAO JOSE DO RIO PRETO";"Manobra de mudança de faixa";"Colisão lateral mesmo sentido";"Com Vítimas Feridas";"Pleno dia";"Crescente";"Sol";"Dupla";"Aclive";"Sim";1;0;1;0;0;0;1;1;-20,82149698;-49,35764818;"SPRF-SP";"DEL09-SP";"UOP01-DEL09-SP"
487592;2022-09-19;"segunda-feira";"18:00:00";"PI";135;347;"BOM JESUS";"Animais na Pista";"Atropelamento de Animal";"Com Vítimas Feridas";"Anoitecer";"Crescente";"Céu Claro";"Simples";"Reta";"Não";1;0;0;1;0;0;1;1;-9,06013314;-44,31644088;"SPRF-PI";"DEL03-PI";"UOP02-DEL03-PI"
487593;2022-11-18;"sexta-feira";"10:00:00";"RS";285;218,9;"CASEIROS";"Acessar a via sem observar a presença dos outros veículos";"Colisão transversal";"Com Vítimas Feridas";"Pleno dia";"Crescente";"Sol";"Simples";"Interseção de Vias";"Não";2;0;1;0;1;0;1;2;-28,272339;-51,690033;"SPRF-RS";"DEL08-RS";"UOP05-DEL08-RS"
487594;2022-11-18;"sexta-feira";"11:37:00";"ES";101;258,3;"SERRA";"Acessar a via sem observar a presença dos outros veículos";"Colisão traseira";"Com Vítimas Feridas";"Pleno dia";"Decrescente";"Céu Claro";"Dupla";"Reta";"Sim";2;0;1;0;1;0;1;2;-20,13059888;-40,2961019;"SPRF-ES";"DEL02-ES";"UOP01-DEL02-ES"
487596;2022-11-18;"sexta-feira";"11:50:00";"RJ";101;324;"NITEROI";"Condutor deixou de manter distância do veículo da frente";"Colisão traseira";"Com Vítimas Feridas";"Pleno dia";"Decrescente";"Céu Claro";"Dupla";"Reta";"Não";2;0;1;0;1;0;1;2;-22,87381074;-43,12640997;"SPRF-RJ";"DEL02-RJ";"UOP01-DEL02-RJ"
487599;2022-11-18;"sexta-feira";"12:30:00";"MG";381;923,5;"CAMANDUCAIA";"Ingestão de álcool pelo condutor";"Queda de ocupante de veículo";"Com Vítimas Feridas";"Pleno dia";"Decrescente";"Céu Claro";"Dupla";"Reta";"Não";1;0;1;0;0;0;1;1;-22,77277665;-46,18403921;"SPRF-MG";"DEL16-MG";"UOP03-DEL16-MG"
487602;2022-11-18;"sexta-feira";"11:30:00";"MG";40;692;"ALFREDO VASCONCELOS";"Obstrução na via";"Engavetamento";"Com Vítimas Feridas";"Pleno dia";"Decrescente";"Céu Claro";"Simples";"Curva";"Não";4;0;2;0;2;0;2;3;-21,13934777;-43,76558304;"SPRF-MG";"DEL05-MG";"UOP02-DEL05-MG"
487603;2022-11-18;"sexta-feira";"12:40:00";"MG";40;526;"CONTAGEM";"Manobra de mudança de faixa";"Colisão lateral mesmo sentido";"Com Vítimas Feridas";"Pleno dia";"Crescente";"Nublado";"Dupla";"Reta";"Sim";2;0;1;0;0;1;1;2;-19,89255399;-44,04985478;"SPRF-MG";"DEL01-MG";"UOP02-DEL01-MG"
487605;2022-11-18;"sexta-feira";"12:25:00";"MG";459;64,8;"SENADOR JOSE BENTO";"Velocidade Incompatível";"Saída de leito carroçável";"Com Vítimas Feridas";"Pleno dia";"Crescente";"Céu Claro";"Simples";"Curva";"Não";3;0;3;0;0;0;3;1;-22,130955;-46,1822266;"SPRF-MG";"DEL09-MG";"UOP01-DEL09-MG"
487606;2022-11-18;"sexta-feira";"13:00:00";"ES";101;379,9;"ICONHA";"Velocidade Incompatível";"Saída de leito carroçável";"Com Vítimas Feridas";"Pleno dia";"Decrescente";"Sol";"Simples";"Curva";"Não";4;0;3;0;1;0;3;1;-20,80192814;-40,82798487;"SPRF-ES";"DEL03-ES";"UOP01-DEL03-ES"
487607;2022-11-18;"sexta-feira";"12:30:00";"GO";50;163;"CAMPO ALEGRE DE GOIAS";"Reação tardia ou ineficiente do condutor";"Saída de leito carroçável";"Sem Vítimas";"Pleno dia";"Decrescente";"Céu Claro";"Dupla";"Reta;Aclive";"Não";5;0;0;0;5;0;0;1;-17,2792062;-47,76165605;"SPRF-GO";"DEL06-GO";"UOP01-DEL06-GO"
487609;2022-11-18;"sexta-feira";"13:00:00";"PA";10;234,7;"IPIXUNA DO PARA";"Acessar a via sem observar a presença dos outros veículos";"Colisão frontal";"Com Vítimas Fatais";"Pleno dia";"Decrescente";"Céu Claro";"Simples";"Reta";"Não";2;1;0;0;0;1;0;2;-2,38812496;-47,54101793;"SPRF-PA";"DEL02-PA";"UOP01-DEL02-PA"
487610;2022-11-18;"sexta-feira";"09:20:00";"MA";316;498;"CODO";"Acessar a via sem observar a presença dos outros veículos";"Atropelamento de Pedestre";"Com Vítimas Feridas";"Pleno dia";"Decrescente";"Céu Claro";"Simples";"Reta";"Não";2;0;0;1;1;0;1;2;-4,702413;-43,779129;"SPRF-MA";"DEL03-MA";"UOP02-DEL03-MA"
487612;2022-11-18;"sexta-feira";"13:00:00";"BA";367;23;"PORTO SEGURO";"Acessar a via sem observar a presença dos outros veículos";"Colisão frontal";"Com Vítimas Feridas";"Pleno dia";"Crescente";"Nublado";"Simples";"Reta";"Sim";2;0;0;1;1;0;1;2;-16,43517732;-39,07201198;"SPRF-BA";"DEL09-BA";"UOP03-DEL09-BA"
487613;2022-11-18;"sexta-feira";"06:50:00";"SC";470;60,7;"BLUMENAU";"Trafegar com motocicleta (ou similar) entre as faixas";"Colisão transversal";"Com Vítimas Feridas";"Pleno dia";"Decrescente";"Céu Claro";"Simples";"Reta";"Sim";2;0;1;0;1;0;1;2;-26,88138;-49,164543;"SPRF-SC";"DEL04-SC";"UOP01-DEL04-SC"