"id";"data_inversa";"dia_semana";"horario";"uf";"br";"km";"municipio";"causa_acidente";"tipo_acidente";"classificacao_acidente";"fase_dia";"sentido_via";"condicao_metereologica";"tipo_pista";"tracado_via";"uso_solo";"pessoas";"mortos";"feridos_leves";"feridos_graves";"ilesos";"ignorados";"feridos";"veiculos";"latitude";"longitude";"regional";"delegacia";"uop"
487734;2022-11-18;"sexta-feira";"22:10:00";"RJ";40;123;"DUQUE DE CAXIAS";"Fumaça";"Incêndio";"Sem Vítimas";"Plena Noite";"Decrescente";"Céu Claro";"Dupla";"Reta";"Sim";1;0;0;0;1;0;0;1;-22,79907687;-43,29015739;"SPRF-RJ";"DEL01-RJ";"UOP01-DEL01-RJ"
487736;2022-11-18;"sexta-feira";"22:30:00";"ES";262;46;"MARECHAL FLORIANO";"Acessar a via sem observar a presença dos outros veículos";"Colisão frontal";"Com Vítimas Feridas";"Plena Noite";"Decrescente";"Céu Claro";"Simples";"Reta";"Sim";2;0;1;0;1;0;1;2;-20,40565705;-40,67280081;"SPRF-ES";"DEL01-ES";"UOP01-DEL01-ES"
487737;2022-11-18;"sexta-feira";"15:00:00";"PR";476;178;"CONTENDA";"Ausência de reação do condutor";"Saída de leito carroçável";"Com Vítimas Feridas";"Pleno dia";"Decrescente";"Sol";"Dupla";"Curva";"Não";1;0;0;1;0;0;1;1;-25,699764;-49,572849;"SPRF-PR";"DEL01-PR";"UOP06-DEL01-PR"
487740;2022-11-18;"sexta-feira";"20:10:00";"PI";316;309;"PICOS";"Ausência de reação do condutor";"Colisão traseira";"Com Vítimas Feridas";"Plena Noite";"Crescente";"Céu Claro";"Simples";"Rotatória";"Sim";2;0;1;0;1;0;1;2;-7,07778744;-41,48370094;"SPRF-PI";"DEL04-PI";"UOP01-DEL04-PI"
487741;2022-11-18;"sexta-feira";"23:10:00";"RJ";101;418;"MANGARATIBA";"Ingestão de álcool pelo condutor";"Tombamento";"Com Vítimas Feridas";"Plena Noite";"Crescente";"Céu Claro";"Simples";"Reta;Aclive";"Não";1;0;1;0;0;0;1;1;-22,9178274;-43,90471593;"SPRF-RJ";"DEL03-RJ";"UOP02-DEL03-RJ"
487742;2022-11-18;"sexta-feira";"08:20:00";"PI";316;9;"TERESINA";"Deficiência do Sistema de Iluminação/Sinalização";"Colisão lateral mesmo sentido";"Com Vítimas Feridas";"Pleno dia";"Decrescente";"Céu Claro";"Simples";"Reta";"Não";2;0;1;0;1;0;1;2;-5,17381686;-42,76624952;"SPRF-PI";"DEL01-PI";"UOP02-DEL01-PI"
487743;2022-11-18;"sexta-feira";"23:30:00";"RS";116;253;"SAPUCAIA DO SUL";"Desrespeitar a preferência no cruzamento";"Colisão transversal";"Com Vítimas Feridas";"Plena Noite";"Decrescente";"Céu Claro";"Múltipla";"Reta;Viaduto;Interseção de Vias";"Sim";3;0;2;0;1;0;2;2;-29,81784209;-51,16996166;"SPRF-RS";"DEL01-RS";"UOP02-DEL01-RS"
487744;2022-11-18;"sexta-feira";"22:20:00";"RO";364;715;"PORTO VELHO";"Pedestre cruzava a pista fora da faixa";"Atropelamento de Pedestre";"Com Vítimas Fatais";"Plena Noite";"Decrescente";"Céu Claro";"Dupla";"Reta";"Sim";3;1;0;0;1;1;0;2;-8,78111248;-63,89324427;"SPRF-RO";"DEL01-RO";"UOP01-DEL01-RO"
487745;2022-11-19;"sábado";"01:10:00";"PR";277;729,3;"FOZ DO IGUACU";"Ingestão de álcool pelo condutor";"Colisão com objeto";"Com Vítimas Feridas";"Plena Noite";"Decrescente";"Céu Claro";"Dupla";"Curva";"Sim";1;0;1;0;0;0;1;1;-25,50749887;-54,58379896;"SPRF-PR";"DEL05-PR";"UOP03-DEL05-PR"
487746;2022-11-18;"sexta-feira";"20:55:00";"MS";267;482;"JARDIM";"Conversão proibida";"Colisão transversal";"Com Vítimas Feridas";"Plena Noite";"Crescente";"Céu Claro";"Simples";"Interseção de Vias";"Sim";3;0;1;2;0;0;3;2;-21,48307021;-56,14631299;"SPRF-MS";"DEL05-MS";"UOP01-DEL05-MS"
487748;2022-11-19;"sábado";"01:20:00";"PB";104;130,2;"CAMPINA GRANDE";"Ingestão de álcool pelo condutor";"Saída de leito carroçável";"Sem Vítimas";"Plena Noite";"Decrescente";"Céu Claro";"Simples";"Rotatória";"Sim";2;0;0;0;2;0;0;1;-7,29900408;-35,89187256;"SPRF-PB";"DEL02-PB";"UOP03-DEL02-PB"
487750;2022-11-18;"sexta-feira";"18:20:00";"MT";163;839;"SINOP";"Acessar a via sem observar a presença dos outros veículos";"Colisão lateral mesmo sentido";"Com Vítimas Feridas";"Anoitecer";"Decrescente";"Céu Claro";"Dupla";"Rotatória;Retorno Regulamentado";"Sim";1;0;1;0;0;0;1;1;-11,951051;-55,516876;"SPRF-MT";"DEL06-MT";"NPF/DEL06-MT"
487751;2022-11-18;"sexta-feira";"18:30:00";"RJ";101;313;"SAO GONCALO";"Manobra de mudança de faixa";"Colisão lateral mesmo sentido";"Com Vítimas Feridas";"Plena Noite";"Decrescente";"Céu Claro";"Dupla";"Reta";"Sim";2;0;1;0;1;0;1;2;-22,81049093;-43,06983304;"SPRF-RJ";"DEL02-RJ";"UOP02-DEL02-RJ"
487752;2022-11-19;"sábado";"00:30:00";"PE";232;355,3;"FLORES";"Pedestre andava na pista";"Atropelamento de Pedestre";"Com Vítimas Fatais";"Plena Noite";"Crescente";"Céu Claro";"Simples";"Reta";"Sim";2;1;0;0;0;1;0;2;-8,04767177;-37,84172058;"SPRF-PE";"DEL04-PE";"UOP01-DEL04-PE"
487753;2022-11-19;"sábado";"01:30:00";"MG";381;618,2;"OLIVEIRA";"Transitar na contramão";"Colisão frontal";"Com Vítimas Fatais";"Plena Noite";"Decrescente";"Céu Claro";"Dupla";"Curva";"Não";3;1;0;0;2;0;0;2;-20,738856;-44,771106;"SPRF-MG";"DEL04-MG";"UOP01-DEL04-MG"
487755;2022-11-19;"sábado";"03:20:00";"SC";101;193;"BIGUACU";"Reação tardia ou ineficiente do condutor";"Colisão com objeto";"Com Vítimas Feridas";"Plena Noite";"Decrescente";"Céu Claro";"Múltipla";"Em Obras;Curva;Desvio Temporário";"Sim";1;0;0;1;0;0;1;1;-27,489574;-48,655914;"SPRF-SC";"DEL01-SC";"UOP01-DEL01-SC"
487756;2022-11-19;"sábado";"04:00:00";"SP";116;147;"SAO JOSE DOS CAMPOS";"Ingestão de álcool pelo condutor";"Colisão traseira";"Com Vítimas Feridas";"Plena Noite";"Crescente";"Nublado";"Dupla";"Reta";"Sim";2;0;0;1;1;0;1;2;-23,19542994;-45,87176303;"SPRF-SP";"DEL02-SP";"UOP01-DEL02-SP"
487757;2022-11-19;"sábado";"03:30:00";"RS";392;353;"SANTA MARIA";"Velocidade Incompatível";"Colisão com objeto";"Com Vítimas Feridas";"Plena Noite";"Decrescente";"Céu Claro";"Simples";"Rotatória";"Não";1;0;0;1;0;0;1;1;-29,713892;-53,808228;"SPRF-RS";"DEL09-RS";"UOP01-DEL09-RS"
487758;2022-11-19;"sábado";"04:00:00";"RJ";101;72;"CAMPOS DOS GOYTACAZES";"Reação tardia ou ineficiente do condutor";"Queda de ocupante de veículo";"Com Vítimas Feridas";"Amanhecer";"Decrescente";"Céu Claro";"Simples";"Reta";"Não";1;0;1;0;0;0;1;1;-21,79172802;-41,38837798;"SPRF-RJ";"DEL08-RJ";"UOP02-DEL08-RJ"
487759;2022-11-19;"sábado";"04:44:00";"ES";101;121;"SOORETAMA";"Condutor Dormindo";"Queda de ocupante de veículo";"Com Vítimas Feridas";"Pleno dia";"Decrescente";"Céu Claro";"Simples";"Reta";"Não";1;0;0;1;0;0;1;1;-19,15199313;-40,07913375;"SPRF-ES";"DEL04-ES";"UOP01-DEL04-ES"
487760;2022-11-19;"sábado";"03:15:00";"MT";364;562,8;"NOBRES";"Ausência de reação do condutor";"Atropelamento de Pedestre";"Com Vítimas Fatais";"Plena Noite";"Decrescente";"Nublado";"Dupla";"Reta";"Sim";2;1;0;0;0;1;0;2;-14,78041023;-56,36922993;"SPRF-MT";"DEL01-MT";"UOP01-DEL01-MT"
487762;2022-11-19;"sábado";"04:00:00";"MS";163;486;"CAMPO GRANDE";"Ausência de reação do condutor";"Colisão transversal";"Com Vítimas Feridas";"Amanhecer";"Crescente";"Céu Claro";"Simples";"Reta;Declive";"Sim";3;0;2;0;1;0;2;2;-20,4336361;-54,54376745;"SPRF-MS";"DEL01-MS";"UOP02-DEL01-MS"
487763;2022-11-19;"sábado";"05:25:00";"SP";116;86,9;"PINDAMONHANGABA";"Ingestão de álcool pelo condutor";"Colisão traseira";"Sem Vítimas";"Amanhecer";"Crescente";"Céu Claro";"Múltipla";"Reta";"Não";1;0;0;0;1;0;0;1;-22,92639476;-45,35307511;"SPRF-SP";"DEL08-SP";"UOP01-DEL08-SP"
487764;2022-11-19;"sábado";"05:05:00";"RJ";101;323;"NITEROI";"Ausência de reação do condutor";"Colisão lateral mesmo sentido";"Com Vítimas Feridas";"Amanhecer";"Decrescente";"Céu Claro";"Múltipla";"Reta";"Não";2;0;1;0;1;0;1;2;-22,87684786;-43,11728689;"SPRF-RJ";"DEL02-RJ";"UOP01-DEL02-RJ"
487766;2022-11-19;"sábado";"04:35:00";"RJ";116;128;"MAGE";"Condutor Dormindo";"Colisão com objeto";"Sem Vítimas";"Amanhecer";"Decrescente";"Céu Claro";"Dupla";"Reta";"Sim";1;0;0;0;1;0;0;1;-22,6657139;-43,10092001;"SPRF-RJ";"DEL04-RJ";"UOP02-DEL04-RJ"
487768;2022-11-19;"sábado";"05:50:00";"RS";290;130;"ELDORADO DO SUL";"Ausência de reação do condutor";"Saída de leito carroçável";"Com Vítimas Feridas";"Amanhecer";"Crescente";"Céu Claro";"Dupla";"Reta";"Não";1;0;1;0;0;0;1;1;-30,058458;-51,510532;"SPRF-RS";"DEL02-RS";"UOP01-DEL02-RS"
487769;2022-11-19;"sábado";"06:00:00";"SC";101;224;"PALHOCA";"Ausência de reação do condutor";"Saída de leito carroçável";"Com Vítimas Feridas";"Pleno dia";"Decrescente";"Céu Claro";"Dupla";"Reta";"Não";1;0;0;1;0;0;1;1;-27,72384789;-48,64386769;"SPRF-SC";"DEL01-SC";"UOP02-DEL01-SC"
487770;2022-11-19;"sábado";"05:15:00";"AP";210;13;"MACAPA";"Carga excessiva e/ou mal acondicionada";"Colisão com objeto";"Com Vítimas Feridas";"Amanhecer";"Crescente";"Céu Claro";"Simples";"Reta";"Não";3;0;2;0;1;0;2;2;0,14168188;-51,1439583;"SPRF-AP";"DEL01-AP";"UOP01-DEL01-AP"
487772;2022-11-19;"sábado";"05:40:00";"RN";226;124,8;"LAJES PINTADAS";"Acessar a via sem observar a presença dos outros veículos";"Colisão transversal";"Com Vítimas Feridas";"Pleno dia";"Decrescente";"Céu Claro";"Simples";"Reta";"Não";2;0;1;0;1;0;1;2;-6,18183;-36,10914;"SPRF-RN";"DEL03-RN";"UOP02-DEL03-RN"
487774;2022-11-19;"sábado";"06:00:00";"RJ";101;57,3;"CAMPOS DOS GOYTACAZES";"Velocidade Incompatível";"Tombamento";"Com Vítimas Feridas";"Pleno dia";"Decrescente";"Céu Claro";"Simples";"Reta";"Sim";1;0;0;1;0;0;1;1;-21,70488703;-41,30979616;"SPRF-RJ";"DEL08-RJ";"UOP01-DEL08-RJ"
487776;2022-11-19;"sábado";"07:10:00";"RS";386;340;"LAJEADO";"Reação tardia ou ineficiente do condutor";"Saída de leito carroçável";"Com Vítimas Feridas";"Pleno dia";"Decrescente";"Céu Claro";"Simples";"Reta";"Sim";7;0;7;0;0;0;7;1;-29,417793;-52,024105;"SPRF-RS";"DEL04-RS";"UOP01-DEL04-RS"
487777;2022-11-19;"sábado";"06:00:00";"SP";153;191;"LINS";"Pista esburacada";"Queda de ocupante de veículo";"Com Vítimas Feridas";"Pleno dia";"Decrescente";"Céu Claro";"Simples";"Reta";"Não";1;0;1;0;0;0;1;1;-21,7498596;-49,86578427;"SPRF-SP";"DEL07-SP";"UOP01-DEL07-SP"
487779;2022-11-19;"sábado";"06:30:00";"MG";381;482,8;"BETIM";"Reação tardia ou ineficiente do condutor";"Colisão traseira";"Com Vítimas Feridas";"Pleno dia";"Crescente";"Céu Claro";"Múltipla";"Reta";"Sim";2;0;1;0;1;0;1;2;-19,9589984;-44,0676961;"SPRF-MG";"DEL01-MG";"UOP03-DEL01-MG"
487780;2022-11-19;"sábado";"06:45:00";"BA";116;16,5;"VITORIA DA CONQUISTA";"Acumulo de areia ou detritos sobre o pavimento";"Queda de ocupante de veículo";"Com Vítimas Feridas";"Pleno dia";"Crescente";"Céu Claro";"Simples";"Curva";"Sim";1;0;1;0;0;0;1;1;-14,90224925;-40,844872;"SPRF-BA";"DEL08-BA";"UOP01-DEL08-BA"
487781;2022-11-19;"sábado";"05:20:00";"SC";116;263,4;"CAPAO ALTO";"Ausência de reação do condutor";"Saída de leito carroçável";"Com Vítimas Feridas";"Amanhecer";"Crescente";"Céu Claro";"Simples";"Reta";"Não";2;0;2;0;0;0;2;1;-27,92933364;-50,45666814;"SPRF-SC";"DEL05-SC";"UOP02-DEL05-SC"
487782;2022-11-19;"sábado";"07:55:00";"GO";153;511,2;"APARECIDA DE GOIANIA";"Condutor deixou de manter distância do veículo da frente";"Colisão traseira";"Com Vítimas Feridas";"Pleno dia";"Crescente";"Céu Claro";"Dupla";"Reta";"Sim";2;0;1;0;0;1;1;2;-16,8067;-49,2394;"SPRF-GO";"DEL01-GO";"UOP03-DEL01-GO"
487783;2022-11-19;"sábado";"00:15:00";"RJ";495;25;"PETROPOLIS";"Acessar a via sem observar a presença dos outros veículos";"Colisão transversal";"Com Vítimas Feridas";"Plena Noite";"Crescente";"Céu Claro";"Simples";"Reta";"Sim";2;0;1;0;1;0;1;2;-22,40941;-43,100292;"SPRF-RJ";"DEL06-RJ";"UOP01-DEL06-RJ"
487784;2022-11-19;"sábado";"06:05:00";"PR";277;673,5;"MEDIANEIRA";"Reação tardia ou ineficiente do condutor";"Colisão com objeto";"Com Vítimas Feridas";"Amanhecer";"Decrescente";"Céu Claro";"Dupla";"Declive";"Sim";3;0;0;3;0;0;3;1;-25,28740438;-54,09701091;"SPRF-PR";"DEL05-PR";"UOP01-DEL05-PR"
487785;2022-11-19;"sábado";"07:10:00";"DF";20;8,8;"BRASILIA";"Chuva";"Saída de leito carroçável";"Com Vítimas Feridas";"Pleno dia";"Decrescente";"Chuva";"Dupla";"Reta";"Sim";1;0;1;0;0;0;1;1;-15,658386;-47,791534;"SPRF-DF";"DEL02-DF";"UOP01-DEL02-DF"
487786;2022-11-19;"sábado";"07:30:00";"RJ";116;174;"SAO JOAO DE MERITI";"Demais falhas mecânicas ou elétricas";"Incêndio";"Sem Vítimas";"Pleno dia";"Decrescente";"Céu Claro";"Dupla";"Reta";"Sim";1;0;0;0;1;0;0;1;-22,79423806;-43,36403759;"SPRF-RJ";"DEL01-RJ";"UOP02-DEL01-RJ"
487787;2022-11-19;"sábado";"07:06:00";"PE";232;6,8;"RECIFE";"Ausência de reação do condutor";"Colisão traseira";"Sem Vítimas";"Pleno dia";"Crescente";"Céu Claro";"Simples";"Reta";"Sim";4;0;0;0;4;0;0;2;-8,07079525;-34,9535389;"SPRF-PE";"DEL01-PE";"UOP01-DEL01-PE"
487788;2022-11-19;"sábado";"07:50:00";"DF";40;3;"BRASILIA";"Reação tardia ou ineficiente do condutor";"Colisão traseira";"Com Vítimas Feridas";"Pleno dia";"Decrescente";"Céu Claro";"Dupla";"Reta";"Sim";2;0;1;0;1;0;1;2;-16,003145;-47,983944;"SPRF-DF";"DEL01-DF";"UOP01-DEL01-DF"
487789;2022-11-19;"sábado";"06:30:00";"DF";20;19;"BRASILIA";"Velocidade Incompatível";"Saída de leito carroçável";"Sem Vítimas";"Amanhecer";"Crescente";"Ignorado";"Dupla";"Reta;Aclive;Retorno Regulamentado";"Sim";1;0;0;0;0;1;0;1;-15,612175;-47,700928;"SPRF-DF";"DEL02-DF";"UOP01-DEL02-DF"
487790;2022-11-19;"sábado";"07:40:00";"PR";476;141;"CURITIBA";"Acessar a via sem observar a presença dos outros veículos";"Colisão transversal";"Com Vítimas Feridas";"Pleno dia";"Crescente";"Céu Claro";"Dupla";"Reta";"Sim";2;0;1;0;1;0;1;2;-25,52950794;-49,29938793;"SPRF-PR";"DEL01-PR";"UOP03-DEL01-PR"
487791;2022-11-19;"sábado";"07:55:00";"SP";381;45;"ATIBAIA";"Reação tardia ou ineficiente do condutor";"Colisão com objeto";"Com Vítimas Feridas";"Pleno dia";"Crescente";"Céu Claro";"Dupla";"Reta";"Sim";4;0;4;0;0;0;4;1;-23,17274184;-46,57748439;"SPRF-SP";"DEL03-SP";"UOP01-DEL03-SP"
487792;2022-11-19;"sábado";"08:50:00";"PR";476;142;"CURITIBA";"Reação tardia ou ineficiente do condutor";"Colisão traseira";"Com Vítimas Feridas";"Pleno dia";"Decrescente";"Céu Claro";"Dupla";"Reta";"Sim";4;0;1;0;3;0;1;2;-25,537161;-49,301632;"SPRF-PR";"DEL01-PR";"UOP03-DEL01-PR"
487793;2022-11-19;"sábado";"09:00:00";"PB";101;90;"JOAO PESSOA";"Ausência de reação do condutor";"Engavetamento";"Sem Vítimas";"Pleno dia";"Decrescente";"Céu Claro";"Dupla";"Reta";"Sim";3;0;0;0;3;0;0;3;-7,179652;-34,900417;"SPRF-PB";"DEL01-PB";"UOP02-DEL01-PB"
487796;2022-09-20;"terça-feira";"18:30:00";"SC";101;218;"PALHOCA";"Manobra de mudança de faixa";"Colisão lateral mesmo sentido";"Com Vítimas Feridas";"Plena Noite";"Crescente";"Céu Claro";"Dupla";"Reta";"Sim";2;0;1;0;1;0;1;2;-27,6758601;-48,67052525;"SPRF-SC";"DEL01-SC";"UOP02-DEL01-SC"
487797;2022-11-19;"sábado";"09:00:00";"SC";101;215;"PALHOCA";"Mal súbito do condutor";"Tombamento";"Com Vítimas Feridas";"Pleno dia";"Crescente";"Sol";"Múltipla";"Reta";"Sim";2;0;2;0;0;0;2;1;-27,65184843;-48,67604941;"SPRF-SC";"DEL01-SC";"UOP02-DEL01-SC"
487799;2022-11-19;"sábado";"07:37:00";"SC";282;376,2;"HERVAL DOESTE";"Ausência de reação do condutor";"Saída de leito carroçável";"Com Vítimas Feridas";"Pleno dia";"Decrescente";"Céu Claro";"Simples";"Reta";"Não";1;0;1;0;0;0;1;1;-27,224768;-51,457851;"SPRF-SC";"DEL07-SC";"UOP05-DEL07-SC"
487800;2022-11-19;"sábado";"08:30:00";"SC";101;208;"SAO JOSE";"Reação tardia ou ineficiente do condutor";"Colisão traseira";"Com Vítimas Feridas";"Pleno dia";"Decrescente";"Sol";"Múltipla";"Reta;Declive";"Sim";2;0;1;0;0;1;1;2;-27,60327979;-48,63201818;"SPRF-SC";"DEL01-SC";"UOP01-DEL01-SC"
487801;2022-11-19;"sábado";"07:00:00";"MG";381;608,8;"OLIVEIRA";"Condutor Dormindo";"Colisão com objeto";"Com Vítimas Feridas";"Pleno dia";"Decrescente";"Céu Claro";"Dupla";"Reta";"Não";2;0;1;0;1;0;1;1;-20,69192711;-44,74575988;"SPRF-MG";"DEL04-MG";"UOP01-DEL04-MG"
487803;2022-11-19;"sábado";"08:30:00";"PR";116;126,6;"FAZENDA RIO GRANDE";"Condutor deixou de manter distância do veículo da frente";"Engavetamento";"Com Vítimas Feridas";"Pleno dia";"Decrescente";"Céu Claro";"Dupla";"Reta";"Sim";3;0;1;0;2;0;1;3;-25,60389895;-49,31824423;"SPRF-PR";"DEL01-PR";"UOP03-DEL01-PR"
487804;2022-11-19;"sábado";"08:40:00";"MS";60;346;"CAMPO GRANDE";"Ausência de reação do condutor";"Saída de leito carroçável";"Com Vítimas Feridas";"Pleno dia";"Decrescente";"Céu Claro";"Dupla";"Reta";"Não";2;0;0;2;0;0;2;1;-20,4128;-54,7134;"SPRF-MS";"DEL01-MS";"UOP03-DEL01-MS"
487805;2022-11-19;"sábado";"09:30:00";"BA";324;515;"FEIRA DE SANTANA";"Acessar a via sem observar a presença dos outros veículos";"Colisão transversal";"Com Vítimas Feridas";"Pleno dia";"Decrescente";"Céu Claro";"Simples";"Reta";"Sim";2;0;0;1;1;0;1;2;-12,23547809;-38,94396807;"SPRF-BA";"DEL02-BA";"UOP01-DEL02-BA"
487806;2022-11-19;"sábado";"09:20:00";"BA";116;462;"SANTO ESTEVAO";"Reação tardia ou ineficiente do condutor";"Colisão com objeto";"Com Vítimas Feridas";"Pleno dia";"Decrescente";"Sol";"Dupla";"Reta";"Sim";1;0;1;0;0;0;1;1;-12,44917689;-39,24756166;"SPRF-BA";"DEL02-BA";"UOP01-DEL02-BA"
487811;2022-11-19;"sábado";"09:40:00";"PE";104;64;"CARUARU";"Acessar a via sem observar a presença dos outros veículos";"Colisão lateral mesmo sentido";"Com Vítimas Feridas";"Pleno dia";"Decrescente";"Céu Claro";"Dupla";"Reta";"Não";2;0;1;0;1;0;1;2;-8,2783;-35,9815;"SPRF-PE";"DEL02-PE";"UOP01-DEL02-PE"
487813;2022-11-19;"sábado";"10:25:00";"SP";101;41;"UBATUBA";"Condutor deixou de manter distância do veículo da frente";"Engavetamento";"Com Vítimas Feridas";"Pleno dia";"Decrescente";"Sol";"Simples";"Reta";"Não";4;0;0;1;3;0;1;3;-23,41495528;-45,03516778;"SPRF-SP";"DEL06-SP";"UOP01-DEL06-SP"
487814;2022-11-19;"sábado";"08:00:00";"PR";116;146;"MANDIRITUBA";"Condutor deixou de manter distância do veículo da frente";"Colisão traseira";"Com Vítimas Feridas";"Pleno dia";"Decrescente";"Céu Claro";"Simples";"Reta";"Não";4;0;2;0;2;0;2;3;-25,78172684;-49,32535079;"SPRF-PR";"DEL01-PR";"UOP03-DEL01-PR"
487818;2022-11-19;"sábado";"11:00:00";"RJ";40;45,5;"PETROPOLIS";"Ausência de reação do condutor";"Engavetamento";"Com Vítimas Feridas";"Pleno dia";"Crescente";"Céu Claro";"Dupla";"Reta";"Não";4;0;1;0;3;0;1;4;-22,27821816;-43,11580971;"SPRF-RJ";"DEL05-RJ";"UOP02-DEL05-RJ"
487819;2022-11-19;"sábado";"11:20:00";"SP";153;263;"MARILIA";"Afundamento ou ondulação no pavimento";"Tombamento";"Com Vítimas Feridas";"Pleno dia";"Crescente";"Sol";"Simples";"Reta";"Não";1;0;0;1;0;0;1;1;-22,288657;-49,915581;"SPRF-SP";"DEL07-SP";"UOP02-DEL07-SP"
487820;2022-08-19;"sexta-feira";"20:00:00";"MG";381;330;"NOVA ERA";"Manobra de mudança de faixa";"Colisão traseira";"Com Vítimas Feridas";"Plena Noite";"Crescente";"Ignorado";"Simples";"Reta";"Não";1;0;0;1;0;0;1;1;-19,78715144;-43,05117784;"SPRF-MG";"DEL03-MG";"UOP01-DEL03-MG"
487824;2022-11-19;"sábado";"10:30:00";"MG";381;778,9;"CAMPANHA";"Manobra de mudança de faixa";"Saída de leito carroçável";"Com Vítimas Feridas";"Pleno dia";"Crescente";"Céu Claro";"Dupla";"Reta";"Não";2;0;1;0;1;0;1;1;-21,80629482;-45,47860265;"SPRF-MG";"DEL16-MG";"UOP02-DEL16-MG"
487827;2022-11-19;"sábado";"11:40:00";"SC";470;141,1;"RIO DO SUL";"Demais falhas mecânicas ou elétricas";"Colisão frontal";"Com Vítimas Feridas";"Pleno dia";"Crescente";"Céu Claro";"Simples";"Curva";"Sim";3;0;1;0;2;0;1;3;-27,2098678;-49,65186238;"SPRF-SC";"DEL04-SC";"UOP02-DEL04-SC"
487829;2022-11-19;"sábado";"11:40:00";"PE";101;73;"RECIFE";"Desrespeitar a preferência no cruzamento";"Colisão lateral mesmo sentido";"Com Vítimas Feridas";"Pleno dia";"Decrescente";"Céu Claro";"Dupla";"Retorno Regulamentado";"Sim";3;0;0;1;2;0;1;2;-8,099109;-34,949989;"SPRF-PE";"DEL01-PE";"UOP01-DEL01-PE"
487831;2022-11-19;"sábado";"12:10:00";"SP";101;29,9;"UBATUBA";"Frear bruscamente";"Colisão lateral mesmo sentido";"Com Vítimas Feridas";"Pleno dia";"Crescente";"Céu Claro";"Simples";"Reta";"Não";2;0;1;0;1;0;1;2;-23,38005901;-44,96809802;"SPRF-SP";"DEL06-SP";"UOP01-DEL06-SP"
487832;2022-11-19;"sábado";"11:10:00";"BA";367;82;"EUNAPOLIS";"Reação tardia ou ineficiente do condutor";"Colisão lateral mesmo sentido";"Com Vítimas Feridas";"Pleno dia";"Decrescente";"Nublado";"Simples";"Reta";"Sim";2;0;2;0;0;0;2;2;-16,37205962;-39,56163401;"SPRF-BA";"DEL09-BA";"UOP03-DEL09-BA"
487834;2022-11-19;"sábado";"13:00:00";"SC";101;223;"PALHOCA";"Obstrução na via";"Engavetamento";"Com Vítimas Feridas";"Pleno dia";"Decrescente";"Céu Claro";"Dupla";"Declive";"Não";6;0;2;0;4;0;2;5;-27,71552634;-48,64881251;"SPRF-SC";"DEL01-SC";"UOP02-DEL01-SC"
487836;2022-11-19;"sábado";"13:00:00";"ES";101;420;"CACHOEIRO DE ITAPEMIRIM";"Condutor deixou de manter distância do veículo da frente";"Colisão traseira";"Com Vítimas Feridas";"Pleno dia";"Crescente";"Sol";"Simples";"Curva";"Não";2;0;2;0;0;0;2;2;-20,9657538;-41,10735825;"SPRF-ES";"DEL03-ES";"UOP02-DEL03-ES"
487838;2022-11-19;"sábado";"13:30:00";"RJ";116;176;"NOVA IGUACU";"Acessar a via sem observar a presença dos outros veículos";"Atropelamento de Pedestre";"Com Vítimas Feridas";"Pleno dia";"Decrescente";"Céu Claro";"Dupla";"Reta";"Sim";2;0;1;0;1;0;1;2;-22,7839538;-43,38195488;"SPRF-RJ";"DEL01-RJ";"UOP02-DEL01-RJ"
487839;2022-11-19;"sábado";"13:20:00";"GO";50;284,7;"CATALAO";"Demais falhas mecânicas ou elétricas";"Queda de ocupante de veículo";"Com Vítimas Feridas";"Pleno dia";"Crescente";"Céu Claro";"Simples";"Reta";"Não";1;0;1;0;0;0;1;1;-18,2049;-47,9609;"SPRF-GO";"DEL06-GO";"UOP01-DEL06-GO"
487841;2022-11-19;"sábado";"13:00:00";"BA";110;304;"INHAMBUPE";"Ausência de reação do condutor";"Colisão traseira";"Com Vítimas Feridas";"Pleno dia";"Crescente";"Chuva";"Simples";"Reta";"Sim";3;0;2;0;1;0;2;2;-11,94270591;-38,36817053;"SPRF-BA";"DEL01-BA";"UOP04-DEL01-BA"
487842;2022-11-19;"sábado";"12:20:00";"SC";470;44,5;"GASPAR";"Demais falhas mecânicas ou elétricas";"Queda de ocupante de veículo";"Com Vítimas Feridas";"Pleno dia";"Crescente";"Céu Claro";"Dupla";"Reta";"Não";1;0;1;0;0;0;1;1;-26,870665;-49,021896;"SPRF-SC";"DEL04-SC";"UOP01-DEL04-SC"
487843;2022-11-19;"sábado";"12:00:00";"RJ";101;491,6;"ANGRA DOS REIS";"Conversão proibida";"Colisão lateral mesmo sentido";"Com Vítimas Feridas";"Pleno dia";"Crescente";"Nublado";"Simples";"Declive";"Não";4;0;0;1;3;0;1;2;-22,95442983;-44,32193004;"SPRF-RJ";"DEL03-RJ";"UOP03-DEL03-RJ"
487844;2022-11-19;"sábado";"13:40:00";"PR";116;116,8;"CURITIBA";"Reação tardia ou ineficiente do condutor";"Colisão lateral mesmo sentido";"Com Vítimas Feridas";"Pleno dia";"Decrescente";"Céu Claro";"Dupla";"Reta";"Sim";2;0;1;0;1;0;1;2;-25,55468195;-49,27402397;"SPRF-PR";"DEL01-PR";"UOP03-DEL01-PR"
487845;2022-11-19;"sábado";"08:50:00";"MA";135;182;"SAO MATEUS DO MARANHAO";"Retorno proibido";"Colisão lateral mesmo sentido";"Com Vítimas Feridas";"Pleno dia";"Decrescente";"Céu Claro";"Simples";"Reta";"Sim";2;0;0;1;0;1;1;2;-4,038087;-44,467797;"SPRF-MA";"DEL03-MA";"UOP01-DEL03-MA"