"id";"data_inversa";"dia_semana";"horario";"uf";"br";"km";"municipio";"causa_acidente";"tipo_acidente";"classificacao_acidente";"fase_dia";"sentido_via";"condicao_metereologica";"tipo_pista";"tracado_via";"uso_solo";"pessoas";"mortos";"feridos_leves";"feridos_graves";"ilesos";"ignorados";"feridos";"veiculos";"latitude";"longitude";"regional";"delegacia";"uop"
487848;2022-11-19;"sábado";"13:10:00";"RJ";101;395;"ITAGUAI";"Demais falhas mecânicas ou elétricas";"Incêndio";"Sem Vítimas";"Pleno dia";"Decrescente";"Céu Claro";"Dupla";"Reta";"Não";1;0;0;0;0;1;0;1;-22,88237391;-43,72205597;"SPRF-RJ";"DEL03-RJ";"UOP01-DEL03-RJ"
487850;2022-11-19;"sábado";"13:30:00";"SC";282;643,4;"SAO MIGUEL DO OESTE";"Ingestão de álcool pelo condutor";"Saída de leito carroçável";"Com Vítimas Feridas";"Pleno dia";"Decrescente";"Céu Claro";"Dupla";"Reta";"Não";1;0;1;0;0;0;1;1;-26,76903066;-53,46983319;"SPRF-SC";"DEL07-SC";"UOP03-DEL07-SC"
487851;2022-11-19;"sábado";"14:30:00";"MG";365;608;"UBERLANDIA";"Retorno proibido";"Colisão transversal";"Com Vítimas Fatais";"Pleno dia";"Decrescente";"Céu Claro";"Dupla";"Reta";"Não";3;1;0;1;1;0;1;2;-18,90974761;-48,16955566;"SPRF-MG";"DEL15-MG";"UOP01-DEL15-MG"
487852;2022-11-19;"sábado";"07:00:00";"GO";364;35,9;"PARANAIGUARA";"Ingestão de álcool pelo condutor";"Saída de leito carroçável";"Com Vítimas Feridas";"Pleno dia";"Crescente";"Céu Claro";"Simples";"Aclive";"Não";1;0;1;0;0;0;1;1;-18,875383;-50,774216;"SPRF-GO";"DEL05-GO";"UOP02-DEL05-GO"
487853;2022-11-19;"sábado";"12:30:00";"AP";210;75;"PORTO GRANDE";"Ingestão de álcool pelo condutor";"Saída de leito carroçável";"Com Vítimas Feridas";"Pleno dia";"Crescente";"Céu Claro";"Simples";"Reta";"Não";2;0;1;1;0;0;2;1;0,5808328;-51,18023911;"SPRF-AP";"DEL01-AP";"UOP01-DEL01-AP"
487854;2022-11-19;"sábado";"14:40:00";"PR";277;74;"SAO JOSE DOS PINHAIS";"Reação tardia ou ineficiente do condutor";"Capotamento";"Com Vítimas Feridas";"Pleno dia";"Decrescente";"Céu Claro";"Dupla";"Reta";"Sim";1;0;1;0;0;0;1;1;-25,491422;-49,17324;"SPRF-PR";"DEL01-PR";"UOP01-DEL01-PR"
487856;2022-11-19;"sábado";"15:30:00";"AL";101;51;"FLEXEIRAS";"Pista esburacada";"Queda de ocupante de veículo";"Com Vítimas Feridas";"Pleno dia";"Crescente";"Céu Claro";"Simples";"Reta";"Não";1;0;0;1;0;0;1;1;-9,241987;-35,760014;"SPRF-AL";"DEL01-AL";"UOP02-DEL01-AL"
487857;2022-11-19;"sábado";"12:00:00";"MG";40;180,4;"JOAO PINHEIRO";"Acumulo de água sobre o pavimento";"Saída de leito carroçável";"Com Vítimas Feridas";"Pleno dia";"Crescente";"Chuva";"Simples";"Declive";"Não";1;0;0;1;0;0;1;1;-17,9694458;-45,98046692;"SPRF-MG";"DEL14-MG";"UOP02-DEL14-MG"
487859;2022-11-19;"sábado";"15:10:00";"RS";285;120;"VACARIA";"Conversão proibida";"Colisão lateral mesmo sentido";"Com Vítimas Feridas";"Pleno dia";"Crescente";"Céu Claro";"Simples";"Reta";"Sim";3;0;1;0;1;1;1;2;-28,506767;-50,926594;"SPRF-RS";"DEL05-RS";"UOP03-DEL05-RS"
487860;2022-11-19;"sábado";"15:40:00";"SP";116;117;"TAUBATE";"Avarias e/ou desgaste excessivo no pneu";"Queda de ocupante de veículo";"Com Vítimas Feridas";"Pleno dia";"Decrescente";"Céu Claro";"Dupla";"Reta";"Sim";2;0;2;0;0;0;2;1;-23,0582298;-45,6176951;"SPRF-SP";"DEL02-SP";"UOP02-DEL02-SP"
487861;2022-11-19;"sábado";"13:00:00";"PR";369;186,4;"ARAPONGAS";"Reação tardia ou ineficiente do condutor";"Queda de ocupante de veículo";"Sem Vítimas";"Pleno dia";"Crescente";"Céu Claro";"Simples";"Reta";"Sim";1;0;0;0;0;1;0;1;-23,4206618;-51,4250644;"SPRF-PR";"DEL07-PR";"UOP03-DEL07-PR"
487862;2022-11-19;"sábado";"15:20:00";"PR";277;668;"MEDIANEIRA";"Manobra de mudança de faixa";"Colisão traseira";"Com Vítimas Feridas";"Pleno dia";"Crescente";"Céu Claro";"Dupla";"Reta";"Sim";2;0;1;0;1;0;1;2;-25,27063805;-54,06252597;"SPRF-PR";"DEL05-PR";"UOP02-DEL05-PR"
487863;2022-11-19;"sábado";"16:15:00";"PR";376;632,7;"SAO JOSE DOS PINHAIS";"Reação tardia ou ineficiente do condutor";"Colisão com objeto";"Com Vítimas Feridas";"Pleno dia";"Decrescente";"Céu Claro";"Dupla";"Reta";"Não";4;0;1;0;3;0;1;1;-25,72171791;-49,13663976;"SPRF-PR";"DEL01-PR";"UOP04-DEL01-PR"
487864;2022-11-19;"sábado";"17:05:00";"CE";222;243;"SOBRAL";"Acessar a via sem observar a presença dos outros veículos";"Colisão transversal";"Com Vítimas Fatais";"Pleno dia";"Crescente";"Céu Claro";"Simples";"Reta";"Sim";2;1;0;0;0;1;0;2;-3,74408034;-40,50043977;"SPRF-CE";"DEL04-CE";"UOP01-DEL04-CE"
487866;2022-11-19;"sábado";"12:30:00";"SP";116;312;"SAO LOURENCO DA SERRA";"Reação tardia ou ineficiente do condutor";"Colisão com objeto";"Com Vítimas Feridas";"Pleno dia";"Decrescente";"Céu Claro";"Dupla";"Reta";"Não";1;0;1;0;0;0;1;1;-23,88342825;-46,97368879;"SPRF-SP";"DEL04-SP";"UOP01-DEL04-SP"
487867;2022-11-19;"sábado";"17:10:00";"SP";101;49,9;"UBATUBA";"Transitar na contramão";"Colisão lateral mesmo sentido";"Com Vítimas Feridas";"Pleno dia";"Crescente";"Nublado";"Simples";"Reta";"Sim";3;0;1;0;2;0;1;2;-23,44410908;-45,08375708;"SPRF-SP";"DEL06-SP";"UOP01-DEL06-SP"
487868;2022-11-19;"sábado";"16:40:00";"SP";116;426;"JUQUIA";"Ingestão de álcool pelo condutor";"Colisão com objeto";"Com Vítimas Feridas";"Pleno dia";"Crescente";"Céu Claro";"Dupla";"Retorno Regulamentado";"Não";4;0;2;0;2;0;2;1;-24,38735659;-47,7169352;"SPRF-SP";"DEL05-SP";"UOP01-DEL05-SP"
487870;2022-11-19;"sábado";"17:30:00";"PR";369;155;"LONDRINA";"Manobra de mudança de faixa";"Colisão transversal";"Com Vítimas Feridas";"Pleno dia";"Decrescente";"Céu Claro";"Múltipla";"Interseção de Vias";"Sim";2;0;1;0;1;0;1;2;-23,29569006;-51,20852061;"SPRF-PR";"DEL07-PR";"UOP01-DEL07-PR"
487871;2022-11-19;"sábado";"17:30:00";"SP";116;221;"GUARULHOS";"Reação tardia ou ineficiente do condutor";"Colisão com objeto";"Com Vítimas Feridas";"Pleno dia";"Crescente";"Céu Claro";"Múltipla";"Reta";"Não";2;0;1;0;1;0;1;2;-23,46802395;-46,50704901;"SPRF-SP";"DEL01-SP";"UOP01-DEL01-SP"
487872;2022-11-19;"sábado";"16:30:00";"SP";116;145;"SAO JOSE DOS CAMPOS";"Reação tardia ou ineficiente do condutor";"Colisão com objeto";"Sem Vítimas";"Pleno dia";"Crescente";"Céu Claro";"Dupla";"Reta";"Não";1;0;0;0;1;0;0;1;-23,1869844;-45,8548078;"SPRF-SP";"DEL02-SP";"UOP01-DEL02-SP"
487873;2022-11-19;"sábado";"17:09:00";"PE";101;82,7;"JABOATAO DOS GUARARAPES";"Ausência de reação do condutor";"Colisão traseira";"Com Vítimas Fatais";"Anoitecer";"Crescente";"Nublado";"Simples";"Viaduto";"Sim";2;1;0;0;0;1;0;2;-8,168383;-34,9376;"SPRF-PE";"DEL01-PE";"UOP01-DEL01-PE"
487874;2022-11-19;"sábado";"16:15:00";"MG";262;184;"SAO DOMINGOS DO PRATA";"Pista esburacada";"Queda de ocupante de veículo";"Com Vítimas Feridas";"Pleno dia";"Decrescente";"Céu Claro";"Simples";"Curva";"Não";2;0;2;0;0;0;2;1;-19,9128361;-43,01713943;"SPRF-MG";"DEL03-MG";"UOP01-DEL03-MG"
487875;2022-11-19;"sábado";"14:10:00";"PR";277;499,3;"GUARANIACU";"Demais falhas mecânicas ou elétricas";"Capotamento";"Com Vítimas Feridas";"Pleno dia";"Crescente";"Sol";"Simples";"Reta;Aclive";"Não";1;0;1;0;0;0;1;1;-25,1713156;-52,67364176;"SPRF-PR";"DEL04-PR";"UOP04-DEL04-PR"
487876;2022-11-19;"sábado";"16:30:00";"PR";277;701,6;"SAO MIGUEL DO IGUACU";"Desrespeitar a preferência no cruzamento";"Colisão transversal";"Sem Vítimas";"Pleno dia";"Crescente";"Céu Claro";"Dupla";"Retorno Regulamentado;Reta;Aclive";"Não";2;0;0;0;1;1;0;2;-25,41088329;-54,33648583;"SPRF-PR";"DEL05-PR";"UOP01-DEL05-PR"
487879;2022-11-19;"sábado";"16:15:00";"SC";101;87,9;"BARRA VELHA";"Ausência de reação do condutor";"Saída de leito carroçável";"Sem Vítimas";"Pleno dia";"Crescente";"Sol";"Múltipla";"Curva";"Sim";1;0;0;0;1;0;0;1;-26,63713377;-48,69651057;"SPRF-SC";"DEL03-SC";"UOP02-DEL03-SC"
487880;2022-11-19;"sábado";"15:02:00";"PR";153;405;"PAULO FRONTIN";"Acessar a via sem observar a presença dos outros veículos";"Colisão transversal";"Com Vítimas Feridas";"Pleno dia";"Crescente";"Céu Claro";"Simples";"Reta";"Não";2;0;1;0;1;0;1;2;-26,00522402;-50,84044309;"SPRF-PR";"DEL08-PR";"UOP02-DEL08-PR"
487881;2022-11-19;"sábado";"18:20:00";"RS";386;38,5;"FREDERICO WESTPHALEN";"Condutor deixou de manter distância do veículo da frente";"Colisão traseira";"Sem Vítimas";"Pleno dia";"Crescente";"Céu Claro";"Simples";"Aclive";"Não";12;0;0;0;12;0;0;3;-27,391367;-53,400776;"SPRF-RS";"DEL08-RS";"UOP02-DEL08-RS"
487882;2022-11-19;"sábado";"17:10:00";"SP";153;88;"MIRASSOL";"Mal súbito do condutor";"Tombamento";"Com Vítimas Feridas";"Pleno dia";"Crescente";"Céu Claro";"Dupla";"Reta";"Não";1;0;0;1;0;0;1;1;-20,94945283;-49,5429491;"SPRF-SP";"DEL09-SP";"UOP01-DEL09-SP"
487883;2022-11-19;"sábado";"16:00:00";"RJ";116;181;"NOVA IGUACU";"Velocidade Incompatível";"Colisão transversal";"Com Vítimas Feridas";"Pleno dia";"Decrescente";"Céu Claro";"Dupla";"Reta";"Sim";3;0;2;0;1;0;2;2;-22,761312;-43,423492;"SPRF-RJ";"DEL01-RJ";"UOP02-DEL01-RJ"
487884;2022-11-19;"sábado";"15:50:00";"MT";364;349;"SANTO ANTONIO DO LEVERGER";"Velocidade Incompatível";"Saída de leito carroçável";"Com Vítimas Feridas";"Pleno dia";"Crescente";"Céu Claro";"Dupla";"Curva";"Não";3;0;3;0;0;0;3;1;-15,79291123;-55,58111256;"SPRF-MT";"DEL05-MT";"UOP02-DEL05-MT"
487885;2022-11-19;"sábado";"15:30:00";"SP";116;149;"SAO JOSE DOS CAMPOS";"Reação tardia ou ineficiente do condutor";"Capotamento";"Com Vítimas Feridas";"Pleno dia";"Crescente";"Sol";"Dupla";"Reta";"Sim";2;0;1;0;1;0;1;1;-23,19814589;-45,876352;"SPRF-SP";"DEL02-SP";"UOP01-DEL02-SP"
487886;2022-11-19;"sábado";"10:54:00";"RS";290;59,6;"GRAVATAI";"Ausência de reação do condutor";"Colisão traseira";"Com Vítimas Feridas";"Pleno dia";"Crescente";"Céu Claro";"Dupla";"Reta";"Não";7;0;4;0;3;0;4;3;-29,922428;-50,84845;"SPRF-RS";"DEL03-RS";"UOP01-DEL03-RS"
487887;2022-11-19;"sábado";"18:45:00";"SP";116;196;"ARUJA";"Reação tardia ou ineficiente do condutor";"Colisão com objeto";"Sem Vítimas";"Plena Noite";"Crescente";"Céu Claro";"Dupla";"Reta";"Sim";2;0;0;0;2;0;0;2;-23,39265978;-46,2844631;"SPRF-SP";"DEL01-SP";"NPF/DEL01-SP"
487888;2022-11-19;"sábado";"18:40:00";"RS";386;446;"CANOAS";"Mal súbito do condutor";"Tombamento";"Com Vítimas Feridas";"Anoitecer";"Crescente";"Céu Claro";"Dupla";"Aclive";"Sim";1;0;1;0;0;0;1;1;-29,893251;-51,182266;"SPRF-RS";"DEL01-RS";"UOP01-DEL01-RS"
487889;2022-11-19;"sábado";"15:30:00";"PI";343;259;"CAMPO MAIOR";"Ausência de reação do condutor";"Colisão com objeto";"Com Vítimas Fatais";"Pleno dia";"Decrescente";"Sol";"Simples";"Interseção de Vias";"Não";1;1;0;0;0;0;0;1;-4,796538;-42,131245;"SPRF-PI";"DEL01-PI";"UOP03-DEL01-PI"
487891;2022-11-19;"sábado";"19:00:00";"DF";40;4,1;"BRASILIA";"Manobra de mudança de faixa";"Colisão lateral mesmo sentido";"Com Vítimas Feridas";"Plena Noite";"Crescente";"Nublado";"Dupla";"Reta";"Não";3;0;2;0;1;0;2;2;-16,012033;-47,982124;"SPRF-DF";"DEL01-DF";"UOP01-DEL01-DF"
487892;2022-11-19;"sábado";"17:40:00";"MG";40;595,7;"OURO PRETO";"Reação tardia ou ineficiente do condutor";"Tombamento";"Com Vítimas Feridas";"Plena Noite";"Decrescente";"Céu Claro";"Simples";"Reta";"Não";1;0;1;0;0;0;1;1;-20,40314903;-43,89730509;"SPRF-MG";"DEL05-MG";"UOP02-DEL05-MG"
487893;2022-11-19;"sábado";"18:37:00";"PE";101;75,4;"RECIFE";"Condutor deixou de manter distância do veículo da frente";"Colisão traseira";"Com Vítimas Feridas";"Plena Noite";"Crescente";"Céu Claro";"Dupla";"Reta";"Sim";2;0;1;0;1;0;1;2;-8,10973523;-34,94660151;"SPRF-PE";"DEL01-PE";"UOP01-DEL01-PE"
487894;2022-11-19;"sábado";"19:30:00";"GO";60;204;"GUAPO";"Animais na Pista";"Atropelamento de Animal";"Com Vítimas Feridas";"Plena Noite";"Crescente";"Céu Claro";"Dupla";"Reta";"Sim";1;0;1;0;0;0;1;1;-16,8995;-49,6387;"SPRF-GO";"DEL01-GO";"UOP02-DEL01-GO"
487895;2022-11-19;"sábado";"18:00:00";"MS";267;32;"BATAGUASSU";"Ausência de reação do condutor";"Tombamento";"Com Vítimas Feridas";"Anoitecer";"Crescente";"Céu Claro";"Simples";"Declive";"Não";2;0;0;2;0;0;2;1;-21,73094727;-52,44889984;"SPRF-MS";"DEL02-MS";"UOP04-DEL02-MS"
487896;2022-11-19;"sábado";"19:40:00";"ES";101;297,4;"VIANA";"Velocidade Incompatível";"Colisão com objeto";"Com Vítimas Fatais";"Plena Noite";"Crescente";"Céu Claro";"Dupla";"Reta";"Sim";2;1;0;0;0;1;0;2;-20,34529844;-40,41026774;"SPRF-ES";"DEL01-ES";"UOP01-DEL01-ES"
487897;2022-11-19;"sábado";"19:15:00";"MG";40;523,7;"CONTAGEM";"Ausência de reação do condutor";"Colisão lateral mesmo sentido";"Sem Vítimas";"Plena Noite";"Crescente";"Nublado";"Dupla";"Reta";"Sim";2;0;0;0;2;0;0;2;-19,8739243;-44,05492902;"SPRF-MG";"DEL01-MG";"UOP02-DEL01-MG"
487898;2022-11-19;"sábado";"19:40:00";"RJ";116;142;"DUQUE DE CAXIAS";"Demais falhas mecânicas ou elétricas";"Colisão com objeto";"Com Vítimas Feridas";"Plena Noite";"Crescente";"Céu Claro";"Múltipla";"Reta";"Sim";3;0;2;0;1;0;2;1;-22,6745263;-43,2854288;"SPRF-RJ";"DEL01-RJ";"UOP01-DEL01-RJ"
487899;2022-11-19;"sábado";"17:20:00";"ES";101;140;"LINHARES";"Reação tardia ou ineficiente do condutor";"Colisão frontal";"Com Vítimas Feridas";"Anoitecer";"Decrescente";"Céu Claro";"Simples";"Reta";"Sim";2;0;2;0;0;0;2;1;-19,31817306;-40,07552313;"SPRF-ES";"DEL04-ES";"UOP01-DEL04-ES"
487900;2022-11-19;"sábado";"20:00:00";"PE";423;56;"LAJEDO";"Animais na Pista";"Atropelamento de Animal";"Com Vítimas Feridas";"Plena Noite";"Decrescente";"Céu Claro";"Simples";"Reta";"Não";2;0;1;0;1;0;1;1;-8,62399689;-36,3013734;"SPRF-PE";"DEL03-PE";"UOP01-DEL03-PE"
487901;2022-11-19;"sábado";"20:00:00";"PR";467;105,4;"CASCAVEL";"Ingestão de álcool pelo condutor";"Saída de leito carroçável";"Sem Vítimas";"Plena Noite";"Crescente";"Céu Claro";"Dupla";"Declive;Curva";"Não";1;0;0;0;1;0;0;1;-24,9142;-53,492;"SPRF-PR";"DEL04-PR";"UOP01-DEL04-PR"
487902;2022-11-19;"sábado";"20:10:00";"PE";408;101,7;"RECIFE";"Ausência de reação do condutor";"Saída de leito carroçável";"Com Vítimas Feridas";"Plena Noite";"Decrescente";"Céu Claro";"Dupla";"Reta";"Não";1;0;1;0;0;0;1;1;-8,04710272;-35,00887967;"SPRF-PE";"DEL01-PE";"UOP01-DEL01-PE"
487904;2022-11-19;"sábado";"19:25:00";"MT";364;264;"JACIARA";"Ingestão de álcool pelo condutor";"Saída de leito carroçável";"Com Vítimas Feridas";"Plena Noite";"Crescente";"Céu Claro";"Dupla";"Curva";"Não";1;0;1;0;0;0;1;1;-16,01057325;-54,91344724;"SPRF-MT";"DEL02-MT";"UOP01-DEL02-MT"
487905;2022-11-19;"sábado";"19:35:00";"MT";364;273;"JACIARA";"Reação tardia ou ineficiente do condutor";"Colisão traseira";"Com Vítimas Feridas";"Plena Noite";"Crescente";"Ignorado";"Dupla";"Reta";"Não";2;0;1;0;1;0;1;2;-15,96077957;-54,96772983;"SPRF-MT";"DEL05-MT";"UOP02-DEL05-MT"
487907;2022-11-19;"sábado";"14:00:00";"MG";40;508;"RIBEIRAO DAS NEVES";"Acessar a via sem observar a presença dos outros veículos";"Colisão traseira";"Com Vítimas Feridas";"Pleno dia";"Crescente";"Nublado";"Dupla";"Reta";"Sim";2;0;1;1;0;0;2;1;-19,76061249;-44,1347544;"SPRF-MG";"DEL02-MG";"UOP01-DEL02-MG"
487908;2022-11-19;"sábado";"20:20:00";"MT";364;205;"RONDONOPOLIS";"Desrespeitar a preferência no cruzamento";"Colisão lateral mesmo sentido";"Com Vítimas Feridas";"Plena Noite";"Crescente";"Céu Claro";"Dupla";"Rotatória;Reta";"Sim";3;0;1;1;0;1;2;3;-16,45928621;-54,66092345;"SPRF-MT";"DEL02-MT";"UOP01-DEL02-MT"
487909;2022-11-19;"sábado";"20:50:00";"PR";376;5;"MANDAGUARI";"Transitar na contramão";"Colisão frontal";"Com Vítimas Feridas";"Pleno dia";"Decrescente";"Céu Claro";"Simples";"Reta";"Sim";2;0;1;1;0;0;2;2;-23,547966;-51,671265;"SPRF-PR";"DEL09-PR";"UOP01-DEL09-PR"
487910;2022-11-19;"sábado";"21:00:00";"MG";146;411;"GUAXUPE";"Velocidade Incompatível";"Colisão com objeto";"Com Vítimas Feridas";"Plena Noite";"Crescente";"Céu Claro";"Simples";"Curva";"Não";1;0;0;1;0;0;1;1;-21,311989;-46,596153;"SPRF-MG";"DEL09-MG";"UOP01-DEL09-MG"
487912;2022-11-19;"sábado";"20:45:00";"MG";381;679,3;"PERDOES";"Acessar a via sem observar a presença dos outros veículos";"Colisão transversal";"Sem Vítimas";"Plena Noite";"Decrescente";"Nublado";"Dupla";"Reta";"Não";2;0;0;0;1;1;0;2;-21,14734508;-45,10983682;"SPRF-MG";"DEL04-MG";"UOP02-DEL04-MG"
487914;2022-11-19;"sábado";"21:30:00";"MG";40;566;"NOVA LIMA";"Velocidade Incompatível";"Queda de ocupante de veículo";"Com Vítimas Feridas";"Plena Noite";"Crescente";"Céu Claro";"Simples";"Reta";"Não";2;0;1;0;1;0;1;1;-20,17884905;-43,96636352;"SPRF-MG";"DEL01-MG";"UOP02-DEL01-MG"
487917;2022-11-19;"sábado";"21:30:00";"SC";101;204;"SAO JOSE";"Ingestão de álcool pelo condutor";"Colisão traseira";"Sem Vítimas";"Plena Noite";"Decrescente";"Nublado";"Múltipla";"Reta";"Sim";2;0;0;0;1;1;0;2;-27,57413014;-48,61363083;"SPRF-SC";"DEL01-SC";"UOP01-DEL01-SC"
487919;2022-11-19;"sábado";"19:30:00";"MG";365;455;"PATROCINIO";"Pista esburacada";"Queda de ocupante de veículo";"Com Vítimas Feridas";"Plena Noite";"Decrescente";"Nublado";"Simples";"Reta";"Não";1;0;1;0;0;0;1;1;-18,84926373;-46,87168319;"SPRF-MG";"DEL10-MG";"UOP01-DEL10-MG"
487921;2022-11-19;"sábado";"21:50:00";"CE";222;153;"IRAUCUBA";"Animais na Pista";"Atropelamento de Animal";"Com Vítimas Feridas";"Plena Noite";"Crescente";"Céu Claro";"Simples";"Reta";"Não";2;0;0;2;0;0;2;1;-3,73604265;-39,81449294;"SPRF-CE";"DEL04-CE";"UOP03-DEL04-CE"
487922;2022-11-19;"sábado";"16:30:00";"RO";364;238;"CACOAL";"Conversão proibida";"Colisão lateral mesmo sentido";"Com Vítimas Feridas";"Pleno dia";"Crescente";"Céu Claro";"Simples";"Reta;Aclive";"Sim";2;0;1;0;1;0;1;2;-11,4388578;-61,45471289;"SPRF-RO";"DEL02-RO";"UOP02-DEL02-RO"
487924;2022-11-19;"sábado";"22:30:00";"RN";101;76;"NATAL";"Entrada inopinada do pedestre";"Atropelamento de Pedestre";"Sem Vítimas";"Plena Noite";"Decrescente";"Céu Claro";"Dupla";"Declive";"Não";3;0;0;0;2;1;0;2;-5,725498;-35,283419;"SPRF-RN";"DEL02-RN";"UOP01-DEL02-RN"
487925;2022-11-19;"sábado";"22:30:00";"AL";101;51;"FLEXEIRAS";"Transitar na contramão";"Colisão frontal";"Com Vítimas Feridas";"Plena Noite";"Decrescente";"Céu Claro";"Dupla";"Curva";"Não";6;0;4;2;0;0;6;2;-9,24916039;-35,75766563;"SPRF-AL";"DEL01-AL";"UOP02-DEL01-AL"
487926;2022-11-19;"sábado";"19:30:00";"SC";470;49;"BLUMENAU";"Pista esburacada";"Queda de ocupante de veículo";"Com Vítimas Feridas";"Plena Noite";"Decrescente";"Céu Claro";"Simples";"Em Obras;Reta";"Não";2;0;2;0;0;0;2;1;-26,860662;-49,065159;"SPRF-SC";"DEL04-SC";"UOP01-DEL04-SC"
487927;2022-11-19;"sábado";"21:45:00";"RS";285;392,3;"SANTA BARBARA DO SUL";"Ingestão de álcool pelo condutor";"Colisão frontal";"Com Vítimas Feridas";"Pleno dia";"Decrescente";"Céu Claro";"Simples";"Reta";"Não";3;0;1;0;1;1;1;2;-28,38797;-53,273266;"SPRF-RS";"DEL10-RS";"UOP02-DEL10-RS"
487929;2022-11-19;"sábado";"21:25:00";"MG";262;32,4;"MANHUACU";"Ingestão de álcool pelo condutor";"Colisão lateral sentido oposto";"Com Vítimas Feridas";"Plena Noite";"Crescente";"Nublado";"Simples";"Aclive";"Não";2;0;0;1;1;0;1;2;-20,25556389;-41,99814902;"SPRF-MG";"DEL06-MG";"UOP03-DEL06-MG"
487931;2022-11-19;"sábado";"10:40:00";"MA";222;666;"ACAILANDIA";"Reação tardia ou ineficiente do condutor";"Colisão traseira";"Com Vítimas Feridas";"Plena Noite";"Crescente";"Chuva";"Simples";"Declive";"Não";4;0;2;0;1;1;2;2;-4,89816069;-47,39197619;"SPRF-MA";"DEL04-MA";"UOP03-DEL04-MA"
487933;2022-11-19;"sábado";"22:55:00";"PE";423;60;"LAJEDO";"Conversão proibida";"Colisão frontal";"Com Vítimas Feridas";"Plena Noite";"Decrescente";"Céu Claro";"Simples";"Interseção de Vias";"Sim";2;0;1;1;0;0;2;2;-8,65637818;-36,32298946;"SPRF-PE";"DEL03-PE";"UOP01-DEL03-PE"
487934;2022-11-20;"domingo";"00:00:00";"ES";101;146;"LINHARES";"Trafegar com motocicleta (ou similar) entre as faixas";"Colisão lateral mesmo sentido";"Com Vítimas Feridas";"Plena Noite";"Decrescente";"Céu Claro";"Dupla";"Reta";"Sim";3;0;1;1;1;0;2;2;-19,36990998;-40,06560718;"SPRF-ES";"DEL04-ES";"UOP01-DEL04-ES"
487935;2022-11-20;"domingo";"00:01:00";"PR";476;134;"CURITIBA";"Velocidade Incompatível";"Saída de leito carroçável";"Com Vítimas Feridas";"Plena Noite";"Decrescente";"Céu Claro";"Dupla";"Reta";"Sim";1;0;1;0;0;0;1;1;-25,476524;-49,259937;"SPRF-PR";"DEL01-PR";"UOP03-DEL01-PR"
487937;2022-11-19;"sábado";"21:00:00";"PR";376;184,6;"SARANDI";"Reação tardia ou ineficiente do condutor";"Queda de ocupante de veículo";"Com Vítimas Feridas";"Plena Noite";"Crescente";"Céu Claro";"Dupla";"Reta";"Sim";2;0;0;2;0;0;2;1;-23,44537254;-51,86460972;"SPRF-PR";"DEL09-PR";"UOP01-DEL09-PR"
487938;2022-11-19;"sábado";"23:50:00";"MG";262;363,8;"JUATUBA";"Condutor deixou de manter distância do veículo da frente";"Colisão traseira";"Sem Vítimas";"Plena Noite";"Crescente";"Nublado";"Dupla";"Reta";"Sim";5;0;0;0;5;0;0;2;-19,97334879;-44,26425934;"SPRF-MG";"DEL01-MG";"UOP03-DEL01-MG"
487939;2022-11-19;"sábado";"22:30:00";"MG";146;412,1;"GUAXUPE";"Ausência de reação do condutor";"Colisão lateral mesmo sentido";"Com Vítimas Feridas";"Plena Noite";"Decrescente";"Céu Claro";"Simples";"Reta";"Não";2;0;1;0;1;0;1;2;-21,31522351;-46,59293175;"SPRF-MG";"DEL09-MG";"UOP01-DEL09-MG"
487940;2022-11-19;"sábado";"19:00:00";"MG";262;31,1;"REDUTO";"Avarias e/ou desgaste excessivo no pneu";"Capotamento";"Com Vítimas Feridas";"Plena Noite";"Crescente";"Nublado";"Simples";"Declive;Curva";"Não";2;0;2;0;0;0;2;1;-20,255175;-41,997559;"SPRF-MG";"DEL06-MG";"UOP03-DEL06-MG"
487941;2022-11-19;"sábado";"23:00:00";"RS";293;379,7;"SANTANA DO LIVRAMENTO";"Avarias e/ou desgaste excessivo no pneu";"Saída de leito carroçável";"Com Vítimas Fatais";"Plena Noite";"Crescente";"Céu Claro";"Simples";"Reta";"Não";5;1;4;0;0;0;4;1;-30,66918214;-55,86932711;"SPRF-RS";"DEL11-RS";"UOP01-DEL11-RS"
487942;2022-11-20;"domingo";"00:10:00";"SC";153;77,3;"IRANI";"Obstrução na via";"Colisão com objeto";"Com Vítimas Feridas";"Plena Noite";"Decrescente";"Céu Claro";"Simples";"Curva";"Não";1;0;1;0;0;0;1;1;-27,097824;-51,899704;"SPRF-SC";"DEL07-SC";"UOP04-DEL07-SC"
487943;2022-11-19;"sábado";"23:40:00";"RJ";116;230;"PIRAI";"Reação tardia ou ineficiente do condutor";"Colisão com objeto";"Com Vítimas Feridas";"Plena Noite";"Decrescente";"Nublado";"Dupla";"Curva";"Não";1;0;1;0;0;0;1;1;-22,65208783;-43,82143902;"SPRF-RJ";"DEL07-RJ";"UOP01-DEL07-RJ"
487945;2022-11-20;"domingo";"01:15:00";"SP";153;87,5;"MIRASSOL";"Manobra de mudança de faixa";"Colisão frontal";"Com Vítimas Fatais";"Plena Noite";"Decrescente";"Céu Claro";"Simples";"Declive";"Não";3;1;0;1;1;0;1;3;-20,94498178;-49,53459612;"SPRF-SP";"DEL09-SP";"UOP01-DEL09-SP"
487946;2022-11-20;"domingo";"00:05:00";"RJ";101;473,8;"ANGRA DOS REIS";"Ausência de reação do condutor";"Saída de leito carroçável";"Com Vítimas Feridas";"Plena Noite";"Crescente";"Céu Claro";"Simples";"Aclive";"Sim";3;0;2;1;0;0;3;1;-22,99498627;-44,24919963;"SPRF-RJ";"DEL03-RJ";"UOP03-DEL03-RJ"