"id";"data_inversa";"dia_semana";"horario";"uf";"br";"km";"municipio";"causa_acidente";"tipo_acidente";"classificacao_acidente";"fase_dia";"sentido_via";"condicao_metereologica";"tipo_pista";"tracado_via";"uso_solo";"pessoas";"mortos";"feridos_leves";"feridos_graves";"ilesos";"ignorados";"feridos";"veiculos";"latitude";"longitude";"regional";"delegacia";"uop"
488064;2022-11-20;"domingo";"18:30:00";"SP";116;296;"ITAPECERICA DA SERRA";"Ausência de reação do condutor";"Colisão traseira";"Sem Vítimas";"Plena Noite";"Decrescente";"Céu Claro";"Múltipla";"Reta";"Não";2;0;0;0;2;0;0;2;-23,775485;-46,914416;"SPRF-SP";"DEL04-SP";"UOP01-DEL04-SP"
488065;2022-11-20;"domingo";"18:25:00";"ES";101;344;"GUARAPARI";"Ingestão de álcool pelo condutor";"Colisão lateral mesmo sentido";"Sem Vítimas";"Plena Noite";"Crescente";"Nublado";"Dupla";"Curva";"Não";5;0;0;0;5;0;0;2;-20,66307033;-40,5994571;"SPRF-ES";"DEL03-ES";"UOP01-DEL03-ES"
488066;2022-11-20;"domingo";"11:40:00";"GO";0;0;"TERESINA DE GOIAS";"Animais na Pista";"Atropelamento de Animal";"Sem Vítimas";"Pleno dia";"Não Informado";"Sol";"Simples";"Reta";"Não";3;0;0;0;3;0;0;1;-13,64146424;-47,21953621;"SPRF-DF";"DEL01-DF";"N/A"
488068;2022-11-20;"domingo";"16:30:00";"RS";285;103;"VACARIA";"Ingestão de álcool pelo condutor";"Colisão lateral sentido oposto";"Sem Vítimas";"Pleno dia";"Decrescente";"Céu Claro";"Simples";"Reta";"Não";3;0;0;0;3;0;0;2;-28,553493;-50,787174;"SPRF-RS";"DEL05-RS";"UOP03-DEL05-RS"
488069;2022-11-20;"domingo";"18:24:00";"RN";304;47;"MOSSORO";"Retorno proibido";"Colisão transversal";"Com Vítimas Feridas";"Plena Noite";"Crescente";"Céu Claro";"Dupla";"Retorno Regulamentado";"Não";2;0;0;1;1;0;1;2;-5,22597224;-37,33086797;"SPRF-RN";"DEL04-RN";"UOP01-DEL04-RN"
488071;2022-11-20;"domingo";"18:30:00";"PR";116;34,1;"CAMPINA GRANDE DO SUL";"Ingestão de álcool pelo condutor";"Saída de leito carroçável";"Com Vítimas Feridas";"Anoitecer";"Crescente";"Nublado";"Dupla";"Curva";"Não";4;0;2;0;1;1;2;1;-25,1144852;-48,85377328;"SPRF-PR";"DEL01-PR";"UOP02-DEL01-PR"
488072;2022-11-20;"domingo";"14:20:00";"RJ";493;100;"SEROPEDICA";"Ausência de reação do condutor";"Saída de leito carroçável";"Com Vítimas Feridas";"Pleno dia";"Decrescente";"Céu Claro";"Dupla";"Reta";"Não";5;0;3;0;2;0;3;1;-22,751758;-43,727277;"SPRF-RJ";"DEL03-RJ";"UOP01-DEL03-RJ"
488074;2022-11-20;"domingo";"19:10:00";"SP";101;46;"UBATUBA";"Acessar a via sem observar a presença dos outros veículos";"Colisão transversal";"Com Vítimas Feridas";"Plena Noite";"Crescente";"Nublado";"Simples";"Reta";"Sim";2;0;0;1;1;0;1;2;-23,42403383;-45,07492113;"SPRF-SP";"DEL06-SP";"UOP01-DEL06-SP"
488076;2022-11-20;"domingo";"16:00:00";"MG";153;99;"PRATA";"Transitar na contramão";"Colisão frontal";"Com Vítimas Feridas";"Pleno dia";"Decrescente";"Nublado";"Simples";"Reta;Aclive";"Não";3;0;0;3;0;0;3;2;-19,21986713;-48,93484939;"SPRF-MG";"DEL15-MG";"UOP03-DEL15-MG"
488077;2022-11-20;"domingo";"18:50:00";"RS";116;116;"SAO MARCOS";"Acessar a via sem observar a presença dos outros veículos";"Tombamento";"Com Vítimas Feridas";"Anoitecer";"Decrescente";"Céu Claro";"Simples";"Reta";"Sim";2;0;1;0;1;0;1;2;-28,97609141;-51,06640231;"SPRF-RS";"DEL05-RS";"UOP01-DEL05-RS"
488078;2022-11-20;"domingo";"19:25:00";"SE";235;6;"NOSSA SENHORA DO SOCORRO";"Ausência de reação do condutor";"Colisão com objeto";"Sem Vítimas";"Plena Noite";"Decrescente";"Nublado";"Simples";"Reta";"Sim";1;0;0;0;0;1;0;1;-10,903851;-37,128677;"SPRF-SE";"DEL01-SE";"UOP01-DEL01-SE"
488080;2022-11-20;"domingo";"19:00:00";"RN";101;84;"NATAL";"Ingestão de álcool e/ou substâncias psicoativas pelo pedestre";"Atropelamento de Pedestre";"Com Vítimas Feridas";"Plena Noite";"Decrescente";"Céu Claro";"Dupla";"Reta";"Sim";3;0;1;1;1;0;2;2;-5,774175;-35,2578;"SPRF-RN";"DEL02-RN";"UOP01-DEL02-RN"
488082;2022-10-02;"domingo";"10:28:00";"MG";116;417,3;"GOVERNADOR VALADARES";"Acessar a via sem observar a presença dos outros veículos";"Colisão transversal";"Com Vítimas Feridas";"Pleno dia";"Crescente";"Céu Claro";"Simples";"Reta";"Sim";3;0;0;1;1;1;1;2;-18,89916103;-41,94627285;"SPRF-MG";"DEL06-MG";"UOP01-DEL06-MG"
488083;2022-11-16;"quarta-feira";"15:00:00";"RJ";101;283;"ITABORAI";"Ausência de reação do condutor";"Colisão com objeto";"Com Vítimas Feridas";"Pleno dia";"Decrescente";"Céu Claro";"Dupla";"Curva;Aclive";"Sim";1;0;1;0;0;0;1;1;-22,73591014;-42,80592689;"SPRF-RJ";"DEL02-RJ";"UOP02-DEL02-RJ"
488085;2022-11-20;"domingo";"20:30:00";"ES";101;67,5;"SAO MATEUS";"Ingestão de álcool pelo condutor";"Colisão traseira";"Com Vítimas Feridas";"Plena Noite";"Crescente";"Céu Claro";"Simples";"Reta";"Não";4;0;1;1;2;0;2;2;-18,72054021;-39,8658931;"SPRF-ES";"DEL04-ES";"UOP02-DEL04-ES"
488118;2022-11-24;"quinta-feira";"07:55:00";"SC";101;119;"ITAJAI";"Manobra de mudança de faixa";"Colisão lateral mesmo sentido";"Com Vítimas Feridas";"Pleno dia";"Crescente";"Céu Claro";"Dupla";"Reta";"Sim";2;0;1;0;1;0;1;2;-26,9043179;-48,71555481;"SPRF-SC";"DEL04-SC";"UOP04-DEL04-SC"
488119;2022-11-25;"sexta-feira";"03:20:00";"RS";386;345;"LAJEADO";"Obras na pista";"Saída de leito carroçável";"Sem Vítimas";"Plena Noite";"Crescente";"Céu Claro";"Simples";"Reta";"Não";1;0;0;0;1;0;0;1;-29,443069;-51,984135;"SPRF-RS";"DEL04-RS";"UOP01-DEL04-RS"
488122;2022-11-24;"quinta-feira";"07:30:00";"MG";381;737;"TRES CORACOES";"Chuva";"Saída de leito carroçável";"Com Vítimas Feridas";"Pleno dia";"Crescente";"Chuva";"Dupla";"Curva";"Não";1;0;0;1;0;0;1;1;-21,59740119;-45,23880352;"SPRF-MG";"DEL16-MG";"UOP02-DEL16-MG"
488123;2022-11-22;"terça-feira";"04:30:00";"RJ";101;303;"SAO GONCALO";"Ausência de reação do condutor";"Colisão lateral mesmo sentido";"Sem Vítimas";"Plena Noite";"Crescente";"Céu Claro";"Dupla";"Reta";"Não";3;0;0;0;3;0;0;1;-22,7828205;-42,9766681;"SPRF-RJ";"DEL02-RJ";"UOP02-DEL02-RJ"
488126;2022-11-24;"quinta-feira";"15:40:00";"SC";101;110,7;"ITAJAI";"Trafegar com motocicleta (ou similar) entre as faixas";"Colisão traseira";"Com Vítimas Feridas";"Pleno dia";"Crescente";"Céu Claro";"Dupla";"Reta";"Sim";3;0;1;0;2;0;1;2;-26,83663166;-48,71166229;"SPRF-SC";"DEL04-SC";"UOP04-DEL04-SC"
488128;2022-11-24;"quinta-feira";"22:45:00";"MG";381;794;"SAO GONCALO DO SAPUCAI";"Ausência de reação do condutor";"Saída de leito carroçável";"Com Vítimas Feridas";"Plena Noite";"Decrescente";"Céu Claro";"Dupla";"Curva";"Não";1;0;0;1;0;0;1;1;-21,92913899;-45,61170907;"SPRF-MG";"DEL16-MG";"UOP02-DEL16-MG"
488129;2022-11-24;"quinta-feira";"12:05:00";"MG";153;238;"FRONTEIRA";"Ausência de reação do condutor";"Colisão transversal";"Com Vítimas Feridas";"Pleno dia";"Crescente";"Céu Claro";"Simples";"Reta";"Sim";2;0;1;0;1;0;1;2;-20,29057384;-49,20176626;"SPRF-MG";"DEL13-MG";"UOP02-DEL13-MG"
488130;2022-11-24;"quinta-feira";"19:50:00";"MG";381;480,8;"CONTAGEM";"Reação tardia ou ineficiente do condutor";"Tombamento";"Com Vítimas Fatais";"Plena Noite";"Decrescente";"Céu Claro";"Múltipla";"Declive;Reta";"Sim";1;1;0;0;0;0;0;1;-19,95854387;-44,06049987;"SPRF-MG";"DEL01-MG";"UOP03-DEL01-MG"
488131;2022-11-25;"sexta-feira";"03:40:00";"RJ";101;57,8;"CAMPOS DOS GOYTACAZES";"Pista Escorregadia";"Queda de ocupante de veículo";"Com Vítimas Feridas";"Plena Noite";"Crescente";"Garoa/Chuvisco";"Simples";"Reta";"Não";1;0;0;1;0;0;1;1;-21,69602101;-41,31017467;"SPRF-RJ";"DEL08-RJ";"UOP01-DEL08-RJ"
488132;2022-11-23;"quarta-feira";"19:30:00";"RN";406;149;"CEARA-MIRIM";"Ultrapassagem Indevida";"Colisão frontal";"Sem Vítimas";"Plena Noite";"Decrescente";"Céu Claro";"Simples";"Reta";"Não";2;0;0;0;1;1;0;2;-5,6485583;-35,44127004;"SPRF-RN";"DEL02-RN";"UOP01-DEL02-RN"
488133;2022-11-21;"segunda-feira";"01:45:00";"RS";290;24,5;"SANTO ANTONIO DA PATRULHA";"Condutor usando celular";"Colisão traseira";"Com Vítimas Feridas";"Plena Noite";"Crescente";"Céu Claro";"Dupla";"Reta";"Não";5;0;2;0;3;0;2;2;-29,880864;-50,49894;"SPRF-RS";"DEL03-RS";"UOP01-DEL03-RS"
488135;2022-11-22;"terça-feira";"07:45:00";"PR";476;141,2;"CURITIBA";"Trafegar com motocicleta (ou similar) entre as faixas";"Colisão traseira";"Com Vítimas Feridas";"Pleno dia";"Decrescente";"Céu Claro";"Dupla";"Reta";"Sim";2;0;1;0;1;0;1;2;-25,528614;-49,298798;"SPRF-PR";"DEL01-PR";"UOP03-DEL01-PR"
488137;2022-11-22;"terça-feira";"19:00:00";"DF";70;7;"BRASILIA";"Condutor deixou de manter distância do veículo da frente";"Engavetamento";"Com Vítimas Feridas";"Anoitecer";"Crescente";"Céu Claro";"Dupla";"Reta";"Sim";4;0;2;0;2;0;2;4;-15,784765;-48,121946;"SPRF-DF";"DEL03-DF";"UOP02-DEL03-DF"
488138;2022-11-24;"quinta-feira";"19:00:00";"GO";60;34,9;"GOIANIA";"Condutor deixou de manter distância do veículo da frente";"Colisão traseira";"Sem Vítimas";"Plena Noite";"Decrescente";"Céu Claro";"Dupla";"Reta;Aclive";"Sim";1;0;0;0;1;0;0;1;-16,72123484;-49,35458243;"SPRF-DF";"DEL03-DF";"UOP01-DEL03-DF"
488139;2022-11-25;"sexta-feira";"04:30:00";"RN";101;112;"SAO JOSE DE MIPIBU";"Velocidade Incompatível";"Capotamento";"Com Vítimas Feridas";"Amanhecer";"Decrescente";"Céu Claro";"Dupla";"Reta";"Sim";2;0;0;2;0;0;2;1;-5,96429;-35,264877;"SPRF-RN";"DEL01-RN";"UOP01-DEL01-RN"
488140;2022-11-24;"quinta-feira";"17:00:00";"PE";232;80,7;"GRAVATA";"Reação tardia ou ineficiente do condutor";"Colisão lateral sentido oposto";"Com Vítimas Feridas";"Anoitecer";"Decrescente";"Céu Claro";"Múltipla";"Curva";"Sim";3;0;1;1;1;0;2;2;-8,19579864;-35,56962305;"SPRF-PE";"DEL02-PE";"UOP02-DEL02PE"
488142;2022-11-24;"quinta-feira";"19:00:00";"RS";386;405,7;"TRIUNFO";"Acessar a via sem observar a presença dos outros veículos";"Colisão transversal";"Com Vítimas Feridas";"Anoitecer";"Decrescente";"Céu Claro";"Dupla";"Interseção de Vias";"Não";3;0;1;0;2;0;1;2;-29,777224;-51,560829;"SPRF-RS";"DEL01-RS";"UOP01-DEL01-RS"
488143;2022-11-24;"quinta-feira";"08:25:00";"PB";230;210,1;"SOLEDADE";"Velocidade Incompatível";"Saída de leito carroçável";"Sem Vítimas";"Pleno dia";"Decrescente";"Céu Claro";"Simples";"Declive";"Não";1;0;0;0;0;1;0;1;-7,0807;-36,3232;"SPRF-PB";"DEL02-PB";"UOP02-DEL02-PB"
488144;2022-11-24;"quinta-feira";"10:15:00";"SC";101;252,2;"PAULO LOPES";"Desrespeitar a preferência no cruzamento";"Colisão frontal";"Com Vítimas Feridas";"Pleno dia";"Decrescente";"Céu Claro";"Simples";"Interseção de Vias";"Sim";5;0;2;0;3;0;2;2;-27,96156129;-48,68060446;"SPRF-SC";"DEL02-SC";"UOP03-DEL02-SC"
488145;2022-11-24;"quinta-feira";"22:45:00";"SP";116;46,4;"CANAS";"Avarias e/ou desgaste excessivo no pneu";"Tombamento";"Com Vítimas Feridas";"Plena Noite";"Crescente";"Céu Claro";"Dupla";"Reta";"Não";1;0;1;0;0;0;1;1;-22,71393589;-45,05335608;"SPRF-SP";"DEL08-SP";"UOP02-DEL08-SP"
488146;2022-11-24;"quinta-feira";"14:00:00";"RS";116;143;"CAXIAS DO SUL";"Acessar a via sem observar a presença dos outros veículos";"Colisão transversal";"Sem Vítimas";"Pleno dia";"Crescente";"Céu Claro";"Dupla";"Reta;Interseção de Vias";"Sim";2;0;0;0;2;0;0;2;-29,12036462;-51,12273216;"SPRF-RS";"DEL05-RS";"UOP01-DEL05-RS"
488147;2022-11-24;"quinta-feira";"13:40:00";"GO";153;624;"MORRINHOS";"Condutor deixou de manter distância do veículo da frente";"Colisão traseira";"Com Vítimas Feridas";"Pleno dia";"Crescente";"Céu Claro";"Dupla";"Reta";"Não";2;0;1;0;1;0;1;2;-17,757;-49,1624;"SPRF-GO";"DEL03-GO";"UOP01-DEL03-GO"
488149;2022-11-24;"quinta-feira";"18:00:00";"RS";158;470,5;"ROSARIO DO SUL";"Demais falhas mecânicas ou elétricas";"Incêndio";"Sem Vítimas";"Pleno dia";"Crescente";"Céu Claro";"Simples";"Reta";"Não";1;0;0;0;1;0;0;1;-30,35424979;-55,02845022;"SPRF-RS";"DEL11-RS";"UOP02-DEL11-RS"
488154;2022-11-24;"quinta-feira";"13:00:00";"PR";153;368;"RIO AZUL";"Reação tardia ou ineficiente do condutor";"Colisão transversal";"Com Vítimas Feridas";"Pleno dia";"Decrescente";"Céu Claro";"Simples";"Curva";"Sim";3;0;2;0;1;0;2;3;-25,72952418;-50,79747448;"SPRF-PR";"DEL08-PR";"UOP02-DEL08-PR"
488156;2022-11-21;"segunda-feira";"08:30:00";"ES";101;297,9;"VIANA";"Chuva";"Tombamento";"Com Vítimas Feridas";"Pleno dia";"Decrescente";"Chuva";"Dupla";"Reta";"Sim";1;0;1;0;0;0;1;1;-20,34529844;-40,41026774;"SPRF-ES";"DEL01-ES";"UOP01-DEL01-ES"
488157;2022-11-21;"segunda-feira";"09:15:00";"RS";290;91;"PORTO ALEGRE";"Manobra de mudança de faixa";"Colisão lateral mesmo sentido";"Sem Vítimas";"Pleno dia";"Decrescente";"Nublado";"Simples";"Reta";"Sim";1;0;0;0;1;0;0;1;-29,969055;-51,167439;"SPRF-RS";"DEL01-RS";"UOP01-DEL01-RS"
488158;2022-11-24;"quinta-feira";"23:40:00";"PE";423;71,1;"JUPI";"Demais falhas mecânicas ou elétricas";"Incêndio";"Sem Vítimas";"Plena Noite";"Crescente";"Céu Claro";"Simples";"Reta";"Não";1;0;0;0;1;0;0;1;-8,69250589;-36,41166726;"SPRF-PE";"DEL03-PE";"UOP01-DEL03-PE"
488159;2022-11-24;"quinta-feira";"12:00:00";"RS";101;3;"TORRES";"Ingestão de álcool pelo condutor";"Saída de leito carroçável";"Sem Vítimas";"Pleno dia";"Crescente";"Céu Claro";"Simples";"Reta";"Sim";2;0;0;0;2;0;0;1;-29,32474865;-49,77922041;"SPRF-RS";"DEL03-RS";"UOP02-DEL03-RS"
488160;2022-11-24;"quinta-feira";"19:15:00";"SC";280;238;"CANOINHAS";"Mal súbito do condutor";"Saída de leito carroçável";"Sem Vítimas";"Plena Noite";"Crescente";"Nublado";"Simples";"Reta";"Não";1;0;0;0;1;0;0;1;-26,20536399;-50,438846;"SPRF-SC";"DEL06-SC";"UOP04-DEL06-SC"
488163;2022-11-20;"domingo";"22:40:00";"PR";369;151;"LONDRINA";"Reação tardia ou ineficiente do condutor";"Queda de ocupante de veículo";"Com Vítimas Feridas";"Plena Noite";"Decrescente";"Céu Claro";"Dupla";"Reta";"Sim";1;0;0;1;0;0;1;1;-23,29287189;-51,16997659;"SPRF-PR";"DEL07-PR";"UOP01-DEL07-PR"
488165;2022-11-22;"terça-feira";"20:20:00";"MG";365;739,4;"ITUIUTABA";"Reação tardia ou ineficiente do condutor";"Saída de leito carroçável";"Com Vítimas Feridas";"Plena Noite";"Crescente";"Céu Claro";"Simples";"Reta";"Não";1;0;1;0;0;0;1;1;-18,911019;-49,36134;"SPRF-MG";"DEL15-MG";"UOP03-DEL15-MG"
488167;2022-11-24;"quinta-feira";"15:00:00";"MG";50;15;"UBERLANDIA";"Chuva";"Saída de leito carroçável";"Com Vítimas Feridas";"Pleno dia";"Crescente";"Chuva";"Dupla";"Retorno Regulamentado";"Não";4;0;1;2;1;0;3;1;-18,91351315;-48,17178726;"SPRF-MG";"DEL15-MG";"UOP01-DEL15-MG"
488170;2022-11-24;"quinta-feira";"15:14:00";"RS";116;425;"CRISTAL";"Obstrução na via";"Atropelamento de Pedestre";"Com Vítimas Feridas";"Pleno dia";"Crescente";"Céu Claro";"Simples";"Reta";"Não";2;0;1;0;1;0;1;2;-30,98193093;-52,02109003;"SPRF-RS";"DEL02-RS";"UOP02-DEL02-RS"
488177;2022-11-24;"quinta-feira";"18:30:00";"SP";153;62,2;"SAO JOSE DO RIO PRETO";"Ausência de reação do condutor";"Colisão lateral mesmo sentido";"Com Vítimas Feridas";"Anoitecer";"Decrescente";"Céu Claro";"Dupla";"Declive";"Sim";2;0;1;0;0;1;1;2;-20,81325404;-49,35675563;"SPRF-SP";"DEL09-SP";"UOP01-DEL09-SP"
488178;2022-11-24;"quinta-feira";"13:40:00";"PR";277;108;"CAMPO LARGO";"Condutor deixou de manter distância do veículo da frente";"Engavetamento";"Com Vítimas Feridas";"Pleno dia";"Decrescente";"Céu Claro";"Dupla";"Reta";"Não";5;0;1;0;4;0;1;5;-25,46337891;-49,35755379;"SPRF-PR";"DEL03-PR";"UOP03-DEL03-PR"
488180;2022-11-24;"quinta-feira";"19:27:00";"PR";369;159;"CAMBE";"Velocidade Incompatível";"Saída de leito carroçável";"Sem Vítimas";"Plena Noite";"Decrescente";"Céu Claro";"Dupla";"Reta";"Sim";3;0;0;0;3;0;0;1;-23,28241705;-51,25141382;"SPRF-PR";"DEL07-PR";"UOP01-DEL07-PR"
488181;2022-11-25;"sexta-feira";"06:10:00";"MS";163;270;"DOURADOS";"Desrespeitar a preferência no cruzamento";"Colisão transversal";"Com Vítimas Feridas";"Pleno dia";"Decrescente";"Céu Claro";"Dupla";"Rotatória";"Sim";3;0;1;0;2;0;1;2;-22,194847;-54,69295;"SPRF-MS";"DEL04-MS";"UOP01-DEL04-MS"
488183;2022-11-24;"quinta-feira";"20:40:00";"SP";116;144,7;"SAO JOSE DOS CAMPOS";"Ingestão de álcool pelo condutor";"Colisão traseira";"Com Vítimas Feridas";"Plena Noite";"Decrescente";"Nublado";"Múltipla";"Reta";"Não";3;0;2;0;0;1;2;3;-23,18274416;-45,84633592;"SPRF-SP";"DEL02-SP";"UOP01-DEL02-SP"
488184;2022-11-24;"quinta-feira";"21:40:00";"PI";343;11,7;"PARNAIBA";"Ingestão de álcool pelo condutor";"Colisão com objeto";"Sem Vítimas";"Plena Noite";"Decrescente";"Céu Claro";"Dupla";"Reta";"Sim";2;0;0;0;1;1;0;2;-2,903314;-41,750664;"SPRF-PI";"DEL05-PI";"UOP01-DEL05-PI"
488187;2022-11-25;"sexta-feira";"06:50:00";"ES";101;143;"LINHARES";"Acessar a via sem observar a presença dos outros veículos";"Colisão transversal";"Com Vítimas Fatais";"Pleno dia";"Decrescente";"Nublado";"Simples";"Reta";"Sim";2;1;0;1;0;0;1;2;-19,34286596;-40,0638568;"SPRF-ES";"DEL04-ES";"UOP01-DEL04-ES"
488192;2022-11-24;"quinta-feira";"22:45:00";"GO";414;410,9;"ABADIANIA";"Ingestão de álcool pelo condutor";"Saída de leito carroçável";"Com Vítimas Feridas";"Plena Noite";"Crescente";"Nublado";"Simples";"Reta";"Sim";1;0;1;0;0;0;1;1;-16,05858626;-48,85401759;"SPRF-GO";"DEL02-GO";"UOP01-DEL02-GO"
488195;2022-11-24;"quinta-feira";"11:00:00";"PE";116;23,1;"SALGUEIRO";"Condutor deixou de manter distância do veículo da frente";"Colisão traseira";"Com Vítimas Feridas";"Pleno dia";"Crescente";"Céu Claro";"Simples";"Reta";"Não";2;0;1;0;1;0;1;2;-8,043696;-39,138779;"SPRF-PE";"DEL05-PE";"UOP01-DEL05-PE"
488197;2022-11-20;"domingo";"18:20:00";"PB";104;163,8;"BARRA DE SANTANA";"Animais na Pista";"Atropelamento de Animal";"Com Vítimas Feridas";"Plena Noite";"Crescente";"Céu Claro";"Simples";"Reta";"Não";1;0;1;0;0;0;1;1;-7,527381;-35,99672;"SPRF-PB";"DEL02-PB";"UOP03-DEL02-PB"
488200;2022-11-24;"quinta-feira";"10:30:00";"PR";376;176;"MARINGA";"Manobra de mudança de faixa";"Colisão lateral mesmo sentido";"Com Vítimas Feridas";"Pleno dia";"Decrescente";"Céu Claro";"Dupla";"Interseção de Vias";"Sim";3;0;2;0;1;0;2;2;-23,41269173;-51,93158327;"SPRF-PR";"DEL09-PR";"UOP01-DEL09-PR"
488203;2022-11-20;"domingo";"20:30:00";"PR";277;667;"MEDIANEIRA";"Ingestão de álcool pelo condutor";"Colisão lateral mesmo sentido";"Com Vítimas Feridas";"Plena Noite";"Crescente";"Céu Claro";"Dupla";"Reta";"Sim";2;0;0;1;1;0;1;2;-25,26577498;-54,05432901;"SPRF-PR";"DEL05-PR";"UOP02-DEL05-PR"
488206;2022-11-25;"sexta-feira";"06:22:00";"MG";381;810,8;"CAREACU";"Velocidade Incompatível";"Saída de leito carroçável";"Com Vítimas Feridas";"Pleno dia";"Decrescente";"Chuva";"Dupla";"Declive;Curva";"Não";6;0;4;2;0;0;6;1;-22,04560399;-45,68921401;"SPRF-MG";"DEL16-MG";"UOP02-DEL16-MG"
488208;2022-11-22;"terça-feira";"18:20:00";"CE";116;345;"ICO";"Manobra de mudança de faixa";"Colisão frontal";"Com Vítimas Feridas";"Plena Noite";"Decrescente";"Céu Claro";"Simples";"Reta";"Não";4;0;0;1;3;0;1;2;-6,20241302;-38,66606767;"SPRF-CE";"DEL05-CE";"UOP02-DEL05-CE"
488209;2022-11-23;"quarta-feira";"15:30:00";"PE";101;58;"RECIFE";"Reação tardia ou ineficiente do condutor";"Colisão traseira";"Com Vítimas Feridas";"Pleno dia";"Decrescente";"Céu Claro";"Múltipla";"Aclive";"Sim";2;0;1;0;1;0;1;2;-7,97063209;-34,92064675;"SPRF-PE";"DEL01-PE";"UOP02-DEL01-PE"
488212;2022-11-22;"terça-feira";"09:05:00";"RS";116;249,1;"SAO LEOPOLDO";"Ausência de reação do condutor";"Colisão traseira";"Com Vítimas Feridas";"Pleno dia";"Crescente";"Chuva";"Dupla";"Reta";"Sim";3;0;0;1;2;0;1;2;-29,7831804;-51,16099063;"SPRF-RS";"DEL01-RS";"UOP02-DEL01-RS"
488214;2022-11-13;"domingo";"17:15:00";"SC";470;171;"POUSO REDONDO";"Avarias e/ou desgaste excessivo no pneu";"Colisão lateral mesmo sentido";"Com Vítimas Feridas";"Pleno dia";"Decrescente";"Chuva";"Simples";"Curva;Declive";"Sim";4;0;3;0;1;0;3;2;-27,260828;-49,900455;"SPRF-SC";"DEL04-SC";"UOP02-DEL04-SC"
488215;2022-11-20;"domingo";"20:00:00";"MS";163;483,9;"CAMPO GRANDE";"Ausência de reação do condutor";"Atropelamento de Animal";"Com Vítimas Feridas";"Plena Noite";"Decrescente";"Céu Claro";"Simples";"Curva";"Não";2;0;1;1;0;0;2;1;-20,45188485;-54,54056382;"SPRF-MS";"DEL01-MS";"UOP02-DEL01-MS"
488216;2022-11-20;"domingo";"23:13:00";"GO";70;9,4;"AGUAS LINDAS DE GOIAS";"Entrada inopinada do pedestre";"Atropelamento de Pedestre";"Com Vítimas Feridas";"Plena Noite";"Decrescente";"Nublado";"Dupla";"Reta";"Sim";2;0;1;0;1;0;1;2;-15,73576731;-48,28288046;"SPRF-DF";"DEL03-DF";"UOP02-DEL03-DF"
488220;2022-11-25;"sexta-feira";"07:15:00";"PB";230;157,7;"CAMPINA GRANDE";"Acessar a via sem observar a presença dos outros veículos";"Colisão transversal";"Com Vítimas Feridas";"Pleno dia";"Crescente";"Céu Claro";"Simples";"Reta";"Sim";2;0;2;0;0;0;2;2;-7,264;-35,9199;"SPRF-PB";"DEL02-PB";"UOP01-DEL02-PB"
488221;2022-11-24;"quinta-feira";"23:00:00";"PR";476;157;"ARAUCARIA";"Transitar na contramão";"Colisão frontal";"Com Vítimas Feridas";"Plena Noite";"Decrescente";"Nublado";"Dupla";"Ponte";"Sim";3;0;1;2;0;0;3;2;-25,59613196;-49,41584135;"SPRF-PR";"DEL01-PR";"UOP06-DEL01-PR"
488223;2022-11-25;"sexta-feira";"07:30:00";"SC";101;213;"PALHOCA";"Ausência de reação do condutor";"Colisão traseira";"Com Vítimas Feridas";"Pleno dia";"Decrescente";"Céu Claro";"Múltipla";"Reta";"Não";2;0;1;0;0;1;1;2;-27,63697369;-48,66514142;"SPRF-SC";"DEL01-SC";"UOP02-DEL01-SC"
488224;2022-11-25;"sexta-feira";"07:00:00";"MG";116;521;"CARATINGA";"Condutor deixou de manter distância do veículo da frente";"Colisão traseira";"Com Vítimas Feridas";"Amanhecer";"Crescente";"Nublado";"Simples";"Reta";"Não";2;0;1;0;1;0;1;2;-19,7341039;-42,13264957;"SPRF-MG";"DEL06-MG";"UOP02-DEL06-MG"
488225;2022-11-24;"quinta-feira";"22:10:00";"SP";116;271;"TABOAO DA SERRA";"Ausência de reação do condutor";"Colisão traseira";"Com Vítimas Feridas";"Plena Noite";"Decrescente";"Chuva";"Dupla";"Reta";"Sim";3;0;1;0;2;0;1;2;-23,61809286;-46,80556302;"SPRF-SP";"DEL04-SP";"UOP01-DEL04-SP"
488226;2022-11-24;"quinta-feira";"22:25:00";"SP";116;270;"TABOAO DA SERRA";"Ausência de reação do condutor";"Colisão transversal";"Com Vítimas Feridas";"Plena Noite";"Decrescente";"Chuva";"Múltipla";"Interseção de Vias";"Sim";5;0;3;0;2;0;3;2;-23,61799728;-46,79677694;"SPRF-SP";"DEL04-SP";"UOP01-DEL04-SP"
488227;2022-11-25;"sexta-feira";"06:00:00";"MG";40;44,2;"PARACATU";"Acessar a via sem observar a presença dos outros veículos";"Colisão transversal";"Com Vítimas Feridas";"Amanhecer";"Crescente";"Nublado";"Simples";"Reta;Interseção de Vias";"Sim";2;0;1;0;0;1;1;2;-17,23101648;-46,85390396;"SPRF-MG";"DEL14-MG";"UOP01-DEL14-MG"
488229;2022-11-21;"segunda-feira";"09:30:00";"RN";101;165;"CANGUARETAMA";"Avarias e/ou desgaste excessivo no pneu";"Tombamento";"Com Vítimas Feridas";"Pleno dia";"Decrescente";"Céu Claro";"Dupla";"Reta";"Não";2;0;1;1;0;0;2;1;-6,40913892;-35,13083887;"SPRF-RN";"DEL01-RN";"UOP01-DEL01-RN"
488230;2022-11-21;"segunda-feira";"16:20:00";"CE";222;313;"TIANGUA";"Ausência de sinalização";"Colisão transversal";"Com Vítimas Feridas";"Pleno dia";"Crescente";"Sol";"Múltipla";"Reta";"Sim";2;0;1;0;1;0;1;2;-3,7236142;-40,99670064;"SPRF-CE";"DEL04-CE";"UOP02-DEL04-CE"