"id";"data_inversa";"dia_semana";"horario";"uf";"br";"km";"municipio";"causa_acidente";"tipo_acidente";"classificacao_acidente";"fase_dia";"sentido_via";"condicao_metereologica";"tipo_pista";"tracado_via";"uso_solo";"pessoas";"mortos";"feridos_leves";"feridos_graves";"ilesos";"ignorados";"feridos";"veiculos";"latitude";"longitude";"regional";"delegacia";"uop"
488358;2022-11-21;"segunda-feira";"03:00:00";"RS";158;316;"ITAARA";"Velocidade Incompatível";"Capotamento";"Com Vítimas Feridas";"Plena Noite";"Crescente";"Céu Claro";"Simples";"Curva;Declive";"Não";4;0;3;1;0;0;4;1;-29,65231057;-53,76503707;"SPRF-RS";"DEL09-RS";"UOP01-DEL09-RS"
488359;2022-11-21;"segunda-feira";"19:00:00";"RJ";116;175;"SAO JOAO DE MERITI";"Trafegar com motocicleta (ou similar) entre as faixas";"Colisão lateral mesmo sentido";"Com Vítimas Feridas";"Plena Noite";"Crescente";"Céu Claro";"Múltipla";"Reta";"Sim";5;0;2;0;3;0;2;2;-22,78923555;-43,37275272;"SPRF-RJ";"DEL01-RJ";"UOP02-DEL01-RJ"
488360;2022-11-23;"quarta-feira";"06:00:00";"GO";80;167;"URUACU";"Ultrapassagem Indevida";"Colisão lateral sentido oposto";"Com Vítimas Feridas";"Amanhecer";"Decrescente";"Nublado";"Simples";"Reta";"Não";4;0;0;1;2;1;1;3;-14,720437;-49,081733;"SPRF-GO";"DEL07-GO";"UOP02-DEL07-GO"
488361;2022-11-24;"quinta-feira";"06:10:00";"SC";101;324;"PESCARIA BRAVA";"Reação tardia ou ineficiente do condutor";"Colisão lateral mesmo sentido";"Com Vítimas Feridas";"Amanhecer";"Decrescente";"Céu Claro";"Dupla";"Reta";"Não";3;0;0;2;1;0;2;2;-28,42890047;-48,92285509;"SPRF-SC";"DEL02-SC";"UOP01-DEL02-SC"
488362;2022-11-22;"terça-feira";"14:40:00";"BA";330;786;"JEQUIE";"Ausência de reação do condutor";"Saída de leito carroçável";"Com Vítimas Feridas";"Pleno dia";"Decrescente";"Céu Claro";"Simples";"Curva";"Não";3;0;3;0;0;0;3;1;-13,86784226;-40,06030002;"SPRF-BA";"DEL03-BA";"UOP01-DEL03-BA"
488365;2022-11-23;"quarta-feira";"12:30:00";"RJ";101;332;"RIO DE JANEIRO";"Reação tardia ou ineficiente do condutor";"Tombamento";"Com Vítimas Feridas";"Pleno dia";"Decrescente";"Céu Claro";"Dupla";"Reta";"Não";1;0;1;0;0;0;1;1;-22,87133305;-43,20407695;"SPRF-RJ";"DEL02-RJ";"UOP01-DEL02-RJ"
488367;2022-11-22;"terça-feira";"18:20:00";"AP";156;819;"OIAPOQUE";"Entrada inopinada do pedestre";"Queda de ocupante de veículo";"Com Vítimas Feridas";"Plena Noite";"Crescente";"Chuva";"Simples";"Reta";"Sim";3;0;1;0;0;2;1;3;3,83552896;-51,80935802;"SPRF-AP";"DEL01-AP";"UOP03-DEL01-AP"
488368;2022-11-25;"sexta-feira";"10:50:00";"RS";116;245;"SAO LEOPOLDO";"Condutor deixou de manter distância do veículo da frente";"Colisão traseira";"Com Vítimas Feridas";"Pleno dia";"Crescente";"Céu Claro";"Dupla";"Reta";"Sim";2;0;1;0;1;0;1;2;-29,74980902;-51,15125361;"SPRF-RS";"DEL01-RS";"UOP02-DEL01-RS"
488370;2022-11-20;"domingo";"01:30:00";"SP";116;217;"GUARULHOS";"Entrada inopinada do pedestre";"Atropelamento de Pedestre";"Com Vítimas Fatais";"Plena Noite";"Crescente";"Nublado";"Múltipla";"Reta";"Sim";2;1;0;1;0;0;1;2;-23,45423824;-46,47119028;"SPRF-SP";"DEL01-SP";"UOP01-DEL01-SP"
488371;2022-11-24;"quinta-feira";"22:30:00";"RN";406;154,7;"CEARA-MIRIM";"Ingestão de álcool pelo condutor";"Capotamento";"Com Vítimas Feridas";"Plena Noite";"Crescente";"Céu Claro";"Dupla";"Reta";"Não";2;0;1;1;0;0;2;1;-5,67079426;-35,40552534;"SPRF-RN";"DEL02-RN";"UOP01-DEL02-RN"
488374;2022-11-23;"quarta-feira";"12:30:00";"PE";101;57;"PAULISTA";"Acessar a via sem observar a presença dos outros veículos";"Colisão lateral mesmo sentido";"Com Vítimas Feridas";"Pleno dia";"Crescente";"Céu Claro";"Dupla";"Retorno Regulamentado";"Não";3;0;2;0;1;0;2;2;-7,96346213;-34,91513486;"SPRF-PE";"DEL01-PE";"UOP02-DEL01-PE"
488379;2022-10-22;"sábado";"11:15:00";"RO";319;63;"PORTO VELHO";"Condutor desrespeitou a iluminação vermelha do semáforo";"Colisão transversal";"Com Vítimas Feridas";"Pleno dia";"Crescente";"Céu Claro";"Dupla";"Interseção de Vias";"Sim";3;0;1;0;2;0;1;2;-8,75878172;-63,88601303;"SPRF-RO";"DEL01-RO";"UOP01-DEL01-RO"
488381;2022-11-22;"terça-feira";"02:15:00";"RS";290;90;"PORTO ALEGRE";"Acumulo de água sobre o pavimento";"Colisão com objeto";"Sem Vítimas";"Plena Noite";"Crescente";"Chuva";"Múltipla";"Reta";"Sim";1;0;0;0;1;0;0;1;-29,968319;-51,157398;"SPRF-RS";"DEL01-RS";"UOP01-DEL01-RS"
488382;2022-11-25;"sexta-feira";"08:42:00";"PA";163;659;"ITAITUBA";"Ultrapassagem Indevida";"Colisão frontal";"Com Vítimas Feridas";"Pleno dia";"Crescente";"Céu Claro";"Simples";"Reta";"Não";2;0;0;1;1;0;1;2;-4,46801915;-55,84947377;"SPRF-PA";"DEL05-PA";"UOP01-DEL05-PA"
488383;2022-11-25;"sexta-feira";"10:00:00";"RJ";116;171;"RIO DE JANEIRO";"Mal súbito do condutor";"Colisão traseira";"Com Vítimas Feridas";"Pleno dia";"Crescente";"Céu Claro";"Múltipla";"Reta";"Não";3;0;2;0;1;0;2;2;-22,8060415;-43,34289573;"SPRF-RJ";"DEL01-RJ";"UOP02-DEL01-RJ"
488384;2022-11-23;"quarta-feira";"12:40:00";"GO";60;94;"ANAPOLIS";"Velocidade Incompatível";"Colisão com objeto";"Com Vítimas Feridas";"Pleno dia";"Crescente";"Céu Claro";"Dupla";"Viaduto";"Sim";1;0;0;1;0;0;1;1;-16,35403271;-48,92923236;"SPRF-GO";"DEL02-GO";"UOP01-DEL02-GO"
488385;2022-11-24;"quinta-feira";"23:00:00";"RS";290;86;"CACHOEIRINHA";"Velocidade Incompatível";"Colisão lateral mesmo sentido";"Sem Vítimas";"Plena Noite";"Decrescente";"Céu Claro";"Múltipla";"Reta";"Sim";4;0;0;0;4;0;0;3;-29,968412;-51,117138;"SPRF-RS";"DEL01-RS";"UOP01-DEL01-RS"
488386;2022-11-25;"sexta-feira";"09:40:00";"PE";101;50;"ABREU E LIMA";"Manobra de mudança de faixa";"Colisão transversal";"Com Vítimas Feridas";"Pleno dia";"Crescente";"Céu Claro";"Múltipla";"Reta";"Sim";2;0;1;0;1;0;1;2;-7,90938602;-34,90123228;"SPRF-PE";"DEL01-PE";"UOP02-DEL01-PE"
488388;2022-11-22;"terça-feira";"09:00:00";"PE";428;105,8;"SANTA MARIA DA BOA VISTA";"Animais na Pista";"Atropelamento de Animal";"Sem Vítimas";"Pleno dia";"Crescente";"Céu Claro";"Simples";"Reta";"Não";1;0;0;0;1;0;0;1;-8,85983828;-39,99565883;"SPRF-PE";"DEL06-PE";"UOP03-DEL06-PE"
488389;2022-11-24;"quinta-feira";"21:40:00";"SP";381;87;"GUARULHOS";"Condutor Dormindo";"Colisão com objeto";"Sem Vítimas";"Plena Noite";"Decrescente";"Nublado";"Múltipla";"Reta";"Sim";2;0;0;0;2;0;0;2;-23,46885001;-46,56996601;"SPRF-SP";"DEL03-SP";"UOP01-DEL03-SP"
488393;2022-11-21;"segunda-feira";"17:35:00";"SP";116;221;"GUARULHOS";"Manobra de mudança de faixa";"Colisão lateral mesmo sentido";"Com Vítimas Feridas";"Pleno dia";"Crescente";"Céu Claro";"Múltipla";"Reta";"Sim";3;0;1;0;2;0;1;3;-23,46802395;-46,50704901;"SPRF-SP";"DEL01-SP";"UOP01-DEL01-SP"
488395;2022-11-25;"sexta-feira";"12:00:00";"PR";369;154;"LONDRINA";"Condutor deixou de manter distância do veículo da frente";"Colisão traseira";"Com Vítimas Feridas";"Pleno dia";"Decrescente";"Céu Claro";"Dupla";"Reta";"Sim";2;0;1;0;1;0;1;2;-23,29703108;-51,20420828;"SPRF-PR";"DEL07-PR";"UOP01-DEL07-PR"
488398;2022-11-21;"segunda-feira";"02:30:00";"RS";116;152,5;"CAXIAS DO SUL";"Ingestão de álcool pelo condutor";"Saída de leito carroçável";"Com Vítimas Feridas";"Plena Noite";"Crescente";"Céu Claro";"Simples";"Curva";"Sim";3;0;1;0;0;2;1;2;-29,1829343;-51,16801501;"SPRF-RS";"DEL05-RS";"UOP01-DEL05-RS"
488400;2022-11-21;"segunda-feira";"16:38:00";"MG";262;52;"MANHUACU";"Acessar a via sem observar a presença dos outros veículos";"Colisão transversal";"Com Vítimas Feridas";"Pleno dia";"Decrescente";"Nublado";"Simples";"Reta";"Sim";2;0;1;0;1;0;1;2;-20,24685283;-42,15478501;"SPRF-MG";"DEL06-MG";"UOP03-DEL06-MG"
488402;2022-11-25;"sexta-feira";"07:30:00";"GO";60;267;"INDIARA";"Ausência de reação do condutor";"Saída de leito carroçável";"Sem Vítimas";"Pleno dia";"Crescente";"Céu Claro";"Dupla";"Reta";"Não";1;0;0;0;1;0;0;1;-17,2047;-50,0936;"SPRF-GO";"DEL01-GO";"UOP02-DEL01-GO"
488403;2022-11-21;"segunda-feira";"20:00:00";"ES";262;101,6;"VENDA NOVA DO IMIGRANTE";"Ingestão de álcool pelo condutor";"Colisão frontal";"Com Vítimas Feridas";"Plena Noite";"Crescente";"Nublado";"Simples";"Curva";"Não";2;0;1;0;1;0;1;2;-20,34357039;-41,10950531;"SPRF-ES";"DEL01-ES";"UOP02-DEL01-ES"
488404;2022-11-21;"segunda-feira";"00:10:00";"PR";369;185,8;"ARAPONGAS";"Condutor desrespeitou a iluminação vermelha do semáforo";"Colisão transversal";"Com Vítimas Feridas";"Plena Noite";"Crescente";"Céu Claro";"Simples";"Interseção de Vias";"Sim";5;0;2;0;3;0;2;2;-23,40756;-51,428075;"SPRF-PR";"DEL07-PR";"UOP03-DEL07-PR"
488405;2022-11-21;"segunda-feira";"11:00:00";"RN";304;120,5;"ITAJA";"Ausência de reação do condutor";"Queda de ocupante de veículo";"Com Vítimas Feridas";"Pleno dia";"Crescente";"Céu Claro";"Simples";"Aclive";"Não";1;0;1;0;0;0;1;1;-5,635755;-36,852425;"SPRF-RN";"DEL04-RN";"UOP01-DEL04-RN"
488409;2022-11-22;"terça-feira";"15:00:00";"PE";232;100,3;"BEZERROS";"Acessar a via sem observar a presença dos outros veículos";"Colisão transversal";"Com Vítimas Feridas";"Pleno dia";"Crescente";"Nublado";"Simples";"Reta";"Sim";2;0;0;1;1;0;1;2;-8,23791176;-35,74297705;"SPRF-PE";"DEL02-PE";"UOP02-DEL02PE"
488410;2022-11-21;"segunda-feira";"13:00:00";"BA";20;176;"LUIS EDUARDO MAGALHAES";"Manobra de mudança de faixa";"Colisão frontal";"Com Vítimas Fatais";"Pleno dia";"Crescente";"Nublado";"Simples";"Reta";"Não";6;1;2;3;0;0;5;2;-12,404047;-45,870102;"SPRF-BA";"DEL10-BA";"UOP01-DEL10-BA"
488412;2022-11-25;"sexta-feira";"13:10:00";"MG";381;662;"SANTO ANTONIO DO AMPARO";"Demais falhas mecânicas ou elétricas";"Queda de ocupante de veículo";"Com Vítimas Feridas";"Pleno dia";"Crescente";"Nublado";"Dupla";"Reta";"Não";1;0;1;0;0;0;1;1;-21,02063408;-44,9926647;"SPRF-MG";"DEL04-MG";"UOP02-DEL04-MG"
488413;2022-11-25;"sexta-feira";"12:30:00";"SP";116;149,6;"SAO JOSE DOS CAMPOS";"Velocidade Incompatível";"Colisão lateral mesmo sentido";"Com Vítimas Feridas";"Pleno dia";"Crescente";"Sol";"Múltipla";"Reta";"Sim";6;0;3;0;2;1;3;2;-23,20700047;-45,88626861;"SPRF-SP";"DEL02-SP";"UOP01-DEL02-SP"
488414;2022-11-23;"quarta-feira";"06:50:00";"PI";316;4,5;"TERESINA";"Reação tardia ou ineficiente do condutor";"Colisão traseira";"Com Vítimas Feridas";"Pleno dia";"Decrescente";"Nublado";"Múltipla";"Reta";"Sim";2;0;1;0;1;0;1;2;-5,13655894;-42,78900388;"SPRF-PI";"DEL01-PI";"UOP02-DEL01-PI"
488415;2022-11-21;"segunda-feira";"11:00:00";"RJ";116;198;"QUEIMADOS";"Avarias e/ou desgaste excessivo no pneu";"Colisão com objeto";"Sem Vítimas";"Pleno dia";"Crescente";"Céu Claro";"Dupla";"Reta";"Sim";2;0;0;0;2;0;0;1;-22,72952183;-43,57481597;"SPRF-RJ";"DEL01-RJ";"UOP02-DEL01-RJ"
488416;2022-11-20;"domingo";"21:32:00";"SC";101;207,5;"SAO JOSE";"Velocidade Incompatível";"Queda de ocupante de veículo";"Com Vítimas Feridas";"Pleno dia";"Crescente";"Céu Claro";"Simples";"Interseção de Vias";"Sim";1;0;0;1;0;0;1;1;-27,603985;-48,632965;"SPRF-SC";"DEL01-SC";"UOP01-DEL01-SC"
488417;2022-11-25;"sexta-feira";"13:00:00";"RJ";101;545;"PARATY";"Ausência de reação do condutor";"Colisão transversal";"Com Vítimas Feridas";"Pleno dia";"Crescente";"Nublado";"Simples";"Curva";"Não";2;0;0;1;1;0;1;2;-23,0428643;-44,61880587;"SPRF-RJ";"DEL03-RJ";"UOP04-DEL03-RJ"
488420;2022-11-21;"segunda-feira";"11:30:00";"MT";163;834;"SINOP";"Conversão proibida";"Colisão transversal";"Com Vítimas Feridas";"Pleno dia";"Decrescente";"Céu Claro";"Simples";"Reta";"Não";3;0;1;0;2;0;1;2;-11,869525;-55,497425;"SPRF-MT";"DEL06-MT";"NPF/DEL06-MT"
488424;2022-11-23;"quarta-feira";"13:40:00";"SC";280;68,6;"JARAGUA DO SUL";"Acessar a via sem observar a presença dos outros veículos";"Colisão transversal";"Com Vítimas Feridas";"Pleno dia";"Decrescente";"Céu Claro";"Simples";"Reta";"Não";2;0;1;0;1;0;1;2;-26,47277719;-49,11098612;"SPRF-SC";"DEL03-SC";"UOP03-DEL03-SC"
488427;2022-11-25;"sexta-feira";"11:19:00";"PR";277;96,3;"CURITIBA";"Pedestre andava na pista";"Atropelamento de Pedestre";"Com Vítimas Feridas";"Pleno dia";"Crescente";"Céu Claro";"Simples";"Reta;Declive";"Sim";2;0;0;1;1;0;1;2;-25,54577186;-49,29537197;"SPRF-PR";"DEL01-PR";"UOP06-DEL01-PR"
488429;2022-11-08;"terça-feira";"15:30:00";"RN";101;104;"PARNAMIRIM";"Curva acentuada";"Queda de ocupante de veículo";"Com Vítimas Feridas";"Pleno dia";"Crescente";"Sol";"Múltipla";"Viaduto";"Sim";1;0;1;0;0;0;1;1;-5,892745;-35,257225;"SPRF-RN";"DEL01-RN";"UOP01-DEL01-RN"
488430;2022-11-25;"sexta-feira";"13:00:00";"PA";10;354;"SANTA MARIA DO PARA";"Acessar a via sem observar a presença dos outros veículos";"Colisão transversal";"Com Vítimas Feridas";"Pleno dia";"Decrescente";"Nublado";"Simples";"Reta";"Sim";2;0;0;1;1;0;1;2;-1,34759789;-47,57735696;"SPRF-PA";"DEL01-PA";"UOP02-DEL01-PA"
488433;2022-11-24;"quinta-feira";"05:20:00";"PR";277;250;"IRATI";"Reação tardia ou ineficiente do condutor";"Saída de leito carroçável";"Com Vítimas Feridas";"Pleno dia";"Decrescente";"Garoa/Chuvisco";"Simples";"Reta";"Não";2;0;1;1;0;0;2;1;-25,453166;-50,651406;"SPRF-PR";"DEL08-PR";"UOP02-DEL08-PR"
488434;2022-11-23;"quarta-feira";"19:40:00";"MG";381;446,9;"SANTA LUZIA";"Entrada inopinada do pedestre";"Atropelamento de Pedestre";"Com Vítimas Feridas";"Plena Noite";"Decrescente";"Céu Claro";"Simples";"Reta";"Sim";3;0;0;1;1;1;1;2;-19,82197321;-43,81273627;"SPRF-MG";"DEL01-MG";"UOP01-DEL01-MG"
488435;2022-11-22;"terça-feira";"00:10:00";"MS";163;569,1;"BANDEIRANTES";"Animais na Pista";"Atropelamento de Animal";"Sem Vítimas";"Plena Noite";"Crescente";"Nublado";"Simples";"Reta";"Não";4;0;0;0;4;0;0;1;-19,74936496;-54,35623816;"SPRF-MS";"DEL01-MS";"UOP02-DEL01-MS"
488436;2022-11-25;"sexta-feira";"13:45:00";"PB";230;22;"JOAO PESSOA";"Condutor deixou de manter distância do veículo da frente";"Engavetamento";"Sem Vítimas";"Pleno dia";"Decrescente";"Céu Claro";"Dupla";"Reta";"Sim";5;0;0;0;4;1;0;5;-7,15803644;-34,85827681;"SPRF-PB";"DEL01-PB";"UOP01-DEL01-PB"
488437;2022-11-23;"quarta-feira";"19:30:00";"SP";116;153;"SAO JOSE DOS CAMPOS";"Ausência de reação do condutor";"Engavetamento";"Com Vítimas Feridas";"Plena Noite";"Decrescente";"Céu Claro";"Dupla";"Reta";"Sim";2;0;1;0;1;0;1;2;-23,23262274;-45,91372624;"SPRF-SP";"DEL02-SP";"UOP01-DEL02-SP"
488439;2022-11-22;"terça-feira";"03:00:00";"SP";381;68;"MAIRIPORA";"Ausência de reação do condutor";"Colisão com objeto";"Com Vítimas Feridas";"Plena Noite";"Decrescente";"Céu Claro";"Dupla";"Curva";"Não";2;0;1;0;1;0;1;1;-23,34043796;-46,57433588;"SPRF-SP";"DEL03-SP";"UOP01-DEL03-SP"
488440;2022-11-20;"domingo";"22:40:00";"MG";381;490;"BETIM";"Ausência de reação do condutor";"Queda de ocupante de veículo";"Com Vítimas Feridas";"Plena Noite";"Crescente";"Nublado";"Dupla";"Reta";"Sim";1;0;1;0;0;0;1;1;-19,96502819;-44,17422195;"SPRF-MG";"DEL01-MG";"UOP03-DEL01-MG"
488441;2022-11-21;"segunda-feira";"07:00:00";"MT";163;753;"SORRISO";"Ultrapassagem Indevida";"Colisão lateral mesmo sentido";"Com Vítimas Feridas";"Pleno dia";"Decrescente";"Céu Claro";"Dupla";"Retorno Regulamentado;Curva";"Sim";2;0;1;0;1;0;1;2;-12,64601993;-55,78671414;"SPRF-MT";"DEL06-MT";"UOP02-DEL06-MT"
488442;2022-11-25;"sexta-feira";"12:00:00";"SC";470;180;"POUSO REDONDO";"Condutor deixou de manter distância do veículo da frente";"Colisão lateral mesmo sentido";"Com Vítimas Feridas";"Pleno dia";"Crescente";"Céu Claro";"Simples";"Reta";"Não";7;0;2;0;5;0;2;2;-27,25056286;-49,99247074;"SPRF-SC";"DEL04-SC";"UOP02-DEL04-SC"
488444;2022-11-25;"sexta-feira";"13:15:00";"MG";116;427,5;"ALPERCATA";"Mal súbito do condutor";"Saída de leito carroçável";"Com Vítimas Feridas";"Pleno dia";"Decrescente";"Nublado";"Simples";"Reta";"Não";1;0;0;1;0;0;1;1;-18,97690994;-41,98253806;"SPRF-MG";"DEL06-MG";"UOP01-DEL06-MG"
488451;2022-11-25;"sexta-feira";"15:00:00";"SC";101;198;"BIGUACU";"Manobra de mudança de faixa";"Colisão lateral mesmo sentido";"Com Vítimas Feridas";"Pleno dia";"Crescente";"Céu Claro";"Dupla";"Reta";"Sim";2;0;1;0;1;0;1;2;-27,52658712;-48,63506019;"SPRF-SC";"DEL01-SC";"UOP01-DEL01-SC"
488453;2022-11-25;"sexta-feira";"12:50:00";"SE";235;37,2;"AREIA BRANCA";"Ultrapassagem Indevida";"Colisão frontal";"Com Vítimas Fatais";"Pleno dia";"Crescente";"Céu Claro";"Simples";"Curva";"Não";4;1;0;2;0;1;2;3;-10,769654;-37,337318;"SPRF-SE";"DEL01-SE";"UOP02-DEL01-SE"
488454;2022-11-25;"sexta-feira";"15:20:00";"SC";101;41,2;"JOINVILLE";"Demais falhas mecânicas ou elétricas";"Colisão com objeto";"Com Vítimas Feridas";"Pleno dia";"Crescente";"Nublado";"Dupla";"Reta";"Sim";1;0;1;0;0;0;1;1;-26,33068007;-48,86197329;"SPRF-SC";"DEL03-SC";"UOP01-DEL03-SC"
488456;2022-11-25;"sexta-feira";"05:00:00";"BA";242;398;"SEABRA";"Ingestão de álcool pelo condutor";"Saída de leito carroçável";"Sem Vítimas";"Pleno dia";"Crescente";"Chuva";"Simples";"Curva";"Não";3;0;0;0;3;0;0;1;-12,47346202;-41,67333299;"SPRF-BA";"DEL06-BA";"UOP01-DEL06-BA"
488459;2022-11-21;"segunda-feira";"17:45:00";"RJ";101;542;"PARATY";"Velocidade Incompatível";"Colisão transversal";"Com Vítimas Fatais";"Pleno dia";"Decrescente";"Céu Claro";"Simples";"Curva";"Não";4;1;0;0;2;1;0;3;-23,04128085;-44,59583503;"SPRF-RJ";"DEL03-RJ";"UOP04-DEL03-RJ"
488460;2022-11-20;"domingo";"22:25:00";"PR";476;118,8;"COLOMBO";"Ingestão de álcool pelo condutor";"Colisão traseira";"Sem Vítimas";"Plena Noite";"Crescente";"Céu Claro";"Múltipla";"Reta";"Sim";2;0;0;0;2;0;0;2;-25,362032;-49,184404;"SPRF-PR";"DEL01-PR";"UOP01-DEL01-PR"
488466;2022-11-22;"terça-feira";"12:50:00";"PE";424;75,3;"CAETES";"Reação tardia ou ineficiente do condutor";"Colisão traseira";"Com Vítimas Feridas";"Pleno dia";"Crescente";"Céu Claro";"Simples";"Reta";"Não";5;0;2;1;2;0;3;2;-8,80482636;-36,58367325;"SPRF-PE";"DEL03-PE";"UOP01-DEL03-PE"
488467;2022-11-24;"quinta-feira";"07:00:00";"SC";101;208,3;"SAO JOSE";"Ausência de reação do condutor";"Colisão traseira";"Com Vítimas Feridas";"Pleno dia";"Decrescente";"Nublado";"Múltipla";"Interseção de Vias";"Sim";2;0;1;0;1;0;1;2;-27,60327979;-48,63201818;"SPRF-SC";"DEL01-SC";"UOP01-DEL01-SC"
488468;2022-11-25;"sexta-feira";"12:50:00";"MG";40;179,8;"JOAO PINHEIRO";"Demais falhas mecânicas ou elétricas";"Tombamento";"Com Vítimas Feridas";"Pleno dia";"Crescente";"Céu Claro";"Simples";"Curva;Declive";"Não";2;0;2;0;0;0;2;1;-17,96722202;-45,989468;"SPRF-MG";"DEL14-MG";"UOP02-DEL14-MG"
488473;2022-11-22;"terça-feira";"07:15:00";"RJ";493;67;"NOVA IGUACU";"Animais na Pista";"Tombamento";"Com Vítimas Feridas";"Pleno dia";"Crescente";"Céu Claro";"Dupla";"Reta";"Não";2;0;1;0;1;0;1;1;-22,68328153;-43,44949007;"SPRF-RJ";"DEL01-RJ";"UOP03-DEL01-RJ"
488474;2022-11-25;"sexta-feira";"15:30:00";"SC";101;60;"ARAQUARI";"Reação tardia ou ineficiente do condutor";"Colisão traseira";"Com Vítimas Feridas";"Pleno dia";"Crescente";"Nublado";"Múltipla";"Reta";"Não";3;0;1;0;2;0;1;2;-26,45072823;-48,78570317;"SPRF-SC";"DEL03-SC";"UOP02-DEL03-SC"
488475;2022-11-25;"sexta-feira";"15:30:00";"RJ";40;32,7;"AREAL";"Velocidade Incompatível";"Colisão com objeto";"Com Vítimas Feridas";"Pleno dia";"Decrescente";"Chuva";"Dupla";"Curva";"Não";2;0;1;0;1;0;1;1;-22,19767679;-43,15893173;"SPRF-RJ";"DEL05-RJ";"UOP02-DEL05-RJ"
488479;2022-11-25;"sexta-feira";"15:14:00";"SP";116;426;"JUQUIA";"Acumulo de óleo sobre o pavimento";"Queda de ocupante de veículo";"Com Vítimas Feridas";"Pleno dia";"Decrescente";"Nublado";"Múltipla";"Reta";"Não";2;0;1;0;1;0;1;1;-24,38735659;-47,7169352;"SPRF-SP";"DEL05-SP";"UOP01-DEL05-SP"
488480;2022-11-23;"quarta-feira";"07:10:00";"PE";232;415;"SERRA TALHADA";"Ingestão de álcool pelo condutor";"Colisão traseira";"Com Vítimas Feridas";"Pleno dia";"Decrescente";"Nublado";"Simples";"Declive";"Sim";2;0;1;0;1;0;1;2;-7,99605739;-38,34533981;"SPRF-PE";"DEL04-PE";"UOP01-DEL04-PE"
488481;2022-11-25;"sexta-feira";"16:30:00";"CE";20;403,6;"CAUCAIA";"Acessar a via sem observar a presença dos outros veículos";"Colisão transversal";"Com Vítimas Feridas";"Pleno dia";"Decrescente";"Céu Claro";"Simples";"Interseção de Vias";"Não";2;0;1;0;1;0;1;2;-3,7786133;-38,6864933;"SPRF-CE";"DEL01-CE";"UOP01-DEL01-CE"
488482;2022-11-25;"sexta-feira";"00:40:00";"RO";319;61;"PORTO VELHO";"Ausência de reação do condutor";"Saída de leito carroçável";"Sem Vítimas";"Plena Noite";"Decrescente";"Chuva";"Dupla";"Interseção de Vias";"Sim";1;0;0;0;0;1;0;1;-8,74450553;-63,88909098;"SPRF-RO";"DEL01-RO";"UOP01-DEL01-RO"
488483;2022-11-25;"sexta-feira";"16:00:00";"BA";324;610;"SIMOES FILHO";"Acumulo de água sobre o pavimento";"Queda de ocupante de veículo";"Com Vítimas Feridas";"Pleno dia";"Crescente";"Chuva";"Dupla";"Reta";"Não";1;0;1;0;0;0;1;1;-12,82931703;-38,41113193;"SPRF-BA";"DEL01-BA";"UOP01-DEL01-BA"
488485;2022-11-25;"sexta-feira";"15:51:00";"GO";364;82;"CACHOEIRA ALTA";"Avarias e/ou desgaste excessivo no pneu";"Tombamento";"Com Vítimas Feridas";"Pleno dia";"Crescente";"Sol";"Simples";"Reta";"Não";2;0;2;0;0;0;2;1;-18,567274;-51,047333;"SPRF-GO";"DEL05-GO";"UOP02-DEL05-GO"
488486;2022-11-20;"domingo";"11:14:00";"RS";116;150;"CAXIAS DO SUL";"Falta de elemento de contenção que evite a saída do leito carroçável";"Saída de leito carroçável";"Sem Vítimas";"Pleno dia";"Crescente";"Céu Claro";"Dupla";"Curva";"Não";1;0;0;0;0;1;0;1;-29,168428;-51,158337;"SPRF-RS";"DEL05-RS";"UOP01-DEL05-RS"
488487;2022-11-25;"sexta-feira";"16:40:00";"PE";104;64;"CARUARU";"Trafegar com motocicleta (ou similar) entre as faixas";"Colisão traseira";"Com Vítimas Feridas";"Pleno dia";"Decrescente";"Céu Claro";"Simples";"Reta";"Sim";2;0;1;0;1;0;1;2;-8,2783;-35,9815;"SPRF-PE";"DEL02-PE";"UOP01-DEL02-PE"
488488;2022-11-25;"sexta-feira";"16:10:00";"RJ";116;189;"NOVA IGUACU";"Reação tardia ou ineficiente do condutor";"Colisão lateral mesmo sentido";"Com Vítimas Feridas";"Pleno dia";"Crescente";"Céu Claro";"Dupla";"Reta";"Sim";2;0;1;0;1;0;1;2;-22,73765712;-43,49182298;"SPRF-RJ";"DEL01-RJ";"UOP02-DEL01-RJ"
488489;2022-11-21;"segunda-feira";"06:50:00";"RS";470;218;"BENTO GONCALVES";"Desrespeitar a preferência no cruzamento";"Colisão transversal";"Com Vítimas Feridas";"Pleno dia";"Decrescente";"Nublado";"Simples";"Reta;Retorno Regulamentado;Interseção de Vias";"Sim";2;0;1;0;1;0;1;2;-29,18244661;-51,52021945;"SPRF-RS";"DEL06-RS";"UOP01-DEL06-RS"
488490;2022-11-25;"sexta-feira";"16:40:00";"MA";135;73;"SANTA RITA";"Reação tardia ou ineficiente do condutor";"Saída de leito carroçável";"Com Vítimas Feridas";"Pleno dia";"Crescente";"Céu Claro";"Simples";"Reta;Declive";"Não";5;0;4;0;1;0;4;1;-3,16549824;-44,33811857;"SPRF-MA";"DEL01-MA";"UOP02-DEL01-MA"