"id";"data_inversa";"dia_semana";"horario";"uf";"br";"km";"municipio";"causa_acidente";"tipo_acidente";"classificacao_acidente";"fase_dia";"sentido_via";"condicao_metereologica";"tipo_pista";"tracado_via";"uso_solo";"pessoas";"mortos";"feridos_leves";"feridos_graves";"ilesos";"ignorados";"feridos";"veiculos";"latitude";"longitude";"regional";"delegacia";"uop"
488854;2022-11-20;"domingo";"21:10:00";"SC";282;379,4;"HERVAL DOESTE";"Velocidade Incompatível";"Saída de leito carroçável";"Com Vítimas Feridas";"Plena Noite";"Crescente";"Céu Claro";"Simples";"Rotatória";"Não";1;0;1;0;0;0;1;1;-27,21473567;-51,48690104;"SPRF-SC";"DEL07-SC";"UOP05-DEL07-SC"
488856;2022-11-26;"sábado";"13:15:00";"GO";60;451;"JATAI";"Ingestão de álcool pelo condutor";"Saída de leito carroçável";"Com Vítimas Feridas";"Pleno dia";"Crescente";"Céu Claro";"Dupla";"Reta";"Não";1;0;1;0;0;0;1;1;-17,8539;-51,5345;"SPRF-GO";"DEL05-GO";"UOP01-DEL05-GO"
488857;2022-11-26;"sábado";"16:00:00";"PR";277;83,9;"CURITIBA";"Reação tardia ou ineficiente do condutor";"Colisão com objeto";"Com Vítimas Feridas";"Pleno dia";"Crescente";"Garoa/Chuvisco";"Dupla";"Viaduto;Curva";"Sim";1;0;1;0;0;0;1;1;-25,4436;-49,234028;"SPRF-PR";"DEL01-PR";"UOP01-DEL01-PR"
488858;2022-11-26;"sábado";"15:40:00";"MG";40;680,7;"RESSAQUINHA";"Manobra de mudança de faixa";"Colisão traseira";"Com Vítimas Feridas";"Pleno dia";"Crescente";"Nublado";"Simples";"Curva";"Não";2;0;2;0;0;0;2;2;-21,0370063;-43,7691381;"SPRF-MG";"DEL05-MG";"UOP02-DEL05-MG"
488859;2022-11-26;"sábado";"16:15:00";"SC";282;46,7;"AGUAS MORNAS";"Velocidade Incompatível";"Saída de leito carroçável";"Com Vítimas Feridas";"Pleno dia";"Decrescente";"Chuva";"Simples";"Reta;Declive";"Não";2;0;1;1;0;0;2;1;-27,721041;-48,925152;"SPRF-SC";"DEL01-SC";"UOP03-DEL01-SC"
488861;2022-11-26;"sábado";"17:00:00";"MG";365;521,2;"MONTE CARMELO";"Reação tardia ou ineficiente do condutor";"Colisão transversal";"Com Vítimas Feridas";"Pleno dia";"Crescente";"Céu Claro";"Simples";"Reta";"Não";2;0;1;0;1;0;1;2;-18,91497844;-47,41535017;"SPRF-MG";"DEL10-MG";"UOP01-DEL10-MG"
488862;2022-11-26;"sábado";"17:00:00";"PR";277;672,5;"MEDIANEIRA";"Velocidade Incompatível";"Tombamento";"Com Vítimas Feridas";"Pleno dia";"Crescente";"Céu Claro";"Dupla";"Reta";"Sim";1;0;0;1;0;0;1;1;-25,288649;-54,10151;"SPRF-PR";"DEL05-PR";"UOP01-DEL05-PR"
488863;2022-11-26;"sábado";"11:15:00";"MG";262;445;"NOVA SERRANA";"Velocidade Incompatível";"Colisão traseira";"Com Vítimas Feridas";"Pleno dia";"Crescente";"Sol";"Simples";"Reta";"Sim";5;0;1;0;4;0;1;2;-19,87799664;-44,94086286;"SPRF-MG";"DEL08-MG";"UOP03-DEL08-MG"
488864;2022-11-26;"sábado";"16:40:00";"MG";381;510,8;"SAO JOAQUIM DE BICAS";"Velocidade Incompatível";"Saída de leito carroçável";"Com Vítimas Feridas";"Pleno dia";"Decrescente";"Chuva";"Múltipla";"Reta";"Sim";6;0;5;1;0;0;6;1;-20,05995242;-44,29052353;"SPRF-MG";"DEL01-MG";"UOP03-DEL01-MG"
488865;2022-11-26;"sábado";"16:20:00";"PE";232;84;"GRAVATA";"Demais falhas mecânicas ou elétricas";"Saída de leito carroçável";"Com Vítimas Feridas";"Pleno dia";"Crescente";"Céu Claro";"Dupla";"Reta";"Não";1;0;0;1;0;0;1;1;-8,2059894;-35,60359683;"SPRF-PE";"DEL02-PE";"UOP02-DEL02PE"
488866;2022-11-26;"sábado";"15:36:00";"PE";101;188,4;"PALMARES";"Curva acentuada";"Colisão com objeto";"Com Vítimas Feridas";"Anoitecer";"Crescente";"Nublado";"Dupla";"Curva";"Não";4;0;3;0;1;0;3;1;-8,6909807;-35,5954771;"SPRF-PE";"DEL01-PE";"UOP03-DEL01-PE"
488868;2022-11-26;"sábado";"13:45:00";"SC";470;63,9;"INDAIAL";"Reação tardia ou ineficiente do condutor";"Capotamento";"Com Vítimas Feridas";"Pleno dia";"Decrescente";"Chuva";"Simples";"Curva";"Não";3;0;3;0;0;0;3;1;-26,872396;-49,19228;"SPRF-SC";"DEL04-SC";"UOP01-DEL04-SC"
488869;2022-11-26;"sábado";"16:00:00";"MG";381;531,9;"ITATIAIUCU";"Velocidade Incompatível";"Saída de leito carroçável";"Sem Vítimas";"Pleno dia";"Decrescente";"Chuva";"Dupla";"Curva;Declive";"Não";1;0;0;0;1;0;0;1;-20,16434327;-44,36606107;"SPRF-MG";"DEL04-MG";"UOP03-DEL04-MG"
488871;2022-11-23;"quarta-feira";"23:50:00";"SC";282;214,1;"LAGES";"Ultrapassagem Indevida";"Colisão frontal";"Com Vítimas Feridas";"Plena Noite";"Decrescente";"Céu Claro";"Simples";"Reta;Aclive";"Não";4;0;1;3;0;0;4;2;-27,78937;-50,271915;"SPRF-SC";"DEL05-SC";"UOP01-DEL05-SC"
488872;2022-11-26;"sábado";"17:00:00";"MG";381;923,3;"CAMANDUCAIA";"Velocidade Incompatível";"Saída de leito carroçável";"Com Vítimas Feridas";"Pleno dia";"Decrescente";"Garoa/Chuvisco";"Dupla";"Curva";"Não";4;0;1;0;3;0;1;1;-22,77485;-46,186112;"SPRF-MG";"DEL16-MG";"UOP03-DEL16-MG"
488873;2022-11-26;"sábado";"15:40:00";"MG";381;924,5;"CAMANDUCAIA";"Velocidade Incompatível";"Colisão com objeto";"Com Vítimas Feridas";"Pleno dia";"Crescente";"Chuva";"Dupla";"Curva";"Não";2;0;2;0;0;0;2;1;-22,77050246;-46,23490598;"SPRF-MG";"DEL16-MG";"UOP03-DEL16-MG"
488877;2022-11-26;"sábado";"13:26:00";"RO";364;682;"CANDEIAS DO JAMARI";"Chuva";"Colisão frontal";"Com Vítimas Feridas";"Pleno dia";"Decrescente";"Chuva";"Simples";"Reta";"Não";3;0;0;3;0;0;3;2;-8,78762369;-63,60621003;"SPRF-RO";"DEL01-RO";"UOP01-DEL01-RO"
488878;2022-11-22;"terça-feira";"14:40:00";"BA";242;337;"LENCOIS";"Acessar a via sem observar a presença dos outros veículos";"Colisão frontal";"Com Vítimas Feridas";"Pleno dia";"Crescente";"Céu Claro";"Simples";"Ponte;Reta";"Não";3;0;0;1;2;0;1;2;-12,50559963;-41,20923413;"SPRF-BA";"DEL08-BA";"UOP04-DEL08-BA"
488879;2022-11-22;"terça-feira";"08:30:00";"DF";40;4;"BRASILIA";"Animais na Pista";"Atropelamento de Animal";"Com Vítimas Feridas";"Pleno dia";"Decrescente";"Céu Claro";"Dupla";"Reta";"Sim";1;0;1;0;0;0;1;1;-16,012033;-47,982124;"SPRF-DF";"DEL01-DF";"UOP01-DEL01-DF"
488881;2022-11-26;"sábado";"11:55:00";"PR";0;0;"GUAIRA";"Ultrapassagem Indevida";"Colisão lateral mesmo sentido";"Sem Vítimas";"Pleno dia";"Não Informado";"Céu Claro";"Simples";"Reta";"Sim";2;0;0;0;2;0;0;2;-24,08721612;-54,22542572;"SPRF-PR";"DEL06-PR";"N/A"
488885;2022-11-26;"sábado";"16:15:00";"MG";262;842,7;"UBERABA";"Desvio temporário";"Colisão transversal";"Com Vítimas Feridas";"Pleno dia";"Crescente";"Céu Claro";"Dupla";"Reta;Desvio Temporário";"Não";3;0;3;0;0;0;3;2;-19,756141;-48,274475;"SPRF-MG";"DEL13-MG";"UOP01-DEL13-MG"
488888;2022-11-20;"domingo";"19:45:00";"SC";101;118;"ITAJAI";"Ausência de reação do condutor";"Colisão traseira";"Sem Vítimas";"Plena Noite";"Crescente";"Nublado";"Múltipla";"Reta";"Não";2;0;0;0;2;0;0;2;-26,895859;-48,71903;"SPRF-SC";"DEL04-SC";"UOP04-DEL04-SC"
488889;2022-11-20;"domingo";"21:00:00";"RJ";101;263;"RIO BONITO";"Condutor deixou de manter distância do veículo da frente";"Saída de leito carroçável";"Com Vítimas Feridas";"Plena Noite";"Decrescente";"Céu Claro";"Dupla";"Reta";"Não";2;0;1;0;1;0;1;1;-22,71887266;-42,62637498;"SPRF-RJ";"DEL02-RJ";"UOP03-DEL02-RJ"
488892;2022-11-26;"sábado";"19:15:00";"PB";230;498;"CAJAZEIRAS";"Reação tardia ou ineficiente do condutor";"Atropelamento de Pedestre";"Com Vítimas Fatais";"Plena Noite";"Crescente";"Céu Claro";"Simples";"Reta";"Não";3;1;0;0;0;2;0;2;-6,8988;-38,49439;"SPRF-PB";"DEL03-PB";"UOP03-DEL03-PB"
488894;2022-11-22;"terça-feira";"13:25:00";"SC";163;70,8;"SAO MIGUEL DO OESTE";"Acessar a via sem observar a presença dos outros veículos";"Colisão transversal";"Com Vítimas Feridas";"Pleno dia";"Decrescente";"Céu Claro";"Simples";"Reta;Interseção de Vias";"Sim";2;0;1;0;1;0;1;2;-26,72967607;-53,51156116;"SPRF-SC";"DEL07-SC";"UOP03-DEL07-SC"
488895;2022-11-26;"sábado";"18:55:00";"SP";101;45;"UBATUBA";"Acessar a via sem observar a presença dos outros veículos";"Colisão transversal";"Com Vítimas Feridas";"Plena Noite";"Crescente";"Céu Claro";"Simples";"Interseção de Vias";"Sim";2;0;1;0;1;0;1;2;-23,42084136;-45,07083178;"SPRF-SP";"DEL06-SP";"UOP01-DEL06-SP"
488896;2022-11-21;"segunda-feira";"09:30:00";"PI";316;315;"PICOS";"Acessar a via sem observar a presença dos outros veículos";"Colisão transversal";"Com Vítimas Feridas";"Pleno dia";"Decrescente";"Céu Claro";"Dupla";"Reta";"Sim";2;0;2;0;0;0;2;2;-7,07951262;-41,43236492;"SPRF-PI";"DEL04-PI";"UOP01-DEL04-PI"
488897;2022-11-26;"sábado";"18:59:00";"GO";50;100;"CRISTALINA";"Ingestão de álcool pelo condutor";"Saída de leito carroçável";"Com Vítimas Feridas";"Plena Noite";"Crescente";"Céu Claro";"Dupla";"Reta";"Não";2;0;2;0;0;0;2;1;-16,9309;-47,7117;"SPRF-DF";"DEL01-DF";"UOP02-DEL01-DF"
488899;2022-11-26;"sábado";"18:05:00";"CE";222;209;"FORQUILHA";"Desrespeitar a preferência no cruzamento";"Colisão lateral sentido oposto";"Com Vítimas Feridas";"Plena Noite";"Crescente";"Céu Claro";"Simples";"Reta";"Sim";2;0;1;0;1;0;1;2;-3,79796009;-40,25863302;"SPRF-CE";"DEL04-CE";"UOP01-DEL04-CE"
488900;2022-11-22;"terça-feira";"09:40:00";"SP";116;294;"ITAPECERICA DA SERRA";"Pedestre cruzava a pista fora da faixa";"Atropelamento de Pedestre";"Com Vítimas Feridas";"Pleno dia";"Decrescente";"Céu Claro";"Dupla";"Reta";"Sim";2;0;1;0;1;0;1;2;-23,76154691;-46,90483412;"SPRF-SP";"DEL04-SP";"UOP01-DEL04-SP"
488901;2022-11-26;"sábado";"18:00:00";"BA";324;534;"CONCEICAO DO JACUIPE";"Chuva";"Colisão traseira";"Com Vítimas Feridas";"Anoitecer";"Decrescente";"Chuva";"Dupla";"Reta";"Não";8;0;2;0;6;0;2;2;-12,35104617;-38,83402119;"SPRF-BA";"DEL01-BA";"UOP03-DEL01-BA"
488902;2022-11-26;"sábado";"18:25:00";"AL";316;253;"PILAR";"Ingestão de álcool pelo condutor";"Colisão traseira";"Sem Vítimas";"Plena Noite";"Crescente";"Nublado";"Simples";"Reta";"Não";2;0;0;0;2;0;0;2;-9,57899213;-35,96164121;"SPRF-AL";"DEL02-AL";"UOP01-DEL02-AL"
488904;2022-11-26;"sábado";"18:45:00";"CE";222;295;"TIANGUA";"Acessar a via sem observar a presença dos outros veículos";"Queda de ocupante de veículo";"Com Vítimas Feridas";"Pleno dia";"Crescente";"Céu Claro";"Simples";"Reta";"Não";1;0;0;1;0;0;1;1;-3,66518994;-40,90840497;"SPRF-CE";"DEL04-CE";"UOP02-DEL04-CE"
488906;2022-11-20;"domingo";"20:50:00";"PI";343;46,6;"BURITI DOS LOPES";"Transitar na contramão";"Colisão frontal";"Com Vítimas Fatais";"Plena Noite";"Crescente";"Céu Claro";"Simples";"Reta";"Sim";3;1;1;0;1;0;1;2;-3,168178;-41,859924;"SPRF-PI";"DEL05-PI";"UOP01-DEL05-PI"
488907;2022-11-26;"sábado";"20:15:00";"BA";324;569;"SAO SEBASTIAO DO PASSE";"Ausência de reação do condutor";"Saída de leito carroçável";"Com Vítimas Feridas";"Plena Noite";"Decrescente";"Céu Claro";"Dupla";"Aclive";"Não";3;0;3;0;0;0;3;1;-12,54065603;-38,58868903;"SPRF-BA";"DEL01-BA";"UOP01-DEL01-BA"
488908;2022-11-23;"quarta-feira";"06:30:00";"AC";317;169;"CAPIXABA";"Ausência de reação do condutor";"Saída de leito carroçável";"Com Vítimas Feridas";"Pleno dia";"Decrescente";"Garoa/Chuvisco";"Simples";"Declive";"Não";1;0;1;0;0;0;1;1;-10,58984365;-67,89769503;"SPRF-AC";"DEL01-AC";"UOP02-DEL01-AC"
488909;2022-11-26;"sábado";"20:01:00";"PE";101;42;"IGARASSU";"Pedestre cruzava a pista fora da faixa";"Atropelamento de Pedestre";"Com Vítimas Feridas";"Plena Noite";"Crescente";"Vento";"Múltipla";"Reta";"Sim";2;0;0;2;0;0;2;2;-7,83887431;-34,91196739;"SPRF-PE";"DEL01-PE";"UOP02-DEL01-PE"
488910;2022-11-22;"terça-feira";"19:15:00";"SP";116;279;"ITAPECERICA DA SERRA";"Reação tardia ou ineficiente do condutor";"Queda de ocupante de veículo";"Com Vítimas Feridas";"Plena Noite";"Decrescente";"Chuva";"Dupla";"Reta";"Sim";1;0;1;0;0;0;1;1;-23,64340881;-46,83876614;"SPRF-SP";"DEL04-SP";"UOP01-DEL04-SP"
488912;2022-11-26;"sábado";"20:35:00";"BA";367;79;"EUNAPOLIS";"Chuva";"Tombamento";"Com Vítimas Feridas";"Plena Noite";"Decrescente";"Chuva";"Simples";"Reta";"Não";2;0;0;1;0;1;1;1;-16,36747588;-39,53590602;"SPRF-BA";"DEL09-BA";"UOP03-DEL09-BA"
488915;2022-11-26;"sábado";"18:25:00";"AL";423;94;"DELMIRO GOUVEIA";"Chuva";"Queda de ocupante de veículo";"Com Vítimas Feridas";"Plena Noite";"Decrescente";"Chuva";"Simples";"Reta";"Não";1;0;0;1;0;0;1;1;-9,36970043;-38,09728186;"SPRF-BA";"DEL07-BA";"UOP01-DEL07-BA"
488916;2022-11-21;"segunda-feira";"10:50:00";"BA";116;405;"FEIRA DE SANTANA";"Mal súbito do condutor";"Tombamento";"Com Vítimas Feridas";"Pleno dia";"Crescente";"Céu Claro";"Dupla";"Reta";"Sim";1;0;1;0;0;0;1;1;-12,072906;-38,969604;"SPRF-BA";"DEL02-BA";"UOP01-DEL02-BA"
488918;2022-11-26;"sábado";"18:30:00";"GO";80;4;"PADRE BERNARDO";"Ausência de reação do condutor";"Colisão traseira";"Sem Vítimas";"Anoitecer";"Crescente";"Céu Claro";"Simples";"Declive;Reta";"Não";6;0;0;0;6;0;0;2;-15,493857;-48,22503;"SPRF-DF";"DEL03-DF";"UOP02-DEL03-DF"
488919;2022-11-26;"sábado";"19:50:00";"BA";101;506;"ITABUNA";"Ausência de reação do condutor";"Atropelamento de Pedestre";"Com Vítimas Feridas";"Plena Noite";"Decrescente";"Chuva";"Simples";"Reta;Aclive";"Não";2;0;0;1;1;0;1;2;-14,957696;-39,306865;"SPRF-BA";"DEL05-BA";"UOP01-DEL05-BA"
488920;2022-11-26;"sábado";"20:26:00";"ES";262;106;"VENDA NOVA DO IMIGRANTE";"Ingestão de álcool pelo condutor";"Colisão frontal";"Com Vítimas Feridas";"Plena Noite";"Crescente";"Garoa/Chuvisco";"Simples";"Reta;Interseção de Vias";"Sim";3;0;2;0;1;0;2;2;-20,32624656;-41,13598921;"SPRF-ES";"DEL01-ES";"UOP02-DEL01-ES"
488921;2022-11-26;"sábado";"20:36:00";"ES";101;266;"SERRA";"Ausência de reação do condutor";"Queda de ocupante de veículo";"Com Vítimas Feridas";"Plena Noite";"Decrescente";"Chuva";"Múltipla";"Reta";"Sim";1;0;1;0;0;0;1;1;-20,190199;-40,26828891;"SPRF-ES";"DEL02-ES";"UOP01-DEL02-ES"
488922;2022-11-26;"sábado";"20:28:00";"SP";116;145;"SAO JOSE DOS CAMPOS";"Falta de acostamento";"Colisão traseira";"Com Vítimas Feridas";"Plena Noite";"Decrescente";"Céu Claro";"Múltipla";"Reta;Aclive";"Não";3;0;1;0;2;0;1;3;-23,1869844;-45,8548078;"SPRF-SP";"DEL02-SP";"UOP01-DEL02-SP"
488924;2022-11-26;"sábado";"21:00:00";"BA";324;553;"AMELIA RODRIGUES";"Reação tardia ou ineficiente do condutor";"Saída de leito carroçável";"Sem Vítimas";"Plena Noite";"Crescente";"Céu Claro";"Dupla";"Reta";"Não";1;0;0;0;1;0;0;1;-12,45504393;-38,70402395;"SPRF-BA";"DEL01-BA";"UOP03-DEL01-BA"
488925;2022-11-26;"sábado";"20:12:00";"MG";50;67;"UBERLANDIA";"Condutor deixou de manter distância do veículo da frente";"Atropelamento de Pedestre";"Com Vítimas Feridas";"Plena Noite";"Crescente";"Céu Claro";"Dupla";"Reta";"Não";3;0;1;0;2;0;1;2;-18,89309096;-48,25189948;"SPRF-MG";"DEL15-MG";"UOP02-DEL15-MG"
488926;2022-11-26;"sábado";"20:40:00";"PE";104;65,9;"CARUARU";"Ingestão de álcool pelo condutor";"Colisão com objeto";"Sem Vítimas";"Plena Noite";"Crescente";"Céu Claro";"Simples";"Reta;Aclive;Interseção de Vias";"Sim";1;0;0;0;1;0;0;1;-8,2867;-35,9838;"SPRF-PE";"DEL02-PE";"UOP01-DEL02-PE"
488928;2022-11-26;"sábado";"20:40:00";"PR";116;152;"MANDIRITUBA";"Ingestão de álcool pelo condutor";"Colisão com objeto";"Sem Vítimas";"Plena Noite";"Decrescente";"Garoa/Chuvisco";"Simples";"Reta";"Não";1;0;0;0;1;0;0;1;-25,8626219;-49,36191559;"SPRF-PR";"DEL01-PR";"UOP03-DEL01-PR"
488929;2022-11-26;"sábado";"21:10:00";"SC";101;117;"ITAJAI";"Desrespeitar a preferência no cruzamento";"Colisão transversal";"Com Vítimas Feridas";"Plena Noite";"Crescente";"Chuva";"Dupla";"Interseção de Vias";"Sim";2;0;0;1;1;0;1;2;-26,88747187;-48,72252969;"SPRF-SC";"DEL04-SC";"UOP04-DEL04-SC"
488932;2022-11-26;"sábado";"22:10:00";"RS";116;246;"SAO LEOPOLDO";"Pedestre cruzava a pista fora da faixa";"Tombamento";"Com Vítimas Feridas";"Plena Noite";"Crescente";"Céu Claro";"Simples";"Reta;Viaduto";"Sim";2;0;1;0;1;0;1;2;-29,76082953;-51,15075588;"SPRF-RS";"DEL01-RS";"UOP02-DEL01-RS"
488933;2022-11-26;"sábado";"19:10:00";"RJ";116;277;"BARRA MANSA";"Chuva";"Colisão transversal";"Sem Vítimas";"Plena Noite";"Crescente";"Chuva";"Múltipla";"Curva;Aclive";"Não";2;0;0;0;1;1;0;2;-22,55905501;-44,17284006;"SPRF-RJ";"DEL07-RJ";"UOP02-DEL07-RJ"
488934;2022-11-26;"sábado";"20:50:00";"MG";381;556,2;"ITAGUARA";"Chuva";"Queda de ocupante de veículo";"Com Vítimas Feridas";"Plena Noite";"Crescente";"Chuva";"Dupla";"Reta";"Não";1;0;1;0;0;0;1;1;-20,36254532;-44,46544647;"SPRF-MG";"DEL04-MG";"UOP03-DEL04-MG"
488935;2022-11-26;"sábado";"08:30:00";"SC";280;151,9;"MAFRA";"Reação tardia ou ineficiente do condutor";"Saída de leito carroçável";"Com Vítimas Feridas";"Pleno dia";"Decrescente";"Chuva";"Simples";"Reta";"Não";1;0;1;0;0;0;1;1;-26,23248274;-49,69867393;"SPRF-SC";"DEL06-SC";"UOP03-DEL06-SC"
488936;2022-11-26;"sábado";"22:30:00";"RS";285;459,1;"IJUI";"Ingestão de álcool pelo condutor";"Colisão lateral sentido oposto";"Com Vítimas Feridas";"Plena Noite";"Decrescente";"Céu Claro";"Simples";"Reta";"Sim";4;0;1;0;3;0;1;2;-28,41001121;-53,90377522;"SPRF-RS";"DEL10-RS";"UOP01-DEL10-RS"
488937;2022-11-26;"sábado";"22:00:00";"MG";50;180;"UBERABA";"Reação tardia ou ineficiente do condutor";"Tombamento";"Com Vítimas Feridas";"Pleno dia";"Decrescente";"Céu Claro";"Dupla";"Curva;Interseção de Vias";"Não";2;0;2;0;0;0;2;1;-19,77848216;-47,92194709;"SPRF-MG";"DEL13-MG";"UOP01-DEL13-MG"
488938;2022-11-26;"sábado";"22:00:00";"SP";116;279;"EMBU DAS ARTES";"Manobra de mudança de faixa";"Colisão lateral mesmo sentido";"Sem Vítimas";"Plena Noite";"Crescente";"Céu Claro";"Múltipla";"Curva";"Sim";6;0;0;0;6;0;0;2;-23,66233697;-46,85292907;"SPRF-SP";"DEL04-SP";"UOP01-DEL04-SP"
488940;2022-11-26;"sábado";"19:18:00";"MA";10;372;"ITINGA DO MARANHAO";"Ingestão de álcool pelo condutor";"Saída de leito carroçável";"Com Vítimas Feridas";"Plena Noite";"Crescente";"Céu Claro";"Simples";"Reta";"Não";1;0;0;1;0;0;1;1;-4,496157;-47,507442;"SPRF-MA";"DEL04-MA";"UOP03-DEL04-MA"
488941;2022-11-26;"sábado";"19:40:00";"SC";470;173,8;"POUSO REDONDO";"Reação tardia ou ineficiente do condutor";"Colisão frontal";"Com Vítimas Feridas";"Plena Noite";"Crescente";"Chuva";"Simples";"Em Obras;Interseção de Vias";"Sim";2;0;0;1;1;0;1;2;-27,25692815;-49,93484616;"SPRF-SC";"DEL04-SC";"UOP02-DEL04-SC"
488942;2022-11-26;"sábado";"22:40:00";"SP";116;472,5;"JACUPIRANGA";"Reação tardia ou ineficiente do condutor";"Saída de leito carroçável";"Com Vítimas Feridas";"Plena Noite";"Crescente";"Chuva";"Dupla";"Reta";"Não";5;0;4;0;1;0;4;1;-24,6649709;-47,9738381;"SPRF-SP";"DEL05-SP";"UOP01-DEL05-SP"
488943;2022-11-26;"sábado";"21:00:00";"RJ";493;13;"GUAPIMIRIM";"Animais na Pista";"Atropelamento de Animal";"Com Vítimas Feridas";"Plena Noite";"Crescente";"Garoa/Chuvisco";"Simples";"Reta";"Não";2;0;2;0;0;0;2;1;-22,67551484;-42,97451889;"SPRF-RJ";"DEL04-RJ";"UOP02-DEL04-RJ"
488944;2022-11-26;"sábado";"19:30:00";"MT";174;106,3;"CACERES";"Ingestão de álcool pelo condutor";"Saída de leito carroçável";"Sem Vítimas";"Plena Noite";"Decrescente";"Céu Claro";"Simples";"Reta";"Não";1;0;0;0;1;0;0;1;-15,82611753;-57,92334488;"SPRF-MT";"DEL03-MT";"UOP01-DEL03-MT"
488949;2022-11-26;"sábado";"22:15:00";"RR";174;515;"BOA VISTA";"Ausência de reação do condutor";"Atropelamento de Pedestre";"Com Vítimas Fatais";"Plena Noite";"Crescente";"Céu Claro";"Simples";"Reta";"Sim";2;1;0;0;1;0;0;2;2,938469;-60,717327;"SPRF-RR";"DEL01-RR";"UOP01-DEL01-RR"
488950;2022-11-26;"sábado";"14:05:00";"PR";153;503;"GENERAL CARNEIRO";"Curva acentuada";"Saída de leito carroçável";"Com Vítimas Feridas";"Pleno dia";"Decrescente";"Céu Claro";"Simples";"Curva";"Não";2;0;1;0;1;0;1;1;-26,34972902;-51,2512207;"SPRF-PR";"DEL02-PR";"UOP03-DEL02-PR"
488951;2022-11-26;"sábado";"21:50:00";"RS";386;49,1;"SEBERI";"Transitar na contramão";"Colisão lateral sentido oposto";"Sem Vítimas";"Plena Noite";"Decrescente";"Céu Claro";"Simples";"Reta";"Não";3;0;0;0;2;1;0;2;-27,47917993;-53,39706767;"SPRF-RS";"DEL08-RS";"UOP02-DEL08-RS"
488952;2022-11-26;"sábado";"23:00:00";"SP";116;435,2;"REGISTRO";"Ingestão de álcool pelo condutor";"Colisão lateral mesmo sentido";"Sem Vítimas";"Plena Noite";"Decrescente";"Garoa/Chuvisco";"Dupla";"Reta";"Não";5;0;0;0;5;0;0;2;-24,42978592;-47,78559107;"SPRF-SP";"DEL05-SP";"UOP01-DEL05-SP"
488953;2022-11-20;"domingo";"23:40:00";"MG";50;206;"DELTA";"Velocidade Incompatível";"Capotamento";"Com Vítimas Fatais";"Plena Noite";"Decrescente";"Céu Claro";"Dupla";"Curva";"Não";3;1;0;0;0;2;0;2;-19,92627147;-47,82191068;"SPRF-MG";"DEL13-MG";"UOP01-DEL13-MG"
488954;2022-11-26;"sábado";"23:50:00";"SP";116;279;"EMBU DAS ARTES";"Objeto estático sobre o leito carroçável";"Queda de ocupante de veículo";"Com Vítimas Fatais";"Plena Noite";"Crescente";"Céu Claro";"Dupla";"Reta";"Sim";3;1;0;0;2;0;0;3;-23,66233697;-46,85292907;"SPRF-SP";"DEL04-SP";"UOP01-DEL04-SP"
488958;2022-11-26;"sábado";"23:00:00";"PI";316;15,9;"TERESINA";"Ingestão de álcool pelo condutor";"Colisão com objeto";"Sem Vítimas";"Plena Noite";"Crescente";"Nublado";"Dupla";"Retorno Regulamentado";"Não";1;0;0;0;1;0;0;1;-5,235274;-42,743982;"SPRF-PI";"DEL01-PI";"UOP02-DEL01-PI"
488959;2022-11-26;"sábado";"23:30:00";"SC";282;608,5;"MARAVILHA";"Ingestão de álcool pelo condutor";"Colisão com objeto";"Sem Vítimas";"Plena Noite";"Decrescente";"Céu Claro";"Simples";"Reta";"Não";1;0;0;0;0;1;0;1;-26,76339132;-53,21914673;"SPRF-SC";"DEL07-SC";"UOP02-DEL07-SC"
488960;2022-11-27;"domingo";"00:40:00";"RN";101;114,9;"SAO JOSE DE MIPIBU";"Ingestão de álcool pelo condutor";"Tombamento";"Com Vítimas Feridas";"Plena Noite";"Crescente";"Céu Claro";"Dupla";"Reta";"Sim";1;0;0;1;0;0;1;1;-5,98219702;-35,26494384;"SPRF-RN";"DEL01-RN";"UOP01-DEL01-RN"
488961;2022-11-27;"domingo";"01:05:00";"PR";369;209;"APUCARANA";"Ausência de reação do condutor";"Saída de leito carroçável";"Com Vítimas Feridas";"Plena Noite";"Crescente";"Céu Claro";"Simples";"Interseção de Vias;Curva";"Não";1;0;1;0;0;0;1;1;-23,56521367;-51,50410613;"SPRF-PR";"DEL07-PR";"UOP03-DEL07-PR"
488963;2022-11-26;"sábado";"23:10:00";"GO";70;315;"JUSSARA";"Acessar a via sem observar a presença dos outros veículos";"Colisão transversal";"Com Vítimas Feridas";"Plena Noite";"Crescente";"Nublado";"Dupla";"Interseção de Vias";"Sim";3;0;3;0;0;0;3;2;-15,87309206;-50,85224044;"SPRF-GO";"DEL04-GO";"UOP02-DEL04-GO"
488964;2022-11-27;"domingo";"01:05:00";"MG";365;610;"UBERLANDIA";"Acessar a via sem observar a presença dos outros veículos";"Colisão traseira";"Com Vítimas Feridas";"Plena Noite";"Decrescente";"Céu Claro";"Dupla";"Reta";"Não";3;0;0;2;1;0;2;2;-18,92136874;-48,18315983;"SPRF-MG";"DEL15-MG";"UOP01-DEL15-MG"
488967;2022-11-27;"domingo";"00:15:00";"PR";277;45,5;"MORRETES";"Ausência de reação do condutor";"Capotamento";"Sem Vítimas";"Plena Noite";"Crescente";"Garoa/Chuvisco";"Múltipla";"Curva";"Não";1;0;0;0;0;1;0;1;-25,58236192;-48,86961092;"SPRF-PR";"DEL01-PR";"UOP01-DEL01-PR"