"id";"data_inversa";"dia_semana";"horario";"uf";"br";"km";"municipio";"causa_acidente";"tipo_acidente";"classificacao_acidente";"fase_dia";"sentido_via";"condicao_metereologica";"tipo_pista";"tracado_via";"uso_solo";"pessoas";"mortos";"feridos_leves";"feridos_graves";"ilesos";"ignorados";"feridos";"veiculos";"latitude";"longitude";"regional";"delegacia";"uop"
488968;2022-11-27;"domingo";"01:10:00";"RS";290;47;"GLORINHA";"Acumulo de areia ou detritos sobre o pavimento";"Queda de ocupante de veículo";"Com Vítimas Feridas";"Plena Noite";"Crescente";"Céu Claro";"Múltipla";"Reta";"Não";2;0;2;0;0;0;2;1;-29,894592;-50,729916;"SPRF-RS";"DEL03-RS";"UOP01-DEL03-RS"
488969;2022-11-27;"domingo";"02:00:00";"SP";116;171,2;"JACAREI";"Iluminação deficiente";"Queda de ocupante de veículo";"Com Vítimas Feridas";"Plena Noite";"Decrescente";"Céu Claro";"Dupla";"Reta";"Não";1;0;1;0;0;0;1;1;-23,31217395;-46,06330303;"SPRF-SP";"DEL02-SP";"UOP01-DEL02-SP"
488970;2022-11-26;"sábado";"23:56:00";"SC";282;377;"HERVAL DOESTE";"Velocidade Incompatível";"Capotamento";"Com Vítimas Feridas";"Plena Noite";"Crescente";"Céu Claro";"Simples";"Curva";"Não";3;0;1;1;1;0;2;2;-27,216974;-51,470055;"SPRF-SC";"DEL07-SC";"UOP05-DEL07-SC"
488972;2022-11-26;"sábado";"18:00:00";"GO";364;299;"MINEIROS";"Ausência de reação do condutor";"Colisão traseira";"Com Vítimas Feridas";"Anoitecer";"Crescente";"Céu Claro";"Dupla";"Curva";"Sim";3;0;1;0;2;0;1;3;-17,559059;-52,528431;"SPRF-GO";"DEL05-GO";"UOP01-DEL05-GO"
488973;2022-11-27;"domingo";"01:00:00";"MG";50;142;"UBERABA";"Reação tardia ou ineficiente do condutor";"Saída de leito carroçável";"Com Vítimas Feridas";"Plena Noite";"Crescente";"Céu Claro";"Dupla";"Reta;Declive";"Não";1;0;1;0;0;0;1;1;-19,49393401;-48,04798403;"SPRF-MG";"DEL13-MG";"UOP01-DEL13-MG"
488975;2022-11-26;"sábado";"23:30:00";"RJ";101;296;"ITABORAI";"Chuva";"Queda de ocupante de veículo";"Com Vítimas Feridas";"Plena Noite";"Crescente";"Garoa/Chuvisco";"Dupla";"Reta";"Sim";1;0;0;1;0;0;1;1;-22,7670498;-42,91019601;"SPRF-RJ";"DEL02-RJ";"UOP02-DEL02-RJ"
488976;2022-11-27;"domingo";"02:20:00";"MG";50;81;"UBERLANDIA";"Ausência de reação do condutor";"Engavetamento";"Com Vítimas Feridas";"Plena Noite";"Decrescente";"Céu Claro";"Dupla";"Curva;Viaduto;Declive";"Não";3;0;0;1;1;1;1;3;-18,97197883;-48,21415544;"SPRF-MG";"DEL15-MG";"UOP01-DEL15-MG"
488977;2022-11-27;"domingo";"02:45:00";"RS";392;657;"CERRO LARGO";"Ingestão de álcool pelo condutor";"Colisão frontal";"Com Vítimas Feridas";"Plena Noite";"Crescente";"Céu Claro";"Simples";"Curva";"Não";3;0;1;1;1;0;2;2;-28,1211;-54,7177;"SPRF-RS";"DEL10-RS";"UOP01-DEL10-RS"
488979;2022-11-27;"domingo";"02:30:00";"SC";101;205,2;"SAO JOSE";"Ingestão de álcool pelo condutor";"Saída de leito carroçável";"Sem Vítimas";"Plena Noite";"Decrescente";"Chuva";"Múltipla";"Reta";"Sim";1;0;0;0;0;1;0;1;-27,58313237;-48,61532885;"SPRF-SC";"DEL01-SC";"UOP01-DEL01-SC"
488980;2022-10-27;"quinta-feira";"07:20:00";"BA";324;620;"SALVADOR";"Manobra de mudança de faixa";"Colisão lateral mesmo sentido";"Com Vítimas Feridas";"Pleno dia";"Decrescente";"Ignorado";"Dupla";"Reta";"Não";1;0;1;0;0;0;1;1;-12,92521222;-38,46823096;"SPRF-BA";"DEL01-BA";"UOP01-DEL01-BA"
488981;2022-11-27;"domingo";"02:42:00";"GO";60;20;"ALEXANIA";"Ingestão de álcool pelo condutor";"Colisão com objeto";"Com Vítimas Feridas";"Plena Noite";"Decrescente";"Ignorado";"Dupla";"Reta";"Sim";1;0;1;0;0;0;1;1;-16,0963;-48,5202;"SPRF-DF";"DEL03-DF";"UOP01-DEL03-DF"
488982;2022-11-27;"domingo";"03:30:00";"MG";262;50,3;"MANHUACU";"Chuva";"Saída de leito carroçável";"Sem Vítimas";"Plena Noite";"Crescente";"Chuva";"Simples";"Curva";"Sim";1;0;0;0;0;1;0;1;-20,2428055;-42,13652397;"SPRF-MG";"DEL06-MG";"UOP03-DEL06-MG"
488983;2022-11-27;"domingo";"02:40:00";"RJ";116;176;"SAO JOAO DE MERITI";"Ausência de reação do condutor";"Colisão com objeto";"Com Vítimas Feridas";"Plena Noite";"Decrescente";"Céu Claro";"Dupla";"Reta";"Sim";1;0;1;0;0;0;1;1;-22,7839538;-43,38195488;"SPRF-RJ";"DEL01-RJ";"UOP02-DEL01-RJ"
488984;2022-11-27;"domingo";"02:50:00";"GO";60;395,7;"RIO VERDE";"Condutor Dormindo";"Saída de leito carroçável";"Com Vítimas Feridas";"Plena Noite";"Decrescente";"Céu Claro";"Dupla";"Curva";"Não";1;0;1;0;0;0;1;1;-17,8224;-51,0075;"SPRF-GO";"DEL04-GO";"UOP02-DEL04-GO"
488985;2022-11-27;"domingo";"03:40:00";"PR";277;717;"SANTA TEREZINHA DE ITAIPU";"Ingestão de álcool pelo condutor";"Saída de leito carroçável";"Sem Vítimas";"Plena Noite";"Decrescente";"Céu Claro";"Dupla";"Reta";"Não";1;0;0;0;1;0;0;1;-25,47637493;-54,47651902;"SPRF-PR";"DEL05-PR";"UOP01-DEL05-PR"
488986;2022-11-27;"domingo";"01:00:00";"MG";262;33,7;"MANHUACU";"Ingestão de álcool pelo condutor";"Colisão traseira";"Sem Vítimas";"Plena Noite";"Crescente";"Chuva";"Simples";"Curva";"Não";2;0;0;0;2;0;0;2;-20,25550548;-42,00465315;"SPRF-MG";"DEL06-MG";"UOP03-DEL06-MG"
488987;2022-11-27;"domingo";"04:36:00";"ES";447;13;"VILA VELHA";"Ausência de reação do condutor";"Saída de leito carroçável";"Com Vítimas Feridas";"Plena Noite";"Crescente";"Céu Claro";"Simples";"Reta";"Sim";1;0;0;1;0;0;1;1;-20,35784325;-40,3328294;"SPRF-ES";"DEL01-ES";"UOP01-DEL01-ES"
488988;2022-11-27;"domingo";"04:52:00";"GO";60;0,3;"SANTO ANTONIO DO DESCOBERTO";"Ausência de reação do condutor";"Saída de leito carroçável";"Sem Vítimas";"Amanhecer";"Crescente";"Nevoeiro/Neblina";"Dupla";"Reta;Declive";"Sim";1;0;0;0;1;0;0;1;-16,05373203;-48,26019287;"SPRF-DF";"DEL03-DF";"UOP01-DEL03-DF"
488989;2022-11-27;"domingo";"04:15:00";"ES";101;302;"VIANA";"Condutor Dormindo";"Colisão com objeto";"Com Vítimas Feridas";"Amanhecer";"Decrescente";"Nublado";"Dupla";"Curva";"Sim";1;0;1;0;0;0;1;1;-20,36958283;-40,44384551;"SPRF-ES";"DEL01-ES";"UOP01-DEL01-ES"
488990;2022-11-27;"domingo";"04:30:00";"PE";232;110;"BEZERROS";"Demais falhas na via";"Saída de leito carroçável";"Com Vítimas Fatais";"Amanhecer";"Crescente";"Garoa/Chuvisco";"Dupla";"Curva";"Não";5;1;1;3;0;0;4;1;-8,28634529;-35,81755579;"SPRF-PE";"DEL02-PE";"UOP02-DEL02PE"
488992;2022-11-27;"domingo";"03:40:00";"SC";163;97;"SAO JOSE DO CEDRO";"Ingestão de álcool pelo condutor";"Colisão com objeto";"Com Vítimas Feridas";"Plena Noite";"Crescente";"Céu Claro";"Simples";"Reta;Em Obras";"Não";1;0;0;1;0;0;1;1;-26,508697;-53,51299091;"SPRF-SC";"DEL07-SC";"UOP03-DEL07-SC"
488993;2022-11-26;"sábado";"23:30:00";"MG";153;239,8;"FRONTEIRA";"Demais falhas mecânicas ou elétricas";"Incêndio";"Sem Vítimas";"Plena Noite";"Crescente";"Céu Claro";"Simples";"Reta";"Não";1;0;0;0;0;1;0;1;-20,29847332;-49,20614844;"SPRF-MG";"DEL13-MG";"UOP02-DEL13-MG"
488994;2022-11-27;"domingo";"04:00:00";"BA";330;802,6;"JEQUIE";"Velocidade Incompatível";"Saída de leito carroçável";"Com Vítimas Feridas";"Plena Noite";"Crescente";"Chuva";"Simples";"Curva";"Não";1;0;0;1;0;0;1;1;-13,9589576;-39,9668249;"SPRF-BA";"DEL03-BA";"UOP01-DEL03-BA"
488995;2022-11-27;"domingo";"04:50:00";"RN";304;24,6;"MOSSORO";"Ingestão de álcool pelo condutor";"Colisão com objeto";"Sem Vítimas";"Amanhecer";"Decrescente";"Céu Claro";"Simples";"Reta";"Não";1;0;0;0;1;0;0;1;-5,06488233;-37,33287055;"SPRF-RN";"DEL04-RN";"UOP02-DEL04-RN"
488996;2022-11-27;"domingo";"03:50:00";"RN";304;24;"MOSSORO";"Velocidade Incompatível";"Saída de leito carroçável";"Com Vítimas Fatais";"Plena Noite";"Crescente";"Céu Claro";"Simples";"Rotatória";"Não";1;1;0;0;0;0;0;1;-5,06679221;-37,33088851;"SPRF-RN";"DEL04-RN";"UOP02-DEL04-RN"
488997;2022-11-27;"domingo";"03:40:00";"MG";262;449,6;"NOVA SERRANA";"Reação tardia ou ineficiente do condutor";"Saída de leito carroçável";"Com Vítimas Feridas";"Plena Noite";"Crescente";"Céu Claro";"Simples";"Curva";"Não";1;0;1;0;0;0;1;1;-19,85230026;-45,02471924;"SPRF-MG";"DEL08-MG";"UOP03-DEL08-MG"
488998;2022-11-26;"sábado";"17:30:00";"MG";40;516;"RIBEIRAO DAS NEVES";"Avarias e/ou desgaste excessivo no pneu";"Saída de leito carroçável";"Sem Vítimas";"Pleno dia";"Decrescente";"Chuva";"Dupla";"Curva;Declive";"Sim";1;0;0;0;0;1;0;1;-19,81628624;-44,08960124;"SPRF-MG";"DEL01-MG";"UOP02-DEL01-MG"
488999;2022-11-27;"domingo";"05:32:00";"RS";470;219;"BENTO GONCALVES";"Ingestão de álcool pelo condutor";"Saída de leito carroçável";"Com Vítimas Feridas";"Pleno dia";"Crescente";"Céu Claro";"Simples";"Curva";"Não";1;0;1;0;0;0;1;1;-29,17909489;-51,51855675;"SPRF-RS";"DEL06-RS";"UOP01-DEL06-RS"
489000;2022-11-27;"domingo";"05:00:00";"RS";470;220;"BENTO GONCALVES";"Reação tardia ou ineficiente do condutor";"Saída de leito carroçável";"Com Vítimas Feridas";"Pleno dia";"Crescente";"Céu Claro";"Simples";"Curva";"Não";1;0;1;0;0;0;1;1;-29,18720774;-51,52042866;"SPRF-RS";"DEL06-RS";"UOP01-DEL06-RS"
489001;2022-03-19;"sábado";"19:15:00";"PI";343;347,2;"TERESINA";"Ausência de reação do condutor";"Colisão traseira";"Com Vítimas Feridas";"Plena Noite";"Crescente";"Céu Claro";"Dupla";"Reta";"Sim";3;0;1;1;1;0;2;2;-5,110751;-42,770531;"SPRF-PI";"DEL01-PI";"UOP01-DEL01-PI"
489002;2022-11-23;"quarta-feira";"06:00:00";"MG";153;1;"ARAPORA";"Velocidade Incompatível";"Colisão com objeto";"Sem Vítimas";"Pleno dia";"Crescente";"Sol";"Múltipla";"Curva";"Sim";1;0;0;0;0;1;0;1;-18,42608911;-49,19359032;"SPRF-MG";"DEL15-MG";"UOP03-DEL15-MG"
489003;2022-11-27;"domingo";"05:10:00";"SP";116;66;"APARECIDA";"Ausência de reação do condutor";"Colisão com objeto";"Com Vítimas Fatais";"Amanhecer";"Crescente";"Nublado";"Dupla";"Reta";"Sim";1;1;0;0;0;0;0;1;-22,82270215;-45,20193286;"SPRF-SP";"DEL08-SP";"UOP01-DEL08-SP"
489005;2022-11-27;"domingo";"05:30:00";"SP";101;43;"UBATUBA";"Reação tardia ou ineficiente do condutor";"Colisão com objeto";"Sem Vítimas";"Pleno dia";"Decrescente";"Céu Claro";"Simples";"Reta";"Sim";1;0;0;0;1;0;0;1;-23,41217537;-45,05739148;"SPRF-SP";"DEL06-SP";"UOP01-DEL06-SP"
489006;2022-11-22;"terça-feira";"10:45:00";"RS";392;176;"PIRATINI";"Ausência de reação do condutor";"Saída de leito carroçável";"Com Vítimas Feridas";"Pleno dia";"Crescente";"Céu Claro";"Simples";"Curva";"Não";1;0;1;0;0;0;1;1;-31,02312267;-53,04445361;"SPRF-RS";"DEL07-RS";"UOP01-DEL07-RS"
489007;2022-11-16;"quarta-feira";"05:10:00";"RS";116;264,9;"CANOAS";"Ingestão de álcool pelo condutor";"Colisão traseira";"Sem Vítimas";"Pleno dia";"Crescente";"Céu Claro";"Simples";"Reta";"Sim";2;0;0;0;2;0;0;2;-29,91587581;-51,17764235;"SPRF-RS";"DEL01-RS";"UOP01-DEL01-RS"
489008;2022-11-27;"domingo";"05:45:00";"GO";60;82,7;"ANAPOLIS";"Ingestão de álcool pelo condutor";"Capotamento";"Sem Vítimas";"Amanhecer";"Decrescente";"Céu Claro";"Múltipla";"Retorno Regulamentado";"Não";1;0;0;0;1;0;0;1;-16,3147234;-48,8428545;"SPRF-GO";"DEL02-GO";"UOP01-DEL02-GO"
489009;2022-11-27;"domingo";"05:50:00";"GO";50;280;"CATALAO";"Ingestão de álcool pelo condutor";"Saída de leito carroçável";"Sem Vítimas";"Pleno dia";"Decrescente";"Céu Claro";"Dupla";"Reta";"Sim";1;0;0;0;1;0;0;1;-18,1784;-47,9362;"SPRF-GO";"DEL06-GO";"UOP01-DEL06-GO"
489010;2022-11-27;"domingo";"05:30:00";"GO";50;279,6;"CATALAO";"Ausência de reação do condutor";"Colisão com objeto";"Sem Vítimas";"Amanhecer";"Decrescente";"Céu Claro";"Simples";"Reta";"Sim";1;0;0;0;0;1;0;1;-18,1696;-47,92;"SPRF-GO";"DEL06-GO";"UOP01-DEL06-GO"
489011;2022-11-27;"domingo";"03:30:00";"MG";262;787,3;"UBERABA";"Ingestão de álcool pelo condutor";"Saída de leito carroçável";"Com Vítimas Feridas";"Amanhecer";"Decrescente";"Céu Claro";"Simples";"Reta";"Não";1;0;0;1;0;0;1;1;-19,7519169;-47,7718377;"SPRF-MG";"DEL13-MG";"UOP01-DEL13-MG"
489012;2022-11-27;"domingo";"00:45:00";"PR";116;164;"QUITANDINHA";"Chuva";"Saída de leito carroçável";"Sem Vítimas";"Plena Noite";"Crescente";"Chuva";"Simples";"Reta";"Não";1;0;0;0;1;0;0;1;-25,86445029;-49,42745303;"SPRF-PR";"DEL01-PR";"UOP03-DEL01-PR"
489013;2022-11-27;"domingo";"06:12:00";"RN";406;143;"CEARA-MIRIM";"Ingestão de álcool e/ou substâncias psicoativas pelo pedestre";"Saída de leito carroçável";"Com Vítimas Feridas";"Pleno dia";"Crescente";"Céu Claro";"Simples";"Reta";"Não";2;0;2;0;0;0;2;1;-5,64816875;-35,49487003;"SPRF-RN";"DEL02-RN";"UOP01-DEL02-RN"
489014;2022-11-27;"domingo";"05:35:00";"SC";470;49;"BLUMENAU";"Reação tardia ou ineficiente do condutor";"Saída de leito carroçável";"Sem Vítimas";"Pleno dia";"Crescente";"Nublado";"Dupla";"Viaduto;Reta";"Sim";1;0;0;0;1;0;0;1;-26,86108599;-49,06701392;"SPRF-SC";"DEL04-SC";"UOP01-DEL04-SC"
489015;2022-11-27;"domingo";"06:00:00";"RJ";101;508;"ANGRA DOS REIS";"Acostamento em desnível";"Colisão com objeto";"Com Vítimas Feridas";"Pleno dia";"Decrescente";"Céu Claro";"Simples";"Reta";"Não";2;0;1;0;1;0;1;1;-22,9986651;-44,2640529;"SPRF-RJ";"DEL03-RJ";"UOP03-DEL03-RJ"
489016;2022-11-23;"quarta-feira";"07:50:00";"RS";290;92;"PORTO ALEGRE";"Condutor deixou de manter distância do veículo da frente";"Colisão traseira";"Com Vítimas Feridas";"Pleno dia";"Crescente";"Céu Claro";"Múltipla";"Reta";"Sim";3;0;0;1;2;0;1;3;-29,971916;-51,176838;"SPRF-RS";"DEL01-RS";"UOP01-DEL01-RS"
489018;2022-11-27;"domingo";"05:05:00";"SC";470;65;"INDAIAL";"Ingestão de álcool pelo condutor";"Saída de leito carroçável";"Com Vítimas Feridas";"Amanhecer";"Crescente";"Garoa/Chuvisco";"Dupla";"Reta";"Não";1;0;0;1;0;0;1;1;-26,870411;-49,211864;"SPRF-SC";"DEL04-SC";"UOP01-DEL04-SC"
489019;2022-11-27;"domingo";"05:00:00";"SC";101;128;"BALNEARIO CAMBORIU";"Velocidade Incompatível";"Saída de leito carroçável";"Sem Vítimas";"Amanhecer";"Decrescente";"Garoa/Chuvisco";"Dupla";"Curva";"Não";1;0;0;0;1;0;0;1;-26,97284292;-48,68299451;"SPRF-SC";"DEL04-SC";"UOP04-DEL04-SC"
489020;2022-11-27;"domingo";"04:00:00";"MT";163;1037;"MATUPA";"Ausência de reação do condutor";"Saída de leito carroçável";"Com Vítimas Feridas";"Amanhecer";"Crescente";"Céu Claro";"Simples";"Reta";"Não";2;0;1;0;0;1;1;2;-10,23229103;-54,97089744;"SPRF-MT";"DEL06-MT";"UOP03-DEL06-MT"
489021;2022-09-19;"segunda-feira";"23:00:00";"RJ";465;7;"SEROPEDICA";"Desrespeitar a preferência no cruzamento";"Colisão transversal";"Com Vítimas Feridas";"Plena Noite";"Crescente";"Céu Claro";"Simples";"Reta";"Sim";2;0;1;0;1;0;1;2;-22,76594667;-43,6808145;"SPRF-RJ";"DEL01-RJ";"UOP03-DEL01-RJ"
489022;2022-11-27;"domingo";"06:15:00";"SP";116;280,9;"EMBU DAS ARTES";"Ausência de reação do condutor";"Atropelamento de Pedestre";"Com Vítimas Fatais";"Amanhecer";"Crescente";"Céu Claro";"Dupla";"Curva";"Sim";2;1;0;0;0;1;0;2;-23,67784787;-46,85769227;"SPRF-SP";"DEL04-SP";"UOP01-DEL04-SP"
489024;2022-11-23;"quarta-feira";"10:15:00";"SC";282;4,5;"SAO JOSE";"Manobra de mudança de faixa";"Colisão lateral mesmo sentido";"Com Vítimas Feridas";"Pleno dia";"Crescente";"Nublado";"Dupla";"Reta";"Sim";2;0;0;1;1;0;1;2;-27,592646;-48,604034;"SPRF-SC";"DEL01-SC";"UOP01-DEL01-SC"
489026;2022-11-27;"domingo";"06:00:00";"RJ";493;95;"DUQUE DE CAXIAS";"Condutor Dormindo";"Saída de leito carroçável";"Com Vítimas Feridas";"Pleno dia";"Crescente";"Céu Claro";"Dupla";"Reta";"Não";1;0;1;0;0;0;1;1;-22,67179825;-43,29184055;"SPRF-RJ";"DEL03-RJ";"UOP01-DEL03-RJ"
489028;2022-11-27;"domingo";"04:30:00";"SC";101;129;"BALNEARIO CAMBORIU";"Reação tardia ou ineficiente do condutor";"Colisão com objeto";"Sem Vítimas";"Plena Noite";"Decrescente";"Garoa/Chuvisco";"Dupla";"Reta";"Sim";1;0;0;0;1;0;0;1;-26,98064277;-48,6790679;"SPRF-SC";"DEL04-SC";"UOP03-DEL04-SC"
489029;2022-11-27;"domingo";"07:15:00";"SC";282;5,5;"SAO JOSE";"Pista Escorregadia";"Colisão transversal";"Com Vítimas Feridas";"Pleno dia";"Crescente";"Chuva";"Múltipla";"Curva";"Sim";2;0;1;0;1;0;1;2;-27,588425;-48,612919;"SPRF-SC";"DEL01-SC";"UOP01-DEL01-SC"
489032;2022-11-27;"domingo";"05:40:00";"SC";101;154,9;"PORTO BELO";"Reação tardia ou ineficiente do condutor";"Saída de leito carroçável";"Sem Vítimas";"Amanhecer";"Crescente";"Garoa/Chuvisco";"Simples";"Viaduto";"Sim";1;0;0;0;1;0;0;1;-27,16235593;-48,60955596;"SPRF-SC";"DEL04-SC";"UOP03-DEL04-SC"
489034;2022-11-22;"terça-feira";"15:30:00";"BA";135;169;"BARREIRAS";"Velocidade Incompatível";"Queda de ocupante de veículo";"Com Vítimas Feridas";"Pleno dia";"Decrescente";"Céu Claro";"Simples";"Reta";"Não";1;0;1;0;0;0;1;1;-12,07774788;-44,9675855;"SPRF-BA";"DEL08-BA";"UOP04-DEL08-BA"
489037;2022-11-27;"domingo";"02:00:00";"MS";158;107,9;"PARANAIBA";"Ingestão de álcool pelo condutor";"Saída de leito carroçável";"Sem Vítimas";"Amanhecer";"Decrescente";"Céu Claro";"Simples";"Reta";"Não";2;0;0;0;2;0;0;1;-19,76152096;-51,12322487;"SPRF-MS";"DEL08-MS";"UOP01-DEL08-MS"
489038;2022-11-27;"domingo";"05:00:00";"SC";101;211;"PALHOCA";"Acumulo de água sobre o pavimento";"Capotamento";"Sem Vítimas";"Amanhecer";"Crescente";"Chuva";"Dupla";"Reta";"Sim";2;0;0;0;1;1;0;2;-27,62329313;-48,65245588;"SPRF-SC";"DEL01-SC";"UOP02-DEL01-SC"
489039;2022-11-23;"quarta-feira";"17:30:00";"PE";407;127,5;"PETROLINA";"Ultrapassagem Indevida";"Colisão transversal";"Com Vítimas Feridas";"Pleno dia";"Decrescente";"Céu Claro";"Simples";"Reta";"Sim";2;0;1;0;1;0;1;2;-9,3908678;-40,52038627;"SPRF-PE";"DEL06-PE";"UOP01-DEL06-PE"
489040;2022-11-24;"quinta-feira";"02:30:00";"MG";381;478,7;"CONTAGEM";"Ausência de reação do condutor";"Tombamento";"Com Vítimas Feridas";"Plena Noite";"Decrescente";"Nublado";"Simples";"Reta";"Sim";1;0;1;0;0;0;1;1;-19,95826094;-44,05921101;"SPRF-MG";"DEL01-MG";"UOP03-DEL01-MG"
489042;2022-11-23;"quarta-feira";"12:40:00";"SC";470;40;"GASPAR";"Frear bruscamente";"Colisão traseira";"Com Vítimas Feridas";"Pleno dia";"Decrescente";"Céu Claro";"Simples";"Reta";"Não";2;0;1;0;1;0;1;2;-26,889574;-48,99094;"SPRF-SC";"DEL04-SC";"UOP01-DEL04-SC"
489043;2022-11-27;"domingo";"06:35:00";"RS";386;77;"BOA VISTA DAS MISSOES";"Ingestão de álcool pelo condutor";"Saída de leito carroçável";"Sem Vítimas";"Pleno dia";"Crescente";"Céu Claro";"Simples";"Reta";"Não";4;0;0;0;4;0;0;1;-27,70265;-53,29773;"SPRF-RS";"DEL08-RS";"UOP02-DEL08-RS"
489044;2022-11-23;"quarta-feira";"21:30:00";"RS";386;136,9;"SARANDI";"Reação tardia ou ineficiente do condutor";"Saída de leito carroçável";"Com Vítimas Feridas";"Plena Noite";"Decrescente";"Céu Claro";"Simples";"Reta";"Não";1;0;1;0;0;0;1;1;-27,968201;-52,90752;"SPRF-RS";"DEL08-RS";"UOP01-DEL08-RS"
489045;2022-11-23;"quarta-feira";"13:23:00";"SP";116;197;"ARUJA";"Chuva";"Saída de leito carroçável";"Com Vítimas Feridas";"Pleno dia";"Decrescente";"Chuva";"Dupla";"Reta;Declive";"Não";2;0;2;0;0;0;2;1;-23,399094;-46,299895;"SPRF-SP";"DEL01-SP";"NPF/DEL01-SP"
489046;2022-11-27;"domingo";"07:00:00";"RJ";101;87;"CAMPOS DOS GOYTACAZES";"Velocidade Incompatível";"Capotamento";"Com Vítimas Feridas";"Plena Noite";"Decrescente";"Garoa/Chuvisco";"Dupla";"Curva";"Não";1;0;1;0;0;0;1;1;-21,82626899;-41,49641201;"SPRF-RJ";"DEL08-RJ";"UOP02-DEL08-RJ"
489047;2022-11-27;"domingo";"06:40:00";"PR";277;42,6;"MORRETES";"Reação tardia ou ineficiente do condutor";"Colisão com objeto";"Sem Vítimas";"Plena Noite";"Crescente";"Chuva";"Dupla";"Curva;Aclive";"Não";1;0;0;0;1;0;0;1;-25,591311;-48,878364;"SPRF-PR";"DEL01-PR";"UOP01-DEL01-PR"
489048;2022-11-27;"domingo";"05:30:00";"PE";407;110;"PETROLINA";"Chuva";"Saída de leito carroçável";"Com Vítimas Feridas";"Amanhecer";"Crescente";"Chuva";"Simples";"Reta";"Não";1;0;1;0;0;0;1;1;-9,26444;-40,60269;"SPRF-PE";"DEL06-PE";"UOP01-DEL06-PE"
489050;2022-11-27;"domingo";"06:35:00";"PR";373;273;"PRUDENTOPOLIS";"Ingestão de álcool pelo condutor";"Saída de leito carroçável";"Com Vítimas Feridas";"Amanhecer";"Crescente";"Céu Claro";"Simples";"Curva";"Não";1;0;1;0;0;0;1;1;-25,24741013;-51,05082693;"SPRF-PR";"DEL08-PR";"UOP01-DEL08-PR"
489051;2022-11-23;"quarta-feira";"20:20:00";"MT";70;518;"VARZEA GRANDE";"Avarias e/ou desgaste excessivo no pneu";"Eventos atípicos";"Com Vítimas Feridas";"Plena Noite";"Crescente";"Céu Claro";"Simples";"Reta";"Não";2;0;1;0;0;1;1;1;-15,66330877;-56,18488669;"SPRF-MT";"DEL01-MT";"UOP02-DEL01-MT"
489053;2022-11-27;"domingo";"06:50:00";"PR";280;313;"BARRACAO";"Condutor Dormindo";"Saída de leito carroçável";"Com Vítimas Feridas";"Pleno dia";"Crescente";"Céu Claro";"Simples";"Curva";"Não";3;0;1;2;0;0;3;1;-26,28999984;-53,47270497;"SPRF-PR";"DEL02-PR";"UOP01-DEL02-PR"
489054;2022-11-23;"quarta-feira";"14:00:00";"SC";470;65;"BLUMENAU";"Condutor deixou de manter distância do veículo da frente";"Colisão traseira";"Com Vítimas Feridas";"Pleno dia";"Crescente";"Céu Claro";"Simples";"Reta";"Sim";3;0;1;0;2;0;1;2;-26,870411;-49,211864;"SPRF-SC";"DEL04-SC";"UOP01-DEL04-SC"
489055;2022-11-23;"quarta-feira";"08:20:00";"PE";232;83;"GRAVATA";"Retorno proibido";"Colisão transversal";"Com Vítimas Feridas";"Pleno dia";"Decrescente";"Céu Claro";"Dupla";"Reta;Declive";"Não";3;0;2;0;1;0;2;2;-8,2024868;-35,59542005;"SPRF-PE";"DEL02-PE";"UOP02-DEL02PE"
489057;2022-11-27;"domingo";"07:50:00";"RS";287;249,9;"SANTA MARIA";"Ingestão de álcool pelo condutor";"Colisão com objeto";"Sem Vítimas";"Pleno dia";"Crescente";"Céu Claro";"Dupla";"Reta";"Sim";3;0;0;0;3;0;0;1;-29,69128415;-53,86919081;"SPRF-RS";"DEL09-RS";"UOP01-DEL09-RS"
489058;2022-11-24;"quinta-feira";"07:15:00";"SC";280;189,1;"MAFRA";"Velocidade Incompatível";"Tombamento";"Com Vítimas Feridas";"Amanhecer";"Decrescente";"Céu Claro";"Simples";"Reta";"Não";1;0;1;0;0;0;1;1;-26,17500493;-49,96856689;"SPRF-SC";"DEL06-SC";"UOP01-DEL06-SC"
489061;2022-11-23;"quarta-feira";"22:30:00";"PR";376;4;"APUCARANA";"Ausência de reação do condutor";"Colisão traseira";"Sem Vítimas";"Plena Noite";"Decrescente";"Céu Claro";"Simples";"Reta";"Sim";2;0;0;0;1;1;0;2;-23,55373949;-51,4461422;"SPRF-PR";"DEL07-PR";"UOP03-DEL07-PR"
489062;2022-11-23;"quarta-feira";"16:40:00";"MG";251;519,5;"MONTES CLAROS";"Pista Escorregadia";"Tombamento";"Com Vítimas Fatais";"Pleno dia";"Decrescente";"Chuva";"Simples";"Declive;Reta";"Não";3;1;0;1;1;0;1;2;-16,66359617;-43,77730598;"SPRF-MG";"DEL12-MG";"UOP01-DEL12-MG"
489063;2022-11-27;"domingo";"04:40:00";"PR";467;93,7;"CASCAVEL";"Ingestão de álcool pelo condutor";"Saída de leito carroçável";"Com Vítimas Feridas";"Amanhecer";"Crescente";"Céu Claro";"Dupla";"Curva";"Não";2;0;2;0;0;0;2;1;-24,8599;-53,5868;"SPRF-PR";"DEL04-PR";"UOP01-DEL04-PR"
489065;2022-11-23;"quarta-feira";"16:00:00";"MG";116;523;"CARATINGA";"Acessar a via sem observar a presença dos outros veículos";"Colisão transversal";"Com Vítimas Feridas";"Pleno dia";"Crescente";"Céu Claro";"Simples";"Reta";"Não";2;0;1;0;1;0;1;2;-19,75187896;-42,1326603;"SPRF-MG";"DEL06-MG";"UOP02-DEL06-MG"
489067;2022-11-23;"quarta-feira";"16:20:00";"PR";369;362,4;"CAMPO MOURAO";"Ultrapassagem Indevida";"Colisão lateral sentido oposto";"Com Vítimas Feridas";"Pleno dia";"Decrescente";"Céu Claro";"Simples";"Reta";"Não";4;0;1;0;3;0;1;2;-24,0874;-52,4179;"SPRF-PR";"DEL09-PR";"UOP03-DEL09-PR"