"id";"data_inversa";"dia_semana";"horario";"uf";"br";"km";"municipio";"causa_acidente";"tipo_acidente";"classificacao_acidente";"fase_dia";"sentido_via";"condicao_metereologica";"tipo_pista";"tracado_via";"uso_solo";"pessoas";"mortos";"feridos_leves";"feridos_graves";"ilesos";"ignorados";"feridos";"veiculos";"latitude";"longitude";"regional";"delegacia";"uop"
489068;2022-11-27;"domingo";"08:50:00";"SC";101;93,4;"BARRA VELHA";"Reação tardia ou ineficiente do condutor";"Colisão lateral mesmo sentido";"Com Vítimas Feridas";"Pleno dia";"Decrescente";"Chuva";"Dupla";"Reta";"Não";4;0;1;0;2;1;1;3;-26,6899011;-48,69663873;"SPRF-SC";"DEL03-SC";"UOP02-DEL03-SC"
489071;2022-11-23;"quarta-feira";"08:30:00";"SP";116;217;"GUARULHOS";"Condutor deixou de manter distância do veículo da frente";"Colisão traseira";"Com Vítimas Feridas";"Pleno dia";"Crescente";"Céu Claro";"Múltipla";"Reta";"Sim";2;0;1;0;1;0;1;2;-23,45423824;-46,47119028;"SPRF-SP";"DEL01-SP";"UOP01-DEL01-SP"
489072;2022-11-27;"domingo";"04:50:00";"RN";406;128,8;"TAIPU";"Velocidade Incompatível";"Capotamento";"Com Vítimas Feridas";"Amanhecer";"Crescente";"Céu Claro";"Simples";"Curva";"Não";2;0;0;1;1;0;1;1;-5,62153801;-35,6093502;"SPRF-RN";"DEL02-RN";"UOP01-DEL02-RN"
489073;2022-11-23;"quarta-feira";"18:35:00";"MG";116;528,1;"CARATINGA";"Pedestre cruzava a pista fora da faixa";"Atropelamento de Pedestre";"Com Vítimas Feridas";"Anoitecer";"Crescente";"Céu Claro";"Dupla";"Aclive";"Sim";3;0;2;0;1;0;2;2;-19,78510701;-42,13445297;"SPRF-MG";"DEL06-MG";"UOP02-DEL06-MG"
489074;2022-11-22;"terça-feira";"11:30:00";"DF";60;28;"BRASILIA";"Acumulo de água sobre o pavimento";"Saída de leito carroçável";"Com Vítimas Feridas";"Pleno dia";"Decrescente";"Chuva";"Dupla";"Curva";"Não";2;0;2;0;0;0;2;1;-16,020638;-48,250832;"SPRF-DF";"DEL03-DF";"UOP01-DEL03-DF"
489076;2022-11-24;"quinta-feira";"03:45:00";"MG";116;531,5;"CARATINGA";"Pedestre andava na pista";"Atropelamento de Pedestre";"Com Vítimas Fatais";"Plena Noite";"Crescente";"Chuva";"Simples";"Reta";"Não";2;1;0;0;0;1;0;2;-19,81937899;-42,13692704;"SPRF-MG";"DEL06-MG";"UOP02-DEL06-MG"
489077;2022-11-24;"quinta-feira";"07:20:00";"MT";70;291;"PRIMAVERA DO LESTE";"Condutor deixou de manter distância do veículo da frente";"Colisão traseira";"Com Vítimas Feridas";"Pleno dia";"Decrescente";"Céu Claro";"Simples";"Reta";"Não";3;0;1;0;2;0;1;2;-15,580178;-54,425344;"SPRF-MT";"DEL05-MT";"UOP01-DEL05-MT"
489079;2022-11-23;"quarta-feira";"19:00:00";"SC";101;102,4;"BALNEARIO PICARRAS";"Animais na Pista";"Atropelamento de Animal";"Com Vítimas Feridas";"Anoitecer";"Decrescente";"Céu Claro";"Dupla";"Reta";"Não";1;0;1;0;0;0;1;1;-26,77383397;-48,68594062;"SPRF-SC";"DEL03-SC";"UOP02-DEL03-SC"
489081;2022-11-27;"domingo";"09:40:00";"SP";116;306;"SAO LOURENCO DA SERRA";"Ausência de sinalização";"Colisão com objeto";"Com Vítimas Feridas";"Pleno dia";"Crescente";"Céu Claro";"Dupla";"Reta";"Não";1;0;1;0;0;0;1;1;-23,8486091;-46,93801566;"SPRF-SP";"DEL04-SP";"UOP01-DEL04-SP"
489084;2022-11-27;"domingo";"06:50:00";"MT";364;332,7;"SANTO ANTONIO DO LEVERGER";"Condutor Dormindo";"Saída de leito carroçável";"Com Vítimas Feridas";"Pleno dia";"Decrescente";"Nublado";"Dupla";"Reta";"Não";2;0;2;0;0;0;2;1;-15,82506773;-55,42827212;"SPRF-MT";"DEL05-MT";"UOP02-DEL05-MT"
489085;2022-11-26;"sábado";"15:20:00";"MT";163;949;"NOVA SANTA HELENA";"Ausência de sinalização";"Colisão traseira";"Com Vítimas Feridas";"Pleno dia";"Crescente";"Nublado";"Simples";"Reta";"Não";7;0;1;0;6;0;1;3;-10,90411046;-55,19805908;"SPRF-MT";"DEL06-MT";"NPF/DEL06-MT"
489086;2022-11-23;"quarta-feira";"23:25:00";"PR";376;619,9;"SAO JOSE DOS PINHAIS";"Reação tardia ou ineficiente do condutor";"Colisão lateral mesmo sentido";"Com Vítimas Feridas";"Plena Noite";"Decrescente";"Céu Claro";"Múltipla";"Interseção de Vias";"Sim";3;0;1;0;2;0;1;2;-25,60034699;-49,17355691;"SPRF-PR";"DEL01-PR";"UOP04-DEL01-PR"
489087;2022-06-17;"sexta-feira";"03:00:00";"SP";116;227;"GUARULHOS";"Condutor deixou de manter distância do veículo da frente";"Colisão traseira";"Com Vítimas Feridas";"Plena Noite";"Crescente";"Nublado";"Múltipla";"Reta";"Sim";2;0;0;1;1;0;1;2;-23,49659264;-46,55648754;"SPRF-SP";"DEL01-SP";"UOP01-DEL01-SP"
489088;2022-11-23;"quarta-feira";"15:15:00";"MS";163;477,5;"CAMPO GRANDE";"Ausência de reação do condutor";"Tombamento";"Com Vítimas Feridas";"Pleno dia";"Decrescente";"Céu Claro";"Simples";"Curva";"Não";1;0;0;1;0;0;1;1;-20,50427591;-54,55557367;"SPRF-MS";"DEL01-MS";"UOP01-DEL01-MS"
489089;2022-11-23;"quarta-feira";"18:15:00";"PR";376;3;"MANDAGUARI";"Condutor deixou de manter distância do veículo da frente";"Tombamento";"Com Vítimas Feridas";"Anoitecer";"Decrescente";"Céu Claro";"Simples";"Reta";"Sim";1;0;0;1;0;0;1;1;-23,547966;-51,671265;"SPRF-PR";"DEL09-PR";"UOP01-DEL09-PR"
489090;2022-11-23;"quarta-feira";"15:40:00";"RJ";116;141;"DUQUE DE CAXIAS";"Demais falhas mecânicas ou elétricas";"Queda de ocupante de veículo";"Com Vítimas Feridas";"Pleno dia";"Crescente";"Nublado";"Dupla";"Reta";"Sim";2;0;0;1;1;0;1;1;-22,64724486;-43,22083001;"SPRF-RJ";"DEL01-RJ";"UOP01-DEL01-RJ"
489091;2022-11-23;"quarta-feira";"17:50:00";"GO";70;0,5;"AGUAS LINDAS DE GOIAS";"Pedestre cruzava a pista fora da faixa";"Atropelamento de Pedestre";"Com Vítimas Feridas";"Pleno dia";"Crescente";"Céu Claro";"Dupla";"Aclive";"Sim";2;0;1;0;1;0;1;2;-15,783543;-48,2326;"SPRF-DF";"DEL03-DF";"UOP02-DEL03-DF"
489092;2022-11-27;"domingo";"09:30:00";"SP";116;115,6;"TAUBATE";"Reação tardia ou ineficiente do condutor";"Colisão traseira";"Com Vítimas Feridas";"Pleno dia";"Decrescente";"Céu Claro";"Dupla";"Reta";"Sim";3;0;2;0;1;0;2;1;-23,0496047;-45,59973712;"SPRF-SP";"DEL02-SP";"UOP02-DEL02-SP"
489093;2022-11-27;"domingo";"09:00:00";"SP";116;114,8;"TAUBATE";"Reação tardia ou ineficiente do condutor";"Engavetamento";"Com Vítimas Feridas";"Pleno dia";"Decrescente";"Céu Claro";"Dupla";"Reta";"Não";3;0;1;0;2;0;1;3;-23,04654177;-45,59018006;"SPRF-SP";"DEL02-SP";"UOP02-DEL02-SP"
489094;2022-11-24;"quinta-feira";"07:00:00";"RJ";40;104;"DUQUE DE CAXIAS";"Conversão proibida";"Colisão transversal";"Com Vítimas Feridas";"Amanhecer";"Decrescente";"Chuva";"Dupla";"Reta";"Não";2;0;1;0;1;0;1;2;-22,62897902;-43,28579508;"SPRF-RJ";"DEL01-RJ";"UOP01-DEL01-RJ"
489095;2022-11-27;"domingo";"10:20:00";"RN";406;133,6;"TAIPU";"Conversão proibida";"Colisão transversal";"Com Vítimas Feridas";"Pleno dia";"Crescente";"Nublado";"Simples";"Reta";"Sim";5;0;3;1;1;0;4;2;-5,65028042;-35,58070421;"SPRF-RN";"DEL02-RN";"UOP01-DEL02-RN"
489096;2022-11-27;"domingo";"08:30:00";"GO";414;380,8;"CORUMBA DE GOIAS";"Velocidade Incompatível";"Saída de leito carroçável";"Com Vítimas Feridas";"Pleno dia";"Crescente";"Céu Claro";"Simples";"Curva";"Não";1;0;1;0;0;0;1;1;-15,834148;-48,779243;"SPRF-GO";"DEL02-GO";"UOP01-DEL02-GO"
489097;2022-11-15;"terça-feira";"20:30:00";"RS";293;5,7;"PELOTAS";"Demais falhas mecânicas ou elétricas";"Incêndio";"Sem Vítimas";"Plena Noite";"Crescente";"Céu Claro";"Dupla";"Viaduto";"Não";5;0;0;0;5;0;0;1;-31,72728361;-52,38253049;"SPRF-RS";"DEL07-RS";"UOP01-DEL07-RS"
489098;2022-11-21;"segunda-feira";"22:00:00";"PE";232;100,9;"BEZERROS";"Manobra de mudança de faixa";"Colisão transversal";"Com Vítimas Feridas";"Plena Noite";"Crescente";"Céu Claro";"Simples";"Reta";"Sim";2;0;0;1;1;0;1;2;-8,23791176;-35,74297705;"SPRF-PE";"DEL02-PE";"UOP02-DEL02PE"
489099;2022-11-27;"domingo";"09:48:00";"RN";304;287;"MACAIBA";"Velocidade Incompatível";"Colisão frontal";"Com Vítimas Feridas";"Pleno dia";"Decrescente";"Céu Claro";"Simples";"Em Obras";"Não";4;0;4;0;0;0;4;2;-5,872393;-35,433233;"SPRF-RN";"DEL01-RN";"UOP02-DEL01-RN"
489102;2022-11-27;"domingo";"11:20:00";"SC";101;135;"BALNEARIO CAMBORIU";"Condutor deixou de manter distância do veículo da frente";"Colisão traseira";"Com Vítimas Feridas";"Pleno dia";"Decrescente";"Chuva";"Dupla";"Reta";"Sim";5;0;3;0;2;0;3;2;-27,0050108;-48,62677494;"SPRF-SC";"DEL04-SC";"UOP03-DEL04-SC"
489103;2022-11-27;"domingo";"10:20:00";"SC";116;10,9;"MAFRA";"Ausência de reação do condutor";"Colisão lateral sentido oposto";"Com Vítimas Feridas";"Pleno dia";"Crescente";"Chuva";"Simples";"Reta";"Não";6;0;1;0;5;0;1;2;-26,16829411;-49,85476074;"SPRF-SC";"DEL06-SC";"UOP01-DEL06-SC"
489104;2022-11-27;"domingo";"10:00:00";"PR";116;115;"CURITIBA";"Reação tardia ou ineficiente do condutor";"Saída de leito carroçável";"Sem Vítimas";"Pleno dia";"Decrescente";"Chuva";"Múltipla";"Declive;Interseção de Vias;Curva;Viaduto";"Sim";1;0;0;0;0;1;0;1;-25,54291887;-49,30263139;"SPRF-PR";"DEL01-PR";"UOP07-DEL01-PR"
489105;2022-11-27;"domingo";"09:50:00";"MT";364;198;"RONDONOPOLIS";"Conversão proibida";"Colisão lateral mesmo sentido";"Sem Vítimas";"Pleno dia";"Crescente";"Sol";"Simples";"Reta";"Sim";4;0;0;0;4;0;0;2;-16,50621198;-54,62294799;"SPRF-MT";"DEL02-MT";"UOP01-DEL02-MT"
489106;2022-11-23;"quarta-feira";"18:00:00";"SC";470;119;"IBIRAMA";"Acessar a via sem observar a presença dos outros veículos";"Colisão transversal";"Com Vítimas Feridas";"Anoitecer";"Crescente";"Nublado";"Simples";"Curva";"Não";3;0;2;0;1;0;2;2;-27,092915;-49,52435;"SPRF-SC";"DEL04-SC";"UOP02-DEL04-SC"
489107;2022-11-27;"domingo";"11:30:00";"CE";222;21;"CAUCAIA";"Acessar a via sem observar a presença dos outros veículos";"Colisão lateral mesmo sentido";"Com Vítimas Feridas";"Pleno dia";"Crescente";"Céu Claro";"Simples";"Reta";"Não";2;0;2;0;0;0;2;1;-3,73715313;-38,74293507;"SPRF-CE";"DEL01-CE";"UOP01-DEL01-CE"
489108;2022-11-24;"quinta-feira";"07:15:00";"SC";470;134,6;"RIO DO SUL";"Acessar a via sem observar a presença dos outros veículos";"Colisão transversal";"Com Vítimas Feridas";"Pleno dia";"Decrescente";"Nublado";"Simples";"Rotatória";"Não";2;0;1;0;1;0;1;2;-27,181854;-49,600128;"SPRF-SC";"DEL04-SC";"UOP02-DEL04-SC"
489109;2022-11-13;"domingo";"10:40:00";"SC";101;62;"ARAQUARI";"Condutor deixou de manter distância do veículo da frente";"Colisão traseira";"Com Vítimas Feridas";"Pleno dia";"Crescente";"Céu Claro";"Dupla";"Viaduto";"Não";4;0;1;0;2;1;1;4;-26,45504246;-48,76711901;"SPRF-SC";"DEL03-SC";"UOP02-DEL03-SC"
489112;2022-11-24;"quinta-feira";"15:45:00";"SP";116;219;"GUARULHOS";"Reação tardia ou ineficiente do condutor";"Tombamento";"Com Vítimas Feridas";"Pleno dia";"Decrescente";"Nublado";"Múltipla";"Reta";"Sim";1;0;1;0;0;0;1;1;-23,46143954;-46,48885316;"SPRF-SP";"DEL01-SP";"UOP01-DEL01-SP"
489113;2022-11-27;"domingo";"10:40:00";"MG";116;510;"UBAPORANGA";"Frear bruscamente";"Colisão traseira";"Com Vítimas Feridas";"Pleno dia";"Decrescente";"Chuva";"Simples";"Reta";"Não";4;0;1;0;3;0;1;3;-19,64532085;-42,10796743;"SPRF-MG";"DEL06-MG";"UOP02-DEL06-MG"
489114;2022-11-27;"domingo";"01:35:00";"SC";116;101,4;"MONTE CASTELO";"Condutor Dormindo";"Saída de leito carroçável";"Com Vítimas Feridas";"Plena Noite";"Crescente";"Chuva";"Dupla";"Reta";"Não";1;0;1;0;0;0;1;1;-26,7175472;-50,30574291;"SPRF-SC";"DEL06-SC";"UOP02-DEL06-SC"
489115;2022-11-27;"domingo";"12:00:00";"ES";262;118,6;"CONCEICAO DO CASTELO";"Manobra de mudança de faixa";"Colisão com objeto";"Com Vítimas Feridas";"Pleno dia";"Decrescente";"Nublado";"Dupla";"Reta";"Não";2;0;1;0;0;1;1;2;-20,30864991;-41,24106713;"SPRF-ES";"DEL01-ES";"UOP02-DEL01-ES"
489119;2022-11-27;"domingo";"11:35:00";"RO";319;63;"PORTO VELHO";"Condutor desrespeitou a iluminação vermelha do semáforo";"Colisão transversal";"Com Vítimas Feridas";"Pleno dia";"Decrescente";"Nublado";"Dupla";"Interseção de Vias";"Sim";3;0;1;0;2;0;1;2;-8,75676701;-63,88661385;"SPRF-RO";"DEL01-RO";"UOP01-DEL01-RO"
489120;2022-11-27;"domingo";"10:50:00";"MA";135;39;"BACABEIRA";"Demais falhas mecânicas ou elétricas";"Queda de ocupante de veículo";"Com Vítimas Feridas";"Pleno dia";"Decrescente";"Céu Claro";"Dupla";"Reta";"Não";2;0;2;0;0;0;2;1;-2,88509899;-44,3749714;"SPRF-MA";"DEL01-MA";"UOP01-DEL01-MA"
489122;2022-11-27;"domingo";"12:20:00";"RN";110;48,5;"MOSSORO";"Acessar a via sem observar a presença dos outros veículos";"Colisão transversal";"Com Vítimas Feridas";"Pleno dia";"Decrescente";"Céu Claro";"Dupla";"Rotatória;Reta";"Sim";2;0;0;1;1;0;1;2;-5,20881178;-37,33285083;"SPRF-RN";"DEL04-RN";"UOP01-DEL04-RN"
489123;2022-11-27;"domingo";"13:15:00";"SC";101;198;"BIGUACU";"Acumulo de água sobre o pavimento";"Saída de leito carroçável";"Com Vítimas Feridas";"Pleno dia";"Decrescente";"Chuva";"Múltipla";"Reta";"Sim";2;0;2;0;0;0;2;1;-27,52658712;-48,63506019;"SPRF-SC";"DEL01-SC";"UOP01-DEL01-SC"
489125;2022-11-27;"domingo";"13:00:00";"SC";282;50;"AGUAS MORNAS";"Condutor deixou de manter distância do veículo da frente";"Colisão traseira";"Sem Vítimas";"Pleno dia";"Decrescente";"Chuva";"Simples";"Curva";"Não";2;0;0;0;2;0;0;2;-27,708536;-48,952251;"SPRF-SC";"DEL01-SC";"UOP03-DEL01-SC"
489126;2022-11-24;"quinta-feira";"07:50:00";"SE";101;52;"CARMOPOLIS";"Demais falhas mecânicas ou elétricas";"Tombamento";"Com Vítimas Feridas";"Pleno dia";"Decrescente";"Céu Claro";"Simples";"Declive;Reta";"Não";3;0;2;0;0;1;2;2;-10,61909194;-36,9820081;"SPRF-SE";"DEL02-SE";"UOP02-DEL02-SE"
489127;2022-11-22;"terça-feira";"11:15:00";"PI";343;3,2;"TERESINA";"Manobra de mudança de faixa";"Colisão lateral mesmo sentido";"Sem Vítimas";"Pleno dia";"Crescente";"Sol";"Dupla";"Reta";"Sim";2;0;0;0;2;0;0;2;-5,08082;-42,77845;"SPRF-PI";"DEL05-PI";"UOP01-DEL05-PI"
489128;2022-11-26;"sábado";"20:30:00";"RJ";354;1,6;"RESENDE";"Acumulo de água sobre o pavimento";"Saída de leito carroçável";"Com Vítimas Feridas";"Plena Noite";"Decrescente";"Chuva";"Simples";"Curva";"Não";2;0;1;0;1;0;1;1;-22,379766;-44,753677;"SPRF-RJ";"DEL07-RJ";"UOP02-DEL07-RJ"
489130;2022-11-27;"domingo";"13:40:00";"SC";101;139;"BALNEARIO CAMBORIU";"Chuva";"Colisão com objeto";"Com Vítimas Feridas";"Pleno dia";"Decrescente";"Chuva";"Múltipla";"Curva";"Sim";1;0;1;0;0;0;1;1;-27,02982303;-48,60115006;"SPRF-SC";"DEL04-SC";"UOP03-DEL04-SC"
489132;2022-11-27;"domingo";"03:00:00";"SC";116;149,2;"SANTA CECILIA";"Ausência de reação do condutor";"Saída de leito carroçável";"Sem Vítimas";"Plena Noite";"Crescente";"Chuva";"Simples";"Curva";"Não";1;0;0;0;1;0;0;1;-27,02405304;-50,42005513;"SPRF-SC";"DEL06-SC";"UOP02-DEL06-SC"
489134;2022-11-27;"domingo";"13:00:00";"SC";282;30;"SANTO AMARO DA IMPERATRIZ";"Velocidade Incompatível";"Colisão traseira";"Com Vítimas Feridas";"Pleno dia";"Decrescente";"Garoa/Chuvisco";"Simples";"Curva";"Não";4;0;1;0;3;0;1;3;-27,687376;-48,79071;"SPRF-SC";"DEL01-SC";"UOP03-DEL01-SC"
489135;2022-11-27;"domingo";"11:30:00";"MG";381;570,2;"ITAGUARA";"Reação tardia ou ineficiente do condutor";"Saída de leito carroçável";"Com Vítimas Feridas";"Pleno dia";"Crescente";"Céu Claro";"Dupla";"Curva";"Não";1;0;1;0;0;0;1;1;-20,43702178;-44,55965749;"SPRF-MG";"DEL04-MG";"UOP03-DEL04-MG"
489136;2022-11-27;"domingo";"13:30:00";"GO";153;325;"RIANAPOLIS";"Ultrapassagem Indevida";"Saída de leito carroçável";"Com Vítimas Feridas";"Pleno dia";"Crescente";"Sol";"Simples";"Aclive";"Não";1;0;0;1;0;0;1;1;-15,490137;-49,490105;"SPRF-GO";"DEL02-GO";"UOP02-DEL02-GO"
489137;2022-11-24;"quinta-feira";"00:00:00";"PE";104;44;"CARUARU";"Condutor deixou de manter distância do veículo da frente";"Colisão traseira";"Com Vítimas Feridas";"Plena Noite";"Crescente";"Nublado";"Dupla";"Reta";"Não";1;0;0;1;0;0;1;1;-8,1152;-36,0067;"SPRF-PE";"DEL02-PE";"UOP01-DEL02-PE"
489138;2022-11-27;"domingo";"14:00:00";"PR";476;142;"CURITIBA";"Avarias e/ou desgaste excessivo no pneu";"Saída de leito carroçável";"Com Vítimas Feridas";"Pleno dia";"Decrescente";"Chuva";"Dupla";"Aclive";"Sim";1;0;1;0;0;0;1;1;-25,537161;-49,301632;"SPRF-PR";"DEL01-PR";"UOP03-DEL01-PR"
489139;2022-11-23;"quarta-feira";"23:15:00";"SC";101;420;"ARARANGUA";"Avarias e/ou desgaste excessivo no pneu";"Capotamento";"Com Vítimas Feridas";"Plena Noite";"Decrescente";"Nublado";"Dupla";"Reta";"Sim";1;0;1;0;0;0;1;1;-28,99380392;-49,55081408;"SPRF-SC";"DEL02-SC";"UOP02-DEL02-SC"
489141;2022-11-27;"domingo";"13:40:00";"SC";101;139;"BALNEARIO CAMBORIU";"Avarias e/ou desgaste excessivo no pneu";"Colisão com objeto";"Sem Vítimas";"Pleno dia";"Crescente";"Chuva";"Múltipla";"Curva";"Não";1;0;0;0;1;0;0;1;-27,02982303;-48,60115006;"SPRF-SC";"DEL04-SC";"UOP03-DEL04-SC"
489142;2022-11-27;"domingo";"10:00:00";"MA";135;142;"MATOES DO NORTE";"Avarias e/ou desgaste excessivo no pneu";"Eventos atípicos";"Com Vítimas Feridas";"Pleno dia";"Decrescente";"Céu Claro";"Simples";"Reta";"Não";2;0;2;0;0;0;2;1;-3,68994413;-44,52351027;"SPRF-MA";"DEL01-MA";"UOP02-DEL01-MA"
489143;2022-10-02;"domingo";"15:30:00";"ES";101;251;"SERRA";"Acessar a via sem observar a presença dos outros veículos";"Colisão transversal";"Com Vítimas Feridas";"Pleno dia";"Crescente";"Céu Claro";"Simples";"Reta";"Não";3;0;2;0;1;0;2;2;-20,0879949;-40,34351677;"SPRF-ES";"DEL02-ES";"UOP01-DEL02-ES"
489144;2022-11-27;"domingo";"14:00:00";"RJ";101;304;"SAO GONCALO";"Acumulo de areia ou detritos sobre o pavimento";"Tombamento";"Sem Vítimas";"Pleno dia";"Crescente";"Céu Claro";"Simples";"Curva";"Sim";3;0;0;0;3;0;0;1;-22,78491869;-42,98627706;"SPRF-RJ";"DEL02-RJ";"UOP02-DEL02-RJ"
489145;2022-11-27;"domingo";"15:30:00";"SC";282;58;"RANCHO QUEIMADO";"Pista Escorregadia";"Colisão frontal";"Com Vítimas Feridas";"Pleno dia";"Crescente";"Chuva";"Simples";"Curva";"Não";3;0;2;0;1;0;2;2;-27,683594;-49,005539;"SPRF-SC";"DEL01-SC";"UOP03-DEL01-SC"
489146;2022-11-23;"quarta-feira";"21:52:00";"RJ";393;230,6;"VASSOURAS";"Demais falhas mecânicas ou elétricas";"Tombamento";"Com Vítimas Feridas";"Plena Noite";"Decrescente";"Nublado";"Simples";"Declive";"Não";1;0;1;0;0;0;1;1;-22,38167359;-43,63996094;"SPRF-RJ";"DEL05-RJ";"UOP03-DEL05-RJ"
489147;2022-11-23;"quarta-feira";"17:00:00";"MG";116;511;"UBAPORANGA";"Reação tardia ou ineficiente do condutor";"Colisão traseira";"Sem Vítimas";"Pleno dia";"Crescente";"Nublado";"Simples";"Interseção de Vias";"Sim";2;0;0;0;2;0;0;2;-19,65371791;-42,11137522;"SPRF-MG";"DEL06-MG";"UOP02-DEL06-MG"
489148;2022-11-27;"domingo";"11:30:00";"PR";373;436,2;"CHOPINZINHO";"Acumulo de óleo sobre o pavimento";"Tombamento";"Com Vítimas Feridas";"Pleno dia";"Crescente";"Sol";"Simples";"Curva";"Não";2;0;0;2;0;0;2;1;-25,7835481;-52,26884658;"SPRF-PR";"DEL02-PR";"UOP01-DEL02-PR"
489149;2022-11-27;"domingo";"15:00:00";"SP";381;84;"SAO PAULO";"Acesso irregular";"Colisão transversal";"Com Vítimas Feridas";"Pleno dia";"Decrescente";"Chuva";"Simples";"Interseção de Vias";"Sim";2;0;0;1;1;0;1;2;-23,43937;-46,56807;"SPRF-SP";"DEL03-SP";"UOP01-DEL03-SP"
489151;2022-11-27;"domingo";"15:30:00";"PR";469;15;"FOZ DO IGUACU";"Acessar a via sem observar a presença dos outros veículos";"Colisão transversal";"Com Vítimas Feridas";"Pleno dia";"Decrescente";"Céu Claro";"Simples";"Reta";"Sim";3;0;1;0;2;0;1;2;-25,5813;-54,5315;"SPRF-PR";"DEL05-PR";"UOP04-DEL05-PR"
489152;2022-11-27;"domingo";"15:20:00";"PE";408;97;"SAO LOURENCO DA MATA";"Ausência de reação do condutor";"Atropelamento de Pedestre";"Com Vítimas Feridas";"Pleno dia";"Decrescente";"Céu Claro";"Dupla";"Reta";"Não";2;0;0;1;1;0;1;2;-8,02843077;-35,03684556;"SPRF-PE";"DEL01-PE";"UOP01-DEL01-PE"
489155;2022-11-27;"domingo";"12:30:00";"BA";101;319;"PRESIDENTE TANCREDO NEVES";"Acessar a via sem observar a presença dos outros veículos";"Colisão transversal";"Com Vítimas Feridas";"Pleno dia";"Decrescente";"Ignorado";"Simples";"Reta";"Não";2;0;0;1;1;0;1;2;-13,50627322;-39,4452228;"SPRF-BA";"DEL05-BA";"UOP03-DEL05-BA"
489156;2022-11-27;"domingo";"16:00:00";"SC";282;48,5;"AGUAS MORNAS";"Velocidade Incompatível";"Colisão frontal";"Com Vítimas Feridas";"Pleno dia";"Crescente";"Chuva";"Simples";"Curva";"Não";5;0;1;2;2;0;3;2;-27,714352;-48,938072;"SPRF-SC";"DEL01-SC";"UOP03-DEL01-SC"
489159;2022-11-27;"domingo";"15:00:00";"MG";262;801;"UBERABA";"Ausência de reação do condutor";"Queda de ocupante de veículo";"Com Vítimas Feridas";"Pleno dia";"Decrescente";"Céu Claro";"Simples";"Interseção de Vias";"Sim";2;0;2;0;0;0;2;1;-19,77920263;-47,955319;"SPRF-MG";"DEL13-MG";"UOP01-DEL13-MG"
489160;2022-11-23;"quarta-feira";"13:30:00";"MG";40;632,4;"CONSELHEIRO LAFAIETE";"Condutor deixou de manter distância do veículo da frente";"Colisão traseira";"Com Vítimas Feridas";"Pleno dia";"Decrescente";"Chuva";"Simples";"Reta";"Sim";2;0;1;0;1;0;1;2;-20,67348593;-43,7968977;"SPRF-MG";"DEL05-MG";"UOP02-DEL05-MG"
489162;2022-11-27;"domingo";"17:10:00";"RS";116;234;"ESTANCIA VELHA";"Ausência de reação do condutor";"Colisão lateral mesmo sentido";"Com Vítimas Feridas";"Pleno dia";"Crescente";"Céu Claro";"Simples";"Reta";"Sim";3;0;1;0;2;0;1;2;-29,65051204;-51,14446878;"SPRF-RS";"DEL01-RS";"UOP02-DEL01-RS"
489163;2022-11-27;"domingo";"16:00:00";"SP";153;125,5;"UBARANA";"Avarias e/ou desgaste excessivo no pneu";"Tombamento";"Com Vítimas Feridas";"Pleno dia";"Crescente";"Sol";"Simples";"Reta";"Não";2;0;2;0;0;0;2;1;-21,21114902;-49,73553696;"SPRF-SP";"DEL09-SP";"UOP01-DEL09-SP"
489165;2022-11-23;"quarta-feira";"17:15:00";"SC";101;157,7;"TIJUCAS";"Reação tardia ou ineficiente do condutor";"Engavetamento";"Com Vítimas Feridas";"Pleno dia";"Crescente";"Céu Claro";"Dupla";"Reta";"Sim";4;0;1;0;3;0;1;4;-27,181625;-48,6121179;"SPRF-SC";"DEL04-SC";"UOP03-DEL04-SC"
489166;2022-11-27;"domingo";"16:28:00";"RS";116;243;"SAO LEOPOLDO";"Condutor deixou de manter distância do veículo da frente";"Colisão traseira";"Com Vítimas Feridas";"Pleno dia";"Crescente";"Céu Claro";"Múltipla";"Viaduto;Aclive";"Sim";3;0;1;0;2;0;1;2;-29,73196199;-51,14952004;"SPRF-RS";"DEL01-RS";"UOP02-DEL01-RS"
489168;2022-11-27;"domingo";"17:00:00";"SC";101;58;"ARAQUARI";"Acumulo de água sobre o pavimento";"Saída de leito carroçável";"Com Vítimas Feridas";"Pleno dia";"Crescente";"Chuva";"Dupla";"Curva";"Não";1;0;1;0;0;0;1;1;-26,43810672;-48,80384445;"SPRF-SC";"DEL03-SC";"UOP02-DEL03-SC"
489169;2022-11-27;"domingo";"16:55:00";"RN";304;300;"MACAIBA";"Demais falhas mecânicas ou elétricas";"Tombamento";"Com Vítimas Fatais";"Pleno dia";"Crescente";"Céu Claro";"Dupla";"Reta";"Não";2;1;1;0;0;0;1;1;-5,8737673;-35,3150361;"SPRF-RN";"DEL01-RN";"UOP02-DEL01-RN"
489170;2022-11-27;"domingo";"17:30:00";"RJ";40;105;"DUQUE DE CAXIAS";"Condutor deixou de manter distância do veículo da frente";"Colisão traseira";"Com Vítimas Feridas";"Pleno dia";"Crescente";"Céu Claro";"Múltipla";"Reta";"Sim";2;0;1;0;1;0;1;2;-22,63784806;-43,28428824;"SPRF-RJ";"DEL01-RJ";"UOP01-DEL01-RJ"