"id";"data_inversa";"dia_semana";"horario";"uf";"br";"km";"municipio";"causa_acidente";"tipo_acidente";"classificacao_acidente";"fase_dia";"sentido_via";"condicao_metereologica";"tipo_pista";"tracado_via";"uso_solo";"pessoas";"mortos";"feridos_leves";"feridos_graves";"ilesos";"ignorados";"feridos";"veiculos";"latitude";"longitude";"regional";"delegacia";"uop"
489398;2022-11-28;"segunda-feira";"12:58:00";"SP";116;279;"EMBU DAS ARTES";"Reação tardia ou ineficiente do condutor";"Colisão traseira";"Com Vítimas Feridas";"Pleno dia";"Decrescente";"Nublado";"Dupla";"Reta;Declive";"Sim";3;0;2;0;1;0;2;2;-23,66233697;-46,85292907;"SPRF-SP";"DEL04-SP";"UOP01-DEL04-SP"
489401;2022-11-28;"segunda-feira";"13:00:00";"PB";230;14,1;"CABEDELO";"Condutor deixou de manter distância do veículo da frente";"Colisão traseira";"Com Vítimas Feridas";"Pleno dia";"Crescente";"Sol";"Dupla";"Reta";"Sim";2;0;1;0;0;1;1;2;-7,092808;-34,848232;"SPRF-PB";"DEL01-PB";"UOP01-DEL01-PB"
489402;2022-11-28;"segunda-feira";"11:30:00";"PR";277;674,3;"MEDIANEIRA";"Demais falhas mecânicas ou elétricas";"Tombamento";"Com Vítimas Feridas";"Pleno dia";"Decrescente";"Sol";"Dupla";"Reta";"Sim";1;0;1;0;0;0;1;1;-25,296379;-54,117839;"SPRF-PR";"DEL05-PR";"UOP01-DEL05-PR"
489404;2022-11-24;"quinta-feira";"18:40:00";"SP";153;62,5;"SAO JOSE DO RIO PRETO";"Reação tardia ou ineficiente do condutor";"Colisão traseira";"Sem Vítimas";"Anoitecer";"Decrescente";"Céu Claro";"Dupla";"Declive";"Sim";5;0;0;0;4;1;0;2;-20,81524;-49,356952;"SPRF-SP";"DEL09-SP";"UOP01-DEL09-SP"
489406;2022-11-28;"segunda-feira";"12:58:00";"RJ";116;186;"NOVA IGUACU";"Manobra de mudança de faixa";"Colisão lateral mesmo sentido";"Com Vítimas Feridas";"Pleno dia";"Decrescente";"Céu Claro";"Múltipla";"Reta";"Sim";2;0;1;0;1;0;1;2;-22,73962339;-43,46276495;"SPRF-RJ";"DEL01-RJ";"UOP02-DEL01-RJ"
489407;2022-11-28;"segunda-feira";"13:00:00";"RJ";101;46,9;"CAMPOS DOS GOYTACAZES";"Reação tardia ou ineficiente do condutor";"Colisão com objeto";"Com Vítimas Feridas";"Pleno dia";"Decrescente";"Nublado";"Simples";"Reta";"Não";1;0;1;0;0;0;1;1;-21,59839998;-41,3168335;"SPRF-RJ";"DEL08-RJ";"UOP01-DEL08-RJ"
489409;2022-11-28;"segunda-feira";"11:50:00";"RS";285;294,3;"PASSO FUNDO";"Avarias e/ou desgaste excessivo no pneu";"Queda de ocupante de veículo";"Com Vítimas Feridas";"Pleno dia";"Decrescente";"Sol";"Simples";"Reta";"Sim";1;0;1;0;0;0;1;1;-28,234547;-52,384975;"SPRF-RS";"DEL08-RS";"UOP03-DEL08-RS"
489410;2022-11-28;"segunda-feira";"10:05:00";"PI";0;0;"IPIRANGA DO PIAUI";"Condutor deixou de manter distância do veículo da frente";"Colisão traseira";"Com Vítimas Feridas";"Pleno dia";"Não Informado";"Nublado";"Múltipla";"Reta";"Sim";2;0;1;0;1;0;1;2;-6,825347;-41,738347;"SPRF-PI";"DEL04-PI";"UOP02-DEL04-PI"
489412;2022-11-28;"segunda-feira";"08:40:00";"RS";285;567;"SAO LUIZ GONZAGA";"Acessar a via sem observar a presença dos outros veículos";"Colisão transversal";"Com Vítimas Feridas";"Pleno dia";"Decrescente";"Céu Claro";"Simples";"Reta";"Sim";4;0;1;0;3;0;1;2;-28,41472002;-54,97496367;"SPRF-RS";"DEL12-RS";"UOP01-DEL12-RS"
489413;2022-11-28;"segunda-feira";"00:10:00";"BA";420;269;"JIQUIRICA";"Manobra de mudança de faixa";"Colisão frontal";"Com Vítimas Feridas";"Plena Noite";"Decrescente";"Chuva";"Simples";"Reta";"Não";3;0;0;2;1;0;2;2;-13,25693484;-39,57780523;"SPRF-BA";"DEL01-BA";"UOP02-DEL01-BA"
489414;2022-11-28;"segunda-feira";"13:30:00";"MG";40;521,9;"CONTAGEM";"Velocidade Incompatível";"Colisão lateral mesmo sentido";"Com Vítimas Feridas";"Pleno dia";"Decrescente";"Céu Claro";"Dupla";"Reta";"Não";8;0;2;0;6;0;2;2;-19,85651501;-44,07213222;"SPRF-MG";"DEL01-MG";"UOP02-DEL01-MG"
489416;2022-11-28;"segunda-feira";"14:20:00";"SC";101;142,2;"BALNEARIO CAMBORIU";"Velocidade Incompatível";"Colisão com objeto";"Com Vítimas Feridas";"Pleno dia";"Crescente";"Garoa/Chuvisco";"Dupla";"Reta";"Sim";1;0;1;0;0;0;1;1;-27,056089;-48,599449;"SPRF-SC";"DEL04-SC";"UOP03-DEL04-SC"
489417;2022-11-24;"quinta-feira";"16:20:00";"RS";116;244;"SAO LEOPOLDO";"Trafegar com motocicleta (ou similar) entre as faixas";"Colisão lateral mesmo sentido";"Com Vítimas Feridas";"Pleno dia";"Crescente";"Céu Claro";"Dupla";"Reta";"Sim";2;0;1;0;0;1;1;2;-29,74088003;-51,15039566;"SPRF-RS";"DEL01-RS";"UOP02-DEL01-RS"
489419;2022-11-24;"quinta-feira";"20:30:00";"ES";101;320;"GUARAPARI";"Velocidade Incompatível";"Saída de leito carroçável";"Sem Vítimas";"Plena Noite";"Decrescente";"Chuva";"Dupla";"Reta";"Não";1;0;0;0;0;1;0;1;-20,51234104;-40,47639192;"SPRF-ES";"DEL03-ES";"UOP01-DEL03-ES"
489421;2022-11-28;"segunda-feira";"14:30:00";"MG";40;619,1;"CONGONHAS";"Transitar na contramão";"Colisão frontal";"Com Vítimas Fatais";"Pleno dia";"Crescente";"Céu Claro";"Simples";"Curva";"Sim";2;2;0;0;0;0;0;2;-20,57051498;-43,81191334;"SPRF-MG";"DEL05-MG";"UOP02-DEL05-MG"
489422;2022-11-21;"segunda-feira";"05:30:00";"MG";116;305,1;"ITAMBACURI";"Velocidade Incompatível";"Saída de leito carroçável";"Com Vítimas Feridas";"Pleno dia";"Crescente";"Nublado";"Simples";"Curva";"Não";1;0;0;1;0;0;1;1;-18,03188584;-41,65290534;"SPRF-MG";"DEL11-MG";"UOP01-DEL11-MG"
489423;2022-11-24;"quinta-feira";"17:30:00";"RS";116;244;"SAO LEOPOLDO";"Reação tardia ou ineficiente do condutor";"Colisão traseira";"Com Vítimas Feridas";"Pleno dia";"Decrescente";"Céu Claro";"Dupla";"Reta";"Sim";2;0;1;0;1;0;1;2;-29,74088003;-51,15039566;"SPRF-RS";"DEL01-RS";"UOP02-DEL01-RS"
489425;2022-11-28;"segunda-feira";"11:00:00";"MA";135;7,6;"SAO LUIS";"Reação tardia ou ineficiente do condutor";"Colisão traseira";"Sem Vítimas";"Pleno dia";"Decrescente";"Sol";"Dupla";"Rotatória";"Sim";2;0;0;0;2;0;0;2;-2,63608835;-44,26848552;"SPRF-MA";"DEL01-MA";"UOP01-DEL01-MA"
489428;2022-11-28;"segunda-feira";"15:00:00";"ES";101;51;"SAO MATEUS";"Acumulo de água sobre o pavimento";"Saída de leito carroçável";"Com Vítimas Feridas";"Pleno dia";"Decrescente";"Chuva";"Simples";"Reta;Aclive";"Não";1;0;1;0;0;0;1;1;-18,59458104;-39,88970815;"SPRF-ES";"DEL04-ES";"UOP02-DEL04-ES"
489430;2022-11-28;"segunda-feira";"15:15:00";"SC";101;226,5;"PALHOCA";"Chuva";"Saída de leito carroçável";"Com Vítimas Feridas";"Pleno dia";"Crescente";"Chuva";"Dupla";"Reta";"Sim";2;0;2;0;0;0;2;1;-27,74200001;-48,63806504;"SPRF-SC";"DEL01-SC";"UOP02-DEL01-SC"
489431;2022-11-28;"segunda-feira";"11:22:00";"RS";468;79,5;"CAMPO NOVO";"Reação tardia ou ineficiente do condutor";"Saída de leito carroçável";"Com Vítimas Feridas";"Pleno dia";"Decrescente";"Céu Claro";"Simples";"Reta";"Não";1;0;1;0;0;0;1;1;-27,72993521;-53,84462456;"SPRF-RS";"DEL08-RS";"UOP02-DEL08-RS"
489432;2022-11-28;"segunda-feira";"14:20:00";"GO";60;10,8;"SANTO ANTONIO DO DESCOBERTO";"Velocidade Incompatível";"Saída de leito carroçável";"Com Vítimas Feridas";"Pleno dia";"Crescente";"Céu Claro";"Dupla";"Curva";"Não";1;0;1;0;0;0;1;1;-16,116316;-48,314597;"SPRF-DF";"DEL03-DF";"UOP01-DEL03-DF"
489433;2022-11-28;"segunda-feira";"15:00:00";"MG";40;568;"NOVA LIMA";"Ausência de reação do condutor";"Saída de leito carroçável";"Com Vítimas Feridas";"Pleno dia";"Crescente";"Céu Claro";"Dupla";"Reta";"Não";1;0;1;0;0;0;1;1;-20,19509609;-43,97360482;"SPRF-MG";"DEL01-MG";"UOP02-DEL01-MG"
489434;2022-11-28;"segunda-feira";"09:50:00";"SC";282;18;"PALHOCA";"Acessar a via sem observar a presença dos outros veículos";"Colisão transversal";"Com Vítimas Feridas";"Pleno dia";"Decrescente";"Chuva";"Simples";"Interseção de Vias";"Sim";2;0;1;0;1;0;1;2;-27,672798;-48,694286;"SPRF-SC";"DEL01-SC";"UOP02-DEL01-SC"
489438;2022-11-21;"segunda-feira";"01:00:00";"MS";163;283;"DOURADOS";"Condutor Dormindo";"Colisão lateral sentido oposto";"Sem Vítimas";"Plena Noite";"Decrescente";"Céu Claro";"Simples";"Reta";"Não";2;0;0;0;1;1;0;2;-22,12044992;-54,59725206;"SPRF-MS";"DEL04-MS";"UOP01-DEL04-MS"
489441;2022-11-28;"segunda-feira";"11:00:00";"RO";364;708;"PORTO VELHO";"Acessar a via sem observar a presença dos outros veículos";"Colisão transversal";"Com Vítimas Feridas";"Pleno dia";"Crescente";"Sol";"Múltipla";"Curva;Retorno Regulamentado";"Sim";2;0;1;0;1;0;1;2;-8,79498105;-63,84201407;"SPRF-RO";"DEL01-RO";"UOP01-DEL01-RO"
489443;2022-11-28;"segunda-feira";"12:50:00";"PR";376;178;"MARINGA";"Acessar a via sem observar a presença dos outros veículos";"Colisão transversal";"Com Vítimas Feridas";"Pleno dia";"Crescente";"Céu Claro";"Dupla";"Reta";"Sim";3;0;1;0;2;0;1;2;-23,4192146;-51,91293985;"SPRF-PR";"DEL09-PR";"UOP01-DEL09-PR"
489444;2022-11-28;"segunda-feira";"13:40:00";"SC";116;304,3;"CAPAO ALTO";"Condutor Dormindo";"Saída de leito carroçável";"Com Vítimas Feridas";"Pleno dia";"Decrescente";"Céu Claro";"Simples";"Aclive;Curva";"Não";1;0;1;0;0;0;1;1;-28,19483455;-50,71672082;"SPRF-SC";"DEL05-SC";"UOP02-DEL05-SC"
489445;2022-11-26;"sábado";"01:20:00";"RN";101;85,9;"NATAL";"Desvio temporário";"Tombamento";"Com Vítimas Fatais";"Plena Noite";"Decrescente";"Nublado";"Simples";"Reta";"Sim";1;1;0;0;0;0;0;1;-5,777664;-35,24937;"SPRF-RN";"DEL02-RN";"UOP01-DEL02-RN"
489446;2022-11-28;"segunda-feira";"12:50:00";"CE";116;3;"FORTALEZA";"Condutor deixou de manter distância do veículo da frente";"Colisão traseira";"Sem Vítimas";"Pleno dia";"Crescente";"Céu Claro";"Múltipla";"Reta";"Sim";3;0;0;0;2;1;0;3;-3,77866493;-38,51490171;"SPRF-CE";"DEL01-CE";"UOP02-DEL01-CE"
489448;2022-11-22;"terça-feira";"11:20:00";"BA";101;506;"ITABUNA";"Acessar a via sem observar a presença dos outros veículos";"Colisão transversal";"Com Vítimas Feridas";"Pleno dia";"Crescente";"Chuva";"Simples";"Reta;Declive";"Não";3;0;0;1;2;0;1;2;-14,78162026;-39,28963379;"SPRF-BA";"DEL05-BA";"UOP01-DEL05-BA"
489449;2022-11-28;"segunda-feira";"16:10:00";"PR";116;136;"FAZENDA RIO GRANDE";"Velocidade Incompatível";"Capotamento";"Sem Vítimas";"Pleno dia";"Crescente";"Chuva";"Dupla";"Aclive;Curva";"Não";1;0;0;0;1;0;0;1;-25,70798342;-49,32084829;"SPRF-PR";"DEL01-PR";"UOP03-DEL01-PR"
489450;2022-11-28;"segunda-feira";"12:50:00";"TO";235;190,9;"TUPIRAMA";"Velocidade Incompatível";"Saída de leito carroçável";"Com Vítimas Feridas";"Pleno dia";"Decrescente";"Nublado";"Simples";"Curva";"Não";1;0;0;1;0;0;1;1;-8,97533145;-48,384552;"SPRF-TO";"DEL02-TO";"UOP02-DEL02-TO"
489452;2022-11-28;"segunda-feira";"15:15:00";"SP";116;147;"SAO JOSE DOS CAMPOS";"Ausência de reação do condutor";"Saída de leito carroçável";"Com Vítimas Feridas";"Pleno dia";"Crescente";"Chuva";"Dupla";"Reta";"Sim";1;0;1;0;0;0;1;1;-23,19542994;-45,87176303;"SPRF-SP";"DEL02-SP";"UOP01-DEL02-SP"
489453;2022-11-28;"segunda-feira";"16:00:00";"SP";381;36;"ATIBAIA";"Manobra de mudança de faixa";"Colisão lateral mesmo sentido";"Com Vítimas Feridas";"Pleno dia";"Decrescente";"Nublado";"Dupla";"Reta";"Não";3;0;1;0;2;0;1;2;-23,09707232;-46,57180706;"SPRF-SP";"DEL03-SP";"UOP01-DEL03-SP"
489455;2022-11-28;"segunda-feira";"12:40:00";"SP";116;59,6;"GUARATINGUETA";"Ausência de reação do condutor";"Colisão traseira";"Com Vítimas Feridas";"Pleno dia";"Decrescente";"Nublado";"Dupla";"Reta";"Sim";5;0;2;1;2;0;3;4;-22,78555649;-45,15339465;"SPRF-SP";"DEL08-SP";"UOP01-DEL08-SP"
489456;2022-11-28;"segunda-feira";"13:00:00";"RJ";116;98;"GUAPIMIRIM";"Velocidade Incompatível";"Saída de leito carroçável";"Com Vítimas Feridas";"Pleno dia";"Crescente";"Chuva";"Simples";"Reta";"Não";1;0;1;0;0;0;1;1;-22,48285706;-42,99723936;"SPRF-RJ";"DEL04-RJ";"UOP01-DEL04-RJ"
489458;2022-11-28;"segunda-feira";"17:10:00";"DF";60;5,7;"BRASILIA";"Reação tardia ou ineficiente do condutor";"Colisão traseira";"Com Vítimas Feridas";"Pleno dia";"Decrescente";"Céu Claro";"Dupla";"Reta";"Sim";5;0;1;0;4;0;1;2;-15,89767;-48,111026;"SPRF-DF";"DEL03-DF";"UOP01-DEL03-DF"
489459;2022-11-28;"segunda-feira";"17:00:00";"SP";116;206;"ARUJA";"Reação tardia ou ineficiente do condutor";"Colisão traseira";"Com Vítimas Feridas";"Pleno dia";"Decrescente";"Nublado";"Múltipla";"Reta";"Sim";2;0;1;1;0;0;2;2;-23,41722629;-46,37510292;"SPRF-SP";"DEL01-SP";"UOP01-DEL01-SP"
489460;2022-11-28;"segunda-feira";"15:40:00";"PE";424;89;"GARANHUNS";"Velocidade Incompatível";"Colisão traseira";"Com Vítimas Feridas";"Pleno dia";"Crescente";"Céu Claro";"Simples";"Curva;Declive";"Sim";2;0;0;1;0;1;1;2;-8,89138375;-36,50571483;"SPRF-PE";"DEL03-PE";"UOP01-DEL03-PE"
489461;2022-11-28;"segunda-feira";"17:10:00";"GO";60;18,4;"ALEXANIA";"Condutor Dormindo";"Saída de leito carroçável";"Com Vítimas Feridas";"Pleno dia";"Decrescente";"Céu Claro";"Dupla";"Curva";"Não";1;0;1;0;0;0;1;1;-16,11393589;-48,38825226;"SPRF-DF";"DEL03-DF";"UOP01-DEL03-DF"
489462;2022-11-19;"sábado";"11:25:00";"MS";267;390;"MARACAJU";"Reação tardia ou ineficiente do condutor";"Saída de leito carroçável";"Com Vítimas Feridas";"Pleno dia";"Decrescente";"Céu Claro";"Simples";"Curva";"Não";2;0;1;0;1;0;1;1;-21,620715;-55,371496;"SPRF-MS";"DEL05-MS";"UOP01-DEL05-MS"
489464;2022-11-24;"quinta-feira";"09:00:00";"GO";153;506;"APARECIDA DE GOIANIA";"Condutor deixou de manter distância do veículo da frente";"Queda de ocupante de veículo";"Sem Vítimas";"Pleno dia";"Decrescente";"Céu Claro";"Dupla";"Reta";"Sim";2;0;0;0;1;1;0;2;-16,7633;-49,24;"SPRF-GO";"DEL01-GO";"UOP01-DEL01-GO"
489465;2022-11-28;"segunda-feira";"17:40:00";"MG";40;804,4;"MATIAS BARBOSA";"Objeto estático sobre o leito carroçável";"Tombamento";"Com Vítimas Feridas";"Anoitecer";"Crescente";"Chuva";"Dupla";"Declive";"Não";1;0;1;0;0;0;1;1;-21,86313979;-43,37348589;"SPRF-MG";"DEL05-MG";"UOP01-DEL05-MG"
489466;2022-11-28;"segunda-feira";"16:25:00";"MG";381;652;"SANTO ANTONIO DO AMPARO";"Velocidade Incompatível";"Colisão com objeto";"Com Vítimas Feridas";"Pleno dia";"Decrescente";"Ignorado";"Dupla";"Curva;Declive";"Não";4;0;4;0;0;0;4;1;-20,98384831;-44,94479972;"SPRF-MG";"DEL04-MG";"UOP02-DEL04-MG"
489467;2022-11-28;"segunda-feira";"13:50:00";"SC";282;106,4;"ALFREDO WAGNER";"Pista Escorregadia";"Saída de leito carroçável";"Sem Vítimas";"Pleno dia";"Decrescente";"Chuva";"Simples";"Curva";"Não";1;0;0;0;1;0;0;1;-27,697609;-49,344734;"SPRF-SC";"DEL01-SC";"UOP03-DEL01-SC"
489468;2022-11-28;"segunda-feira";"10:50:00";"MS";376;169;"NOVA ANDRADINA";"Acessar a via sem observar a presença dos outros veículos";"Colisão transversal";"Com Vítimas Feridas";"Pleno dia";"Crescente";"Céu Claro";"Dupla";"Interseção de Vias";"Não";3;0;1;0;2;0;1;2;-22,31130481;-53,40508306;"SPRF-MS";"DEL04-MS";"UOP04-DEL04-MS"
489469;2022-11-28;"segunda-feira";"16:50:00";"PR";277;160,3;"PALMEIRA";"Avarias e/ou desgaste excessivo no pneu";"Saída de leito carroçável";"Com Vítimas Feridas";"Pleno dia";"Crescente";"Chuva";"Simples";"Curva";"Não";1;0;1;0;0;0;1;1;-25,46278;-49,920253;"SPRF-PR";"DEL03-PR";"UOP03-DEL03-PR"
489470;2022-11-28;"segunda-feira";"17:50:00";"MG";40;498,6;"ESMERALDAS";"Ingestão de álcool pelo condutor";"Colisão traseira";"Com Vítimas Feridas";"Anoitecer";"Decrescente";"Nublado";"Dupla";"Reta";"Sim";2;0;1;1;0;0;2;2;-19,68904;-44,1796;"SPRF-MG";"DEL02-MG";"UOP01-DEL02-MG"
489474;2022-11-24;"quinta-feira";"11:30:00";"MG";262;369;"JUATUBA";"Ausência de reação do condutor";"Colisão com objeto";"Com Vítimas Feridas";"Pleno dia";"Decrescente";"Chuva";"Dupla";"Curva";"Sim";1;0;1;0;0;0;1;1;-19,970807;-44,289881;"SPRF-MG";"DEL01-MG";"UOP03-DEL01-MG"
489476;2022-11-28;"segunda-feira";"16:40:00";"RJ";101;167;"MACAE";"Acesso irregular";"Colisão transversal";"Sem Vítimas";"Pleno dia";"Crescente";"Nublado";"Simples";"Reta";"Não";3;0;0;0;3;0;0;2;-22,335076;-41,915586;"SPRF-RJ";"DEL08-RJ";"UOP04-DEL08-RJ"
489478;2022-11-28;"segunda-feira";"16:30:00";"RJ";116;186;"NOVA IGUACU";"Acessar a via sem observar a presença dos outros veículos";"Colisão frontal";"Com Vítimas Feridas";"Pleno dia";"Crescente";"Nublado";"Dupla";"Reta";"Sim";2;0;1;0;0;1;1;2;-22,73962339;-43,46276495;"SPRF-RJ";"DEL01-RJ";"UOP02-DEL01-RJ"
489479;2022-11-28;"segunda-feira";"18:00:00";"RS";290;724;"URUGUAIANA";"Acessar a via sem observar a presença dos outros veículos";"Colisão transversal";"Sem Vítimas";"Pleno dia";"Crescente";"Sol";"Simples";"Interseção de Vias";"Sim";3;0;0;0;3;0;0;2;-29,74814159;-57,07856039;"SPRF-RS";"DEL13-RS";"UOP01-DEL13-RS"
489480;2022-11-28;"segunda-feira";"12:35:00";"MS";163;581;"BANDEIRANTES";"Reação tardia ou ineficiente do condutor";"Tombamento";"Com Vítimas Feridas";"Pleno dia";"Crescente";"Céu Claro";"Dupla";"Reta";"Não";1;0;1;0;0;0;1;1;-19,63795482;-54,36828176;"SPRF-MS";"DEL06-MS";"UOP02-DEL06-MS"
489481;2022-11-28;"segunda-feira";"17:45:00";"MG";116;774,5;"LEOPOLDINA";"Velocidade Incompatível";"Saída de leito carroçável";"Com Vítimas Feridas";"Pleno dia";"Decrescente";"Céu Claro";"Simples";"Curva";"Não";1;0;1;0;0;0;1;1;-21,57970675;-42,68354237;"SPRF-MG";"DEL07-MG";"UOP01-DEL07-MG"
489482;2022-11-28;"segunda-feira";"15:50:00";"RO";364;423,1;"JARU";"Ausência de reação do condutor";"Colisão traseira";"Com Vítimas Feridas";"Pleno dia";"Decrescente";"Sol";"Simples";"Reta";"Sim";2;0;1;0;1;0;1;2;-10,45220802;-62,46072003;"SPRF-RO";"DEL03-RO";"UOP02-DEL03-RO"
489483;2022-11-28;"segunda-feira";"18:50:00";"RS";386;47,3;"SEBERI";"Condutor deixou de manter distância do veículo da frente";"Colisão traseira";"Com Vítimas Feridas";"Anoitecer";"Decrescente";"Céu Claro";"Simples";"Reta";"Não";2;0;1;0;1;0;1;2;-27,466236;-53,404499;"SPRF-RS";"DEL08-RS";"UOP02-DEL08-RS"
489484;2022-11-28;"segunda-feira";"18:00:00";"PR";369;56;"BANDEIRANTES";"Acessar a via sem observar a presença dos outros veículos";"Colisão transversal";"Com Vítimas Feridas";"Anoitecer";"Decrescente";"Céu Claro";"Simples";"Reta";"Sim";2;0;1;0;1;0;1;2;-23,1091016;-50,3687989;"SPRF-PR";"DEL07-PR";"UOP05-DEL07-PR"
489485;2022-11-28;"segunda-feira";"17:15:00";"PB";427;37;"POMBAL";"Reação tardia ou ineficiente do condutor";"Tombamento";"Com Vítimas Feridas";"Anoitecer";"Crescente";"Céu Claro";"Simples";"Reta";"Sim";1;0;1;0;0;0;1;1;-6,76405124;-37,78910384;"SPRF-PB";"DEL03-PB";"UOP02-DEL03-PB"
489486;2022-11-28;"segunda-feira";"08:45:00";"MG";381;248,9;"SANTANA DO PARAISO";"Conversão proibida";"Colisão transversal";"Com Vítimas Feridas";"Pleno dia";"Crescente";"Céu Claro";"Simples";"Reta";"Não";3;0;2;0;1;0;2;2;-19,44409373;-42,51296997;"SPRF-MG";"DEL06-MG";"UOP01-DEL06-MG"
489488;2022-11-28;"segunda-feira";"18:40:00";"PE";428;186;"PETROLINA";"Ingestão de álcool pelo condutor";"Colisão transversal";"Com Vítimas Feridas";"Plena Noite";"Decrescente";"Nublado";"Dupla";"Retorno Regulamentado";"Sim";2;0;1;0;1;0;1;2;-9,35928311;-40,48018813;"SPRF-PE";"DEL06-PE";"UOP01-DEL06-PE"
489490;2022-11-28;"segunda-feira";"20:00:00";"RN";110;46,2;"MOSSORO";"Velocidade Incompatível";"Colisão lateral mesmo sentido";"Com Vítimas Feridas";"Pleno dia";"Crescente";"Nublado";"Simples";"Reta";"Sim";3;0;1;1;0;1;2;2;-5,19797675;-37,31839819;"SPRF-RN";"DEL04-RN";"UOP01-DEL04-RN"
489493;2022-11-28;"segunda-feira";"19:15:00";"RN";226;7;"MACAIBA";"Transitar na contramão";"Colisão frontal";"Com Vítimas Feridas";"Plena Noite";"Crescente";"Céu Claro";"Simples";"Curva";"Não";4;0;1;2;0;1;3;3;-5,82773209;-35,28005834;"SPRF-RN";"DEL01-RN";"UOP02-DEL01-RN"
489494;2022-11-28;"segunda-feira";"19:30:00";"PR";277;84;"CURITIBA";"Chuva";"Tombamento";"Com Vítimas Feridas";"Plena Noite";"Decrescente";"Chuva";"Dupla";"Reta";"Sim";1;0;1;0;0;0;1;1;-25,4466868;-49,231285;"SPRF-PR";"DEL01-PR";"UOP06-DEL01-PR"
489495;2022-11-24;"quinta-feira";"12:30:00";"SC";101;202,4;"SAO JOSE";"Trafegar com motocicleta (ou similar) entre as faixas";"Colisão traseira";"Com Vítimas Feridas";"Pleno dia";"Crescente";"Nublado";"Múltipla";"Reta";"Sim";3;0;1;0;2;0;1;3;-27,55711595;-48,61897889;"SPRF-SC";"DEL01-SC";"UOP01-DEL01-SC"
489496;2022-11-28;"segunda-feira";"20:07:00";"SP";116;279;"EMBU DAS ARTES";"Ausência de reação do condutor";"Colisão traseira";"Com Vítimas Feridas";"Plena Noite";"Decrescente";"Céu Claro";"Dupla";"Reta";"Sim";2;0;1;0;1;0;1;2;-23,66233697;-46,85292907;"SPRF-SP";"DEL04-SP";"UOP01-DEL04-SP"
489497;2022-11-28;"segunda-feira";"20:48:00";"ES";101;258,3;"SERRA";"Ausência de reação do condutor";"Tombamento";"Com Vítimas Feridas";"Plena Noite";"Decrescente";"Chuva";"Simples";"Reta";"Sim";1;0;1;0;0;0;1;1;-20,13059888;-40,2961019;"SPRF-ES";"DEL02-ES";"UOP01-DEL02-ES"
489499;2022-11-28;"segunda-feira";"20:50:00";"SC";101;210,7;"SAO JOSE";"Acumulo de água sobre o pavimento";"Tombamento";"Com Vítimas Feridas";"Plena Noite";"Crescente";"Chuva";"Múltipla";"Reta";"Sim";2;0;1;0;0;1;1;2;-27,6167305;-48,6457265;"SPRF-SC";"DEL01-SC";"UOP01-DEL01-SC"
489500;2022-11-24;"quinta-feira";"05:50:00";"BA";235;348;"JUAZEIRO";"Conversão proibida";"Colisão transversal";"Com Vítimas Feridas";"Amanhecer";"Decrescente";"Garoa/Chuvisco";"Simples";"Reta";"Sim";2;0;1;1;0;0;2;2;-9,43770579;-40,49800873;"SPRF-PE";"DEL06-PE";"UOP01-DEL06-PE"
489502;2022-11-28;"segunda-feira";"20:15:00";"MS";163;260;"DOURADOS";"Animais na Pista";"Atropelamento de Animal";"Com Vítimas Feridas";"Plena Noite";"Decrescente";"Céu Claro";"Dupla";"Reta";"Não";2;0;0;1;1;0;1;2;-22,24489388;-54,77203018;"SPRF-MS";"DEL04-MS";"UOP01-DEL04-MS"
489505;2022-11-28;"segunda-feira";"21:00:00";"DF";20;46;"BRASILIA";"Reação tardia ou ineficiente do condutor";"Saída de leito carroçável";"Com Vítimas Fatais";"Plena Noite";"Decrescente";"Garoa/Chuvisco";"Dupla";"Reta";"Não";1;1;0;0;0;0;0;1;-15,580584;-47,458492;"SPRF-DF";"DEL02-DF";"UOP01-DEL02-DF"
489506;2022-11-28;"segunda-feira";"20:25:00";"GO";153;507,1;"APARECIDA DE GOIANIA";"Avarias e/ou desgaste excessivo no pneu";"Queda de ocupante de veículo";"Com Vítimas Feridas";"Plena Noite";"Crescente";"Chuva";"Dupla";"Reta";"Não";1;0;1;0;0;0;1;1;-16,7715;-49,2387;"SPRF-GO";"DEL01-GO";"UOP03-DEL01-GO"
489508;2022-11-28;"segunda-feira";"06:50:00";"SP";153;74,9;"BADY BASSITT";"Manobra de mudança de faixa";"Tombamento";"Com Vítimas Feridas";"Amanhecer";"Decrescente";"Céu Claro";"Dupla";"Aclive;Reta";"Sim";1;0;0;1;0;0;1;1;-20,89418221;-49,43387582;"SPRF-SP";"DEL09-SP";"UOP01-DEL09-SP"
489509;2022-11-28;"segunda-feira";"20:40:00";"SC";101;235,3;"PALHOCA";"Demais Fenômenos da natureza";"Incêndio";"Sem Vítimas";"Plena Noite";"Crescente";"Chuva";"Simples";"Curva";"Não";1;0;0;0;1;0;0;1;-27,8177775;-48,6315025;"SPRF-SC";"DEL01-SC";"UOP02-DEL01-SC"
489511;2022-11-28;"segunda-feira";"15:30:00";"BA";20;137;"SAO DESIDERIO";"Carga excessiva e/ou mal acondicionada";"Saída de leito carroçável";"Com Vítimas Fatais";"Pleno dia";"Crescente";"Nublado";"Simples";"Reta";"Não";5;1;4;0;0;0;4;2;-12,7242424;-45,93744278;"SPRF-BA";"DEL10-BA";"UOP01-DEL10-BA"