"id";"data_inversa";"dia_semana";"horario";"uf";"br";"km";"municipio";"causa_acidente";"tipo_acidente";"classificacao_acidente";"fase_dia";"sentido_via";"condicao_metereologica";"tipo_pista";"tracado_via";"uso_solo";"pessoas";"mortos";"feridos_leves";"feridos_graves";"ilesos";"ignorados";"feridos";"veiculos";"latitude";"longitude";"regional";"delegacia";"uop"
489512;2022-11-28;"segunda-feira";"19:50:00";"MG";262;487;"BOM DESPACHO";"Ultrapassagem Indevida";"Saída de leito carroçável";"Com Vítimas Feridas";"Plena Noite";"Decrescente";"Nublado";"Simples";"Reta";"Não";1;0;1;0;0;0;1;1;-19,78526432;-45,31343803;"SPRF-MG";"DEL08-MG";"UOP03-DEL08-MG"
489513;2022-11-28;"segunda-feira";"19:44:00";"PR";369;144,9;"LONDRINA";"Manobra de mudança de faixa";"Colisão com objeto";"Com Vítimas Feridas";"Pleno dia";"Crescente";"Nublado";"Dupla";"Reta";"Sim";2;0;1;0;0;1;1;2;-23,29360111;-51,11168683;"SPRF-PR";"DEL07-PR";"UOP01-DEL07-PR"
489514;2022-11-24;"quinta-feira";"20:40:00";"RS";290;720;"URUGUAIANA";"Ingestão de álcool e/ou substâncias psicoativas pelo pedestre";"Tombamento";"Com Vítimas Feridas";"Plena Noite";"Decrescente";"Céu Claro";"Simples";"Curva";"Não";1;0;1;0;0;0;1;1;-29,766502;-57,058228;"SPRF-RS";"DEL13-RS";"UOP01-DEL13-RS"
489518;2022-11-28;"segunda-feira";"17:45:00";"SP";116;562;"BARRA DO TURVO";"Chuva";"Capotamento";"Com Vítimas Feridas";"Pleno dia";"Decrescente";"Chuva";"Simples";"Curva";"Não";4;0;1;0;3;0;1;1;-25,02464023;-48,52213701;"SPRF-SP";"DEL05-SP";"UOP02-DEL05-SP"
489519;2022-11-28;"segunda-feira";"22:30:00";"SP";116;158;"JACAREI";"Animais na Pista";"Atropelamento de Animal";"Com Vítimas Feridas";"Plena Noite";"Crescente";"Nublado";"Simples";"Reta";"Sim";1;0;1;0;0;0;1;1;-23,26072137;-45,95179176;"SPRF-SP";"DEL02-SP";"UOP01-DEL02-SP"
489521;2022-11-28;"segunda-feira";"22:30:00";"PR";163;154;"SANTA LUCIA";"Ingestão de álcool pelo condutor";"Colisão com objeto";"Com Vítimas Feridas";"Plena Noite";"Crescente";"Céu Claro";"Simples";"Curva";"Não";1;0;1;0;0;0;1;1;-25,38467195;-53,57633054;"SPRF-PR";"DEL05-PR";"UOP05-DEL05-PR"
489522;2022-11-28;"segunda-feira";"20:35:00";"SC";282;346,1;"CAMPOS NOVOS";"Entrada inopinada do pedestre";"Atropelamento de Pedestre";"Com Vítimas Feridas";"Plena Noite";"Decrescente";"Céu Claro";"Simples";"Reta";"Sim";2;0;1;0;1;0;1;2;-27,368792;-51,254639;"SPRF-SC";"DEL07-SC";"UOP06-DEL07-SC"
489523;2022-11-28;"segunda-feira";"15:00:00";"SP";116;512;"CAJATI";"Chuva";"Colisão com objeto";"Com Vítimas Feridas";"Pleno dia";"Decrescente";"Nublado";"Simples";"Curva";"Não";3;0;2;0;1;0;2;1;-24,84304306;-48,22027915;"SPRF-SP";"DEL05-SP";"UOP02-DEL05-SP"
489525;2022-11-28;"segunda-feira";"18:00:00";"SP";116;504;"CAJATI";"Reação tardia ou ineficiente do condutor";"Capotamento";"Com Vítimas Feridas";"Plena Noite";"Decrescente";"Nublado";"Simples";"Curva";"Não";1;0;1;0;0;0;1;1;-24,78266496;-48,20865858;"SPRF-SP";"DEL05-SP";"UOP02-DEL05-SP"
489526;2022-11-28;"segunda-feira";"20:00:00";"RS";116;292;"ELDORADO DO SUL";"Demais falhas mecânicas ou elétricas";"Saída de leito carroçável";"Sem Vítimas";"Plena Noite";"Decrescente";"Céu Claro";"Dupla";"Reta";"Não";1;0;0;0;1;0;0;1;-30,04547417;-51,33159777;"SPRF-RS";"DEL02-RS";"UOP01-DEL02-RS"
489527;2022-11-28;"segunda-feira";"19:20:00";"SC";101;292;"IMBITUBA";"Acessar a via sem observar a presença dos outros veículos";"Colisão lateral mesmo sentido";"Com Vítimas Feridas";"Anoitecer";"Crescente";"Garoa/Chuvisco";"Dupla";"Interseção de Vias";"Sim";2;0;1;0;1;0;1;2;-28,278057;-48,700386;"SPRF-SC";"DEL02-SC";"UOP03-DEL02-SC"
489529;2022-11-28;"segunda-feira";"20:00:00";"SP";116;308;"SAO LOURENCO DA SERRA";"Velocidade Incompatível";"Capotamento";"Com Vítimas Feridas";"Plena Noite";"Crescente";"Nublado";"Dupla";"Declive";"Não";1;0;1;0;0;0;1;1;-23,86213995;-46,94718508;"SPRF-SP";"DEL04-SP";"UOP01-DEL04-SP"
489531;2022-11-28;"segunda-feira";"17:30:00";"SC";282;118;"BOM RETIRO";"Ausência de reação do condutor";"Saída de leito carroçável";"Com Vítimas Feridas";"Pleno dia";"Decrescente";"Chuva";"Simples";"Curva";"Não";3;0;3;0;0;0;3;1;-27,776798;-49,411194;"SPRF-SC";"DEL05-SC";"UOP01-DEL05-SC"
489532;2022-11-28;"segunda-feira";"12:30:00";"SP";116;515;"CAJATI";"Ausência de reação do condutor";"Colisão com objeto";"Com Vítimas Feridas";"Pleno dia";"Decrescente";"Chuva";"Dupla";"Curva";"Não";1;0;1;0;0;0;1;1;-24,86704083;-48,21738184;"SPRF-SP";"DEL05-SP";"UOP02-DEL05-SP"
489534;2022-11-28;"segunda-feira";"22:30:00";"PB";104;133,9;"QUEIMADAS";"Animais na Pista";"Queda de ocupante de veículo";"Com Vítimas Feridas";"Plena Noite";"Crescente";"Céu Claro";"Simples";"Reta";"Sim";2;0;1;0;1;0;1;1;-7,31674795;-35,89500926;"SPRF-PB";"DEL02-PB";"UOP03-DEL02-PB"
489535;2022-11-11;"sexta-feira";"16:35:00";"SP";116;272;"TABOAO DA SERRA";"Manobra de mudança de faixa";"Colisão traseira";"Com Vítimas Feridas";"Pleno dia";"Decrescente";"Céu Claro";"Dupla";"Reta";"Sim";2;0;1;0;0;1;1;2;-23,621691;-46,813288;"SPRF-SP";"DEL04-SP";"UOP01-DEL04-SP"
489536;2022-11-29;"terça-feira";"00:20:00";"MG";50;18,9;"UBERLANDIA";"Velocidade Incompatível";"Colisão com objeto";"Com Vítimas Feridas";"Plena Noite";"Decrescente";"Céu Claro";"Dupla";"Interseção de Vias;Reta";"Sim";4;0;0;2;0;2;2;2;-18,93200164;-48,19749003;"SPRF-MG";"DEL15-MG";"UOP01-DEL15-MG"
489539;2022-11-29;"terça-feira";"00:30:00";"MG";381;483;"BETIM";"Velocidade Incompatível";"Colisão traseira";"Com Vítimas Feridas";"Plena Noite";"Crescente";"Chuva";"Dupla";"Curva;Declive";"Sim";1;0;1;0;0;0;1;1;-19,95594491;-44,10721699;"SPRF-MG";"DEL01-MG";"UOP03-DEL01-MG"
489540;2022-11-29;"terça-feira";"00:05:00";"PR";476;137;"CURITIBA";"Velocidade Incompatível";"Colisão com objeto";"Sem Vítimas";"Plena Noite";"Crescente";"Chuva";"Múltipla";"Curva";"Sim";2;0;0;0;2;0;0;1;-25,49510025;-49,27534083;"SPRF-PR";"DEL01-PR";"UOP03-DEL01-PR"
489541;2022-11-24;"quinta-feira";"15:20:00";"SC";101;207;"SAO JOSE";"Acessar a via sem observar a presença dos outros veículos";"Colisão transversal";"Com Vítimas Feridas";"Pleno dia";"Crescente";"Nublado";"Múltipla";"Interseção de Vias";"Sim";3;0;1;1;1;0;2;2;-27,59912951;-48,62205505;"SPRF-SC";"DEL01-SC";"UOP01-DEL01-SC"
489542;2022-11-29;"terça-feira";"01:40:00";"PE";101;50,9;"ABREU E LIMA";"Ingestão de álcool pelo condutor";"Colisão transversal";"Com Vítimas Feridas";"Plena Noite";"Crescente";"Chuva";"Múltipla";"Reta";"Sim";3;0;2;0;1;0;2;2;-7,91712388;-34,89713788;"SPRF-PE";"DEL01-PE";"UOP02-DEL01-PE"
489545;2022-11-29;"terça-feira";"02:35:00";"SP";116;214;"GUARULHOS";"Reação tardia ou ineficiente do condutor";"Colisão com objeto";"Sem Vítimas";"Plena Noite";"Crescente";"Céu Claro";"Múltipla";"Reta";"Sim";3;0;0;0;3;0;0;2;-23,44333014;-46,44531294;"SPRF-SP";"DEL01-SP";"UOP01-DEL01-SP"
489547;2022-11-29;"terça-feira";"03:10:00";"PB";101;9;"MATARACA";"Condutor Dormindo";"Saída de leito carroçável";"Sem Vítimas";"Plena Noite";"Crescente";"Céu Claro";"Dupla";"Reta";"Não";1;0;0;0;0;1;0;1;-6,5745330074;-35,1442982212;"SPRF-PB";"DEL01-PB";"UOP04-DEL01-PB"
489548;2022-11-29;"terça-feira";"04:35:00";"SP";116;283;"ITAPECERICA DA SERRA";"Ausência de reação do condutor";"Queda de ocupante de veículo";"Com Vítimas Feridas";"Amanhecer";"Decrescente";"Céu Claro";"Dupla";"Reta";"Não";1;0;1;0;0;0;1;1;-23,69297005;-46,86352786;"SPRF-SP";"DEL04-SP";"UOP01-DEL04-SP"
489549;2022-11-29;"terça-feira";"04:50:00";"SC";280;58,6;"GUARAMIRIM";"Ausência de reação do condutor";"Atropelamento de Pedestre";"Com Vítimas Feridas";"Amanhecer";"Decrescente";"Chuva";"Dupla";"Curva";"Não";2;0;2;0;0;0;2;2;-26,47415593;-49,021211;"SPRF-SC";"DEL03-SC";"UOP03-DEL03-SC"
489550;2022-11-22;"terça-feira";"09:25:00";"PB";230;238,3;"JUAZEIRINHO";"Velocidade Incompatível";"Capotamento";"Com Vítimas Feridas";"Pleno dia";"Crescente";"Céu Claro";"Simples";"Curva";"Não";1;0;1;0;0;0;1;1;-7,0543;-36,5494;"SPRF-PB";"DEL02-PB";"UOP02-DEL02-PB"
489553;2022-11-29;"terça-feira";"05:15:00";"MG";40;556;"NOVA LIMA";"Ausência de reação do condutor";"Saída de leito carroçável";"Com Vítimas Feridas";"Pleno dia";"Crescente";"Chuva";"Dupla";"Reta;Declive";"Não";1;0;1;0;0;0;1;1;-20,09356202;-43,97554136;"SPRF-MG";"DEL01-MG";"UOP02-DEL01-MG"
489554;2022-11-29;"terça-feira";"05:30:00";"PB";101;83;"BAYEUX";"Reação tardia ou ineficiente do condutor";"Queda de ocupante de veículo";"Com Vítimas Feridas";"Pleno dia";"Crescente";"Nublado";"Dupla";"Reta";"Sim";1;0;1;0;0;0;1;1;-7,1337703049;-34,9296391383;"SPRF-PB";"DEL01-PB";"UOP01-DEL01-PB"
489557;2022-11-24;"quinta-feira";"18:00:00";"AC";317;28;"SENADOR GUIOMARD";"Ausência de reação do condutor";"Colisão traseira";"Com Vítimas Fatais";"Plena Noite";"Crescente";"Céu Claro";"Simples";"Reta";"Não";2;1;0;0;0;1;0;2;-9,80230823;-67,40324886;"SPRF-AC";"DEL01-AC";"UOP01-DEL01-AC"
489558;2022-11-29;"terça-feira";"06:10:00";"GO";60;97,4;"ANAPOLIS";"Ausência de reação do condutor";"Saída de leito carroçável";"Com Vítimas Feridas";"Plena Noite";"Crescente";"Céu Claro";"Dupla";"Reta";"Sim";1;0;1;0;0;0;1;1;-16,3846;-48,9541;"SPRF-GO";"DEL02-GO";"UOP01-DEL02-GO"
489562;2022-11-28;"segunda-feira";"21:15:00";"PR";153;495,1;"GENERAL CARNEIRO";"Transitar na contramão";"Colisão com objeto";"Sem Vítimas";"Plena Noite";"Crescente";"Nublado";"Simples";"Curva";"Não";1;0;0;0;0;1;0;1;-26,45766444;-51,32228851;"SPRF-PR";"DEL02-PR";"UOP03-DEL02-PR"
489564;2022-11-29;"terça-feira";"07:10:00";"CE";222;2,6;"FORTALEZA";"Ausência de reação do condutor";"Colisão traseira";"Com Vítimas Feridas";"Pleno dia";"Decrescente";"Sol";"Múltipla";"Reta";"Sim";2;0;0;1;0;1;1;2;-3,7399366;-38,5924766;"SPRF-CE";"DEL01-CE";"UOP01-DEL01-CE"
489567;2022-11-29;"terça-feira";"07:10:00";"RS";287;328;"SANTA MARIA";"Ausência de reação do condutor";"Engavetamento";"Sem Vítimas";"Pleno dia";"Crescente";"Céu Claro";"Dupla";"Reta";"Sim";3;0;0;0;3;0;0;3;-29,70971129;-53,8222146;"SPRF-RS";"DEL09-RS";"UOP01-DEL09-RS"
489568;2022-11-29;"terça-feira";"07:30:00";"DF";70;17,1;"BRASILIA";"Reação tardia ou ineficiente do condutor";"Engavetamento";"Com Vítimas Feridas";"Pleno dia";"Decrescente";"Céu Claro";"Dupla";"Reta";"Não";7;0;5;0;2;0;5;6;-15,794133;-48,202095;"SPRF-DF";"DEL03-DF";"UOP02-DEL03-DF"
489570;2022-11-29;"terça-feira";"06:30:00";"SC";101;40;"JOINVILLE";"Velocidade Incompatível";"Colisão com objeto";"Com Vítimas Feridas";"Pleno dia";"Decrescente";"Chuva";"Múltipla";"Curva";"Não";1;0;1;0;0;0;1;1;-26,3158;-48,8734;"SPRF-SC";"DEL03-SC";"UOP01-DEL03-SC"
489571;2022-11-28;"segunda-feira";"22:10:00";"PR";272;556;"TERRA ROXA";"Velocidade Incompatível";"Saída de leito carroçável";"Com Vítimas Fatais";"Plena Noite";"Decrescente";"Céu Claro";"Simples";"Reta";"Não";1;1;0;0;0;0;0;1;-24,08063396;-54,15916443;"SPRF-PR";"DEL06-PR";"UOP01-DEL06-PR"
489572;2022-11-28;"segunda-feira";"19:30:00";"RJ";40;123,1;"DUQUE DE CAXIAS";"Reação tardia ou ineficiente do condutor";"Queda de ocupante de veículo";"Com Vítimas Feridas";"Plena Noite";"Decrescente";"Nublado";"Múltipla";"Reta";"Sim";1;0;1;0;0;0;1;1;-22,79907687;-43,29015739;"SPRF-RJ";"DEL01-RJ";"UOP01-DEL01-RJ"
489573;2022-11-29;"terça-feira";"07:15:00";"SC";101;141;"BALNEARIO CAMBORIU";"Pista Escorregadia";"Tombamento";"Com Vítimas Feridas";"Pleno dia";"Crescente";"Garoa/Chuvisco";"Dupla";"Declive";"Sim";2;0;0;1;1;0;1;2;-27,04761729;-48,59995855;"SPRF-SC";"DEL04-SC";"UOP03-DEL04-SC"
489574;2022-11-29;"terça-feira";"07:50:00";"CE";116;3;"FORTALEZA";"Trafegar com motocicleta (ou similar) entre as faixas";"Colisão lateral mesmo sentido";"Com Vítimas Feridas";"Pleno dia";"Decrescente";"Céu Claro";"Dupla";"Reta";"Sim";3;0;2;0;1;0;2;2;-3,77812272;-38,51490131;"SPRF-CE";"DEL01-CE";"UOP02-DEL01-CE"
489575;2022-11-29;"terça-feira";"06:00:00";"PB";230;220,4;"SOLEDADE";"Condutor Dormindo";"Saída de leito carroçável";"Com Vítimas Feridas";"Pleno dia";"Decrescente";"Céu Claro";"Simples";"Reta";"Não";2;0;1;0;1;0;1;1;-7,0429;-36,3994;"SPRF-PB";"DEL02-PB";"UOP02-DEL02-PB"
489577;2022-11-21;"segunda-feira";"17:06:00";"RS";116;253;"SAPUCAIA DO SUL";"Falta de elemento de contenção que evite a saída do leito carroçável";"Colisão com objeto";"Com Vítimas Feridas";"Pleno dia";"Crescente";"Céu Claro";"Simples";"Viaduto";"Sim";2;0;1;0;0;1;1;2;-29,80913395;-51,1675292;"SPRF-RS";"DEL01-RS";"UOP02-DEL01-RS"
489579;2022-11-29;"terça-feira";"07:10:00";"SC";101;141;"BALNEARIO CAMBORIU";"Estacionar ou parar em local proibido";"Colisão lateral mesmo sentido";"Com Vítimas Feridas";"Pleno dia";"Crescente";"Garoa/Chuvisco";"Múltipla";"Declive";"Sim";3;0;1;0;2;0;1;3;-27,04761729;-48,59995855;"SPRF-SC";"DEL04-SC";"UOP03-DEL04-SC"
489583;2022-11-29;"terça-feira";"07:55:00";"SC";101;149;"ITAPEMA";"Manobra de mudança de faixa";"Colisão lateral mesmo sentido";"Com Vítimas Feridas";"Pleno dia";"Crescente";"Garoa/Chuvisco";"Simples";"Reta";"Sim";2;0;0;1;1;0;1;2;-27,1089649;-48,61277586;"SPRF-SC";"DEL04-SC";"UOP03-DEL04-SC"
489584;2022-11-21;"segunda-feira";"18:05:00";"RN";304;141,1;"ANGICOS";"Animais na Pista";"Atropelamento de Animal";"Com Vítimas Feridas";"Anoitecer";"Decrescente";"Nublado";"Simples";"Reta";"Não";1;0;1;0;0;0;1;1;-5,668687;-36,66785;"SPRF-RN";"DEL04-RN";"UOP01-DEL04-RN"
489588;2022-11-29;"terça-feira";"08:30:00";"BA";324;626;"SALVADOR";"Avarias e/ou desgaste excessivo no pneu";"Queda de ocupante de veículo";"Com Vítimas Feridas";"Pleno dia";"Crescente";"Céu Claro";"Múltipla";"Reta";"Não";2;0;2;0;0;0;2;1;-12,95020997;-38,47073108;"SPRF-BA";"DEL01-BA";"UOP01-DEL01-BA"
489589;2022-11-29;"terça-feira";"08:00:00";"PE";104;61;"CARUARU";"Reação tardia ou ineficiente do condutor";"Colisão lateral mesmo sentido";"Com Vítimas Feridas";"Pleno dia";"Decrescente";"Céu Claro";"Simples";"Reta";"Sim";3;0;2;0;1;0;2;2;-8,2529;-35,9751;"SPRF-PE";"DEL02-PE";"UOP01-DEL02-PE"
489590;2022-11-29;"terça-feira";"07:40:00";"ES";101;263,9;"SERRA";"Trafegar com motocicleta (ou similar) entre as faixas";"Atropelamento de Pedestre";"Com Vítimas Feridas";"Pleno dia";"Decrescente";"Chuva";"Dupla";"Reta";"Sim";2;0;1;0;1;0;1;2;-20,16554736;-40,27301648;"SPRF-ES";"DEL02-ES";"UOP01-DEL02-ES"
489596;2022-11-29;"terça-feira";"09:33:00";"RN";405;9;"MOSSORO";"Ausência de reação do condutor";"Saída de leito carroçável";"Com Vítimas Feridas";"Pleno dia";"Crescente";"Céu Claro";"Simples";"Curva";"Não";4;0;3;1;0;0;4;1;-5,1972828;-37,4364029;"SPRF-RN";"DEL04-RN";"UOP02-DEL04-RN"
489597;2022-11-29;"terça-feira";"09:30:00";"BA";101;715;"EUNAPOLIS";"Acessar a via sem observar a presença dos outros veículos";"Colisão transversal";"Com Vítimas Feridas";"Pleno dia";"Decrescente";"Nublado";"Simples";"Interseção de Vias";"Sim";2;0;1;0;1;0;1;2;-16,3516249;-39,57981823;"SPRF-BA";"DEL09-BA";"UOP01-DEL09-BA"
489598;2022-11-29;"terça-feira";"09:30:00";"PA";308;151;"CAPANEMA";"Ausência de reação do condutor";"Colisão traseira";"Com Vítimas Feridas";"Pleno dia";"Crescente";"Céu Claro";"Simples";"Reta";"Sim";2;0;0;1;0;1;1;2;-1,208642;-47,17949;"SPRF-PA";"DEL01-PA";"UOP03-DEL01-PA"
489599;2022-06-05;"domingo";"15:30:00";"MG";40;524;"CONTAGEM";"Condutor deixou de manter distância do veículo da frente";"Colisão traseira";"Com Vítimas Feridas";"Pleno dia";"Decrescente";"Céu Claro";"Dupla";"Curva";"Sim";2;0;1;0;1;0;1;2;-19,8754469;-44,05345586;"SPRF-MG";"DEL01-MG";"UOP02-DEL01-MG"
489601;2022-11-29;"terça-feira";"09:20:00";"RS";290;678;"URUGUAIANA";"Ausência de reação do condutor";"Saída de leito carroçável";"Com Vítimas Feridas";"Pleno dia";"Decrescente";"Céu Claro";"Simples";"Reta";"Não";1;0;1;0;0;0;1;1;-29,91028;-56,674816;"SPRF-RS";"DEL13-RS";"UOP01-DEL13-RS"
489602;2022-11-29;"terça-feira";"07:50:00";"MG";116;439;"ALPERCATA";"Condutor Dormindo";"Saída de leito carroçável";"Com Vítimas Feridas";"Pleno dia";"Crescente";"Céu Claro";"Simples";"Curva";"Não";1;0;1;0;0;0;1;1;-19,06864201;-42,00222599;"SPRF-MG";"DEL06-MG";"UOP01-DEL06-MG"
489604;2022-11-29;"terça-feira";"07:50:00";"SC";163;120;"DIONISIO CERQUEIRA";"Ausência de reação do condutor";"Saída de leito carroçável";"Com Vítimas Feridas";"Pleno dia";"Crescente";"Céu Claro";"Simples";"Curva";"Não";2;0;1;0;1;0;1;1;-26,32831897;-53,54511397;"SPRF-SC";"DEL07-SC";"UOP03-DEL07-SC"
489606;2022-11-21;"segunda-feira";"14:40:00";"MG";116;417;"GOVERNADOR VALADARES";"Afundamento ou ondulação no pavimento";"Eventos atípicos";"Com Vítimas Feridas";"Pleno dia";"Crescente";"Céu Claro";"Simples";"Reta";"Sim";1;0;1;0;0;0;1;1;-18,91059296;-41,94156567;"SPRF-MG";"DEL06-MG";"UOP01-DEL06-MG"
489607;2022-11-23;"quarta-feira";"00:00:00";"CE";116;1;"FORTALEZA";"Ingestão de álcool pelo condutor";"Colisão frontal";"Com Vítimas Feridas";"Plena Noite";"Crescente";"Céu Claro";"Dupla";"Reta";"Sim";2;0;0;1;1;0;1;2;-3,76159894;-38,51900662;"SPRF-CE";"DEL01-CE";"UOP02-DEL01-CE"
489608;2022-11-13;"domingo";"18:40:00";"SC";282;501,3;"XANXERE";"Desrespeitar a preferência no cruzamento";"Colisão transversal";"Sem Vítimas";"Anoitecer";"Decrescente";"Céu Claro";"Dupla";"Rotatória";"Não";3;0;0;0;3;0;0;2;-26,881372;-52,37252;"SPRF-SC";"DEL07-SC";"UOP01-DEL07-SC"
489612;2022-11-22;"terça-feira";"19:10:00";"AC";364;273;"SENA MADUREIRA";"Ultrapassagem Indevida";"Colisão frontal";"Com Vítimas Fatais";"Plena Noite";"Decrescente";"Céu Claro";"Simples";"Reta";"Sim";5;1;1;0;3;0;1;2;-9,079794;-68,66842;"SPRF-AC";"DEL01-AC";"UOP01-DEL01-AC"
489616;2022-11-10;"quinta-feira";"22:45:00";"MS";262;326;"CAMPO GRANDE";"Manobra de mudança de faixa";"Colisão lateral mesmo sentido";"Com Vítimas Feridas";"Plena Noite";"Decrescente";"Céu Claro";"Dupla";"Reta";"Sim";3;0;1;0;2;0;1;2;-20,46867409;-54,53455902;"SPRF-MS";"DEL01-MS";"UOP01-DEL01-MS"
489617;2022-11-29;"terça-feira";"10:15:00";"SP";116;515;"CAJATI";"Avarias e/ou desgaste excessivo no pneu";"Saída de leito carroçável";"Sem Vítimas";"Pleno dia";"Decrescente";"Chuva";"Simples";"Curva";"Não";1;0;0;0;1;0;0;1;-24,86704083;-48,21738184;"SPRF-SP";"DEL05-SP";"UOP02-DEL05-SP"
489618;2022-11-29;"terça-feira";"11:40:00";"RN";101;101;"PARNAMIRIM";"Condutor deixou de manter distância do veículo da frente";"Colisão transversal";"Com Vítimas Feridas";"Pleno dia";"Crescente";"Céu Claro";"Dupla";"Interseção de Vias";"Sim";2;0;1;0;1;0;1;2;-5,88608401;-35,23007389;"SPRF-RN";"DEL01-RN";"UOP01-DEL01-RN"
489619;2022-11-29;"terça-feira";"09:20:00";"AC";364;138;"RIO BRANCO";"Acessar a via sem observar a presença dos outros veículos";"Colisão transversal";"Com Vítimas Feridas";"Pleno dia";"Decrescente";"Céu Claro";"Dupla";"Reta";"Sim";2;0;0;1;1;0;1;2;-9,96112502;-67,85646604;"SPRF-AC";"DEL01-AC";"UOP01-DEL01-AC"
489620;2022-11-29;"terça-feira";"11:15:00";"RN";101;125,8;"SAO JOSE DE MIPIBU";"Pista Escorregadia";"Tombamento";"Com Vítimas Feridas";"Pleno dia";"Crescente";"Céu Claro";"Dupla";"Retorno Regulamentado";"Sim";1;0;1;0;0;0;1;1;-6,07815599;-35,23412006;"SPRF-RN";"DEL01-RN";"UOP01-DEL01-RN"
489621;2022-11-29;"terça-feira";"11:00:00";"GO";60;256;"INDIARA";"Reação tardia ou ineficiente do condutor";"Saída de leito carroçável";"Com Vítimas Feridas";"Pleno dia";"Crescente";"Sol";"Dupla";"Reta";"Não";3;0;2;0;1;0;2;1;-17,147;-50,011;"SPRF-GO";"DEL01-GO";"UOP02-DEL01-GO"
489623;2022-11-29;"terça-feira";"10:20:00";"MG";262;428,7;"SAO GONCALO DO PARA";"Ausência de reação do condutor";"Saída de leito carroçável";"Com Vítimas Feridas";"Pleno dia";"Crescente";"Céu Claro";"Dupla";"Retorno Regulamentado";"Não";1;0;1;0;0;0;1;1;-19,88673132;-44,78673594;"SPRF-MG";"DEL08-MG";"UOP03-DEL08-MG"
489626;2022-11-29;"terça-feira";"12:10:00";"SP";381;19;"BRAGANCA PAULISTA";"Ausência de reação do condutor";"Capotamento";"Com Vítimas Feridas";"Pleno dia";"Decrescente";"Chuva";"Dupla";"Reta";"Não";3;0;1;1;1;0;2;1;-22,98125485;-46,49450306;"SPRF-SP";"DEL03-SP";"UOP02-DEL03-SP"
489627;2022-11-29;"terça-feira";"08:45:00";"RJ";101;593;"PARATY";"Chuva";"Colisão com objeto";"Com Vítimas Feridas";"Pleno dia";"Crescente";"Chuva";"Simples";"Reta";"Não";1;0;1;0;0;0;1;1;-23,32383231;-44,72925784;"SPRF-RJ";"DEL03-RJ";"UOP02-DEL03-RJ"
489628;2022-11-29;"terça-feira";"11:15:00";"RR";401;7;"CANTA";"Conversão proibida";"Colisão lateral mesmo sentido";"Com Vítimas Feridas";"Pleno dia";"Crescente";"Céu Claro";"Dupla";"Retorno Regulamentado";"Sim";4;0;0;2;1;1;2;3;2,79051846;-60,64300847;"SPRF-RR";"DEL01-RR";"UOP01-DEL01-RR"
489629;2022-11-21;"segunda-feira";"09:20:00";"RJ";101;58;"CAMPOS DOS GOYTACAZES";"Condutor deixou de manter distância do veículo da frente";"Colisão traseira";"Com Vítimas Feridas";"Pleno dia";"Decrescente";"Chuva";"Simples";"Reta";"Sim";2;0;1;0;0;1;1;2;-21,70488703;-41,30979616;"SPRF-RJ";"DEL08-RJ";"UOP01-DEL08-RJ"
489630;2022-11-29;"terça-feira";"12:47:00";"PB";230;55,3;"CRUZ DO ESPIRITO SANTO";"Condutor Dormindo";"Capotamento";"Com Vítimas Feridas";"Pleno dia";"Crescente";"Céu Claro";"Dupla";"Reta";"Não";3;0;3;0;0;0;3;1;-7,2014;-35,0943;"SPRF-PB";"DEL01-PB";"UOP03-DEL01-PB"
489632;2022-11-29;"terça-feira";"10:30:00";"RR";174;475;"BOA VISTA";"Avarias e/ou desgaste excessivo no pneu";"Saída de leito carroçável";"Com Vítimas Feridas";"Pleno dia";"Crescente";"Céu Claro";"Simples";"Reta";"Não";2;0;2;0;0;0;2;1;2,662302;-60,872585;"SPRF-RR";"DEL01-RR";"UOP01-DEL01-RR"
489633;2022-11-18;"sexta-feira";"11:30:00";"PA";230;390;"PACAJA";"Afundamento ou ondulação no pavimento";"Eventos atípicos";"Sem Vítimas";"Pleno dia";"Decrescente";"Céu Claro";"Simples";"Declive;Curva";"Não";2;0;0;0;2;0;0;1;-3,86348005;-50,43989878;"SPRF-PA";"DEL03-PA";"UOP01-DEL03-PA"
489634;2022-08-22;"segunda-feira";"15:25:00";"SP";116;275;"EMBU DAS ARTES";"Manobra de mudança de faixa";"Colisão lateral mesmo sentido";"Com Vítimas Feridas";"Pleno dia";"Decrescente";"Céu Claro";"Dupla";"Reta";"Sim";2;0;1;0;1;0;1;2;-23,63638826;-46,83251584;"SPRF-SP";"DEL04-SP";"UOP01-DEL04-SP"
489635;2022-11-22;"terça-feira";"20:00:00";"MG";116;71;"MEDINA";"Velocidade Incompatível";"Tombamento";"Com Vítimas Feridas";"Plena Noite";"Decrescente";"Céu Claro";"Simples";"Curva";"Não";1;0;0;1;0;0;1;1;-16,21758;-41,471632;"SPRF-MG";"DEL11-MG";"UOP02-DEL11-MG"
489636;2022-11-29;"terça-feira";"09:30:00";"SC";280;3,8;"SAO FRANCISCO DO SUL";"Desrespeitar a preferência no cruzamento";"Colisão transversal";"Com Vítimas Feridas";"Pleno dia";"Decrescente";"Garoa/Chuvisco";"Simples";"Interseção de Vias";"Sim";2;0;1;0;1;0;1;2;-26,25192169;-48,6177206;"SPRF-SC";"DEL03-SC";"UOP03-DEL03-SC"