"id";"data_inversa";"dia_semana";"horario";"uf";"br";"km";"municipio";"causa_acidente";"tipo_acidente";"classificacao_acidente";"fase_dia";"sentido_via";"condicao_metereologica";"tipo_pista";"tracado_via";"uso_solo";"pessoas";"mortos";"feridos_leves";"feridos_graves";"ilesos";"ignorados";"feridos";"veiculos";"latitude";"longitude";"regional";"delegacia";"uop"
489638;2022-11-29;"terça-feira";"13:50:00";"PR";116;141;"MANDIRITUBA";"Acessar a via sem observar a presença dos outros veículos";"Colisão transversal";"Com Vítimas Feridas";"Pleno dia";"Crescente";"Céu Claro";"Dupla";"Reta";"Não";5;0;2;0;3;0;2;2;-25,73749;-49,31762782;"SPRF-PR";"DEL01-PR";"UOP03-DEL01-PR"
489639;2022-11-13;"domingo";"04:30:00";"MA";226;506;"LAJEADO NOVO";"Transitar na contramão";"Colisão frontal";"Com Vítimas Fatais";"Pleno dia";"Crescente";"Céu Claro";"Simples";"Reta";"Não";7;2;0;0;5;0;0;2;-6,12917396;-46,85431202;"SPRF-MA";"DEL04-MA";"UOP02-DEL04-MA"
489642;2022-11-29;"terça-feira";"06:30:00";"ES";259;61,7;"COLATINA";"Acumulo de areia ou detritos sobre o pavimento";"Queda de ocupante de veículo";"Com Vítimas Feridas";"Pleno dia";"Crescente";"Céu Claro";"Simples";"Curva";"Não";1;0;0;1;0;0;1;1;-19,53079717;-40,68209478;"SPRF-ES";"DEL02-ES";"UOP01-DEL02-ES"
489643;2022-11-29;"terça-feira";"14:00:00";"SE";101;123;"ITAPORANGA DAJUDA";"Chuva";"Colisão com objeto";"Sem Vítimas";"Pleno dia";"Decrescente";"Chuva";"Dupla";"Reta";"Não";1;0;0;0;1;0;0;1;-11,03730971;-37,3646369;"SPRF-SE";"DEL02-SE";"UOP01-DEL02-SE"
489644;2022-11-21;"segunda-feira";"21:55:00";"PI";135;352;"BOM JESUS";"Animais na Pista";"Atropelamento de Animal";"Com Vítimas Feridas";"Plena Noite";"Crescente";"Nublado";"Simples";"Reta";"Sim";1;0;1;0;0;0;1;1;-9,07531116;-44,35476699;"SPRF-PI";"DEL03-PI";"UOP02-DEL03-PI"
489645;2022-11-29;"terça-feira";"07:15:00";"SE";235;6;"NOSSA SENHORA DO SOCORRO";"Animais na Pista";"Atropelamento de Animal";"Com Vítimas Feridas";"Pleno dia";"Decrescente";"Céu Claro";"Dupla";"Reta";"Não";1;0;0;1;0;0;1;1;-10,903851;-37,128677;"SPRF-SE";"DEL01-SE";"UOP01-DEL01-SE"
489648;2022-11-29;"terça-feira";"12:30:00";"BA";415;27;"ILHEUS";"Velocidade Incompatível";"Colisão com objeto";"Com Vítimas Feridas";"Pleno dia";"Crescente";"Céu Claro";"Simples";"Curva";"Não";3;0;2;0;1;0;2;1;-14,8482;-39,281986;"SPRF-BA";"DEL05-BA";"UOP01-DEL05-BA"
489651;2022-11-07;"segunda-feira";"09:50:00";"RN";101;83;"NATAL";"Acessar a via sem observar a presença dos outros veículos";"Colisão transversal";"Com Vítimas Feridas";"Pleno dia";"Decrescente";"Céu Claro";"Simples";"Reta";"Sim";2;0;1;0;1;0;1;2;-5,7710445;-35,26616981;"SPRF-RN";"DEL02-RN";"UOP01-DEL02-RN"
489652;2022-11-29;"terça-feira";"13:40:00";"SE";101;37,3;"CAPELA";"Chuva";"Saída de leito carroçável";"Com Vítimas Feridas";"Pleno dia";"Crescente";"Chuva";"Dupla";"Reta";"Não";4;0;3;0;1;0;3;1;-10,50122699;-36,94528014;"SPRF-SE";"DEL02-SE";"UOP02-DEL02-SE"
489654;2022-11-29;"terça-feira";"13:30:00";"PE";101;19;"GOIANA";"Ultrapassagem Indevida";"Saída de leito carroçável";"Com Vítimas Fatais";"Pleno dia";"Crescente";"Céu Claro";"Dupla";"Reta";"Não";1;1;0;0;0;0;0;1;-7,65403379;-34,94408281;"SPRF-PE";"DEL01-PE";"UOP02-DEL01-PE"
489655;2022-11-29;"terça-feira";"11:35:00";"RS";285;464,6;"IJUI";"Acessar a via sem observar a presença dos outros veículos";"Colisão transversal";"Com Vítimas Feridas";"Pleno dia";"Crescente";"Sol";"Simples";"Interseção de Vias";"Não";2;0;0;1;1;0;1;2;-28,40119695;-53,95510197;"SPRF-RS";"DEL10-RS";"UOP01-DEL10-RS"
489656;2022-11-29;"terça-feira";"08:20:00";"PR";373;176;"PONTA GROSSA";"Ausência de reação do condutor";"Colisão traseira";"Com Vítimas Feridas";"Pleno dia";"Decrescente";"Garoa/Chuvisco";"Dupla";"Reta";"Sim";2;0;1;0;1;0;1;2;-25,06082803;-50,21845202;"SPRF-PR";"DEL03-PR";"UOP01-DEL03-PR"
489658;2022-11-29;"terça-feira";"06:10:00";"PE";232;15,3;"JABOATAO DOS GUARARAPES";"Reação tardia ou ineficiente do condutor";"Saída de leito carroçável";"Com Vítimas Feridas";"Pleno dia";"Decrescente";"Nublado";"Dupla";"Curva";"Não";1;0;1;0;0;0;1;1;-8,093673;-35,031621;"SPRF-PE";"DEL01-PE";"UOP01-DEL01-PE"
489659;2022-11-29;"terça-feira";"12:45:00";"PR";373;270;"PRUDENTOPOLIS";"Animais na Pista";"Atropelamento de Animal";"Com Vítimas Feridas";"Pleno dia";"Decrescente";"Nublado";"Simples";"Curva";"Não";1;0;1;0;0;0;1;1;-25,22883344;-51,03210758;"SPRF-PR";"DEL08-PR";"UOP01-DEL08-PR"
489661;2022-11-29;"terça-feira";"12:30:00";"AC";364;124;"RIO BRANCO";"Condutor deixou de manter distância do veículo da frente";"Colisão traseira";"Com Vítimas Feridas";"Pleno dia";"Crescente";"Sol";"Dupla";"Reta";"Sim";3;0;2;0;1;0;2;2;-10,01152469;-67,79140099;"SPRF-AC";"DEL01-AC";"UOP01-DEL01-AC"
489663;2022-11-29;"terça-feira";"13:50:00";"MS";163;233,5;"CAARAPO";"Reação tardia ou ineficiente do condutor";"Colisão traseira";"Com Vítimas Feridas";"Pleno dia";"Crescente";"Céu Claro";"Dupla";"Reta";"Não";3;0;1;0;2;0;1;2;-22,43623981;-54,81995018;"SPRF-MS";"DEL04-MS";"UOP02-DEL04-MS"
489664;2022-11-29;"terça-feira";"11:50:00";"PE";101;82;"JABOATAO DOS GUARARAPES";"Acessar a via sem observar a presença dos outros veículos";"Colisão traseira";"Com Vítimas Feridas";"Pleno dia";"Crescente";"Céu Claro";"Simples";"Retorno Regulamentado";"Sim";2;0;1;0;1;0;1;2;-8,168383;-34,9376;"SPRF-PE";"DEL01-PE";"UOP01-DEL01-PE"
489665;2022-11-29;"terça-feira";"15:05:00";"SC";101;101;"BALNEARIO PICARRAS";"Ausência de reação do condutor";"Saída de leito carroçável";"Sem Vítimas";"Pleno dia";"Decrescente";"Garoa/Chuvisco";"Múltipla";"Reta";"Sim";1;0;0;0;0;1;0;1;-26,76404198;-48,68657667;"SPRF-SC";"DEL03-SC";"UOP02-DEL03-SC"
489668;2022-11-29;"terça-feira";"07:15:00";"TO";153;148;"ARAGUAINA";"Acessar a via sem observar a presença dos outros veículos";"Colisão transversal";"Com Vítimas Feridas";"Pleno dia";"Crescente";"Chuva";"Simples";"Reta;Interseção de Vias;Rotatória";"Não";2;0;1;0;1;0;1;2;-7,23023092;-48,25208725;"SPRF-TO";"DEL02-TO";"UOP01-DEL02-TO"
489671;2022-11-29;"terça-feira";"07:00:00";"GO";153;549,8;"PIRACANJUBA";"Pista Escorregadia";"Saída de leito carroçável";"Com Vítimas Feridas";"Pleno dia";"Crescente";"Chuva";"Dupla";"Reta";"Não";1;0;1;0;0;0;1;1;-17,1321;-49,2141;"SPRF-GO";"DEL01-GO";"UOP03-DEL01-GO"
489675;2022-11-29;"terça-feira";"11:40:00";"MG";365;386;"PATOS DE MINAS";"Avarias e/ou desgaste excessivo no pneu";"Colisão frontal";"Com Vítimas Fatais";"Pleno dia";"Decrescente";"Céu Claro";"Simples";"Reta";"Não";2;1;0;1;0;0;1;2;-18,60051001;-46,28239399;"SPRF-MG";"DEL10-MG";"UOP01-DEL10-MG"
489676;2022-11-14;"segunda-feira";"16:30:00";"MS";163;553,5;"BANDEIRANTES";"Demais falhas mecânicas ou elétricas";"Tombamento";"Com Vítimas Feridas";"Pleno dia";"Crescente";"Nublado";"Simples";"Declive;Reta";"Não";2;0;2;0;0;0;2;1;-19,88202;-54,37397499;"SPRF-MS";"DEL01-MS";"UOP02-DEL01-MS"
489677;2022-11-29;"terça-feira";"16:15:00";"PE";232;129;"CARUARU";"Manobra de mudança de faixa";"Queda de ocupante de veículo";"Com Vítimas Feridas";"Pleno dia";"Crescente";"Céu Claro";"Dupla";"Reta";"Sim";1;0;1;0;0;0;1;1;-8,30193507;-35,98092002;"SPRF-PE";"DEL02-PE";"UOP01-DEL02-PE"
489682;2022-11-26;"sábado";"11:30:00";"RO";364;250;"CACOAL";"Falta de elemento de contenção que evite a saída do leito carroçável";"Saída de leito carroçável";"Sem Vítimas";"Pleno dia";"Decrescente";"Céu Claro";"Simples";"Reta";"Não";1;0;0;0;1;0;0;1;-11,43783259;-61,56075099;"SPRF-RO";"DEL02-RO";"UOP02-DEL02-RO"
489684;2022-11-29;"terça-feira";"10:10:00";"SC";282;1,7;"FLORIANOPOLIS";"Condutor deixou de manter distância do veículo da frente";"Colisão traseira";"Com Vítimas Feridas";"Pleno dia";"Decrescente";"Chuva";"Múltipla";"Reta";"Sim";2;0;0;1;1;0;1;2;-27,602955;-48,580509;"SPRF-SC";"DEL01-SC";"UOP01-DEL01-SC"
489686;2022-11-29;"terça-feira";"14:10:00";"BA";135;296;"SAO DESIDERIO";"Restrição de visibilidade em curvas verticais";"Colisão transversal";"Com Vítimas Fatais";"Pleno dia";"Crescente";"Sol";"Simples";"Reta";"Não";3;1;0;2;0;0;2;2;-12,97206002;-44,65341479;"SPRF-BA";"DEL08-BA";"UOP04-DEL08-BA"
489687;2022-11-29;"terça-feira";"15:30:00";"BA";135;36;"FORMOSA DO RIO PRETO";"Reação tardia ou ineficiente do condutor";"Saída de leito carroçável";"Com Vítimas Fatais";"Pleno dia";"Decrescente";"Chuva";"Simples";"Declive";"Não";5;1;4;0;0;0;4;1;-11,10004169;-45,1215653;"SPRF-BA";"DEL08-BA";"UOP04-DEL08-BA"
489688;2022-11-23;"quarta-feira";"08:28:00";"RS";386;339,2;"LAJEADO";"Acessar a via sem observar a presença dos outros veículos";"Colisão transversal";"Com Vítimas Feridas";"Pleno dia";"Decrescente";"Céu Claro";"Simples";"Curva;Interseção de Vias";"Não";2;0;0;1;1;0;1;2;-29,412543;-52,026492;"SPRF-RS";"DEL04-RS";"UOP01-DEL04-RS"
489690;2022-11-29;"terça-feira";"17:15:00";"DF";70;8;"BRASILIA";"Condutor deixou de manter distância do veículo da frente";"Colisão traseira";"Sem Vítimas";"Pleno dia";"Crescente";"Chuva";"Dupla";"Reta";"Sim";3;0;0;0;3;0;0;3;-15,784966;-48,122108;"SPRF-DF";"DEL03-DF";"UOP02-DEL03-DF"
489692;2022-11-29;"terça-feira";"16:39:00";"RJ";40;86;"PETROPOLIS";"Afundamento ou ondulação no pavimento";"Saída de leito carroçável";"Com Vítimas Feridas";"Anoitecer";"Decrescente";"Chuva";"Dupla";"Curva;Aclive";"Não";1;0;1;0;0;0;1;1;-22,53575484;-43,23295774;"SPRF-RJ";"DEL06-RJ";"UOP01-DEL06-RJ"
489693;2022-11-29;"terça-feira";"15:20:00";"SP";116;269,5;"TABOAO DA SERRA";"Reação tardia ou ineficiente do condutor";"Colisão traseira";"Com Vítimas Feridas";"Pleno dia";"Crescente";"Chuva";"Múltipla";"Reta";"Sim";4;0;1;1;2;0;2;2;-23,61593059;-46,78826044;"SPRF-SP";"DEL04-SP";"UOP01-DEL04-SP"
489695;2022-11-29;"terça-feira";"16:20:00";"MG";381;428;"CAETE";"Transitar na contramão";"Colisão frontal";"Com Vítimas Feridas";"Pleno dia";"Crescente";"Chuva";"Dupla";"Curva";"Não";5;0;4;0;1;0;4;2;-19,78885371;-43,70613892;"SPRF-MG";"DEL01-MG";"UOP01-DEL01-MG"
489697;2022-11-29;"terça-feira";"17:35:00";"SP";101;49;"UBATUBA";"Ingestão de álcool pelo condutor";"Colisão transversal";"Com Vítimas Feridas";"Anoitecer";"Decrescente";"Chuva";"Simples";"Reta";"Sim";2;0;2;0;0;0;2;2;-23,44410908;-45,08375708;"SPRF-SP";"DEL06-SP";"UOP01-DEL06-SP"
489698;2022-11-24;"quinta-feira";"09:50:00";"SC";116;302,1;"CAPAO ALTO";"Ultrapassagem Indevida";"Colisão lateral sentido oposto";"Com Vítimas Feridas";"Pleno dia";"Crescente";"Céu Claro";"Simples";"Reta";"Não";2;0;1;0;1;0;1;2;-28,17863551;-50,70117474;"SPRF-SC";"DEL05-SC";"UOP02-DEL05-SC"
489699;2022-11-29;"terça-feira";"16:25:00";"RJ";116;218;"ITAGUAI";"Demais falhas mecânicas ou elétricas";"Incêndio";"Sem Vítimas";"Pleno dia";"Decrescente";"Céu Claro";"Dupla";"Curva";"Não";1;0;0;0;1;0;0;1;-22,700907;-43,757046;"SPRF-RJ";"DEL01-RJ";"UOP03-DEL01-RJ"
489700;2022-11-29;"terça-feira";"17:30:00";"SC";101;218;"PALHOCA";"Condutor deixou de manter distância do veículo da frente";"Colisão traseira";"Com Vítimas Feridas";"Pleno dia";"Crescente";"Chuva";"Simples";"Reta";"Não";2;0;1;0;1;0;1;2;-27,6758601;-48,67052525;"SPRF-SC";"DEL01-SC";"UOP02-DEL01-SC"
489701;2022-10-08;"sábado";"16:45:00";"BA";101;367;"GANDU";"Reação tardia ou ineficiente do condutor";"Saída de leito carroçável";"Com Vítimas Feridas";"Pleno dia";"Decrescente";"Ignorado";"Simples";"Reta";"Sim";3;0;1;2;0;0;3;2;-13,75980748;-39,4886904;"SPRF-BA";"DEL05-BA";"UOP03-DEL05-BA"
489702;2022-11-29;"terça-feira";"16:00:00";"AP";210;4;"MACAPA";"Desrespeitar a preferência no cruzamento";"Colisão transversal";"Com Vítimas Feridas";"Pleno dia";"Crescente";"Chuva";"Dupla";"Interseção de Vias";"Sim";2;0;0;1;1;0;1;2;0,08824228;-51,09472897;"SPRF-AP";"DEL01-AP";"UOP01-DEL01-AP"
489703;2022-11-29;"terça-feira";"17:00:00";"SP";116;221;"GUARULHOS";"Ausência de reação do condutor";"Tombamento";"Com Vítimas Feridas";"Pleno dia";"Crescente";"Garoa/Chuvisco";"Múltipla";"Reta";"Não";1;0;1;0;0;0;1;1;-23,46802395;-46,50704901;"SPRF-SP";"DEL01-SP";"UOP01-DEL01-SP"
489705;2022-11-29;"terça-feira";"17:15:00";"PR";376;625,8;"SAO JOSE DOS PINHAIS";"Chuva";"Tombamento";"Com Vítimas Feridas";"Pleno dia";"Decrescente";"Chuva";"Simples";"Rotatória";"Não";1;0;1;0;0;0;1;1;-25,665923;-49,152535;"SPRF-PR";"DEL01-PR";"UOP04-DEL01-PR"
489708;2022-11-29;"terça-feira";"13:30:00";"MG";365;737;"CANAPOLIS";"Ausência de reação do condutor";"Colisão traseira";"Com Vítimas Feridas";"Pleno dia";"Crescente";"Chuva";"Simples";"Reta";"Não";2;0;1;0;1;0;1;2;-18,907254;-49,336987;"SPRF-MG";"DEL15-MG";"UOP03-DEL15-MG"
489709;2022-11-29;"terça-feira";"18:20:00";"MG";381;492,4;"BETIM";"Ausência de reação do condutor";"Engavetamento";"Com Vítimas Feridas";"Anoitecer";"Decrescente";"Nublado";"Múltipla";"Reta";"Sim";7;0;3;0;3;1;3;5;-19,96173215;-44,16126251;"SPRF-MG";"DEL01-MG";"UOP03-DEL01-MG"
489710;2022-11-29;"terça-feira";"17:55:00";"SC";101;206;"SAO JOSE";"Acumulo de água sobre o pavimento";"Tombamento";"Com Vítimas Feridas";"Anoitecer";"Crescente";"Chuva";"Múltipla";"Interseção de Vias";"Sim";1;0;1;0;0;0;1;1;-27,59193546;-48,61824557;"SPRF-SC";"DEL01-SC";"UOP01-DEL01-SC"
489711;2022-11-29;"terça-feira";"17:50:00";"CE";116;6;"FORTALEZA";"Condutor deixou de manter distância do veículo da frente";"Engavetamento";"Com Vítimas Feridas";"Anoitecer";"Decrescente";"Céu Claro";"Múltipla";"Reta";"Não";4;0;4;0;0;0;4;4;-3,802624;-38,50400499;"SPRF-CE";"DEL01-CE";"UOP02-DEL01-CE"
489712;2022-11-29;"terça-feira";"15:30:00";"MG";153;39;"CANAPOLIS";"Ausência de reação do condutor";"Colisão traseira";"Com Vítimas Feridas";"Pleno dia";"Decrescente";"Chuva";"Dupla";"Retorno Regulamentado";"Não";3;0;2;0;1;0;2;2;-18,73850891;-49,09966792;"SPRF-MG";"DEL15-MG";"UOP03-DEL15-MG"
489713;2022-11-29;"terça-feira";"17:30:00";"PR";376;231,5;"APUCARANA";"Ingestão de álcool pelo condutor";"Colisão transversal";"Com Vítimas Feridas";"Pleno dia";"Crescente";"Nublado";"Dupla";"Interseção de Vias";"Sim";3;0;2;0;1;0;2;2;-23,56676726;-51,52385652;"SPRF-PR";"DEL07-PR";"UOP03-DEL07-PR"
489714;2022-11-29;"terça-feira";"18:20:00";"RS";116;511;"PELOTAS";"Ausência de reação do condutor";"Colisão traseira";"Sem Vítimas";"Pleno dia";"Decrescente";"Céu Claro";"Dupla";"Reta";"Não";2;0;0;0;2;0;0;2;-31,62896074;-52,32311021;"SPRF-RS";"DEL07-RS";"UOP01-DEL07-RS"
489715;2022-11-29;"terça-feira";"18:50:00";"SC";101;191;"BIGUACU";"Velocidade Incompatível";"Saída de leito carroçável";"Sem Vítimas";"Anoitecer";"Crescente";"Chuva";"Dupla";"Curva";"Não";1;0;0;0;1;0;0;1;-27,47730273;-48,64127329;"SPRF-SC";"DEL01-SC";"UOP01-DEL01-SC"
489716;2022-11-29;"terça-feira";"07:30:00";"MS";376;37;"VICENTINA";"Reação tardia ou ineficiente do condutor";"Colisão traseira";"Com Vítimas Feridas";"Pleno dia";"Crescente";"Céu Claro";"Simples";"Reta";"Não";2;0;1;0;1;0;1;2;-22,40616069;-54,44335027;"SPRF-MS";"DEL04-MS";"UOP01-DEL04-MS"
489717;2022-11-29;"terça-feira";"18:00:00";"PR";369;57;"BANDEIRANTES";"Desrespeitar a preferência no cruzamento";"Colisão transversal";"Com Vítimas Feridas";"Anoitecer";"Crescente";"Garoa/Chuvisco";"Simples";"Reta";"Sim";2;0;1;0;1;0;1;2;-23,13380246;-50,40048122;"SPRF-PR";"DEL07-PR";"UOP05-DEL07-PR"
489718;2022-11-29;"terça-feira";"19:30:00";"SP";116;218;"GUARULHOS";"Trafegar com motocicleta (ou similar) entre as faixas";"Colisão lateral mesmo sentido";"Com Vítimas Feridas";"Plena Noite";"Decrescente";"Céu Claro";"Dupla";"Reta";"Sim";3;0;0;1;1;1;1;3;-23,4239774;-46,3979645;"SPRF-SP";"DEL01-SP";"UOP01-DEL01-SP"
489720;2022-11-29;"terça-feira";"16:05:00";"PR";376;391;"IMBAU";"Acumulo de água sobre o pavimento";"Saída de leito carroçável";"Com Vítimas Feridas";"Pleno dia";"Decrescente";"Chuva";"Dupla";"Curva";"Não";5;0;5;0;0;0;5;1;-24,53023946;-50,69807528;"SPRF-PR";"DEL03-PR";"UOP02-DEL03-PR"
489722;2022-11-29;"terça-feira";"16:53:00";"MT";174;279;"PONTES E LACERDA";"Reação tardia ou ineficiente do condutor";"Tombamento";"Com Vítimas Feridas";"Pleno dia";"Decrescente";"Céu Claro";"Simples";"Reta";"Não";1;0;1;0;0;0;1;1;-15,30142908;-59,26108206;"SPRF-MT";"DEL04-MT";"UOP01-DEL04-MT"
489724;2022-11-29;"terça-feira";"19:01:00";"SP";153;47,9;"SAO JOSE DO RIO PRETO";"Chuva";"Colisão com objeto";"Com Vítimas Feridas";"Plena Noite";"Crescente";"Chuva";"Simples";"Declive";"Não";1;0;1;0;0;0;1;1;-20,68199298;-49,34015562;"SPRF-SP";"DEL09-SP";"UOP01-DEL09-SP"
489725;2022-11-29;"terça-feira";"18:00:00";"RJ";40;72;"PETROPOLIS";"Demais falhas mecânicas ou elétricas";"Capotamento";"Com Vítimas Feridas";"Plena Noite";"Decrescente";"Chuva";"Dupla";"Curva";"Não";1;0;1;0;0;0;1;1;-22,4585308;-43,21600514;"SPRF-RJ";"DEL06-RJ";"UOP01-DEL06-RJ"
489727;2022-11-29;"terça-feira";"18:30:00";"BA";324;610;"SIMOES FILHO";"Condutor deixou de manter distância do veículo da frente";"Colisão traseira";"Sem Vítimas";"Plena Noite";"Decrescente";"Céu Claro";"Dupla";"Reta";"Sim";2;0;0;0;2;0;0;2;-12,841152;-38,41519;"SPRF-BA";"DEL01-BA";"UOP01-DEL01-BA"
489730;2022-08-05;"sexta-feira";"08:00:00";"RN";304;219;"CAICARA DO RIO DO VENTO";"Acessar a via sem observar a presença dos outros veículos";"Colisão transversal";"Com Vítimas Feridas";"Pleno dia";"Crescente";"Ignorado";"Simples";"Reta";"Não";2;0;0;1;1;0;1;2;-5,74840756;-35,94329757;"SPRF-RN";"DEL01-RN";"UOP03-DEL01-RN"
489731;2022-11-29;"terça-feira";"19:55:00";"PR";277;60,5;"SAO JOSE DOS PINHAIS";"Ausência de reação do condutor";"Colisão com objeto";"Sem Vítimas";"Plena Noite";"Decrescente";"Chuva";"Dupla";"Reta";"Não";3;0;0;0;3;0;0;2;-25,57289907;-48,99037703;"SPRF-PR";"DEL01-PR";"UOP01-DEL01-PR"
489732;2022-11-29;"terça-feira";"19:14:00";"MS";163;726;"COXIM";"Manobra de mudança de faixa";"Colisão transversal";"Com Vítimas Feridas";"Plena Noite";"Decrescente";"Céu Claro";"Simples";"Reta;Interseção de Vias";"Sim";2;0;0;1;1;0;1;2;-18,54433098;-54,74667804;"SPRF-MS";"DEL06-MS";"UOP01-DEL06-MS"
489734;2022-11-29;"terça-feira";"17:15:00";"RO";364;157;"PIMENTA BUENO";"Ausência de reação do condutor";"Queda de ocupante de veículo";"Com Vítimas Feridas";"Pleno dia";"Crescente";"Sol";"Simples";"Reta";"Não";1;0;1;0;0;0;1;1;-11,94557397;-60,95944478;"SPRF-RO";"DEL02-RO";"UOP02-DEL02-RO"
489735;2022-11-29;"terça-feira";"17:40:00";"RO";364;221,6;"PIMENTA BUENO";"Condutor deixou de manter distância do veículo da frente";"Engavetamento";"Com Vítimas Feridas";"Anoitecer";"Crescente";"Céu Claro";"Simples";"Reta";"Não";4;0;1;0;3;0;1;3;-11,52919208;-61,33069104;"SPRF-RO";"DEL02-RO";"UOP02-DEL02-RO"
489736;2022-11-29;"terça-feira";"20:00:00";"ES";101;268,5;"SERRA";"Condutor deixou de manter distância do veículo da frente";"Colisão traseira";"Sem Vítimas";"Plena Noite";"Decrescente";"Chuva";"Dupla";"Reta";"Sim";2;0;0;0;1;1;0;2;-20,20842;-40,269405;"SPRF-ES";"DEL02-ES";"UOP01-DEL02-ES"
489737;2022-11-29;"terça-feira";"20:15:00";"MG";262;53,3;"MANHUACU";"Pista esburacada";"Tombamento";"Com Vítimas Feridas";"Plena Noite";"Crescente";"Nublado";"Simples";"Reta";"Não";1;0;1;0;0;0;1;1;-20,25369201;-42,15987098;"SPRF-MG";"DEL06-MG";"UOP03-DEL06-MG"
489738;2022-11-29;"terça-feira";"14:45:00";"PI";316;274;"DOM EXPEDITO LOPES";"Reação tardia ou ineficiente do condutor";"Saída de leito carroçável";"Com Vítimas Feridas";"Pleno dia";"Crescente";"Chuva";"Simples";"Reta";"Não";2;0;1;0;1;0;1;1;-6,94682117;-41,73317416;"SPRF-PI";"DEL04-PI";"UOP01-DEL04-PI"
489740;2022-11-29;"terça-feira";"19:23:00";"AP";210;2,1;"MACAPA";"Conversão proibida";"Colisão transversal";"Com Vítimas Feridas";"Plena Noite";"Crescente";"Garoa/Chuvisco";"Dupla";"Reta;Declive;Retorno Regulamentado";"Sim";4;0;2;0;2;0;2;2;0,08410309;-51,07966539;"SPRF-AP";"DEL01-AP";"UOP01-DEL01-AP"
489741;2022-11-29;"terça-feira";"07:00:00";"SC";101;108;"PENHA";"Ausência de reação do condutor";"Capotamento";"Sem Vítimas";"Pleno dia";"Crescente";"Chuva";"Dupla";"Reta";"Não";1;0;0;0;1;0;0;1;-26,82606902;-48,69052298;"SPRF-SC";"DEL03-SC";"UOP02-DEL03-SC"
489744;2022-11-29;"terça-feira";"17:45:00";"MG";50;177;"UBERABA";"Transitar na contramão";"Colisão frontal";"Com Vítimas Feridas";"Pleno dia";"Crescente";"Nublado";"Dupla";"Curva";"Sim";2;0;0;1;1;0;1;2;-19,779409;-47,948483;"SPRF-MG";"DEL13-MG";"UOP01-DEL13-MG"
489746;2022-11-29;"terça-feira";"21:20:00";"GO";70;6;"AGUAS LINDAS DE GOIAS";"Ausência de reação do condutor";"Colisão traseira";"Com Vítimas Feridas";"Plena Noite";"Crescente";"Céu Claro";"Múltipla";"Reta";"Sim";2;0;1;0;1;0;1;2;-15,75049381;-48,2612381;"SPRF-DF";"DEL03-DF";"UOP02-DEL03-DF"
489748;2022-11-29;"terça-feira";"18:25:00";"RS";290;107,5;"ELDORADO DO SUL";"Acessar a via sem observar a presença dos outros veículos";"Colisão transversal";"Com Vítimas Feridas";"Pleno dia";"Crescente";"Céu Claro";"Dupla";"Curva";"Sim";2;0;1;1;0;0;2;2;-30,001852;-51,304264;"SPRF-RS";"DEL02-RS";"UOP01-DEL02-RS"
489749;2022-11-29;"terça-feira";"20:30:00";"RJ";40;102;"DUQUE DE CAXIAS";"Acessar a via sem observar a presença dos outros veículos";"Colisão transversal";"Com Vítimas Feridas";"Plena Noite";"Decrescente";"Céu Claro";"Múltipla";"Reta";"Sim";2;0;1;0;1;0;1;2;-22,61089297;-43,28656077;"SPRF-RJ";"DEL01-RJ";"UOP01-DEL01-RJ"
489750;2022-11-29;"terça-feira";"21:30:00";"GO";40;8,6;"LUZIANIA";"Manobra de mudança de faixa";"Colisão traseira";"Com Vítimas Feridas";"Plena Noite";"Crescente";"Céu Claro";"Dupla";"Retorno Regulamentado";"Sim";2;0;1;0;1;0;1;2;-16,116158;-47,96761;"SPRF-DF";"DEL01-DF";"UOP01-DEL01-DF"
489751;2022-11-17;"quinta-feira";"20:30:00";"RJ";493;2;"ITABORAI";"Velocidade Incompatível";"Colisão frontal";"Com Vítimas Feridas";"Plena Noite";"Crescente";"Céu Claro";"Simples";"Reta";"Sim";2;0;1;0;1;0;1;2;-22,75950214;-42,93544822;"SPRF-RJ";"DEL02-RJ";"UOP02-DEL02-RJ"
489756;2022-11-29;"terça-feira";"19:00:00";"PI";316;308;"PICOS";"Ausência de sinalização";"Colisão lateral mesmo sentido";"Com Vítimas Feridas";"Plena Noite";"Crescente";"Céu Claro";"Simples";"Reta";"Não";3;0;3;0;0;0;3;2;-7,07773683;-41,492757;"SPRF-PI";"DEL04-PI";"UOP01-DEL04-PI"
489757;2022-11-29;"terça-feira";"19:04:00";"RO";364;384;"OURO PRETO DO OESTE";"Ultrapassagem Indevida";"Queda de ocupante de veículo";"Com Vítimas Feridas";"Plena Noite";"Decrescente";"Céu Claro";"Simples";"Interseção de Vias";"Sim";2;0;1;0;0;1;1;2;-10,71524933;-62,25065352;"SPRF-RO";"DEL02-RO";"UOP01-DEL02-RO"
489759;2022-11-20;"domingo";"10:25:00";"MS";163;311;"RIO BRILHANTE";"Ingestão de álcool pelo condutor";"Saída de leito carroçável";"Sem Vítimas";"Pleno dia";"Crescente";"Céu Claro";"Dupla";"Reta";"Não";1;0;0;0;1;0;0;1;-21,88665197;-54,52405751;"SPRF-MS";"DEL02-MS";"UOP02-DEL02-MS"