"id";"data_inversa";"dia_semana";"horario";"uf";"br";"km";"municipio";"causa_acidente";"tipo_acidente";"classificacao_acidente";"fase_dia";"sentido_via";"condicao_metereologica";"tipo_pista";"tracado_via";"uso_solo";"pessoas";"mortos";"feridos_leves";"feridos_graves";"ilesos";"ignorados";"feridos";"veiculos";"latitude";"longitude";"regional";"delegacia";"uop"
489760;2022-11-29;"terça-feira";"21:45:00";"RS";116;248;"SAO LEOPOLDO";"Acessar a via sem observar a presença dos outros veículos";"Colisão transversal";"Com Vítimas Feridas";"Plena Noite";"Decrescente";"Céu Claro";"Múltipla";"Interseção de Vias";"Sim";2;0;1;0;1;0;1;2;-29,77754136;-51,15532637;"SPRF-RS";"DEL01-RS";"UOP02-DEL01-RS"
489762;2022-11-29;"terça-feira";"17:38:00";"RJ";101;322;"NITEROI";"Ausência de reação do condutor";"Colisão com objeto";"Com Vítimas Feridas";"Pleno dia";"Decrescente";"Céu Claro";"Simples";"Reta";"Não";2;0;1;0;0;1;1;2;-22,878923;-43,110676;"SPRF-RJ";"DEL02-RJ";"UOP01-DEL02-RJ"
489763;2022-11-21;"segunda-feira";"01:50:00";"SP";116;312;"SAO LOURENCO DA SERRA";"Iluminação deficiente";"Eventos atípicos";"Sem Vítimas";"Plena Noite";"Decrescente";"Céu Claro";"Dupla";"Reta";"Não";2;0;0;0;2;0;0;1;-23,88342825;-46,97368879;"SPRF-SP";"DEL04-SP";"UOP01-DEL04-SP"
489764;2022-11-29;"terça-feira";"19:45:00";"RO";364;691;"PORTO VELHO";"Acumulo de areia ou detritos sobre o pavimento";"Capotamento";"Sem Vítimas";"Plena Noite";"Crescente";"Céu Claro";"Dupla";"Reta";"Não";1;0;0;0;0;1;0;1;-8,7961943;-63,68738597;"SPRF-RO";"DEL01-RO";"UOP01-DEL01-RO"
489765;2022-11-29;"terça-feira";"22:35:00";"MG";50;41,4;"ARAGUARI";"Ingestão de álcool pelo condutor";"Colisão com objeto";"Com Vítimas Feridas";"Plena Noite";"Decrescente";"Céu Claro";"Dupla";"Reta";"Não";1;0;1;0;0;0;1;1;-18,682136;-48,17887197;"SPRF-MG";"DEL15-MG";"UOP02-DEL15-MG"
489769;2022-11-29;"terça-feira";"21:30:00";"MG";381;942;"EXTREMA";"Reação tardia ou ineficiente do condutor";"Saída de leito carroçável";"Com Vítimas Feridas";"Plena Noite";"Decrescente";"Chuva";"Dupla";"Curva";"Não";2;0;1;0;1;0;1;1;-22,86605937;-46,34940386;"SPRF-MG";"DEL16-MG";"UOP03-DEL16-MG"
489774;2022-11-30;"quarta-feira";"01:30:00";"SC";101;271,7;"IMBITUBA";"Objeto estático sobre o leito carroçável";"Colisão traseira";"Com Vítimas Feridas";"Plena Noite";"Crescente";"Garoa/Chuvisco";"Dupla";"Ponte;Em Obras";"Não";6;0;1;0;5;0;1;2;-28,12382408;-48,69625015;"SPRF-SC";"DEL02-SC";"UOP03-DEL02-SC"
489775;2022-11-30;"quarta-feira";"02:10:00";"BA";242;619;"MUQUEM DE SAO FRANCISCO";"Ingestão de álcool ou de substâncias psicoativas pelo pedestre";"Atropelamento de Pedestre";"Com Vítimas Fatais";"Amanhecer";"Decrescente";"Céu Claro";"Simples";"Reta";"Não";2;1;0;0;0;1;0;2;-12,13818915;-43,32614008;"SPRF-BA";"DEL10-BA";"UOP02-DEL10-BA"
489778;2022-11-13;"domingo";"18:00:00";"MA";135;60,3;"BACABEIRA";"Manobra de mudança de faixa";"Colisão lateral sentido oposto";"Com Vítimas Fatais";"Plena Noite";"Crescente";"Céu Claro";"Simples";"Reta";"Não";9;1;2;2;4;0;4;3;-3,054092;-44,319277;"SPRF-MA";"DEL01-MA";"UOP02-DEL01-MA"
489779;2022-11-30;"quarta-feira";"05:47:00";"PR";116;152;"MANDIRITUBA";"Reação tardia ou ineficiente do condutor";"Saída de leito carroçável";"Com Vítimas Feridas";"Amanhecer";"Decrescente";"Garoa/Chuvisco";"Simples";"Interseção de Vias";"Não";1;0;0;1;0;0;1;1;-25,83236296;-49,33609707;"SPRF-PR";"DEL01-PR";"UOP03-DEL01-PR"
489780;2022-11-30;"quarta-feira";"05:40:00";"PB";101;15,3;"MAMANGUAPE";"Acessar a via sem observar a presença dos outros veículos";"Colisão transversal";"Com Vítimas Feridas";"Pleno dia";"Decrescente";"Céu Claro";"Dupla";"Curva;Aclive";"Não";2;0;0;1;1;0;1;2;-6,624038;-35,128677;"SPRF-PB";"DEL01-PB";"UOP04-DEL01-PB"
489785;2022-11-30;"quarta-feira";"06:20:00";"SC";101;138;"ITAPEMA";"Ausência de reação do condutor";"Saída de leito carroçável";"Com Vítimas Feridas";"Amanhecer";"Decrescente";"Chuva";"Dupla";"Curva";"Não";1;0;1;0;0;0;1;1;-27,02397426;-48,60761649;"SPRF-SC";"DEL04-SC";"UOP03-DEL04-SC"
489790;2022-11-28;"segunda-feira";"06:40:00";"BA";407;27;"JUAZEIRO";"Conversão proibida";"Colisão transversal";"Com Vítimas Feridas";"Pleno dia";"Decrescente";"Nublado";"Simples";"Reta";"Não";2;0;1;1;0;0;2;2;-9,62575783;-40,40520265;"SPRF-BA";"DEL04-BA";"UOP01-DEL04-BA"
489791;2022-11-04;"sexta-feira";"16:30:00";"SC";101;119,5;"ITAJAI";"Manobra de mudança de faixa";"Colisão lateral mesmo sentido";"Com Vítimas Feridas";"Pleno dia";"Crescente";"Nublado";"Dupla";"Ponte";"Sim";2;0;1;0;1;0;1;2;-26,90840926;-48,71385325;"SPRF-SC";"DEL04-SC";"UOP04-DEL04-SC"
489792;2022-11-30;"quarta-feira";"07:15:00";"SP";153;59,9;"SAO JOSE DO RIO PRETO";"Ausência de reação do condutor";"Colisão traseira";"Com Vítimas Feridas";"Pleno dia";"Crescente";"Céu Claro";"Dupla";"Reta";"Sim";2;0;0;1;1;0;1;2;-20,78733103;-49,35399276;"SPRF-SP";"DEL09-SP";"UOP01-DEL09-SP"
489793;2022-11-30;"quarta-feira";"07:10:00";"RN";226;0,1;"NATAL";"Desrespeitar a preferência no cruzamento";"Colisão transversal";"Com Vítimas Feridas";"Pleno dia";"Crescente";"Céu Claro";"Simples";"Rotatória";"Sim";2;0;1;0;1;0;1;2;-5,800019;-35,238174;"SPRF-RN";"DEL01-RN";"UOP02-DEL01-RN"
489794;2022-11-30;"quarta-feira";"07:25:00";"PR";376;193;"SARANDI";"Condutor deixou de manter distância do veículo da frente";"Colisão traseira";"Com Vítimas Feridas";"Pleno dia";"Crescente";"Céu Claro";"Dupla";"Reta";"Sim";2;0;1;0;1;0;1;2;-23,43618772;-51,87941015;"SPRF-PR";"DEL09-PR";"UOP01-DEL09-PR"
489795;2022-11-30;"quarta-feira";"07:30:00";"PE";101;67;"RECIFE";"Condutor deixou de manter distância do veículo da frente";"Colisão traseira";"Com Vítimas Feridas";"Pleno dia";"Crescente";"Sol";"Dupla";"Reta";"Sim";3;0;1;0;1;1;1;3;-8,042334;-34,943096;"SPRF-PE";"DEL01-PE";"UOP01-DEL01-PE"
489796;2022-11-30;"quarta-feira";"07:35:00";"CE";116;3;"FORTALEZA";"Condutor deixou de manter distância do veículo da frente";"Colisão traseira";"Sem Vítimas";"Pleno dia";"Decrescente";"Céu Claro";"Múltipla";"Reta";"Sim";2;0;0;0;2;0;0;2;-3,7495349;-38,63862652;"SPRF-CE";"DEL01-CE";"UOP02-DEL01-CE"
489797;2022-11-05;"sábado";"16:40:00";"CE";116;499,4;"BREJO SANTO";"Reação tardia ou ineficiente do condutor";"Colisão frontal";"Com Vítimas Feridas";"Pleno dia";"Crescente";"Nublado";"Simples";"Reta";"Não";2;0;0;1;1;0;1;2;-7,43580996;-38,97316442;"SPRF-CE";"DEL05-CE";"UOP03-DEL05-CE"
489798;2022-11-30;"quarta-feira";"08:30:00";"RJ";356;50;"ITAPERUNA";"Acessar a via sem observar a presença dos outros veículos";"Colisão transversal";"Com Vítimas Feridas";"Pleno dia";"Decrescente";"Céu Claro";"Simples";"Interseção de Vias";"Não";4;0;2;0;2;0;2;2;-21,2573533;-41,77513029;"SPRF-RJ";"DEL08-RJ";"UOP03-DEL08-RJ"
489799;2022-11-30;"quarta-feira";"08:00:00";"BA";324;615;"SALVADOR";"Condutor deixou de manter distância do veículo da frente";"Colisão traseira";"Com Vítimas Feridas";"Pleno dia";"Crescente";"Céu Claro";"Dupla";"Reta";"Sim";2;0;1;0;1;0;1;2;-12,87206398;-38,42746403;"SPRF-BA";"DEL01-BA";"UOP01-DEL01-BA"
489800;2022-11-30;"quarta-feira";"08:20:00";"PE";101;61,4;"RECIFE";"Ingestão de álcool pelo condutor";"Engavetamento";"Sem Vítimas";"Pleno dia";"Crescente";"Chuva";"Dupla";"Reta";"Sim";3;0;0;0;3;0;0;3;-7,994549;-34,938459;"SPRF-PE";"DEL01-PE";"UOP02-DEL01-PE"
489801;2022-11-22;"terça-feira";"07:50:00";"RS";293;4;"PELOTAS";"Condutor deixou de manter distância do veículo da frente";"Colisão traseira";"Com Vítimas Feridas";"Pleno dia";"Decrescente";"Chuva";"Simples";"Reta";"Não";2;0;1;0;1;0;1;2;-31,73357732;-52,37275615;"SPRF-RS";"DEL07-RS";"UOP01-DEL07-RS"
489802;2022-11-30;"quarta-feira";"06:00:00";"PR";116;103;"SAO JOSE DOS PINHAIS";"Reação tardia ou ineficiente do condutor";"Saída de leito carroçável";"Com Vítimas Feridas";"Pleno dia";"Decrescente";"Nublado";"Dupla";"Reta";"Sim";1;0;1;0;0;0;1;1;-25,55944814;-49,15099774;"SPRF-PR";"DEL01-PR";"UOP07-DEL01-PR"
489803;2022-11-30;"quarta-feira";"07:08:00";"SC";470;60;"BLUMENAU";"Condutor Dormindo";"Colisão traseira";"Com Vítimas Feridas";"Pleno dia";"Decrescente";"Chuva";"Dupla";"Reta";"Sim";2;0;1;0;1;0;1;2;-26,88138;-49,164543;"SPRF-SC";"DEL04-SC";"UOP01-DEL04-SC"
489806;2022-11-28;"segunda-feira";"09:33:00";"CE";222;315;"TIANGUA";"Reação tardia ou ineficiente do condutor";"Saída de leito carroçável";"Com Vítimas Fatais";"Pleno dia";"Crescente";"Céu Claro";"Dupla";"Curva";"Sim";2;1;0;1;0;0;1;1;-3,74264;-41,00818;"SPRF-CE";"DEL04-CE";"UOP02-DEL04-CE"
489807;2022-11-02;"quarta-feira";"21:05:00";"RO";364;741;"PORTO VELHO";"Iluminação deficiente";"Atropelamento de Pedestre";"Com Vítimas Feridas";"Plena Noite";"Crescente";"Céu Claro";"Simples";"Reta";"Não";2;0;0;1;0;1;1;2;-8,9840419;-64,00212742;"SPRF-RO";"DEL01-RO";"UOP02-DEL01-RO"
489809;2022-11-06;"domingo";"14:50:00";"SC";282;656,9;"SAO MIGUEL DO OESTE";"Velocidade Incompatível";"Colisão frontal";"Com Vítimas Fatais";"Pleno dia";"Decrescente";"Céu Claro";"Simples";"Curva";"Não";7;1;3;1;1;1;4;3;-26,686925;-53,5492608;"SPRF-SC";"DEL07-SC";"UOP03-DEL07-SC"
489810;2022-11-30;"quarta-feira";"08:30:00";"MG";262;370,3;"JUATUBA";"Acesso irregular";"Colisão transversal";"Com Vítimas Feridas";"Pleno dia";"Decrescente";"Céu Claro";"Dupla";"Declive";"Não";2;0;2;0;0;0;2;2;-19,97212126;-44,30817896;"SPRF-MG";"DEL01-MG";"UOP03-DEL01-MG"
489811;2022-11-21;"segunda-feira";"02:30:00";"SC";470;60,2;"BLUMENAU";"Ingestão de álcool pelo condutor";"Saída de leito carroçável";"Sem Vítimas";"Plena Noite";"Decrescente";"Nublado";"Simples";"Reta";"Não";2;0;0;0;2;0;0;1;-26,88138;-49,164543;"SPRF-SC";"DEL04-SC";"UOP01-DEL04-SC"
489812;2022-11-22;"terça-feira";"17:00:00";"MT";364;248;"JUSCIMEIRA";"Demais falhas na via";"Tombamento";"Com Vítimas Feridas";"Pleno dia";"Decrescente";"Chuva";"Dupla";"Reta";"Não";1;0;1;0;0;0;1;1;-16,13033363;-54,83823376;"SPRF-MT";"DEL02-MT";"UOP01-DEL02-MT"
489813;2022-10-02;"domingo";"22:40:00";"RJ";116;191,3;"QUEIMADOS";"Deficiência do Sistema de Iluminação/Sinalização";"Colisão traseira";"Com Vítimas Feridas";"Plena Noite";"Decrescente";"Céu Claro";"Dupla";"Reta";"Sim";4;0;0;1;1;2;1;4;-22,72998763;-43,56569696;"SPRF-RJ";"DEL01-RJ";"UOP02-DEL01-RJ"
489814;2022-11-30;"quarta-feira";"07:00:00";"RO";364;439;"JARU";"Acesso irregular";"Saída de leito carroçável";"Sem Vítimas";"Pleno dia";"Crescente";"Céu Claro";"Simples";"Reta";"Não";2;0;0;0;2;0;0;2;-10,360596;-62,573636;"SPRF-RO";"DEL03-RO";"UOP02-DEL03-RO"
489815;2022-11-30;"quarta-feira";"06:30:00";"MS";262;324;"CAMPO GRANDE";"Acessar a via sem observar a presença dos outros veículos";"Colisão frontal";"Com Vítimas Feridas";"Amanhecer";"Crescente";"Céu Claro";"Simples";"Reta";"Não";2;0;1;0;1;0;1;2;-20,4686490994;-54,5155900036;"SPRF-MS";"DEL01-MS";"UOP01-DEL01-MS"
489816;2022-11-30;"quarta-feira";"08:10:00";"MS";163;361,4;"NOVA ALVORADA DO SUL";"Avarias e/ou desgaste excessivo no pneu";"Tombamento";"Com Vítimas Feridas";"Pleno dia";"Crescente";"Céu Claro";"Simples";"Reta";"Não";2;0;2;0;0;0;2;1;-21,4986441;-54,39515773;"SPRF-MS";"DEL02-MS";"UOP02-DEL02-MS"
489817;2022-11-30;"quarta-feira";"07:30:00";"GO";40;32,3;"LUZIANIA";"Condutor Dormindo";"Saída de leito carroçável";"Com Vítimas Feridas";"Pleno dia";"Decrescente";"Céu Claro";"Dupla";"Reta";"Não";1;0;1;0;0;0;1;1;-16,291947;-47,852139;"SPRF-DF";"DEL01-DF";"UOP01-DEL01-DF"
489818;2022-11-20;"domingo";"06:25:00";"MG";262;833;"UBERABA";"Reação tardia ou ineficiente do condutor";"Saída de leito carroçável";"Com Vítimas Feridas";"Pleno dia";"Crescente";"Céu Claro";"Dupla";"Reta";"Não";1;0;1;0;0;0;1;1;-19,74213602;-48,212724;"SPRF-MG";"DEL13-MG";"UOP01-DEL13-MG"
489819;2022-11-22;"terça-feira";"13:30:00";"PR";376;629;"SAO JOSE DOS PINHAIS";"Acessar a via sem observar a presença dos outros veículos";"Atropelamento de Pedestre";"Com Vítimas Feridas";"Pleno dia";"Decrescente";"Garoa/Chuvisco";"Simples";"Reta";"Não";5;0;2;0;3;0;2;3;-25,68698314;-49,14684542;"SPRF-PR";"DEL01-PR";"UOP04-DEL01-PR"
489820;2022-11-28;"segunda-feira";"18:30:00";"RO";364;1018;"PORTO VELHO";"Reação tardia ou ineficiente do condutor";"Colisão com objeto";"Com Vítimas Feridas";"Plena Noite";"Crescente";"Céu Claro";"Simples";"Reta";"Não";1;0;0;1;0;0;1;1;-9,73694978;-66,15608105;"SPRF-RO";"DEL01-RO";"UOP03-DEL01-RO"
489821;2022-10-24;"segunda-feira";"16:30:00";"AP";156;242;"MACAPA";"Demais falhas na via";"Saída de leito carroçável";"Com Vítimas Fatais";"Anoitecer";"Decrescente";"Céu Claro";"Simples";"Reta;Aclive";"Não";5;1;0;1;1;2;1;1;0,2028299;-51,116314;"SPRF-AP";"DEL01-AP";"UOP01-DEL01-AP"
489824;2022-11-22;"terça-feira";"07:50:00";"RS";293;4,3;"PELOTAS";"Desrespeitar a preferência no cruzamento";"Colisão transversal";"Com Vítimas Feridas";"Pleno dia";"Decrescente";"Chuva";"Simples";"Interseção de Vias";"Sim";2;0;1;0;1;0;1;2;-31,73357732;-52,37275615;"SPRF-RS";"DEL07-RS";"UOP01-DEL07-RS"
489825;2022-11-23;"quarta-feira";"00:20:00";"PR";376;669;"SAO JOSE DOS PINHAIS";"Ausência de reação do condutor";"Colisão com objeto";"Com Vítimas Feridas";"Pleno dia";"Decrescente";"Garoa/Chuvisco";"Dupla";"Reta";"Não";1;0;1;0;0;0;1;1;-25,86958174;-48,93464712;"SPRF-PR";"DEL01-PR";"UOP04-DEL01-PR"
489826;2022-11-30;"quarta-feira";"11:15:00";"PR";369;148;"LONDRINA";"Reação tardia ou ineficiente do condutor";"Colisão traseira";"Com Vítimas Feridas";"Pleno dia";"Crescente";"Céu Claro";"Dupla";"Reta";"Sim";2;0;1;0;1;0;1;2;-23,2930497;-51,14280219;"SPRF-PR";"DEL07-PR";"UOP01-DEL07-PR"
489829;2022-11-24;"quinta-feira";"19:20:00";"RJ";101;76;"CAMPOS DOS GOYTACAZES";"Reação tardia ou ineficiente do condutor";"Colisão frontal";"Com Vítimas Feridas";"Plena Noite";"Decrescente";"Chuva";"Simples";"Reta";"Não";4;0;1;0;3;0;1;2;-21,82386209;-41,40230492;"SPRF-RJ";"DEL08-RJ";"UOP02-DEL08-RJ"
489831;2022-11-30;"quarta-feira";"10:30:00";"RJ";101;418;"MANGARATIBA";"Manobra de mudança de faixa";"Colisão transversal";"Com Vítimas Fatais";"Pleno dia";"Crescente";"Céu Claro";"Simples";"Reta";"Não";5;1;0;0;2;2;0;3;-22,9178274;-43,90471593;"SPRF-RJ";"DEL03-RJ";"UOP02-DEL03-RJ"
489832;2022-11-30;"quarta-feira";"11:10:00";"RN";405;2;"MOSSORO";"Acessar a via sem observar a presença dos outros veículos";"Colisão transversal";"Com Vítimas Feridas";"Pleno dia";"Decrescente";"Céu Claro";"Dupla";"Reta";"Sim";2;0;0;1;0;1;1;2;-5,19282682;-37,37112402;"SPRF-RN";"DEL04-RN";"UOP02-DEL04-RN"
489833;2022-11-30;"quarta-feira";"08:30:00";"MG";365;521,2;"MONTE CARMELO";"Ingestão de álcool pelo condutor";"Colisão traseira";"Sem Vítimas";"Pleno dia";"Decrescente";"Céu Claro";"Simples";"Reta";"Não";2;0;0;0;2;0;0;2;-18,91497844;-47,41535017;"SPRF-MG";"DEL10-MG";"UOP01-DEL10-MG"
489835;2022-11-30;"quarta-feira";"12:00:00";"SC";101;157;"PORTO BELO";"Reação tardia ou ineficiente do condutor";"Colisão lateral mesmo sentido";"Sem Vítimas";"Pleno dia";"Decrescente";"Chuva";"Múltipla";"Reta";"Não";2;0;0;0;2;0;0;2;-27,181625;-48,6121179;"SPRF-SC";"DEL04-SC";"UOP03-DEL04-SC"
489837;2022-11-30;"quarta-feira";"11:25:00";"MG";146;491,1;"POCOS DE CALDAS";"Velocidade Incompatível";"Engavetamento";"Com Vítimas Feridas";"Pleno dia";"Crescente";"Céu Claro";"Simples";"Reta;Aclive";"Sim";5;0;1;0;3;1;1;4;-21,80779894;-46,48362637;"SPRF-MG";"DEL09-MG";"UOP01-DEL09-MG"
489838;2022-11-30;"quarta-feira";"12:00:00";"PB";230;147,7;"CAMPINA GRANDE";"Mal súbito do condutor";"Colisão traseira";"Com Vítimas Feridas";"Pleno dia";"Crescente";"Nublado";"Dupla";"Reta";"Sim";3;0;1;0;1;1;1;2;-7,2425;-35,8567;"SPRF-PB";"DEL02-PB";"UOP01-DEL02-PB"
489839;2022-11-30;"quarta-feira";"11:30:00";"RJ";101;390;"RIO DE JANEIRO";"Manobra de mudança de faixa";"Colisão traseira";"Com Vítimas Feridas";"Pleno dia";"Decrescente";"Céu Claro";"Dupla";"Reta";"Sim";2;0;1;0;1;0;1;2;-22,89346927;-43,67542992;"SPRF-RJ";"DEL03-RJ";"UOP01-DEL03-RJ"
489841;2022-11-30;"quarta-feira";"12:30:00";"SC";280;56,6;"GUARAMIRIM";"Velocidade Incompatível";"Colisão lateral mesmo sentido";"Com Vítimas Feridas";"Pleno dia";"Crescente";"Chuva";"Simples";"Reta";"Sim";3;0;1;0;1;1;1;3;-26,47947677;-49,00298702;"SPRF-SC";"DEL03-SC";"UOP03-DEL03-SC"
489842;2022-11-30;"quarta-feira";"12:45:00";"RS";287;249;"SANTA MARIA";"Reação tardia ou ineficiente do condutor";"Colisão transversal";"Com Vítimas Feridas";"Pleno dia";"Crescente";"Céu Claro";"Dupla";"Interseção de Vias";"Sim";4;0;2;0;2;0;2;2;-29,69400654;-53,86100019;"SPRF-RS";"DEL09-RS";"UOP01-DEL09-RS"
489843;2022-11-30;"quarta-feira";"13:20:00";"RN";304;35;"MOSSORO";"Condutor deixou de manter distância do veículo da frente";"Colisão traseira";"Sem Vítimas";"Pleno dia";"Crescente";"Céu Claro";"Múltipla";"Curva;Rotatória";"Não";2;0;0;0;2;0;0;2;-5,16149497;-37,35068212;"SPRF-RN";"DEL04-RN";"UOP02-DEL04-RN"
489844;2022-11-04;"sexta-feira";"22:30:00";"PR";369;157;"CAMBE";"Demais falhas mecânicas ou elétricas";"Tombamento";"Com Vítimas Feridas";"Plena Noite";"Crescente";"Céu Claro";"Dupla";"Reta";"Sim";1;0;1;0;0;0;1;1;-23,2880935;-51,22523546;"SPRF-PR";"DEL07-PR";"UOP01-DEL07-PR"
489845;2022-11-30;"quarta-feira";"13:10:00";"RJ";116;104;"GUAPIMIRIM";"Ausência de reação do condutor";"Colisão lateral mesmo sentido";"Com Vítimas Feridas";"Pleno dia";"Crescente";"Nublado";"Dupla";"Curva";"Não";2;0;1;0;1;0;1;2;-22,50841847;-42,99821493;"SPRF-RJ";"DEL04-RJ";"UOP01-DEL04-RJ"
489846;2022-11-30;"quarta-feira";"13:15:00";"MT";70;1,9;"BARRA DO GARCAS";"Acessar a via sem observar a presença dos outros veículos";"Colisão frontal";"Com Vítimas Feridas";"Pleno dia";"Crescente";"Chuva";"Simples";"Reta";"Sim";2;0;1;0;1;0;1;2;-15,88749699;-52,26810568;"SPRF-MT";"DEL07-MT";"UOP01-DEL07-MT"
489849;2022-11-30;"quarta-feira";"12:40:00";"RS";290;111;"ELDORADO DO SUL";"Condutor Dormindo";"Saída de leito carroçável";"Com Vítimas Feridas";"Pleno dia";"Crescente";"Céu Claro";"Simples";"Curva";"Não";1;0;1;0;0;0;1;1;-30,04207102;-51,32823229;"SPRF-RS";"DEL02-RS";"UOP01-DEL02-RS"
489851;2022-11-22;"terça-feira";"09:20:00";"PR";116;116;"CURITIBA";"Manobra de mudança de faixa";"Colisão lateral mesmo sentido";"Com Vítimas Feridas";"Pleno dia";"Decrescente";"Nublado";"Múltipla";"Reta";"Sim";2;0;1;0;1;0;1;2;-25,556416;-49,305834;"SPRF-PR";"DEL01-PR";"UOP03-DEL01-PR"
489852;2022-11-23;"quarta-feira";"01:50:00";"SC";282;239,3;"SAO JOSE DO CERRITO";"Pista Escorregadia";"Saída de leito carroçável";"Sem Vítimas";"Plena Noite";"Decrescente";"Chuva";"Simples";"Curva";"Não";1;0;0;0;0;1;0;1;-27,771513;-50,496738;"SPRF-SC";"DEL05-SC";"UOP02-DEL05-SC"
489855;2022-11-30;"quarta-feira";"13:10:00";"PR";376;445,2;"TIBAGI";"Reação tardia ou ineficiente do condutor";"Colisão com objeto";"Sem Vítimas";"Pleno dia";"Crescente";"Garoa/Chuvisco";"Dupla";"Curva";"Não";3;0;0;0;3;0;0;1;-24,8498823;-50,47209799;"SPRF-PR";"DEL03-PR";"UOP02-DEL03-PR"
489856;2022-11-30;"quarta-feira";"13:30:00";"SC";282;5,5;"SAO JOSE";"Ausência de reação do condutor";"Colisão traseira";"Sem Vítimas";"Pleno dia";"Crescente";"Chuva";"Múltipla";"Reta";"Sim";2;0;0;0;2;0;0;2;-27,588425;-48,612919;"SPRF-SC";"DEL01-SC";"UOP01-DEL01-SC"
489857;2022-11-30;"quarta-feira";"13:40:00";"PE";428;189;"PETROLINA";"Conversão proibida";"Colisão transversal";"Com Vítimas Feridas";"Pleno dia";"Crescente";"Céu Claro";"Simples";"Reta";"Sim";3;0;1;0;2;0;1;2;-9,37197508;-40,48679585;"SPRF-PE";"DEL06-PE";"UOP01-DEL06-PE"
489858;2022-11-30;"quarta-feira";"14:15:00";"RS";386;234;"SOLEDADE";"Ausência de reação do condutor";"Colisão traseira";"Sem Vítimas";"Pleno dia";"Decrescente";"Céu Claro";"Simples";"Reta";"Não";4;0;0;0;4;0;0;2;-28,722898;-52,560581;"SPRF-RS";"DEL04-RS";"UOP03-DEL04-RS"
489859;2022-11-18;"sexta-feira";"08:10:00";"PR";277;105,5;"CAMPO LARGO";"Manobra de mudança de faixa";"Saída de leito carroçável";"Com Vítimas Feridas";"Pleno dia";"Crescente";"Céu Claro";"Dupla";"Curva";"Não";1;0;1;0;0;0;1;1;-25,43098352;-49,42172885;"SPRF-PR";"DEL03-PR";"UOP03-DEL03-PR"
489860;2022-09-14;"quarta-feira";"17:45:00";"PA";222;22,5;"DOM ELISEU";"Demais falhas na via";"Colisão lateral sentido oposto";"Com Vítimas Feridas";"Anoitecer";"Decrescente";"Céu Claro";"Dupla";"Reta";"Sim";3;0;2;0;1;0;2;2;-4,303772;-47,591629;"SPRF-PA";"DEL02-PA";"UOP02-DEL02-PA"
489861;2022-11-07;"segunda-feira";"17:12:00";"PR";476;278;"SAO MATEUS DO SUL";"Acessar a via sem observar a presença dos outros veículos";"Colisão lateral mesmo sentido";"Com Vítimas Feridas";"Pleno dia";"Crescente";"Garoa/Chuvisco";"Simples";"Reta;Aclive";"Sim";2;0;1;0;1;0;1;2;-25,877428;-50,384377;"SPRF-PR";"DEL02-PR";"UOP03-DEL02-PR"
489863;2022-11-22;"terça-feira";"11:40:00";"DF";20;17;"BRASILIA";"Condutor deixou de manter distância do veículo da frente";"Colisão traseira";"Com Vítimas Feridas";"Pleno dia";"Crescente";"Céu Claro";"Dupla";"Aclive";"Sim";2;0;0;1;1;0;1;2;-15,621374;-47,71698;"SPRF-DF";"DEL02-DF";"UOP01-DEL02-DF"
489864;2022-11-19;"sábado";"21:40:00";"SC";470;170;"POUSO REDONDO";"Ingestão de álcool pelo condutor";"Capotamento";"Com Vítimas Feridas";"Plena Noite";"Decrescente";"Céu Claro";"Simples";"Curva";"Não";3;0;1;2;0;0;3;1;-27,265903;-49,892441;"SPRF-SC";"DEL04-SC";"UOP02-DEL04-SC"
489868;2022-11-30;"quarta-feira";"14:55:00";"SC";101;120;"ITAJAI";"Reação tardia ou ineficiente do condutor";"Colisão lateral mesmo sentido";"Com Vítimas Feridas";"Pleno dia";"Decrescente";"Nublado";"Dupla";"Reta";"Sim";2;0;1;0;1;0;1;2;-26,912758;-48,711998;"SPRF-SC";"DEL04-SC";"UOP04-DEL04-SC"
489870;2022-11-30;"quarta-feira";"15:00:00";"RS";153;47;"ERECHIM";"Acessar a via sem observar a presença dos outros veículos";"Colisão lateral mesmo sentido";"Com Vítimas Feridas";"Pleno dia";"Crescente";"Céu Claro";"Simples";"Rotatória";"Sim";2;0;1;0;1;0;1;2;-27,64530366;-52,24998023;"SPRF-RS";"DEL08-RS";"UOP04-DEL08-RS"
489871;2022-11-18;"sexta-feira";"09:15:00";"MG";262;814;"UBERABA";"Velocidade Incompatível";"Engavetamento";"Com Vítimas Feridas";"Pleno dia";"Decrescente";"Céu Claro";"Dupla";"Em Obras;Reta";"Sim";6;0;1;0;5;0;1;4;-19,76506609;-48,12286402;"SPRF-MG";"DEL13-MG";"UOP01-DEL13-MG"
489873;2022-11-24;"quinta-feira";"20:15:00";"ES";101;146;"LINHARES";"Entrada inopinada do pedestre";"Atropelamento de Pedestre";"Com Vítimas Feridas";"Plena Noite";"Crescente";"Nublado";"Múltipla";"Reta";"Sim";2;0;1;0;1;0;1;2;-19,36990998;-40,06560718;"SPRF-ES";"DEL04-ES";"UOP01-DEL04-ES"
489874;2022-11-30;"quarta-feira";"14:35:00";"MS";163;748;"COXIM";"Mal súbito do condutor";"Colisão com objeto";"Com Vítimas Feridas";"Pleno dia";"Crescente";"Sol";"Simples";"Reta";"Não";3;0;1;0;2;0;1;1;-18,3654;-54,6649078;"SPRF-MS";"DEL06-MS";"UOP01-DEL06-MS"