"id";"data_inversa";"dia_semana";"horario";"uf";"br";"km";"municipio";"causa_acidente";"tipo_acidente";"classificacao_acidente";"fase_dia";"sentido_via";"condicao_metereologica";"tipo_pista";"tracado_via";"uso_solo";"pessoas";"mortos";"feridos_leves";"feridos_graves";"ilesos";"ignorados";"feridos";"veiculos";"latitude";"longitude";"regional";"delegacia";"uop"
490127;2022-12-01;"quinta-feira";"21:20:00";"RJ";101;386;"RIO DE JANEIRO";"Acessar a via sem observar a presença dos outros veículos";"Colisão lateral mesmo sentido";"Com Vítimas Fatais";"Plena Noite";"Crescente";"Céu Claro";"Dupla";"Retorno Regulamentado";"Sim";2;1;0;0;1;0;0;2;-22,88295192;-43,64094302;"SPRF-RJ";"DEL03-RJ";"UOP01-DEL03-RJ"
490128;2022-12-01;"quinta-feira";"22:00:00";"PR";476;122;"CURITIBA";"Acessar a via sem observar a presença dos outros veículos";"Atropelamento de Pedestre";"Com Vítimas Feridas";"Plena Noite";"Decrescente";"Nublado";"Dupla";"Reta";"Sim";3;0;0;1;2;0;1;2;-25,38204;-49,20005;"SPRF-PR";"DEL01-PR";"UOP01-DEL01-PR"
490129;2022-11-11;"sexta-feira";"13:00:00";"MS";163;446;"CAMPO GRANDE";"Demais falhas mecânicas ou elétricas";"Incêndio";"Com Vítimas Feridas";"Pleno dia";"Crescente";"Céu Claro";"Simples";"Reta";"Não";8;0;0;1;7;0;1;1;-20,75951198;-54,53107192;"SPRF-MS";"DEL01-MS";"UOP01-DEL01-MS"
490131;2022-12-01;"quinta-feira";"21:00:00";"PR";153;107;"IBAITI";"Manobra de mudança de faixa";"Colisão lateral mesmo sentido";"Com Vítimas Feridas";"Plena Noite";"Decrescente";"Nublado";"Simples";"Reta";"Não";2;0;1;0;1;0;1;2;-23,83037586;-50,18796925;"SPRF-PR";"DEL07-PR";"UOP04-DEL07-PR"
490133;2022-12-01;"quinta-feira";"20:30:00";"BA";324;404;"NOVA FATIMA";"Condutor deixou de manter distância do veículo da frente";"Colisão traseira";"Com Vítimas Feridas";"Plena Noite";"Decrescente";"Chuva";"Simples";"Reta";"Sim";2;0;1;0;1;0;1;2;-11,60427899;-39,6312174;"SPRF-BA";"DEL04-BA";"UOP02-DEL04-BA"
490134;2022-12-01;"quinta-feira";"23:30:00";"SC";280;58,5;"GUARAMIRIM";"Ausência de reação do condutor";"Colisão com objeto";"Sem Vítimas";"Plena Noite";"Decrescente";"Garoa/Chuvisco";"Dupla";"Reta";"Não";1;0;0;0;0;1;0;1;-26,47415593;-49,021211;"SPRF-SC";"DEL03-SC";"UOP03-DEL03-SC"
490135;2022-12-01;"quinta-feira";"23:45:00";"SC";280;53,2;"GUARAMIRIM";"Acesso irregular";"Colisão transversal";"Com Vítimas Feridas";"Plena Noite";"Crescente";"Nublado";"Dupla";"Reta";"Sim";2;0;2;0;0;0;2;2;-26,47236756;-48,97426617;"SPRF-SC";"DEL03-SC";"UOP03-DEL03-SC"
490137;2022-12-02;"sexta-feira";"00:53:00";"CE";116;28;"ITAITINGA";"Animais na Pista";"Atropelamento de Animal";"Com Vítimas Feridas";"Plena Noite";"Crescente";"Céu Claro";"Dupla";"Reta";"Sim";1;0;1;0;0;0;1;1;-3,99621308;-38,51629704;"SPRF-CE";"DEL01-CE";"UOP02-DEL01-CE"
490138;2022-12-01;"quinta-feira";"19:30:00";"PI";222;146;"ESPERANTINA";"Transitar na contramão";"Colisão frontal";"Com Vítimas Feridas";"Plena Noite";"Crescente";"Céu Claro";"Simples";"Reta";"Sim";2;0;1;0;1;0;1;2;-3,90120697;-42,23403987;"SPRF-PI";"DEL02-PI";"UOP01-DEL02-PI"
490140;2022-12-02;"sexta-feira";"00:50:00";"CE";116;27;"ITAITINGA";"Animais na Pista";"Atropelamento de Animal";"Com Vítimas Feridas";"Plena Noite";"Crescente";"Céu Claro";"Dupla";"Reta";"Não";1;0;1;0;0;0;1;1;-3,98418708;-38,5151357;"SPRF-CE";"DEL01-CE";"UOP02-DEL01-CE"
490141;2022-12-02;"sexta-feira";"00:40:00";"PR";369;131;"IBIPORA";"Animais na Pista";"Atropelamento de Animal";"Com Vítimas Feridas";"Plena Noite";"Decrescente";"Nublado";"Dupla";"Curva;Declive";"Não";1;0;0;1;0;0;1;1;-23,26104041;-50,99773586;"SPRF-PR";"DEL07-PR";"UOP01-DEL07-PR"
490142;2022-12-01;"quinta-feira";"16:40:00";"GO";153;247,5;"SAO LUIZ DO NORTE";"Velocidade Incompatível";"Colisão frontal";"Com Vítimas Feridas";"Pleno dia";"Crescente";"Nublado";"Simples";"Declive;Reta";"Não";5;0;4;0;1;0;4;2;-14,909286;-49,353381;"SPRF-GO";"DEL07-GO";"UOP02-DEL07-GO"
490144;2022-12-02;"sexta-feira";"00:15:00";"SC";470;150;"AGRONOMICA";"Ingestão de álcool pelo condutor";"Saída de leito carroçável";"Sem Vítimas";"Plena Noite";"Crescente";"Nublado";"Simples";"Rotatória";"Não";1;0;0;0;0;1;0;1;-27,257143;-49,7129;"SPRF-SC";"DEL04-SC";"UOP02-DEL04-SC"
490145;2022-12-02;"sexta-feira";"00:53:00";"PB";230;41;"SANTA RITA";"Ausência de reação do condutor";"Saída de leito carroçável";"Sem Vítimas";"Plena Noite";"Decrescente";"Céu Claro";"Dupla";"Declive";"Não";1;0;0;0;0;1;0;1;-7,1432;-34,9869;"SPRF-PB";"DEL01-PB";"UOP03-DEL01-PB"
490148;2022-12-02;"sexta-feira";"01:00:00";"SC";101;203,3;"SAO JOSE";"Ingestão de álcool pelo condutor";"Colisão com objeto";"Com Vítimas Feridas";"Plena Noite";"Crescente";"Nublado";"Múltipla";"Reta";"Sim";1;0;1;0;0;0;1;1;-27,5650044;-48,61460082;"SPRF-SC";"DEL01-SC";"UOP01-DEL01-SC"
490149;2022-12-02;"sexta-feira";"02:10:00";"RS";116;257;"ESTEIO";"Ingestão de álcool pelo condutor";"Colisão com objeto";"Com Vítimas Feridas";"Plena Noite";"Crescente";"Nublado";"Dupla";"Curva";"Sim";1;0;1;0;0;0;1;1;-29,85262195;-51,17968329;"SPRF-RS";"DEL01-RS";"UOP02-DEL01-RS"
490150;2022-12-02;"sexta-feira";"01:30:00";"PR";277;36,5;"MORRETES";"Reação tardia ou ineficiente do condutor";"Queda de ocupante de veículo";"Com Vítimas Feridas";"Plena Noite";"Decrescente";"Nublado";"Dupla";"Curva";"Não";1;0;1;0;0;0;1;1;-25,5585949;-48,80593311;"SPRF-PR";"DEL01-PR";"UOP05-DEL01-PR"
490153;2022-12-02;"sexta-feira";"04:23:00";"SP";116;175,2;"GUARAREMA";"Reação tardia ou ineficiente do condutor";"Colisão com objeto";"Com Vítimas Feridas";"Amanhecer";"Decrescente";"Céu Claro";"Dupla";"Reta;Aclive";"Não";1;0;1;0;0;0;1;1;-23,32173972;-46,100353;"SPRF-SP";"DEL01-SP";"NPF/DEL01-SP"
490155;2022-12-02;"sexta-feira";"04:00:00";"PE";104;61,8;"CARUARU";"Reação tardia ou ineficiente do condutor";"Colisão traseira";"Sem Vítimas";"Amanhecer";"Crescente";"Céu Claro";"Dupla";"Reta";"Sim";3;0;0;0;2;1;0;3;-8,24414191;-35,97506404;"SPRF-PE";"DEL02-PE";"UOP01-DEL02-PE"
490158;2022-12-02;"sexta-feira";"05:25:00";"SP";381;3;"VARGEM";"Ingestão de álcool pelo condutor";"Queda de ocupante de veículo";"Com Vítimas Feridas";"Amanhecer";"Decrescente";"Céu Claro";"Dupla";"Reta";"Não";1;0;1;0;0;0;1;1;-22,87841483;-46,39917107;"SPRF-SP";"DEL03-SP";"UOP02-DEL03-SP"
490159;2022-12-02;"sexta-feira";"05:30:00";"MG";40;511;"RIBEIRAO DAS NEVES";"Animais na Pista";"Atropelamento de Animal";"Com Vítimas Feridas";"Pleno dia";"Crescente";"Céu Claro";"Dupla";"Reta";"Não";1;0;1;0;0;0;1;1;-19,78164295;-44,11733194;"SPRF-MG";"DEL01-MG";"UOP02-DEL01-MG"
490161;2022-12-01;"quinta-feira";"19:25:00";"PI";135;298;"CRISTINO CASTRO";"Acessar a via sem observar a presença dos outros veículos";"Colisão traseira";"Com Vítimas Feridas";"Plena Noite";"Crescente";"Céu Claro";"Simples";"Reta";"Não";3;0;1;0;2;0;1;2;-8,7034222;-44,09647984;"SPRF-PI";"DEL03-PI";"UOP02-DEL03-PI"
490162;2022-12-01;"quinta-feira";"17:30:00";"BA";330;806;"JEQUIE";"Ausência de reação do condutor";"Colisão transversal";"Sem Vítimas";"Anoitecer";"Decrescente";"Chuva";"Simples";"Reta";"Não";2;0;0;0;2;0;0;2;-13,98328201;-39,94236501;"SPRF-BA";"DEL03-BA";"UOP01-DEL03-BA"
490165;2022-12-02;"sexta-feira";"07:05:00";"PR";277;587,3;"CASCAVEL";"Ausência de reação do condutor";"Engavetamento";"Sem Vítimas";"Pleno dia";"Decrescente";"Céu Claro";"Simples";"Aclive;Reta";"Sim";6;0;0;0;6;0;0;3;-24,96941255;-53,42959722;"SPRF-PR";"DEL04-PR";"UOP01-DEL04-PR"
490167;2022-12-02;"sexta-feira";"06:30:00";"MG";381;526,2;"BRUMADINHO";"Velocidade Incompatível";"Colisão com objeto";"Com Vítimas Feridas";"Pleno dia";"Decrescente";"Céu Claro";"Dupla";"Declive;Curva";"Não";1;0;0;1;0;0;1;1;-20,16175378;-44,34144636;"SPRF-MG";"DEL04-MG";"UOP03-DEL04-MG"
490168;2022-12-02;"sexta-feira";"07:38:00";"DF";20;13;"BRASILIA";"Manobra de mudança de faixa";"Colisão lateral mesmo sentido";"Com Vítimas Feridas";"Pleno dia";"Decrescente";"Nublado";"Dupla";"Reta";"Não";2;0;1;0;1;0;1;2;-15,638752;-47,749599;"SPRF-DF";"DEL02-DF";"UOP01-DEL02-DF"
490169;2022-12-02;"sexta-feira";"07:00:00";"PR";277;75;"SAO JOSE DOS PINHAIS";"Condutor deixou de manter distância do veículo da frente";"Colisão traseira";"Com Vítimas Feridas";"Pleno dia";"Crescente";"Céu Claro";"Dupla";"Reta";"Não";5;0;2;0;3;0;2;2;-25,51327981;-49,12433291;"SPRF-PR";"DEL01-PR";"UOP01-DEL01-PR"
490170;2022-12-02;"sexta-feira";"07:30:00";"MG";116;275,7;"TEOFILO OTONI";"Ausência de reação do condutor";"Colisão transversal";"Com Vítimas Feridas";"Pleno dia";"Decrescente";"Garoa/Chuvisco";"Simples";"Reta";"Sim";2;0;1;0;1;0;1;2;-17,84235093;-41,51410418;"SPRF-MG";"DEL11-MG";"UOP01-DEL11-MG"
490171;2022-11-21;"segunda-feira";"05:00:00";"RJ";116;126;"MAGE";"Ausência de reação do condutor";"Tombamento";"Com Vítimas Feridas";"Amanhecer";"Decrescente";"Céu Claro";"Dupla";"Reta";"Sim";2;0;1;1;0;0;2;1;-22,65489354;-43,08636526;"SPRF-RJ";"DEL04-RJ";"UOP02-DEL04-RJ"
490172;2022-12-01;"quinta-feira";"23:10:00";"GO";50;192;"CAMPO ALEGRE DE GOIAS";"Condutor Dormindo";"Colisão traseira";"Com Vítimas Feridas";"Plena Noite";"Crescente";"Céu Claro";"Dupla";"Reta";"Não";3;0;1;0;2;0;1;2;-17,5101;-47,8246;"SPRF-GO";"DEL06-GO";"UOP01-DEL06-GO"
490173;2022-12-02;"sexta-feira";"06:10:00";"MA";135;21;"SAO LUIS";"Reação tardia ou ineficiente do condutor";"Atropelamento de Pedestre";"Com Vítimas Feridas";"Amanhecer";"Crescente";"Céu Claro";"Dupla";"Reta";"Sim";2;0;1;0;1;0;1;2;-2,53073;-44,3068;"SPRF-MA";"DEL01-MA";"UOP01-DEL01-MA"
490175;2022-12-02;"sexta-feira";"04:00:00";"MG";365;439,8;"GUIMARANIA";"Chuva";"Saída de leito carroçável";"Com Vítimas Feridas";"Plena Noite";"Crescente";"Chuva";"Simples";"Reta";"Não";2;0;1;0;1;0;1;1;-18,79199;-46,72668;"SPRF-MG";"DEL10-MG";"UOP01-DEL10-MG"
490180;2022-12-02;"sexta-feira";"07:50:00";"RS";392;127;"CANGUCU";"Animais na Pista";"Atropelamento de Animal";"Sem Vítimas";"Pleno dia";"Decrescente";"Nublado";"Simples";"Reta";"Não";1;0;0;0;1;0;0;1;-31,3487418;-52,73421076;"SPRF-RS";"DEL07-RS";"UOP01-DEL07-RS"
490181;2022-12-02;"sexta-feira";"06:00:00";"AL";101;16,9;"NOVO LINO";"Velocidade Incompatível";"Saída de leito carroçável";"Com Vítimas Feridas";"Pleno dia";"Crescente";"Céu Claro";"Dupla";"Curva";"Não";2;0;0;2;0;0;2;1;-8,99730698;-35,6760262;"SPRF-AL";"DEL01-AL";"UOP02-DEL01-AL"
490182;2022-12-02;"sexta-feira";"07:29:00";"ES";101;265,2;"SERRA";"Manobra de mudança de faixa";"Colisão lateral mesmo sentido";"Com Vítimas Feridas";"Pleno dia";"Crescente";"Chuva";"Dupla";"Reta";"Sim";2;0;1;0;0;1;1;2;-20,1816849;-40,26536036;"SPRF-ES";"DEL02-ES";"UOP01-DEL02-ES"
490183;2022-12-02;"sexta-feira";"07:30:00";"RJ";116;83;"TERESOPOLIS";"Manobra de mudança de faixa";"Colisão transversal";"Com Vítimas Feridas";"Pleno dia";"Decrescente";"Nublado";"Simples";"Reta";"Sim";2;0;1;0;0;1;1;2;-22,41517488;-42,95011324;"SPRF-RJ";"DEL04-RJ";"UOP01-DEL04-RJ"
490184;2022-12-02;"sexta-feira";"07:00:00";"PR";476;138;"CURITIBA";"Acesso irregular";"Colisão lateral sentido oposto";"Sem Vítimas";"Pleno dia";"Crescente";"Nublado";"Múltipla";"Reta;Interseção de Vias";"Sim";3;0;0;0;3;0;0;2;-25,50712947;-49,28465908;"SPRF-PR";"DEL01-PR";"UOP03-DEL01-PR"
490185;2022-12-02;"sexta-feira";"07:25:00";"MG";40;789,2;"JUIZ DE FORA";"Ausência de reação do condutor";"Saída de leito carroçável";"Com Vítimas Feridas";"Pleno dia";"Decrescente";"Chuva";"Dupla";"Curva";"Não";1;0;1;0;0;0;1;1;-21,74815906;-43,44533222;"SPRF-MG";"DEL05-MG";"UOP01-DEL05-MG"
490187;2022-12-02;"sexta-feira";"08:05:00";"PR";476;138;"CURITIBA";"Manobra de mudança de faixa";"Colisão lateral mesmo sentido";"Com Vítimas Feridas";"Pleno dia";"Crescente";"Nublado";"Múltipla";"Reta";"Sim";2;0;1;0;1;0;1;2;-25,505564;-49,283417;"SPRF-PR";"DEL01-PR";"UOP03-DEL01-PR"
490188;2022-12-02;"sexta-feira";"08:00:00";"ES";101;432,8;"ATILIO VIVACQUA";"Reação tardia ou ineficiente do condutor";"Saída de leito carroçável";"Com Vítimas Feridas";"Pleno dia";"Crescente";"Chuva";"Simples";"Reta";"Não";2;0;2;0;0;0;2;1;-21,03366189;-41,18125221;"SPRF-ES";"DEL03-ES";"UOP02-DEL03-ES"
490192;2022-12-02;"sexta-feira";"07:10:00";"PR";116;17;"CURITIBA";"Trafegar com motocicleta (ou similar) entre as faixas";"Colisão lateral mesmo sentido";"Com Vítimas Feridas";"Pleno dia";"Crescente";"Céu Claro";"Dupla";"Reta";"Sim";2;0;1;0;1;0;1;2;-25,389;-49,1867;"SPRF-PR";"DEL01-PR";"UOP02-DEL01-PR"
490193;2022-11-20;"domingo";"16:00:00";"SP";101;1;"UBATUBA";"Conversão proibida";"Colisão lateral mesmo sentido";"Com Vítimas Feridas";"Pleno dia";"Crescente";"Céu Claro";"Simples";"Reta";"Não";5;0;1;0;2;2;1;3;-23,35394442;-44,76558482;"SPRF-SP";"DEL06-SP";"UOP01-DEL06-SP"
490196;2022-12-02;"sexta-feira";"08:15:00";"PR";277;72,9;"SAO JOSE DOS PINHAIS";"Condutor deixou de manter distância do veículo da frente";"Colisão traseira";"Com Vítimas Feridas";"Pleno dia";"Crescente";"Céu Claro";"Dupla";"Reta";"Não";2;0;1;0;1;0;1;2;-25,52522628;-49,09755612;"SPRF-PR";"DEL01-PR";"UOP01-DEL01-PR"
490198;2022-10-24;"segunda-feira";"13:20:00";"GO";60;101;"ANAPOLIS";"Reação tardia ou ineficiente do condutor";"Colisão traseira";"Com Vítimas Feridas";"Pleno dia";"Decrescente";"Nublado";"Múltipla";"Reta";"Sim";2;0;1;0;1;0;1;2;-16,4022;-48,9745;"SPRF-GO";"DEL02-GO";"UOP01-DEL02-GO"
490199;2022-12-02;"sexta-feira";"07:30:00";"GO";153;507,1;"APARECIDA DE GOIANIA";"Ausência de reação do condutor";"Colisão traseira";"Com Vítimas Feridas";"Pleno dia";"Decrescente";"Céu Claro";"Dupla";"Reta";"Sim";2;0;0;1;1;0;1;2;-16,7715;-49,2387;"SPRF-GO";"DEL01-GO";"UOP03-DEL01-GO"
490200;2022-12-02;"sexta-feira";"08:50:00";"RJ";101;329;"RIO DE JANEIRO";"Ingestão de substâncias psicoativas pelo condutor";"Colisão lateral mesmo sentido";"Com Vítimas Feridas";"Pleno dia";"Decrescente";"Céu Claro";"Múltipla";"Reta";"Não";2;0;1;0;1;0;1;2;-22,86939305;-43,175642;"SPRF-RJ";"DEL02-RJ";"UOP01-DEL02-RJ"
490201;2022-12-02;"sexta-feira";"09:40:00";"DF";20;13;"BRASILIA";"Ausência de reação do condutor";"Colisão traseira";"Com Vítimas Feridas";"Pleno dia";"Decrescente";"Chuva";"Dupla";"Reta";"Sim";5;0;1;0;4;0;1;5;-15,638752;-47,749599;"SPRF-DF";"DEL02-DF";"UOP01-DEL02-DF"
490203;2022-07-28;"quinta-feira";"02:00:00";"RS";293;176;"BAGE";"Animais na Pista";"Atropelamento de Animal";"Sem Vítimas";"Plena Noite";"Decrescente";"Céu Claro";"Simples";"Reta";"Não";2;0;0;0;2;0;0;1;-31,31382484;-54,01224093;"SPRF-RS";"DEL11-RS";"UOP03-DEL11-RS"
490204;2022-09-23;"sexta-feira";"18:25:00";"MT";163;922;"ITAUBA";"Demais falhas mecânicas ou elétricas";"Colisão lateral sentido oposto";"Com Vítimas Feridas";"Anoitecer";"Decrescente";"Céu Claro";"Simples";"Curva";"Não";5;0;1;0;4;0;1;2;-11,119652;-55,309945;"SPRF-MT";"DEL06-MT";"NPF/DEL06-MT"
490205;2022-12-02;"sexta-feira";"09:15:00";"SC";282;3;"FLORIANOPOLIS";"Trafegar com motocicleta (ou similar) entre as faixas";"Colisão lateral mesmo sentido";"Com Vítimas Feridas";"Pleno dia";"Decrescente";"Sol";"Múltipla";"Reta";"Sim";2;0;1;0;1;0;1;2;-27,600384;-48,599705;"SPRF-SC";"DEL01-SC";"UOP01-DEL01-SC"
490206;2022-11-22;"terça-feira";"16:00:00";"MG";365;338;"VARJAO DE MINAS";"Chuva";"Saída de leito carroçável";"Com Vítimas Feridas";"Pleno dia";"Decrescente";"Chuva";"Simples";"Reta";"Não";5;0;1;0;4;0;1;1;-18,30733942;-45,95871881;"SPRF-MG";"DEL10-MG";"UOP01-DEL10-MG"
490213;2022-12-02;"sexta-feira";"09:46:00";"RJ";116;180;"BELFORD ROXO";"Problema com o freio";"Engavetamento";"Com Vítimas Feridas";"Pleno dia";"Crescente";"Céu Claro";"Múltipla";"Reta";"Sim";5;0;1;0;4;0;1;4;-22,7651616;-43,4154728;"SPRF-RJ";"DEL01-RJ";"UOP02-DEL01-RJ"
490215;2022-12-02;"sexta-feira";"10:55:00";"GO";50;279;"CATALAO";"Reação tardia ou ineficiente do condutor";"Tombamento";"Com Vítimas Feridas";"Pleno dia";"Crescente";"Sol";"Simples";"Reta";"Sim";3;0;1;0;1;1;1;2;-18,1739;-47,9289;"SPRF-GO";"DEL06-GO";"UOP01-DEL06-GO"
490217;2022-12-02;"sexta-feira";"11:40:00";"ES";101;293;"CARIACICA";"Pista esburacada";"Tombamento";"Com Vítimas Feridas";"Pleno dia";"Decrescente";"Chuva";"Dupla";"Curva";"Sim";1;0;1;0;0;0;1;1;-20,31526144;-40,39567044;"SPRF-ES";"DEL01-ES";"UOP01-DEL01-ES"
490218;2022-12-02;"sexta-feira";"10:44:00";"GO";80;2;"PADRE BERNARDO";"Avarias e/ou desgaste excessivo no pneu";"Saída de leito carroçável";"Com Vítimas Feridas";"Pleno dia";"Crescente";"Chuva";"Simples";"Reta;Declive";"Não";1;0;1;0;0;0;1;1;-15,502307;-48,212361;"SPRF-DF";"DEL03-DF";"UOP02-DEL03-DF"
490219;2022-12-02;"sexta-feira";"10:00:00";"PR";376;470;"PONTA GROSSA";"Chuva";"Saída de leito carroçável";"Com Vítimas Feridas";"Pleno dia";"Decrescente";"Chuva";"Dupla";"Curva";"Não";1;0;1;0;0;0;1;1;-25,0409359;-50,27017496;"SPRF-PR";"DEL03-PR";"UOP01-DEL03-PR"
490220;2022-12-02;"sexta-feira";"11:50:00";"RS";116;241;"NOVO HAMBURGO";"Demais falhas mecânicas ou elétricas";"Tombamento";"Com Vítimas Feridas";"Pleno dia";"Crescente";"Céu Claro";"Dupla";"Reta";"Sim";1;0;1;0;0;0;1;1;-29,71027469;-51,14747001;"SPRF-RS";"DEL01-RS";"UOP02-DEL01-RS"
490221;2022-12-02;"sexta-feira";"11:35:00";"CE";20;404;"CAUCAIA";"Desrespeitar a preferência no cruzamento";"Colisão transversal";"Com Vítimas Feridas";"Pleno dia";"Crescente";"Céu Claro";"Simples";"Reta";"Não";2;0;0;1;0;1;1;2;-3,77821762;-38,68607924;"SPRF-CE";"DEL01-CE";"UOP01-DEL01-CE"
490222;2022-12-02;"sexta-feira";"11:50:00";"RS";470;176,5;"VERANOPOLIS";"Pedestre cruzava a pista fora da faixa";"Atropelamento de Pedestre";"Com Vítimas Feridas";"Pleno dia";"Crescente";"Céu Claro";"Simples";"Curva";"Sim";2;0;1;0;1;0;1;2;-28,929109;-51,54315;"SPRF-RS";"DEL06-RS";"UOP02-DEL06-RS"
490224;2022-12-02;"sexta-feira";"11:35:00";"PR";163;38;"SANTO ANTONIO DO SUDOESTE";"Acumulo de areia ou detritos sobre o pavimento";"Tombamento";"Com Vítimas Feridas";"Pleno dia";"Decrescente";"Sol";"Simples";"Curva";"Não";1;0;1;0;0;0;1;1;-26,043719;-53,728165;"SPRF-PR";"DEL02-PR";"UOP02-DEL02-PR"
490228;2022-12-02;"sexta-feira";"13:10:00";"BA";324;4;"FEIRA DE SANTANA";"Ausência de reação do condutor";"Capotamento";"Com Vítimas Feridas";"Pleno dia";"Crescente";"Céu Claro";"Dupla";"Reta";"Sim";1;0;1;0;0;0;1;1;-12,2829;-38,97488;"SPRF-BA";"DEL02-BA";"UOP01-DEL02-BA"
490229;2022-12-02;"sexta-feira";"07:45:00";"SC";101;115,3;"ITAJAI";"Velocidade Incompatível";"Colisão traseira";"Com Vítimas Feridas";"Pleno dia";"Crescente";"Nublado";"Dupla";"Reta";"Não";3;0;1;0;1;1;1;3;-26,87297285;-48,72887671;"SPRF-SC";"DEL04-SC";"UOP04-DEL04-SC"
490231;2022-12-02;"sexta-feira";"13:00:00";"RJ";101;252;"RIO BONITO";"Demais falhas mecânicas ou elétricas";"Incêndio";"Sem Vítimas";"Pleno dia";"Crescente";"Céu Claro";"Dupla";"Reta";"Não";1;0;0;0;1;0;0;1;-22,68214756;-42,53377419;"SPRF-RJ";"DEL02-RJ";"UOP03-DEL02-RJ"
490232;2022-10-21;"sexta-feira";"20:00:00";"RJ";40;82;"PETROPOLIS";"Reação tardia ou ineficiente do condutor";"Saída de leito carroçável";"Com Vítimas Fatais";"Plena Noite";"Decrescente";"Chuva";"Simples";"Curva";"Não";1;1;0;0;0;0;0;1;-22,51183137;-43,23076171;"SPRF-RJ";"DEL06-RJ";"UOP01-DEL06-RJ"
490234;2022-12-02;"sexta-feira";"13:35:00";"RS";285;455;"IJUI";"Acessar a via sem observar a presença dos outros veículos";"Colisão transversal";"Com Vítimas Feridas";"Pleno dia";"Decrescente";"Céu Claro";"Simples";"Reta;Interseção de Vias";"Sim";2;0;1;0;1;0;1;2;-28,38566169;-53,88828278;"SPRF-RS";"DEL10-RS";"UOP01-DEL10-RS"
490238;2022-12-02;"sexta-feira";"10:00:00";"CE";222;220;"SOBRAL";"Acessar a via sem observar a presença dos outros veículos";"Colisão transversal";"Com Vítimas Feridas";"Pleno dia";"Crescente";"Céu Claro";"Simples";"Reta";"Não";2;0;0;1;1;0;1;2;-3,73488299;-40,31795598;"SPRF-CE";"DEL04-CE";"UOP01-DEL04-CE"
490239;2022-12-02;"sexta-feira";"09:50:00";"RO";364;343;"JI-PARANA";"Condutor deixou de manter distância do veículo da frente";"Engavetamento";"Com Vítimas Feridas";"Pleno dia";"Crescente";"Céu Claro";"Dupla";"Reta";"Sim";3;0;1;0;2;0;1;3;-10,87878519;-61,94499012;"SPRF-RO";"DEL02-RO";"UOP01-DEL02-RO"
490240;2022-12-02;"sexta-feira";"13:30:00";"SC";101;204;"SAO JOSE";"Conversão proibida";"Colisão frontal";"Com Vítimas Feridas";"Pleno dia";"Decrescente";"Sol";"Múltipla";"Interseção de Vias";"Sim";2;0;0;1;1;0;1;2;-27,57413014;-48,61363083;"SPRF-SC";"DEL01-SC";"UOP01-DEL01-SC"
490241;2022-12-02;"sexta-feira";"08:40:00";"PE";428;187;"PETROLINA";"Reação tardia ou ineficiente do condutor";"Colisão traseira";"Sem Vítimas";"Pleno dia";"Crescente";"Céu Claro";"Dupla";"Reta";"Sim";5;0;0;0;5;0;0;3;-9,35604301;-40,47854198;"SPRF-PE";"DEL06-PE";"UOP01-DEL06-PE"
490242;2022-12-02;"sexta-feira";"12:48:00";"MG";381;699,3;"LAVRAS";"Ausência de reação do condutor";"Saída de leito carroçável";"Com Vítimas Feridas";"Pleno dia";"Crescente";"Nublado";"Dupla";"Aclive;Curva";"Não";5;0;5;0;0;0;5;1;-21,30546081;-45,15754917;"SPRF-MG";"DEL04-MG";"UOP02-DEL04-MG"
490243;2022-12-02;"sexta-feira";"11:00:00";"PB";230;17;"JOAO PESSOA";"Condutor deixou de manter distância do veículo da frente";"Colisão traseira";"Com Vítimas Feridas";"Pleno dia";"Decrescente";"Sol";"Dupla";"Reta";"Sim";2;0;0;1;0;1;1;2;-7,1121;-34,8426;"SPRF-PB";"DEL01-PB";"UOP01-DEL01-PB"
490248;2022-12-02;"sexta-feira";"14:41:00";"PE";101;21;"GOIANA";"Transitar na contramão";"Colisão transversal";"Com Vítimas Feridas";"Pleno dia";"Decrescente";"Céu Claro";"Dupla";"Retorno Regulamentado";"Não";2;0;0;1;1;0;1;2;-7,667766;-34,93266;"SPRF-PE";"DEL01-PE";"UOP02-DEL01-PE"
490249;2022-12-02;"sexta-feira";"14:30:00";"SC";101;332;"TUBARAO";"Manobra de mudança de faixa";"Colisão lateral mesmo sentido";"Com Vítimas Feridas";"Pleno dia";"Crescente";"Céu Claro";"Dupla";"Reta";"Não";3;0;1;0;2;0;1;2;-28,46016431;-48,98968873;"SPRF-SC";"DEL02-SC";"UOP01-DEL02-SC"
490250;2022-12-02;"sexta-feira";"13:50:00";"RN";405;22,5;"MOSSORO";"Demais falhas mecânicas ou elétricas";"Incêndio";"Sem Vítimas";"Pleno dia";"Decrescente";"Céu Claro";"Simples";"Reta";"Não";1;0;0;0;0;1;0;1;-5,25503007;-37,5268639;"SPRF-RN";"DEL04-RN";"UOP02-DEL04-RN"
490251;2022-12-02;"sexta-feira";"15:00:00";"ES";101;27;"CONCEICAO DA BARRA";"Acumulo de água sobre o pavimento";"Capotamento";"Com Vítimas Feridas";"Pleno dia";"Crescente";"Chuva";"Simples";"Aclive";"Não";2;0;2;0;0;0;2;1;-18,36739611;-39,95084729;"SPRF-ES";"DEL04-ES";"UOP02-DEL04-ES"
490252;2022-11-16;"quarta-feira";"17:40:00";"BA";110;1;"PAULO AFONSO";"Animais na Pista";"Atropelamento de Animal";"Com Vítimas Feridas";"Pleno dia";"Decrescente";"Céu Claro";"Simples";"Reta";"Sim";1;0;1;0;0;0;1;1;-9,46296001;-38,20357992;"SPRF-BA";"DEL07-BA";"UOP01-DEL07-BA"