"id";"data_inversa";"dia_semana";"horario";"uf";"br";"km";"municipio";"causa_acidente";"tipo_acidente";"classificacao_acidente";"fase_dia";"sentido_via";"condicao_metereologica";"tipo_pista";"tracado_via";"uso_solo";"pessoas";"mortos";"feridos_leves";"feridos_graves";"ilesos";"ignorados";"feridos";"veiculos";"latitude";"longitude";"regional";"delegacia";"uop"
490254;2022-12-02;"sexta-feira";"15:09:00";"DF";70;13,2;"BRASILIA";"Condutor deixou de manter distância do veículo da frente";"Colisão traseira";"Com Vítimas Feridas";"Pleno dia";"Crescente";"Garoa/Chuvisco";"Dupla";"Reta";"Sim";3;0;2;0;1;0;2;2;-15,794558;-48,166584;"SPRF-DF";"DEL03-DF";"UOP02-DEL03-DF"
490257;2022-12-02;"sexta-feira";"14:30:00";"MG";381;482;"CONTAGEM";"Problema na suspensão";"Queda de ocupante de veículo";"Com Vítimas Feridas";"Pleno dia";"Crescente";"Céu Claro";"Múltipla";"Reta";"Sim";2;0;2;0;0;0;2;1;-19,955532;-44,097209;"SPRF-MG";"DEL01-MG";"UOP03-DEL01-MG"
490259;2022-12-02;"sexta-feira";"15:30:00";"RN";101;75;"EXTREMOZ";"Ausência de reação do condutor";"Colisão traseira";"Com Vítimas Feridas";"Pleno dia";"Decrescente";"Sol";"Dupla";"Rotatória";"Não";2;0;1;0;1;0;1;2;-5,721906;-35,27672;"SPRF-RN";"DEL02-RN";"UOP01-DEL02-RN"
490261;2022-11-24;"quinta-feira";"11:55:00";"GO";40;4;"VALPARAISO DE GOIAS";"Trafegar com motocicleta (ou similar) entre as faixas";"Queda de ocupante de veículo";"Com Vítimas Feridas";"Pleno dia";"Decrescente";"Céu Claro";"Dupla";"Reta";"Sim";2;0;1;0;1;0;1;2;-16,085241;-47,986752;"SPRF-DF";"DEL01-DF";"UOP01-DEL01-DF"
490262;2022-12-02;"sexta-feira";"15:17:00";"PR";376;176;"MARINGA";"Ausência de reação do condutor";"Queda de ocupante de veículo";"Com Vítimas Feridas";"Pleno dia";"Decrescente";"Céu Claro";"Múltipla";"Reta";"Sim";1;0;1;0;0;0;1;1;-23,41269173;-51,93158327;"SPRF-PR";"DEL09-PR";"UOP01-DEL09-PR"
490263;2022-12-02;"sexta-feira";"15:45:00";"PE";101;72;"RECIFE";"Entrada inopinada do pedestre";"Queda de ocupante de veículo";"Com Vítimas Feridas";"Pleno dia";"Crescente";"Céu Claro";"Dupla";"Reta";"Sim";3;0;1;1;1;0;2;2;-8,08589;-34,945972;"SPRF-PE";"DEL01-PE";"UOP01-DEL01-PE"
490264;2022-12-02;"sexta-feira";"15:50:00";"SP";116;217;"GUARULHOS";"Acessar a via sem observar a presença dos outros veículos";"Colisão lateral mesmo sentido";"Com Vítimas Feridas";"Pleno dia";"Crescente";"Nublado";"Múltipla";"Reta";"Sim";2;0;1;0;0;1;1;2;-23,45436107;-46,47255648;"SPRF-SP";"DEL01-SP";"UOP01-DEL01-SP"
490265;2022-12-02;"sexta-feira";"15:20:00";"PR";476;136;"CURITIBA";"Trafegar com motocicleta (ou similar) entre as faixas";"Colisão lateral mesmo sentido";"Com Vítimas Feridas";"Pleno dia";"Crescente";"Céu Claro";"Dupla";"Reta";"Sim";3;0;1;0;1;1;1;3;-25,491047;-49,271679;"SPRF-PR";"DEL01-PR";"UOP03-DEL01-PR"
490267;2022-12-02;"sexta-feira";"15:30:00";"SP";116;201;"ARUJA";"Reação tardia ou ineficiente do condutor";"Queda de ocupante de veículo";"Com Vítimas Feridas";"Pleno dia";"Crescente";"Chuva";"Dupla";"Reta";"Sim";1;0;1;0;0;0;1;1;-23,40362877;-46,33050107;"SPRF-SP";"DEL01-SP";"NPF/DEL01-SP"
490268;2022-12-02;"sexta-feira";"14:50:00";"SP";116;219;"GUARULHOS";"Reação tardia ou ineficiente do condutor";"Colisão transversal";"Com Vítimas Feridas";"Pleno dia";"Decrescente";"Chuva";"Múltipla";"Reta";"Sim";4;0;1;0;3;0;1;3;-23,46143954;-46,48885316;"SPRF-SP";"DEL01-SP";"UOP01-DEL01-SP"
490269;2022-12-02;"sexta-feira";"08:00:00";"MA";230;555;"CAROLINA";"Pista esburacada";"Colisão com objeto";"Com Vítimas Fatais";"Pleno dia";"Decrescente";"Céu Claro";"Simples";"Declive";"Não";1;1;0;0;0;0;0;1;-7,376422;-47,304113;"SPRF-MA";"DEL05-MA";"UOP01-DEL05-MA"
490271;2022-12-02;"sexta-feira";"13:00:00";"MT";163;812;"SINOP";"Ausência de reação do condutor";"Saída de leito carroçável";"Com Vítimas Feridas";"Pleno dia";"Decrescente";"Céu Claro";"Simples";"Reta";"Não";1;0;0;1;0;0;1;1;-12,06672;-55,517585;"SPRF-MT";"DEL06-MT";"NPF/DEL06-MT"
490272;2022-12-02;"sexta-feira";"15:00:00";"MG";381;684;"RIBEIRAO VERMELHO";"Velocidade Incompatível";"Saída de leito carroçável";"Com Vítimas Feridas";"Pleno dia";"Crescente";"Garoa/Chuvisco";"Dupla";"Curva;Declive";"Não";1;0;1;0;0;0;1;1;-21,15857968;-45,11771679;"SPRF-MG";"DEL04-MG";"UOP02-DEL04-MG"
490275;2022-12-02;"sexta-feira";"15:15:00";"MG";381;451,3;"SABARA";"Conversão proibida";"Colisão transversal";"Com Vítimas Fatais";"Pleno dia";"Decrescente";"Sol";"Simples";"Declive;Reta";"Não";2;1;0;0;1;0;0;2;-19,834103;-43,848689;"SPRF-MG";"DEL01-MG";"UOP01-DEL01-MG"
490276;2022-12-02;"sexta-feira";"15:30:00";"SP";116;274,5;"TABOAO DA SERRA";"Manobra de mudança de faixa";"Colisão lateral mesmo sentido";"Com Vítimas Feridas";"Pleno dia";"Crescente";"Chuva";"Dupla";"Reta";"Sim";2;0;1;0;1;0;1;2;-23,63445084;-46,82418514;"SPRF-SP";"DEL04-SP";"UOP01-DEL04-SP"
490277;2022-12-02;"sexta-feira";"16:10:00";"PR";476;141,8;"CURITIBA";"Manobra de mudança de faixa";"Colisão lateral mesmo sentido";"Com Vítimas Feridas";"Pleno dia";"Crescente";"Céu Claro";"Dupla";"Reta";"Sim";3;0;2;0;1;0;2;2;-25,528614;-49,298798;"SPRF-PR";"DEL01-PR";"UOP03-DEL01-PR"
490278;2022-12-02;"sexta-feira";"11:00:00";"SC";282;501;"XANXERE";"Desrespeitar a preferência no cruzamento";"Colisão transversal";"Sem Vítimas";"Pleno dia";"Decrescente";"Céu Claro";"Dupla";"Rotatória";"Sim";2;0;0;0;1;1;0;2;-26,881372;-52,37252;"SPRF-SC";"DEL07-SC";"UOP01-DEL07-SC"
490279;2022-12-02;"sexta-feira";"16:00:00";"ES";101;284;"CARIACICA";"Chuva";"Saída de leito carroçável";"Com Vítimas Feridas";"Pleno dia";"Decrescente";"Chuva";"Múltipla";"Reta;Aclive";"Não";1;0;1;0;0;0;1;1;-20,24334991;-40,3696926;"SPRF-ES";"DEL01-ES";"UOP01-DEL01-ES"
490280;2022-11-21;"segunda-feira";"18:50:00";"SC";101;204;"SAO JOSE";"Ausência de reação do condutor";"Queda de ocupante de veículo";"Com Vítimas Feridas";"Plena Noite";"Decrescente";"Céu Claro";"Dupla";"Reta";"Sim";2;0;2;0;0;0;2;1;-27,57413014;-48,61363083;"SPRF-SC";"DEL01-SC";"UOP01-DEL01-SC"
490281;2022-12-02;"sexta-feira";"15:45:00";"BA";324;519;"FEIRA DE SANTANA";"Condutor deixou de manter distância do veículo da frente";"Queda de ocupante de veículo";"Com Vítimas Feridas";"Pleno dia";"Decrescente";"Céu Claro";"Dupla";"Reta";"Sim";1;0;0;1;0;0;1;1;-12,283049;-38,921201;"SPRF-BA";"DEL02-BA";"UOP01-DEL02-BA"
490284;2022-12-02;"sexta-feira";"15:50:00";"SC";470;301,5;"CAMPOS NOVOS";"Velocidade Incompatível";"Capotamento";"Com Vítimas Feridas";"Pleno dia";"Crescente";"Chuva";"Simples";"Curva";"Não";3;0;3;0;0;0;3;1;-27,373833;-51,056301;"SPRF-SC";"DEL07-SC";"UOP06-DEL07-SC"
490285;2022-12-02;"sexta-feira";"15:10:00";"MA";222;667;"ACAILANDIA";"Condutor deixou de manter distância do veículo da frente";"Colisão lateral mesmo sentido";"Com Vítimas Feridas";"Pleno dia";"Decrescente";"Nublado";"Simples";"Reta";"Sim";4;0;2;0;0;2;2;3;-4,90264174;-47,39968016;"SPRF-MA";"DEL04-MA";"UOP03-DEL04-MA"
490286;2022-12-02;"sexta-feira";"15:40:00";"SP";116;118;"TAUBATE";"Reação tardia ou ineficiente do condutor";"Colisão traseira";"Sem Vítimas";"Plena Noite";"Decrescente";"Nublado";"Dupla";"Reta";"Não";3;0;0;0;2;1;0;2;-23,06266296;-45,62665044;"SPRF-SP";"DEL02-SP";"UOP02-DEL02-SP"
490290;2022-12-02;"sexta-feira";"16:00:00";"SP";381;29;"ATIBAIA";"Reação tardia ou ineficiente do condutor";"Tombamento";"Com Vítimas Feridas";"Pleno dia";"Crescente";"Nublado";"Dupla";"Reta";"Não";2;0;2;0;0;0;2;1;-23,04177622;-46,55896672;"SPRF-SP";"DEL03-SP";"UOP02-DEL03-SP"
490293;2022-12-02;"sexta-feira";"16:40:00";"MG";116;675;"MIRADOURO";"Acessar a via sem observar a presença dos outros veículos";"Colisão frontal";"Com Vítimas Feridas";"Pleno dia";"Crescente";"Céu Claro";"Simples";"Reta";"Não";2;0;1;0;1;0;1;2;-20,903481;-42,350573;"SPRF-MG";"DEL07-MG";"UOP03-DEL07-MG"
490295;2022-12-02;"sexta-feira";"16:30:00";"RN";110;98,6;"UPANEMA";"Transitar na contramão";"Colisão frontal";"Com Vítimas Feridas";"Pleno dia";"Crescente";"Céu Claro";"Dupla";"Reta";"Sim";2;0;0;2;0;0;2;2;-5,63767789;-37,26086785;"SPRF-RN";"DEL04-RN";"UOP01-DEL04-RN"
490296;2022-12-02;"sexta-feira";"16:35:00";"RS";158;164,8;"PEJUCARA";"Velocidade Incompatível";"Saída de leito carroçável";"Com Vítimas Feridas";"Pleno dia";"Decrescente";"Nublado";"Simples";"Curva";"Não";2;0;0;2;0;0;2;1;-28,39722954;-53,52685685;"SPRF-RS";"DEL10-RS";"UOP02-DEL10-RS"
490297;2022-12-02;"sexta-feira";"16:00:00";"PR";277;685;"SAO MIGUEL DO IGUACU";"Avarias e/ou desgaste excessivo no pneu";"Colisão lateral mesmo sentido";"Com Vítimas Feridas";"Pleno dia";"Crescente";"Chuva";"Dupla";"Curva";"Não";2;0;1;0;1;0;1;1;-25,335322;-54,207654;"SPRF-PR";"DEL05-PR";"UOP01-DEL05-PR"
490298;2022-12-02;"sexta-feira";"17:30:00";"PE";428;128,9;"LAGOA GRANDE";"Ultrapassagem Indevida";"Colisão frontal";"Com Vítimas Feridas";"Anoitecer";"Crescente";"Nublado";"Simples";"Declive;Reta";"Não";5;0;3;2;0;0;5;2;-8,95024968;-40,17346811;"SPRF-PE";"DEL06-PE";"UOP03-DEL06-PE"
490299;2022-12-02;"sexta-feira";"16:00:00";"MG";40;532,5;"BELO HORIZONTE";"Reação tardia ou ineficiente do condutor";"Colisão lateral mesmo sentido";"Com Vítimas Feridas";"Pleno dia";"Crescente";"Céu Claro";"Dupla";"Reta";"Sim";2;0;1;0;1;0;1;2;-19,92372561;-44,01700789;"SPRF-MG";"DEL01-MG";"UOP02-DEL01-MG"
490300;2022-12-02;"sexta-feira";"16:35:00";"SC";101;117;"ITAJAI";"Acessar a via sem observar a presença dos outros veículos";"Colisão traseira";"Com Vítimas Feridas";"Pleno dia";"Crescente";"Nublado";"Dupla";"Reta";"Sim";2;0;2;0;0;0;2;2;-26,88747187;-48,72252969;"SPRF-SC";"DEL04-SC";"UOP04-DEL04-SC"
490302;2022-11-27;"domingo";"05:30:00";"MS";163;79,5;"ITAQUIRAI";"Reação tardia ou ineficiente do condutor";"Saída de leito carroçável";"Sem Vítimas";"Pleno dia";"Decrescente";"Céu Claro";"Simples";"Reta";"Não";1;0;0;0;0;1;0;1;-23,46580118;-54,1909603;"SPRF-MS";"DEL09-MS";"UOP01-DEL09-MS"
490304;2022-11-23;"quarta-feira";"13:30:00";"PE";232;415;"SERRA TALHADA";"Avarias e/ou desgaste excessivo no pneu";"Saída de leito carroçável";"Com Vítimas Feridas";"Pleno dia";"Decrescente";"Céu Claro";"Simples";"Reta";"Não";2;0;0;2;0;0;2;1;-7,99605739;-38,34533981;"SPRF-PE";"DEL04-PE";"UOP01-DEL04-PE"
490305;2022-12-02;"sexta-feira";"11:00:00";"ES";101;274,4;"SERRA";"Chuva";"Saída de leito carroçável";"Com Vítimas Feridas";"Pleno dia";"Crescente";"Chuva";"Dupla";"Reta";"Sim";1;0;1;0;0;0;1;1;-20,21077705;-40,29763699;"SPRF-ES";"DEL02-ES";"UOP01-DEL02-ES"
490309;2022-12-02;"sexta-feira";"16:50:00";"RJ";465;14,2;"SEROPEDICA";"Ausência de reação do condutor";"Atropelamento de Pedestre";"Com Vítimas Feridas";"Pleno dia";"Decrescente";"Nublado";"Simples";"Reta";"Sim";2;0;0;2;0;0;2;2;-22,80581546;-43,63764167;"SPRF-RJ";"DEL01-RJ";"UOP03-DEL01-RJ"
490310;2022-12-02;"sexta-feira";"18:00:00";"RS";386;420;"MONTENEGRO";"Condutor deixou de manter distância do veículo da frente";"Colisão traseira";"Com Vítimas Feridas";"Pleno dia";"Decrescente";"Nublado";"Dupla";"Retorno Regulamentado";"Não";2;0;1;0;0;1;1;2;-29,817812;-51,422596;"SPRF-RS";"DEL01-RS";"UOP01-DEL01-RS"
490312;2022-12-02;"sexta-feira";"18:35:00";"RS";290;417,9;"SAO GABRIEL";"Acessar a via sem observar a presença dos outros veículos";"Colisão transversal";"Com Vítimas Feridas";"Pleno dia";"Decrescente";"Nublado";"Simples";"Interseção de Vias";"Sim";3;0;1;0;0;2;1;3;-30,358006;-54,319218;"SPRF-RS";"DEL11-RS";"UOP02-DEL11-RS"
490313;2022-12-02;"sexta-feira";"11:50:00";"SC";470;124,4;"LONTRAS";"Trafegar com motocicleta (ou similar) entre as faixas";"Colisão transversal";"Com Vítimas Feridas";"Pleno dia";"Decrescente";"Sol";"Simples";"Reta";"Sim";2;0;0;1;1;0;1;2;-27,113192;-49,529163;"SPRF-SC";"DEL04-SC";"UOP02-DEL04-SC"
490314;2022-12-02;"sexta-feira";"18:00:00";"SC";116;226,1;"CORREIA PINTO";"Conversão proibida";"Colisão transversal";"Com Vítimas Feridas";"Pleno dia";"Decrescente";"Céu Claro";"Simples";"Reta";"Não";4;0;2;0;2;0;2;2;-27,63565319;-50,33965588;"SPRF-SC";"DEL05-SC";"UOP03-DEL05-SC"
490317;2022-12-02;"sexta-feira";"07:10:00";"SC";280;273;"IRINEOPOLIS";"Reação tardia ou ineficiente do condutor";"Colisão com objeto";"Com Vítimas Feridas";"Pleno dia";"Decrescente";"Céu Claro";"Simples";"Reta";"Não";1;0;1;0;0;0;1;1;-26,2799492;-50,76336593;"SPRF-SC";"DEL06-SC";"UOP04-DEL06-SC"
490319;2022-12-02;"sexta-feira";"17:00:00";"BA";101;515;"ITABUNA";"Objeto estático sobre o leito carroçável";"Saída de leito carroçável";"Com Vítimas Fatais";"Anoitecer";"Decrescente";"Chuva";"Simples";"Curva";"Não";1;1;0;0;0;0;0;1;-15,02367504;-39,3288227;"SPRF-BA";"DEL05-BA";"UOP01-DEL05-BA"
490320;2022-12-02;"sexta-feira";"14:00:00";"MA";230;320,4;"SAO RAIMUNDO DAS MANGABEIRAS";"Reação tardia ou ineficiente do condutor";"Colisão frontal";"Com Vítimas Feridas";"Pleno dia";"Crescente";"Céu Claro";"Simples";"Curva";"Não";3;0;1;1;1;0;2;2;-7,03913686;-45,520398;"SPRF-MA";"DEL05-MA";"UOP01-DEL05-MA"
490321;2022-12-02;"sexta-feira";"11:30:00";"PB";230;61,9;"SAO MIGUEL DE TAIPU";"Avarias e/ou desgaste excessivo no pneu";"Tombamento";"Com Vítimas Feridas";"Pleno dia";"Crescente";"Céu Claro";"Dupla";"Declive;Reta";"Não";2;0;1;1;0;0;2;1;-7,20002257;-35,16242981;"SPRF-PB";"DEL01-PB";"UOP03-DEL01-PB"
490324;2022-12-02;"sexta-feira";"19:25:00";"SC";280;57,4;"GUARAMIRIM";"Pedestre cruzava a pista fora da faixa";"Atropelamento de Pedestre";"Com Vítimas Feridas";"Plena Noite";"Crescente";"Céu Claro";"Dupla";"Reta";"Não";2;0;1;0;1;0;1;2;-26,47811421;-49,01259213;"SPRF-SC";"DEL03-SC";"UOP03-DEL03-SC"
490325;2022-12-02;"sexta-feira";"18:44:00";"PB";230;55,2;"CRUZ DO ESPIRITO SANTO";"Ausência de reação do condutor";"Colisão traseira";"Com Vítimas Fatais";"Plena Noite";"Decrescente";"Céu Claro";"Dupla";"Reta";"Não";3;1;0;1;1;0;1;2;-7,2014;-35,0943;"SPRF-PB";"DEL01-PB";"UOP03-DEL01-PB"
490326;2022-12-02;"sexta-feira";"18:00:00";"PR";376;495;"PONTA GROSSA";"Reação tardia ou ineficiente do condutor";"Saída de leito carroçável";"Sem Vítimas";"Pleno dia";"Decrescente";"Céu Claro";"Dupla";"Reta";"Não";2;0;0;0;2;0;0;1;-25,17134586;-50,1084609;"SPRF-PR";"DEL03-PR";"UOP04-DEL03-PR"
490327;2022-11-21;"segunda-feira";"04:30:00";"SC";101;120;"ITAJAI";"Reação tardia ou ineficiente do condutor";"Colisão traseira";"Com Vítimas Feridas";"Amanhecer";"Crescente";"Céu Claro";"Simples";"Viaduto";"Sim";2;0;1;0;1;0;1;2;-26,912758;-48,711998;"SPRF-SC";"DEL04-SC";"UOP04-DEL04-SC"
490331;2022-12-02;"sexta-feira";"12:50:00";"SC";163;70,5;"SAO MIGUEL DO OESTE";"Manobra de mudança de faixa";"Colisão lateral mesmo sentido";"Com Vítimas Feridas";"Pleno dia";"Crescente";"Céu Claro";"Dupla";"Curva";"Sim";2;0;1;0;1;0;1;2;-26,73461723;-53,50680015;"SPRF-SC";"DEL07-SC";"UOP03-DEL07-SC"
490333;2022-12-02;"sexta-feira";"15:20:00";"SC";101;427;"SOMBRIO";"Manobra de mudança de faixa";"Colisão lateral mesmo sentido";"Com Vítimas Feridas";"Pleno dia";"Crescente";"Céu Claro";"Múltipla";"Reta";"Sim";2;0;1;0;1;0;1;2;-29,0329064;-49,60623553;"SPRF-SC";"DEL02-SC";"UOP02-DEL02-SC"
490334;2022-12-02;"sexta-feira";"19:00:00";"SC";280;134;"RIO NEGRINHO";"Acessar a via sem observar a presença dos outros veículos";"Colisão transversal";"Com Vítimas Feridas";"Plena Noite";"Crescente";"Chuva";"Simples";"Reta";"Não";3;0;2;0;1;0;2;2;-26,27250478;-49,5633014;"SPRF-SC";"DEL06-SC";"UOP03-DEL06-SC"
490335;2022-12-02;"sexta-feira";"19:17:00";"PB";101;78;"SANTA RITA";"Deficiência do Sistema de Iluminação/Sinalização";"Atropelamento de Pedestre";"Com Vítimas Fatais";"Plena Noite";"Decrescente";"Céu Claro";"Dupla";"Reta";"Não";3;1;0;0;2;0;0;2;-7,10808295;-34,96293885;"SPRF-PB";"DEL01-PB";"UOP04-DEL01-PB"
490337;2022-12-02;"sexta-feira";"20:15:00";"RS";116;252,1;"SAPUCAIA DO SUL";"Frear bruscamente";"Queda de ocupante de veículo";"Com Vítimas Feridas";"Plena Noite";"Crescente";"Nublado";"Dupla";"Reta";"Não";1;0;1;0;0;0;1;1;-29,80913395;-51,1675292;"SPRF-RS";"DEL01-RS";"UOP02-DEL01-RS"
490338;2022-12-02;"sexta-feira";"18:00:00";"SC";280;149;"MAFRA";"Velocidade Incompatível";"Saída de leito carroçável";"Com Vítimas Feridas";"Pleno dia";"Crescente";"Sol";"Simples";"Curva";"Não";2;0;2;0;0;0;2;1;-26,23857535;-49,6804832;"SPRF-SC";"DEL06-SC";"UOP03-DEL06-SC"
490340;2022-12-02;"sexta-feira";"20:45:00";"SC";280;50;"GUARAMIRIM";"Ausência de reação do condutor";"Colisão com objeto";"Com Vítimas Feridas";"Plena Noite";"Decrescente";"Nublado";"Simples";"Curva";"Sim";2;0;1;1;0;0;2;1;-26,46360026;-48,95007849;"SPRF-SC";"DEL03-SC";"UOP03-DEL03-SC"
490341;2022-11-02;"quarta-feira";"11:55:00";"MG";381;484,2;"BETIM";"Manobra de mudança de faixa";"Colisão traseira";"Com Vítimas Feridas";"Pleno dia";"Crescente";"Chuva";"Dupla";"Reta";"Não";3;0;1;0;2;0;1;3;-19,95594491;-44,10721699;"SPRF-MG";"DEL01-MG";"UOP03-DEL01-MG"
490342;2022-12-02;"sexta-feira";"17:45:00";"MG";262;35,7;"MANHUACU";"Reação tardia ou ineficiente do condutor";"Atropelamento de Pedestre";"Com Vítimas Feridas";"Plena Noite";"Crescente";"Chuva";"Simples";"Aclive;Interseção de Vias";"Sim";2;0;2;0;0;0;2;2;-20,2592562;-42,01698194;"SPRF-MG";"DEL06-MG";"UOP03-DEL06-MG"
490343;2022-12-02;"sexta-feira";"17:00:00";"MG";262;93,4;"ABRE CAMPO";"Acessar a via sem observar a presença dos outros veículos";"Colisão transversal";"Com Vítimas Feridas";"Pleno dia";"Crescente";"Nublado";"Simples";"Reta";"Sim";2;0;0;1;1;0;1;2;-20,31531995;-42,46661228;"SPRF-MG";"DEL03-MG";"UOP03-DEL03-MG"
490346;2022-12-02;"sexta-feira";"21:06:00";"ES";101;304,8;"VIANA";"Chuva";"Colisão com objeto";"Sem Vítimas";"Plena Noite";"Crescente";"Chuva";"Dupla";"Curva";"Sim";1;0;0;0;1;0;0;1;-20,3800645;-40,45431391;"SPRF-ES";"DEL01-ES";"UOP01-DEL01-ES"
490348;2022-12-02;"sexta-feira";"21:15:00";"PR";277;79;"CURITIBA";"Condutor deixou de manter distância do veículo da frente";"Queda de ocupante de veículo";"Com Vítimas Feridas";"Plena Noite";"Crescente";"Céu Claro";"Dupla";"Curva";"Sim";2;0;1;0;1;0;1;2;-25,47482422;-49,20853078;"SPRF-PR";"DEL01-PR";"UOP01-DEL01-PR"
490350;2022-12-02;"sexta-feira";"21:48:00";"SP";116;203;"ARUJA";"Reação tardia ou ineficiente do condutor";"Colisão traseira";"Sem Vítimas";"Plena Noite";"Decrescente";"Céu Claro";"Dupla";"Curva";"Sim";2;0;0;0;2;0;0;2;-23,41060827;-46,34763895;"SPRF-SP";"DEL01-SP";"NPF/DEL01-SP"
490353;2022-12-02;"sexta-feira";"20:55:00";"MT";163;1032,1;"MATUPA";"Ultrapassagem Indevida";"Colisão frontal";"Com Vítimas Feridas";"Plena Noite";"Decrescente";"Garoa/Chuvisco";"Simples";"Em Obras";"Não";8;0;5;0;2;1;5;3;-10,217;-54,968;"SPRF-MT";"DEL06-MT";"UOP03-DEL06-MT"
490354;2022-12-02;"sexta-feira";"21:20:00";"PR";376;593;"CURITIBA";"Pedestre cruzava a pista fora da faixa";"Atropelamento de Pedestre";"Com Vítimas Fatais";"Plena Noite";"Decrescente";"Chuva";"Dupla";"Reta";"Sim";2;1;0;0;0;1;0;2;-25,48030425;-49,34923947;"SPRF-PR";"DEL01-PR";"UOP06-DEL01-PR"
490357;2022-12-01;"quinta-feira";"18:30:00";"SC";101;199;"SAO JOSE";"Acessar a via sem observar a presença dos outros veículos";"Colisão traseira";"Com Vítimas Feridas";"Pleno dia";"Decrescente";"Céu Claro";"Dupla";"Reta";"Sim";2;0;1;0;1;0;1;2;-27,53413705;-48,63003205;"SPRF-SC";"DEL01-SC";"UOP01-DEL01-SC"
490359;2022-12-02;"sexta-feira";"18:40:00";"RJ";116;191;"NOVA IGUACU";"Ausência de reação do condutor";"Capotamento";"Sem Vítimas";"Plena Noite";"Crescente";"Céu Claro";"Dupla";"Reta";"Sim";1;0;0;0;1;0;0;1;-22,74421443;-43,509822;"SPRF-RJ";"DEL01-RJ";"UOP02-DEL01-RJ"
490360;2022-12-02;"sexta-feira";"20:00:00";"RJ";393;283;"VOLTA REDONDA";"Acessar a via sem observar a presença dos outros veículos";"Colisão transversal";"Com Vítimas Feridas";"Plena Noite";"Decrescente";"Céu Claro";"Simples";"Reta;Declive;Interseção de Vias";"Sim";2;0;1;0;1;0;1;2;-22,49238314;-44,06536281;"SPRF-RJ";"DEL05-RJ";"UOP04-DEL05-RJ"
490361;2022-12-02;"sexta-feira";"21:00:00";"GO";153;509,9;"APARECIDA DE GOIANIA";"Ingestão de álcool pelo condutor";"Colisão traseira";"Sem Vítimas";"Plena Noite";"Decrescente";"Nublado";"Simples";"Viaduto";"Sim";8;0;0;0;8;0;0;3;-16,7888;-49,2379;"SPRF-GO";"DEL01-GO";"UOP03-DEL01-GO"
490363;2022-12-02;"sexta-feira";"22:30:00";"PR";277;595;"CASCAVEL";"Ingestão de álcool pelo condutor";"Colisão frontal";"Com Vítimas Feridas";"Plena Noite";"Crescente";"Céu Claro";"Simples";"Reta";"Sim";3;0;2;0;1;0;2;2;-24,98154632;-53,50141969;"SPRF-PR";"DEL04-PR";"UOP01-DEL04-PR"
490364;2022-12-02;"sexta-feira";"21:30:00";"PE";232;61,3;"POMBOS";"Ingestão de álcool pelo condutor";"Saída de leito carroçável";"Com Vítimas Feridas";"Plena Noite";"Crescente";"Céu Claro";"Dupla";"Curva";"Não";1;0;0;1;0;0;1;1;-8,1519066;-35,4153532;"SPRF-PE";"DEL02-PE";"UOP02-DEL02PE"
490365;2022-12-02;"sexta-feira";"22:30:00";"MG";40;608,2;"CONGONHAS";"Manobra de mudança de faixa";"Colisão lateral mesmo sentido";"Com Vítimas Feridas";"Plena Noite";"Decrescente";"Nublado";"Simples";"Aclive;Reta";"Não";3;0;2;0;1;0;2;2;-20,49024;-43,837105;"SPRF-MG";"DEL05-MG";"UOP02-DEL05-MG"
490366;2022-12-02;"sexta-feira";"22:15:00";"RN";304;31;"MOSSORO";"Ingestão de álcool pelo condutor";"Colisão frontal";"Com Vítimas Fatais";"Plena Noite";"Crescente";"Céu Claro";"Simples";"Reta";"Sim";5;1;0;4;0;0;4;2;-5,1328917;-37,3445218;"SPRF-RN";"DEL04-RN";"UOP02-DEL04-RN"
490367;2022-12-02;"sexta-feira";"19:30:00";"PR";153;2;"JACAREZINHO";"Frear bruscamente";"Queda de ocupante de veículo";"Com Vítimas Feridas";"Plena Noite";"Decrescente";"Céu Claro";"Simples";"Reta";"Não";2;0;2;0;0;0;2;1;-23,01063981;-49,90871127;"SPRF-PR";"DEL07-PR";"UOP04-DEL07-PR"
490368;2022-12-02;"sexta-feira";"21:30:00";"PR";277;108;"CAMPO LARGO";"Ausência de reação do condutor";"Saída de leito carroçável";"Com Vítimas Feridas";"Plena Noite";"Decrescente";"Nublado";"Dupla";"Curva";"Não";1;0;1;0;0;0;1;1;-25,437024;-49,44478;"SPRF-PR";"DEL03-PR";"UOP03-DEL03-PR"
490370;2022-12-02;"sexta-feira";"14:10:00";"SC";282;585;"PINHALZINHO";"Velocidade Incompatível";"Saída de leito carroçável";"Com Vítimas Feridas";"Pleno dia";"Crescente";"Chuva";"Simples";"Reta";"Não";3;0;0;1;1;1;1;2;-26,830591;-53,025528;"SPRF-SC";"DEL07-SC";"UOP02-DEL07-SC"
490372;2022-12-02;"sexta-feira";"09:30:00";"MG";50;77;"UBERLANDIA";"Ingestão de álcool pelo condutor";"Colisão transversal";"Com Vítimas Feridas";"Pleno dia";"Decrescente";"Céu Claro";"Dupla";"Viaduto";"Sim";3;0;0;1;1;1;1;3;-18,9369946;-48,21964324;"SPRF-MG";"DEL15-MG";"UOP01-DEL15-MG"
490373;2022-12-02;"sexta-feira";"22:40:00";"GO";50;96;"CRISTALINA";"Acessar a via sem observar a presença dos outros veículos";"Colisão transversal";"Com Vítimas Feridas";"Plena Noite";"Decrescente";"Nublado";"Simples";"Interseção de Vias";"Sim";2;0;1;0;1;0;1;2;-16,9309;-47,7117;"SPRF-DF";"DEL01-DF";"UOP02-DEL01-DF"