"id";"data_inversa";"dia_semana";"horario";"uf";"br";"km";"municipio";"causa_acidente";"tipo_acidente";"classificacao_acidente";"fase_dia";"sentido_via";"condicao_metereologica";"tipo_pista";"tracado_via";"uso_solo";"pessoas";"mortos";"feridos_leves";"feridos_graves";"ilesos";"ignorados";"feridos";"veiculos";"latitude";"longitude";"regional";"delegacia";"uop"
490374;2022-12-02;"sexta-feira";"21:25:00";"PR";369;37,3;"ANDIRA";"Ausência de reação do condutor";"Saída de leito carroçável";"Sem Vítimas";"Plena Noite";"Crescente";"Céu Claro";"Simples";"Reta";"Não";1;0;0;0;0;1;0;1;-23,046275;-50,233896;"SPRF-PR";"DEL07-PR";"UOP05-DEL07-PR"
490375;2022-12-02;"sexta-feira";"21:15:00";"RJ";40;5,6;"COMENDADOR LEVY GASPARIAN";"Transitar na contramão";"Queda de ocupante de veículo";"Com Vítimas Feridas";"Plena Noite";"Decrescente";"Chuva";"Dupla";"Reta";"Não";1;0;1;0;0;0;1;1;-22,021647;-43,23788;"SPRF-RJ";"DEL05-RJ";"UOP02-DEL05-RJ"
490376;2022-12-02;"sexta-feira";"23:00:00";"RS";470;218,2;"BENTO GONCALVES";"Pista esburacada";"Eventos atípicos";"Sem Vítimas";"Plena Noite";"Crescente";"Chuva";"Simples";"Interseção de Vias;Curva;Retorno Regulamentado";"Sim";2;0;0;0;2;0;0;1;-29,18271167;-51,52019262;"SPRF-RS";"DEL06-RS";"UOP01-DEL06-RS"
490377;2022-12-02;"sexta-feira";"21:00:00";"RS";293;128,9;"CANDIOTA";"Ingestão de álcool pelo condutor";"Saída de leito carroçável";"Com Vítimas Feridas";"Plena Noite";"Decrescente";"Nublado";"Simples";"Ponte";"Não";1;0;0;1;0;0;1;1;-31,49933632;-53,56950944;"SPRF-RS";"DEL11-RS";"UOP03-DEL11-RS"
490378;2022-12-02;"sexta-feira";"19:30:00";"RJ";493;1;"ITABORAI";"Transitar na contramão";"Colisão frontal";"Com Vítimas Feridas";"Plena Noite";"Crescente";"Céu Claro";"Simples";"Reta";"Sim";2;0;1;0;0;1;1;2;-22,76398788;-42,92731895;"SPRF-RJ";"DEL02-RJ";"UOP02-DEL02-RJ"
490380;2022-12-02;"sexta-feira";"22:50:00";"SC";116;246;"LAGES";"Acessar a via sem observar a presença dos outros veículos";"Colisão lateral mesmo sentido";"Com Vítimas Feridas";"Plena Noite";"Decrescente";"Nublado";"Simples";"Reta";"Sim";2;0;1;0;1;0;1;2;-27,80419942;-50,36509464;"SPRF-SC";"DEL05-SC";"UOP02-DEL05-SC"
490381;2022-12-02;"sexta-feira";"22:55:00";"RJ";116;202;"QUEIMADOS";"Ausência de reação do condutor";"Capotamento";"Com Vítimas Feridas";"Plena Noite";"Decrescente";"Céu Claro";"Dupla";"Reta";"Sim";2;0;2;0;0;0;2;1;-22,72996588;-43,61317403;"SPRF-RJ";"DEL01-RJ";"UOP03-DEL01-RJ"
490383;2022-12-02;"sexta-feira";"22:25:00";"SP";116;440;"REGISTRO";"Pedestre andava na pista";"Atropelamento de Pedestre";"Com Vítimas Feridas";"Plena Noite";"Decrescente";"Céu Claro";"Dupla";"Reta";"Sim";3;0;1;0;2;0;1;2;-24,46159507;-47,81713991;"SPRF-SP";"DEL05-SP";"UOP01-DEL05-SP"
490384;2022-12-02;"sexta-feira";"22:20:00";"ES";101;296,5;"CARIACICA";"Reação tardia ou ineficiente do condutor";"Colisão traseira";"Sem Vítimas";"Plena Noite";"Decrescente";"Chuva";"Múltipla";"Reta";"Sim";2;0;0;0;2;0;0;2;-20,34029997;-40,40405712;"SPRF-ES";"DEL01-ES";"UOP01-DEL01-ES"
490385;2022-12-02;"sexta-feira";"23:30:00";"RS";116;247;"SAO LEOPOLDO";"Ausência de reação do condutor";"Colisão com objeto";"Com Vítimas Feridas";"Plena Noite";"Decrescente";"Garoa/Chuvisco";"Dupla";"Reta";"Sim";2;0;1;0;1;0;1;1;-29,76843348;-51,15306986;"SPRF-RS";"DEL01-RS";"UOP02-DEL01-RS"
490386;2022-12-02;"sexta-feira";"23:40:00";"SP";153;81,2;"BADY BASSITT";"Ausência de reação do condutor";"Saída de leito carroçável";"Com Vítimas Feridas";"Plena Noite";"Crescente";"Chuva";"Simples";"Aclive;Curva";"Não";1;0;1;0;0;0;1;1;-20,91158008;-49,48946098;"SPRF-SP";"DEL09-SP";"UOP01-DEL09-SP"
490390;2022-12-02;"sexta-feira";"22:10:00";"PE";101;50;"ABREU E LIMA";"Condutor Dormindo";"Saída de leito carroçável";"Sem Vítimas";"Plena Noite";"Decrescente";"Céu Claro";"Múltipla";"Reta";"Sim";1;0;0;0;0;1;0;1;-7,90938602;-34,90123228;"SPRF-PE";"DEL01-PE";"UOP02-DEL01-PE"
490393;2022-12-02;"sexta-feira";"23:00:00";"MG";381;325;"NOVA ERA";"Transitar na contramão";"Colisão lateral sentido oposto";"Com Vítimas Feridas";"Plena Noite";"Decrescente";"Garoa/Chuvisco";"Simples";"Reta";"Não";2;0;1;0;1;0;1;2;-19,76099646;-43,0362466;"SPRF-MG";"DEL03-MG";"UOP02-DEL03-MG"
490395;2022-12-03;"sábado";"00:10:00";"SP";153;72,7;"SAO JOSE DO RIO PRETO";"Pista Escorregadia";"Saída de leito carroçável";"Sem Vítimas";"Plena Noite";"Crescente";"Chuva";"Dupla";"Reta";"Não";1;0;0;0;1;0;0;1;-20,86715501;-49,41334398;"SPRF-SP";"DEL09-SP";"UOP01-DEL09-SP"
490396;2022-12-03;"sábado";"00:20:00";"RJ";116;195;"QUEIMADOS";"Animais na Pista";"Atropelamento de Animal";"Sem Vítimas";"Plena Noite";"Crescente";"Céu Claro";"Dupla";"Reta";"Não";1;0;0;0;1;0;0;1;-22,73185705;-43,60164642;"SPRF-RJ";"DEL01-RJ";"UOP02-DEL01-RJ"
490397;2022-12-03;"sábado";"00:10:00";"RS";386;401,4;"TRIUNFO";"Reação tardia ou ineficiente do condutor";"Saída de leito carroçável";"Sem Vítimas";"Plena Noite";"Decrescente";"Chuva";"Simples";"Curva";"Não";2;0;0;0;2;0;0;1;-29,758154;-51,594955;"SPRF-RS";"DEL01-RS";"UOP01-DEL01-RS"
490398;2022-12-02;"sexta-feira";"22:30:00";"PR";369;134;"IBIPORA";"Velocidade Incompatível";"Saída de leito carroçável";"Com Vítimas Fatais";"Plena Noite";"Crescente";"Céu Claro";"Simples";"Reta";"Sim";4;1;0;0;3;0;0;3;-23,2619;-51,0307;"SPRF-PR";"DEL07-PR";"UOP01-DEL07-PR"
490399;2022-12-02;"sexta-feira";"22:50:00";"MG";365;67,7;"JEQUITAI";"Velocidade Incompatível";"Capotamento";"Com Vítimas Feridas";"Plena Noite";"Decrescente";"Garoa/Chuvisco";"Simples";"Curva";"Não";1;0;1;0;0;0;1;1;-17,0424831;-44,32043986;"SPRF-MG";"DEL12-MG";"UOP01-DEL12-MG"
490400;2022-12-03;"sábado";"00:35:00";"SC";116;218,5;"CORREIA PINTO";"Reação tardia ou ineficiente do condutor";"Colisão lateral sentido oposto";"Com Vítimas Feridas";"Plena Noite";"Decrescente";"Chuva";"Simples";"Declive";"Não";2;0;1;0;0;1;1;2;-27,57212;-50,37254;"SPRF-SC";"DEL05-SC";"UOP03-DEL05-SC"
490401;2022-12-03;"sábado";"01:23:00";"DF";40;0,7;"BRASILIA";"Reação tardia ou ineficiente do condutor";"Colisão traseira";"Com Vítimas Feridas";"Plena Noite";"Crescente";"Céu Claro";"Dupla";"Reta";"Sim";2;0;1;0;1;0;1;2;-15,985532;-47,987747;"SPRF-DF";"DEL01-DF";"UOP01-DEL01-DF"
490402;2022-12-03;"sábado";"00:15:00";"PR";373;172,3;"PONTA GROSSA";"Chuva";"Colisão lateral mesmo sentido";"Sem Vítimas";"Plena Noite";"Crescente";"Chuva";"Dupla";"Reta";"Sim";2;0;0;0;2;0;0;2;-25,08139932;-50,19200981;"SPRF-PR";"DEL03-PR";"UOP01-DEL03-PR"
490403;2022-12-02;"sexta-feira";"22:00:00";"SP";116;202;"ARUJA";"Velocidade Incompatível";"Saída de leito carroçável";"Com Vítimas Feridas";"Plena Noite";"Decrescente";"Céu Claro";"Dupla";"Interseção de Vias";"Sim";2;0;2;0;0;0;2;1;-23,40809408;-46,33859597;"SPRF-SP";"DEL01-SP";"NPF/DEL01-SP"
490404;2022-12-03;"sábado";"01:15:00";"GO";50;280;"CATALAO";"Ingestão de álcool pelo condutor";"Colisão com objeto";"Sem Vítimas";"Plena Noite";"Crescente";"Nublado";"Dupla";"Curva";"Sim";1;0;0;0;1;0;0;1;-18,1784;-47,9362;"SPRF-GO";"DEL06-GO";"UOP01-DEL06-GO"
490406;2022-12-02;"sexta-feira";"23:40:00";"RO";364;11;"VILHENA";"Velocidade Incompatível";"Saída de leito carroçável";"Com Vítimas Feridas";"Plena Noite";"Decrescente";"Nublado";"Dupla";"Rotatória";"Sim";2;0;0;1;0;1;1;2;-12,74605898;-60,11270299;"SPRF-RO";"DEL04-RO";"UOP01-DEL04-RO"
490407;2022-12-03;"sábado";"01:00:00";"PR";376;215,5;"JANDAIA DO SUL";"Ausência de reação do condutor";"Tombamento";"Com Vítimas Feridas";"Plena Noite";"Decrescente";"Nublado";"Simples";"Reta;Aclive";"Sim";1;0;0;1;0;0;1;1;-23,59537856;-51,64222304;"SPRF-PR";"DEL09-PR";"UOP01-DEL09-PR"
490408;2022-12-03;"sábado";"01:05:00";"RJ";101;418;"ITAGUAI";"Ingestão de álcool pelo condutor";"Colisão com objeto";"Sem Vítimas";"Plena Noite";"Crescente";"Céu Claro";"Simples";"Reta;Aclive";"Não";1;0;0;0;1;0;0;1;-22,9178274;-43,90471593;"SPRF-RJ";"DEL03-RJ";"UOP02-DEL03-RJ"
490409;2022-12-03;"sábado";"01:23:00";"GO";40;5;"VALPARAISO DE GOIAS";"Condutor deixou de manter distância do veículo da frente";"Colisão traseira";"Com Vítimas Feridas";"Plena Noite";"Crescente";"Nublado";"Dupla";"Reta";"Sim";2;0;2;0;0;0;2;1;-16,093134;-47,982236;"SPRF-DF";"DEL01-DF";"UOP01-DEL01-DF"
490410;2022-12-02;"sexta-feira";"23:40:00";"RJ";116;181;"NOVA IGUACU";"Condutor deixou de manter distância do veículo da frente";"Colisão traseira";"Com Vítimas Feridas";"Plena Noite";"Decrescente";"Nublado";"Dupla";"Reta";"Sim";2;0;0;1;0;1;1;2;-22,74008982;-43,46500397;"SPRF-RJ";"DEL01-RJ";"UOP02-DEL01-RJ"
490411;2022-12-03;"sábado";"00:10:00";"MG";40;799;"JUIZ DE FORA";"Transitar na calçada";"Capotamento";"Sem Vítimas";"Plena Noite";"Crescente";"Chuva";"Dupla";"Retorno Regulamentado";"Não";1;0;0;0;1;0;0;1;-21,82857001;-43,37364401;"SPRF-MG";"DEL05-MG";"UOP01-DEL05-MG"
490413;2022-12-03;"sábado";"01:23:00";"GO";40;12;"LUZIANIA";"Ingestão de álcool pelo condutor";"Colisão traseira";"Sem Vítimas";"Plena Noite";"Crescente";"Céu Claro";"Dupla";"Reta";"Sim";4;0;0;0;4;0;0;2;-16,145123;-47,945382;"SPRF-DF";"DEL01-DF";"UOP01-DEL01-DF"
490414;2022-12-02;"sexta-feira";"23:40:00";"RJ";101;571,9;"PARATY";"Acessar a via sem observar a presença dos outros veículos";"Colisão traseira";"Com Vítimas Feridas";"Plena Noite";"Crescente";"Nublado";"Simples";"Reta";"Não";2;0;0;1;0;1;1;2;-23,18579921;-44,72424085;"SPRF-RJ";"DEL03-RJ";"UOP03-DEL03-RJ"
490415;2022-12-03;"sábado";"00:10:00";"SC";282;568;"NOVA ERECHIM";"Acessar a via sem observar a presença dos outros veículos";"Colisão frontal";"Com Vítimas Feridas";"Plena Noite";"Crescente";"Céu Claro";"Simples";"Reta";"Sim";3;0;2;0;1;0;2;2;-26,899681;-52,915756;"SPRF-SC";"DEL07-SC";"UOP02-DEL07-SC"
490416;2022-12-03;"sábado";"01:50:00";"SP";116;269,5;"TABOAO DA SERRA";"Acessar a via sem observar a presença dos outros veículos";"Colisão transversal";"Com Vítimas Feridas";"Plena Noite";"Crescente";"Céu Claro";"Múltipla";"Reta";"Sim";2;0;0;1;1;0;1;2;-23,61593059;-46,78826044;"SPRF-SP";"DEL04-SP";"UOP01-DEL04-SP"
490417;2022-12-03;"sábado";"01:50:00";"SC";101;128,2;"BALNEARIO CAMBORIU";"Entrada inopinada do pedestre";"Atropelamento de Pedestre";"Com Vítimas Fatais";"Plena Noite";"Decrescente";"Céu Claro";"Dupla";"Curva";"Não";2;1;0;0;1;0;0;2;-26,97284292;-48,68299451;"SPRF-SC";"DEL04-SC";"UOP04-DEL04-SC"
490419;2022-12-03;"sábado";"02:14:00";"RJ";101;478;"ANGRA DOS REIS";"Reação tardia ou ineficiente do condutor";"Queda de ocupante de veículo";"Com Vítimas Feridas";"Plena Noite";"Crescente";"Garoa/Chuvisco";"Dupla";"Reta";"Sim";1;0;1;0;0;0;1;1;-23,00246527;-44,27270594;"SPRF-RJ";"DEL03-RJ";"UOP03-DEL03-RJ"
490420;2022-12-03;"sábado";"00:25:00";"MG";116;816,5;"ALEM PARAIBA";"Ingestão de álcool pelo condutor";"Colisão frontal";"Com Vítimas Feridas";"Plena Noite";"Crescente";"Nublado";"Simples";"Reta";"Não";6;0;5;0;1;0;5;2;-21,86902523;-42,67084185;"SPRF-MG";"DEL07-MG";"UOP01-DEL07-MG"
490421;2022-12-03;"sábado";"03:30:00";"MG";262;810;"UBERABA";"Entrada inopinada do pedestre";"Atropelamento de Pedestre";"Com Vítimas Feridas";"Plena Noite";"Decrescente";"Céu Claro";"Dupla";"Reta";"Sim";2;0;0;1;0;1;1;2;-19,76051836;-48,04440502;"SPRF-MG";"DEL13-MG";"UOP01-DEL13-MG"
490422;2022-12-03;"sábado";"01:50:00";"SC";101;350,6;"JAGUARUNA";"Manobra de mudança de faixa";"Colisão transversal";"Com Vítimas Fatais";"Plena Noite";"Decrescente";"Nublado";"Dupla";"Reta";"Sim";2;1;0;0;1;0;0;2;-28,6028492;-49,0539403;"SPRF-SC";"DEL02-SC";"UOP01-DEL02-SC"
490423;2022-12-02;"sexta-feira";"22:00:00";"PR";376;98;"PARANAVAI";"Afundamento ou ondulação no pavimento";"Saída de leito carroçável";"Com Vítimas Feridas";"Plena Noite";"Crescente";"Céu Claro";"Simples";"Reta";"Não";1;0;1;0;0;0;1;1;-23,02280298;-52,49397599;"SPRF-PR";"DEL09-PR";"UOP02-DEL09-PR"
490425;2022-12-03;"sábado";"03:30:00";"SC";470;135,9;"RIO DO SUL";"Ingestão de álcool ou de substâncias psicoativas pelo pedestre";"Saída de leito carroçável";"Com Vítimas Feridas";"Plena Noite";"Decrescente";"Nublado";"Simples";"Reta";"Sim";1;0;1;0;0;0;1;1;-27,188492;-49,61232;"SPRF-SC";"DEL04-SC";"UOP02-DEL04-SC"
490427;2022-12-03;"sábado";"01:20:00";"SC";101;162;"TIJUCAS";"Velocidade Incompatível";"Colisão com objeto";"Sem Vítimas";"Plena Noite";"Decrescente";"Chuva";"Dupla";"Curva";"Sim";1;0;0;0;0;1;0;1;-27,22554009;-48,6279367;"SPRF-SC";"DEL04-SC";"UOP03-DEL04-SC"
490428;2022-12-03;"sábado";"03:10:00";"GO";60;88,4;"ANAPOLIS";"Ausência de reação do condutor";"Saída de leito carroçável";"Sem Vítimas";"Plena Noite";"Crescente";"Nublado";"Dupla";"Reta";"Sim";1;0;0;0;1;0;0;1;-16,3315;-48,8885;"SPRF-GO";"DEL02-GO";"UOP01-DEL02-GO"
490429;2022-12-03;"sábado";"04:20:00";"SC";101;192;"BIGUACU";"Ausência de reação do condutor";"Queda de ocupante de veículo";"Com Vítimas Feridas";"Plena Noite";"Decrescente";"Céu Claro";"Simples";"Curva";"Sim";1;0;1;0;0;0;1;1;-27,48443781;-48,64765238;"SPRF-SC";"DEL01-SC";"UOP01-DEL01-SC"
490430;2022-12-03;"sábado";"04:20:00";"SP";116;451;"REGISTRO";"Condutor Dormindo";"Colisão com objeto";"Com Vítimas Feridas";"Amanhecer";"Crescente";"Nublado";"Dupla";"Reta";"Não";5;0;2;1;2;0;3;1;-24,54542792;-47,86180224;"SPRF-SP";"DEL05-SP";"UOP01-DEL05-SP"
490431;2022-12-03;"sábado";"03:50:00";"PR";277;725,6;"FOZ DO IGUACU";"Velocidade Incompatível";"Colisão com objeto";"Sem Vítimas";"Amanhecer";"Crescente";"Nublado";"Simples";"Curva;Viaduto";"Sim";1;0;0;0;0;1;0;1;-25,50823541;-54,54619865;"SPRF-PR";"DEL05-PR";"UOP03-DEL05-PR"
490432;2022-12-03;"sábado";"04:30:00";"SC";101;203;"SAO JOSE";"Ingestão de álcool pelo condutor";"Colisão com objeto";"Com Vítimas Feridas";"Amanhecer";"Decrescente";"Garoa/Chuvisco";"Simples";"Rotatória";"Sim";2;0;1;0;1;0;1;1;-27,489574;-48,655914;"SPRF-SC";"DEL01-SC";"UOP01-DEL01-SC"
490433;2022-12-03;"sábado";"01:30:00";"SP";116;118,1;"TAUBATE";"Pedestre andava na pista";"Atropelamento de Pedestre";"Com Vítimas Fatais";"Plena Noite";"Crescente";"Nublado";"Dupla";"Reta";"Não";2;1;0;0;1;0;0;2;-23,06266296;-45,62665044;"SPRF-SP";"DEL02-SP";"UOP02-DEL02-SP"
490434;2022-12-03;"sábado";"03:20:00";"PR";369;170;"ROLANDIA";"Ausência de reação do condutor";"Saída de leito carroçável";"Com Vítimas Feridas";"Plena Noite";"Crescente";"Céu Claro";"Dupla";"Reta;Interseção de Vias";"Sim";1;0;1;0;0;0;1;1;-23,30098473;-51,34492636;"SPRF-PR";"DEL07-PR";"UOP01-DEL07-PR"
490438;2022-12-03;"sábado";"05:15:00";"RJ";116;174;"SAO JOAO DE MERITI";"Avarias e/ou desgaste excessivo no pneu";"Queda de ocupante de veículo";"Com Vítimas Feridas";"Amanhecer";"Crescente";"Céu Claro";"Dupla";"Reta";"Sim";2;0;2;0;0;0;2;1;-22,79423806;-43,36403759;"SPRF-RJ";"DEL01-RJ";"UOP02-DEL01-RJ"
490439;2022-12-03;"sábado";"03:20:00";"PR";369;190;"ARAPONGAS";"Reação tardia ou ineficiente do condutor";"Saída de leito carroçável";"Com Vítimas Fatais";"Plena Noite";"Crescente";"Céu Claro";"Dupla";"Reta";"Não";3;1;2;0;0;0;2;1;-23,45196;-51,42345;"SPRF-PR";"DEL07-PR";"UOP03-DEL07-PR"
490440;2022-12-02;"sexta-feira";"21:00:00";"SP";116;115;"TAUBATE";"Ausência de reação do condutor";"Colisão traseira";"Com Vítimas Feridas";"Plena Noite";"Crescente";"Nublado";"Múltipla";"Interseção de Vias";"Sim";2;0;0;1;1;0;1;2;-23,0496047;-45,59973712;"SPRF-SP";"DEL02-SP";"UOP02-DEL02-SP"
490441;2022-12-03;"sábado";"03:30:00";"MA";135;64;"SANTA RITA";"Ausência de reação do condutor";"Colisão frontal";"Com Vítimas Feridas";"Plena Noite";"Crescente";"Céu Claro";"Simples";"Reta";"Não";2;0;1;0;1;0;1;2;-3,08771998;-44,32135822;"SPRF-MA";"DEL01-MA";"UOP02-DEL01-MA"
490443;2022-12-03;"sábado";"06:25:00";"MG";381;573;"ITAGUARA";"Ultrapassagem Indevida";"Saída de leito carroçável";"Com Vítimas Feridas";"Amanhecer";"Decrescente";"Nublado";"Dupla";"Reta";"Não";3;0;0;1;2;0;1;1;-20,46009378;-44,57276625;"SPRF-MG";"DEL04-MG";"UOP01-DEL04-MG"
490445;2022-12-02;"sexta-feira";"22:00:00";"RJ";40;124;"DUQUE DE CAXIAS";"Ausência de reação do condutor";"Colisão com objeto";"Com Vítimas Feridas";"Plena Noite";"Decrescente";"Céu Claro";"Múltipla";"Curva;Declive";"Sim";3;0;3;0;0;0;3;2;-22,81354929;-43,2877636;"SPRF-RJ";"DEL01-RJ";"UOP01-DEL01-RJ"
490446;2022-12-03;"sábado";"05:30:00";"MG";40;524,5;"CONTAGEM";"Estacionar ou parar em local proibido";"Colisão traseira";"Sem Vítimas";"Pleno dia";"Crescente";"Céu Claro";"Dupla";"Reta";"Sim";2;0;0;0;1;1;0;2;-19,8754469;-44,05345586;"SPRF-MG";"DEL01-MG";"UOP02-DEL01-MG"
490450;2022-12-03;"sábado";"07:00:00";"SC";101;331;"TUBARAO";"Velocidade Incompatível";"Colisão com objeto";"Sem Vítimas";"Pleno dia";"Decrescente";"Céu Claro";"Simples";"Interseção de Vias";"Sim";2;0;0;0;0;2;0;1;-28,45567521;-48,9812689;"SPRF-SC";"DEL02-SC";"UOP01-DEL02-SC"
490451;2022-12-03;"sábado";"06:50:00";"RS";468;103,2;"TRES PASSOS";"Acessar a via sem observar a presença dos outros veículos";"Colisão transversal";"Com Vítimas Feridas";"Pleno dia";"Crescente";"Nublado";"Simples";"Reta";"Sim";2;0;1;0;1;0;1;2;-27,45988509;-53,94123008;"SPRF-RS";"DEL08-RS";"UOP02-DEL08-RS"
490452;2022-12-03;"sábado";"06:00:00";"SP";116;123;"CACAPAVA";"Condutor Dormindo";"Colisão traseira";"Com Vítimas Feridas";"Pleno dia";"Crescente";"Céu Claro";"Dupla";"Aclive";"Não";2;0;0;1;1;0;1;2;-23,08754228;-45,66969781;"SPRF-SP";"DEL02-SP";"UOP02-DEL02-SP"
490454;2022-12-02;"sexta-feira";"22:57:00";"RR";432;178;"CANTA";"Ausência de reação do condutor";"Colisão frontal";"Com Vítimas Feridas";"Plena Noite";"Crescente";"Chuva";"Simples";"Reta";"Não";3;0;0;1;2;0;1;2;2,52041298;-60,63766044;"SPRF-RR";"DEL01-RR";"UOP01-DEL01-RR"
490458;2022-12-02;"sexta-feira";"21:00:00";"RN";304;42,6;"MOSSORO";"Ingestão de álcool pelo condutor";"Saída de leito carroçável";"Com Vítimas Feridas";"Plena Noite";"Decrescente";"Céu Claro";"Dupla";"Reta";"Não";1;0;1;0;0;0;1;1;-5,21278093;-37,37221494;"SPRF-RN";"DEL04-RN";"UOP01-DEL04-RN"
490459;2022-12-03;"sábado";"03:00:00";"RJ";116;182;"NOVA IGUACU";"Reação tardia ou ineficiente do condutor";"Queda de ocupante de veículo";"Com Vítimas Feridas";"Plena Noite";"Decrescente";"Nublado";"Múltipla";"Reta";"Sim";1;0;1;0;0;0;1;1;-22,7567755;-43,43107234;"SPRF-RJ";"DEL01-RJ";"UOP02-DEL01-RJ"
490460;2022-12-03;"sábado";"06:00:00";"MT";364;72;"ALTO GARCAS";"Ingestão de álcool pelo condutor";"Saída de leito carroçável";"Com Vítimas Feridas";"Pleno dia";"Crescente";"Garoa/Chuvisco";"Simples";"Reta";"Não";1;0;1;0;0;0;1;1;-16,90973972;-53,6384169;"SPRF-MT";"DEL02-MT";"UOP02-DEL02-MT"
490462;2022-12-03;"sábado";"01:15:00";"RO";429;42;"PRESIDENTE MEDICI";"Condutor Dormindo";"Capotamento";"Com Vítimas Feridas";"Plena Noite";"Decrescente";"Céu Claro";"Simples";"Curva";"Não";1;0;1;0;0;0;1;1;-11,19945896;-61,910614;"SPRF-RO";"DEL02-RO";"UOP03-DEL02-RO"
490464;2022-12-01;"quinta-feira";"13:00:00";"SC";116;94,4;"MONTE CASTELO";"Velocidade Incompatível";"Saída de leito carroçável";"Com Vítimas Feridas";"Pleno dia";"Decrescente";"Nublado";"Simples";"Reta";"Não";2;0;2;0;0;0;2;1;-26,66468581;-50,28024525;"SPRF-SC";"DEL06-SC";"UOP02-DEL06-SC"
490466;2022-12-03;"sábado";"07:20:00";"AL";101;81;"RIO LARGO";"Ausência de reação do condutor";"Saída de leito carroçável";"Com Vítimas Feridas";"Pleno dia";"Decrescente";"Chuva";"Dupla";"Reta";"Não";1;0;1;0;0;0;1;1;-9,44701176;-35,851915;"SPRF-AL";"DEL01-AL";"UOP01-DEL01-AL"
490467;2022-12-03;"sábado";"05:00:00";"PR";277;491;"NOVA LARANJEIRAS";"Velocidade Incompatível";"Capotamento";"Sem Vítimas";"Plena Noite";"Crescente";"Céu Claro";"Simples";"Curva";"Sim";1;0;0;0;0;1;0;1;-25,21173689;-52,65044497;"SPRF-PR";"DEL04-PR";"UOP02-DEL04-PR"
490468;2022-12-03;"sábado";"05:10:00";"RJ";393;247;"BARRA DO PIRAI";"Ingestão de álcool pelo condutor";"Saída de leito carroçável";"Com Vítimas Feridas";"Amanhecer";"Decrescente";"Céu Claro";"Simples";"Reta";"Não";1;0;1;0;0;0;1;1;-22,43224075;-43,77320051;"SPRF-RJ";"DEL05-RJ";"UOP04-DEL05-RJ"
490469;2022-12-03;"sábado";"08:30:00";"SP";116;228;"SAO PAULO";"Reação tardia ou ineficiente do condutor";"Colisão traseira";"Com Vítimas Feridas";"Pleno dia";"Crescente";"Céu Claro";"Múltipla";"Reta";"Sim";2;0;1;0;1;0;1;2;-23,50343484;-46,56638712;"SPRF-SP";"DEL01-SP";"UOP01-DEL01-SP"
490470;2022-12-03;"sábado";"08:00:00";"RN";101;66,1;"EXTREMOZ";"Desrespeitar a preferência no cruzamento";"Colisão transversal";"Com Vítimas Feridas";"Pleno dia";"Decrescente";"Sol";"Simples";"Interseção de Vias";"Não";2;0;1;0;1;0;1;2;-5,65180541;-35,2497983;"SPRF-RN";"DEL02-RN";"UOP01-DEL02-RN"
490475;2022-12-03;"sábado";"08:20:00";"ES";101;63,3;"SAO MATEUS";"Avarias e/ou desgaste excessivo no pneu";"Saída de leito carroçável";"Com Vítimas Feridas";"Pleno dia";"Crescente";"Chuva";"Simples";"Curva";"Não";2;0;2;0;0;0;2;1;-18,69830807;-39,86481056;"SPRF-ES";"DEL04-ES";"UOP02-DEL04-ES"
490476;2022-12-03;"sábado";"05:00:00";"RS";290;90;"PORTO ALEGRE";"Ausência de reação do condutor";"Saída de leito carroçável";"Com Vítimas Fatais";"Amanhecer";"Decrescente";"Garoa/Chuvisco";"Múltipla";"Reta";"Sim";2;1;0;0;0;1;0;2;-29,968319;-51,157398;"SPRF-RS";"DEL01-RS";"UOP01-DEL01-RS"
490477;2022-12-03;"sábado";"04:20:00";"RJ";393;242,5;"VASSOURAS";"Velocidade Incompatível";"Saída de leito carroçável";"Com Vítimas Feridas";"Amanhecer";"Decrescente";"Céu Claro";"Simples";"Curva";"Não";2;0;0;2;0;0;2;1;-22,42556824;-43,6917998;"SPRF-RJ";"DEL05-RJ";"UOP04-DEL05-RJ"
490478;2022-12-03;"sábado";"09:05:00";"SP";116;219;"GUARULHOS";"Ausência de reação do condutor";"Queda de ocupante de veículo";"Com Vítimas Feridas";"Pleno dia";"Crescente";"Céu Claro";"Dupla";"Reta";"Não";2;0;1;0;1;0;1;2;-23,43605175;-46,493801;"SPRF-SP";"DEL01-SP";"UOP01-DEL01-SP"
490481;2022-12-03;"sábado";"08:42:00";"RS";392;352;"SANTA MARIA";"Acessar a via sem observar a presença dos outros veículos";"Colisão transversal";"Com Vítimas Feridas";"Pleno dia";"Crescente";"Nublado";"Dupla";"Reta;Em Obras;Interseção de Vias";"Sim";8;0;3;0;2;3;3;3;-29,71784601;-53,80859971;"SPRF-RS";"DEL09-RS";"UOP01-DEL09-RS"
490483;2022-12-03;"sábado";"08:30:00";"PE";232;83;"GRAVATA";"Acessar a via sem observar a presença dos outros veículos";"Colisão transversal";"Com Vítimas Feridas";"Pleno dia";"Decrescente";"Céu Claro";"Dupla";"Reta";"Sim";5;0;0;1;3;1;1;2;-8,2024868;-35,59542005;"SPRF-PE";"DEL02-PE";"UOP02-DEL02PE"
490484;2022-12-03;"sábado";"06:30:00";"MG";40;823;"SIMAO PEREIRA";"Reação tardia ou ineficiente do condutor";"Saída de leito carroçável";"Com Vítimas Feridas";"Pleno dia";"Crescente";"Garoa/Chuvisco";"Dupla";"Curva";"Não";3;0;1;0;2;0;1;1;-21,9614888;-43,2986757;"SPRF-MG";"DEL05-MG";"UOP01-DEL05-MG"