"id";"data_inversa";"dia_semana";"horario";"uf";"br";"km";"municipio";"causa_acidente";"tipo_acidente";"classificacao_acidente";"fase_dia";"sentido_via";"condicao_metereologica";"tipo_pista";"tracado_via";"uso_solo";"pessoas";"mortos";"feridos_leves";"feridos_graves";"ilesos";"ignorados";"feridos";"veiculos";"latitude";"longitude";"regional";"delegacia";"uop"
490698;2022-12-04;"domingo";"11:00:00";"PE";428;188;"PETROLINA";"Pista Escorregadia";"Queda de ocupante de veículo";"Com Vítimas Feridas";"Pleno dia";"Decrescente";"Céu Claro";"Dupla";"Rotatória";"Sim";2;0;2;0;0;0;2;1;-9,35604301;-40,47854198;"SPRF-PE";"DEL06-PE";"UOP01-DEL06-PE"
490699;2022-12-04;"domingo";"08:00:00";"AC";364;175;"BUJARI";"Transitar na contramão";"Colisão lateral sentido oposto";"Sem Vítimas";"Pleno dia";"Decrescente";"Céu Claro";"Simples";"Reta";"Não";2;0;0;0;0;2;0;2;-9,74287622;-68,09574713;"SPRF-AC";"DEL01-AC";"UOP01-DEL01-AC"
490700;2022-12-04;"domingo";"10:10:00";"RS";293;137,2;"CANDIOTA";"Ingestão de álcool pelo condutor";"Colisão transversal";"Com Vítimas Feridas";"Pleno dia";"Decrescente";"Céu Claro";"Simples";"Interseção de Vias";"Sim";2;0;1;0;1;0;1;2;-31,46553143;-53,6627841;"SPRF-RS";"DEL11-RS";"UOP03-DEL11-RS"
490701;2022-12-01;"quinta-feira";"12:25:00";"RS";116;150;"CAXIAS DO SUL";"Condutor desrespeitou a iluminação vermelha do semáforo";"Colisão transversal";"Com Vítimas Feridas";"Pleno dia";"Crescente";"Céu Claro";"Dupla";"Reta;Interseção de Vias";"Sim";2;0;1;0;0;1;1;2;-29,17031836;-51,15942478;"SPRF-RS";"DEL05-RS";"UOP01-DEL05-RS"
490703;2022-12-04;"domingo";"11:20:00";"PB";230;158,7;"CAMPINA GRANDE";"Mal súbito do condutor";"Saída de leito carroçável";"Com Vítimas Feridas";"Pleno dia";"Crescente";"Céu Claro";"Simples";"Reta";"Sim";2;0;0;1;1;0;1;1;-7,25147388;-35,93359709;"SPRF-PB";"DEL02-PB";"UOP01-DEL02-PB"
490704;2022-12-04;"domingo";"10:48:00";"PI";316;10;"TERESINA";"Desrespeitar a preferência no cruzamento";"Colisão transversal";"Sem Vítimas";"Pleno dia";"Decrescente";"Sol";"Simples";"Reta;Viaduto;Interseção de Vias;Rotatória";"Sim";2;0;0;0;2;0;0;2;-5,18280197;-42,76350291;"SPRF-PI";"DEL01-PI";"UOP02-DEL01-PI"
490707;2022-12-04;"domingo";"10:30:00";"MS";163;19;"MUNDO NOVO";"Reação tardia ou ineficiente do condutor";"Queda de ocupante de veículo";"Com Vítimas Feridas";"Pleno dia";"Crescente";"Céu Claro";"Simples";"Declive";"Sim";1;0;1;0;0;0;1;1;-23,93343598;-54,28168073;"SPRF-MS";"DEL09-MS";"UOP02-DEL09-MS"
490708;2022-12-04;"domingo";"11:55:00";"GO";60;5,9;"SANTO ANTONIO DO DESCOBERTO";"Acessar a via sem observar a presença dos outros veículos";"Colisão transversal";"Com Vítimas Fatais";"Pleno dia";"Crescente";"Céu Claro";"Dupla";"Retorno Regulamentado";"Não";3;1;1;0;1;0;1;2;-16,096793;-48,28423;"SPRF-DF";"DEL03-DF";"UOP01-DEL03-DF"
490709;2022-12-04;"domingo";"10:50:00";"SC";282;498,6;"XANXERE";"Ingestão de álcool pelo condutor";"Saída de leito carroçável";"Com Vítimas Feridas";"Pleno dia";"Decrescente";"Céu Claro";"Simples";"Reta";"Não";1;0;1;0;0;0;1;1;-26,87978;-52,353825;"SPRF-SC";"DEL07-SC";"UOP01-DEL07-SC"
490712;2022-12-04;"domingo";"13:10:00";"CE";116;31;"AQUIRAZ";"Ingestão de álcool pelo condutor";"Queda de ocupante de veículo";"Com Vítimas Feridas";"Pleno dia";"Decrescente";"Sol";"Dupla";"Reta";"Sim";1;0;0;1;0;0;1;1;-4,01989298;-38,51889923;"SPRF-CE";"DEL01-CE";"UOP02-DEL01-CE"
490715;2022-12-04;"domingo";"11:30:00";"RS";290;213,1;"PANTANO GRANDE";"Ultrapassagem Indevida";"Colisão transversal";"Com Vítimas Feridas";"Pleno dia";"Crescente";"Nublado";"Simples";"Reta";"Sim";2;0;1;0;1;0;1;2;-30,18727662;-52,36186981;"SPRF-RS";"DEL02-RS";"UOP03-DEL02-RS"
490716;2022-12-02;"sexta-feira";"06:50:00";"RJ";101;392;"ITAGUAI";"Demais falhas mecânicas ou elétricas";"Saída de leito carroçável";"Com Vítimas Feridas";"Pleno dia";"Crescente";"Céu Claro";"Dupla";"Reta";"Não";1;0;1;0;0;0;1;1;-22,89265625;-43,6945091;"SPRF-RJ";"DEL03-RJ";"UOP01-DEL03-RJ"
490717;2022-12-04;"domingo";"13:54:00";"RN";101;77,9;"NATAL";"Desrespeitar a preferência no cruzamento";"Colisão transversal";"Com Vítimas Feridas";"Pleno dia";"Crescente";"Nublado";"Dupla";"Interseção de Vias";"Sim";2;0;1;0;1;0;1;2;-5,737609;-35,290731;"SPRF-RN";"DEL02-RN";"UOP01-DEL02-RN"
490718;2022-12-04;"domingo";"14:40:00";"PR";376;617;"SAO JOSE DOS PINHAIS";"Chuva";"Colisão com objeto";"Com Vítimas Feridas";"Pleno dia";"Crescente";"Chuva";"Dupla";"Curva";"Sim";1;0;1;0;0;0;1;1;-25,58426494;-49,17618795;"SPRF-PR";"DEL01-PR";"UOP04-DEL01-PR"
490719;2022-12-04;"domingo";"08:30:00";"MG";116;564;"MANHUACU";"Velocidade Incompatível";"Tombamento";"Com Vítimas Feridas";"Pleno dia";"Decrescente";"Nublado";"Simples";"Curva;Declive";"Não";2;0;1;1;0;0;2;1;-20,06216515;-42,17191471;"SPRF-MG";"DEL06-MG";"UOP03-DEL06-MG"
490721;2022-12-04;"domingo";"12:10:00";"PR";116;135;"FAZENDA RIO GRANDE";"Demais falhas mecânicas ou elétricas";"Tombamento";"Com Vítimas Feridas";"Pleno dia";"Crescente";"Nublado";"Dupla";"Reta;Declive";"Não";2;0;2;0;0;0;2;1;-25,720022;-49,318155;"SPRF-PR";"DEL01-PR";"UOP03-DEL01-PR"
490722;2022-12-04;"domingo";"12:20:00";"PB";230;112,7;"INGA";"Ausência de reação do condutor";"Capotamento";"Com Vítimas Feridas";"Pleno dia";"Crescente";"Sol";"Dupla";"Declive";"Não";3;0;2;0;1;0;2;1;-7,21763844;-35,59562802;"SPRF-PB";"DEL01-PB";"UOP03-DEL01-PB"
490723;2022-12-04;"domingo";"13:10:00";"PR";376;175,7;"MARINGA";"Condutor deixou de manter distância do veículo da frente";"Colisão traseira";"Com Vítimas Feridas";"Pleno dia";"Crescente";"Céu Claro";"Dupla";"Reta";"Sim";3;0;1;0;2;0;1;3;-23,41215788;-51,94328427;"SPRF-PR";"DEL09-PR";"UOP01-DEL09-PR"
490724;2022-12-04;"domingo";"13:20:00";"RJ";116;243;"PIRAI";"Acumulo de água sobre o pavimento";"Saída de leito carroçável";"Com Vítimas Feridas";"Pleno dia";"Decrescente";"Chuva";"Dupla";"Ponte";"Não";1;0;1;0;0;0;1;1;-22,63023454;-43,91033921;"SPRF-RJ";"DEL07-RJ";"UOP01-DEL07-RJ"
490725;2022-12-04;"domingo";"14:00:00";"MG";381;504,8;"BETIM";"Transitar na contramão";"Colisão lateral sentido oposto";"Com Vítimas Feridas";"Pleno dia";"Crescente";"Nublado";"Dupla";"Reta";"Não";5;0;4;1;0;0;5;4;-20,03383825;-44,24172878;"SPRF-MG";"DEL01-MG";"UOP03-DEL01-MG"
490726;2022-12-04;"domingo";"13:45:00";"BA";324;622;"SALVADOR";"Pedestre cruzava a pista fora da faixa";"Atropelamento de Pedestre";"Com Vítimas Feridas";"Pleno dia";"Crescente";"Céu Claro";"Dupla";"Curva";"Sim";2;0;1;0;1;0;1;2;-12,91888605;-38,46502095;"SPRF-BA";"DEL01-BA";"UOP01-DEL01-BA"
490728;2022-12-04;"domingo";"13:00:00";"SP";116;322;"JUQUITIBA";"Reação tardia ou ineficiente do condutor";"Colisão com objeto";"Com Vítimas Fatais";"Pleno dia";"Decrescente";"Céu Claro";"Dupla";"Curva";"Sim";4;1;0;1;2;0;1;1;-23,935106;-47,026682;"SPRF-SP";"DEL04-SP";"UOP03-DEL04-SP"
490729;2022-12-04;"domingo";"14:00:00";"PR";277;43,6;"MORRETES";"Reação tardia ou ineficiente do condutor";"Colisão com objeto";"Com Vítimas Feridas";"Pleno dia";"Decrescente";"Garoa/Chuvisco";"Dupla";"Declive;Curva";"Não";2;0;1;0;1;0;1;1;-25,5925609;-48,8863569;"SPRF-PR";"DEL01-PR";"UOP01-DEL01-PR"
490730;2022-12-04;"domingo";"12:50:00";"SP";381;75;"SAO PAULO";"Pista Escorregadia";"Capotamento";"Com Vítimas Feridas";"Pleno dia";"Decrescente";"Chuva";"Dupla";"Curva";"Não";3;0;2;0;1;0;2;1;-23,37660089;-46,56409613;"SPRF-SP";"DEL03-SP";"UOP01-DEL03-SP"
490731;2022-12-04;"domingo";"14:15:00";"RS";116;489,9;"TURUCU";"Reação tardia ou ineficiente do condutor";"Saída de leito carroçável";"Com Vítimas Feridas";"Pleno dia";"Crescente";"Nublado";"Dupla";"Curva";"Não";2;0;1;0;1;0;1;1;-31,46000004;-52,20877591;"SPRF-RS";"DEL07-RS";"UOP01-DEL07-RS"
490732;2022-12-04;"domingo";"09:50:00";"MA";402;14,5;"ROSARIO";"Transitar na contramão";"Colisão lateral sentido oposto";"Com Vítimas Fatais";"Pleno dia";"Crescente";"Sol";"Simples";"Curva";"Não";2;1;0;0;1;0;0;2;-2,948198;-44,214413;"SPRF-MA";"DEL01-MA";"UOP01-DEL01-MA"
490733;2022-12-04;"domingo";"08:40:00";"SP";381;89;"SAO PAULO";"Ausência de reação do condutor";"Queda de ocupante de veículo";"Com Vítimas Feridas";"Pleno dia";"Crescente";"Nublado";"Dupla";"Reta";"Sim";1;0;1;0;0;0;1;1;-23,48469299;-46,55983288;"SPRF-SP";"DEL03-SP";"UOP01-DEL03-SP"
490734;2022-12-04;"domingo";"13:44:00";"MG";146;483,6;"POCOS DE CALDAS";"Ingestão de álcool pelo condutor";"Colisão traseira";"Sem Vítimas";"Pleno dia";"Crescente";"Nublado";"Simples";"Aclive;Reta";"Não";2;0;0;0;2;0;0;2;-21,77806343;-46,43386357;"SPRF-MG";"DEL09-MG";"UOP01-DEL09-MG"
490735;2022-12-04;"domingo";"14:25:00";"RS";290;80;"GRAVATAI";"Velocidade Incompatível";"Saída de leito carroçável";"Sem Vítimas";"Pleno dia";"Crescente";"Chuva";"Múltipla";"Curva";"Sim";1;0;0;0;1;0;0;1;-29,95343;-51,058449;"SPRF-RS";"DEL01-RS";"UOP01-DEL01-RS"
490736;2022-12-04;"domingo";"14:10:00";"SP";116;297;"ITAPECERICA DA SERRA";"Reação tardia ou ineficiente do condutor";"Saída de leito carroçável";"Com Vítimas Feridas";"Pleno dia";"Decrescente";"Céu Claro";"Dupla";"Reta";"Não";2;0;1;0;1;0;1;1;-23,78323219;-46,91437053;"SPRF-SP";"DEL04-SP";"UOP01-DEL04-SP"
490739;2022-12-04;"domingo";"14:41:00";"MS";376;116,5;"IVINHEMA";"Desrespeitar a preferência no cruzamento";"Colisão transversal";"Com Vítimas Feridas";"Pleno dia";"Decrescente";"Céu Claro";"Dupla";"Rotatória";"Sim";4;0;2;0;2;0;2;2;-22,31323728;-53,82957458;"SPRF-MS";"DEL04-MS";"UOP04-DEL04-MS"
490740;2022-12-04;"domingo";"14:40:00";"GO";153;492;"GOIANIA";"Velocidade Incompatível";"Saída de leito carroçável";"Sem Vítimas";"Pleno dia";"Decrescente";"Chuva";"Dupla";"Reta";"Sim";2;0;0;0;2;0;0;2;-16,6461;-49,2114;"SPRF-GO";"DEL01-GO";"UOP01-DEL01-GO"
490741;2022-12-04;"domingo";"15:50:00";"MG";40;524,1;"CONTAGEM";"Reação tardia ou ineficiente do condutor";"Colisão traseira";"Com Vítimas Feridas";"Pleno dia";"Decrescente";"Nublado";"Dupla";"Reta";"Sim";2;0;1;0;1;0;1;2;-19,87672926;-44,0524292;"SPRF-MG";"DEL01-MG";"UOP02-DEL01-MG"
490742;2022-12-04;"domingo";"15:20:00";"PR";163;245;"TOLEDO";"Reação tardia ou ineficiente do condutor";"Queda de ocupante de veículo";"Com Vítimas Feridas";"Pleno dia";"Crescente";"Céu Claro";"Simples";"Curva";"Não";1;0;1;0;0;0;1;1;-24,717291;-53,711515;"SPRF-PR";"DEL06-PR";"UOP02-DEL06-PR"
490743;2022-12-04;"domingo";"13:40:00";"PR";369;499,2;"CORBELIA";"Velocidade Incompatível";"Colisão com objeto";"Com Vítimas Feridas";"Pleno dia";"Decrescente";"Sol";"Dupla";"Reta";"Sim";3;0;3;0;0;0;3;1;-24,77984497;-53,29165757;"SPRF-PR";"DEL04-PR";"UOP03-DEL04-PR"
490744;2022-12-04;"domingo";"14:50:00";"PR";277;128,8;"BALSA NOVA";"Reação tardia ou ineficiente do condutor";"Colisão com objeto";"Com Vítimas Feridas";"Pleno dia";"Decrescente";"Chuva";"Simples";"Reta";"Não";3;0;0;1;0;2;1;2;-25,469;-49,63;"SPRF-PR";"DEL03-PR";"UOP03-DEL03-PR"
490746;2022-12-04;"domingo";"11:30:00";"PE";428;32;"CABROBO";"Demais falhas mecânicas ou elétricas";"Incêndio";"Sem Vítimas";"Pleno dia";"Decrescente";"Céu Claro";"Simples";"Reta";"Não";3;0;0;0;3;0;0;1;-8,52303468;-39,49547817;"SPRF-PE";"DEL05-PE";"UOP03-DEL05-PE"
490747;2022-12-04;"domingo";"09:00:00";"MG";381;531;"ITATIAIUCU";"Velocidade Incompatível";"Queda de ocupante de veículo";"Com Vítimas Feridas";"Pleno dia";"Crescente";"Céu Claro";"Dupla";"Curva";"Não";1;0;1;0;0;0;1;1;-20,18182886;-44,37895835;"SPRF-MG";"DEL04-MG";"UOP03-DEL04-MG"
490748;2022-12-04;"domingo";"16:00:00";"MG";381;568,6;"ITAGUARA";"Velocidade Incompatível";"Saída de leito carroçável";"Com Vítimas Feridas";"Pleno dia";"Crescente";"Nublado";"Dupla";"Curva";"Não";2;0;2;0;0;0;2;1;-20,42649228;-44,54458383;"SPRF-MG";"DEL04-MG";"UOP03-DEL04-MG"
490749;2022-12-04;"domingo";"16:20:00";"RS";290;104,4;"ELDORADO DO SUL";"Reação tardia ou ineficiente do condutor";"Colisão lateral mesmo sentido";"Com Vítimas Feridas";"Pleno dia";"Crescente";"Garoa/Chuvisco";"Dupla";"Reta";"Não";3;0;1;0;2;0;1;2;-29,993122;-51,275398;"SPRF-RS";"DEL02-RS";"UOP01-DEL02-RS"
490750;2022-12-04;"domingo";"16:15:00";"PE";232;9;"JABOATAO DOS GUARARAPES";"Trafegar com motocicleta (ou similar) entre as faixas";"Colisão lateral mesmo sentido";"Com Vítimas Feridas";"Pleno dia";"Decrescente";"Céu Claro";"Dupla";"Reta";"Não";4;0;1;1;2;0;2;3;-8,07764447;-34,97863609;"SPRF-PE";"DEL01-PE";"UOP01-DEL01-PE"
490751;2022-12-04;"domingo";"15:50:00";"PR";376;547;"PALMEIRA";"Demais falhas mecânicas ou elétricas";"Queda de ocupante de veículo";"Com Vítimas Feridas";"Pleno dia";"Decrescente";"Nublado";"Dupla";"Reta";"Não";2;0;2;0;0;0;2;1;-25,39437199;-49,79489218;"SPRF-PR";"DEL03-PR";"UOP03-DEL03-PR"
490752;2022-12-04;"domingo";"17:20:00";"ES";101;232,5;"FUNDAO";"Reação tardia ou ineficiente do condutor";"Colisão traseira";"Com Vítimas Feridas";"Pleno dia";"Crescente";"Chuva";"Simples";"Declive";"Não";4;0;1;0;3;0;1;3;-19,961042;-40,406889;"SPRF-ES";"DEL02-ES";"UOP01-DEL02-ES"
490754;2022-12-04;"domingo";"08:50:00";"PR";277;597;"CASCAVEL";"Manobra de mudança de faixa";"Colisão transversal";"Com Vítimas Feridas";"Pleno dia";"Decrescente";"Céu Claro";"Dupla";"Reta";"Não";3;0;1;0;2;0;1;2;-24,99513602;-53,51418998;"SPRF-PR";"DEL04-PR";"UOP01-DEL04-PR"
490755;2022-12-04;"domingo";"12:30:00";"MA";135;290,4;"SANTO ANTONIO DOS LOPES";"Transitar na contramão";"Colisão frontal";"Com Vítimas Fatais";"Pleno dia";"Crescente";"Céu Claro";"Simples";"Aclive;Curva";"Sim";2;1;0;0;0;1;0;2;-4,901488;-44,357845;"SPRF-MA";"DEL03-MA";"UOP01-DEL03-MA"
490757;2022-12-04;"domingo";"16:58:00";"ES";101;138,4;"LINHARES";"Ausência de reação do condutor";"Colisão traseira";"Com Vítimas Feridas";"Anoitecer";"Decrescente";"Chuva";"Simples";"Reta";"Não";3;0;1;0;2;0;1;2;-19,30186109;-40,08371726;"SPRF-ES";"DEL04-ES";"UOP01-DEL04-ES"
490759;2022-12-04;"domingo";"16:00:00";"RJ";101;576;"PARATY";"Conversão proibida";"Colisão frontal";"Com Vítimas Feridas";"Pleno dia";"Decrescente";"Céu Claro";"Simples";"Reta";"Sim";6;0;2;0;4;0;2;2;-23,22679237;-44,72881647;"SPRF-RJ";"DEL03-RJ";"UOP02-DEL03-RJ"
490760;2022-12-04;"domingo";"17:47:00";"RN";406;170,2;"SAO GONCALO DO AMARANTE";"Reação tardia ou ineficiente do condutor";"Colisão traseira";"Com Vítimas Feridas";"Plena Noite";"Decrescente";"Céu Claro";"Dupla";"Declive;Reta";"Sim";3;0;0;2;1;0;2;2;-5,76172663;-35,29115323;"SPRF-RN";"DEL02-RN";"UOP01-DEL02-RN"
490761;2022-12-04;"domingo";"14:45:00";"SC";470;153,8;"AGRONOMICA";"Acessar a via sem observar a presença dos outros veículos";"Colisão transversal";"Com Vítimas Feridas";"Pleno dia";"Crescente";"Céu Claro";"Simples";"Reta";"Não";2;0;0;1;1;0;1;2;-27,272911;-49,734741;"SPRF-SC";"DEL04-SC";"UOP02-DEL04-SC"
490762;2022-12-04;"domingo";"17:50:00";"SP";116;476;"JACUPIRANGA";"Acumulo de água sobre o pavimento";"Tombamento";"Com Vítimas Fatais";"Pleno dia";"Crescente";"Chuva";"Dupla";"Reta";"Sim";5;1;0;0;4;0;0;3;-24,6928255;-47,99567352;"SPRF-SP";"DEL05-SP";"UOP01-DEL05-SP"
490764;2022-12-04;"domingo";"17:40:00";"RS";386;440;"CANOAS";"Pista Escorregadia";"Saída de leito carroçável";"Com Vítimas Feridas";"Pleno dia";"Decrescente";"Garoa/Chuvisco";"Dupla";"Reta";"Não";2;0;1;0;1;0;1;2;-29,8822476;-51,23483777;"SPRF-RS";"DEL01-RS";"UOP01-DEL01-RS"
490766;2022-12-04;"domingo";"16:10:00";"MG";381;905;"CAMBUI";"Chuva";"Saída de leito carroçável";"Sem Vítimas";"Pleno dia";"Crescente";"Chuva";"Dupla";"Curva;Aclive";"Não";1;0;0;0;1;0;0;1;-22,69514484;-46,1125442;"SPRF-MG";"DEL16-MG";"UOP03-DEL16-MG"
490767;2022-12-04;"domingo";"14:10:00";"RJ";101;417;"MANGARATIBA";"Velocidade Incompatível";"Saída de leito carroçável";"Com Vítimas Feridas";"Pleno dia";"Crescente";"Chuva";"Simples";"Curva";"Não";2;0;2;0;0;0;2;1;-22,91293797;-43,89732384;"SPRF-RJ";"DEL03-RJ";"UOP02-DEL03-RJ"
490768;2022-12-04;"domingo";"18:00:00";"CE";20;52,3;"TAUA";"Reação tardia ou ineficiente do condutor";"Colisão lateral sentido oposto";"Com Vítimas Feridas";"Anoitecer";"Crescente";"Céu Claro";"Simples";"Reta";"Não";2;0;1;1;0;0;2;2;-6,21090923;-40,51735185;"SPRF-CE";"DEL02-CE";"UOP02-DEL02-CE"
490769;2022-12-04;"domingo";"13:40:00";"MG";381;540,1;"ITATIAIUCU";"Velocidade Incompatível";"Saída de leito carroçável";"Com Vítimas Feridas";"Pleno dia";"Decrescente";"Chuva";"Dupla";"Declive;Curva";"Não";4;0;4;0;0;0;4;1;-20,23038098;-44,3972411;"SPRF-MG";"DEL04-MG";"UOP03-DEL04-MG"
490771;2022-12-04;"domingo";"17:30:00";"PB";230;48;"SANTA RITA";"Manobra de mudança de faixa";"Colisão com objeto";"Com Vítimas Feridas";"Anoitecer";"Crescente";"Céu Claro";"Dupla";"Reta";"Não";2;0;2;0;0;0;2;1;-7,174;-35,0397;"SPRF-PB";"DEL01-PB";"UOP03-DEL01-PB"
490772;2022-12-04;"domingo";"17:40:00";"PR";369;507;"CASCAVEL";"Condutor deixou de manter distância do veículo da frente";"Colisão traseira";"Com Vítimas Feridas";"Pleno dia";"Crescente";"Céu Claro";"Simples";"Reta";"Não";4;0;1;0;3;0;1;3;-24,8386;-53,3091;"SPRF-PR";"DEL04-PR";"UOP03-DEL04-PR"
490773;2022-12-04;"domingo";"17:40:00";"PR";369;109,4;"URAI";"Manobra de mudança de faixa";"Colisão lateral mesmo sentido";"Sem Vítimas";"Pleno dia";"Crescente";"Céu Claro";"Dupla";"Reta";"Não";3;0;0;0;2;1;0;2;-23,26732979;-50,7997942;"SPRF-PR";"DEL07-PR";"UOP05-DEL07-PR"
490774;2022-12-04;"domingo";"18:00:00";"SP";116;227;"GUARULHOS";"Reação tardia ou ineficiente do condutor";"Queda de ocupante de veículo";"Com Vítimas Feridas";"Plena Noite";"Decrescente";"Garoa/Chuvisco";"Múltipla";"Reta";"Sim";1;0;1;0;0;0;1;1;-23,45953841;-46,48342654;"SPRF-SP";"DEL01-SP";"UOP01-DEL01-SP"
490776;2022-12-04;"domingo";"12:45:00";"MG";381;930;"ITAPEVA";"Pista Escorregadia";"Saída de leito carroçável";"Com Vítimas Feridas";"Pleno dia";"Crescente";"Chuva";"Dupla";"Curva;Declive";"Não";1;0;1;0;0;0;1;1;-22,77448637;-46,23891519;"SPRF-MG";"DEL16-MG";"UOP03-DEL16-MG"
490777;2022-12-04;"domingo";"01:00:00";"TO";153;287,1;"PRESIDENTE KENNEDY";"Condutor Dormindo";"Saída de leito carroçável";"Com Vítimas Feridas";"Plena Noite";"Decrescente";"Chuva";"Simples";"Curva";"Não";1;0;1;0;0;0;1;1;-8,41697697;-48,48102566;"SPRF-TO";"DEL02-TO";"UOP02-DEL02-TO"
490778;2022-12-04;"domingo";"19:35:00";"GO";40;12;"LUZIANIA";"Acessar a via sem observar a presença dos outros veículos";"Colisão traseira";"Com Vítimas Feridas";"Pleno dia";"Crescente";"Nublado";"Dupla";"Reta";"Sim";2;0;1;0;1;0;1;2;-16,145123;-47,945382;"SPRF-DF";"DEL01-DF";"UOP01-DEL01-DF"
490779;2022-12-04;"domingo";"17:16:00";"MG";381;921;"CAMANDUCAIA";"Pista Escorregadia";"Colisão com objeto";"Com Vítimas Feridas";"Pleno dia";"Crescente";"Chuva";"Dupla";"Curva;Declive";"Não";4;0;3;0;1;0;3;1;-22,7680939;-46,20854399;"SPRF-MG";"DEL16-MG";"UOP03-DEL16-MG"
490780;2022-12-04;"domingo";"18:34:00";"RS";158;420,5;"SAO GABRIEL";"Ausência de reação do condutor";"Saída de leito carroçável";"Com Vítimas Feridas";"Anoitecer";"Crescente";"Chuva";"Simples";"Reta";"Não";2;0;2;0;0;0;2;1;-30,04773433;-54,59757452;"SPRF-RS";"DEL11-RS";"UOP02-DEL11-RS"
490781;2022-12-04;"domingo";"18:18:00";"RN";226;89,1;"TANGARA";"Reação tardia ou ineficiente do condutor";"Colisão traseira";"Com Vítimas Feridas";"Plena Noite";"Crescente";"Céu Claro";"Simples";"Reta";"Não";3;0;1;1;1;0;2;2;-6,23035414;-35,83831784;"SPRF-RN";"DEL03-RN";"UOP02-DEL03-RN"
490782;2022-11-30;"quarta-feira";"16:55:00";"MS";163;235;"CAARAPO";"Avarias e/ou desgaste excessivo no pneu";"Tombamento";"Com Vítimas Feridas";"Pleno dia";"Crescente";"Céu Claro";"Dupla";"Reta";"Não";2;0;2;0;0;0;2;1;-22,42976823;-54,81318078;"SPRF-MS";"DEL04-MS";"UOP02-DEL04-MS"
490783;2022-09-29;"quinta-feira";"06:20:00";"RJ";116;167;"SAO JOAO DE MERITI";"Reação tardia ou ineficiente do condutor";"Colisão lateral mesmo sentido";"Com Vítimas Feridas";"Pleno dia";"Decrescente";"Chuva";"Dupla";"Reta";"Sim";2;0;1;0;1;0;1;2;-22,81803977;-43,30787252;"SPRF-RJ";"DEL01-RJ";"UOP02-DEL01-RJ"
490784;2022-12-04;"domingo";"20:00:00";"SP";116;219;"GUARULHOS";"Acessar a via sem observar a presença dos outros veículos";"Atropelamento de Pedestre";"Com Vítimas Feridas";"Plena Noite";"Crescente";"Garoa/Chuvisco";"Múltipla";"Interseção de Vias";"Sim";2;0;1;0;1;0;1;2;-23,46143954;-46,48885316;"SPRF-SP";"DEL01-SP";"UOP01-DEL01-SP"
490785;2022-12-04;"domingo";"18:40:00";"MT";364;206;"RONDONOPOLIS";"Ausência de reação do condutor";"Colisão traseira";"Com Vítimas Feridas";"Plena Noite";"Crescente";"Céu Claro";"Dupla";"Rotatória";"Sim";3;0;2;0;0;1;2;3;-16,448008;-54,665695;"SPRF-MT";"DEL02-MT";"UOP01-DEL02-MT"
490786;2022-12-04;"domingo";"20:00:00";"SP";116;117;"CACAPAVA";"Ausência de reação do condutor";"Colisão com objeto";"Sem Vítimas";"Plena Noite";"Crescente";"Garoa/Chuvisco";"Dupla";"Reta";"Não";1;0;0;0;1;0;0;1;-23,0582298;-45,6176951;"SPRF-SP";"DEL02-SP";"UOP02-DEL02-SP"
490787;2022-12-04;"domingo";"20:00:00";"RS";386;129,9;"BARRA FUNDA";"Acesso irregular";"Colisão transversal";"Com Vítimas Fatais";"Plena Noite";"Crescente";"Céu Claro";"Simples";"Reta";"Sim";4;1;1;0;1;1;1;3;-27,934816;-52,957222;"SPRF-RS";"DEL08-RS";"UOP01-DEL08-RS"
490788;2022-12-04;"domingo";"20:10:00";"PR";272;566;"GUAIRA";"Condutor deixou de manter distância do veículo da frente";"Colisão traseira";"Com Vítimas Feridas";"Plena Noite";"Crescente";"Céu Claro";"Simples";"Reta";"Não";8;0;4;0;4;0;4;2;-24,107757;-54,2543;"SPRF-PR";"DEL06-PR";"UOP01-DEL06-PR"
490789;2022-12-04;"domingo";"19:45:00";"CE";116;26;"ITAITINGA";"Iluminação deficiente";"Tombamento";"Com Vítimas Feridas";"Plena Noite";"Crescente";"Céu Claro";"Simples";"Reta";"Não";1;0;0;1;0;0;1;1;-3,9752959;-38,51436047;"SPRF-CE";"DEL01-CE";"UOP02-DEL01-CE"
490790;2022-12-04;"domingo";"18:15:00";"RS";386;368,5;"FAZENDA VILANOVA";"Ingestão de álcool pelo condutor";"Saída de leito carroçável";"Sem Vítimas";"Pleno dia";"Crescente";"Chuva";"Dupla";"Reta";"Sim";1;0;0;0;1;0;0;1;-29,581799;-51,839783;"SPRF-RS";"DEL04-RS";"NPF/DEL04-RS"
490791;2022-12-04;"domingo";"20:40:00";"RN";101;104,9;"PARNAMIRIM";"Velocidade Incompatível";"Colisão lateral mesmo sentido";"Com Vítimas Feridas";"Plena Noite";"Decrescente";"Céu Claro";"Dupla";"Reta";"Sim";5;0;1;1;2;1;2;4;-5,89882278;-35,25859237;"SPRF-RN";"DEL01-RN";"UOP01-DEL01-RN"
490792;2022-12-04;"domingo";"18:45:00";"RS";290;518;"ROSARIO DO SUL";"Ingestão de álcool pelo condutor";"Saída de leito carroçável";"Com Vítimas Feridas";"Anoitecer";"Crescente";"Céu Claro";"Simples";"Reta";"Não";3;0;1;2;0;0;3;1;-30,113291;-55,265701;"SPRF-RS";"DEL11-RS";"UOP02-DEL11-RS"
490793;2022-12-04;"domingo";"19:50:00";"GO";40;2,8;"VALPARAISO DE GOIAS";"Acessar a via sem observar a presença dos outros veículos";"Colisão transversal";"Com Vítimas Feridas";"Plena Noite";"Crescente";"Céu Claro";"Dupla";"Reta";"Sim";2;0;1;0;1;0;1;2;-16,07466113;-47,98552394;"SPRF-DF";"DEL01-DF";"UOP01-DEL01-DF"