"id";"data_inversa";"dia_semana";"horario";"uf";"br";"km";"municipio";"causa_acidente";"tipo_acidente";"classificacao_acidente";"fase_dia";"sentido_via";"condicao_metereologica";"tipo_pista";"tracado_via";"uso_solo";"pessoas";"mortos";"feridos_leves";"feridos_graves";"ilesos";"ignorados";"feridos";"veiculos";"latitude";"longitude";"regional";"delegacia";"uop"
491023;2022-12-06;"terça-feira";"00:24:00";"PR";369;138;"IBIPORA";"Velocidade Incompatível";"Saída de leito carroçável";"Com Vítimas Feridas";"Plena Noite";"Decrescente";"Nublado";"Simples";"Curva";"Sim";2;0;0;1;0;1;1;2;-23,27338551;-51,05299741;"SPRF-PR";"DEL07-PR";"UOP01-DEL07-PR"
491025;2022-12-06;"terça-feira";"01:00:00";"GO";40;25;"LUZIANIA";"Ausência de reação do condutor";"Saída de leito carroçável";"Com Vítimas Feridas";"Plena Noite";"Crescente";"Nublado";"Simples";"Reta";"Sim";1;0;0;1;0;0;1;1;-16,25095682;-47,90177157;"SPRF-DF";"DEL01-DF";"UOP01-DEL01-DF"
491028;2022-12-05;"segunda-feira";"19:30:00";"PA";163;274;"NOVO PROGRESSO";"Pista esburacada";"Tombamento";"Com Vítimas Feridas";"Plena Noite";"Crescente";"Nublado";"Simples";"Reta";"Não";2;0;2;0;0;0;2;1;-7,337104;-55,302872;"SPRF-PA";"DEL05-PA";"UOP01-DEL05-PA"
491029;2022-12-05;"segunda-feira";"14:50:00";"PB";230;153,8;"CAMPINA GRANDE";"Problema com o freio";"Saída de leito carroçável";"Com Vítimas Feridas";"Pleno dia";"Decrescente";"Chuva";"Simples";"Curva";"Sim";1;0;1;0;0;0;1;1;-7,2763;-35,8887;"SPRF-PB";"DEL02-PB";"UOP01-DEL02-PB"
491030;2022-12-06;"terça-feira";"03:05:00";"PE";423;90,6;"GARANHUNS";"Ausência de reação do condutor";"Colisão traseira";"Com Vítimas Feridas";"Plena Noite";"Crescente";"Garoa/Chuvisco";"Simples";"Declive;Reta";"Não";2;0;0;1;1;0;1;2;-8,84566879;-36,4596095;"SPRF-PE";"DEL03-PE";"UOP01-DEL03-PE"
491031;2022-12-06;"terça-feira";"01:10:00";"SC";101;272,8;"IMBITUBA";"Ingestão de álcool e/ou substâncias psicoativas pelo pedestre";"Colisão lateral mesmo sentido";"Com Vítimas Feridas";"Plena Noite";"Crescente";"Nublado";"Dupla";"Reta";"Não";4;0;3;0;0;1;3;2;-28,128339;-48,693944;"SPRF-SC";"DEL02-SC";"UOP03-DEL02-SC"
491032;2022-12-06;"terça-feira";"03:00:00";"RJ";116;179;"MESQUITA";"Ausência de reação do condutor";"Colisão traseira";"Sem Vítimas";"Plena Noite";"Decrescente";"Céu Claro";"Dupla";"Reta";"Sim";2;0;0;0;2;0;0;2;-22,7766959;-43,39904308;"SPRF-RJ";"DEL01-RJ";"UOP02-DEL01-RJ"
491033;2022-12-06;"terça-feira";"04:40:00";"MG";40;77,9;"PARACATU";"Ausência de reação do condutor";"Saída de leito carroçável";"Com Vítimas Feridas";"Amanhecer";"Decrescente";"Chuva";"Simples";"Reta";"Não";1;0;1;0;0;0;1;1;-17,44847444;-46,6852866;"SPRF-MG";"DEL14-MG";"UOP01-DEL14-MG"
491034;2022-12-06;"terça-feira";"04:00:00";"RO";364;705;"PORTO VELHO";"Ausência de reação do condutor";"Colisão traseira";"Com Vítimas Feridas";"Plena Noite";"Decrescente";"Nublado";"Dupla";"Reta";"Não";3;0;2;0;1;0;2;2;-8,800452;-63,82123232;"SPRF-RO";"DEL01-RO";"UOP01-DEL01-RO"
491035;2022-12-06;"terça-feira";"03:30:00";"SC";282;586,9;"PINHALZINHO";"Ingestão de álcool pelo condutor";"Saída de leito carroçável";"Com Vítimas Feridas";"Plena Noite";"Crescente";"Nublado";"Simples";"Curva";"Não";2;0;1;0;1;0;1;1;-26,830677;-53,04443;"SPRF-SC";"DEL07-SC";"UOP02-DEL07-SC"
491036;2022-12-06;"terça-feira";"05:30:00";"MG";40;793,1;"JUIZ DE FORA";"Reação tardia ou ineficiente do condutor";"Saída de leito carroçável";"Com Vítimas Feridas";"Amanhecer";"Crescente";"Céu Claro";"Dupla";"Curva";"Sim";1;0;1;0;0;0;1;1;-21,79449311;-43,41425031;"SPRF-MG";"DEL05-MG";"UOP01-DEL05-MG"
491037;2022-12-06;"terça-feira";"03:40:00";"RJ";493;6;"SAO GONCALO";"Acessar a via sem observar a presença dos outros veículos";"Atropelamento de Pedestre";"Com Vítimas Fatais";"Plena Noite";"Crescente";"Nublado";"Dupla";"Reta";"Sim";2;1;0;0;0;1;0;2;-22,73124198;-42,95145305;"SPRF-RJ";"DEL02-RJ";"UOP02-DEL02-RJ"
491038;2022-12-06;"terça-feira";"04:30:00";"MG";381;309;"ANTONIO DIAS";"Condutor Dormindo";"Capotamento";"Com Vítimas Feridas";"Amanhecer";"Decrescente";"Nublado";"Simples";"Reta";"Não";1;0;1;0;0;0;1;1;-19,656227;-42,958355;"SPRF-MG";"DEL03-MG";"UOP02-DEL03-MG"
491039;2022-12-06;"terça-feira";"05:30:00";"SC";101;131,9;"BALNEARIO CAMBORIU";"Reação tardia ou ineficiente do condutor";"Tombamento";"Com Vítimas Feridas";"Pleno dia";"Crescente";"Céu Claro";"Dupla";"Reta";"Sim";1;0;1;0;0;0;1;1;-26,99064209;-48,66310912;"SPRF-SC";"DEL04-SC";"UOP03-DEL04-SC"
491042;2022-09-27;"terça-feira";"17:20:00";"RJ";116;317,9;"ITATIAIA";"Pedestre cruzava a pista fora da faixa";"Atropelamento de Pedestre";"Com Vítimas Fatais";"Anoitecer";"Crescente";"Nublado";"Dupla";"Reta";"Sim";2;1;0;0;1;0;0;2;-22,46751289;-44,50801849;"SPRF-RJ";"DEL07-RJ";"UOP02-DEL07-RJ"
491043;2022-10-18;"terça-feira";"09:20:00";"PE";101;60;"RECIFE";"Chuva";"Colisão lateral mesmo sentido";"Com Vítimas Feridas";"Pleno dia";"Crescente";"Garoa/Chuvisco";"Dupla";"Declive";"Não";2;0;1;0;1;0;1;2;-7,98344307;-34,93176727;"SPRF-PE";"DEL01-PE";"UOP02-DEL01-PE"
491045;2022-12-05;"segunda-feira";"15:00:00";"MG";116;703,9;"MURIAE";"Desrespeitar a preferência no cruzamento";"Colisão transversal";"Com Vítimas Feridas";"Pleno dia";"Decrescente";"Céu Claro";"Simples";"Interseção de Vias";"Sim";2;0;1;0;1;0;1;2;-21,12682309;-42,3832189;"SPRF-MG";"DEL07-MG";"UOP02-DEL07-MG"
491046;2022-12-06;"terça-feira";"07:20:00";"SC";101;113;"ITAJAI";"Velocidade Incompatível";"Tombamento";"Com Vítimas Feridas";"Pleno dia";"Decrescente";"Nublado";"Dupla";"Reta";"Sim";1;0;1;0;0;0;1;1;-26,85311393;-48,72689927;"SPRF-SC";"DEL04-SC";"UOP04-DEL04-SC"
491047;2022-12-02;"sexta-feira";"21:30:00";"RJ";101;293;"ITABORAI";"Frear bruscamente";"Colisão traseira";"Com Vítimas Feridas";"Plena Noite";"Decrescente";"Nublado";"Simples";"Reta";"Não";2;0;1;0;1;0;1;2;-22,756203;-42,88724;"SPRF-RJ";"DEL02-RJ";"UOP02-DEL02-RJ"
491049;2022-12-06;"terça-feira";"05:35:00";"PR";277;345;"GUARAPUAVA";"Transitar na contramão";"Colisão lateral mesmo sentido";"Com Vítimas Feridas";"Pleno dia";"Decrescente";"Céu Claro";"Simples";"Reta";"Sim";2;0;0;1;1;0;1;2;-25,33928412;-51,42880296;"SPRF-PR";"DEL08-PR";"UOP01-DEL08-PR"
491051;2022-12-06;"terça-feira";"06:30:00";"MG";381;929;"EXTREMA";"Velocidade Incompatível";"Tombamento";"Com Vítimas Feridas";"Pleno dia";"Crescente";"Chuva";"Dupla";"Curva";"Não";2;0;2;0;0;0;2;1;-22,79911462;-46,26123692;"SPRF-MG";"DEL16-MG";"UOP03-DEL16-MG"
491053;2022-11-15;"terça-feira";"20:00:00";"CE";222;276;"FRECHEIRINHA";"Deficiência do Sistema de Iluminação/Sinalização";"Colisão traseira";"Com Vítimas Feridas";"Plena Noite";"Decrescente";"Céu Claro";"Simples";"Reta";"Não";3;0;1;2;0;0;3;2;-3,75711875;-40,78225491;"SPRF-CE";"DEL04-CE";"UOP02-DEL04-CE"
491054;2022-12-06;"terça-feira";"07:40:00";"ES";101;292;"CARIACICA";"Entrada inopinada do pedestre";"Atropelamento de Pedestre";"Com Vítimas Feridas";"Pleno dia";"Crescente";"Nublado";"Dupla";"Reta";"Sim";2;0;1;1;0;0;2;2;-20,30650512;-40,39488717;"SPRF-ES";"DEL01-ES";"UOP01-DEL01-ES"
491056;2022-12-06;"terça-feira";"07:55:00";"SC";101;111,8;"NAVEGANTES";"Trafegar com motocicleta (ou similar) entre as faixas";"Colisão traseira";"Com Vítimas Feridas";"Pleno dia";"Crescente";"Céu Claro";"Dupla";"Ponte";"Sim";4;0;2;0;2;0;2;2;-26,84483689;-48,7200053;"SPRF-SC";"DEL04-SC";"UOP04-DEL04-SC"
491057;2022-12-06;"terça-feira";"08:00:00";"RJ";40;83;"PETROPOLIS";"Velocidade Incompatível";"Colisão com objeto";"Com Vítimas Feridas";"Pleno dia";"Decrescente";"Chuva";"Simples";"Curva;Aclive";"Não";1;0;0;1;0;0;1;1;-22,54007776;-43,22438836;"SPRF-RJ";"DEL06-RJ";"UOP01-DEL06-RJ"
491058;2022-12-06;"terça-feira";"07:29:00";"MG";116;703,9;"MURIAE";"Conversão proibida";"Colisão lateral mesmo sentido";"Com Vítimas Feridas";"Pleno dia";"Decrescente";"Nublado";"Simples";"Interseção de Vias";"Sim";3;0;3;0;0;0;3;2;-21,11959996;-42,38008445;"SPRF-MG";"DEL07-MG";"UOP02-DEL07-MG"
491059;2022-09-24;"sábado";"18:30:00";"RJ";495;25,8;"PETROPOLIS";"Ingestão de álcool pelo condutor";"Colisão com objeto";"Com Vítimas Feridas";"Plena Noite";"Crescente";"Céu Claro";"Simples";"Curva";"Sim";1;0;0;1;0;0;1;1;-22,40941;-43,100292;"SPRF-RJ";"DEL06-RJ";"UOP01-DEL06-RJ"
491060;2022-12-06;"terça-feira";"08:00:00";"PR";116;120;"CURITIBA";"Problema com o freio";"Tombamento";"Com Vítimas Feridas";"Pleno dia";"Decrescente";"Céu Claro";"Dupla";"Reta";"Sim";1;0;1;0;0;0;1;1;-25,55122256;-49,30503748;"SPRF-PR";"DEL01-PR";"UOP03-DEL01-PR"
491061;2022-10-31;"segunda-feira";"11:55:00";"PA";230;121;"MARABA";"Condutor deixou de manter distância do veículo da frente";"Colisão traseira";"Com Vítimas Feridas";"Pleno dia";"Crescente";"Céu Claro";"Dupla";"Reta";"Sim";2;0;0;1;1;0;1;2;-5,35297407;-49,12143673;"SPRF-PA";"DEL03-PA";"UOP01-DEL03-PA"
491062;2022-03-20;"domingo";"00:50:00";"RJ";101;69;"CAMPOS DOS GOYTACAZES";"Animais na Pista";"Atropelamento de Animal";"Com Vítimas Feridas";"Plena Noite";"Decrescente";"Céu Claro";"Simples";"Reta";"Sim";1;0;0;1;0;0;1;1;-21,77624383;-41,3653321;"SPRF-RJ";"DEL08-RJ";"UOP02-DEL08-RJ"
491063;2022-12-06;"terça-feira";"08:30:00";"PE";101;70;"RECIFE";"Objeto estático sobre o leito carroçável";"Colisão traseira";"Com Vítimas Feridas";"Pleno dia";"Crescente";"Céu Claro";"Dupla";"Viaduto";"Sim";3;0;1;0;2;0;1;2;-8,06776119;-34,94265074;"SPRF-PE";"DEL01-PE";"UOP01-DEL01-PE"
491064;2022-12-06;"terça-feira";"08:20:00";"GO";40;7;"VALPARAISO DE GOIAS";"Condutor deixou de manter distância do veículo da frente";"Colisão traseira";"Sem Vítimas";"Pleno dia";"Crescente";"Céu Claro";"Dupla";"Reta";"Sim";2;0;0;0;1;1;0;2;-16,108482;-47,972524;"SPRF-DF";"DEL01-DF";"UOP01-DEL01-DF"
491065;2022-12-06;"terça-feira";"06:00:00";"RS";468;15;"PALMEIRA DAS MISSOES";"Condutor Dormindo";"Colisão frontal";"Com Vítimas Feridas";"Amanhecer";"Decrescente";"Céu Claro";"Simples";"Reta";"Sim";1;0;1;0;0;0;1;1;-27,81183998;-53,41767487;"SPRF-RS";"DEL08-RS";"UOP01-DEL08-RS"
491067;2022-12-06;"terça-feira";"07:20:00";"PR";476;138;"CURITIBA";"Condutor deixou de manter distância do veículo da frente";"Colisão lateral mesmo sentido";"Com Vítimas Feridas";"Pleno dia";"Decrescente";"Nublado";"Múltipla";"Reta";"Sim";4;0;1;0;2;1;1;3;-25,505564;-49,283417;"SPRF-PR";"DEL01-PR";"UOP03-DEL01-PR"
491068;2022-12-06;"terça-feira";"07:40:00";"PR";376;249;"APUCARANA";"Animais na Pista";"Colisão lateral mesmo sentido";"Com Vítimas Feridas";"Pleno dia";"Crescente";"Nublado";"Dupla";"Reta";"Não";2;0;0;1;1;0;1;2;-23,62524965;-51,37962593;"SPRF-PR";"DEL07-PR";"UOP03-DEL07-PR"
491069;2022-12-06;"terça-feira";"08:30:00";"RJ";101;323;"NITEROI";"Condutor deixou de manter distância do veículo da frente";"Colisão traseira";"Com Vítimas Feridas";"Pleno dia";"Crescente";"Nublado";"Dupla";"Reta";"Não";2;0;0;1;1;0;1;2;-22,87684786;-43,11728689;"SPRF-RJ";"DEL02-RJ";"UOP01-DEL02-RJ"
491070;2022-12-06;"terça-feira";"07:50:00";"ES";101;435;"ATILIO VIVACQUA";"Velocidade Incompatível";"Saída de leito carroçável";"Com Vítimas Feridas";"Pleno dia";"Crescente";"Céu Claro";"Simples";"Curva";"Não";2;0;1;1;0;0;2;1;-21,05500952;-41,19609059;"SPRF-ES";"DEL03-ES";"UOP02-DEL03-ES"
491071;2022-12-06;"terça-feira";"07:50:00";"RO";364;708;"PORTO VELHO";"Reação tardia ou ineficiente do condutor";"Queda de ocupante de veículo";"Com Vítimas Feridas";"Pleno dia";"Decrescente";"Garoa/Chuvisco";"Dupla";"Reta";"Sim";1;0;1;0;0;0;1;1;-8,79554083;-63,84072487;"SPRF-RO";"DEL01-RO";"UOP01-DEL01-RO"
491072;2022-12-06;"terça-feira";"07:00:00";"SC";101;357;"SANGAO";"Ultrapassagem Indevida";"Saída de leito carroçável";"Com Vítimas Feridas";"Pleno dia";"Crescente";"Céu Claro";"Dupla";"Reta";"Não";4;0;2;0;1;1;2;2;-28,635168;-49,09467;"SPRF-SC";"DEL02-SC";"UOP01-DEL02-SC"
491073;2022-11-20;"domingo";"21:00:00";"RS";287;530,1;"SAO BORJA";"Transitar na contramão";"Colisão frontal";"Com Vítimas Fatais";"Plena Noite";"Crescente";"Céu Claro";"Simples";"Reta";"Não";3;1;0;2;0;0;2;2;-28,68567433;-55,93888311;"SPRF-RS";"DEL12-RS";"UOP01-DEL12-RS"
491074;2022-12-06;"terça-feira";"06:00:00";"SP";459;20;"PIQUETE";"Chuva";"Saída de leito carroçável";"Com Vítimas Fatais";"Pleno dia";"Decrescente";"Chuva";"Simples";"Curva";"Não";1;1;0;0;0;0;0;1;-22,646566;-45,144917;"SPRF-SP";"DEL08-SP";"NPF/DEL08-SP"
491075;2022-11-04;"sexta-feira";"18:00:00";"PE";232;5;"RECIFE";"Reação tardia ou ineficiente do condutor";"Queda de ocupante de veículo";"Com Vítimas Feridas";"Plena Noite";"Decrescente";"Céu Claro";"Dupla";"Reta";"Sim";1;0;0;1;0;0;1;1;-8,06795766;-34,94535414;"SPRF-PE";"DEL01-PE";"UOP01-DEL01-PE"
491076;2022-12-06;"terça-feira";"07:40:00";"PE";101;41,7;"IGARASSU";"Acessar a via sem observar a presença dos outros veículos";"Colisão com objeto";"Com Vítimas Feridas";"Pleno dia";"Crescente";"Céu Claro";"Dupla";"Reta";"Sim";2;0;1;0;1;0;1;2;-7,83528802;-34,91296828;"SPRF-PE";"DEL01-PE";"UOP02-DEL01-PE"
491077;2022-12-05;"segunda-feira";"22:00:00";"PA";316;155;"CAPANEMA";"Animais na Pista";"Atropelamento de Animal";"Com Vítimas Feridas";"Plena Noite";"Decrescente";"Céu Claro";"Simples";"Reta";"Não";2;0;1;1;0;0;2;1;-1,23713115;-47,15580718;"SPRF-PA";"DEL01-PA";"UOP03-DEL01-PA"
491078;2022-12-06;"terça-feira";"07:45:00";"PR";116;12,3;"COLOMBO";"Reação tardia ou ineficiente do condutor";"Tombamento";"Com Vítimas Feridas";"Pleno dia";"Crescente";"Nublado";"Dupla";"Reta";"Sim";1;0;1;0;0;0;1;1;-25,3755;-49,1496;"SPRF-PR";"DEL01-PR";"UOP02-DEL01-PR"
491079;2022-12-06;"terça-feira";"08:15:00";"SC";101;153;"PORTO BELO";"Avarias e/ou desgaste excessivo no pneu";"Tombamento";"Com Vítimas Feridas";"Pleno dia";"Decrescente";"Céu Claro";"Dupla";"Reta";"Sim";1;0;1;0;0;0;1;1;-27,144717;-48,61063935;"SPRF-SC";"DEL04-SC";"UOP03-DEL04-SC"
491080;2022-12-06;"terça-feira";"08:50:00";"SC";101;145,8;"ITAPEMA";"Animais na Pista";"Queda de ocupante de veículo";"Com Vítimas Feridas";"Pleno dia";"Crescente";"Céu Claro";"Dupla";"Reta";"Não";1;0;1;0;0;0;1;1;-27,08139206;-48,60130993;"SPRF-SC";"DEL04-SC";"UOP03-DEL04-SC"
491081;2022-12-03;"sábado";"22:30:00";"MG";116;611,4;"SAO JOAO DO MANHUACU";"Reação tardia ou ineficiente do condutor";"Colisão com objeto";"Com Vítimas Feridas";"Plena Noite";"Crescente";"Chuva";"Simples";"Curva";"Não";1;0;0;1;0;0;1;1;-20,42540414;-42,1609354;"SPRF-MG";"DEL07-MG";"UOP03-DEL07-MG"
491082;2022-12-06;"terça-feira";"09:50:00";"PR";277;0;"PARANAGUA";"Conversão proibida";"Colisão transversal";"Com Vítimas Feridas";"Pleno dia";"Crescente";"Céu Claro";"Simples";"Reta";"Sim";2;0;1;0;1;0;1;2;-25,52519462;-48,54736785;"SPRF-PR";"DEL01-PR";"UOP05-DEL01-PR"
491083;2022-11-16;"quarta-feira";"08:20:00";"PR";376;168;"MARINGA";"Reação tardia ou ineficiente do condutor";"Tombamento";"Com Vítimas Feridas";"Pleno dia";"Crescente";"Céu Claro";"Dupla";"Declive";"Não";2;0;2;0;0;0;2;1;-23,409788;-51,987453;"SPRF-PR";"DEL09-PR";"UOP01-DEL09-PR"
491086;2022-12-03;"sábado";"18:55:00";"MG";116;653,5;"FERVEDOURO";"Conversão proibida";"Colisão frontal";"Com Vítimas Feridas";"Plena Noite";"Decrescente";"Chuva";"Simples";"Reta";"Sim";2;0;1;1;0;0;2;2;-20,74345502;-42,28632781;"SPRF-MG";"DEL07-MG";"UOP03-DEL07-MG"
491087;2022-12-06;"terça-feira";"10:30:00";"SP";116;216;"GUARULHOS";"Manobra de mudança de faixa";"Tombamento";"Com Vítimas Feridas";"Pleno dia";"Crescente";"Garoa/Chuvisco";"Dupla";"Reta";"Sim";1;0;1;0;0;0;1;1;-23,45056589;-46,46258105;"SPRF-SP";"DEL01-SP";"UOP01-DEL01-SP"
491090;2022-12-06;"terça-feira";"10:00:00";"MG";262;387;"JUATUBA";"Velocidade Incompatível";"Saída de leito carroçável";"Com Vítimas Feridas";"Pleno dia";"Crescente";"Chuva";"Dupla";"Reta";"Não";1;0;1;0;0;0;1;1;-19,93472988;-44,43457599;"SPRF-MG";"DEL01-MG";"UOP03-DEL01-MG"
491091;2022-12-06;"terça-feira";"02:00:00";"MA";222;523;"BURITICUPU";"Ingestão de álcool pelo condutor";"Colisão frontal";"Com Vítimas Fatais";"Plena Noite";"Crescente";"Céu Claro";"Simples";"Curva";"Não";2;1;1;0;0;0;1;2;-4,33813867;-46,43017946;"SPRF-MA";"DEL02-MA";"UOP01-DEL02-MA"
491092;2022-12-06;"terça-feira";"10:30:00";"SC";101;199,2;"SAO JOSE";"Condutor deixou de manter distância do veículo da frente";"Colisão traseira";"Sem Vítimas";"Pleno dia";"Crescente";"Céu Claro";"Dupla";"Reta";"Sim";2;0;0;0;2;0;0;2;-27,53413705;-48,63003205;"SPRF-SC";"DEL01-SC";"UOP01-DEL01-SC"
491093;2022-12-06;"terça-feira";"10:35:00";"MG";40;544;"BELO HORIZONTE";"Condutor deixou de manter distância do veículo da frente";"Tombamento";"Com Vítimas Feridas";"Pleno dia";"Decrescente";"Chuva";"Múltipla";"Curva";"Não";1;0;1;0;0;0;1;1;-19,99848032;-43,96256558;"SPRF-MG";"DEL01-MG";"UOP02-DEL01-MG"
491096;2022-12-06;"terça-feira";"10:00:00";"SP";116;155;"SAO JOSE DOS CAMPOS";"Entrada inopinada do pedestre";"Engavetamento";"Com Vítimas Feridas";"Pleno dia";"Decrescente";"Garoa/Chuvisco";"Dupla";"Declive;Reta";"Sim";4;0;1;0;3;0;1;3;-23,24524337;-45,92772774;"SPRF-SP";"DEL02-SP";"UOP01-DEL02-SP"
491097;2022-12-06;"terça-feira";"10:00:00";"MG";381;612;"OLIVEIRA";"Condutor Dormindo";"Saída de leito carroçável";"Sem Vítimas";"Pleno dia";"Decrescente";"Chuva";"Dupla";"Reta";"Não";1;0;0;0;1;0;0;1;-20,72014073;-44,76677037;"SPRF-MG";"DEL04-MG";"UOP01-DEL04-MG"
491098;2022-12-06;"terça-feira";"11:19:00";"GO";40;2,7;"VALPARAISO DE GOIAS";"Acesso irregular";"Colisão transversal";"Com Vítimas Fatais";"Pleno dia";"Decrescente";"Céu Claro";"Dupla";"Retorno Regulamentado;Reta";"Sim";3;1;0;0;1;1;0;3;-16,067129;-47,984235;"SPRF-DF";"DEL01-DF";"UOP01-DEL01-DF"
491100;2022-12-06;"terça-feira";"10:30:00";"MG";381;912,8;"CAMANDUCAIA";"Chuva";"Saída de leito carroçável";"Com Vítimas Feridas";"Pleno dia";"Decrescente";"Chuva";"Dupla";"Curva";"Não";2;0;1;0;1;0;1;1;-22,75390001;-46,146503;"SPRF-MG";"DEL16-MG";"UOP03-DEL16-MG"
491103;2022-12-05;"segunda-feira";"01:00:00";"PR";277;347;"GUARAPUAVA";"Reação tardia ou ineficiente do condutor";"Saída de leito carroçável";"Sem Vítimas";"Plena Noite";"Decrescente";"Chuva";"Simples";"Reta";"Sim";1;0;0;0;0;1;0;1;-25,375;-51,502;"SPRF-PR";"DEL08-PR";"UOP01-DEL08-PR"
491105;2022-12-02;"sexta-feira";"21:00:00";"RO";364;201,6;"PIMENTA BUENO";"Reação tardia ou ineficiente do condutor";"Queda de ocupante de veículo";"Com Vítimas Feridas";"Plena Noite";"Crescente";"Céu Claro";"Simples";"Reta";"Não";1;0;1;0;0;0;1;1;-11,639915;-61,197825;"SPRF-RO";"DEL02-RO";"UOP02-DEL02-RO"
491107;2022-11-20;"domingo";"20:00:00";"RO";364;130,1;"PIMENTA BUENO";"Condutor Dormindo";"Capotamento";"Com Vítimas Feridas";"Plena Noite";"Crescente";"Céu Claro";"Simples";"Reta";"Não";4;0;2;0;2;0;2;1;-12,04305021;-60,76440637;"SPRF-RO";"DEL02-RO";"UOP02-DEL02-RO"
491110;2022-12-06;"terça-feira";"07:50:00";"MS";163;486;"CAMPO GRANDE";"Ausência de reação do condutor";"Engavetamento";"Com Vítimas Feridas";"Pleno dia";"Decrescente";"Céu Claro";"Simples";"Reta";"Sim";5;0;1;0;4;0;1;3;-20,4336361;-54,54376745;"SPRF-MS";"DEL01-MS";"UOP02-DEL01-MS"
491111;2022-12-06;"terça-feira";"11:40:00";"SP";153;94,2;"JACI";"Objeto estático sobre o leito carroçável";"Colisão com objeto";"Sem Vítimas";"Pleno dia";"Decrescente";"Chuva";"Dupla";"Reta";"Sim";2;0;0;0;2;0;0;1;-20,96779165;-49,59638906;"SPRF-SP";"DEL09-SP";"UOP01-DEL09-SP"
491112;2022-12-04;"domingo";"14:24:00";"MG";381;628;"OLIVEIRA";"Avarias e/ou desgaste excessivo no pneu";"Saída de leito carroçável";"Com Vítimas Feridas";"Pleno dia";"Decrescente";"Chuva";"Dupla";"Curva;Aclive";"Não";5;0;1;0;4;0;1;1;-20,83304688;-44,8250553;"SPRF-MG";"DEL04-MG";"UOP01-DEL04-MG"
491113;2022-12-06;"terça-feira";"08:20:00";"PR";277;485,6;"NOVA LARANJEIRAS";"Velocidade Incompatível";"Queda de ocupante de veículo";"Com Vítimas Feridas";"Pleno dia";"Decrescente";"Céu Claro";"Simples";"Curva";"Não";1;0;1;0;0;0;1;1;-25,24916;-52,62936;"SPRF-PR";"DEL04-PR";"UOP02-DEL04-PR"
491116;2022-12-06;"terça-feira";"12:10:00";"GO";60;137;"GOIANIA";"Transitar na contramão";"Colisão frontal";"Sem Vítimas";"Pleno dia";"Decrescente";"Céu Claro";"Simples";"Reta";"Sim";3;0;0;0;2;1;0;2;-16,603;-49,2023;"SPRF-GO";"DEL01-GO";"UOP01-DEL01-GO"
491118;2022-11-22;"terça-feira";"08:00:00";"PR";376;3;"SAO JOSE DOS PINHAIS";"Ausência de reação do condutor";"Colisão lateral mesmo sentido";"Com Vítimas Feridas";"Pleno dia";"Crescente";"Céu Claro";"Dupla";"Reta";"Sim";2;0;1;0;1;0;1;2;-25,5307;-49,1958;"SPRF-PR";"DEL01-PR";"UOP04-DEL01-PR"
491120;2022-12-06;"terça-feira";"11:35:00";"MG";116;528,7;"CARATINGA";"Manobra de mudança de faixa";"Colisão transversal";"Com Vítimas Feridas";"Pleno dia";"Crescente";"Nublado";"Dupla";"Reta;Declive";"Sim";2;0;2;0;0;0;2;2;-19,794033;-42,13731414;"SPRF-MG";"DEL06-MG";"UOP02-DEL06-MG"
491122;2022-12-05;"segunda-feira";"06:50:00";"BA";101;480;"URUCUCA";"Chuva";"Saída de leito carroçável";"Com Vítimas Feridas";"Pleno dia";"Crescente";"Chuva";"Simples";"Curva";"Não";1;0;1;0;0;0;1;1;-14,64424907;-39,33819393;"SPRF-BA";"DEL05-BA";"UOP01-DEL05-BA"
491123;2022-12-06;"terça-feira";"13:00:00";"SC";101;24,7;"JOINVILLE";"Desrespeitar a preferência no cruzamento";"Colisão transversal";"Com Vítimas Feridas";"Pleno dia";"Decrescente";"Nublado";"Simples";"Rotatória";"Sim";2;0;1;0;1;0;1;2;-26,17483309;-48,90767978;"SPRF-SC";"DEL03-SC";"UOP01-DEL03-SC"
491124;2022-12-06;"terça-feira";"12:15:00";"RJ";40;105;"DUQUE DE CAXIAS";"Desrespeitar a preferência no cruzamento";"Colisão transversal";"Com Vítimas Feridas";"Pleno dia";"Crescente";"Chuva";"Múltipla";"Reta";"Sim";5;0;1;0;3;1;1;2;-22,64613446;-43,28398208;"SPRF-RJ";"DEL01-RJ";"UOP01-DEL01-RJ"
491125;2022-12-02;"sexta-feira";"20:00:00";"RJ";101;316;"SAO GONCALO";"Ingestão de álcool pelo condutor";"Colisão com objeto";"Sem Vítimas";"Plena Noite";"Crescente";"Céu Claro";"Dupla";"Reta";"Sim";2;0;0;0;2;0;0;1;-22,81049093;-43,06983304;"SPRF-RJ";"DEL02-RJ";"UOP02-DEL02-RJ"
491126;2022-12-06;"terça-feira";"12:01:00";"PE";101;82,2;"JABOATAO DOS GUARARAPES";"Condutor deixou de manter distância do veículo da frente";"Colisão traseira";"Com Vítimas Feridas";"Pleno dia";"Crescente";"Céu Claro";"Múltipla";"Reta;Interseção de Vias";"Sim";2;0;1;0;1;0;1;2;-8,168383;-34,9376;"SPRF-PE";"DEL01-PE";"UOP01-DEL01-PE"
491127;2022-12-06;"terça-feira";"13:00:00";"SE";101;89,3;"NOSSA SENHORA DO SOCORRO";"Manobra de mudança de faixa";"Colisão lateral mesmo sentido";"Com Vítimas Feridas";"Pleno dia";"Decrescente";"Chuva";"Múltipla";"Reta";"Sim";2;0;0;1;1;0;1;2;-10,9050568;-37,1230177;"SPRF-SE";"DEL01-SE";"UOP01-DEL01-SE"