"id";"data_inversa";"dia_semana";"horario";"uf";"br";"km";"municipio";"causa_acidente";"tipo_acidente";"classificacao_acidente";"fase_dia";"sentido_via";"condicao_metereologica";"tipo_pista";"tracado_via";"uso_solo";"pessoas";"mortos";"feridos_leves";"feridos_graves";"ilesos";"ignorados";"feridos";"veiculos";"latitude";"longitude";"regional";"delegacia";"uop"
491128;2022-12-06;"terça-feira";"09:40:00";"PR";277;207;"PALMEIRA";"Reação tardia ou ineficiente do condutor";"Saída de leito carroçável";"Com Vítimas Feridas";"Pleno dia";"Crescente";"Nublado";"Simples";"Curva";"Não";1;0;1;0;0;0;1;1;-25,4649109;-50,26981701;"SPRF-PR";"DEL08-PR";"UOP02-DEL08-PR"
491129;2022-12-06;"terça-feira";"13:20:00";"PR";369;173;"ROLANDIA";"Acessar a via sem observar a presença dos outros veículos";"Colisão transversal";"Com Vítimas Feridas";"Pleno dia";"Crescente";"Garoa/Chuvisco";"Simples";"Reta";"Sim";2;0;1;0;1;0;1;2;-23,31193876;-51,37179673;"SPRF-PR";"DEL07-PR";"UOP01-DEL07-PR"
491132;2022-09-18;"domingo";"15:05:00";"SC";101;133;"BALNEARIO CAMBORIU";"Trafegar com motocicleta (ou similar) entre as faixas";"Colisão lateral mesmo sentido";"Com Vítimas Feridas";"Pleno dia";"Crescente";"Céu Claro";"Simples";"Reta";"Sim";2;0;0;1;1;0;1;2;-26,99936;-48,64609;"SPRF-SC";"DEL04-SC";"UOP03-DEL04-SC"
491136;2022-12-06;"terça-feira";"13:30:00";"BA";101;741,3;"ITABELA";"Condutor Dormindo";"Tombamento";"Com Vítimas Feridas";"Pleno dia";"Crescente";"Céu Claro";"Simples";"Aclive;Reta";"Não";1;0;1;0;0;0;1;1;-16,70807721;-39,4602152;"SPRF-BA";"DEL09-BA";"UOP01-DEL09-BA"
491137;2022-12-06;"terça-feira";"14:30:00";"RJ";40;85;"PETROPOLIS";"Pista Escorregadia";"Saída de leito carroçável";"Sem Vítimas";"Pleno dia";"Decrescente";"Chuva";"Simples";"Curva";"Não";2;0;0;0;2;0;0;1;-22,52850694;-43,2349802;"SPRF-RJ";"DEL06-RJ";"UOP01-DEL06-RJ"
491140;2022-12-06;"terça-feira";"14:45:00";"SP";116;500;"CAJATI";"Ausência de reação do condutor";"Saída de leito carroçável";"Com Vítimas Feridas";"Pleno dia";"Decrescente";"Chuva";"Dupla";"Curva";"Não";4;0;2;0;2;0;2;1;-24,78862417;-48,18277359;"SPRF-SP";"DEL05-SP";"UOP02-DEL05-SP"
491145;2022-12-06;"terça-feira";"15:30:00";"MG";116;704,6;"MURIAE";"Desrespeitar a preferência no cruzamento";"Colisão transversal";"Com Vítimas Feridas";"Pleno dia";"Crescente";"Nublado";"Simples";"Interseção de Vias;Rotatória";"Sim";2;0;1;0;1;0;1;2;-21,125048;-42,381497;"SPRF-MG";"DEL07-MG";"UOP02-DEL07-MG"
491146;2022-12-06;"terça-feira";"11:42:00";"MG";381;531,2;"ITATIAIUCU";"Reação tardia ou ineficiente do condutor";"Saída de leito carroçável";"Com Vítimas Feridas";"Pleno dia";"Crescente";"Garoa/Chuvisco";"Dupla";"Curva";"Não";5;0;3;0;2;0;3;1;-20,18182886;-44,37895835;"SPRF-MG";"DEL04-MG";"UOP03-DEL04-MG"
491147;2022-12-06;"terça-feira";"15:30:00";"SP";116;213;"GUARULHOS";"Restrição de visibilidade em curvas horizontais";"Queda de ocupante de veículo";"Com Vítimas Feridas";"Pleno dia";"Crescente";"Chuva";"Simples";"Curva";"Não";1;0;1;0;0;0;1;1;-23,44348259;-46,4466678;"SPRF-SP";"DEL01-SP";"UOP01-DEL01-SP"
491149;2022-12-06;"terça-feira";"11:50:00";"MA";316;586,4;"CAXIAS";"Reação tardia ou ineficiente do condutor";"Colisão transversal";"Com Vítimas Feridas";"Pleno dia";"Decrescente";"Céu Claro";"Simples";"Reta";"Não";2;0;0;1;0;1;1;2;-4,98457;-43,07259;"SPRF-MA";"DEL03-MA";"UOP02-DEL03-MA"
491152;2022-11-26;"sábado";"22:30:00";"MA";135;21;"SAO LUIS";"Condutor deixou de manter distância do veículo da frente";"Tombamento";"Com Vítimas Feridas";"Plena Noite";"Decrescente";"Céu Claro";"Dupla";"Reta";"Sim";2;0;1;0;0;1;1;2;-2,56282935;-44,31689685;"SPRF-MA";"DEL01-MA";"UOP01-DEL01-MA"
491154;2022-12-06;"terça-feira";"16:00:00";"MG";267;84;"JUIZ DE FORA";"Acumulo de água sobre o pavimento";"Saída de leito carroçável";"Com Vítimas Feridas";"Pleno dia";"Crescente";"Chuva";"Simples";"Curva;Declive";"Não";2;0;2;0;0;0;2;1;-21,76835602;-43,24521601;"SPRF-MG";"DEL05-MG";"UOP01-DEL05-MG"
491155;2022-12-06;"terça-feira";"15:20:00";"PR";272;384,1;"ARARUNA";"Demais falhas mecânicas ou elétricas";"Tombamento";"Com Vítimas Feridas";"Pleno dia";"Crescente";"Céu Claro";"Simples";"Reta";"Não";2;0;2;0;0;0;2;1;-24,05287;-52,548;"SPRF-PR";"DEL09-PR";"UOP03-DEL09-PR"
491157;2022-12-06;"terça-feira";"15:23:00";"SP";381;73;"SAO PAULO";"Velocidade Incompatível";"Colisão com objeto";"Com Vítimas Feridas";"Pleno dia";"Crescente";"Chuva";"Múltipla";"Curva";"Não";1;0;1;0;0;0;1;1;-23,36553404;-46,55253934;"SPRF-SP";"DEL03-SP";"UOP01-DEL03-SP"
491158;2022-12-06;"terça-feira";"14:10:00";"SC";101;103,4;"BALNEARIO PICARRAS";"Avarias e/ou desgaste excessivo no pneu";"Tombamento";"Com Vítimas Feridas";"Pleno dia";"Decrescente";"Céu Claro";"Dupla";"Reta";"Não";1;0;1;0;0;0;1;1;-26,7832381;-48,68314632;"SPRF-SC";"DEL03-SC";"UOP02-DEL03-SC"
491159;2022-12-06;"terça-feira";"15:45:00";"RJ";40;84;"PETROPOLIS";"Chuva";"Saída de leito carroçável";"Com Vítimas Feridas";"Pleno dia";"Crescente";"Chuva";"Dupla";"Curva";"Não";2;0;1;0;1;0;1;1;-22,52145512;-43,23707996;"SPRF-RJ";"DEL06-RJ";"UOP01-DEL06-RJ"
491160;2022-12-06;"terça-feira";"15:55:00";"RS";470;175,8;"VERANOPOLIS";"Desrespeitar a preferência no cruzamento";"Colisão transversal";"Sem Vítimas";"Pleno dia";"Crescente";"Céu Claro";"Simples";"Retorno Regulamentado;Curva";"Sim";2;0;0;0;2;0;0;2;-28,92677157;-51,54157519;"SPRF-RS";"DEL06-RS";"UOP02-DEL06-RS"
491164;2022-12-06;"terça-feira";"16:45:00";"CE";116;26,5;"AQUIRAZ";"Demais falhas mecânicas ou elétricas";"Capotamento";"Sem Vítimas";"Pleno dia";"Decrescente";"Céu Claro";"Dupla";"Reta";"Não";1;0;0;0;1;0;0;1;-3,9752959;-38,51436047;"SPRF-CE";"DEL01-CE";"UOP02-DEL01-CE"
491165;2022-12-06;"terça-feira";"16:33:00";"SP";116;228;"SAO PAULO";"Trafegar com motocicleta (ou similar) entre as faixas";"Colisão traseira";"Com Vítimas Feridas";"Pleno dia";"Crescente";"Garoa/Chuvisco";"Múltipla";"Reta";"Sim";2;0;1;0;1;0;1;2;-23,50343484;-46,56638712;"SPRF-SP";"DEL01-SP";"UOP01-DEL01-SP"
491166;2022-12-06;"terça-feira";"14:19:00";"AL";316;126,6;"MINADOR DO NEGRAO";"Demais falhas mecânicas ou elétricas";"Incêndio";"Sem Vítimas";"Pleno dia";"Decrescente";"Céu Claro";"Simples";"Reta";"Não";1;0;0;0;1;0;0;1;-9,39509343;-36,88488892;"SPRF-AL";"DEL03-AL";"UOP01-DEL03-AL"
491167;2022-12-06;"terça-feira";"17:20:00";"ES";101;139;"LINHARES";"Condutor deixou de manter distância do veículo da frente";"Colisão traseira";"Com Vítimas Feridas";"Pleno dia";"Crescente";"Nublado";"Múltipla";"Reta";"Sim";3;0;1;0;1;1;1;3;-19,30186109;-40,08371726;"SPRF-ES";"DEL04-ES";"UOP01-DEL04-ES"
491173;2022-12-06;"terça-feira";"18:00:00";"SC";101;216;"PALHOCA";"Trafegar com motocicleta (ou similar) entre as faixas";"Colisão transversal";"Com Vítimas Feridas";"Anoitecer";"Crescente";"Nublado";"Simples";"Reta";"Sim";2;0;1;0;1;0;1;2;-27,66000188;-48,67757678;"SPRF-SC";"DEL01-SC";"UOP02-DEL01-SC"
491174;2022-12-06;"terça-feira";"17:25:00";"SP";116;225;"GUARULHOS";"Condutor deixou de manter distância do veículo da frente";"Colisão lateral mesmo sentido";"Com Vítimas Feridas";"Pleno dia";"Decrescente";"Chuva";"Dupla";"Reta";"Sim";2;0;1;0;1;0;1;2;-23,48586772;-46,54075317;"SPRF-SP";"DEL01-SP";"UOP01-DEL01-SP"
491176;2022-10-13;"quinta-feira";"02:30:00";"RJ";116;179;"NOVA IGUACU";"Deficiência do Sistema de Iluminação/Sinalização";"Colisão traseira";"Com Vítimas Feridas";"Plena Noite";"Crescente";"Céu Claro";"Dupla";"Reta";"Sim";3;0;2;0;1;0;2;2;-22,769902;-43,408036;"SPRF-RJ";"DEL01-RJ";"UOP02-DEL01-RJ"
491177;2022-12-06;"terça-feira";"16:50:00";"MT";70;3;"BARRA DO GARCAS";"Ingestão de álcool pelo condutor";"Colisão transversal";"Sem Vítimas";"Pleno dia";"Decrescente";"Céu Claro";"Dupla";"Reta;Retorno Regulamentado";"Sim";2;0;0;0;2;0;0;2;-15,88252843;-52,27574027;"SPRF-MT";"DEL07-MT";"UOP01-DEL07-MT"
491179;2022-12-06;"terça-feira";"12:30:00";"RO";364;464;"CACAULANDIA";"Acessar a via sem observar a presença dos outros veículos";"Colisão transversal";"Com Vítimas Feridas";"Pleno dia";"Crescente";"Céu Claro";"Simples";"Reta";"Não";3;0;0;1;2;0;1;2;-10,22931551;-62,75479234;"SPRF-RO";"DEL03-RO";"UOP01-DEL03-RO"
491180;2022-12-06;"terça-feira";"18:00:00";"MG";381;710;"CARMO DA CACHOEIRA";"Velocidade Incompatível";"Saída de leito carroçável";"Com Vítimas Feridas";"Anoitecer";"Decrescente";"Chuva";"Dupla";"Curva";"Não";1;0;1;0;0;0;1;1;-21,38614615;-45,1948603;"SPRF-MG";"DEL04-MG";"UOP02-DEL04-MG"
491181;2022-12-06;"terça-feira";"18:00:00";"RS";116;262;"CANOAS";"Reação tardia ou ineficiente do condutor";"Engavetamento";"Sem Vítimas";"Pleno dia";"Decrescente";"Céu Claro";"Dupla";"Reta";"Sim";3;0;0;0;3;0;0;3;-29,896475;-51,17593;"SPRF-RS";"DEL01-RS";"UOP01-DEL01-RS"
491182;2022-12-06;"terça-feira";"18:30:00";"SP";116;218;"GUARULHOS";"Manobra de mudança de faixa";"Colisão traseira";"Com Vítimas Feridas";"Plena Noite";"Crescente";"Chuva";"Múltipla";"Reta";"Sim";2;0;1;0;1;0;1;2;-23,457972;-46,479927;"SPRF-SP";"DEL01-SP";"UOP01-DEL01-SP"
491183;2022-12-06;"terça-feira";"18:05:00";"SC";101;357;"SANGAO";"Desrespeitar a preferência no cruzamento";"Colisão transversal";"Com Vítimas Feridas";"Anoitecer";"Crescente";"Céu Claro";"Simples";"Interseção de Vias";"Sim";3;0;1;0;2;0;1;2;-28,635168;-49,09467;"SPRF-SC";"DEL02-SC";"UOP01-DEL02-SC"
491185;2022-12-06;"terça-feira";"17:20:00";"MG";50;179;"UBERABA";"Ausência de reação do condutor";"Colisão traseira";"Com Vítimas Feridas";"Pleno dia";"Crescente";"Nublado";"Dupla";"Reta";"Sim";5;0;2;0;2;1;2;3;-19,77827047;-47,93140998;"SPRF-MG";"DEL13-MG";"UOP01-DEL13-MG"
491186;2022-11-24;"quinta-feira";"13:40:00";"SE";101;11,7;"CEDRO DE SAO JOAO";"Demais falhas mecânicas ou elétricas";"Incêndio";"Sem Vítimas";"Pleno dia";"Crescente";"Céu Claro";"Dupla";"Reta";"Não";5;0;0;0;5;0;0;1;-10,28767689;-36,87861221;"SPRF-SE";"DEL02-SE";"UOP02-DEL02-SE"
491192;2022-10-30;"domingo";"15:30:00";"GO";40;11;"LUZIANIA";"Ingestão de álcool pelo condutor";"Colisão com objeto";"Com Vítimas Feridas";"Pleno dia";"Crescente";"Céu Claro";"Dupla";"Reta";"Sim";1;0;1;0;0;0;1;1;-16,138336;-47,951644;"SPRF-DF";"DEL01-DF";"UOP01-DEL01-DF"
491193;2022-12-06;"terça-feira";"19:30:00";"SC";280;23,5;"ARAQUARI";"Reação tardia ou ineficiente do condutor";"Colisão transversal";"Com Vítimas Feridas";"Plena Noite";"Crescente";"Chuva";"Simples";"Reta";"Não";2;0;1;0;1;0;1;2;-26,37724921;-48,71953282;"SPRF-SC";"DEL03-SC";"UOP03-DEL03-SC"
491195;2022-12-06;"terça-feira";"18:45:00";"PE";423;100;"GARANHUNS";"Demais falhas mecânicas ou elétricas";"Saída de leito carroçável";"Com Vítimas Feridas";"Plena Noite";"Decrescente";"Céu Claro";"Simples";"Aclive";"Não";29;0;28;0;1;0;28;1;-8,87477127;-36,52085205;"SPRF-PE";"DEL03-PE";"UOP01-DEL03-PE"
491196;2022-12-06;"terça-feira";"18:42:00";"SP";153;256;"MARILIA";"Reação tardia ou ineficiente do condutor";"Colisão traseira";"Sem Vítimas";"Anoitecer";"Decrescente";"Chuva";"Dupla";"Interseção de Vias;Reta";"Sim";3;0;0;0;3;0;0;2;-22,231552;-49,91968;"SPRF-SP";"DEL07-SP";"UOP02-DEL07-SP"
491199;2022-11-04;"sexta-feira";"04:10:00";"PB";101;65;"SANTA RITA";"Ausência de reação do condutor";"Saída de leito carroçável";"Com Vítimas Feridas";"Pleno dia";"Decrescente";"Céu Claro";"Dupla";"Reta";"Não";4;0;3;0;1;0;3;1;-7,04256889;-35,05061285;"SPRF-PB";"DEL01-PB";"UOP04-DEL01-PB"
491200;2022-12-06;"terça-feira";"19:55:00";"PB";230;9;"CABEDELO";"Área urbana sem a presença de local apropriado para a travessia de pedestres";"Atropelamento de Pedestre";"Com Vítimas Feridas";"Plena Noite";"Decrescente";"Céu Claro";"Múltipla";"Reta";"Sim";2;0;0;1;0;1;1;2;-7,0433;-34,8466;"SPRF-PB";"DEL01-PB";"UOP01-DEL01-PB"
491201;2022-12-06;"terça-feira";"16:30:00";"RN";226;41,1;"MACAIBA";"Acesso irregular";"Colisão transversal";"Com Vítimas Feridas";"Pleno dia";"Crescente";"Céu Claro";"Simples";"Interseção de Vias";"Sim";3;0;0;2;1;0;2;2;-5,934721;-35,547092;"SPRF-RN";"DEL01-RN";"UOP02-DEL01-RN"
491202;2022-12-06;"terça-feira";"20:00:00";"RS";116;251,7;"SAO LEOPOLDO";"Ausência de reação do condutor";"Colisão traseira";"Com Vítimas Feridas";"Plena Noite";"Decrescente";"Céu Claro";"Dupla";"Reta;Aclive";"Não";5;0;2;0;3;0;2;2;-29,79867041;-51,16526709;"SPRF-RS";"DEL01-RS";"UOP02-DEL01-RS"
491203;2022-12-06;"terça-feira";"19:00:00";"SC";101;67;"ARAQUARI";"Reação tardia ou ineficiente do condutor";"Saída de leito carroçável";"Com Vítimas Feridas";"Plena Noite";"Crescente";"Chuva";"Dupla";"Curva";"Não";1;0;1;0;0;0;1;1;-26,48645;-48,73483602;"SPRF-SC";"DEL03-SC";"UOP02-DEL03-SC"
491204;2022-12-06;"terça-feira";"20:30:00";"SP";116;3,5;"QUELUZ";"Avarias e/ou desgaste excessivo no pneu";"Queda de ocupante de veículo";"Com Vítimas Feridas";"Plena Noite";"Crescente";"Chuva";"Dupla";"Reta";"Não";2;0;1;0;1;0;1;1;-22,52383208;-44,72621799;"SPRF-SP";"DEL08-SP";"UOP02-DEL08-SP"
491206;2022-12-06;"terça-feira";"19:20:00";"RJ";116;74,8;"TERESOPOLIS";"Ausência de reação do condutor";"Colisão traseira";"Sem Vítimas";"Plena Noite";"Decrescente";"Chuva";"Simples";"Curva";"Sim";2;0;0;0;2;0;0;2;-22,35343905;-42,94244164;"SPRF-RJ";"DEL04-RJ";"UOP01-DEL04-RJ"
491207;2022-12-06;"terça-feira";"16:00:00";"RJ";40;93;"DUQUE DE CAXIAS";"Pista Escorregadia";"Tombamento";"Com Vítimas Feridas";"Pleno dia";"Crescente";"Chuva";"Simples";"Curva";"Não";2;0;2;0;0;0;2;1;-22,5554282;-43,25829998;"SPRF-RJ";"DEL06-RJ";"UOP01-DEL06-RJ"
491208;2022-12-06;"terça-feira";"17:35:00";"MA";135;8;"SAO LUIS";"Condutor deixou de manter distância do veículo da frente";"Colisão traseira";"Sem Vítimas";"Pleno dia";"Decrescente";"Céu Claro";"Dupla";"Reta";"Sim";2;0;0;0;2;0;0;2;-2,64342093;-44,27374175;"SPRF-MA";"DEL01-MA";"UOP01-DEL01-MA"
491209;2022-12-06;"terça-feira";"20:20:00";"RS";386;216,3;"TIO HUGO";"Velocidade Incompatível";"Colisão lateral sentido oposto";"Com Vítimas Feridas";"Plena Noite";"Decrescente";"Céu Claro";"Simples";"Curva";"Não";3;0;0;1;2;0;1;2;-28,584908;-52,599743;"SPRF-RS";"DEL04-RS";"UOP03-DEL04-RS"
491210;2022-12-06;"terça-feira";"20:30:00";"SC";101;213;"PALHOCA";"Desrespeitar a preferência no cruzamento";"Colisão transversal";"Com Vítimas Feridas";"Plena Noite";"Decrescente";"Céu Claro";"Dupla";"Viaduto";"Não";2;0;1;0;1;0;1;2;-27,63697369;-48,66514142;"SPRF-SC";"DEL01-SC";"UOP02-DEL01-SC"
491211;2022-12-06;"terça-feira";"20:45:00";"PR";369;178;"ROLANDIA";"Acessar a via sem observar a presença dos outros veículos";"Colisão transversal";"Com Vítimas Feridas";"Plena Noite";"Crescente";"Céu Claro";"Dupla";"Reta";"Sim";2;0;1;0;1;0;1;2;-23,335493;-51,388672;"SPRF-PR";"DEL07-PR";"UOP01-DEL07-PR"
491213;2022-12-06;"terça-feira";"21:20:00";"RS";116;133,5;"CAXIAS DO SUL";"Ausência de reação do condutor";"Colisão com objeto";"Com Vítimas Feridas";"Plena Noite";"Decrescente";"Céu Claro";"Simples";"Declive;Curva";"Não";1;0;1;0;0;0;1;1;-29,05590302;-51,09689605;"SPRF-RS";"DEL05-RS";"UOP01-DEL05-RS"
491214;2022-12-06;"terça-feira";"19:30:00";"MA";135;1;"SAO LUIS";"Ausência de reação do condutor";"Colisão traseira";"Com Vítimas Feridas";"Plena Noite";"Crescente";"Céu Claro";"Dupla";"Reta";"Sim";2;0;0;1;1;0;1;2;-2,59371102;-44,24525857;"SPRF-MA";"DEL01-MA";"UOP01-DEL01-MA"
491215;2022-12-06;"terça-feira";"21:35:00";"SP";381;87;"SAO PAULO";"Ausência de reação do condutor";"Colisão com objeto";"Com Vítimas Feridas";"Plena Noite";"Decrescente";"Nublado";"Múltipla";"Reta";"Sim";2;0;2;0;0;0;2;1;-23,46885001;-46,56996601;"SPRF-SP";"DEL03-SP";"UOP01-DEL03-SP"
491216;2022-10-29;"sábado";"08:40:00";"BA";415;50;"ITABUNA";"Condutor deixou de manter distância do veículo da frente";"Colisão traseira";"Com Vítimas Feridas";"Pleno dia";"Crescente";"Ignorado";"Simples";"Reta";"Sim";1;0;1;0;0;0;1;1;-14,84060278;-39,32933807;"SPRF-BA";"DEL05-BA";"UOP01-DEL05-BA"
491217;2022-12-06;"terça-feira";"21:20:00";"PR";277;1;"PARANAGUA";"Mal súbito do condutor";"Colisão com objeto";"Com Vítimas Feridas";"Plena Noite";"Crescente";"Nublado";"Dupla";"Reta";"Não";1;0;1;0;0;0;1;1;-25,5561673;-48,56182337;"SPRF-PR";"DEL01-PR";"UOP05-DEL01-PR"
491220;2022-12-06;"terça-feira";"22:50:00";"ES";101;262,7;"SERRA";"Pista esburacada";"Tombamento";"Com Vítimas Feridas";"Plena Noite";"Decrescente";"Céu Claro";"Dupla";"Reta";"Sim";2;0;2;0;0;0;2;1;-20,1572331;-40,27678329;"SPRF-ES";"DEL02-ES";"UOP01-DEL02-ES"
491223;2022-12-06;"terça-feira";"18:45:00";"MS";262;28,2;"TRES LAGOAS";"Acessar a via sem observar a presença dos outros veículos";"Colisão transversal";"Com Vítimas Feridas";"Plena Noite";"Crescente";"Chuva";"Simples";"Reta";"Não";4;0;2;0;2;0;2;3;-20,80441675;-51,81916606;"SPRF-MS";"DEL07-MS";"UOP01-DEL07-MS"
491227;2022-12-06;"terça-feira";"19:30:00";"RJ";493;64;"NOVA IGUACU";"Iluminação deficiente";"Saída de leito carroçável";"Com Vítimas Feridas";"Plena Noite";"Crescente";"Chuva";"Dupla";"Rotatória";"Não";5;0;2;0;3;0;2;1;-22,68248667;-43,42875659;"SPRF-RJ";"DEL01-RJ";"UOP03-DEL01-RJ"
491228;2022-11-05;"sábado";"18:40:00";"SC";470;95,8;"APIUNA";"Transitar na contramão";"Colisão lateral sentido oposto";"Com Vítimas Feridas";"Anoitecer";"Crescente";"Nublado";"Simples";"Reta";"Não";3;0;2;0;0;1;2;3;-27,026621;-49,378124;"SPRF-SC";"DEL04-SC";"UOP01-DEL04-SC"
491229;2022-12-06;"terça-feira";"23:00:00";"RS";116;265;"CANOAS";"Conversão proibida";"Tombamento";"Com Vítimas Feridas";"Plena Noite";"Decrescente";"Céu Claro";"Dupla";"Reta";"Sim";2;0;1;0;0;1;1;2;-29,92342302;-51,17780944;"SPRF-RS";"DEL01-RS";"UOP01-DEL01-RS"
491230;2022-12-06;"terça-feira";"20:00:00";"RS";116;225;"DOIS IRMAOS";"Avarias e/ou desgaste excessivo no pneu";"Saída de leito carroçável";"Com Vítimas Feridas";"Plena Noite";"Crescente";"Céu Claro";"Simples";"Curva";"Não";3;0;1;1;1;0;2;1;-29,59367938;-51,10802293;"SPRF-RS";"DEL01-RS";"UOP02-DEL01-RS"
491232;2022-12-07;"quarta-feira";"01:00:00";"MG";40;517;"RIBEIRAO DAS NEVES";"Reação tardia ou ineficiente do condutor";"Saída de leito carroçável";"Com Vítimas Feridas";"Plena Noite";"Crescente";"Chuva";"Dupla";"Reta";"Sim";2;0;1;0;0;1;1;1;-19,83957589;-44,07684485;"SPRF-MG";"DEL01-MG";"UOP02-DEL01-MG"
491233;2022-12-06;"terça-feira";"23:40:00";"SP";153;223,9;"MARILIA";"Pista esburacada";"Tombamento";"Com Vítimas Feridas";"Plena Noite";"Crescente";"Nublado";"Simples";"Reta";"Não";2;0;2;0;0;0;2;1;-22,02316205;-49,90722425;"SPRF-SP";"DEL07-SP";"UOP02-DEL07-SP"
491234;2022-11-02;"quarta-feira";"22:40:00";"PR";153;454;"UNIAO DA VITORIA";"Objeto estático sobre o leito carroçável";"Colisão com objeto";"Com Vítimas Feridas";"Plena Noite";"Crescente";"Céu Claro";"Simples";"Ponte";"Não";1;0;1;0;0;0;1;1;-26,21150035;-51,12275546;"SPRF-PR";"DEL02-PR";"UOP03-DEL02-PR"
491235;2022-12-06;"terça-feira";"22:30:00";"SC";470;173,3;"POUSO REDONDO";"Desrespeitar a preferência no cruzamento";"Colisão transversal";"Com Vítimas Feridas";"Plena Noite";"Decrescente";"Garoa/Chuvisco";"Simples";"Interseção de Vias";"Não";2;0;2;0;0;0;2;2;-27,25984;-49,919285;"SPRF-SC";"DEL04-SC";"UOP02-DEL04-SC"
491236;2022-12-07;"quarta-feira";"01:05:00";"MS";60;540,2;"NIOAQUE";"Ausência de reação do condutor";"Saída de leito carroçável";"Com Vítimas Feridas";"Plena Noite";"Decrescente";"Céu Claro";"Simples";"Reta";"Não";2;0;2;0;0;0;2;1;-21,144754;-55,82692;"SPRF-MS";"DEL05-MS";"UOP01-DEL05-MS"
491238;2022-12-07;"quarta-feira";"00:10:00";"MG";40;211;"JOAO PINHEIRO";"Condutor Dormindo";"Saída de leito carroçável";"Com Vítimas Feridas";"Plena Noite";"Decrescente";"Nublado";"Simples";"Curva";"Não";1;0;1;0;0;0;1;1;-17,98037422;-45,7199549;"SPRF-MG";"DEL14-MG";"UOP02-DEL14-MG"
491243;2022-12-07;"quarta-feira";"04:10:00";"SP";153;72;"SAO JOSE DO RIO PRETO";"Ingestão de álcool pelo condutor";"Tombamento";"Sem Vítimas";"Amanhecer";"Decrescente";"Nublado";"Dupla";"Reta";"Não";2;0;0;0;2;0;0;2;-20,86715501;-49,41334398;"SPRF-SP";"DEL09-SP";"UOP01-DEL09-SP"
491244;2022-12-07;"quarta-feira";"01:00:00";"MA";222;556;"BOM JESUS DAS SELVAS";"Animais na Pista";"Atropelamento de Animal";"Com Vítimas Feridas";"Plena Noite";"Decrescente";"Céu Claro";"Simples";"Reta";"Não";13;0;7;1;5;0;8;1;-4,3990463;-46,73603892;"SPRF-MA";"DEL04-MA";"UOP03-DEL04-MA"
491247;2022-12-07;"quarta-feira";"06:14:00";"GO";153;511,8;"APARECIDA DE GOIANIA";"Pedestre cruzava a pista fora da faixa";"Atropelamento de Pedestre";"Com Vítimas Feridas";"Pleno dia";"Crescente";"Céu Claro";"Simples";"Reta";"Sim";3;0;0;1;1;1;1;2;-16,8067;-49,2394;"SPRF-GO";"DEL01-GO";"UOP03-DEL01-GO"
491251;2022-12-06;"terça-feira";"22:20:00";"MG";365;164;"BURITIZEIRO";"Reação tardia ou ineficiente do condutor";"Saída de leito carroçável";"Com Vítimas Feridas";"Plena Noite";"Crescente";"Nublado";"Simples";"Reta";"Não";2;0;0;1;1;0;1;1;-17,37659084;-44,95293512;"SPRF-MG";"DEL12-MG";"UOP01-DEL12-MG"
491255;2022-12-07;"quarta-feira";"07:20:00";"CE";116;9;"FORTALEZA";"Reação tardia ou ineficiente do condutor";"Colisão traseira";"Com Vítimas Feridas";"Pleno dia";"Crescente";"Céu Claro";"Múltipla";"Reta";"Sim";2;0;1;0;1;0;1;2;-3,82779096;-38,50486117;"SPRF-CE";"DEL01-CE";"UOP02-DEL01-CE"
491256;2022-12-06;"terça-feira";"23:15:00";"RO";364;343;"JI-PARANA";"Condutor Dormindo";"Queda de ocupante de veículo";"Com Vítimas Feridas";"Plena Noite";"Crescente";"Céu Claro";"Dupla";"Reta";"Sim";1;0;1;0;0;0;1;1;-10,87878519;-61,94499012;"SPRF-RO";"DEL02-RO";"UOP01-DEL02-RO"
491258;2022-12-07;"quarta-feira";"07:30:00";"SC";101;144;"ITAPEMA";"Reação tardia ou ineficiente do condutor";"Colisão traseira";"Com Vítimas Feridas";"Pleno dia";"Crescente";"Céu Claro";"Dupla";"Reta";"Não";2;0;1;0;1;0;1;2;-27,0732659;-48,59672716;"SPRF-SC";"DEL04-SC";"UOP03-DEL04-SC"
491259;2022-12-07;"quarta-feira";"08:10:00";"RN";101;98;"NATAL";"Manobra de mudança de faixa";"Colisão lateral mesmo sentido";"Com Vítimas Feridas";"Pleno dia";"Decrescente";"Céu Claro";"Múltipla";"Reta";"Sim";2;0;0;1;1;0;1;2;-5,86567888;-35,21651625;"SPRF-RN";"DEL01-RN";"UOP01-DEL01-RN"
491260;2022-12-07;"quarta-feira";"06:20:00";"SP";116;359,2;"MIRACATU";"Condutor Dormindo";"Saída de leito carroçável";"Com Vítimas Feridas";"Pleno dia";"Decrescente";"Céu Claro";"Dupla";"Aclive;Reta";"Não";1;0;1;0;0;0;1;1;-24,10919337;-47,2676897;"SPRF-SP";"DEL04-SP";"UOP03-DEL04-SP"
491264;2022-12-07;"quarta-feira";"08:00:00";"CE";116;14;"FORTALEZA";"Desrespeitar a preferência no cruzamento";"Colisão transversal";"Com Vítimas Feridas";"Pleno dia";"Decrescente";"Céu Claro";"Dupla";"Reta";"Sim";2;0;2;0;0;0;2;2;-3,86973356;-38,49827361;"SPRF-CE";"DEL01-CE";"UOP02-DEL01-CE"