"id";"data_inversa";"dia_semana";"horario";"uf";"br";"km";"municipio";"causa_acidente";"tipo_acidente";"classificacao_acidente";"fase_dia";"sentido_via";"condicao_metereologica";"tipo_pista";"tracado_via";"uso_solo";"pessoas";"mortos";"feridos_leves";"feridos_graves";"ilesos";"ignorados";"feridos";"veiculos";"latitude";"longitude";"regional";"delegacia";"uop"
491265;2022-12-07;"quarta-feira";"08:29:00";"SP";116;270;"TABOAO DA SERRA";"Trafegar com motocicleta (ou similar) entre as faixas";"Colisão lateral mesmo sentido";"Com Vítimas Feridas";"Pleno dia";"Decrescente";"Chuva";"Dupla";"Reta";"Sim";3;0;1;0;2;0;1;3;-23,61799728;-46,79677694;"SPRF-SP";"DEL04-SP";"UOP01-DEL04-SP"
491267;2022-12-03;"sábado";"12:40:00";"MG";381;943;"EXTREMA";"Reação tardia ou ineficiente do condutor";"Colisão com objeto";"Com Vítimas Feridas";"Pleno dia";"Crescente";"Nublado";"Dupla";"Reta";"Sim";1;0;1;0;0;0;1;1;-22,87018424;-46,3581479;"SPRF-MG";"DEL16-MG";"UOP03-DEL16-MG"
491268;2022-12-07;"quarta-feira";"08:25:00";"RS";153;44,8;"ERECHIM";"Mal súbito do condutor";"Saída de leito carroçável";"Com Vítimas Feridas";"Pleno dia";"Decrescente";"Céu Claro";"Simples";"Reta";"Não";1;0;1;0;0;0;1;1;-27,62312752;-52,23687793;"SPRF-RS";"DEL08-RS";"UOP04-DEL08-RS"
491269;2022-12-07;"quarta-feira";"06:00:00";"MA";316;566;"CAXIAS";"Ultrapassagem Indevida";"Saída de leito carroçável";"Com Vítimas Fatais";"Pleno dia";"Crescente";"Sol";"Simples";"Aclive";"Não";3;2;0;1;0;0;1;1;-4,90764;-43,233624;"SPRF-MA";"DEL03-MA";"UOP02-DEL03-MA"
491270;2022-12-07;"quarta-feira";"02:48:00";"RJ";116;137;"DUQUE DE CAXIAS";"Entrada inopinada do pedestre";"Atropelamento de Pedestre";"Com Vítimas Feridas";"Plena Noite";"Crescente";"Nublado";"Dupla";"Reta";"Sim";2;0;1;0;1;0;1;2;-22,64791994;-43,18200799;"SPRF-RJ";"DEL01-RJ";"UOP01-DEL01-RJ"
491271;2022-11-22;"terça-feira";"20:00:00";"RS";290;485,5;"ROSARIO DO SUL";"Animais na Pista";"Atropelamento de Animal";"Com Vítimas Feridas";"Plena Noite";"Decrescente";"Céu Claro";"Simples";"Reta";"Não";3;0;0;1;2;0;1;1;-30,240456;-54,971661;"SPRF-RS";"DEL11-RS";"UOP02-DEL11-RS"
491273;2022-12-07;"quarta-feira";"08:30:00";"MG";381;533;"ITATIAIUCU";"Velocidade Incompatível";"Saída de leito carroçável";"Com Vítimas Feridas";"Amanhecer";"Crescente";"Chuva";"Dupla";"Curva";"Não";2;0;1;1;0;0;2;1;-20,19896036;-44,38641307;"SPRF-MG";"DEL04-MG";"UOP03-DEL04-MG"
491274;2022-12-07;"quarta-feira";"07:30:00";"SC";101;331;"TUBARAO";"Manobra de mudança de faixa";"Colisão lateral mesmo sentido";"Com Vítimas Feridas";"Pleno dia";"Crescente";"Nublado";"Dupla";"Reta";"Não";2;0;1;0;1;0;1;2;-28,45567521;-48,9812689;"SPRF-SC";"DEL02-SC";"UOP01-DEL02-SC"
491277;2022-12-07;"quarta-feira";"06:10:00";"MA";316;566;"CAXIAS";"Reação tardia ou ineficiente do condutor";"Colisão traseira";"Com Vítimas Feridas";"Pleno dia";"Crescente";"Céu Claro";"Simples";"Aclive";"Não";3;0;1;0;2;0;1;2;-4,90764;-43,233624;"SPRF-MA";"DEL03-MA";"UOP02-DEL03-MA"
491279;2022-12-07;"quarta-feira";"08:40:00";"BA";324;612;"SALVADOR";"Condutor deixou de manter distância do veículo da frente";"Colisão traseira";"Sem Vítimas";"Pleno dia";"Crescente";"Céu Claro";"Dupla";"Reta";"Sim";3;0;0;0;3;0;0;3;-12,859929;-38,422233;"SPRF-BA";"DEL01-BA";"UOP01-DEL01-BA"
491280;2022-12-07;"quarta-feira";"09:10:00";"PE";101;51;"ABREU E LIMA";"Acessar a via sem observar a presença dos outros veículos";"Colisão transversal";"Com Vítimas Feridas";"Pleno dia";"Decrescente";"Céu Claro";"Múltipla";"Reta";"Sim";3;0;3;0;0;0;3;2;-7,9169968;-34,89689272;"SPRF-PE";"DEL01-PE";"UOP02-DEL01-PE"
491281;2022-12-07;"quarta-feira";"08:15:00";"PR";116;106;"SAO JOSE DOS PINHAIS";"Acessar a via sem observar a presença dos outros veículos";"Colisão lateral mesmo sentido";"Com Vítimas Feridas";"Pleno dia";"Crescente";"Nublado";"Dupla";"Reta";"Não";3;0;1;0;2;0;1;3;-25,56990518;-49,21948219;"SPRF-PR";"DEL01-PR";"UOP07-DEL01-PR"
491282;2022-12-07;"quarta-feira";"08:20:00";"MT";163;750;"SORRISO";"Acessar a via sem observar a presença dos outros veículos";"Colisão transversal";"Com Vítimas Feridas";"Pleno dia";"Crescente";"Céu Claro";"Dupla";"Interseção de Vias";"Sim";2;0;1;0;1;0;1;2;-12,572;-55,727;"SPRF-MT";"DEL06-MT";"UOP02-DEL06-MT"
491283;2022-12-07;"quarta-feira";"07:45:00";"RJ";40;118;"DUQUE DE CAXIAS";"Condutor Dormindo";"Colisão lateral sentido oposto";"Com Vítimas Feridas";"Pleno dia";"Decrescente";"Céu Claro";"Múltipla";"Curva;Viaduto;Retorno Regulamentado";"Sim";3;0;2;0;1;0;2;3;-22,763648;-43,286492;"SPRF-RJ";"DEL01-RJ";"UOP01-DEL01-RJ"
491284;2022-12-07;"quarta-feira";"08:50:00";"RJ";101;323;"NITEROI";"Ausência de reação do condutor";"Colisão lateral mesmo sentido";"Com Vítimas Feridas";"Pleno dia";"Crescente";"Nublado";"Simples";"Reta";"Sim";4;0;4;0;0;0;4;2;-22,87684786;-43,11728689;"SPRF-RJ";"DEL02-RJ";"UOP01-DEL02-RJ"
491285;2022-12-07;"quarta-feira";"09:30:00";"CE";116;6;"FORTALEZA";"Reação tardia ou ineficiente do condutor";"Colisão traseira";"Sem Vítimas";"Pleno dia";"Crescente";"Céu Claro";"Simples";"Viaduto";"Sim";2;0;0;0;2;0;0;2;-3,7999613;-38,50662947;"SPRF-CE";"DEL01-CE";"UOP02-DEL01-CE"
491286;2022-12-07;"quarta-feira";"09:50:00";"CE";116;6;"FORTALEZA";"Manobra de mudança de faixa";"Colisão lateral mesmo sentido";"Com Vítimas Feridas";"Pleno dia";"Crescente";"Céu Claro";"Dupla";"Reta";"Sim";2;0;1;1;0;0;2;1;-3,802624;-38,50400499;"SPRF-CE";"DEL01-CE";"UOP02-DEL01-CE"
491287;2022-12-07;"quarta-feira";"08:30:00";"BA";101;183;"SAO GONCALO DOS CAMPOS";"Frear bruscamente";"Colisão traseira";"Sem Vítimas";"Pleno dia";"Crescente";"Céu Claro";"Simples";"Reta";"Não";2;0;0;0;2;0;0;2;-12,444502;-38,921634;"SPRF-BA";"DEL01-BA";"UOP03-DEL01-BA"
491288;2022-11-21;"segunda-feira";"20:00:00";"DF";70;12;"BRASILIA";"Manobra de mudança de faixa";"Colisão lateral mesmo sentido";"Com Vítimas Feridas";"Plena Noite";"Crescente";"Céu Claro";"Dupla";"Reta";"Sim";4;0;2;0;0;2;2;3;-15,792243;-48,158543;"SPRF-DF";"DEL03-DF";"UOP02-DEL03-DF"
491290;2022-11-22;"terça-feira";"16:40:00";"RO";364;1037;"PORTO VELHO";"Acumulo de água sobre o pavimento";"Saída de leito carroçável";"Com Vítimas Feridas";"Pleno dia";"Crescente";"Chuva";"Simples";"Reta";"Não";3;0;1;0;2;0;1;1;-9,77025216;-66,328361;"SPRF-RO";"DEL01-RO";"UOP03-DEL01-RO"
491292;2022-12-07;"quarta-feira";"10:44:00";"ES";101;268;"SERRA";"Pedestre cruzava a pista fora da faixa";"Atropelamento de Pedestre";"Com Vítimas Feridas";"Pleno dia";"Crescente";"Nublado";"Dupla";"Reta";"Não";2;0;2;0;0;0;2;2;-20,20842;-40,269405;"SPRF-ES";"DEL02-ES";"UOP01-DEL02-ES"
491294;2022-12-07;"quarta-feira";"07:30:00";"RO";364;424;"JARU";"Frear bruscamente";"Tombamento";"Com Vítimas Feridas";"Pleno dia";"Decrescente";"Céu Claro";"Dupla";"Interseção de Vias";"Sim";1;0;1;0;0;0;1;1;-10,44457274;-62,46568412;"SPRF-RO";"DEL03-RO";"UOP02-DEL03-RO"
491295;2022-12-03;"sábado";"17:25:00";"MG";381;656,4;"SANTO ANTONIO DO AMPARO";"Acumulo de água sobre o pavimento";"Saída de leito carroçável";"Com Vítimas Feridas";"Pleno dia";"Crescente";"Chuva";"Dupla";"Declive;Curva";"Não";1;0;1;0;0;0;1;1;-21,00645107;-44,97543296;"SPRF-MG";"DEL04-MG";"UOP02-DEL04-MG"
491297;2022-11-23;"quarta-feira";"18:05:00";"MG";116;374,3;"FREI INOCENCIO";"Retorno proibido";"Colisão transversal";"Com Vítimas Feridas";"Anoitecer";"Crescente";"Garoa/Chuvisco";"Simples";"Reta";"Sim";2;0;1;0;0;1;1;2;-18,569222;-41,907903;"SPRF-MG";"DEL11-MG";"UOP01-DEL11-MG"
491298;2022-12-07;"quarta-feira";"07:20:00";"RJ";101;479;"ANGRA DOS REIS";"Reação tardia ou ineficiente do condutor";"Colisão traseira";"Com Vítimas Feridas";"Pleno dia";"Crescente";"Nublado";"Simples";"Reta";"Não";3;0;0;2;1;0;2;2;-23,00854164;-44,27562028;"SPRF-RJ";"DEL03-RJ";"UOP03-DEL03-RJ"
491300;2022-12-07;"quarta-feira";"09:30:00";"RJ";493;94;"JAPERI";"Reação tardia ou ineficiente do condutor";"Saída de leito carroçável";"Com Vítimas Feridas";"Pleno dia";"Decrescente";"Nublado";"Dupla";"Reta";"Não";1;0;0;1;0;0;1;1;-22,68211252;-43,66568148;"SPRF-RJ";"DEL03-RJ";"UOP01-DEL03-RJ"
491303;2022-12-07;"quarta-feira";"09:30:00";"SC";282;339;"CAMPOS NOVOS";"Desrespeitar a preferência no cruzamento";"Colisão transversal";"Com Vítimas Feridas";"Pleno dia";"Decrescente";"Céu Claro";"Simples";"Reta";"Não";3;0;1;0;2;0;1;2;-27,392731;-51,195118;"SPRF-SC";"DEL07-SC";"UOP06-DEL07-SC"
491304;2022-11-28;"segunda-feira";"10:06:00";"MS";376;54,8;"JATEI";"Animais na Pista";"Capotamento";"Com Vítimas Feridas";"Pleno dia";"Crescente";"Céu Claro";"Simples";"Reta";"Não";2;0;2;0;0;0;2;1;-22,47768518;-54,26570468;"SPRF-MS";"DEL04-MS";"UOP01-DEL04-MS"
491305;2022-12-07;"quarta-feira";"10:45:00";"RS";290;218;"PANTANO GRANDE";"Desrespeitar a preferência no cruzamento";"Colisão transversal";"Com Vítimas Feridas";"Pleno dia";"Decrescente";"Céu Claro";"Simples";"Reta";"Não";3;0;3;0;0;0;3;2;-30,195177;-52,396629;"SPRF-RS";"DEL02-RS";"UOP03-DEL02-RS"
491306;2022-12-07;"quarta-feira";"09:00:00";"RS";285;123,2;"VACARIA";"Acessar a via sem observar a presença dos outros veículos";"Colisão transversal";"Com Vítimas Feridas";"Pleno dia";"Crescente";"Sol";"Simples";"Reta";"Sim";2;0;2;0;0;0;2;2;-28,49524701;-50,95373154;"SPRF-RS";"DEL05-RS";"UOP03-DEL05-RS"
491307;2022-12-07;"quarta-feira";"11:15:00";"MG";381;780,1;"CAMPANHA";"Condutor deixou de manter distância do veículo da frente";"Colisão lateral mesmo sentido";"Com Vítimas Feridas";"Pleno dia";"Decrescente";"Chuva";"Dupla";"Curva";"Não";3;0;1;1;1;0;2;2;-21,84206093;-45,51803619;"SPRF-MG";"DEL16-MG";"UOP02-DEL16-MG"
491308;2022-12-07;"quarta-feira";"11:15:00";"RS";386;431,9;"NOVA SANTA RITA";"Reação tardia ou ineficiente do condutor";"Capotamento";"Com Vítimas Feridas";"Pleno dia";"Crescente";"Céu Claro";"Simples";"Retorno Regulamentado";"Não";4;0;3;1;0;0;4;1;-29,833067;-51,313625;"SPRF-RS";"DEL01-RS";"UOP01-DEL01-RS"
491310;2022-12-07;"quarta-feira";"11:40:00";"SC";101;214,5;"PALHOCA";"Reação tardia ou ineficiente do condutor";"Colisão lateral mesmo sentido";"Com Vítimas Feridas";"Pleno dia";"Decrescente";"Sol";"Múltipla";"Reta;Interseção de Vias";"Sim";2;0;1;0;1;0;1;2;-27,64443;-48,67057;"SPRF-SC";"DEL01-SC";"UOP02-DEL01-SC"
491312;2022-12-07;"quarta-feira";"12:10:00";"RN";101;96;"NATAL";"Acessar a via sem observar a presença dos outros veículos";"Colisão lateral mesmo sentido";"Com Vítimas Feridas";"Pleno dia";"Crescente";"Céu Claro";"Dupla";"Interseção de Vias";"Sim";2;0;1;0;1;0;1;2;-5,85428346;-35,21156251;"SPRF-RN";"DEL01-RN";"UOP01-DEL01-RN"
491313;2022-12-07;"quarta-feira";"11:50:00";"BA";407;2;"JUAZEIRO";"Acessar a via sem observar a presença dos outros veículos";"Colisão transversal";"Sem Vítimas";"Pleno dia";"Decrescente";"Céu Claro";"Simples";"Rotatória";"Sim";2;0;0;0;2;0;0;2;-9,42469514;-40,50572813;"SPRF-PE";"DEL06-PE";"UOP01-DEL06-PE"
491314;2022-10-14;"sexta-feira";"19:30:00";"PR";277;6;"FOZ DO IGUACU";"Condutor deixou de manter distância do veículo da frente";"Queda de ocupante de veículo";"Com Vítimas Feridas";"Amanhecer";"Crescente";"Céu Claro";"Dupla";"Retorno Regulamentado";"Sim";2;0;1;0;1;0;1;2;-25,50749887;-54,58379896;"SPRF-PR";"DEL05-PR";"UOP03-DEL05-PR"
491315;2022-12-07;"quarta-feira";"09:00:00";"PR";476;123;"CURITIBA";"Reação tardia ou ineficiente do condutor";"Colisão traseira";"Sem Vítimas";"Pleno dia";"Crescente";"Céu Claro";"Dupla";"Reta;Em Obras";"Sim";3;0;0;0;2;1;0;3;-25,392904;-49,209557;"SPRF-PR";"DEL01-PR";"UOP01-DEL01-PR"
491316;2022-12-07;"quarta-feira";"11:50:00";"RS";386;383;"TABAI";"Manobra de mudança de faixa";"Queda de ocupante de veículo";"Com Vítimas Feridas";"Pleno dia";"Crescente";"Céu Claro";"Dupla";"Reta";"Não";1;0;1;0;0;0;1;1;-29,668146;-51,736362;"SPRF-RS";"DEL04-RS";"NPF/DEL04-RS"
491317;2022-12-04;"domingo";"04:30:00";"MG";365;747,5;"ITUIUTABA";"Chuva";"Saída de leito carroçável";"Sem Vítimas";"Plena Noite";"Crescente";"Chuva";"Simples";"Reta";"Não";1;0;0;0;1;0;0;1;-18,93447;-49,428948;"SPRF-MG";"DEL15-MG";"UOP03-DEL15-MG"
491318;2022-12-07;"quarta-feira";"12:40:00";"MG";381;451;"SABARA";"Falta de elemento de contenção que evite a saída do leito carroçável";"Queda de ocupante de veículo";"Com Vítimas Feridas";"Pleno dia";"Decrescente";"Chuva";"Simples";"Aclive;Reta";"Não";1;0;0;1;0;0;1;1;-19,83832024;-43,8806931;"SPRF-MG";"DEL01-MG";"UOP01-DEL01-MG"
491319;2022-12-07;"quarta-feira";"12:10:00";"PE";424;90;"GARANHUNS";"Conversão proibida";"Colisão transversal";"Com Vítimas Feridas";"Pleno dia";"Decrescente";"Céu Claro";"Simples";"Reta";"Sim";2;0;0;1;1;0;1;2;-8,89635706;-36,50157593;"SPRF-PE";"DEL03-PE";"UOP01-DEL03-PE"
491322;2022-12-07;"quarta-feira";"12:30:00";"PI";0;0;"TERESINA";"Ausência de reação do condutor";"Colisão traseira";"Sem Vítimas";"Pleno dia";"Não Informado";"Sol";"Dupla";"Reta";"Sim";2;0;0;0;2;0;0;2;-5,086416;-42,802502;"SPRF-PI";"DEL01-PI";"N/A"
491327;2022-12-07;"quarta-feira";"12:30:00";"MS";158;197,2;"SELVIRIA";"Afundamento ou ondulação no pavimento";"Tombamento";"Com Vítimas Fatais";"Pleno dia";"Decrescente";"Céu Claro";"Simples";"Reta";"Sim";3;1;1;0;0;1;1;2;-20,369189;-51,421623;"SPRF-MS";"DEL07-MS";"UOP01-DEL07-MS"
491328;2022-12-07;"quarta-feira";"13:25:00";"SP";153;62;"SAO JOSE DO RIO PRETO";"Manobra de mudança de faixa";"Colisão lateral mesmo sentido";"Com Vítimas Feridas";"Pleno dia";"Crescente";"Céu Claro";"Dupla";"Reta";"Sim";2;0;1;0;1;0;1;2;-20,81325404;-49,35675563;"SPRF-SP";"DEL09-SP";"UOP01-DEL09-SP"
491329;2022-12-07;"quarta-feira";"12:30:00";"PR";476;132;"CURITIBA";"Condutor deixou de manter distância do veículo da frente";"Engavetamento";"Com Vítimas Feridas";"Pleno dia";"Crescente";"Céu Claro";"Múltipla";"Reta";"Sim";4;0;1;0;3;0;1;3;-25,460718;-49,250488;"SPRF-PR";"DEL01-PR";"UOP03-DEL01-PR"
491330;2022-12-07;"quarta-feira";"12:50:00";"PE";104;61,8;"CARUARU";"Acessar a via sem observar a presença dos outros veículos";"Colisão traseira";"Com Vítimas Feridas";"Pleno dia";"Decrescente";"Sol";"Dupla";"Reta";"Sim";4;0;2;0;2;0;2;2;-8,245105;-35,974959;"SPRF-PE";"DEL02-PE";"UOP01-DEL02-PE"
491332;2022-12-07;"quarta-feira";"13:30:00";"RN";304;63;"MOSSORO";"Avarias e/ou desgaste excessivo no pneu";"Tombamento";"Com Vítimas Feridas";"Pleno dia";"Crescente";"Céu Claro";"Simples";"Reta";"Não";1;0;1;0;0;0;1;1;-5,351148;-37,25434;"SPRF-RN";"DEL04-RN";"UOP01-DEL04-RN"
491336;2022-12-07;"quarta-feira";"09:20:00";"SC";470;115,7;"IBIRAMA";"Ingestão de álcool e/ou substâncias psicoativas pelo pedestre";"Colisão transversal";"Com Vítimas Feridas";"Pleno dia";"Crescente";"Céu Claro";"Simples";"Ponte";"Sim";2;0;1;0;1;0;1;2;-27,080416;-49,485348;"SPRF-SC";"DEL04-SC";"UOP02-DEL04-SC"
491337;2022-12-04;"domingo";"00:40:00";"MG";381;900;"CAMBUI";"Ingestão de álcool pelo condutor";"Colisão com objeto";"Sem Vítimas";"Plena Noite";"Decrescente";"Garoa/Chuvisco";"Múltipla";"Reta";"Não";1;0;0;0;1;0;0;1;-22,66197715;-46,08921986;"SPRF-MG";"DEL16-MG";"UOP03-DEL16-MG"
491343;2022-12-07;"quarta-feira";"14:30:00";"GO";414;383;"CORUMBA DE GOIAS";"Avarias e/ou desgaste excessivo no pneu";"Saída de leito carroçável";"Sem Vítimas";"Pleno dia";"Crescente";"Chuva";"Simples";"Declive";"Não";1;0;0;0;0;1;0;1;-15,86047004;-48,77016595;"SPRF-GO";"DEL02-GO";"UOP01-DEL02-GO"
491344;2022-12-07;"quarta-feira";"14:00:00";"RS";290;39;"SANTO ANTONIO DA PATRULHA";"Reação tardia ou ineficiente do condutor";"Saída de leito carroçável";"Com Vítimas Feridas";"Pleno dia";"Crescente";"Céu Claro";"Dupla";"Reta";"Não";2;0;1;0;1;0;1;1;-29,88627171;-50,64757347;"SPRF-RS";"DEL03-RS";"UOP01-DEL03-RS"
491347;2022-12-07;"quarta-feira";"14:00:00";"PR";277;721;"FOZ DO IGUACU";"Desrespeitar a preferência no cruzamento";"Colisão lateral mesmo sentido";"Com Vítimas Feridas";"Pleno dia";"Crescente";"Céu Claro";"Dupla";"Interseção de Vias";"Sim";4;0;1;0;1;2;1;3;-25,4911505;-54,51185421;"SPRF-PR";"DEL05-PR";"UOP03-DEL05-PR"
491349;2022-09-15;"quinta-feira";"06:24:00";"RJ";116;253,5;"PIRAI";"Ausência de reação do condutor";"Saída de leito carroçável";"Com Vítimas Fatais";"Pleno dia";"Crescente";"Chuva";"Simples";"Reta";"Sim";2;1;1;0;0;0;1;1;-22,58099934;-43,97818317;"SPRF-RJ";"DEL07-RJ";"UOP02-DEL07-RJ"
491350;2022-12-07;"quarta-feira";"09:30:00";"MA";135;5;"SAO LUIS";"Manobra de mudança de faixa";"Colisão lateral mesmo sentido";"Com Vítimas Feridas";"Pleno dia";"Crescente";"Céu Claro";"Dupla";"Reta";"Sim";2;0;1;0;1;0;1;2;-2,63191956;-44,31383729;"SPRF-MA";"DEL01-MA";"UOP01-DEL01-MA"
491351;2022-12-07;"quarta-feira";"14:40:00";"RJ";40;107;"DUQUE DE CAXIAS";"Reação tardia ou ineficiente do condutor";"Colisão traseira";"Com Vítimas Feridas";"Pleno dia";"Decrescente";"Chuva";"Dupla";"Reta";"Não";3;0;1;0;2;0;1;2;-22,65581497;-43,28378546;"SPRF-RJ";"DEL01-RJ";"UOP01-DEL01-RJ"
491352;2022-12-07;"quarta-feira";"13:50:00";"GO";60;446;"JATAI";"Velocidade Incompatível";"Saída de leito carroçável";"Com Vítimas Feridas";"Pleno dia";"Decrescente";"Céu Claro";"Dupla";"Reta";"Não";2;0;1;0;0;1;1;2;-17,8475;-51,4878;"SPRF-GO";"DEL05-GO";"UOP01-DEL05-GO"
491355;2022-12-07;"quarta-feira";"13:00:00";"RJ";40;37;"AREAL";"Reação tardia ou ineficiente do condutor";"Saída de leito carroçável";"Com Vítimas Feridas";"Pleno dia";"Decrescente";"Nublado";"Simples";"Curva";"Sim";1;0;1;0;0;0;1;1;-22,22225309;-43,12711619;"SPRF-RJ";"DEL05-RJ";"UOP02-DEL05-RJ"
491356;2022-12-07;"quarta-feira";"15:35:00";"AP";210;3;"MACAPA";"Pedestre cruzava a pista fora da faixa";"Atropelamento de Pedestre";"Com Vítimas Feridas";"Pleno dia";"Decrescente";"Céu Claro";"Dupla";"Reta";"Sim";4;0;1;0;2;1;1;2;0,08486506;-51,08131886;"SPRF-AP";"DEL01-AP";"UOP01-DEL01-AP"
491360;2022-12-07;"quarta-feira";"12:15:00";"PR";116;132,2;"CURITIBA";"Reação tardia ou ineficiente do condutor";"Saída de leito carroçável";"Com Vítimas Feridas";"Pleno dia";"Crescente";"Sol";"Múltipla";"Reta";"Sim";1;0;0;1;0;0;1;1;-25,46195972;-49,25083836;"SPRF-PR";"DEL01-PR";"UOP03-DEL01-PR"
491361;2022-12-07;"quarta-feira";"15:33:00";"MG";381;592,4;"CARMOPOLIS DE MINAS";"Velocidade Incompatível";"Saída de leito carroçável";"Com Vítimas Feridas";"Pleno dia";"Decrescente";"Chuva";"Dupla";"Declive";"Não";1;0;1;0;0;0;1;1;-20,57880683;-44,6872411;"SPRF-MG";"DEL04-MG";"UOP01-DEL04-MG"
491362;2022-12-07;"quarta-feira";"15:55:00";"MG";40;793,2;"JUIZ DE FORA";"Reação tardia ou ineficiente do condutor";"Saída de leito carroçável";"Com Vítimas Feridas";"Pleno dia";"Crescente";"Chuva";"Dupla";"Curva";"Não";2;0;1;0;1;0;1;1;-21,79449311;-43,41425031;"SPRF-MG";"DEL05-MG";"UOP01-DEL05-MG"
491367;2022-12-07;"quarta-feira";"11:25:00";"PR";277;624,1;"CEU AZUL";"Ultrapassagem Indevida";"Tombamento";"Com Vítimas Feridas";"Pleno dia";"Decrescente";"Céu Claro";"Simples";"Reta";"Não";1;0;1;0;0;0;1;1;-25,1044047;-53,74049119;"SPRF-PR";"DEL05-PR";"UOP02-DEL05-PR"
491368;2022-12-07;"quarta-feira";"16:00:00";"MG";50;10,4;"ARAGUARI";"Velocidade Incompatível";"Colisão com objeto";"Com Vítimas Feridas";"Pleno dia";"Decrescente";"Chuva";"Dupla";"Reta;Declive";"Não";2;0;2;0;0;0;2;1;-18,50601025;-48,04052945;"SPRF-MG";"DEL15-MG";"UOP02-DEL15-MG"
491371;2022-12-07;"quarta-feira";"17:00:00";"GO";60;380;"RIO VERDE";"Reação tardia ou ineficiente do condutor";"Colisão traseira";"Com Vítimas Feridas";"Pleno dia";"Decrescente";"Céu Claro";"Dupla";"Aclive";"Sim";2;0;1;0;1;0;1;2;-17,7646;-50,8822;"SPRF-GO";"DEL04-GO";"UOP02-DEL04-GO"
491374;2022-12-07;"quarta-feira";"17:40:00";"DF";70;8;"BRASILIA";"Acesso irregular";"Colisão traseira";"Com Vítimas Feridas";"Pleno dia";"Decrescente";"Céu Claro";"Dupla";"Reta";"Sim";2;0;1;0;1;0;1;2;-15,784966;-48,122108;"SPRF-DF";"DEL03-DF";"UOP02-DEL03-DF"
491375;2022-12-07;"quarta-feira";"16:50:00";"GO";153;12;"PORANGATU";"Reação tardia ou ineficiente do condutor";"Queda de ocupante de veículo";"Com Vítimas Feridas";"Pleno dia";"Crescente";"Céu Claro";"Múltipla";"Reta";"Não";1;0;1;0;0;0;1;1;-12,937645;-49,130703;"SPRF-GO";"DEL07-GO";"UOP01-DEL07-GO"
491376;2022-12-07;"quarta-feira";"17:10:00";"PR";277;656,7;"MATELANDIA";"Acessar a via sem observar a presença dos outros veículos";"Atropelamento de Pedestre";"Com Vítimas Feridas";"Pleno dia";"Crescente";"Céu Claro";"Dupla";"Reta";"Sim";2;0;0;1;1;0;1;2;-25,23423637;-53,96184188;"SPRF-PR";"DEL05-PR";"UOP02-DEL05-PR"
491377;2022-12-07;"quarta-feira";"15:25:00";"RJ";101;485,5;"ANGRA DOS REIS";"Reação tardia ou ineficiente do condutor";"Colisão traseira";"Com Vítimas Feridas";"Pleno dia";"Decrescente";"Chuva";"Simples";"Reta";"Não";2;0;1;0;1;0;1;2;-22,98573526;-44,29709764;"SPRF-RJ";"DEL03-RJ";"UOP03-DEL03-RJ"
491378;2022-12-07;"quarta-feira";"17:30:00";"RS";116;233;"ESTANCIA VELHA";"Ausência de reação do condutor";"Colisão traseira";"Sem Vítimas";"Pleno dia";"Crescente";"Céu Claro";"Simples";"Reta";"Sim";2;0;0;0;2;0;0;2;-29,64206007;-51,14268362;"SPRF-RS";"DEL01-RS";"UOP02-DEL01-RS"
491379;2022-12-07;"quarta-feira";"17:00:00";"SP";116;145;"SAO JOSE DOS CAMPOS";"Reação tardia ou ineficiente do condutor";"Colisão lateral mesmo sentido";"Com Vítimas Feridas";"Anoitecer";"Decrescente";"Nublado";"Dupla";"Reta";"Não";2;0;1;0;1;0;1;2;-23,1869844;-45,8548078;"SPRF-SP";"DEL02-SP";"UOP01-DEL02-SP"
491380;2022-12-07;"quarta-feira";"17:20:00";"RS";470;222,3;"GARIBALDI";"Manobra de mudança de faixa";"Colisão traseira";"Com Vítimas Feridas";"Pleno dia";"Crescente";"Céu Claro";"Múltipla";"Reta";"Sim";2;0;1;0;1;0;1;2;-29,2037283547;-51,5178690839;"SPRF-RS";"DEL06-RS";"UOP01-DEL06-RS"
491382;2022-12-07;"quarta-feira";"17:30:00";"PR";369;56,5;"BANDEIRANTES";"Desrespeitar a preferência no cruzamento";"Colisão transversal";"Com Vítimas Feridas";"Pleno dia";"Crescente";"Céu Claro";"Simples";"Interseção de Vias";"Sim";2;0;0;1;1;0;1;2;-23,11099661;-50,3685379;"SPRF-PR";"DEL07-PR";"UOP05-DEL07-PR"
491383;2022-12-07;"quarta-feira";"18:00:00";"MG";381;510;"SAO JOAQUIM DE BICAS";"Velocidade Incompatível";"Saída de leito carroçável";"Com Vítimas Feridas";"Anoitecer";"Crescente";"Chuva";"Dupla";"Reta";"Sim";1;0;1;0;0;0;1;1;-20,07738209;-44,30434488;"SPRF-MG";"DEL01-MG";"UOP03-DEL01-MG"
491384;2022-12-07;"quarta-feira";"17:50:00";"RJ";116;220;"PARACAMBI";"Acumulo de areia ou detritos sobre o pavimento";"Colisão com objeto";"Sem Vítimas";"Anoitecer";"Decrescente";"Nublado";"Dupla";"Curva";"Não";1;0;0;0;1;0;0;1;-22,69305776;-43,77362606;"SPRF-RJ";"DEL07-RJ";"UOP01-DEL07-RJ"
491385;2022-12-07;"quarta-feira";"15:21:00";"RJ";101;409;"ITAGUAI";"Acessar a via sem observar a presença dos outros veículos";"Colisão frontal";"Sem Vítimas";"Pleno dia";"Decrescente";"Nublado";"Simples";"Interseção de Vias";"Sim";2;0;0;0;2;0;0;2;-22,88503992;-43,83250205;"SPRF-RJ";"DEL03-RJ";"UOP01-DEL03-RJ"