"id";"data_inversa";"dia_semana";"horario";"uf";"br";"km";"municipio";"causa_acidente";"tipo_acidente";"classificacao_acidente";"fase_dia";"sentido_via";"condicao_metereologica";"tipo_pista";"tracado_via";"uso_solo";"pessoas";"mortos";"feridos_leves";"feridos_graves";"ilesos";"ignorados";"feridos";"veiculos";"latitude";"longitude";"regional";"delegacia";"uop"
491387;2022-12-07;"quarta-feira";"17:30:00";"SP";116;283,2;"EMBU DAS ARTES";"Reação tardia ou ineficiente do condutor";"Colisão transversal";"Sem Vítimas";"Pleno dia";"Decrescente";"Nublado";"Dupla";"Reta";"Sim";6;0;0;0;6;0;0;3;-23,69297005;-46,86352786;"SPRF-SP";"DEL04-SP";"UOP01-DEL04-SP"
491388;2022-12-07;"quarta-feira";"14:10:00";"AC";364;50;"SENADOR GUIOMARD";"Animais na Pista";"Capotamento";"Com Vítimas Feridas";"Pleno dia";"Decrescente";"Céu Claro";"Simples";"Reta";"Não";1;0;1;0;0;0;1;1;-9,99189697;-67,17781602;"SPRF-AC";"DEL01-AC";"UOP03-DEL01-AC"
491389;2022-11-13;"domingo";"19:56:00";"MT";174;4;"PONTES E LACERDA";"Velocidade Incompatível";"Colisão frontal";"Com Vítimas Feridas";"Plena Noite";"Crescente";"Céu Claro";"Simples";"Reta";"Sim";2;0;0;1;1;0;1;2;-15,226537;-59,335728;"SPRF-MT";"DEL04-MT";"UOP01-DEL04-MT"
491390;2022-12-07;"quarta-feira";"16:00:00";"MT";364;1225;"COMODORO";"Ultrapassagem Indevida";"Capotamento";"Com Vítimas Feridas";"Pleno dia";"Crescente";"Nublado";"Simples";"Reta";"Não";1;0;1;0;0;0;1;1;-13,81668419;-59,55313695;"SPRF-MT";"DEL04-MT";"UOP01-DEL04-MT"
491391;2022-12-07;"quarta-feira";"18:20:00";"RS";116;251;"SAPUCAIA DO SUL";"Ausência de reação do condutor";"Colisão traseira";"Com Vítimas Feridas";"Pleno dia";"Crescente";"Céu Claro";"Múltipla";"Reta";"Sim";2;0;1;0;1;0;1;2;-29,80035406;-51,16550365;"SPRF-RS";"DEL01-RS";"UOP02-DEL01-RS"
491392;2022-12-07;"quarta-feira";"18:30:00";"SP";116;73;"APARECIDA";"Avarias e/ou desgaste excessivo no pneu";"Tombamento";"Com Vítimas Feridas";"Anoitecer";"Decrescente";"Nublado";"Dupla";"Aclive;Curva";"Não";2;0;2;0;0;0;2;1;-22,87025771;-45,24468185;"SPRF-SP";"DEL08-SP";"UOP01-DEL08-SP"
491393;2022-12-07;"quarta-feira";"15:41:00";"MG";381;592;"CARMOPOLIS DE MINAS";"Chuva";"Colisão com objeto";"Com Vítimas Feridas";"Pleno dia";"Decrescente";"Chuva";"Dupla";"Declive;Curva";"Não";2;0;1;0;1;0;1;1;-20,560318;-44,663582;"SPRF-MG";"DEL04-MG";"UOP01-DEL04-MG"
491394;2022-12-07;"quarta-feira";"18:15:00";"PE";101;67;"RECIFE";"Trafegar com motocicleta (ou similar) entre as faixas";"Queda de ocupante de veículo";"Sem Vítimas";"Plena Noite";"Decrescente";"Céu Claro";"Múltipla";"Reta";"Sim";1;0;0;0;0;1;0;1;-8,042334;-34,943096;"SPRF-PE";"DEL01-PE";"UOP01-DEL01-PE"
491395;2022-12-07;"quarta-feira";"17:10:00";"SC";101;152;"PORTO BELO";"Acessar a via sem observar a presença dos outros veículos";"Colisão traseira";"Com Vítimas Feridas";"Pleno dia";"Decrescente";"Sol";"Dupla";"Reta";"Sim";2;0;0;1;1;0;1;2;-27,13563503;-48,61004665;"SPRF-SC";"DEL04-SC";"UOP03-DEL04-SC"
491396;2022-12-07;"quarta-feira";"18:10:00";"PE";104;69,7;"CARUARU";"Reação tardia ou ineficiente do condutor";"Colisão com objeto";"Com Vítimas Feridas";"Plena Noite";"Crescente";"Céu Claro";"Dupla";"Retorno Regulamentado";"Não";2;0;2;0;0;0;2;1;-8,3196;-35,9912;"SPRF-PE";"DEL02-PE";"UOP01-DEL02-PE"
491397;2022-12-07;"quarta-feira";"07:40:00";"TO";0;0;"PARAISO DO TOCANTINS";"Transitar na contramão";"Colisão frontal";"Com Vítimas Feridas";"Pleno dia";"Não Informado";"Céu Claro";"Simples";"Aclive;Reta;Interseção de Vias";"Sim";2;0;1;0;0;1;1;2;-10,1808262;-48,88001919;"SPRF-TO";"DEL01-TO";"UOP01-DEL01-TO"
491398;2022-12-07;"quarta-feira";"13:30:00";"MG";354;705;"CAXAMBU";"Velocidade Incompatível";"Colisão frontal";"Com Vítimas Feridas";"Pleno dia";"Decrescente";"Chuva";"Simples";"Curva";"Sim";3;0;3;0;0;0;3;2;-21,9911305;-44,92409533;"SPRF-MG";"DEL17-MG";"UOP01-DEL17-MG"
491399;2022-12-07;"quarta-feira";"17:55:00";"PA";163;326;"NOVO PROGRESSO";"Velocidade Incompatível";"Saída de leito carroçável";"Sem Vítimas";"Anoitecer";"Decrescente";"Céu Claro";"Simples";"Reta";"Não";2;0;0;0;2;0;0;1;-6,92701207;-55,43821649;"SPRF-PA";"DEL05-PA";"UOP01-DEL05-PA"
491402;2022-12-07;"quarta-feira";"18:45:00";"MT";364;269;"JACIARA";"Acessar a via sem observar a presença dos outros veículos";"Colisão transversal";"Com Vítimas Feridas";"Plena Noite";"Crescente";"Céu Claro";"Simples";"Reta";"Sim";2;0;1;0;1;0;1;2;-15,974228;-54,938;"SPRF-MT";"DEL02-MT";"UOP01-DEL02-MT"
491403;2022-12-07;"quarta-feira";"17:19:00";"SC";116;71;"MONTE CASTELO";"Mal súbito do condutor";"Colisão traseira";"Com Vítimas Feridas";"Plena Noite";"Decrescente";"Nublado";"Simples";"Interseção de Vias";"Não";3;0;1;0;2;0;1;2;-26,47804399;-50,23238915;"SPRF-SC";"DEL06-SC";"UOP02-DEL06-SC"
491405;2022-12-07;"quarta-feira";"20:10:00";"DF";20;57;"BRASILIA";"Acessar a via sem observar a presença dos outros veículos";"Colisão transversal";"Com Vítimas Feridas";"Plena Noite";"Crescente";"Nublado";"Dupla";"Reta";"Não";2;0;0;1;1;0;1;2;-15,583027;-47,367081;"SPRF-DF";"DEL02-DF";"UOP01-DEL02-DF"
491406;2022-12-07;"quarta-feira";"19:00:00";"PR";277;95,2;"CURITIBA";"Reação tardia ou ineficiente do condutor";"Colisão traseira";"Sem Vítimas";"Anoitecer";"Decrescente";"Nublado";"Múltipla";"Declive";"Sim";2;0;0;0;1;1;0;2;-25,55282988;-49,27722493;"SPRF-PR";"DEL01-PR";"UOP06-DEL01-PR"
491407;2022-12-07;"quarta-feira";"20:10:00";"RS";392;28;"RIO GRANDE";"Iluminação deficiente";"Colisão traseira";"Com Vítimas Feridas";"Plena Noite";"Crescente";"Nublado";"Dupla";"Interseção de Vias;Reta";"Sim";2;0;1;0;0;1;1;2;-32,06592409;-52,26686814;"SPRF-RS";"DEL07-RS";"UOP02-DEL07-RS"
491409;2022-12-07;"quarta-feira";"19:45:00";"SP";153;60,8;"SAO JOSE DO RIO PRETO";"Ingestão de álcool pelo condutor";"Tombamento";"Com Vítimas Feridas";"Plena Noite";"Decrescente";"Nublado";"Dupla";"Reta";"Não";1;0;1;0;0;0;1;1;-20,803612;-49,355527;"SPRF-SP";"DEL09-SP";"UOP01-DEL09-SP"
491410;2022-12-07;"quarta-feira";"20:55:00";"GO";40;97;"CRISTALINA";"Ingestão de álcool pelo condutor";"Colisão traseira";"Com Vítimas Feridas";"Plena Noite";"Crescente";"Garoa/Chuvisco";"Simples";"Reta";"Sim";4;0;4;0;0;0;4;2;-16,764631;-47,595763;"SPRF-DF";"DEL01-DF";"UOP02-DEL01-DF"
491411;2022-12-07;"quarta-feira";"20:20:00";"RN";101;83,2;"SAO GONCALO DO AMARANTE";"Ingestão de álcool pelo condutor";"Tombamento";"Com Vítimas Feridas";"Plena Noite";"Crescente";"Céu Claro";"Múltipla";"Reta";"Sim";1;0;1;0;0;0;1;1;-5,7710445;-35,26616981;"SPRF-RN";"DEL02-RN";"UOP01-DEL02-RN"
491412;2022-12-07;"quarta-feira";"20:07:00";"SC";470;336,2;"CAMPOS NOVOS";"Animais na Pista";"Saída de leito carroçável";"Com Vítimas Feridas";"Plena Noite";"Crescente";"Céu Claro";"Simples";"Reta";"Não";1;0;1;0;0;0;1;1;-27,504814;-51,344204;"SPRF-SC";"DEL07-SC";"UOP06-DEL07-SC"
491413;2022-12-07;"quarta-feira";"20:10:00";"RJ";40;120;"DUQUE DE CAXIAS";"Acessar a via sem observar a presença dos outros veículos";"Colisão traseira";"Com Vítimas Feridas";"Plena Noite";"Crescente";"Céu Claro";"Múltipla";"Reta";"Sim";4;0;1;0;2;1;1;3;-22,77280597;-43,28626763;"SPRF-RJ";"DEL01-RJ";"UOP01-DEL01-RJ"
491414;2022-12-07;"quarta-feira";"18:00:00";"RJ";116;184;"NOVA IGUACU";"Condutor deixou de manter distância do veículo da frente";"Colisão traseira";"Com Vítimas Feridas";"Plena Noite";"Crescente";"Céu Claro";"Dupla";"Reta";"Sim";2;0;1;0;1;0;1;2;-22,74647215;-43,44594311;"SPRF-RJ";"DEL01-RJ";"UOP02-DEL01-RJ"
491415;2022-12-07;"quarta-feira";"20:20:00";"DF";80;17,5;"BRASILIA";"Ausência de sinalização";"Colisão traseira";"Com Vítimas Feridas";"Plena Noite";"Crescente";"Céu Claro";"Dupla";"Curva;Aclive";"Não";5;0;3;1;1;0;4;3;-15,684259;-48,205139;"SPRF-DF";"DEL03-DF";"UOP02-DEL03-DF"
491416;2022-12-07;"quarta-feira";"21:30:00";"CE";222;4;"CAUCAIA";"Pedestre andava na pista";"Atropelamento de Pedestre";"Com Vítimas Feridas";"Plena Noite";"Crescente";"Céu Claro";"Múltipla";"Reta";"Sim";2;0;0;1;1;0;1;2;-3,74164754;-38,60449792;"SPRF-CE";"DEL01-CE";"UOP01-DEL01-CE"
491419;2022-12-07;"quarta-feira";"17:20:00";"GO";60;298;"ACREUNA";"Manobra de mudança de faixa";"Saída de leito carroçável";"Com Vítimas Feridas";"Anoitecer";"Decrescente";"Céu Claro";"Dupla";"Reta";"Não";2;0;1;0;1;0;1;1;-17,3508;-50,3243;"SPRF-GO";"DEL04-GO";"UOP02-DEL04-GO"
491420;2022-12-07;"quarta-feira";"21:30:00";"RJ";101;413;"ITAGUAI";"Pedestre andava na pista";"Atropelamento de Pedestre";"Com Vítimas Fatais";"Plena Noite";"Crescente";"Ignorado";"Dupla";"Reta";"Sim";3;1;0;0;1;1;0;3;-22,89931896;-43,865293;"SPRF-RJ";"DEL03-RJ";"UOP01-DEL03-RJ"
491423;2022-12-07;"quarta-feira";"22:20:00";"PR";277;42;"MORRETES";"Velocidade Incompatível";"Colisão com objeto";"Com Vítimas Feridas";"Plena Noite";"Decrescente";"Céu Claro";"Dupla";"Desvio Temporário";"Não";1;0;1;0;0;0;1;1;-25,57361239;-48,84469597;"SPRF-PR";"DEL01-PR";"UOP01-DEL01-PR"
491424;2022-12-07;"quarta-feira";"22:00:00";"SC";470;68;"INDAIAL";"Acessar a via sem observar a presença dos outros veículos";"Colisão transversal";"Com Vítimas Feridas";"Plena Noite";"Crescente";"Céu Claro";"Simples";"Reta;Declive";"Sim";3;0;1;1;1;0;2;2;-26,877615;-49,239231;"SPRF-SC";"DEL04-SC";"UOP01-DEL04-SC"
491425;2022-08-01;"segunda-feira";"09:40:00";"MT";70;734;"CACERES";"Reação tardia ou ineficiente do condutor";"Queda de ocupante de veículo";"Com Vítimas Feridas";"Pleno dia";"Crescente";"Sol";"Simples";"Reta";"Sim";1;0;0;1;0;0;1;1;-16,14353201;-57,65123904;"SPRF-MT";"DEL03-MT";"UOP01-DEL03-MT"
491427;2022-12-07;"quarta-feira";"21:45:00";"MT";163;767;"SORRISO";"Ingestão de álcool pelo condutor";"Colisão com objeto";"Com Vítimas Feridas";"Plena Noite";"Decrescente";"Céu Claro";"Simples";"Reta";"Não";2;0;0;2;0;0;2;1;-12,54622921;-55,71025468;"SPRF-MT";"DEL06-MT";"UOP02-DEL06-MT"
491434;2022-11-21;"segunda-feira";"07:30:00";"ES";101;273,6;"SERRA";"Reação tardia ou ineficiente do condutor";"Colisão traseira";"Com Vítimas Feridas";"Pleno dia";"Decrescente";"Nublado";"Dupla";"Reta";"Sim";2;0;0;1;1;0;1;2;-20,20798309;-40,3088969;"SPRF-ES";"DEL02-ES";"UOP01-DEL02-ES"
491435;2022-12-07;"quarta-feira";"19:00:00";"MT";163;829;"SINOP";"Entrada inopinada do pedestre";"Colisão transversal";"Com Vítimas Feridas";"Plena Noite";"Decrescente";"Céu Claro";"Dupla";"Retorno Regulamentado";"Sim";2;0;1;1;0;0;2;2;-11,91250249;-55,50870365;"SPRF-MT";"DEL06-MT";"NPF/DEL06-MT"
491438;2022-12-07;"quarta-feira";"17:00:00";"RJ";493;116,6;"ITAGUAI";"Demais falhas mecânicas ou elétricas";"Colisão traseira";"Com Vítimas Feridas";"Pleno dia";"Decrescente";"Nublado";"Dupla";"Reta";"Não";3;0;1;0;2;0;1;2;-22,81020659;-43,79785538;"SPRF-RJ";"DEL03-RJ";"UOP01-DEL03-RJ"
491440;2022-12-08;"quinta-feira";"02:00:00";"MT";158;731;"BARRA DO GARCAS";"Iluminação deficiente";"Saída de leito carroçável";"Com Vítimas Feridas";"Plena Noite";"Crescente";"Nublado";"Simples";"Reta";"Não";1;0;1;0;0;0;1;1;-15,32198225;-52,17141151;"SPRF-MT";"DEL07-MT";"UOP01-DEL07-MT"
491441;2022-12-08;"quinta-feira";"02:50:00";"PR";476;153;"ARAUCARIA";"Reação tardia ou ineficiente do condutor";"Saída de leito carroçável";"Sem Vítimas";"Plena Noite";"Crescente";"Céu Claro";"Dupla";"Reta";"Não";1;0;0;0;0;1;0;1;-25,577307;-49,392338;"SPRF-PR";"DEL01-PR";"UOP06-DEL01-PR"
491442;2022-12-08;"quinta-feira";"02:40:00";"PR";277;100,3;"CURITIBA";"Condutor Dormindo";"Saída de leito carroçável";"Com Vítimas Feridas";"Plena Noite";"Crescente";"Nublado";"Dupla";"Declive";"Não";1;0;1;0;0;0;1;1;-25,52924091;-49,32682192;"SPRF-PR";"DEL01-PR";"UOP06-DEL01-PR"
491444;2022-12-08;"quinta-feira";"03:00:00";"PA";230;117;"MARABA";"Acessar a via sem observar a presença dos outros veículos";"Colisão transversal";"Com Vítimas Feridas";"Plena Noite";"Crescente";"Céu Claro";"Dupla";"Reta;Retorno Regulamentado";"Sim";3;0;1;0;2;0;1;2;-5,35947454;-49,08301084;"SPRF-PA";"DEL03-PA";"UOP01-DEL03-PA"
491447;2022-12-08;"quinta-feira";"04:00:00";"RS";116;403;"CAMAQUA";"Ingestão de álcool pelo condutor";"Saída de leito carroçável";"Com Vítimas Feridas";"Plena Noite";"Crescente";"Céu Claro";"Simples";"Em Obras";"Não";1;0;1;0;0;0;1;1;-30,88592936;-51,83355581;"SPRF-RS";"DEL02-RS";"UOP02-DEL02-RS"
491448;2022-12-07;"quarta-feira";"21:20:00";"SC";101;39,7;"JOINVILLE";"Condutor deixou de manter distância do veículo da frente";"Colisão traseira";"Com Vítimas Feridas";"Plena Noite";"Decrescente";"Céu Claro";"Dupla";"Interseção de Vias";"Não";4;0;2;1;0;1;3;3;-26,2628107;-48,90192257;"SPRF-SC";"DEL03-SC";"UOP01-DEL03-SC"
491451;2022-12-08;"quinta-feira";"07:00:00";"BA";324;620;"SALVADOR";"Manobra de mudança de faixa";"Colisão lateral mesmo sentido";"Com Vítimas Feridas";"Pleno dia";"Crescente";"Céu Claro";"Dupla";"Reta";"Sim";1;0;1;0;0;0;1;1;-12,90482172;-38,45556535;"SPRF-BA";"DEL01-BA";"UOP01-DEL01-BA"
491452;2022-12-07;"quarta-feira";"20:40:00";"RJ";40;84;"PETROPOLIS";"Velocidade Incompatível";"Colisão com objeto";"Sem Vítimas";"Plena Noite";"Decrescente";"Chuva";"Dupla";"Curva";"Não";1;0;0;0;1;0;0;1;-22,52145512;-43,23707996;"SPRF-RJ";"DEL06-RJ";"UOP01-DEL06-RJ"
491454;2022-12-08;"quinta-feira";"06:50:00";"CE";116;20;"EUSEBIO";"Condutor deixou de manter distância do veículo da frente";"Colisão traseira";"Com Vítimas Feridas";"Pleno dia";"Decrescente";"Céu Claro";"Dupla";"Reta";"Sim";2;0;1;0;1;0;1;2;-3,92277497;-38,50762327;"SPRF-CE";"DEL01-CE";"UOP02-DEL01-CE"
491455;2022-12-08;"quinta-feira";"07:30:00";"PR";369;133,3;"IBIPORA";"Reação tardia ou ineficiente do condutor";"Saída de leito carroçável";"Com Vítimas Feridas";"Pleno dia";"Decrescente";"Sol";"Dupla";"Interseção de Vias;Curva";"Não";2;0;1;0;1;0;1;2;-23,26063392;-51,01275802;"SPRF-PR";"DEL07-PR";"UOP01-DEL07-PR"
491457;2022-11-22;"terça-feira";"08:05:00";"SP";116;161,5;"JACAREI";"Reação tardia ou ineficiente do condutor";"Colisão traseira";"Com Vítimas Feridas";"Pleno dia";"Decrescente";"Céu Claro";"Dupla";"Reta";"Sim";2;0;1;0;1;0;1;2;-23,27617003;-45,97592098;"SPRF-SP";"DEL02-SP";"UOP01-DEL02-SP"
491458;2022-12-08;"quinta-feira";"07:20:00";"DF";70;8;"BRASILIA";"Manobra de mudança de faixa";"Colisão lateral mesmo sentido";"Com Vítimas Feridas";"Pleno dia";"Decrescente";"Sol";"Múltipla";"Reta";"Sim";3;0;2;0;1;0;2;2;-15,784966;-48,122108;"SPRF-DF";"DEL03-DF";"UOP02-DEL03-DF"
491459;2022-12-08;"quinta-feira";"07:20:00";"MG";381;688,5;"LAVRAS";"Velocidade Incompatível";"Queda de ocupante de veículo";"Com Vítimas Feridas";"Pleno dia";"Decrescente";"Céu Claro";"Dupla";"Curva;Declive";"Não";1;0;1;0;0;0;1;1;-21,19142926;-45,11634672;"SPRF-MG";"DEL04-MG";"UOP02-DEL04-MG"
491460;2022-11-14;"segunda-feira";"16:55:00";"SC";101;114;"ITAJAI";"Ultrapassagem Indevida";"Colisão traseira";"Com Vítimas Feridas";"Pleno dia";"Crescente";"Céu Claro";"Dupla";"Retorno Regulamentado";"Sim";2;0;1;0;1;0;1;2;-26,86806426;-48,73037707;"SPRF-SC";"DEL04-SC";"UOP04-DEL04-SC"
491462;2022-12-08;"quinta-feira";"07:28:00";"DF";40;7;"BRASILIA";"Condutor deixou de manter distância do veículo da frente";"Colisão traseira";"Com Vítimas Feridas";"Pleno dia";"Decrescente";"Céu Claro";"Dupla";"Reta";"Sim";3;0;2;0;1;0;2;2;-16,038666;-47,979691;"SPRF-DF";"DEL01-DF";"UOP01-DEL01-DF"
491463;2022-12-08;"quinta-feira";"07:50:00";"RS";290;95;"PORTO ALEGRE";"Trafegar com motocicleta (ou similar) entre as faixas";"Tombamento";"Sem Vítimas";"Pleno dia";"Crescente";"Céu Claro";"Dupla";"Reta";"Sim";1;0;0;0;1;0;0;1;-29,982832;-51,201572;"SPRF-RS";"DEL01-RS";"UOP01-DEL01-RS"
491464;2022-12-08;"quinta-feira";"08:00:00";"MG";381;744,2;"SAO SEBASTIAO DA BELA VISTA";"Frear bruscamente";"Colisão traseira";"Com Vítimas Feridas";"Pleno dia";"Crescente";"Céu Claro";"Dupla";"Curva";"Não";5;0;1;0;4;0;1;2;-22,1965523;-45,8524509;"SPRF-MG";"DEL16-MG";"UOP02-DEL16-MG"
491465;2022-12-08;"quinta-feira";"08:00:00";"MG";381;498,1;"BETIM";"Reação tardia ou ineficiente do condutor";"Tombamento";"Com Vítimas Feridas";"Pleno dia";"Decrescente";"Nublado";"Múltipla";"Reta;Aclive";"Sim";1;0;0;1;0;0;1;1;-19,9800653;-44,2007238;"SPRF-MG";"DEL01-MG";"UOP03-DEL01-MG"
491466;2022-12-08;"quinta-feira";"07:15:00";"RJ";116;104;"GUAPIMIRIM";"Demais falhas mecânicas ou elétricas";"Tombamento";"Com Vítimas Feridas";"Pleno dia";"Crescente";"Nublado";"Dupla";"Reta";"Não";1;0;1;0;0;0;1;1;-22,50841847;-42,99821493;"SPRF-RJ";"DEL04-RJ";"UOP01-DEL04-RJ"
491467;2022-12-08;"quinta-feira";"06:30:00";"RS";392;661,2;"CERRO LARGO";"Reação tardia ou ineficiente do condutor";"Colisão traseira";"Sem Vítimas";"Amanhecer";"Decrescente";"Céu Claro";"Simples";"Interseção de Vias";"Não";4;0;0;0;4;0;0;2;-28,1252;-54,7271;"SPRF-RS";"DEL10-RS";"UOP01-DEL10-RS"
491471;2022-12-08;"quinta-feira";"07:40:00";"SE";235;4;"NOSSA SENHORA DO SOCORRO";"Reação tardia ou ineficiente do condutor";"Colisão traseira";"Sem Vítimas";"Pleno dia";"Crescente";"Céu Claro";"Dupla";"Reta";"Sim";3;0;0;0;3;0;0;3;-10,9064;-37,1197;"SPRF-SE";"DEL01-SE";"UOP01-DEL01-SE"
491472;2022-12-08;"quinta-feira";"08:10:00";"RS";116;264;"CANOAS";"Manobra de mudança de faixa";"Colisão traseira";"Com Vítimas Feridas";"Pleno dia";"Crescente";"Céu Claro";"Dupla";"Reta";"Sim";2;0;0;1;1;0;1;2;-29,9199547;-51,1782227;"SPRF-RS";"DEL01-RS";"UOP01-DEL01-RS"
491473;2022-12-08;"quinta-feira";"07:56:00";"RN";101;106;"PARNAMIRIM";"Velocidade Incompatível";"Colisão traseira";"Com Vítimas Feridas";"Pleno dia";"Decrescente";"Sol";"Dupla";"Viaduto";"Sim";4;0;1;0;3;0;1;3;-5,91056401;-35,26130795;"SPRF-RN";"DEL01-RN";"UOP01-DEL01-RN"
491476;2022-12-02;"sexta-feira";"21:20:00";"PR";373;259;"PRUDENTOPOLIS";"Reação tardia ou ineficiente do condutor";"Colisão lateral mesmo sentido";"Com Vítimas Feridas";"Plena Noite";"Decrescente";"Céu Claro";"Simples";"Reta";"Não";1;0;1;0;0;0;1;1;-25,206547;-50,936092;"SPRF-PR";"DEL08-PR";"UOP01-DEL08-PR"
491478;2022-12-08;"quinta-feira";"07:50:00";"SC";282;510,8;"XANXERE";"Animais na Pista";"Atropelamento de Animal";"Com Vítimas Feridas";"Pleno dia";"Decrescente";"Céu Claro";"Simples";"Reta";"Não";1;0;1;0;0;0;1;1;-26,897114;-52,463585;"SPRF-SC";"DEL07-SC";"UOP01-DEL07-SC"
491479;2022-11-09;"quarta-feira";"21:10:00";"MG";116;706;"MURIAE";"Acessar a via sem observar a presença dos outros veículos";"Colisão transversal";"Com Vítimas Feridas";"Plena Noite";"Decrescente";"Chuva";"Simples";"Reta";"Sim";2;0;1;1;0;0;2;2;-21,138227;-42,385486;"SPRF-MG";"DEL07-MG";"UOP02-DEL07-MG"
491481;2022-12-08;"quinta-feira";"07:20:00";"RJ";116;193;"NOVA IGUACU";"Trafegar com motocicleta (ou similar) entre as faixas";"Colisão traseira";"Com Vítimas Feridas";"Pleno dia";"Decrescente";"Céu Claro";"Múltipla";"Reta";"Sim";2;0;1;0;1;0;1;2;-22,73960178;-43,52859094;"SPRF-RJ";"DEL01-RJ";"UOP02-DEL01-RJ"
491482;2022-12-08;"quinta-feira";"08:20:00";"MS";163;781;"COXIM";"Condutor deixou de manter distância do veículo da frente";"Colisão traseira";"Com Vítimas Feridas";"Pleno dia";"Decrescente";"Céu Claro";"Simples";"Reta";"Não";6;0;2;0;4;0;2;2;-18,08657998;-54,6940541;"SPRF-MS";"DEL06-MS";"UOP01-DEL06-MS"
491485;2022-12-08;"quinta-feira";"09:00:00";"RS";285;460;"IJUI";"Ausência de reação do condutor";"Saída de leito carroçável";"Sem Vítimas";"Pleno dia";"Decrescente";"Céu Claro";"Simples";"Reta";"Sim";3;0;0;0;0;3;0;2;-28,414484;-53,910641;"SPRF-RS";"DEL10-RS";"UOP01-DEL10-RS"
491486;2022-04-23;"sábado";"21:45:00";"PA";155;340,2;"MARABA";"Avarias e/ou desgaste excessivo no pneu";"Tombamento";"Com Vítimas Feridas";"Plena Noite";"Decrescente";"Céu Claro";"Simples";"Reta";"Não";2;0;2;0;0;0;2;1;-5,396032;-49,077478;"SPRF-PA";"DEL03-PA";"UOP01-DEL03-PA"
491489;2022-12-08;"quinta-feira";"06:20:00";"RJ";40;105;"DUQUE DE CAXIAS";"Reação tardia ou ineficiente do condutor";"Colisão traseira";"Com Vítimas Feridas";"Pleno dia";"Crescente";"Céu Claro";"Simples";"Reta";"Sim";2;0;1;0;1;0;1;2;-22,63784806;-43,28428824;"SPRF-RJ";"DEL01-RJ";"UOP01-DEL01-RJ"
491490;2022-12-08;"quinta-feira";"08:20:00";"PR";116;124;"FAZENDA RIO GRANDE";"Manobra de mudança de faixa";"Colisão lateral mesmo sentido";"Com Vítimas Feridas";"Pleno dia";"Decrescente";"Céu Claro";"Dupla";"Reta";"Sim";2;0;1;0;1;0;1;2;-25,62630128;-49,3147409;"SPRF-PR";"DEL01-PR";"UOP03-DEL01-PR"
491492;2022-12-08;"quinta-feira";"08:10:00";"RJ";40;115;"DUQUE DE CAXIAS";"Demais falhas mecânicas ou elétricas";"Queda de ocupante de veículo";"Com Vítimas Feridas";"Pleno dia";"Crescente";"Céu Claro";"Múltipla";"Reta";"Não";2;0;2;0;0;0;2;1;-22,72756999;-43,2891609;"SPRF-RJ";"DEL01-RJ";"UOP01-DEL01-RJ"
491493;2022-12-04;"domingo";"08:15:00";"SP";116;334,7;"JUQUITIBA";"Ausência de reação do condutor";"Colisão com objeto";"Com Vítimas Feridas";"Pleno dia";"Crescente";"Céu Claro";"Dupla";"Curva";"Não";1;0;1;0;0;0;1;1;-23,96478894;-47,12622102;"SPRF-SP";"DEL04-SP";"UOP03-DEL04-SP"
491497;2022-12-04;"domingo";"21:20:00";"MA";222;208,9;"ITAPECURU MIRIM";"Acessar a via sem observar a presença dos outros veículos";"Colisão transversal";"Com Vítimas Feridas";"Plena Noite";"Crescente";"Céu Claro";"Simples";"Reta";"Sim";2;0;0;1;0;1;1;2;-3,39157076;-44,36271275;"SPRF-MA";"DEL01-MA";"UOP02-DEL01-MA"
491499;2022-11-19;"sábado";"13:00:00";"GO";20;59,5;"FORMOSA";"Velocidade Incompatível";"Saída de leito carroçável";"Com Vítimas Feridas";"Pleno dia";"Crescente";"Chuva";"Simples";"Declive;Curva";"Não";3;0;0;1;2;0;1;1;-15,25577;-47,165115;"SPRF-DF";"DEL02-DF";"UOP02-DEL02-DF"
491500;2022-12-08;"quinta-feira";"10:10:00";"CE";226;46;"JAGUARIBE";"Acesso irregular";"Colisão transversal";"Sem Vítimas";"Pleno dia";"Crescente";"Céu Claro";"Simples";"Aclive";"Não";2;0;0;0;1;1;0;2;-6,02808418;-38,54675917;"SPRF-CE";"DEL05-CE";"UOP02-DEL05-CE"
491501;2022-12-08;"quinta-feira";"09:45:00";"SC";282;0;"FLORIANOPOLIS";"Manobra de mudança de faixa";"Colisão lateral mesmo sentido";"Com Vítimas Feridas";"Pleno dia";"Decrescente";"Céu Claro";"Múltipla";"Reta";"Sim";2;0;0;1;1;0;1;2;-27,59845;-48,571995;"SPRF-SC";"DEL01-SC";"UOP01-DEL01-SC"
491502;2022-09-23;"sexta-feira";"20:10:00";"RJ";116;201;"SEROPEDICA";"Acesso irregular";"Colisão traseira";"Com Vítimas Feridas";"Plena Noite";"Crescente";"Céu Claro";"Dupla";"Reta";"Não";3;0;2;0;1;0;2;2;-22,73124742;-43,60364806;"SPRF-RJ";"DEL01-RJ";"UOP03-DEL01-RJ"
491503;2022-12-08;"quinta-feira";"10:40:00";"PI";343;68,2;"BURITI DOS LOPES";"Condutor Dormindo";"Colisão com objeto";"Com Vítimas Feridas";"Pleno dia";"Decrescente";"Sol";"Simples";"Reta";"Não";4;0;4;0;0;0;4;1;-3,309354;-41,754002;"SPRF-PI";"DEL05-PI";"UOP01-DEL05-PI"