"id";"data_inversa";"dia_semana";"horario";"uf";"br";"km";"municipio";"causa_acidente";"tipo_acidente";"classificacao_acidente";"fase_dia";"sentido_via";"condicao_metereologica";"tipo_pista";"tracado_via";"uso_solo";"pessoas";"mortos";"feridos_leves";"feridos_graves";"ilesos";"ignorados";"feridos";"veiculos";"latitude";"longitude";"regional";"delegacia";"uop"
491505;2022-12-08;"quinta-feira";"10:45:00";"MG";381;482;"CONTAGEM";"Avarias e/ou desgaste excessivo no pneu";"Tombamento";"Com Vítimas Feridas";"Pleno dia";"Decrescente";"Céu Claro";"Dupla";"Declive;Reta";"Sim";1;0;1;0;0;0;1;1;-19,95931561;-44,08825597;"SPRF-MG";"DEL01-MG";"UOP03-DEL01-MG"
491507;2022-12-08;"quinta-feira";"11:20:00";"BA";101;262;"SANTO ANTONIO DE JESUS";"Acessar a via sem observar a presença dos outros veículos";"Colisão transversal";"Com Vítimas Feridas";"Pleno dia";"Crescente";"Céu Claro";"Simples";"Reta";"Não";2;0;0;1;1;0;1;2;-13,0815032;-39,27559444;"SPRF-BA";"DEL01-BA";"UOP02-DEL01-BA"
491508;2022-12-08;"quinta-feira";"09:30:00";"RJ";101;447,8;"MANGARATIBA";"Velocidade Incompatível";"Saída de leito carroçável";"Com Vítimas Feridas";"Pleno dia";"Decrescente";"Nublado";"Simples";"Curva";"Não";1;0;1;0;0;0;1;1;-23,00392403;-44,09744074;"SPRF-RJ";"DEL03-RJ";"UOP02-DEL03-RJ"
491510;2022-12-08;"quinta-feira";"11:00:00";"SC";101;203;"SAO JOSE";"Acessar a via sem observar a presença dos outros veículos";"Colisão lateral mesmo sentido";"Com Vítimas Feridas";"Pleno dia";"Crescente";"Céu Claro";"Dupla";"Interseção de Vias";"Sim";2;0;1;0;1;0;1;2;-27,5650044;-48,61460082;"SPRF-SC";"DEL01-SC";"UOP01-DEL01-SC"
491511;2022-12-08;"quinta-feira";"12:00:00";"BA";324;620;"SALVADOR";"Condutor deixou de manter distância do veículo da frente";"Colisão lateral mesmo sentido";"Com Vítimas Feridas";"Pleno dia";"Crescente";"Céu Claro";"Dupla";"Reta";"Sim";3;0;1;0;1;1;1;2;-12,90482172;-38,45556535;"SPRF-BA";"DEL01-BA";"UOP01-DEL01-BA"
491512;2022-12-08;"quinta-feira";"12:00:00";"RJ";101;502;"ANGRA DOS REIS";"Animais na Pista";"Atropelamento de Animal";"Com Vítimas Feridas";"Pleno dia";"Crescente";"Céu Claro";"Simples";"Reta";"Não";1;0;1;0;0;0;1;1;-22,92308827;-44,36056298;"SPRF-RJ";"DEL03-RJ";"UOP03-DEL03-RJ"
491513;2022-11-18;"sexta-feira";"08:05:00";"PR";373;172;"PONTA GROSSA";"Ausência de reação do condutor";"Colisão traseira";"Com Vítimas Feridas";"Pleno dia";"Crescente";"Céu Claro";"Dupla";"Reta";"Sim";1;0;1;0;0;0;1;1;-25,08139932;-50,19200981;"SPRF-PR";"DEL03-PR";"UOP01-DEL03-PR"
491515;2022-12-08;"quinta-feira";"10:10:00";"MA";222;299;"VITORIA DO MEARIM";"Condutor Dormindo";"Colisão lateral sentido oposto";"Com Vítimas Feridas";"Pleno dia";"Crescente";"Céu Claro";"Simples";"Reta;Aclive";"Não";6;0;1;0;5;0;1;2;-3,49514888;-44,88062146;"SPRF-MA";"DEL02-MA";"UOP01-DEL02-MA"
491516;2022-12-08;"quinta-feira";"12:32:00";"RN";101;107;"PARNAMIRIM";"Condutor deixou de manter distância do veículo da frente";"Colisão traseira";"Com Vítimas Feridas";"Pleno dia";"Decrescente";"Céu Claro";"Simples";"Reta";"Sim";2;0;0;1;1;0;1;2;-5,91920796;-35,26412409;"SPRF-RN";"DEL01-RN";"UOP01-DEL01-RN"
491517;2022-12-08;"quinta-feira";"08:05:00";"MA";222;197;"ITAPECURU MIRIM";"Condutor Dormindo";"Saída de leito carroçável";"Com Vítimas Fatais";"Pleno dia";"Crescente";"Céu Claro";"Simples";"Reta";"Não";2;1;0;0;1;0;0;1;-3,39827306;-44,35676617;"SPRF-MA";"DEL01-MA";"UOP02-DEL01-MA"
491519;2022-12-08;"quinta-feira";"07:40:00";"MA";10;247;"IMPERATRIZ";"Condutor deixou de manter distância do veículo da frente";"Colisão traseira";"Com Vítimas Feridas";"Pleno dia";"Crescente";"Céu Claro";"Dupla";"Retorno Regulamentado;Reta";"Sim";2;0;1;0;1;0;1;2;-5,573772;-47,443893;"SPRF-MA";"DEL04-MA";"UOP01-DEL04-MA"
491520;2022-12-08;"quinta-feira";"12:10:00";"SC";101;212,9;"PALHOCA";"Acessar a via sem observar a presença dos outros veículos";"Colisão lateral mesmo sentido";"Com Vítimas Feridas";"Pleno dia";"Crescente";"Céu Claro";"Simples";"Reta";"Sim";2;0;1;0;1;0;1;2;-27,62996929;-48,65903871;"SPRF-SC";"DEL01-SC";"UOP02-DEL01-SC"
491521;2022-12-08;"quinta-feira";"13:00:00";"BA";324;626;"SALVADOR";"Avarias e/ou desgaste excessivo no pneu";"Tombamento";"Com Vítimas Feridas";"Pleno dia";"Decrescente";"Céu Claro";"Dupla";"Reta";"Sim";2;0;2;0;0;0;2;1;-12,94194706;-38,47081224;"SPRF-BA";"DEL01-BA";"UOP01-DEL01-BA"
491522;2022-12-08;"quinta-feira";"09:40:00";"RS";116;165;"CAXIAS DO SUL";"Reação tardia ou ineficiente do condutor";"Tombamento";"Com Vítimas Feridas";"Pleno dia";"Crescente";"Céu Claro";"Simples";"Declive;Curva";"Não";1;0;0;1;0;0;1;1;-29,2596449;-51,1574433;"SPRF-RS";"DEL05-RS";"UOP02-DEL05-RS"
491523;2022-12-08;"quinta-feira";"12:20:00";"CE";222;5,4;"CAUCAIA";"Manobra de mudança de faixa";"Colisão lateral mesmo sentido";"Com Vítimas Feridas";"Pleno dia";"Decrescente";"Sol";"Múltipla";"Curva";"Sim";2;0;1;0;1;0;1;2;-3,74296918;-38,61330997;"SPRF-CE";"DEL01-CE";"UOP01-DEL01-CE"
491526;2022-12-08;"quinta-feira";"14:30:00";"SP";116;497;"CAJATI";"Objeto estático sobre o leito carroçável";"Queda de ocupante de veículo";"Com Vítimas Feridas";"Pleno dia";"Crescente";"Céu Claro";"Dupla";"Curva";"Não";2;0;1;1;0;0;2;1;-24,76728682;-48,16859721;"SPRF-SP";"DEL05-SP";"UOP01-DEL05-SP"
491527;2022-12-08;"quinta-feira";"10:50:00";"MT";70;83;"GENERAL CARNEIRO";"Pista em desnível";"Saída de leito carroçável";"Com Vítimas Feridas";"Pleno dia";"Decrescente";"Céu Claro";"Simples";"Reta";"Não";1;0;1;0;0;0;1;1;-15,62560965;-52,82472889;"SPRF-MT";"DEL07-MT";"UOP01-DEL07-MT"
491529;2022-12-08;"quinta-feira";"14:45:00";"GO";153;437,6;"ANAPOLIS";"Condutor deixou de manter distância do veículo da frente";"Colisão traseira";"Com Vítimas Feridas";"Pleno dia";"Decrescente";"Céu Claro";"Dupla";"Reta";"Não";2;0;1;0;1;0;1;2;-16,291595;-48,934811;"SPRF-GO";"DEL02-GO";"UOP01-DEL02-GO"
491531;2022-11-27;"domingo";"18:05:00";"CE";116;185;"LIMOEIRO DO NORTE";"Reação tardia ou ineficiente do condutor";"Tombamento";"Com Vítimas Feridas";"Plena Noite";"Decrescente";"Céu Claro";"Simples";"Reta";"Não";1;0;0;1;0;0;1;1;-5,08196085;-38,11669027;"SPRF-CE";"DEL03-CE";"UOP01-DEL03-CE"
491532;2022-12-08;"quinta-feira";"14:50:00";"PR";376;231;"APUCARANA";"Desrespeitar a preferência no cruzamento";"Colisão transversal";"Com Vítimas Feridas";"Pleno dia";"Crescente";"Céu Claro";"Dupla";"Interseção de Vias";"Sim";2;0;1;0;1;0;1;2;-23,566852;-51,523869;"SPRF-PR";"DEL07-PR";"UOP03-DEL07-PR"
491534;2022-12-08;"quinta-feira";"13:40:00";"PE";408;105;"JABOATAO DOS GUARARAPES";"Avarias e/ou desgaste excessivo no pneu";"Eventos atípicos";"Com Vítimas Feridas";"Pleno dia";"Crescente";"Sol";"Dupla";"Reta";"Sim";2;0;1;1;0;0;2;1;-8,07739118;-34,99238312;"SPRF-PE";"DEL01-PE";"UOP01-DEL01-PE"
491539;2022-12-08;"quinta-feira";"15:35:00";"PR";277;42;"MORRETES";"Acesso irregular";"Colisão lateral mesmo sentido";"Com Vítimas Feridas";"Pleno dia";"Decrescente";"Céu Claro";"Dupla";"Viaduto";"Não";2;0;1;0;1;0;1;2;-25,57361239;-48,84469597;"SPRF-PR";"DEL01-PR";"UOP01-DEL01-PR"
491540;2022-12-08;"quinta-feira";"15:40:00";"BA";324;626;"SALVADOR";"Demais falhas mecânicas ou elétricas";"Incêndio";"Sem Vítimas";"Pleno dia";"Decrescente";"Céu Claro";"Dupla";"Reta";"Sim";1;0;0;0;1;0;0;1;-12,94194706;-38,47081224;"SPRF-BA";"DEL01-BA";"UOP01-DEL01-BA"
491541;2022-12-08;"quinta-feira";"12:19:00";"PE";101;95,3;"CABO DE SANTO AGOSTINHO";"Demais falhas mecânicas ou elétricas";"Incêndio";"Sem Vítimas";"Pleno dia";"Crescente";"Nublado";"Dupla";"Reta";"Não";1;0;0;0;1;0;0;1;-8,25099;-35,01426;"SPRF-PE";"DEL01-PE";"UOP03-DEL01-PE"
491542;2022-12-08;"quinta-feira";"14:25:00";"BA";110;241;"ALAGOINHAS";"Entrada inopinada do pedestre";"Atropelamento de Pedestre";"Com Vítimas Feridas";"Pleno dia";"Crescente";"Céu Claro";"Simples";"Interseção de Vias";"Sim";2;0;1;0;1;0;1;2;-12,18701913;-38,42193604;"SPRF-BA";"DEL07-BA";"UOP02-DEL07-BA"
491544;2022-12-08;"quinta-feira";"16:00:00";"SP";116;142;"SAO JOSE DOS CAMPOS";"Ausência de reação do condutor";"Colisão traseira";"Com Vítimas Feridas";"Pleno dia";"Decrescente";"Céu Claro";"Dupla";"Reta";"Sim";4;0;1;0;3;0;1;3;-23,17426078;-45,82940111;"SPRF-SP";"DEL02-SP";"UOP01-DEL02-SP"
491546;2022-12-08;"quinta-feira";"15:30:00";"RJ";116;255;"PIRAI";"Ausência de reação do condutor";"Colisão traseira";"Com Vítimas Feridas";"Pleno dia";"Decrescente";"Céu Claro";"Dupla";"Reta";"Não";7;0;1;0;6;0;1;2;-22,58171235;-43,99533787;"SPRF-RJ";"DEL07-RJ";"UOP02-DEL07-RJ"
491548;2022-12-08;"quinta-feira";"15:50:00";"SP";116;224;"GUARULHOS";"Reação tardia ou ineficiente do condutor";"Colisão traseira";"Com Vítimas Feridas";"Pleno dia";"Crescente";"Sol";"Múltipla";"Reta";"Sim";6;0;1;0;5;0;1;2;-23,48071896;-46,53271603;"SPRF-SP";"DEL01-SP";"UOP01-DEL01-SP"
491549;2022-12-08;"quinta-feira";"14:30:00";"MG";356;264;"MURIAE";"Conversão proibida";"Colisão transversal";"Com Vítimas Feridas";"Pleno dia";"Decrescente";"Céu Claro";"Simples";"Reta";"Sim";2;0;1;0;1;0;1;2;-21,12552649;-42,37547729;"SPRF-MG";"DEL07-MG";"UOP02-DEL07-MG"
491550;2022-12-08;"quinta-feira";"15:00:00";"SC";158;117;"CUNHA PORA";"Velocidade Incompatível";"Saída de leito carroçável";"Com Vítimas Feridas";"Pleno dia";"Crescente";"Chuva";"Simples";"Curva";"Não";1;0;1;0;0;0;1;1;-26,943125;-53,204327;"SPRF-SC";"DEL07-SC";"UOP02-DEL07-SC"
491551;2022-12-08;"quinta-feira";"16:10:00";"PE";232;242;"ARCOVERDE";"Retorno proibido";"Colisão transversal";"Sem Vítimas";"Pleno dia";"Decrescente";"Céu Claro";"Simples";"Reta";"Não";4;0;0;0;3;1;0;2;-8,41469683;-36,96172896;"SPRF-PE";"DEL04-PE";"UOP02-DEL04-PE"
491552;2022-12-08;"quinta-feira";"17:00:00";"RJ";101;438;"MANGARATIBA";"Acessar a via sem observar a presença dos outros veículos";"Colisão lateral mesmo sentido";"Sem Vítimas";"Pleno dia";"Decrescente";"Céu Claro";"Simples";"Reta";"Não";2;0;0;0;2;0;0;2;-22,9502606;-44,07417802;"SPRF-RJ";"DEL03-RJ";"UOP02-DEL03-RJ"
491553;2022-12-08;"quinta-feira";"16:30:00";"SP";116;444,8;"REGISTRO";"Transitar na contramão";"Colisão com objeto";"Com Vítimas Feridas";"Pleno dia";"Decrescente";"Céu Claro";"Múltipla";"Reta;Aclive";"Sim";2;0;1;0;1;0;1;2;-24,49129421;-47,83614553;"SPRF-SP";"DEL05-SP";"UOP01-DEL05-SP"
491554;2022-12-08;"quinta-feira";"17:28:00";"RS";116;222,7;"DOIS IRMAOS";"Acessar a via sem observar a presença dos outros veículos";"Colisão transversal";"Com Vítimas Feridas";"Pleno dia";"Crescente";"Céu Claro";"Simples";"Reta";"Sim";3;0;1;0;2;0;1;2;-29,58177076;-51,09623194;"SPRF-RS";"DEL01-RS";"UOP02-DEL01-RS"
491555;2022-12-08;"quinta-feira";"15:20:00";"RJ";40;70;"PETROPOLIS";"Ausência de reação do condutor";"Colisão traseira";"Com Vítimas Feridas";"Pleno dia";"Crescente";"Céu Claro";"Simples";"Reta;Aclive";"Não";3;0;1;0;2;0;1;2;-22,44906429;-43,19987784;"SPRF-RJ";"DEL06-RJ";"UOP01-DEL06-RJ"
491556;2022-12-08;"quinta-feira";"14:40:00";"GO";153;401,4;"PIRENOPOLIS";"Ingestão de álcool pelo condutor";"Saída de leito carroçável";"Com Vítimas Feridas";"Pleno dia";"Crescente";"Céu Claro";"Simples";"Aclive";"Não";1;0;1;0;0;0;1;1;-16,051799;-49,07172;"SPRF-GO";"DEL02-GO";"UOP02-DEL02-GO"
491557;2022-12-08;"quinta-feira";"17:55:00";"SC";101;215,4;"PALHOCA";"Ausência de reação do condutor";"Atropelamento de Pedestre";"Com Vítimas Feridas";"Pleno dia";"Decrescente";"Chuva";"Múltipla";"Reta";"Sim";2;0;0;1;1;0;1;2;-27,65184843;-48,67604941;"SPRF-SC";"DEL01-SC";"UOP02-DEL01-SC"
491558;2022-12-08;"quinta-feira";"17:45:00";"RS";293;20;"CAPAO DO LEAO";"Condutor Dormindo";"Saída de leito carroçável";"Com Vítimas Feridas";"Pleno dia";"Crescente";"Céu Claro";"Simples";"Reta";"Não";2;0;2;0;0;0;2;1;-31,7402691;-52,52154902;"SPRF-RS";"DEL07-RS";"UOP01-DEL07-RS"
491559;2022-12-08;"quinta-feira";"17:45:00";"TO";153;142;"ARAGUAINA";"Ausência de reação do condutor";"Colisão transversal";"Sem Vítimas";"Pleno dia";"Crescente";"Céu Claro";"Dupla";"Reta";"Sim";2;0;0;0;2;0;0;2;-7,18228805;-48,22580095;"SPRF-TO";"DEL02-TO";"UOP01-DEL02-TO"
491562;2022-12-08;"quinta-feira";"17:45:00";"RN";304;295;"MACAIBA";"Desrespeitar a preferência no cruzamento";"Colisão transversal";"Com Vítimas Feridas";"Anoitecer";"Crescente";"Céu Claro";"Simples";"Reta;Em Obras";"Não";3;0;1;1;1;0;2;2;-5,86726977;-35,36713102;"SPRF-RN";"DEL01-RN";"UOP02-DEL01-RN"
491563;2022-12-08;"quinta-feira";"18:00:00";"PE";101;77;"RECIFE";"Pedestre cruzava a pista fora da faixa";"Atropelamento de Pedestre";"Com Vítimas Feridas";"Plena Noite";"Decrescente";"Céu Claro";"Dupla";"Reta;Declive";"Sim";2;0;1;0;0;1;1;2;-8,130963;-34,944951;"SPRF-PE";"DEL01-PE";"UOP01-DEL01-PE"
491565;2022-12-08;"quinta-feira";"18:00:00";"RJ";393;282;"VOLTA REDONDA";"Acesso irregular";"Colisão transversal";"Com Vítimas Feridas";"Anoitecer";"Decrescente";"Nublado";"Simples";"Reta";"Sim";2;0;1;0;1;0;1;2;-22,48082784;-44,04047201;"SPRF-RJ";"DEL05-RJ";"UOP04-DEL05-RJ"
491566;2022-12-08;"quinta-feira";"18:30:00";"BA";116;674;"JEQUIE";"Entrada inopinada do pedestre";"Atropelamento de Pedestre";"Com Vítimas Feridas";"Anoitecer";"Decrescente";"Nublado";"Simples";"Reta";"Não";2;0;2;0;0;0;2;2;-13,81715;-40,11209098;"SPRF-BA";"DEL03-BA";"UOP01-DEL03-BA"
491567;2022-12-08;"quinta-feira";"18:10:00";"RJ";393;185;"PARAIBA DO SUL";"Ultrapassagem Indevida";"Saída de leito carroçável";"Com Vítimas Feridas";"Pleno dia";"Decrescente";"Céu Claro";"Simples";"Reta";"Não";2;0;1;0;1;0;1;1;-22,156;-43,30781;"SPRF-RJ";"DEL05-RJ";"UOP03-DEL05-RJ"
491568;2022-12-08;"quinta-feira";"19:00:00";"RS";101;84,6;"OSORIO";"Pedestre cruzava a pista fora da faixa";"Atropelamento de Pedestre";"Com Vítimas Feridas";"Anoitecer";"Crescente";"Céu Claro";"Simples";"Reta";"Sim";2;0;0;1;1;0;1;2;-29,86832721;-50,2517237;"SPRF-RS";"DEL03-RS";"UOP01-DEL03-RS"
491569;2022-12-08;"quinta-feira";"19:00:00";"ES";262;17;"VIANA";"Transitar na contramão";"Colisão frontal";"Com Vítimas Fatais";"Plena Noite";"Crescente";"Céu Claro";"Simples";"Reta";"Sim";3;1;2;0;0;0;2;2;-20,38635961;-40,47272969;"SPRF-ES";"DEL01-ES";"UOP01-DEL01-ES"
491571;2022-12-08;"quinta-feira";"19:05:00";"SE";235;68,5;"ITABAIANA";"Reação tardia ou ineficiente do condutor";"Colisão com objeto";"Com Vítimas Feridas";"Plena Noite";"Crescente";"Céu Claro";"Simples";"Declive;Reta";"Não";3;0;3;0;0;0;3;1;-10,574201;-37,503414;"SPRF-SE";"DEL01-SE";"UOP02-DEL01-SE"
491572;2022-12-08;"quinta-feira";"19:10:00";"SP";116;444;"REGISTRO";"Acessar a via sem observar a presença dos outros veículos";"Colisão lateral sentido oposto";"Com Vítimas Feridas";"Plena Noite";"Crescente";"Ignorado";"Dupla";"Reta";"Sim";2;0;1;0;1;0;1;2;-24,49129421;-47,83614553;"SPRF-SP";"DEL05-SP";"UOP01-DEL05-SP"
491573;2022-12-08;"quinta-feira";"17:50:00";"RJ";493;1;"ITABORAI";"Conversão proibida";"Colisão transversal";"Com Vítimas Feridas";"Anoitecer";"Decrescente";"Céu Claro";"Simples";"Reta";"Sim";2;0;1;0;1;0;1;2;-22,76398788;-42,92731895;"SPRF-RJ";"DEL02-RJ";"UOP02-DEL02-RJ"
491576;2022-12-08;"quinta-feira";"19:40:00";"SC";101;135;"BALNEARIO CAMBORIU";"Demais falhas mecânicas ou elétricas";"Tombamento";"Com Vítimas Feridas";"Plena Noite";"Decrescente";"Céu Claro";"Dupla";"Reta";"Sim";2;0;0;2;0;0;2;1;-27,0050108;-48,62677494;"SPRF-SC";"DEL04-SC";"UOP03-DEL04-SC"
491578;2022-12-08;"quinta-feira";"18:08:00";"MG";459;103,6;"POUSO ALEGRE";"Reação tardia ou ineficiente do condutor";"Colisão lateral mesmo sentido";"Com Vítimas Feridas";"Anoitecer";"Decrescente";"Nublado";"Dupla";"Curva";"Sim";3;0;1;0;2;0;1;3;-22,23413564;-45,89760846;"SPRF-MG";"DEL16-MG";"UOP01-DEL16-MG"
491579;2022-12-05;"segunda-feira";"16:00:00";"RJ";101;318;"SAO GONCALO";"Manobra de mudança de faixa";"Colisão lateral mesmo sentido";"Com Vítimas Feridas";"Pleno dia";"Decrescente";"Céu Claro";"Múltipla";"Reta";"Sim";2;0;1;0;1;0;1;2;-22,84562994;-43,09841211;"SPRF-RJ";"DEL02-RJ";"UOP02-DEL02-RJ"
491582;2022-12-08;"quinta-feira";"18:10:00";"MT";163;828;"SINOP";"Conversão proibida";"Colisão transversal";"Com Vítimas Feridas";"Plena Noite";"Crescente";"Céu Claro";"Dupla";"Reta";"Sim";2;0;0;1;1;0;1;2;-12,049672;-55,51738084;"SPRF-MT";"DEL06-MT";"NPF/DEL06-MT"
491583;2022-12-08;"quinta-feira";"19:10:00";"RN";304;39;"MOSSORO";"Ingestão de álcool pelo condutor";"Tombamento";"Com Vítimas Feridas";"Plena Noite";"Crescente";"Céu Claro";"Dupla";"Reta";"Sim";1;0;1;0;0;0;1;1;-5,18846685;-37,37410298;"SPRF-RN";"DEL04-RN";"UOP02-DEL04-RN"
491584;2022-12-08;"quinta-feira";"19:45:00";"RS";293;16;"CAPAO DO LEAO";"Animais na Pista";"Atropelamento de Animal";"Com Vítimas Feridas";"Anoitecer";"Crescente";"Céu Claro";"Simples";"Reta";"Não";3;0;1;0;2;0;1;1;-31,74830625;-52,48119705;"SPRF-RS";"DEL07-RS";"UOP01-DEL07-RS"
491585;2022-12-08;"quinta-feira";"16:25:00";"AC";364;189;"BUJARI";"Pista esburacada";"Colisão traseira";"Com Vítimas Feridas";"Pleno dia";"Decrescente";"Céu Claro";"Simples";"Reta";"Não";4;0;1;0;3;0;1;2;-9,66583795;-68,19660694;"SPRF-AC";"DEL01-AC";"UOP01-DEL01-AC"
491587;2022-12-08;"quinta-feira";"19:55:00";"SP";153;70,8;"SAO JOSE DO RIO PRETO";"Reação tardia ou ineficiente do condutor";"Saída de leito carroçável";"Com Vítimas Feridas";"Plena Noite";"Decrescente";"Céu Claro";"Dupla";"Reta";"Sim";3;0;3;0;0;0;3;1;-20,860667;-49,408798;"SPRF-SP";"DEL09-SP";"UOP01-DEL09-SP"
491588;2022-12-08;"quinta-feira";"19:55:00";"RS";116;233;"ESTANCIA VELHA";"Reação tardia ou ineficiente do condutor";"Colisão traseira";"Com Vítimas Feridas";"Plena Noite";"Crescente";"Céu Claro";"Simples";"Reta";"Não";2;0;1;0;1;0;1;2;-29,64206007;-51,14268362;"SPRF-RS";"DEL01-RS";"UOP02-DEL01-RS"
491589;2022-12-08;"quinta-feira";"18:40:00";"RJ";101;420;"MANGARATIBA";"Ausência de sinalização";"Engavetamento";"Com Vítimas Feridas";"Plena Noite";"Decrescente";"Céu Claro";"Simples";"Curva;Aclive";"Não";4;0;1;0;3;0;1;3;-22,918004;-43,929061;"SPRF-RJ";"DEL03-RJ";"UOP02-DEL03-RJ"
491590;2022-12-08;"quinta-feira";"19:40:00";"SC";470;66,9;"INDAIAL";"Acessar a via sem observar a presença dos outros veículos";"Colisão transversal";"Com Vítimas Feridas";"Anoitecer";"Decrescente";"Céu Claro";"Simples";"Reta";"Sim";3;0;2;0;1;0;2;2;-26,870407;-49,221844;"SPRF-SC";"DEL04-SC";"UOP01-DEL04-SC"
491591;2022-12-08;"quinta-feira";"20:10:00";"RS";116;42,7;"VACARIA";"Conversão proibida";"Colisão frontal";"Com Vítimas Feridas";"Plena Noite";"Decrescente";"Céu Claro";"Simples";"Reta";"Não";7;0;1;0;6;0;1;2;-28,54839214;-50,9781844;"SPRF-RS";"DEL05-RS";"UOP03-DEL05-RS"
491593;2022-12-08;"quinta-feira";"18:30:00";"CE";222;164;"IRAUCUBA";"Curva acentuada";"Saída de leito carroçável";"Com Vítimas Feridas";"Plena Noite";"Crescente";"Céu Claro";"Simples";"Curva";"Não";1;0;1;0;0;0;1;1;-3,73022624;-39,91092176;"SPRF-CE";"DEL04-CE";"UOP03-DEL04-CE"
491596;2022-12-08;"quinta-feira";"20:30:00";"MG";40;496,5;"ESMERALDAS";"Velocidade Incompatível";"Saída de leito carroçável";"Com Vítimas Feridas";"Pleno dia";"Crescente";"Nublado";"Dupla";"Curva";"Não";1;0;0;1;0;0;1;1;-19,6764461;-44,1875967;"SPRF-MG";"DEL02-MG";"UOP01-DEL02-MG"
491597;2022-12-08;"quinta-feira";"20:25:00";"RJ";40;78;"PETROPOLIS";"Acesso irregular";"Atropelamento de Pedestre";"Com Vítimas Fatais";"Plena Noite";"Decrescente";"Céu Claro";"Dupla";"Aclive;Reta";"Não";2;1;1;0;0;0;1;2;-22,48485874;-43,22843406;"SPRF-RJ";"DEL06-RJ";"UOP01-DEL06-RJ"
491601;2022-12-08;"quinta-feira";"16:25:00";"RO";425;143;"GUAJARA-MIRIM";"Ausência de reação do condutor";"Colisão com objeto";"Com Vítimas Feridas";"Pleno dia";"Decrescente";"Nublado";"Dupla";"Reta";"Sim";2;0;1;0;1;0;1;2;-10,760793;-65,312408;"SPRF-RO";"DEL01-RO";"UOP03-DEL01-RO"
491602;2022-12-08;"quinta-feira";"20:15:00";"SP";153;67;"SAO JOSE DO RIO PRETO";"Ingestão de álcool pelo condutor";"Colisão lateral mesmo sentido";"Sem Vítimas";"Plena Noite";"Decrescente";"Céu Claro";"Dupla";"Reta";"Sim";3;0;0;0;2;1;0;2;-20,84853593;-49,37585608;"SPRF-SP";"DEL09-SP";"UOP01-DEL09-SP"
491605;2022-12-08;"quinta-feira";"19:30:00";"PR";373;230;"IMBITUVA";"Ausência de reação do condutor";"Colisão traseira";"Com Vítimas Fatais";"Plena Noite";"Crescente";"Ignorado";"Simples";"Reta";"Sim";2;1;1;0;0;0;1;1;-25,1807283;-50,66818293;"SPRF-PR";"DEL03-PR";"UOP01-DEL03-PR"
491607;2022-12-08;"quinta-feira";"20:15:00";"SC";116;220;"CORREIA PINTO";"Desrespeitar a preferência no cruzamento";"Colisão transversal";"Com Vítimas Feridas";"Plena Noite";"Crescente";"Nublado";"Simples";"Rotatória";"Sim";5;0;1;0;4;0;1;2;-27,58068242;-50,36849499;"SPRF-SC";"DEL05-SC";"UOP03-DEL05-SC"
491608;2022-12-08;"quinta-feira";"17:40:00";"BA";415;24;"ILHEUS";"Velocidade Incompatível";"Colisão traseira";"Com Vítimas Feridas";"Pleno dia";"Crescente";"Nublado";"Simples";"Reta";"Sim";2;0;1;0;1;0;1;2;-14,8482;-39,281986;"SPRF-BA";"DEL05-BA";"UOP01-DEL05-BA"
491609;2022-12-08;"quinta-feira";"19:00:00";"MG";365;325,8;"SAO GONCALO DO ABAETE";"Ausência de reação do condutor";"Queda de ocupante de veículo";"Com Vítimas Feridas";"Plena Noite";"Crescente";"Nublado";"Simples";"Reta";"Não";2;0;0;2;0;0;2;1;-18,28289196;-45,91092202;"SPRF-MG";"DEL10-MG";"UOP01-DEL10-MG"
491613;2022-12-08;"quinta-feira";"20:30:00";"SP";116;137,1;"SAO JOSE DOS CAMPOS";"Demais falhas mecânicas ou elétricas";"Incêndio";"Sem Vítimas";"Plena Noite";"Crescente";"Céu Claro";"Dupla";"Reta";"Não";1;0;0;0;1;0;0;1;-23,15300766;-45,78709317;"SPRF-SP";"DEL02-SP";"UOP01-DEL02-SP"
491614;2022-12-08;"quinta-feira";"19:40:00";"SP";153;39;"NOVA GRANADA";"Reação tardia ou ineficiente do condutor";"Saída de leito carroçável";"Sem Vítimas";"Plena Noite";"Crescente";"Céu Claro";"Simples";"Reta;Declive";"Sim";1;0;0;0;1;0;0;1;-20,61196908;-49,32942891;"SPRF-SP";"DEL09-SP";"UOP01-DEL09-SP"
491616;2022-12-08;"quinta-feira";"21:40:00";"PE";116;26,7;"SALGUEIRO";"Animais na Pista";"Tombamento";"Com Vítimas Feridas";"Plena Noite";"Crescente";"Céu Claro";"Simples";"Reta";"Sim";1;0;1;0;0;0;1;1;-8,069921;-39,13364;"SPRF-PE";"DEL05-PE";"UOP01-DEL05-PE"
491617;2022-12-08;"quinta-feira";"21:55:00";"PB";101;42,8;"MAMANGUAPE";"Ingestão de álcool pelo condutor";"Colisão com objeto";"Com Vítimas Feridas";"Plena Noite";"Decrescente";"Céu Claro";"Dupla";"Declive;Curva";"Não";1;0;0;1;0;0;1;1;-6,856615;-35,13444297;"SPRF-PB";"DEL01-PB";"UOP04-DEL01-PB"
491619;2022-12-08;"quinta-feira";"22:25:00";"RS";290;92;"PORTO ALEGRE";"Reação tardia ou ineficiente do condutor";"Tombamento";"Com Vítimas Feridas";"Pleno dia";"Crescente";"Céu Claro";"Simples";"Curva";"Não";1;0;1;0;0;0;1;1;-29,96953696;-51,17690206;"SPRF-RS";"DEL01-RS";"UOP01-DEL01-RS"