"id";"data_inversa";"dia_semana";"horario";"uf";"br";"km";"municipio";"causa_acidente";"tipo_acidente";"classificacao_acidente";"fase_dia";"sentido_via";"condicao_metereologica";"tipo_pista";"tracado_via";"uso_solo";"pessoas";"mortos";"feridos_leves";"feridos_graves";"ilesos";"ignorados";"feridos";"veiculos";"latitude";"longitude";"regional";"delegacia";"uop"
491742;2022-12-09;"sexta-feira";"15:30:00";"BA";116;421,5;"FEIRA DE SANTANA";"Condutor deixou de manter distância do veículo da frente";"Colisão traseira";"Com Vítimas Feridas";"Pleno dia";"Decrescente";"Céu Claro";"Dupla";"Reta";"Sim";4;0;1;0;3;0;1;2;-12,211936;-38,96567;"SPRF-BA";"DEL02-BA";"UOP01-DEL02-BA"
491743;2022-12-09;"sexta-feira";"15:30:00";"RN";101;94;"NATAL";"Entrada inopinada do pedestre";"Atropelamento de Pedestre";"Com Vítimas Feridas";"Pleno dia";"Decrescente";"Céu Claro";"Dupla";"Reta";"Sim";3;0;0;1;2;0;1;2;-5,83176615;-35,21191342;"SPRF-RN";"DEL01-RN";"UOP01-DEL01-RN"
491744;2022-11-29;"terça-feira";"03:00:00";"RJ";101;196,4;"CASIMIRO DE ABREU";"Ausência de reação do condutor";"Colisão com objeto";"Com Vítimas Feridas";"Plena Noite";"Crescente";"Nublado";"Dupla";"Curva";"Não";2;0;2;0;0;0;2;1;-22,49297444;-42,112354;"SPRF-RJ";"DEL08-RJ";"UOP04-DEL08-RJ"
491745;2022-12-09;"sexta-feira";"15:20:00";"SP";116;174;"JACAREI";"Reação tardia ou ineficiente do condutor";"Colisão com objeto";"Com Vítimas Feridas";"Pleno dia";"Decrescente";"Sol";"Dupla";"Reta";"Não";1;0;1;0;0;0;1;1;-23,32057287;-46,09074403;"SPRF-SP";"DEL02-SP";"UOP01-DEL02-SP"
491746;2022-12-03;"sábado";"19:10:00";"RN";101;102;"PARNAMIRIM";"Condutor deixou de manter distância do veículo da frente";"Colisão traseira";"Com Vítimas Feridas";"Plena Noite";"Crescente";"Céu Claro";"Dupla";"Reta";"Sim";2;0;1;0;0;1;1;2;-5,88858217;-35,24018997;"SPRF-RN";"DEL01-RN";"UOP01-DEL01-RN"
491747;2022-11-28;"segunda-feira";"05:00:00";"PE";232;73,4;"GRAVATA";"Condutor Dormindo";"Saída de leito carroçável";"Com Vítimas Feridas";"Pleno dia";"Decrescente";"Nublado";"Dupla";"Reta";"Não";2;0;2;0;0;0;2;1;-8,19466678;-35,51728814;"SPRF-PE";"DEL02-PE";"UOP02-DEL02PE"
491748;2022-12-09;"sexta-feira";"15:10:00";"PB";230;17;"JOAO PESSOA";"Manobra de mudança de faixa";"Colisão transversal";"Com Vítimas Feridas";"Pleno dia";"Crescente";"Céu Claro";"Simples";"Curva";"Sim";2;0;1;0;1;0;1;2;-7,11822159;-34,84413262;"SPRF-PB";"DEL01-PB";"UOP01-DEL01-PB"
491749;2022-12-09;"sexta-feira";"15:20:00";"RS";116;225;"DOIS IRMAOS";"Condutor Dormindo";"Saída de leito carroçável";"Com Vítimas Feridas";"Pleno dia";"Crescente";"Céu Claro";"Simples";"Reta;Aclive";"Não";1;0;1;0;0;0;1;1;-29,5991022;-51,1135426;"SPRF-RS";"DEL01-RS";"UOP02-DEL01-RS"
491750;2022-12-09;"sexta-feira";"16:05:00";"RS";386;37,6;"FREDERICO WESTPHALEN";"Acessar a via sem observar a presença dos outros veículos";"Colisão transversal";"Com Vítimas Feridas";"Pleno dia";"Crescente";"Céu Claro";"Simples";"Reta";"Não";2;0;0;1;1;0;1;2;-27,382351;-53,399605;"SPRF-RS";"DEL08-RS";"UOP02-DEL08-RS"
491752;2022-12-09;"sexta-feira";"10:50:00";"MT";163;973;"NOVA SANTA HELENA";"Ausência de reação do condutor";"Colisão traseira";"Com Vítimas Feridas";"Pleno dia";"Crescente";"Garoa/Chuvisco";"Simples";"Reta";"Não";2;0;1;0;1;0;1;2;-10,82263716;-55,17656662;"SPRF-MT";"DEL06-MT";"UOP03-DEL06-MT"
491755;2022-12-09;"sexta-feira";"15:20:00";"RN";101;118,4;"SAO JOSE DE MIPIBU";"Ingestão de álcool pelo condutor";"Tombamento";"Com Vítimas Feridas";"Pleno dia";"Decrescente";"Céu Claro";"Dupla";"Reta";"Sim";1;0;1;0;0;0;1;1;-6,01723752;-35,25256276;"SPRF-RN";"DEL01-RN";"UOP01-DEL01-RN"
491757;2022-12-09;"sexta-feira";"16:30:00";"SP";381;87;"SAO PAULO";"Demais falhas mecânicas ou elétricas";"Queda de ocupante de veículo";"Com Vítimas Feridas";"Pleno dia";"Decrescente";"Sol";"Múltipla";"Reta";"Sim";1;0;1;0;0;0;1;1;-23,46885001;-46,56996601;"SPRF-SP";"DEL03-SP";"UOP01-DEL03-SP"
491758;2022-12-09;"sexta-feira";"12:11:00";"GO";80;119;"BARRO ALTO";"Acessar a via sem observar a presença dos outros veículos";"Colisão transversal";"Com Vítimas Feridas";"Pleno dia";"Crescente";"Garoa/Chuvisco";"Simples";"Reta";"Não";2;0;1;0;1;0;1;2;-15,080456;-48,862755;"SPRF-GO";"DEL07-GO";"UOP02-DEL07-GO"
491759;2022-12-09;"sexta-feira";"13:35:00";"MG";40;526;"CONTAGEM";"Acessar a via sem observar a presença dos outros veículos";"Colisão transversal";"Com Vítimas Feridas";"Pleno dia";"Decrescente";"Céu Claro";"Dupla";"Interseção de Vias;Declive";"Sim";2;0;1;0;1;0;1;2;-19,89255399;-44,04985478;"SPRF-MG";"DEL01-MG";"UOP02-DEL01-MG"
491761;2022-12-09;"sexta-feira";"16:30:00";"SC";101;15,5;"GARUVA";"Reação tardia ou ineficiente do condutor";"Tombamento";"Com Vítimas Feridas";"Anoitecer";"Crescente";"Céu Claro";"Dupla";"Reta";"Sim";1;0;1;0;0;0;1;1;-26,10609917;-48,87224159;"SPRF-SC";"DEL03-SC";"UOP01-DEL03-SC"
491764;2022-12-09;"sexta-feira";"16:50:00";"SP";116;210;"GUARULHOS";"Ausência de reação do condutor";"Colisão com objeto";"Com Vítimas Fatais";"Pleno dia";"Decrescente";"Céu Claro";"Múltipla";"Reta";"Não";1;1;0;0;0;0;0;1;-23,42870023;-46,41085991;"SPRF-SP";"DEL01-SP";"UOP01-DEL01-SP"
491767;2022-12-09;"sexta-feira";"17:00:00";"DF";20;22;"BRASILIA";"Avarias e/ou desgaste excessivo no pneu";"Saída de leito carroçável";"Com Vítimas Feridas";"Pleno dia";"Crescente";"Chuva";"Dupla";"Curva";"Sim";1;0;1;0;0;0;1;1;-15,59834;-47,676186;"SPRF-DF";"DEL02-DF";"UOP01-DEL02-DF"
491769;2022-12-09;"sexta-feira";"17:20:00";"RJ";101;65;"CAMPOS DOS GOYTACAZES";"Condutor deixou de manter distância do veículo da frente";"Colisão traseira";"Com Vítimas Feridas";"Anoitecer";"Crescente";"Céu Claro";"Simples";"Reta";"Sim";2;0;1;0;1;0;1;2;-21,758197;-41,34348295;"SPRF-RJ";"DEL08-RJ";"UOP02-DEL08-RJ"
491773;2022-12-09;"sexta-feira";"16:20:00";"PR";476;108;"COLOMBO";"Ingestão de álcool pelo condutor";"Colisão frontal";"Com Vítimas Feridas";"Pleno dia";"Decrescente";"Nublado";"Simples";"Curva";"Não";8;0;2;6;0;0;8;2;-25,29676709;-49,15445209;"SPRF-PR";"DEL01-PR";"UOP01-DEL01-PR"
491775;2022-12-09;"sexta-feira";"17:45:00";"MG";262;448;"NOVA SERRANA";"Demais falhas mecânicas ou elétricas";"Incêndio";"Sem Vítimas";"Pleno dia";"Crescente";"Nublado";"Simples";"Aclive";"Não";1;0;0;0;1;0;0;1;-19,87174184;-44,96984197;"SPRF-MG";"DEL08-MG";"UOP03-DEL08-MG"
491776;2022-12-09;"sexta-feira";"17:30:00";"PR";376;474,1;"PONTA GROSSA";"Velocidade Incompatível";"Saída de leito carroçável";"Com Vítimas Feridas";"Pleno dia";"Decrescente";"Chuva";"Dupla";"Curva";"Não";2;0;2;0;0;0;2;1;-25,04786596;-50,23557994;"SPRF-PR";"DEL03-PR";"UOP01-DEL03-PR"
491777;2022-12-09;"sexta-feira";"18:15:00";"RJ";101;485;"ANGRA DOS REIS";"Ultrapassagem Indevida";"Colisão lateral mesmo sentido";"Com Vítimas Feridas";"Anoitecer";"Crescente";"Nublado";"Simples";"Reta";"Sim";2;0;0;1;0;1;1;2;-22,98573526;-44,29709764;"SPRF-RJ";"DEL03-RJ";"UOP03-DEL03-RJ"
491778;2022-12-09;"sexta-feira";"18:30:00";"SC";101;331;"TUBARAO";"Avarias e/ou desgaste excessivo no pneu";"Queda de ocupante de veículo";"Com Vítimas Feridas";"Pleno dia";"Decrescente";"Céu Claro";"Dupla";"Reta;Viaduto";"Sim";2;0;2;0;0;0;2;1;-28,45567521;-48,9812689;"SPRF-SC";"DEL02-SC";"UOP01-DEL02-SC"
491779;2022-12-09;"sexta-feira";"14:30:00";"RJ";40;62;"PETROPOLIS";"Ausência de reação do condutor";"Colisão com objeto";"Com Vítimas Feridas";"Pleno dia";"Decrescente";"Céu Claro";"Dupla";"Curva";"Sim";1;0;1;0;0;0;1;1;-22,40542358;-43,14664526;"SPRF-RJ";"DEL05-RJ";"UOP02-DEL05-RJ"
491781;2022-12-09;"sexta-feira";"17:30:00";"BA";242;466;"IBITIARA";"Manobra de mudança de faixa";"Colisão lateral sentido oposto";"Com Vítimas Feridas";"Anoitecer";"Crescente";"Nublado";"Simples";"Reta";"Não";2;0;0;1;1;0;1;2;-12,45524019;-42,19269699;"SPRF-BA";"DEL06-BA";"UOP01-DEL06-BA"
491782;2022-12-09;"sexta-feira";"16:40:00";"SC";282;218,4;"LAGES";"Reação tardia ou ineficiente do condutor";"Tombamento";"Com Vítimas Feridas";"Pleno dia";"Decrescente";"Céu Claro";"Simples";"Aclive;Reta";"Sim";1;0;1;0;0;0;1;1;-27,7983308;-50,30695438;"SPRF-SC";"DEL05-SC";"UOP01-DEL05-SC"
491784;2022-12-09;"sexta-feira";"18:59:00";"RS";470;215;"BENTO GONCALVES";"Acessar a via sem observar a presença dos outros veículos";"Colisão transversal";"Com Vítimas Feridas";"Pleno dia";"Decrescente";"Céu Claro";"Simples";"Reta";"Sim";2;0;0;1;1;0;1;2;-29,150635;-51,530241;"SPRF-RS";"DEL06-RS";"UOP01-DEL06-RS"
491786;2022-12-09;"sexta-feira";"16:50:00";"SC";101;206,4;"SAO JOSE";"Manobra de mudança de faixa";"Colisão lateral mesmo sentido";"Com Vítimas Feridas";"Pleno dia";"Crescente";"Nublado";"Dupla";"Reta";"Sim";1;0;1;0;0;0;1;1;-27,59193546;-48,61824557;"SPRF-SC";"DEL01-SC";"UOP01-DEL01-SC"
491787;2022-12-09;"sexta-feira";"15:30:00";"CE";222;63;"SAO GONCALO DO AMARANTE";"Demais Fenômenos da natureza";"Queda de ocupante de veículo";"Com Vítimas Feridas";"Pleno dia";"Crescente";"Céu Claro";"Simples";"Reta";"Sim";2;0;2;0;0;0;2;1;-3,6717776;-39,10726798;"SPRF-CE";"DEL01-CE";"UOP03-DEL01-CE"
491788;2022-12-09;"sexta-feira";"18:40:00";"CE";222;34;"CAUCAIA";"Reação tardia ou ineficiente do condutor";"Queda de ocupante de veículo";"Com Vítimas Feridas";"Plena Noite";"Crescente";"Céu Claro";"Dupla";"Reta";"Não";1;0;0;1;0;0;1;1;-3,70296419;-38,85572805;"SPRF-CE";"DEL01-CE";"UOP01-DEL01-CE"
491789;2022-12-09;"sexta-feira";"17:30:00";"PR";277;25,2;"MORRETES";"Conversão proibida";"Colisão traseira";"Com Vítimas Feridas";"Pleno dia";"Crescente";"Nublado";"Dupla";"Retorno Regulamentado";"Não";3;0;1;0;2;0;1;2;-25,5343724;-48,70654307;"SPRF-PR";"DEL01-PR";"UOP05-DEL01-PR"
491790;2022-12-09;"sexta-feira";"19:25:00";"ES";101;36;"CONCEICAO DA BARRA";"Demais falhas mecânicas ou elétricas";"Colisão traseira";"Com Vítimas Feridas";"Plena Noite";"Crescente";"Nublado";"Simples";"Reta";"Não";2;0;0;1;1;0;1;2;-18,46388405;-39,92935329;"SPRF-ES";"DEL04-ES";"UOP02-DEL04-ES"
491791;2022-12-09;"sexta-feira";"19:25:00";"RJ";101;58;"CAMPOS DOS GOYTACAZES";"Transitar na contramão";"Colisão lateral sentido oposto";"Com Vítimas Feridas";"Plena Noite";"Crescente";"Céu Claro";"Simples";"Interseção de Vias";"Não";2;0;0;1;1;0;1;2;-21,70488703;-41,30979616;"SPRF-RJ";"DEL08-RJ";"UOP01-DEL08-RJ"
491792;2022-12-09;"sexta-feira";"14:40:00";"MG";40;165;"JOAO PINHEIRO";"Velocidade Incompatível";"Saída de leito carroçável";"Com Vítimas Feridas";"Pleno dia";"Decrescente";"Chuva";"Dupla";"Reta";"Não";1;0;1;0;0;0;1;1;-17,9098601;-46,09926305;"SPRF-MG";"DEL14-MG";"UOP02-DEL14-MG"
491794;2022-12-09;"sexta-feira";"15:00:00";"SC";280;181,5;"MAFRA";"Acumulo de água sobre o pavimento";"Saída de leito carroçável";"Sem Vítimas";"Pleno dia";"Crescente";"Chuva";"Simples";"Declive";"Não";1;0;0;0;1;0;0;1;-26,1720778;-49,89704847;"SPRF-SC";"DEL06-SC";"UOP01-DEL06-SC"
491795;2022-12-09;"sexta-feira";"18:35:00";"PI";343;347;"TERESINA";"Condutor deixou de manter distância do veículo da frente";"Colisão traseira";"Sem Vítimas";"Anoitecer";"Crescente";"Céu Claro";"Simples";"Reta";"Sim";3;0;0;0;3;0;0;3;-5,114822;-42,778355;"SPRF-PI";"DEL01-PI";"UOP01-DEL01-PI"
491797;2022-12-09;"sexta-feira";"19:50:00";"SC";101;149;"ITAPEMA";"Reação tardia ou ineficiente do condutor";"Colisão traseira";"Com Vítimas Feridas";"Amanhecer";"Crescente";"Céu Claro";"Múltipla";"Reta";"Sim";2;0;1;0;1;0;1;2;-27,1089649;-48,61277586;"SPRF-SC";"DEL04-SC";"UOP03-DEL04-SC"
491798;2022-12-09;"sexta-feira";"18:55:00";"RJ";40;119;"DUQUE DE CAXIAS";"Acumulo de óleo sobre o pavimento";"Queda de ocupante de veículo";"Com Vítimas Feridas";"Plena Noite";"Crescente";"Céu Claro";"Simples";"Curva";"Sim";1;0;1;0;0;0;1;1;-22,76366724;-43,28703403;"SPRF-RJ";"DEL01-RJ";"UOP01-DEL01-RJ"
491799;2022-12-09;"sexta-feira";"19:10:00";"AL";101;180;"JUNQUEIRO";"Demais falhas mecânicas ou elétricas";"Incêndio";"Sem Vítimas";"Plena Noite";"Crescente";"Céu Claro";"Dupla";"Curva";"Não";1;0;0;0;1;0;0;1;-9,89373101;-36,40518514;"SPRF-AL";"DEL02-AL";"UOP02-DEL02-AL"
491800;2022-12-09;"sexta-feira";"20:10:00";"DF";70;18;"BRASILIA";"Ingestão de álcool pelo condutor";"Capotamento";"Sem Vítimas";"Plena Noite";"Crescente";"Garoa/Chuvisco";"Dupla";"Reta";"Sim";1;0;0;0;0;1;0;1;-15,791093;-48,21096;"SPRF-DF";"DEL03-DF";"UOP02-DEL03-DF"
491801;2022-12-09;"sexta-feira";"18:30:00";"RO";364;693;"PORTO VELHO";"Reação tardia ou ineficiente do condutor";"Colisão traseira";"Com Vítimas Feridas";"Anoitecer";"Crescente";"Céu Claro";"Dupla";"Rotatória";"Sim";3;0;1;0;2;0;1;2;-8,798112;-63,708916;"SPRF-RO";"DEL01-RO";"UOP01-DEL01-RO"
491802;2022-12-09;"sexta-feira";"17:15:00";"SC";101;341,7;"TUBARAO";"Condutor deixou de manter distância do veículo da frente";"Engavetamento";"Com Vítimas Feridas";"Pleno dia";"Decrescente";"Céu Claro";"Dupla";"Curva";"Sim";5;0;2;0;3;0;2;4;-28,51875992;-49,05388322;"SPRF-SC";"DEL02-SC";"UOP01-DEL02-SC"
491803;2022-12-09;"sexta-feira";"18:20:00";"PB";230;14;"CABEDELO";"Mal súbito do condutor";"Saída de leito carroçável";"Com Vítimas Feridas";"Plena Noite";"Decrescente";"Céu Claro";"Dupla";"Reta";"Sim";1;0;1;0;0;0;1;1;-7,0844;-34,8488;"SPRF-PB";"DEL01-PB";"UOP01-DEL01-PB"
491805;2022-12-09;"sexta-feira";"19:50:00";"MG";267;177,2;"LIMA DUARTE";"Acessar a via sem observar a presença dos outros veículos";"Colisão frontal";"Com Vítimas Fatais";"Plena Noite";"Crescente";"Céu Claro";"Simples";"Reta";"Sim";3;2;1;0;0;0;1;2;-21,86991;-43,917596;"SPRF-MG";"DEL05-MG";"UOP01-DEL05-MG"
491806;2022-12-09;"sexta-feira";"20:45:00";"MG";381;484,9;"BETIM";"Ausência de reação do condutor";"Tombamento";"Com Vítimas Feridas";"Plena Noite";"Crescente";"Nublado";"Dupla";"Reta;Declive";"Sim";1;0;1;0;0;0;1;1;-19,955809;-44,095688;"SPRF-MG";"DEL01-MG";"UOP03-DEL01-MG"
491808;2022-12-09;"sexta-feira";"20:00:00";"PR";116;141;"MANDIRITUBA";"Ausência de reação do condutor";"Colisão transversal";"Sem Vítimas";"Plena Noite";"Crescente";"Céu Claro";"Dupla";"Reta";"Sim";2;0;0;0;2;0;0;2;-25,77735209;-49,32452023;"SPRF-PR";"DEL01-PR";"UOP03-DEL01-PR"
491809;2022-12-09;"sexta-feira";"20:10:00";"MG";262;561;"CORREGO DANTA";"Entrada inopinada do pedestre";"Atropelamento de Pedestre";"Com Vítimas Fatais";"Plena Noite";"Decrescente";"Céu Claro";"Simples";"Reta";"Não";2;1;0;0;0;1;0;2;-19,74408259;-45,96284109;"SPRF-MG";"DEL08-MG";"UOP02-DEL08-MG"
491810;2022-12-09;"sexta-feira";"20:15:00";"SC";101;214;"PALHOCA";"Reação tardia ou ineficiente do condutor";"Colisão traseira";"Com Vítimas Feridas";"Plena Noite";"Crescente";"Nublado";"Dupla";"Reta";"Sim";4;0;0;1;3;0;1;3;-27,64443;-48,67057;"SPRF-SC";"DEL01-SC";"UOP02-DEL01-SC"
491811;2022-12-09;"sexta-feira";"18:50:00";"SC";101;100,3;"BALNEARIO PICARRAS";"Reação tardia ou ineficiente do condutor";"Queda de ocupante de veículo";"Com Vítimas Feridas";"Plena Noite";"Crescente";"Nublado";"Simples";"Reta";"Sim";1;0;1;0;0;0;1;1;-26,758088;-48,688394;"SPRF-SC";"DEL03-SC";"UOP02-DEL03-SC"
491812;2022-12-09;"sexta-feira";"17:30:00";"MA";230;396;"BALSAS";"Ausência de reação do condutor";"Colisão com objeto";"Com Vítimas Feridas";"Pleno dia";"Crescente";"Céu Claro";"Simples";"Reta";"Não";1;0;0;1;0;0;1;1;-7,45784721;-46,01508455;"SPRF-MA";"DEL05-MA";"UOP01-DEL05-MA"
491814;2022-12-09;"sexta-feira";"20:40:00";"CE";222;5;"CAUCAIA";"Pedestre cruzava a pista fora da faixa";"Atropelamento de Pedestre";"Com Vítimas Feridas";"Plena Noite";"Decrescente";"Vento";"Dupla";"Reta";"Não";2;0;0;1;1;0;1;2;-3,74296918;-38,61330997;"SPRF-CE";"DEL01-CE";"UOP01-DEL01-CE"
491815;2022-12-09;"sexta-feira";"18:30:00";"PB";104;39;"BARRA DE SANTA ROSA";"Ultrapassagem Indevida";"Colisão frontal";"Com Vítimas Feridas";"Plena Noite";"Decrescente";"Céu Claro";"Simples";"Curva";"Não";3;0;0;2;1;0;2;2;-6,68527596;-36,08270138;"SPRF-PB";"DEL02-PB";"UOP04-DEL02-PB"
491816;2022-12-09;"sexta-feira";"21:20:00";"SC";280;28,5;"ARAQUARI";"Entrada inopinada do pedestre";"Atropelamento de Pedestre";"Com Vítimas Feridas";"Plena Noite";"Crescente";"Nublado";"Simples";"Reta";"Sim";2;0;1;0;1;0;1;2;-26,40450077;-48,74561031;"SPRF-SC";"DEL03-SC";"UOP03-DEL03-SC"
491817;2022-12-09;"sexta-feira";"20:30:00";"RJ";101;456;"MANGARATIBA";"Desrespeitar a preferência no cruzamento";"Colisão transversal";"Com Vítimas Feridas";"Plena Noite";"Decrescente";"Céu Claro";"Dupla";"Retorno Regulamentado";"Sim";3;0;2;0;1;0;2;2;-23,03288558;-44,16793391;"SPRF-RJ";"DEL03-RJ";"UOP02-DEL03-RJ"
491819;2022-12-09;"sexta-feira";"14:00:00";"GO";60;319;"ACREUNA";"Reação tardia ou ineficiente do condutor";"Saída de leito carroçável";"Com Vítimas Feridas";"Pleno dia";"Decrescente";"Nublado";"Dupla";"Reta";"Não";2;0;2;0;0;0;2;1;-17,488339;-50,452633;"SPRF-GO";"DEL04-GO";"UOP02-DEL04-GO"
491821;2022-12-09;"sexta-feira";"19:30:00";"MA";230;17,7;"BARAO DE GRAJAU";"Animais na Pista";"Atropelamento de Animal";"Com Vítimas Feridas";"Plena Noite";"Decrescente";"Céu Claro";"Simples";"Reta";"Não";3;0;2;0;1;0;2;1;-6,70906805;-43,14951606;"SPRF-PI";"DEL03-PI";"UOP01-DEL03-PI"
491823;2022-12-09;"sexta-feira";"20:40:00";"PB";230;23,7;"JOAO PESSOA";"Reação tardia ou ineficiente do condutor";"Tombamento";"Com Vítimas Feridas";"Plena Noite";"Crescente";"Céu Claro";"Simples";"Reta";"Sim";2;0;0;2;0;0;2;1;-7,164086;-34,862264;"SPRF-PB";"DEL01-PB";"UOP01-DEL01-PB"
491824;2022-12-09;"sexta-feira";"22:10:00";"PI";343;10,6;"PARNAIBA";"Acessar a via sem observar a presença dos outros veículos";"Colisão transversal";"Com Vítimas Fatais";"Plena Noite";"Decrescente";"Céu Claro";"Simples";"Reta";"Sim";2;1;0;0;1;0;0;2;-2,9028494;-41,74763918;"SPRF-PI";"DEL05-PI";"UOP01-DEL05-PI"
491825;2022-12-09;"sexta-feira";"22:20:00";"DF";70;14;"BRASILIA";"Ingestão de álcool pelo condutor";"Colisão traseira";"Sem Vítimas";"Plena Noite";"Crescente";"Chuva";"Dupla";"Curva";"Não";2;0;0;0;2;0;0;2;-15,797312;-48,176056;"SPRF-DF";"DEL03-DF";"UOP02-DEL03-DF"
491826;2022-12-09;"sexta-feira";"22:00:00";"SC";101;87,7;"BARRA VELHA";"Ingestão de álcool e/ou substâncias psicoativas pelo pedestre";"Atropelamento de Pedestre";"Com Vítimas Feridas";"Plena Noite";"Crescente";"Céu Claro";"Simples";"Reta";"Sim";2;0;1;0;1;0;1;2;-26,63713377;-48,69651057;"SPRF-SC";"DEL03-SC";"UOP02-DEL03-SC"
491827;2022-12-09;"sexta-feira";"22:30:00";"SP";101;45,1;"UBATUBA";"Ultrapassagem Indevida";"Colisão transversal";"Com Vítimas Feridas";"Plena Noite";"Crescente";"Céu Claro";"Simples";"Interseção de Vias;Reta";"Sim";2;0;2;0;0;0;2;2;-23,42076952;-45,07068694;"SPRF-SP";"DEL06-SP";"UOP01-DEL06-SP"
491829;2022-12-09;"sexta-feira";"20:00:00";"BA";242;584;"IBOTIRAMA";"Reação tardia ou ineficiente do condutor";"Saída de leito carroçável";"Sem Vítimas";"Plena Noite";"Crescente";"Garoa/Chuvisco";"Simples";"Rotatória";"Sim";1;0;0;0;0;1;0;1;-12,05618113;-43,0936399;"SPRF-BA";"DEL10-BA";"UOP02-DEL10-BA"
491830;2022-12-09;"sexta-feira";"22:30:00";"GO";60;38,5;"GOIANIA";"Ingestão de álcool pelo condutor";"Saída de leito carroçável";"Com Vítimas Feridas";"Plena Noite";"Decrescente";"Nublado";"Múltipla";"Reta";"Sim";3;0;2;0;0;1;2;3;-16,7510233;-49,34062958;"SPRF-GO";"DEL01-GO";"UOP02-DEL01-GO"
491831;2022-12-09;"sexta-feira";"22:00:00";"SC";101;206;"SAO JOSE";"Ausência de reação do condutor";"Colisão traseira";"Com Vítimas Feridas";"Plena Noite";"Decrescente";"Céu Claro";"Simples";"Reta";"Sim";2;0;1;0;1;0;1;2;-27,59193546;-48,61824557;"SPRF-SC";"DEL01-SC";"UOP01-DEL01-SC"
491833;2022-12-09;"sexta-feira";"19:45:00";"SP";381;89,2;"GUARULHOS";"Ausência de reação do condutor";"Saída de leito carroçável";"Com Vítimas Feridas";"Plena Noite";"Decrescente";"Céu Claro";"Múltipla";"Reta";"Sim";3;0;2;1;0;0;3;1;-23,48469299;-46,55983288;"SPRF-SP";"DEL03-SP";"UOP01-DEL03-SP"
491834;2022-12-09;"sexta-feira";"22:01:00";"RO";364;384;"OURO PRETO DO OESTE";"Reação tardia ou ineficiente do condutor";"Tombamento";"Com Vítimas Feridas";"Plena Noite";"Crescente";"Céu Claro";"Simples";"Aclive;Reta;Interseção de Vias";"Sim";1;0;1;0;0;0;1;1;-10,71524933;-62,25065352;"SPRF-RO";"DEL02-RO";"UOP01-DEL02-RO"
491838;2022-12-09;"sexta-feira";"23:00:00";"PR";369;135,1;"IBIPORA";"Acessar a via sem observar a presença dos outros veículos";"Colisão transversal";"Sem Vítimas";"Plena Noite";"Crescente";"Nublado";"Simples";"Interseção de Vias";"Sim";3;0;0;0;3;0;0;2;-23,267822;-51,038741;"SPRF-PR";"DEL07-PR";"UOP01-DEL07-PR"
491839;2022-12-09;"sexta-feira";"22:40:00";"SC";470;57;"BLUMENAU";"Acessar a via sem observar a presença dos outros veículos";"Colisão transversal";"Sem Vítimas";"Plena Noite";"Crescente";"Céu Claro";"Simples";"Reta";"Sim";2;0;0;0;1;1;0;2;-26,880428;-49,136532;"SPRF-SC";"DEL04-SC";"UOP01-DEL04-SC"
491842;2022-12-10;"sábado";"00:00:00";"MG";40;528,2;"CONTAGEM";"Acessar a via sem observar a presença dos outros veículos";"Colisão lateral mesmo sentido";"Sem Vítimas";"Plena Noite";"Decrescente";"Céu Claro";"Dupla";"Curva";"Sim";3;0;0;0;3;0;0;2;-19,91956911;-44,03871689;"SPRF-MG";"DEL01-MG";"UOP02-DEL01-MG"
491843;2022-12-10;"sábado";"00:30:00";"SP";116;214;"GUARULHOS";"Ausência de reação do condutor";"Colisão traseira";"Sem Vítimas";"Plena Noite";"Crescente";"Céu Claro";"Múltipla";"Em Obras";"Sim";2;0;0;0;2;0;0;2;-23,44613045;-46,45290971;"SPRF-SP";"DEL01-SP";"UOP01-DEL01-SP"
491845;2022-12-10;"sábado";"00:30:00";"SC";101;137;"BALNEARIO CAMBORIU";"Avarias e/ou desgaste excessivo no pneu";"Eventos atípicos";"Com Vítimas Feridas";"Plena Noite";"Crescente";"Céu Claro";"Dupla";"Reta";"Sim";2;0;2;0;0;0;2;1;-27,0157238;-48,61192763;"SPRF-SC";"DEL04-SC";"UOP03-DEL04-SC"
491847;2022-12-09;"sexta-feira";"23:30:00";"PR";277;70;"SAO JOSE DOS PINHAIS";"Reação tardia ou ineficiente do condutor";"Capotamento";"Com Vítimas Feridas";"Plena Noite";"Decrescente";"Nublado";"Dupla";"Reta";"Sim";1;0;1;0;0;0;1;1;-25,514211;-49,122159;"SPRF-PR";"DEL01-PR";"UOP01-DEL01-PR"
491848;2022-12-10;"sábado";"00:20:00";"RS";290;200,2;"RIO PARDO";"Transitar na contramão";"Colisão frontal";"Com Vítimas Feridas";"Plena Noite";"Crescente";"Céu Claro";"Simples";"Reta";"Não";3;0;2;1;0;0;3;2;-30,170481;-52,216755;"SPRF-RS";"DEL02-RS";"UOP03-DEL02-RS"
491851;2022-10-07;"sexta-feira";"19:00:00";"RJ";116;174;"NOVA IGUACU";"Manobra de mudança de faixa";"Colisão lateral mesmo sentido";"Com Vítimas Feridas";"Plena Noite";"Crescente";"Céu Claro";"Dupla";"Reta";"Sim";2;0;1;0;0;1;1;2;-22,76553611;-43,41480911;"SPRF-RJ";"DEL01-RJ";"UOP02-DEL01-RJ"
491852;2022-12-09;"sexta-feira";"23:40:00";"MG";40;544;"NOVA LIMA";"Velocidade Incompatível";"Colisão com objeto";"Com Vítimas Feridas";"Plena Noite";"Decrescente";"Ignorado";"Dupla";"Curva";"Sim";2;0;0;1;0;1;1;2;-19,99848032;-43,96256558;"SPRF-MG";"DEL01-MG";"UOP02-DEL01-MG"