"id";"data_inversa";"dia_semana";"horario";"uf";"br";"km";"municipio";"causa_acidente";"tipo_acidente";"classificacao_acidente";"fase_dia";"sentido_via";"condicao_metereologica";"tipo_pista";"tracado_via";"uso_solo";"pessoas";"mortos";"feridos_leves";"feridos_graves";"ilesos";"ignorados";"feridos";"veiculos";"latitude";"longitude";"regional";"delegacia";"uop"
491854;2022-12-10;"sábado";"02:20:00";"SP";116;225;"GUARULHOS";"Reação tardia ou ineficiente do condutor";"Tombamento";"Com Vítimas Feridas";"Plena Noite";"Crescente";"Céu Claro";"Múltipla";"Reta";"Sim";1;0;0;1;0;0;1;1;-23,49190234;-46,54958725;"SPRF-SP";"DEL01-SP";"UOP01-DEL01-SP"
491856;2022-12-09;"sexta-feira";"19:55:00";"MG";267;182;"OLARIA";"Ingestão de álcool pelo condutor";"Colisão transversal";"Sem Vítimas";"Plena Noite";"Decrescente";"Nublado";"Simples";"Reta";"Não";3;0;0;0;2;1;0;3;-21,90490183;-43,95784218;"SPRF-MG";"DEL05-MG";"UOP01-DEL05-MG"
491858;2022-12-10;"sábado";"01:05:00";"PI";343;340,8;"TERESINA";"Ausência de reação do condutor";"Saída de leito carroçável";"Com Vítimas Feridas";"Plena Noite";"Crescente";"Chuva";"Dupla";"Reta";"Sim";1;0;0;1;0;0;1;1;-5,07762864;-42,74457335;"SPRF-PI";"DEL01-PI";"UOP01-DEL01-PI"
491860;2022-12-10;"sábado";"02:30:00";"MG";381;510,8;"SAO JOAQUIM DE BICAS";"Pista esburacada";"Tombamento";"Com Vítimas Feridas";"Plena Noite";"Decrescente";"Céu Claro";"Dupla";"Reta";"Não";1;0;1;0;0;0;1;1;-20,07738209;-44,30434488;"SPRF-MG";"DEL01-MG";"UOP03-DEL01-MG"
491861;2022-12-10;"sábado";"02:00:00";"PR";116;126;"FAZENDA RIO GRANDE";"Reação tardia ou ineficiente do condutor";"Queda de ocupante de veículo";"Com Vítimas Feridas";"Plena Noite";"Decrescente";"Nublado";"Dupla";"Reta";"Não";1;0;1;0;0;0;1;1;-25,60389895;-49,31824423;"SPRF-PR";"DEL01-PR";"UOP03-DEL01-PR"
491862;2022-12-10;"sábado";"02:30:00";"RS";287;402,9;"SANTIAGO";"Reação tardia ou ineficiente do condutor";"Colisão traseira";"Com Vítimas Feridas";"Plena Noite";"Decrescente";"Céu Claro";"Simples";"Reta";"Não";3;0;0;1;2;0;1;2;-29,14888507;-54,88646115;"SPRF-RS";"DEL12-RS";"UOP02-DEL12-RS"
491865;2022-12-10;"sábado";"03:30:00";"PE";101;69,7;"RECIFE";"Velocidade Incompatível";"Saída de leito carroçável";"Com Vítimas Fatais";"Plena Noite";"Crescente";"Nublado";"Simples";"Viaduto;Curva;Aclive";"Sim";6;5;0;1;0;0;1;1;-8,064193;-34,942386;"SPRF-PE";"DEL01-PE";"UOP01-DEL01-PE"
491866;2022-12-10;"sábado";"01:30:00";"MG";116;640,6;"DIVINO";"Ausência de reação do condutor";"Tombamento";"Com Vítimas Feridas";"Plena Noite";"Decrescente";"Nublado";"Simples";"Reta";"Não";1;0;0;1;0;0;1;1;-20,64131858;-42,24281788;"SPRF-MG";"DEL07-MG";"UOP03-DEL07-MG"
491868;2022-12-10;"sábado";"03:30:00";"RJ";40;105;"DUQUE DE CAXIAS";"Ausência de reação do condutor";"Queda de ocupante de veículo";"Sem Vítimas";"Anoitecer";"Decrescente";"Céu Claro";"Simples";"Reta";"Sim";1;0;0;0;0;1;0;1;-22,63784806;-43,28428824;"SPRF-RJ";"DEL01-RJ";"UOP01-DEL01-RJ"
491869;2022-12-10;"sábado";"04:10:00";"BA";116;663;"JEQUIE";"Reação tardia ou ineficiente do condutor";"Saída de leito carroçável";"Com Vítimas Feridas";"Amanhecer";"Decrescente";"Chuva";"Simples";"Curva";"Não";3;0;1;0;2;0;1;1;-13,72455201;-40,09665291;"SPRF-BA";"DEL03-BA";"UOP01-DEL03-BA"
491870;2022-12-10;"sábado";"04:10:00";"MS";163;500;"CAMPO GRANDE";"Ausência de reação do condutor";"Saída de leito carroçável";"Sem Vítimas";"Plena Noite";"Decrescente";"Céu Claro";"Simples";"Aclive";"Não";3;0;0;0;3;0;0;1;-20,32607304;-54,51856683;"SPRF-MS";"DEL01-MS";"UOP02-DEL01-MS"
491871;2022-12-10;"sábado";"04:15:00";"SC";101;135,9;"BALNEARIO CAMBORIU";"Ausência de reação do condutor";"Colisão traseira";"Com Vítimas Feridas";"Amanhecer";"Crescente";"Nublado";"Múltipla";"Curva";"Sim";2;0;1;0;1;0;1;2;-27,0050108;-48,62677494;"SPRF-SC";"DEL04-SC";"UOP03-DEL04-SC"
491872;2022-12-10;"sábado";"04:00:00";"RJ";101;410;"ITAGUAI";"Animais na Pista";"Atropelamento de Animal";"Com Vítimas Feridas";"Amanhecer";"Decrescente";"Céu Claro";"Dupla";"Reta";"Sim";1;0;1;0;0;0;1;1;-22,88990471;-43,84007225;"SPRF-RJ";"DEL03-RJ";"UOP01-DEL03-RJ"
491873;2022-12-10;"sábado";"04:35:00";"SP";116;216;"GUARULHOS";"Reação tardia ou ineficiente do condutor";"Capotamento";"Com Vítimas Feridas";"Amanhecer";"Decrescente";"Céu Claro";"Múltipla";"Reta";"Sim";2;0;1;0;0;1;1;2;-23,45056589;-46,46258105;"SPRF-SP";"DEL01-SP";"UOP01-DEL01-SP"
491874;2022-12-10;"sábado";"05:10:00";"MA";10;263;"IMPERATRIZ";"Ingestão de álcool pelo condutor";"Colisão traseira";"Com Vítimas Feridas";"Pleno dia";"Crescente";"Céu Claro";"Simples";"Reta";"Sim";1;0;0;1;0;0;1;1;-5,436281;-47,472649;"SPRF-MA";"DEL04-MA";"UOP01-DEL04-MA"
491876;2022-12-10;"sábado";"06:05:00";"MG";381;494;"BETIM";"Ausência de reação do condutor";"Colisão com objeto";"Com Vítimas Feridas";"Amanhecer";"Decrescente";"Céu Claro";"Dupla";"Curva;Declive";"Não";1;0;0;1;0;0;1;1;-19,965858;-44,17725;"SPRF-MG";"DEL01-MG";"UOP03-DEL01-MG"
491877;2022-12-10;"sábado";"06:30:00";"CE";222;222;"SOBRAL";"Acessar a via sem observar a presença dos outros veículos";"Colisão transversal";"Com Vítimas Feridas";"Pleno dia";"Crescente";"Céu Claro";"Simples";"Interseção de Vias";"Não";2;0;1;0;1;0;1;2;-3,71697025;-40,33441544;"SPRF-CE";"DEL04-CE";"UOP01-DEL04-CE"
491880;2022-12-10;"sábado";"06:40:00";"RN";101;94;"NATAL";"Acessar a via sem observar a presença dos outros veículos";"Atropelamento de Pedestre";"Com Vítimas Feridas";"Pleno dia";"Decrescente";"Céu Claro";"Simples";"Reta";"Sim";2;0;1;0;1;0;1;2;-5,83176615;-35,21191342;"SPRF-RN";"DEL01-RN";"UOP01-DEL01-RN"
491882;2022-12-09;"sexta-feira";"23:15:00";"MG";50;17;"UBERLANDIA";"Velocidade Incompatível";"Colisão traseira";"Com Vítimas Feridas";"Plena Noite";"Crescente";"Céu Claro";"Dupla";"Reta";"Sim";2;0;0;1;1;0;1;2;-18,9113;-48,2622;"SPRF-MG";"DEL15-MG";"UOP01-DEL15-MG"
491883;2022-12-10;"sábado";"03:30:00";"PR";277;42;"MORRETES";"Acesso irregular";"Colisão com objeto";"Com Vítimas Feridas";"Plena Noite";"Decrescente";"Garoa/Chuvisco";"Dupla";"Em Obras;Desvio Temporário;Reta";"Não";2;0;1;0;0;1;1;2;-25,57361239;-48,84469597;"SPRF-PR";"DEL01-PR";"UOP01-DEL01-PR"
491884;2022-12-10;"sábado";"07:00:00";"MG";354;756,2;"ITAMONTE";"Conversão proibida";"Colisão transversal";"Com Vítimas Fatais";"Pleno dia";"Crescente";"Sol";"Simples";"Reta";"Não";2;1;0;0;1;0;0;2;-22,304027;-44,858976;"SPRF-MG";"DEL17-MG";"UOP01-DEL17-MG"
491885;2022-12-09;"sexta-feira";"22:40:00";"BA";235;35;"PEDRO ALEXANDRE";"Animais na Pista";"Atropelamento de Animal";"Com Vítimas Fatais";"Plena Noite";"Decrescente";"Céu Claro";"Simples";"Reta";"Sim";1;1;0;0;0;0;0;1;-10,13393478;-37,97688246;"SPRF-SE";"DEL01-SE";"UOP02-DEL01-SE"
491886;2022-12-10;"sábado";"06:25:00";"SC";101;112;"ITAJAI";"Ingestão de álcool pelo condutor";"Colisão com objeto";"Sem Vítimas";"Pleno dia";"Decrescente";"Céu Claro";"Múltipla";"Curva";"Sim";1;0;0;0;1;0;0;1;-26,84551535;-48,72058868;"SPRF-SC";"DEL04-SC";"UOP04-DEL04-SC"
491888;2022-12-10;"sábado";"06:55:00";"RS";290;127,6;"ELDORADO DO SUL";"Condutor Dormindo";"Colisão frontal";"Com Vítimas Feridas";"Pleno dia";"Decrescente";"Sol";"Simples";"Reta";"Não";2;0;1;0;1;0;1;2;-30,056417;-51,479671;"SPRF-RS";"DEL02-RS";"UOP01-DEL02-RS"
491890;2022-12-09;"sexta-feira";"22:50:00";"AC";364;123;"RIO BRANCO";"Condutor deixou de manter distância do veículo da frente";"Colisão traseira";"Com Vítimas Feridas";"Plena Noite";"Crescente";"Nublado";"Dupla";"Reta";"Sim";2;0;0;1;1;0;1;2;-10,0117071;-67,782373;"SPRF-AC";"DEL01-AC";"UOP01-DEL01-AC"
491891;2022-12-10;"sábado";"00:30:00";"SP";116;227,6;"SAO PAULO";"Manobra de mudança de faixa";"Saída de leito carroçável";"Sem Vítimas";"Plena Noite";"Crescente";"Céu Claro";"Múltipla";"Reta";"Não";2;0;0;0;0;2;0;2;-23,49659264;-46,55648754;"SPRF-SP";"DEL01-SP";"UOP01-DEL01-SP"
491892;2022-12-10;"sábado";"07:05:00";"ES";101;267,9;"SERRA";"Condutor desrespeitou a iluminação vermelha do semáforo";"Colisão transversal";"Com Vítimas Feridas";"Pleno dia";"Crescente";"Sol";"Dupla";"Reta";"Sim";2;0;1;0;1;0;1;2;-20,19930999;-40,26884609;"SPRF-ES";"DEL02-ES";"UOP01-DEL02-ES"
491893;2022-12-10;"sábado";"05:45:00";"PB";361;87,8;"PIANCO";"Ausência de reação do condutor";"Tombamento";"Com Vítimas Feridas";"Amanhecer";"Crescente";"Céu Claro";"Simples";"Curva";"Não";1;0;0;1;0;0;1;1;-7,20769811;-37,94360099;"SPRF-PB";"DEL03-PB";"UOP01-DEL03-PB"
491894;2022-12-10;"sábado";"07:15:00";"CE";20;333;"CARIDADE";"Demais falhas mecânicas ou elétricas";"Incêndio";"Sem Vítimas";"Pleno dia";"Crescente";"Céu Claro";"Simples";"Reta";"Não";3;0;0;0;3;0;0;1;-4,17825369;-39,1665633;"SPRF-CE";"DEL02-CE";"UOP01-DEL02-CE"
491895;2022-12-10;"sábado";"04:15:00";"AP";210;0;"MACAPA";"Reação tardia ou ineficiente do condutor";"Colisão traseira";"Com Vítimas Feridas";"Plena Noite";"Crescente";"Nublado";"Dupla";"Reta";"Sim";3;0;1;0;0;2;1;3;0,07780012;-51,06097;"SPRF-AP";"DEL01-AP";"UOP01-DEL01-AP"
491896;2022-12-10;"sábado";"07:42:00";"GO";70;3,2;"AGUAS LINDAS DE GOIAS";"Acesso irregular";"Colisão transversal";"Com Vítimas Fatais";"Pleno dia";"Decrescente";"Céu Claro";"Dupla";"Retorno Regulamentado;Reta;Declive";"Sim";2;1;0;0;1;0;0;2;-15,76154;-48,23946;"SPRF-DF";"DEL03-DF";"UOP02-DEL03-DF"
491897;2022-12-10;"sábado";"07:55:00";"PI";316;4,8;"TERESINA";"Ingestão de álcool e/ou substâncias psicoativas pelo pedestre";"Atropelamento de Pedestre";"Com Vítimas Feridas";"Pleno dia";"Decrescente";"Céu Claro";"Múltipla";"Interseção de Vias";"Sim";3;0;0;2;1;0;2;2;-5,13655894;-42,78900388;"SPRF-PI";"DEL01-PI";"UOP02-DEL01-PI"
491898;2022-12-10;"sábado";"08:20:00";"SP";116;115,7;"TAUBATE";"Reação tardia ou ineficiente do condutor";"Colisão lateral mesmo sentido";"Com Vítimas Feridas";"Pleno dia";"Decrescente";"Céu Claro";"Dupla";"Reta";"Sim";4;0;0;2;2;0;2;3;-23,0496047;-45,59973712;"SPRF-SP";"DEL02-SP";"UOP02-DEL02-SP"
491899;2022-12-10;"sábado";"08:30:00";"SP";488;1;"APARECIDA";"Condutor deixou de manter distância do veículo da frente";"Queda de ocupante de veículo";"Com Vítimas Feridas";"Pleno dia";"Decrescente";"Céu Claro";"Dupla";"Reta";"Sim";2;0;1;0;0;1;1;2;-22,8582044;-45,2331829;"SPRF-SP";"DEL08-SP";"UOP01-DEL08-SP"
491902;2022-12-10;"sábado";"08:20:00";"RS";116;294;"GUAIBA";"Falta de elemento de contenção que evite a saída do leito carroçável";"Saída de leito carroçável";"Com Vítimas Feridas";"Pleno dia";"Decrescente";"Céu Claro";"Dupla";"Reta";"Não";2;0;2;0;0;0;2;1;-30,07077598;-51,34078522;"SPRF-RS";"DEL02-RS";"UOP01-DEL02-RS"
491905;2022-12-10;"sábado";"09:37:00";"DF";251;54;"BRASILIA";"Manobra de mudança de faixa";"Saída de leito carroçável";"Com Vítimas Feridas";"Pleno dia";"Crescente";"Céu Claro";"Dupla";"Reta";"Sim";1;0;1;0;0;0;1;1;-15,948113;-47,845235;"SPRF-DF";"DEL01-DF";"UOP01-DEL01-DF"
491906;2022-12-10;"sábado";"06:55:00";"MS";262;358;"CAMPO GRANDE";"Reação tardia ou ineficiente do condutor";"Colisão traseira";"Com Vítimas Feridas";"Pleno dia";"Decrescente";"Garoa/Chuvisco";"Simples";"Reta";"Não";2;0;1;0;1;0;1;2;-20,5395608;-54,69741178;"SPRF-MS";"DEL01-MS";"UOP03-DEL01-MS"
491907;2022-12-10;"sábado";"08:30:00";"MS";60;68;"PARAISO DAS AGUAS";"Reação tardia ou ineficiente do condutor";"Saída de leito carroçável";"Com Vítimas Feridas";"Amanhecer";"Crescente";"Céu Claro";"Simples";"Curva";"Não";4;0;3;0;1;0;3;1;-19,073558;-53,029114;"SPRF-MS";"DEL06-MS";"UOP02-DEL06-MS"
491908;2022-12-10;"sábado";"09:10:00";"ES";101;68;"SAO MATEUS";"Acumulo de óleo sobre o pavimento";"Tombamento";"Com Vítimas Feridas";"Pleno dia";"Crescente";"Sol";"Simples";"Reta";"Sim";1;0;1;0;0;0;1;1;-18,726597;-39,85975;"SPRF-ES";"DEL04-ES";"UOP02-DEL04-ES"
491909;2022-12-10;"sábado";"08:30:00";"MG";381;941;"EXTREMA";"Objeto estático sobre o leito carroçável";"Derramamento de carga";"Com Vítimas Feridas";"Pleno dia";"Crescente";"Sol";"Dupla";"Curva";"Não";3;0;1;0;1;1;1;3;-22,86021873;-46,34260711;"SPRF-MG";"DEL16-MG";"UOP03-DEL16-MG"
491911;2022-12-10;"sábado";"09:00:00";"SP";116;193;"SANTA ISABEL";"Ingestão de álcool pelo condutor";"Colisão traseira";"Com Vítimas Feridas";"Pleno dia";"Decrescente";"Céu Claro";"Dupla";"Reta";"Não";2;0;1;0;1;0;1;2;-23,380407;-46,258509;"SPRF-SP";"DEL01-SP";"NPF/DEL01-SP"
491913;2022-12-10;"sábado";"09:00:00";"GO";60;169,9;"GOIANIA";"Manobra de mudança de faixa";"Colisão lateral mesmo sentido";"Com Vítimas Feridas";"Pleno dia";"Crescente";"Céu Claro";"Dupla";"Retorno Regulamentado";"Sim";3;0;1;1;1;0;2;2;-16,7269;-49,3822;"SPRF-GO";"DEL01-GO";"UOP02-DEL01-GO"
491914;2022-12-10;"sábado";"09:10:00";"SP";116;445;"REGISTRO";"Acessar a via sem observar a presença dos outros veículos";"Colisão transversal";"Com Vítimas Feridas";"Pleno dia";"Decrescente";"Céu Claro";"Múltipla";"Interseção de Vias";"Sim";2;0;0;1;1;0;1;2;-24,49129421;-47,83614553;"SPRF-SP";"DEL05-SP";"UOP01-DEL05-SP"
491915;2022-12-10;"sábado";"09:45:00";"BA";101;101;"ALAGOINHAS";"Ultrapassagem Indevida";"Tombamento";"Com Vítimas Feridas";"Pleno dia";"Decrescente";"Céu Claro";"Simples";"Reta";"Não";1;0;1;0;0;0;1;1;-12,14919808;-38,39662694;"SPRF-BA";"DEL01-BA";"UOP04-DEL01-BA"
491916;2022-12-10;"sábado";"07:30:00";"SC";470;254,5;"CURITIBANOS";"Ausência de reação do condutor";"Saída de leito carroçável";"Sem Vítimas";"Pleno dia";"Crescente";"Céu Claro";"Simples";"Reta";"Não";2;0;0;0;2;0;0;1;-27,30883;-50,64136;"SPRF-SC";"DEL05-SC";"UOP03-DEL05-SC"
491917;2022-12-10;"sábado";"05:00:00";"MG";262;9,1;"MARTINS SOARES";"Avarias e/ou desgaste excessivo no pneu";"Saída de leito carroçável";"Com Vítimas Fatais";"Amanhecer";"Crescente";"Nublado";"Simples";"Curva";"Não";5;1;0;3;0;1;3;1;-20,24955;-41,83777;"SPRF-MG";"DEL06-MG";"UOP03-DEL06-MG"
491918;2022-12-10;"sábado";"10:10:00";"PR";376;246;"APUCARANA";"Ultrapassagem Indevida";"Colisão transversal";"Com Vítimas Feridas";"Pleno dia";"Decrescente";"Céu Claro";"Simples";"Interseção de Vias";"Sim";2;0;1;0;1;0;1;2;-23,58965;-51,41173;"SPRF-PR";"DEL07-PR";"UOP03-DEL07-PR"
491920;2022-12-10;"sábado";"08:20:00";"BA";101;164;"CONCEICAO DO JACUIPE";"Reação tardia ou ineficiente do condutor";"Saída de leito carroçável";"Com Vítimas Feridas";"Pleno dia";"Crescente";"Céu Claro";"Dupla";"Reta";"Não";2;0;2;0;0;0;2;1;-12,35551436;-38,782478;"SPRF-BA";"DEL01-BA";"UOP03-DEL01-BA"
491922;2022-12-10;"sábado";"10:30:00";"RS";285;197,5;"LAGOA VERMELHA";"Acessar a via sem observar a presença dos outros veículos";"Colisão transversal";"Com Vítimas Feridas";"Pleno dia";"Crescente";"Céu Claro";"Simples";"Rotatória";"Sim";6;0;4;0;2;0;4;2;-28,218493;-51,509666;"SPRF-RS";"DEL08-RS";"UOP05-DEL08-RS"
491923;2022-12-10;"sábado";"09:40:00";"MG";381;507;"BETIM";"Ausência de reação do condutor";"Colisão traseira";"Com Vítimas Feridas";"Pleno dia";"Crescente";"Céu Claro";"Dupla";"Reta";"Não";2;0;1;0;1;0;1;2;-20,05643192;-44,28663308;"SPRF-MG";"DEL01-MG";"UOP03-DEL01-MG"
491927;2022-12-10;"sábado";"07:50:00";"GO";40;155;"CRISTALINA";"Mal súbito do condutor";"Saída de leito carroçável";"Com Vítimas Feridas";"Pleno dia";"Decrescente";"Céu Claro";"Simples";"Reta";"Não";1;0;1;0;0;0;1;1;-17,029805;-47,175895;"SPRF-DF";"DEL01-DF";"UOP02-DEL01-DF"
491928;2022-12-10;"sábado";"11:38:00";"SC";101;226;"PALHOCA";"Ausência de reação do condutor";"Queda de ocupante de veículo";"Com Vítimas Feridas";"Pleno dia";"Crescente";"Céu Claro";"Dupla";"Declive";"Não";1;0;1;0;0;0;1;1;-27,74200001;-48,63806504;"SPRF-SC";"DEL01-SC";"UOP02-DEL01-SC"
491929;2022-12-10;"sábado";"11:15:00";"RJ";493;5;"ITABORAI";"Retorno proibido";"Colisão transversal";"Com Vítimas Feridas";"Pleno dia";"Crescente";"Céu Claro";"Simples";"Reta;Declive";"Sim";3;0;1;0;2;0;1;2;-22,73998606;-42,95374823;"SPRF-RJ";"DEL02-RJ";"UOP02-DEL02-RJ"
491930;2022-12-10;"sábado";"11:30:00";"MG";40;627,5;"CONSELHEIRO LAFAIETE";"Acessar a via sem observar a presença dos outros veículos";"Colisão transversal";"Com Vítimas Feridas";"Pleno dia";"Crescente";"Céu Claro";"Simples";"Reta";"Sim";2;0;1;0;1;0;1;2;-20,64367296;-43,81160438;"SPRF-MG";"DEL05-MG";"UOP02-DEL05-MG"
491931;2022-12-10;"sábado";"11:04:00";"RN";101;103;"PARNAMIRIM";"Ausência de sinalização";"Colisão traseira";"Com Vítimas Feridas";"Pleno dia";"Crescente";"Céu Claro";"Múltipla";"Reta";"Sim";3;0;1;0;2;0;1;2;-5,89034022;-35,24894996;"SPRF-RN";"DEL01-RN";"UOP01-DEL01-RN"
491933;2022-12-10;"sábado";"11:40:00";"SP";153;223,2;"MARILIA";"Mal súbito do condutor";"Capotamento";"Com Vítimas Feridas";"Pleno dia";"Decrescente";"Céu Claro";"Simples";"Reta";"Não";1;0;1;0;0;0;1;1;-22,02316205;-49,90722425;"SPRF-SP";"DEL07-SP";"UOP02-DEL07-SP"
491935;2022-12-10;"sábado";"12:20:00";"RS";116;144,7;"CAXIAS DO SUL";"Reação tardia ou ineficiente do condutor";"Saída de leito carroçável";"Sem Vítimas";"Pleno dia";"Decrescente";"Céu Claro";"Dupla";"Reta";"Sim";1;0;0;0;0;1;0;1;-29,1267449;-51,12768983;"SPRF-RS";"DEL05-RS";"UOP01-DEL05-RS"
491936;2022-12-10;"sábado";"10:50:00";"RO";364;711;"PORTO VELHO";"Reação tardia ou ineficiente do condutor";"Colisão traseira";"Sem Vítimas";"Pleno dia";"Crescente";"Céu Claro";"Dupla";"Reta";"Sim";4;0;0;0;4;0;0;2;-8,78153947;-63,86531369;"SPRF-RO";"DEL01-RO";"UOP01-DEL01-RO"
491937;2022-12-10;"sábado";"12:15:00";"SC";101;208;"SAO JOSE";"Reação tardia ou ineficiente do condutor";"Colisão traseira";"Com Vítimas Feridas";"Pleno dia";"Crescente";"Céu Claro";"Múltipla";"Reta;Interseção de Vias";"Sim";3;0;1;0;2;0;1;2;-27,60842795;-48,63747239;"SPRF-SC";"DEL01-SC";"UOP01-DEL01-SC"
491939;2022-12-10;"sábado";"10:20:00";"AC";364;126;"RIO BRANCO";"Acessar a via sem observar a presença dos outros veículos";"Colisão lateral mesmo sentido";"Com Vítimas Feridas";"Pleno dia";"Crescente";"Céu Claro";"Simples";"Reta";"Sim";2;0;1;0;1;0;1;2;-10,012822;-67,80875;"SPRF-AC";"DEL01-AC";"UOP01-DEL01-AC"
491940;2022-12-10;"sábado";"12:00:00";"BA";116;424;"FEIRA DE SANTANA";"Acessar a via sem observar a presença dos outros veículos";"Colisão transversal";"Com Vítimas Feridas";"Pleno dia";"Crescente";"Céu Claro";"Simples";"Reta";"Sim";2;0;1;0;1;0;1;2;-12,23257586;-38,97248506;"SPRF-BA";"DEL02-BA";"UOP01-DEL02-BA"
491941;2022-12-10;"sábado";"12:50:00";"GO";60;198,6;"GUAPO";"Pista Escorregadia";"Saída de leito carroçável";"Com Vítimas Fatais";"Pleno dia";"Crescente";"Chuva";"Dupla";"Declive";"Não";4;1;1;2;0;0;3;1;-16,7956;-49,51;"SPRF-GO";"DEL01-GO";"UOP02-DEL01-GO"
491942;2022-12-10;"sábado";"10:25:00";"MT";163;1032;"PEIXOTO DE AZEVEDO";"Acesso irregular";"Colisão transversal";"Com Vítimas Feridas";"Pleno dia";"Crescente";"Céu Claro";"Simples";"Reta";"Sim";2;0;0;1;1;0;1;2;-10,230456;-54,977411;"SPRF-MT";"DEL06-MT";"UOP03-DEL06-MT"
491943;2022-12-10;"sábado";"10:40:00";"RR";432;196,2;"CANTA";"Retorno proibido";"Colisão transversal";"Com Vítimas Feridas";"Pleno dia";"Crescente";"Céu Claro";"Simples";"Reta";"Não";3;0;1;2;0;0;3;2;2,652438;-60,590595;"SPRF-RR";"DEL01-RR";"UOP01-DEL01-RR"
491945;2022-12-10;"sábado";"08:30:00";"MG";116;479,1;"DOM CAVATI";"Manobra de mudança de faixa";"Colisão frontal";"Com Vítimas Feridas";"Pleno dia";"Crescente";"Céu Claro";"Simples";"Reta";"Não";2;0;0;1;1;0;1;2;-19,385223;-42,1121509;"SPRF-MG";"DEL06-MG";"UOP02-DEL06-MG"
491946;2022-12-10;"sábado";"13:15:00";"ES";262;116,2;"CONCEICAO DO CASTELO";"Desrespeitar a preferência no cruzamento";"Colisão transversal";"Com Vítimas Feridas";"Pleno dia";"Crescente";"Céu Claro";"Simples";"Rotatória";"Não";5;0;2;3;0;0;5;2;-20,31837934;-41,22569203;"SPRF-ES";"DEL01-ES";"UOP02-DEL01-ES"
491947;2022-12-10;"sábado";"12:30:00";"SP";381;77;"SAO PAULO";"Condutor deixou de manter distância do veículo da frente";"Colisão traseira";"Com Vítimas Feridas";"Pleno dia";"Decrescente";"Sol";"Dupla";"Curva";"Não";4;0;1;0;2;1;1;3;-23,388839;-46,5693478;"SPRF-SP";"DEL03-SP";"UOP01-DEL03-SP"
491948;2022-12-10;"sábado";"13:00:00";"DF";251;59,1;"BRASILIA";"Ultrapassagem Indevida";"Colisão frontal";"Com Vítimas Feridas";"Pleno dia";"Decrescente";"Céu Claro";"Simples";"Reta";"Não";3;0;1;1;0;1;2;3;-15,948113;-47,845235;"SPRF-DF";"DEL01-DF";"UOP01-DEL01-DF"
491949;2022-12-10;"sábado";"12:35:00";"BA";242;1;"BARREIRAS";"Ultrapassagem Indevida";"Colisão frontal";"Com Vítimas Feridas";"Pleno dia";"Decrescente";"Sol";"Simples";"Reta";"Não";3;0;0;3;0;0;3;2;-12,135996;-44,947528;"SPRF-BA";"DEL10-BA";"UOP01-DEL10-BA"
491950;2022-12-10;"sábado";"13:30:00";"SC";101;124;"ITAJAI";"Reação tardia ou ineficiente do condutor";"Colisão traseira";"Com Vítimas Feridas";"Pleno dia";"Crescente";"Céu Claro";"Dupla";"Reta";"Sim";4;0;2;0;2;0;2;3;-26,94335064;-48,69198648;"SPRF-SC";"DEL04-SC";"UOP04-DEL04-SC"
491951;2022-12-10;"sábado";"13:50:00";"ES";101;336,5;"GUARAPARI";"Conversão proibida";"Colisão transversal";"Com Vítimas Feridas";"Pleno dia";"Crescente";"Céu Claro";"Simples";"Reta";"Não";2;0;1;0;1;0;1;2;-20,62834446;-40,53656038;"SPRF-ES";"DEL03-ES";"UOP01-DEL03-ES"
491952;2022-12-10;"sábado";"14:00:00";"ES";101;68;"SAO MATEUS";"Condutor desrespeitou a iluminação vermelha do semáforo";"Colisão transversal";"Com Vítimas Feridas";"Pleno dia";"Crescente";"Céu Claro";"Simples";"Retorno Regulamentado";"Sim";3;0;1;0;2;0;1;2;-18,726597;-39,85975;"SPRF-ES";"DEL04-ES";"UOP02-DEL04-ES"
491953;2022-12-10;"sábado";"13:35:00";"PE";232;55,5;"POMBOS";"Reação tardia ou ineficiente do condutor";"Saída de leito carroçável";"Com Vítimas Feridas";"Pleno dia";"Crescente";"Céu Claro";"Dupla";"Reta";"Sim";5;0;2;1;2;0;3;1;-8,134411;-35,368502;"SPRF-PE";"DEL02-PE";"UOP02-DEL02PE"
491954;2022-12-10;"sábado";"13:15:00";"GO";153;495,3;"GOIANIA";"Velocidade Incompatível";"Queda de ocupante de veículo";"Com Vítimas Feridas";"Pleno dia";"Crescente";"Céu Claro";"Dupla";"Reta";"Sim";1;0;1;0;0;0;1;1;-16,6681;-49,2263;"SPRF-GO";"DEL01-GO";"UOP01-DEL01-GO"
491955;2022-12-10;"sábado";"13:40:00";"SC";101;113;"ITAJAI";"Condutor deixou de manter distância do veículo da frente";"Colisão traseira";"Com Vítimas Feridas";"Pleno dia";"Crescente";"Nublado";"Dupla";"Retorno Regulamentado";"Não";3;0;2;0;1;0;2;2;-26,85311393;-48,72689927;"SPRF-SC";"DEL04-SC";"UOP04-DEL04-SC"
491957;2022-12-10;"sábado";"12:30:00";"SC";480;127;"CHAPECO";"Reação tardia ou ineficiente do condutor";"Colisão traseira";"Com Vítimas Feridas";"Pleno dia";"Crescente";"Céu Claro";"Dupla";"Reta";"Não";3;0;1;0;2;0;1;3;-27,02885905;-52,63380035;"SPRF-SC";"DEL07-SC";"UOP01-DEL07-SC"