"id";"data_inversa";"dia_semana";"horario";"uf";"br";"km";"municipio";"causa_acidente";"tipo_acidente";"classificacao_acidente";"fase_dia";"sentido_via";"condicao_metereologica";"tipo_pista";"tracado_via";"uso_solo";"pessoas";"mortos";"feridos_leves";"feridos_graves";"ilesos";"ignorados";"feridos";"veiculos";"latitude";"longitude";"regional";"delegacia";"uop"
492061;2022-12-11;"domingo";"00:30:00";"RS";116;265;"CANOAS";"Manobra de mudança de faixa";"Colisão lateral mesmo sentido";"Com Vítimas Feridas";"Plena Noite";"Crescente";"Céu Claro";"Múltipla";"Reta";"Sim";3;0;2;0;1;0;2;2;-29,92342302;-51,17780944;"SPRF-RS";"DEL01-RS";"UOP01-DEL01-RS"
492066;2022-12-11;"domingo";"00:50:00";"RS";290;61,3;"GRAVATAI";"Condutor Dormindo";"Colisão traseira";"Com Vítimas Feridas";"Plena Noite";"Decrescente";"Nublado";"Dupla";"Reta";"Não";3;0;2;0;1;0;2;2;-29,927965;-50,868099;"SPRF-RS";"DEL03-RS";"UOP01-DEL03-RS"
492067;2022-12-10;"sábado";"00:50:00";"SC";101;214,5;"PALHOCA";"Ingestão de substâncias psicoativas pelo condutor";"Colisão traseira";"Com Vítimas Feridas";"Plena Noite";"Crescente";"Céu Claro";"Dupla";"Reta";"Sim";2;0;1;0;1;0;1;2;-27,64443;-48,67057;"SPRF-SC";"DEL01-SC";"UOP02-DEL01-SC"
492068;2022-12-11;"domingo";"00:30:00";"PR";277;39;"MORRETES";"Ingestão de álcool pelo condutor";"Colisão com objeto";"Sem Vítimas";"Plena Noite";"Decrescente";"Garoa/Chuvisco";"Dupla";"Desvio Temporário";"Não";1;0;0;0;1;0;0;1;-25,58223945;-48,86661509;"SPRF-PR";"DEL01-PR";"UOP05-DEL01-PR"
492069;2022-12-11;"domingo";"00:30:00";"RS";116;121;"SAO MARCOS";"Ingestão de álcool pelo condutor";"Colisão com objeto";"Com Vítimas Feridas";"Plena Noite";"Decrescente";"Céu Claro";"Simples";"Curva";"Não";2;0;2;0;0;0;2;1;-29,00573128;-51,06932906;"SPRF-RS";"DEL05-RS";"UOP01-DEL05-RS"
492071;2022-12-11;"domingo";"02:10:00";"SC";101;212;"PALHOCA";"Ingestão de álcool e/ou substâncias psicoativas pelo pedestre";"Colisão traseira";"Sem Vítimas";"Plena Noite";"Decrescente";"Céu Claro";"Múltipla";"Reta";"Não";2;0;0;0;2;0;0;2;-27,62996929;-48,65903871;"SPRF-SC";"DEL01-SC";"UOP02-DEL01-SC"
492072;2022-12-10;"sábado";"22:30:00";"SC";470;32,7;"GASPAR";"Pedestre andava na pista";"Atropelamento de Pedestre";"Com Vítimas Fatais";"Plena Noite";"Crescente";"Nublado";"Dupla";"Reta";"Sim";2;1;0;0;0;1;0;2;-26,9054686;-48,9395971;"SPRF-SC";"DEL04-SC";"UOP01-DEL04-SC"
492073;2022-12-11;"domingo";"01:40:00";"RJ";465;5;"SEROPEDICA";"Acessar a via sem observar a presença dos outros veículos";"Colisão transversal";"Com Vítimas Feridas";"Plena Noite";"Crescente";"Céu Claro";"Simples";"Reta";"Sim";5;0;1;1;3;0;2;3;-22,747673;-43,699196;"SPRF-RJ";"DEL01-RJ";"UOP03-DEL01-RJ"
492076;2022-12-11;"domingo";"03:10:00";"RS";158;327,9;"SANTA MARIA";"Ausência de reação do condutor";"Saída de leito carroçável";"Sem Vítimas";"Plena Noite";"Crescente";"Ignorado";"Simples";"Reta";"Sim";3;0;0;0;3;0;0;1;-29,714945;-53,81083;"SPRF-RS";"DEL09-RS";"UOP01-DEL09-RS"
492082;2022-12-11;"domingo";"00:10:00";"SC";470;89,2;"APIUNA";"Ingestão de álcool pelo condutor";"Saída de leito carroçável";"Sem Vítimas";"Plena Noite";"Decrescente";"Céu Claro";"Simples";"Reta";"Sim";1;0;0;0;0;1;0;1;-26,961573;-49,371918;"SPRF-SC";"DEL04-SC";"UOP01-DEL04-SC"
492090;2022-12-11;"domingo";"03:30:00";"PR";277;73;"SAO JOSE DOS PINHAIS";"Ausência de reação do condutor";"Saída de leito carroçável";"Sem Vítimas";"Plena Noite";"Crescente";"Nublado";"Dupla";"Reta";"Não";1;0;0;0;0;1;0;1;-25,50048955;-49,15300369;"SPRF-PR";"DEL01-PR";"UOP01-DEL01-PR"
492091;2022-12-11;"domingo";"04:40:00";"SC";101;208,6;"SAO JOSE";"Acessar a via sem observar a presença dos outros veículos";"Colisão transversal";"Com Vítimas Feridas";"Amanhecer";"Crescente";"Chuva";"Múltipla";"Aclive;Interseção de Vias;Rotatória";"Sim";2;0;1;0;1;0;1;2;-27,60601309;-48,63527298;"SPRF-SC";"DEL01-SC";"UOP01-DEL01-SC"
492092;2022-12-11;"domingo";"03:50:00";"SC";163;69;"SAO MIGUEL DO OESTE";"Velocidade Incompatível";"Saída de leito carroçável";"Sem Vítimas";"Plena Noite";"Crescente";"Céu Claro";"Dupla";"Curva";"Sim";1;0;0;0;1;0;0;1;-26,74132699;-53,50120591;"SPRF-SC";"DEL07-SC";"UOP03-DEL07-SC"
492093;2022-12-11;"domingo";"04:20:00";"SC";101;131,5;"BALNEARIO CAMBORIU";"Ausência de reação do condutor";"Saída de leito carroçável";"Com Vítimas Feridas";"Plena Noite";"Decrescente";"Céu Claro";"Múltipla";"Curva";"Não";1;0;0;1;0;0;1;1;-26,99550119;-48,65719199;"SPRF-SC";"DEL04-SC";"UOP03-DEL04-SC"
492094;2022-12-11;"domingo";"04:30:00";"PR";153;333,6;"IRATI";"Ausência de reação do condutor";"Colisão traseira";"Com Vítimas Feridas";"Amanhecer";"Crescente";"Céu Claro";"Simples";"Aclive;Reta";"Sim";3;0;0;1;0;2;1;3;-25,472717033;-50,6377519716;"SPRF-PR";"DEL08-PR";"UOP02-DEL08-PR"
492095;2022-12-11;"domingo";"04:40:00";"PR";277;598,5;"CASCAVEL";"Ingestão de álcool pelo condutor";"Saída de leito carroçável";"Com Vítimas Fatais";"Plena Noite";"Decrescente";"Céu Claro";"Simples";"Reta";"Não";1;1;0;0;0;0;0;1;-25,00489733;-53,52558743;"SPRF-PR";"DEL04-PR";"UOP01-DEL04-PR"
492097;2022-12-11;"domingo";"05:20:00";"PE";232;336;"CUSTODIA";"Ingestão de álcool pelo condutor";"Saída de leito carroçável";"Com Vítimas Fatais";"Amanhecer";"Crescente";"Céu Claro";"Simples";"Reta";"Sim";1;1;0;0;0;0;0;1;-8,08346027;-37,65571502;"SPRF-PE";"DEL04-PE";"UOP02-DEL04-PE"
492098;2022-12-10;"sábado";"20:20:00";"RO";364;382,8;"OURO PRETO DO OESTE";"Transitar na contramão";"Colisão frontal";"Com Vítimas Feridas";"Plena Noite";"Decrescente";"Chuva";"Simples";"Aclive";"Sim";5;0;2;0;2;1;2;3;-10,72158635;-62,24304199;"SPRF-RO";"DEL02-RO";"UOP01-DEL02-RO"
492099;2022-12-11;"domingo";"03:30:00";"MT";364;203;"RONDONOPOLIS";"Ingestão de álcool pelo condutor";"Saída de leito carroçável";"Com Vítimas Feridas";"Plena Noite";"Decrescente";"Céu Claro";"Dupla";"Reta";"Sim";1;0;1;0;0;0;1;1;-16,47555256;-54,65344724;"SPRF-MT";"DEL02-MT";"UOP01-DEL02-MT"
492100;2022-12-10;"sábado";"21:50:00";"BA";101;348;"TEOLANDIA";"Acessar a via sem observar a presença dos outros veículos";"Atropelamento de Pedestre";"Com Vítimas Feridas";"Plena Noite";"Decrescente";"Nublado";"Simples";"Interseção de Vias";"Sim";4;0;2;0;1;1;2;3;-13,60255;-39,492693;"SPRF-BA";"DEL05-BA";"UOP03-DEL05-BA"
492102;2022-12-11;"domingo";"05:30:00";"PR";277;67;"SAO JOSE DOS PINHAIS";"Condutor deixou de manter distância do veículo da frente";"Colisão traseira";"Com Vítimas Feridas";"Amanhecer";"Crescente";"Céu Claro";"Dupla";"Interseção de Vias";"Não";2;0;1;0;0;1;1;2;-25,54511074;-49,05291088;"SPRF-PR";"DEL01-PR";"UOP01-DEL01-PR"
492103;2022-12-11;"domingo";"04:30:00";"GO";60;204,4;"GUAPO";"Ingestão de álcool pelo condutor";"Capotamento";"Sem Vítimas";"Plena Noite";"Crescente";"Nublado";"Dupla";"Retorno Regulamentado";"Sim";2;0;0;0;2;0;0;1;-16,8995;-49,6387;"SPRF-GO";"DEL01-GO";"UOP02-DEL01-GO"
492106;2022-12-11;"domingo";"05:30:00";"RJ";101;56,6;"CAMPOS DOS GOYTACAZES";"Reação tardia ou ineficiente do condutor";"Colisão com objeto";"Com Vítimas Feridas";"Pleno dia";"Crescente";"Céu Claro";"Simples";"Reta";"Não";2;0;1;0;1;0;1;1;-21,68714199;-41,31063697;"SPRF-RJ";"DEL08-RJ";"UOP01-DEL08-RJ"
492107;2022-12-11;"domingo";"06:00:00";"PA";222;31,5;"DOM ELISEU";"Transitar na contramão";"Colisão frontal";"Com Vítimas Feridas";"Pleno dia";"Crescente";"Céu Claro";"Simples";"Aclive";"Não";2;0;0;1;0;1;1;2;-4,325198;-47,669346;"SPRF-PA";"DEL02-PA";"UOP02-DEL02-PA"
492108;2022-12-11;"domingo";"04:00:00";"RJ";116;174;"SAO JOAO DE MERITI";"Ausência de reação do condutor";"Colisão com objeto";"Com Vítimas Feridas";"Amanhecer";"Crescente";"Céu Claro";"Dupla";"Reta";"Sim";1;0;1;0;0;0;1;1;-22,79423806;-43,36403759;"SPRF-RJ";"DEL01-RJ";"UOP02-DEL01-RJ"
492113;2022-12-10;"sábado";"23:20:00";"MG";40;521;"CONTAGEM";"Acumulo de água sobre o pavimento";"Colisão traseira";"Com Vítimas Feridas";"Plena Noite";"Crescente";"Garoa/Chuvisco";"Dupla";"Curva";"Não";5;0;3;0;2;0;3;2;-19,85651501;-44,07213222;"SPRF-MG";"DEL01-MG";"UOP02-DEL01-MG"
492115;2022-12-11;"domingo";"06:50:00";"MG";50;10;"UBERLANDIA";"Ingestão de substâncias psicoativas pelo condutor";"Saída de leito carroçável";"Sem Vítimas";"Pleno dia";"Decrescente";"Sol";"Dupla";"Curva";"Não";1;0;0;0;1;0;0;1;-18,884001;-48,202006;"SPRF-MG";"DEL15-MG";"UOP01-DEL15-MG"
492116;2022-12-11;"domingo";"06:00:00";"RO";364;709;"PORTO VELHO";"Acesso irregular";"Colisão transversal";"Com Vítimas Feridas";"Pleno dia";"Crescente";"Nublado";"Dupla";"Reta";"Sim";2;0;0;1;1;0;1;2;-8,7909383;-63,84895617;"SPRF-RO";"DEL01-RO";"UOP01-DEL01-RO"
492117;2022-12-11;"domingo";"07:00:00";"PR";116;145;"MANDIRITUBA";"Ingestão de álcool pelo condutor";"Saída de leito carroçável";"Com Vítimas Feridas";"Amanhecer";"Decrescente";"Nublado";"Simples";"Reta";"Não";1;0;1;0;0;0;1;1;-25,77290167;-49,32325542;"SPRF-PR";"DEL01-PR";"UOP03-DEL01-PR"
492118;2022-12-10;"sábado";"22:00:00";"RJ";40;123;"DUQUE DE CAXIAS";"Reação tardia ou ineficiente do condutor";"Tombamento";"Com Vítimas Feridas";"Plena Noite";"Decrescente";"Céu Claro";"Múltipla";"Curva";"Sim";1;0;1;0;0;0;1;1;-22,79907687;-43,29015739;"SPRF-RJ";"DEL01-RJ";"UOP01-DEL01-RJ"
492119;2022-12-11;"domingo";"05:15:00";"SC";470;18;"LUIZ ALVES";"Transitar na contramão";"Colisão lateral sentido oposto";"Com Vítimas Fatais";"Amanhecer";"Crescente";"Nublado";"Simples";"Curva";"Não";3;1;0;1;1;0;1;3;-26,8110396;-48,8110396;"SPRF-SC";"DEL04-SC";"UOP04-DEL04-SC"
492121;2022-12-11;"domingo";"07:20:00";"SP";116;115,7;"TAUBATE";"Condutor deixou de manter distância do veículo da frente";"Engavetamento";"Com Vítimas Feridas";"Pleno dia";"Decrescente";"Céu Claro";"Dupla";"Reta";"Sim";6;0;2;0;3;1;2;4;-23,05316869;-45,60755253;"SPRF-SP";"DEL02-SP";"UOP02-DEL02-SP"
492122;2022-12-11;"domingo";"07:36:00";"DF";60;30,2;"BRASILIA";"Velocidade Incompatível";"Saída de leito carroçável";"Sem Vítimas";"Pleno dia";"Crescente";"Céu Claro";"Dupla";"Reta";"Sim";1;0;0;0;0;1;0;1;-16,03854;-48,255955;"SPRF-DF";"DEL03-DF";"UOP01-DEL03-DF"
492123;2022-12-11;"domingo";"07:20:00";"BA";242;870;"BARREIRAS";"Ultrapassagem Indevida";"Saída de leito carroçável";"Com Vítimas Feridas";"Pleno dia";"Crescente";"Céu Claro";"Simples";"Reta";"Não";3;0;3;0;0;0;3;1;-12,0822277;-45,46990595;"SPRF-BA";"DEL10-BA";"UOP01-DEL10-BA"
492126;2022-12-11;"domingo";"08:10:00";"SC";101;208;"SAO JOSE";"Condutor desrespeitou a iluminação vermelha do semáforo";"Colisão transversal";"Sem Vítimas";"Pleno dia";"Decrescente";"Garoa/Chuvisco";"Múltipla";"Interseção de Vias";"Sim";2;0;0;0;2;0;0;2;-27,60327979;-48,63201818;"SPRF-SC";"DEL01-SC";"UOP01-DEL01-SC"
492127;2022-12-11;"domingo";"08:16:00";"SP";116;427;"REGISTRO";"Reação tardia ou ineficiente do condutor";"Saída de leito carroçável";"Com Vítimas Feridas";"Pleno dia";"Decrescente";"Nublado";"Dupla";"Reta";"Não";2;0;2;0;0;0;2;1;-24,39698355;-47,72892421;"SPRF-SP";"DEL05-SP";"UOP01-DEL05-SP"
492128;2022-12-11;"domingo";"08:20:00";"BA";116;424;"FEIRA DE SANTANA";"Ingestão de álcool pelo condutor";"Colisão lateral sentido oposto";"Com Vítimas Feridas";"Pleno dia";"Crescente";"Sol";"Simples";"Reta";"Sim";3;0;2;0;1;0;2;2;-12,23891541;-38,98161037;"SPRF-BA";"DEL02-BA";"UOP01-DEL02-BA"
492129;2022-12-11;"domingo";"05:45:00";"RS";472;596,6;"URUGUAIANA";"Condutor Dormindo";"Saída de leito carroçável";"Sem Vítimas";"Amanhecer";"Crescente";"Céu Claro";"Simples";"Reta";"Não";1;0;0;0;1;0;0;1;-29,86349897;-57,10910512;"SPRF-RS";"DEL13-RS";"UOP01-DEL13-RS"
492130;2022-12-10;"sábado";"22:50:00";"RJ";40;105;"DUQUE DE CAXIAS";"Entrada inopinada do pedestre";"Atropelamento de Pedestre";"Com Vítimas Feridas";"Plena Noite";"Decrescente";"Céu Claro";"Múltipla";"Aclive";"Sim";3;0;1;1;1;0;2;2;-22,63784806;-43,28428824;"SPRF-RJ";"DEL01-RJ";"UOP01-DEL01-RJ"
492131;2022-12-11;"domingo";"09:10:00";"PR";376;117,4;"ALTO PARANA";"Avarias e/ou desgaste excessivo no pneu";"Tombamento";"Com Vítimas Feridas";"Pleno dia";"Decrescente";"Sol";"Dupla";"Reta";"Não";2;0;2;0;0;0;2;1;-23,10562842;-52,34787941;"SPRF-PR";"DEL09-PR";"UOP02-DEL09-PR"
492133;2022-12-11;"domingo";"07:20:00";"SP";116;95;"PINDAMONHANGABA";"Frear bruscamente";"Colisão traseira";"Com Vítimas Feridas";"Pleno dia";"Crescente";"Céu Claro";"Dupla";"Reta";"Não";2;0;1;0;0;1;1;2;-22,96514512;-45,43013094;"SPRF-SP";"DEL08-SP";"UOP01-DEL08-SP"
492134;2022-12-11;"domingo";"09:05:00";"GO";153;507;"APARECIDA DE GOIANIA";"Reação tardia ou ineficiente do condutor";"Colisão traseira";"Com Vítimas Feridas";"Pleno dia";"Crescente";"Céu Claro";"Múltipla";"Reta;Interseção de Vias";"Sim";4;0;1;0;3;0;1;2;-16,7715;-49,2387;"SPRF-GO";"DEL01-GO";"UOP03-DEL01-GO"
492135;2022-12-11;"domingo";"10:36:00";"SP";116;1;"GUARULHOS";"Acessar a via sem observar a presença dos outros veículos";"Colisão transversal";"Com Vítimas Feridas";"Pleno dia";"Decrescente";"Céu Claro";"Simples";"Curva";"Sim";3;0;1;0;1;1;1;3;-23,45355187;-46,49097562;"SPRF-SP";"DEL01-SP";"UOP01-DEL01-SP"
492136;2022-12-11;"domingo";"09:50:00";"AL";104;70;"MESSIAS";"Velocidade Incompatível";"Saída de leito carroçável";"Com Vítimas Feridas";"Pleno dia";"Crescente";"Sol";"Simples";"Curva";"Não";2;0;2;0;0;0;2;1;-9,36857729;-35,83096504;"SPRF-AL";"DEL01-AL";"UOP02-DEL01-AL"
492137;2022-12-11;"domingo";"10:15:00";"RN";101;94;"NATAL";"Condutor deixou de manter distância do veículo da frente";"Colisão traseira";"Com Vítimas Feridas";"Pleno dia";"Decrescente";"Céu Claro";"Dupla";"Interseção de Vias";"Sim";3;0;1;0;2;0;1;3;-5,83835913;-35,21097902;"SPRF-RN";"DEL01-RN";"UOP01-DEL01-RN"
492138;2022-12-11;"domingo";"10:00:00";"MG";262;522,5;"LUZ";"Demais falhas mecânicas ou elétricas";"Incêndio";"Sem Vítimas";"Pleno dia";"Crescente";"Sol";"Simples";"Reta";"Sim";5;0;0;0;5;0;0;1;-19,78259491;-45,67744017;"SPRF-MG";"DEL08-MG";"UOP03-DEL08-MG"
492139;2022-12-11;"domingo";"08:20:00";"BA";101;368;"GANDU";"Avarias e/ou desgaste excessivo no pneu";"Capotamento";"Com Vítimas Feridas";"Pleno dia";"Decrescente";"Céu Claro";"Simples";"Reta";"Não";1;0;1;0;0;0;1;1;-13,89311997;-39,47852177;"SPRF-BA";"DEL05-BA";"UOP03-DEL05-BA"
492140;2022-12-11;"domingo";"09:40:00";"PR";277;662;"MATELANDIA";"Manobra de mudança de faixa";"Colisão lateral mesmo sentido";"Sem Vítimas";"Pleno dia";"Crescente";"Céu Claro";"Dupla";"Reta";"Não";3;0;0;0;3;0;0;2;-25,25121745;-54,00913508;"SPRF-PR";"DEL05-PR";"UOP02-DEL05-PR"
492141;2022-12-11;"domingo";"11:10:00";"SP";116;547;"BARRA DO TURVO";"Pista Escorregadia";"Tombamento";"Com Vítimas Feridas";"Pleno dia";"Decrescente";"Chuva";"Simples";"Curva";"Não";1;0;1;0;0;0;1;1;-24,96769636;-48,43803406;"SPRF-SP";"DEL05-SP";"UOP02-DEL05-SP"
492142;2022-12-11;"domingo";"10:44:00";"DF";70;3;"BRASILIA";"Ingestão de álcool pelo condutor";"Saída de leito carroçável";"Sem Vítimas";"Pleno dia";"Crescente";"Céu Claro";"Dupla";"Reta";"Sim";1;0;0;0;1;0;0;1;-15,802453;-48,080387;"SPRF-DF";"DEL03-DF";"UOP02-DEL03-DF"
492145;2022-12-11;"domingo";"09:50:00";"MG";262;442,5;"NOVA SERRANA";"Ingestão de substâncias psicoativas pelo condutor";"Colisão lateral mesmo sentido";"Com Vítimas Feridas";"Pleno dia";"Decrescente";"Céu Claro";"Simples";"Reta";"Sim";3;0;1;0;1;1;1;3;-19,87167425;-44,96498108;"SPRF-MG";"DEL08-MG";"UOP03-DEL08-MG"
492146;2022-12-11;"domingo";"11:00:00";"DF";70;2;"BRASILIA";"Manobra de mudança de faixa";"Colisão lateral mesmo sentido";"Com Vítimas Feridas";"Pleno dia";"Crescente";"Céu Claro";"Dupla";"Reta";"Não";3;0;2;0;1;0;2;2;-15,798048;-48,073235;"SPRF-DF";"DEL03-DF";"UOP02-DEL03-DF"
492149;2022-12-11;"domingo";"11:15:00";"RJ";116;89;"TERESOPOLIS";"Entrada inopinada do pedestre";"Atropelamento de Pedestre";"Com Vítimas Feridas";"Pleno dia";"Crescente";"Sol";"Simples";"Curva";"Não";2;0;1;0;1;0;1;2;-22,45706098;-42,96221791;"SPRF-RJ";"DEL04-RJ";"UOP01-DEL04-RJ"
492150;2022-11-20;"domingo";"12:20:00";"MG";381;674,2;"PERDOES";"Manobra de mudança de faixa";"Saída de leito carroçável";"Com Vítimas Feridas";"Pleno dia";"Crescente";"Céu Claro";"Dupla";"Reta";"Não";3;0;2;0;1;0;2;2;-21,107021;-45,09114;"SPRF-MG";"DEL04-MG";"UOP02-DEL04-MG"
492151;2022-12-11;"domingo";"11:00:00";"DF";60;18,9;"BRASILIA";"Reação tardia ou ineficiente do condutor";"Saída de leito carroçável";"Com Vítimas Feridas";"Pleno dia";"Decrescente";"Céu Claro";"Dupla";"Curva";"Não";2;0;1;0;1;0;1;1;-15,967793;-48,183559;"SPRF-DF";"DEL03-DF";"UOP01-DEL03-DF"
492152;2022-12-11;"domingo";"11:25:00";"ES";101;247,6;"SERRA";"Conversão proibida";"Colisão transversal";"Com Vítimas Feridas";"Pleno dia";"Crescente";"Sol";"Simples";"Reta";"Sim";2;0;0;1;1;0;1;2;-20,06746339;-40,37085006;"SPRF-ES";"DEL02-ES";"UOP01-DEL02-ES"
492153;2022-12-11;"domingo";"07:30:00";"MS";262;648;"MIRANDA";"Condutor Dormindo";"Saída de leito carroçável";"Com Vítimas Feridas";"Pleno dia";"Crescente";"Céu Claro";"Simples";"Reta";"Não";1;0;0;1;0;0;1;1;-19,73838086;-56,97613574;"SPRF-MS";"DEL03-MS";"UOP02-DEL03-MS"
492154;2022-12-11;"domingo";"06:30:00";"BA";101;462;"ITACARE";"Ausência de reação do condutor";"Saída de leito carroçável";"Com Vítimas Feridas";"Pleno dia";"Decrescente";"Céu Claro";"Simples";"Curva";"Não";1;0;1;0;0;0;1;1;-14,456;-39,320437;"SPRF-BA";"DEL05-BA";"UOP01-DEL05-BA"
492155;2022-12-11;"domingo";"12:00:00";"PR";376;304,7;"MAUA DA SERRA";"Pista Escorregadia";"Colisão com objeto";"Com Vítimas Feridas";"Pleno dia";"Decrescente";"Garoa/Chuvisco";"Dupla";"Aclive;Curva";"Não";1;0;1;0;0;0;1;1;-23,9354531;-51,1410614;"SPRF-PR";"DEL07-PR";"UOP02-DEL07-PR"
492156;2022-11-21;"segunda-feira";"21:50:00";"CE";222;5;"CAUCAIA";"Demais falhas na via";"Queda de ocupante de veículo";"Com Vítimas Feridas";"Plena Noite";"Decrescente";"Céu Claro";"Dupla";"Reta";"Não";1;0;1;0;0;0;1;1;-3,74296918;-38,61330997;"SPRF-CE";"DEL01-CE";"UOP01-DEL01-CE"
492159;2022-12-11;"domingo";"12:10:00";"MG";116;528;"CARATINGA";"Acessar a via sem observar a presença dos outros veículos";"Colisão transversal";"Com Vítimas Feridas";"Pleno dia";"Decrescente";"Céu Claro";"Simples";"Reta;Declive;Retorno Regulamentado";"Sim";2;0;1;0;1;0;1;2;-19,794033;-42,13731414;"SPRF-MG";"DEL06-MG";"UOP02-DEL06-MG"
492160;2022-12-11;"domingo";"10:30:00";"MG";251;504;"FRANCISCO SA";"Demais falhas mecânicas ou elétricas";"Incêndio";"Sem Vítimas";"Pleno dia";"Crescente";"Céu Claro";"Simples";"Reta";"Não";3;0;0;0;3;0;0;1;-16,61695707;-43,67246999;"SPRF-MG";"DEL12-MG";"UOP01-DEL12-MG"
492161;2022-12-11;"domingo";"12:40:00";"DF";70;3;"BRASILIA";"Ultrapassagem Indevida";"Saída de leito carroçável";"Sem Vítimas";"Pleno dia";"Decrescente";"Céu Claro";"Dupla";"Reta";"Sim";2;0;0;0;1;1;0;2;-15,802453;-48,080387;"SPRF-DF";"DEL03-DF";"UOP02-DEL03-DF"
492162;2022-12-11;"domingo";"09:35:00";"MG";40;145;"JOAO PINHEIRO";"Ingestão de álcool pelo condutor";"Saída de leito carroçável";"Com Vítimas Feridas";"Pleno dia";"Decrescente";"Nublado";"Simples";"Curva";"Não";1;0;0;1;0;0;1;1;-17,75566262;-46,16329585;"SPRF-MG";"DEL14-MG";"UOP01-DEL14-MG"
492163;2022-12-11;"domingo";"12:30:00";"GO";60;128;"TEREZOPOLIS DE GOIAS";"Acumulo de água sobre o pavimento";"Saída de leito carroçável";"Com Vítimas Feridas";"Pleno dia";"Decrescente";"Chuva";"Dupla";"Curva;Declive";"Não";1;0;1;0;0;0;1;1;-16,5498;-49,1518;"SPRF-GO";"DEL01-GO";"UOP01-DEL01-GO"
492164;2022-12-11;"domingo";"13:00:00";"MG";40;252;"SAO GONCALO DO ABAETE";"Acumulo de água sobre o pavimento";"Saída de leito carroçável";"Com Vítimas Feridas";"Pleno dia";"Crescente";"Chuva";"Simples";"Ponte";"Não";3;0;3;0;0;0;3;1;-18,12273202;-45,42604503;"SPRF-MG";"DEL14-MG";"UOP02-DEL14-MG"
492165;2022-12-11;"domingo";"09:00:00";"RJ";40;120;"DUQUE DE CAXIAS";"Reação tardia ou ineficiente do condutor";"Engavetamento";"Com Vítimas Feridas";"Pleno dia";"Decrescente";"Sol";"Múltipla";"Reta";"Sim";7;0;3;0;4;0;3;4;-22,77280597;-43,28626763;"SPRF-RJ";"DEL01-RJ";"UOP01-DEL01-RJ"
492168;2022-12-11;"domingo";"11:55:00";"PE";408;89,3;"SAO LOURENCO DA MATA";"Manobra de mudança de faixa";"Colisão transversal";"Com Vítimas Fatais";"Pleno dia";"Crescente";"Céu Claro";"Dupla";"Retorno Regulamentado;Reta;Declive";"Não";2;1;0;0;1;0;0;2;-7,98149086;-35,08112279;"SPRF-PE";"DEL01-PE";"UOP01-DEL01-PE"
492169;2022-12-11;"domingo";"11:40:00";"PE";408;40,3;"ALIANCA";"Conversão proibida";"Colisão transversal";"Com Vítimas Feridas";"Pleno dia";"Decrescente";"Céu Claro";"Simples";"Reta";"Não";3;0;1;1;1;0;2;2;-7,65322;-35,250773;"SPRF-PE";"DEL01-PE";"UOP02-DEL01-PE"
492170;2022-12-09;"sexta-feira";"19:50:00";"PE";232;137;"CARUARU";"Acumulo de areia ou detritos sobre o pavimento";"Queda de ocupante de veículo";"Com Vítimas Feridas";"Plena Noite";"Crescente";"Céu Claro";"Dupla";"Retorno Regulamentado";"Não";2;0;1;0;0;1;1;1;-8,31589863;-36,05040211;"SPRF-PE";"DEL02-PE";"UOP01-DEL02-PE"
492172;2022-12-11;"domingo";"13:20:00";"SC";101;209;"SAO JOSE";"Mal súbito do condutor";"Colisão com objeto";"Com Vítimas Feridas";"Pleno dia";"Crescente";"Céu Claro";"Dupla";"Reta";"Sim";1;0;1;0;0;0;1;1;-27,61000542;-48,63895057;"SPRF-SC";"DEL01-SC";"UOP01-DEL01-SC"
492174;2022-12-03;"sábado";"22:50:00";"BA";324;543;"AMELIA RODRIGUES";"Ingestão de álcool pelo condutor";"Saída de leito carroçável";"Sem Vítimas";"Plena Noite";"Decrescente";"Céu Claro";"Dupla";"Rotatória";"Sim";1;0;0;0;1;0;0;1;-12,39713005;-38,76807002;"SPRF-BA";"DEL01-BA";"UOP03-DEL01-BA"
492175;2022-12-11;"domingo";"14:00:00";"ES";101;267;"SERRA";"Ultrapassagem Indevida";"Colisão transversal";"Com Vítimas Feridas";"Pleno dia";"Crescente";"Céu Claro";"Dupla";"Curva";"Não";2;0;1;0;1;0;1;2;-20,19930999;-40,26884609;"SPRF-ES";"DEL02-ES";"UOP01-DEL02-ES"
492177;2022-12-11;"domingo";"12:00:00";"PI";343;591;"FLORIANO";"Ausência de reação do condutor";"Colisão traseira";"Sem Vítimas";"Pleno dia";"Crescente";"Céu Claro";"Dupla";"Rotatória;Retorno Regulamentado";"Sim";3;0;0;0;3;0;0;2;-6,781361;-43,023224;"SPRF-PI";"DEL03-PI";"UOP01-DEL03-PI"
492178;2022-12-11;"domingo";"14:00:00";"SC";101;231,5;"PALHOCA";"Condutor deixou de manter distância do veículo da frente";"Colisão traseira";"Sem Vítimas";"Pleno dia";"Decrescente";"Sol";"Dupla";"Reta";"Não";1;0;0;0;1;0;0;1;-27,8177775;-48,6315025;"SPRF-SC";"DEL01-SC";"UOP02-DEL01-SC"
492179;2022-12-11;"domingo";"10:16:00";"SC";280;258,5;"CANOINHAS";"Acessar a via sem observar a presença dos outros veículos";"Colisão transversal";"Com Vítimas Feridas";"Pleno dia";"Crescente";"Céu Claro";"Simples";"Reta";"Não";2;0;0;1;1;0;1;2;-26,26304631;-50,61827002;"SPRF-SC";"DEL06-SC";"UOP04-DEL06-SC"