"id";"data_inversa";"dia_semana";"horario";"uf";"br";"km";"municipio";"causa_acidente";"tipo_acidente";"classificacao_acidente";"fase_dia";"sentido_via";"condicao_metereologica";"tipo_pista";"tracado_via";"uso_solo";"pessoas";"mortos";"feridos_leves";"feridos_graves";"ilesos";"ignorados";"feridos";"veiculos";"latitude";"longitude";"regional";"delegacia";"uop"
492180;2022-12-11;"domingo";"13:48:00";"PE";232;514;"SALGUEIRO";"Condutor deixou de manter distância do veículo da frente";"Colisão traseira";"Com Vítimas Feridas";"Pleno dia";"Crescente";"Céu Claro";"Simples";"Reta";"Não";3;0;1;0;2;0;1;2;-8,07047961;-39,17138084;"SPRF-PE";"DEL05-PE";"UOP01-DEL05-PE"
492185;2022-12-11;"domingo";"14:30:00";"MG";381;499;"BETIM";"Ausência de reação do condutor";"Engavetamento";"Com Vítimas Feridas";"Pleno dia";"Decrescente";"Céu Claro";"Múltipla";"Reta";"Não";9;0;1;0;8;0;1;4;-20,00117683;-44,2113018;"SPRF-MG";"DEL01-MG";"UOP03-DEL01-MG"
492187;2022-12-11;"domingo";"15:20:00";"GO";414;390,9;"CORUMBA DE GOIAS";"Demais falhas mecânicas ou elétricas";"Tombamento";"Com Vítimas Feridas";"Pleno dia";"Decrescente";"Céu Claro";"Dupla";"Curva";"Não";2;0;2;0;0;0;2;1;-15,90032526;-48,79793065;"SPRF-GO";"DEL02-GO";"UOP01-DEL02-GO"
492188;2022-12-11;"domingo";"13:15:00";"GO";60;198,6;"GUAPO";"Acumulo de água sobre o pavimento";"Saída de leito carroçável";"Com Vítimas Feridas";"Pleno dia";"Crescente";"Chuva";"Dupla";"Retorno Regulamentado";"Não";4;0;1;3;0;0;4;1;-16,8596;-49,6031;"SPRF-GO";"DEL01-GO";"UOP02-DEL01-GO"
492190;2022-12-11;"domingo";"12:00:00";"RJ";116;229;"PIRAI";"Velocidade Incompatível";"Tombamento";"Com Vítimas Feridas";"Pleno dia";"Decrescente";"Sol";"Simples";"Curva";"Não";1;0;1;0;0;0;1;1;-22,67325165;-43,82979177;"SPRF-RJ";"DEL07-RJ";"UOP01-DEL07-RJ"
492191;2022-12-11;"domingo";"14:05:00";"RS";392;331;"SANTA MARIA";"Reação tardia ou ineficiente do condutor";"Saída de leito carroçável";"Sem Vítimas";"Pleno dia";"Crescente";"Céu Claro";"Simples";"Reta";"Não";1;0;0;0;0;1;0;1;-29,89548204;-53,73053036;"SPRF-RS";"DEL09-RS";"UOP01-DEL09-RS"
492192;2022-12-11;"domingo";"15:30:00";"RJ";116;56;"TERESOPOLIS";"Condutor deixou de manter distância do veículo da frente";"Colisão traseira";"Com Vítimas Feridas";"Pleno dia";"Crescente";"Céu Claro";"Simples";"Reta";"Não";6;0;4;0;2;0;4;2;-22,20385621;-42,89699562;"SPRF-RJ";"DEL04-RJ";"UOP01-DEL04-RJ"
492193;2022-12-11;"domingo";"15:50:00";"MG";381;332;"NOVA ERA";"Pista Escorregadia";"Colisão com objeto";"Com Vítimas Feridas";"Pleno dia";"Decrescente";"Chuva";"Dupla";"Curva;Declive";"Não";1;0;0;1;0;0;1;1;-19,79994695;-43,05451587;"SPRF-MG";"DEL03-MG";"UOP01-DEL03-MG"
492194;2022-12-11;"domingo";"15:20:00";"PR";116;11;"COLOMBO";"Ingestão de álcool pelo condutor";"Colisão traseira";"Sem Vítimas";"Pleno dia";"Crescente";"Nublado";"Dupla";"Reta";"Sim";3;0;0;0;3;0;0;2;-25,3719;-49,134;"SPRF-PR";"DEL01-PR";"UOP02-DEL01-PR"
492195;2022-12-11;"domingo";"14:40:00";"PE";428;27;"CABROBO";"Ultrapassagem Indevida";"Colisão frontal";"Com Vítimas Feridas";"Pleno dia";"Crescente";"Céu Claro";"Simples";"Aclive";"Não";10;0;3;0;7;0;3;3;-8,49584592;-39,44755007;"SPRF-PE";"DEL05-PE";"UOP03-DEL05-PE"
492196;2022-12-11;"domingo";"15:30:00";"RJ";101;433;"MANGARATIBA";"Ingestão de álcool pelo condutor";"Colisão traseira";"Sem Vítimas";"Pleno dia";"Decrescente";"Céu Claro";"Simples";"Ponte";"Sim";2;0;0;0;2;0;0;2;-22,93842518;-44,03644001;"SPRF-RJ";"DEL03-RJ";"UOP02-DEL03-RJ"
492197;2022-12-11;"domingo";"14:30:00";"PR";116;165;"QUITANDINHA";"Manobra de mudança de faixa";"Colisão traseira";"Sem Vítimas";"Pleno dia";"Crescente";"Chuva";"Simples";"Reta";"Sim";2;0;0;0;2;0;0;2;-25,86629613;-49,43637602;"SPRF-PR";"DEL01-PR";"UOP03-DEL01-PR"
492198;2022-12-11;"domingo";"15:40:00";"PI";343;481,5;"ANGICAL DO PIAUI";"Transitar na contramão";"Colisão frontal";"Com Vítimas Feridas";"Pleno dia";"Decrescente";"Céu Claro";"Simples";"Reta;Aclive";"Não";5;0;1;1;2;1;2;3;-6,16351027;-42,70935059;"SPRF-PI";"DEL01-PI";"UOP02-DEL01-PI"
492200;2022-12-11;"domingo";"12:30:00";"MS";267;192,3;"NOVA ALVORADA DO SUL";"Chuva";"Colisão com objeto";"Sem Vítimas";"Pleno dia";"Crescente";"Chuva";"Simples";"Reta";"Não";3;0;0;0;0;3;0;2;-21,59838418;-53,87471501;"SPRF-MS";"DEL02-MS";"UOP03-DEL02-MS"
492201;2022-12-11;"domingo";"16:00:00";"PE";101;81,5;"JABOATAO DOS GUARARAPES";"Reação tardia ou ineficiente do condutor";"Colisão traseira";"Sem Vítimas";"Pleno dia";"Decrescente";"Céu Claro";"Múltipla";"Reta";"Sim";2;0;0;0;2;0;0;2;-8,168383;-34,9376;"SPRF-PE";"DEL01-PE";"UOP01-DEL01-PE"
492202;2022-12-11;"domingo";"16:00:00";"MG";40;716;"BARBACENA";"Reação tardia ou ineficiente do condutor";"Saída de leito carroçável";"Com Vítimas Feridas";"Pleno dia";"Decrescente";"Chuva";"Dupla";"Curva";"Não";3;0;1;0;2;0;1;1;-21,25153502;-43,66402206;"SPRF-MG";"DEL05-MG";"UOP01-DEL05-MG"
492204;2022-12-11;"domingo";"16:30:00";"MG";116;523;"CARATINGA";"Acessar a via sem observar a presença dos outros veículos";"Colisão transversal";"Com Vítimas Feridas";"Pleno dia";"Decrescente";"Céu Claro";"Simples";"Interseção de Vias";"Não";7;0;2;0;5;0;2;2;-19,75187896;-42,1326603;"SPRF-MG";"DEL06-MG";"UOP02-DEL06-MG"
492205;2022-12-11;"domingo";"17:05:00";"PR";277;9;"PARANAGUA";"Demais falhas mecânicas ou elétricas";"Tombamento";"Com Vítimas Feridas";"Pleno dia";"Decrescente";"Chuva";"Dupla";"Reta";"Sim";2;0;2;0;0;0;2;1;-25,56683326;-48,60566139;"SPRF-PR";"DEL01-PR";"UOP05-DEL01-PR"
492206;2022-12-11;"domingo";"16:20:00";"PR";376;215,9;"JANDAIA DO SUL";"Desrespeitar a preferência no cruzamento";"Colisão transversal";"Com Vítimas Feridas";"Pleno dia";"Crescente";"Nublado";"Simples";"Declive";"Sim";2;0;1;0;1;0;1;2;-23,59537856;-51,64222304;"SPRF-PR";"DEL09-PR";"UOP01-DEL09-PR"
492207;2022-12-11;"domingo";"16:20:00";"BA";101;212;"GOVERNADOR MANGABEIRA";"Condutor deixou de manter distância do veículo da frente";"Colisão traseira";"Sem Vítimas";"Pleno dia";"Decrescente";"Céu Claro";"Simples";"Reta";"Não";6;0;0;0;6;0;0;2;-12,6093965;-39,0782565;"SPRF-BA";"DEL01-BA";"UOP02-DEL01-BA"
492208;2022-12-11;"domingo";"13:15:00";"RJ";116;22;"SAPUCAIA";"Curva acentuada";"Tombamento";"Com Vítimas Feridas";"Pleno dia";"Decrescente";"Céu Claro";"Simples";"Curva";"Não";1;0;1;0;0;0;1;1;-22,01634583;-42,76878911;"SPRF-RJ";"DEL05-RJ";"UOP01-DEL05-RJ"
492210;2022-12-11;"domingo";"14:10:00";"RS";285;134,6;"VACARIA";"Acessar a via sem observar a presença dos outros veículos";"Colisão transversal";"Com Vítimas Feridas";"Pleno dia";"Crescente";"Céu Claro";"Simples";"Reta";"Não";4;0;3;1;0;0;4;2;-28,429249;-51,022125;"SPRF-RS";"DEL05-RS";"UOP03-DEL05-RS"
492211;2022-12-11;"domingo";"15:30:00";"MS";267;404,4;"MARACAJU";"Reação tardia ou ineficiente do condutor";"Saída de leito carroçável";"Com Vítimas Feridas";"Anoitecer";"Decrescente";"Céu Claro";"Simples";"Reta";"Não";1;0;1;0;0;0;1;1;-21,62972219;-55,50833997;"SPRF-MS";"DEL05-MS";"UOP01-DEL05-MS"
492213;2022-12-11;"domingo";"14:45:00";"SC";280;84,3;"CORUPA";"Ausência de reação do condutor";"Colisão traseira";"Com Vítimas Feridas";"Pleno dia";"Crescente";"Nublado";"Simples";"Rotatória";"Sim";2;0;1;0;1;0;1;2;-26,43589072;-49,24351466;"SPRF-SC";"DEL06-SC";"UOP03-DEL06-SC"
492214;2022-12-11;"domingo";"09:00:00";"SC";116;64,2;"PAPANDUVA";"Acessar a via sem observar a presença dos outros veículos";"Colisão transversal";"Com Vítimas Feridas";"Pleno dia";"Crescente";"Céu Claro";"Simples";"Reta;Declive";"Não";5;0;2;0;3;0;2;2;-26,41785387;-50,22751808;"SPRF-SC";"DEL06-SC";"UOP02-DEL06-SC"
492215;2022-12-11;"domingo";"17:40:00";"RJ";101;67;"CAMPOS DOS GOYTACAZES";"Ausência de reação do condutor";"Colisão traseira";"Sem Vítimas";"Pleno dia";"Crescente";"Céu Claro";"Simples";"Reta";"Sim";2;0;0;0;2;0;0;2;-21,76751094;-41,34876249;"SPRF-RJ";"DEL08-RJ";"UOP02-DEL08-RJ"
492216;2022-12-11;"domingo";"17:40:00";"SC";0;0;"LAGES";"Desrespeitar a preferência no cruzamento";"Colisão transversal";"Sem Vítimas";"Pleno dia";"Não Informado";"Céu Claro";"Simples";"Interseção de Vias";"Sim";3;0;0;0;3;0;0;2;-27,8034119;-50,3677463;"SPRF-SC";"DEL05-SC";"UOP01-DEL05-SC"
492219;2022-12-11;"domingo";"18:10:00";"RJ";101;428;"MANGARATIBA";"Ultrapassagem Indevida";"Colisão transversal";"Com Vítimas Feridas";"Pleno dia";"Decrescente";"Céu Claro";"Dupla";"Interseção de Vias";"Não";8;0;1;0;7;0;1;2;-22,93560737;-43,99878379;"SPRF-RJ";"DEL03-RJ";"UOP02-DEL03-RJ"
492220;2022-12-11;"domingo";"17:00:00";"BA";324;603;"SIMOES FILHO";"Manobra de mudança de faixa";"Colisão lateral mesmo sentido";"Sem Vítimas";"Pleno dia";"Crescente";"Céu Claro";"Dupla";"Reta";"Não";3;0;0;0;2;1;0;2;-12,77514076;-38,41901779;"SPRF-BA";"DEL01-BA";"UOP01-DEL01-BA"
492221;2022-12-11;"domingo";"16:30:00";"RJ";40;5,8;"COMENDADOR LEVY GASPARIAN";"Velocidade Incompatível";"Colisão com objeto";"Sem Vítimas";"Pleno dia";"Decrescente";"Chuva";"Dupla";"Curva";"Não";3;0;0;0;3;0;0;1;-22,021647;-43,23788;"SPRF-RJ";"DEL05-RJ";"UOP02-DEL05-RJ"
492223;2022-12-11;"domingo";"16:55:00";"MT";163;834;"SINOP";"Trafegar com motocicleta (ou similar) entre as faixas";"Queda de ocupante de veículo";"Com Vítimas Feridas";"Pleno dia";"Decrescente";"Céu Claro";"Simples";"Reta";"Sim";1;0;0;1;0;0;1;1;-11,86351285;-55,49576608;"SPRF-MT";"DEL06-MT";"NPF/DEL06-MT"
492226;2022-12-11;"domingo";"17:40:00";"PA";316;73;"SAO FRANCISCO DO PARA";"Transitar na contramão";"Colisão frontal";"Com Vítimas Feridas";"Anoitecer";"Crescente";"Chuva";"Simples";"Reta";"Não";12;0;10;1;0;1;11;3;-1,28948029;-47,83952902;"SPRF-PA";"DEL01-PA";"UOP01-DEL01-PA"
492229;2022-12-11;"domingo";"16:30:00";"BA";101;782,8;"ITABELA";"Reação tardia ou ineficiente do condutor";"Saída de leito carroçável";"Com Vítimas Feridas";"Pleno dia";"Crescente";"Céu Claro";"Simples";"Reta";"Não";4;0;3;0;0;1;3;2;-16,835326;-39,486187;"SPRF-BA";"DEL09-BA";"UOP01-DEL09-BA"
492230;2022-12-11;"domingo";"18:09:00";"MS";262;349;"CAMPO GRANDE";"Ingestão de álcool pelo condutor";"Saída de leito carroçável";"Com Vítimas Feridas";"Plena Noite";"Crescente";"Chuva";"Simples";"Reta";"Não";2;0;0;2;0;0;2;1;-20,56506095;-54,62199601;"SPRF-MS";"DEL01-MS";"UOP03-DEL01-MS"
492231;2022-12-11;"domingo";"17:05:00";"SC";101;62,8;"ARAQUARI";"Desrespeitar a preferência no cruzamento";"Colisão transversal";"Com Vítimas Feridas";"Pleno dia";"Decrescente";"Nublado";"Simples";"Viaduto";"Não";2;0;1;0;1;0;1;2;-26,45528234;-48,76446962;"SPRF-SC";"DEL03-SC";"UOP02-DEL03-SC"
492233;2022-12-11;"domingo";"19:10:00";"PR";277;28,7;"MORRETES";"Velocidade Incompatível";"Colisão traseira";"Com Vítimas Feridas";"Anoitecer";"Crescente";"Garoa/Chuvisco";"Dupla";"Reta";"Não";5;0;3;0;2;0;3;2;-25,52874613;-48,73512603;"SPRF-PR";"DEL01-PR";"UOP05-DEL01-PR"
492234;2022-12-11;"domingo";"17:00:00";"SP";116;40;"CACHOEIRA PAULISTA";"Avarias e/ou desgaste excessivo no pneu";"Queda de ocupante de veículo";"Com Vítimas Feridas";"Pleno dia";"Decrescente";"Céu Claro";"Múltipla";"Reta";"Sim";2;0;2;0;0;0;2;1;-22,68080728;-45,00688982;"SPRF-SP";"DEL08-SP";"UOP02-DEL08-SP"
492235;2022-12-11;"domingo";"17:51:00";"RJ";116;132;"MAGE";"Condutor usando celular";"Colisão traseira";"Com Vítimas Feridas";"Anoitecer";"Crescente";"Céu Claro";"Dupla";"Retorno Regulamentado";"Sim";2;0;1;0;1;0;1;2;-22,65703272;-43,13458092;"SPRF-RJ";"DEL04-RJ";"UOP02-DEL04-RJ"
492236;2022-12-11;"domingo";"18:40:00";"GO";60;380;"RIO VERDE";"Velocidade Incompatível";"Saída de leito carroçável";"Com Vítimas Feridas";"Anoitecer";"Decrescente";"Chuva";"Dupla";"Curva;Declive;Retorno Regulamentado";"Não";2;0;2;0;0;0;2;1;-17,772353;-50,885587;"SPRF-GO";"DEL04-GO";"UOP02-DEL04-GO"
492237;2022-12-11;"domingo";"18:15:00";"RS";153;49,5;"ERECHIM";"Ausência de reação do condutor";"Saída de leito carroçável";"Com Vítimas Feridas";"Pleno dia";"Crescente";"Sol";"Simples";"Reta;Declive";"Não";1;0;1;0;0;0;1;1;-27,65513812;-52,26579899;"SPRF-RS";"DEL08-RS";"UOP04-DEL08-RS"
492238;2022-12-11;"domingo";"17:30:00";"RJ";116;86;"TERESOPOLIS";"Pista Escorregadia";"Colisão transversal";"Com Vítimas Feridas";"Anoitecer";"Crescente";"Céu Claro";"Simples";"Curva";"Não";4;0;3;0;1;0;3;2;-22,43671224;-42,94971377;"SPRF-RJ";"DEL04-RJ";"UOP01-DEL04-RJ"
492239;2022-12-11;"domingo";"18:50:00";"MG";381;512,4;"IGARAPE";"Ultrapassagem Indevida";"Colisão frontal";"Com Vítimas Feridas";"Anoitecer";"Decrescente";"Nublado";"Dupla";"Reta";"Sim";3;0;1;1;1;0;2;2;-20,07205559;-44,2999649;"SPRF-MG";"DEL01-MG";"UOP03-DEL01-MG"
492240;2022-12-11;"domingo";"19:30:00";"GO";40;12;"LUZIANIA";"Acessar a via sem observar a presença dos outros veículos";"Colisão lateral mesmo sentido";"Sem Vítimas";"Plena Noite";"Crescente";"Céu Claro";"Dupla";"Retorno Regulamentado";"Sim";3;0;0;0;2;1;0;2;-16,145123;-47,945382;"SPRF-DF";"DEL01-DF";"UOP01-DEL01-DF"
492241;2022-12-11;"domingo";"16:40:00";"MT";364;547;"ROSARIO OESTE";"Manobra de mudança de faixa";"Colisão lateral mesmo sentido";"Com Vítimas Feridas";"Anoitecer";"Crescente";"Céu Claro";"Dupla";"Reta";"Não";2;0;0;1;1;0;1;2;-14,87035692;-56,4590843;"SPRF-MT";"DEL01-MT";"UOP01-DEL01-MT"
492242;2022-12-07;"quarta-feira";"11:20:00";"SP";116;51;"LORENA";"Reação tardia ou ineficiente do condutor";"Atropelamento de Animal";"Sem Vítimas";"Pleno dia";"Decrescente";"Céu Claro";"Múltipla";"Reta";"Sim";1;0;0;0;1;0;0;1;-22,74157511;-45,09206392;"SPRF-SP";"DEL08-SP";"UOP02-DEL08-SP"
492245;2022-12-11;"domingo";"19:20:00";"PI";402;36;"PARNAIBA";"Transitar na contramão";"Colisão lateral sentido oposto";"Com Vítimas Feridas";"Plena Noite";"Decrescente";"Céu Claro";"Simples";"Reta";"Não";2;0;0;1;0;1;1;2;-2,94427636;-41,7359143;"SPRF-PI";"DEL05-PI";"UOP01-DEL05-PI"
492246;2022-12-11;"domingo";"16:40:00";"SC";282;309;"VARGEM";"Conversão proibida";"Colisão traseira";"Com Vítimas Feridas";"Pleno dia";"Crescente";"Céu Claro";"Simples";"Reta";"Não";4;0;2;0;1;1;2;3;-27,489922;-50,976967;"SPRF-SC";"DEL07-SC";"UOP06-DEL07-SC"
492248;2022-12-11;"domingo";"19:50:00";"PB";101;97;"ALHANDRA";"Reação tardia ou ineficiente do condutor";"Colisão traseira";"Com Vítimas Feridas";"Plena Noite";"Decrescente";"Céu Claro";"Dupla";"Reta";"Sim";2;0;0;1;0;1;1;2;-7,23846306;-34,9268519;"SPRF-PB";"DEL01-PB";"UOP02-DEL01-PB"
492249;2022-12-11;"domingo";"20:00:00";"GO";60;89;"ANAPOLIS";"Animais na Pista";"Tombamento";"Com Vítimas Feridas";"Plena Noite";"Decrescente";"Céu Claro";"Dupla";"Reta";"Sim";1;0;1;0;0;0;1;1;-16,3367;-48,8957;"SPRF-GO";"DEL02-GO";"UOP01-DEL02-GO"
492250;2022-12-11;"domingo";"20:00:00";"PA";308;151;"CAPANEMA";"Acessar a via sem observar a presença dos outros veículos";"Colisão transversal";"Com Vítimas Feridas";"Plena Noite";"Decrescente";"Céu Claro";"Simples";"Interseção de Vias;Reta";"Sim";4;0;1;0;3;0;1;3;-1,21064;-47,182743;"SPRF-PA";"DEL01-PA";"UOP03-DEL01-PA"
492253;2022-12-11;"domingo";"20:00:00";"BA";324;600;"SIMOES FILHO";"Reação tardia ou ineficiente do condutor";"Colisão traseira";"Sem Vítimas";"Plena Noite";"Crescente";"Céu Claro";"Dupla";"Reta";"Não";2;0;0;0;2;0;0;2;-12,7931151;-38,4045553;"SPRF-BA";"DEL01-BA";"UOP01-DEL01-BA"
492254;2022-12-11;"domingo";"20:09:00";"DF";20;16;"BRASILIA";"Entrada inopinada do pedestre";"Atropelamento de Pedestre";"Com Vítimas Feridas";"Plena Noite";"Crescente";"Nublado";"Dupla";"Reta";"Sim";3;0;1;0;1;1;1;2;-15,624283;-47,722691;"SPRF-DF";"DEL02-DF";"UOP01-DEL02-DF"
492255;2022-12-11;"domingo";"15:20:00";"SP";381;86;"SAO PAULO";"Ausência de reação do condutor";"Colisão lateral mesmo sentido";"Sem Vítimas";"Pleno dia";"Crescente";"Nublado";"Dupla";"Curva";"Sim";2;0;0;0;2;0;0;2;-23,45930499;-46,57161179;"SPRF-SP";"DEL03-SP";"UOP01-DEL03-SP"
492256;2022-12-11;"domingo";"21:00:00";"RJ";101;73;"CAMPOS DOS GOYTACAZES";"Ausência de reação do condutor";"Colisão frontal";"Com Vítimas Feridas";"Plena Noite";"Decrescente";"Nublado";"Simples";"Reta";"Não";1;0;0;1;0;0;1;1;-21,798874;-41,393955;"SPRF-RJ";"DEL08-RJ";"UOP02-DEL08-RJ"
492258;2022-12-11;"domingo";"10:00:00";"GO";153;397,2;"PIRENOPOLIS";"Condutor Dormindo";"Saída de leito carroçável";"Com Vítimas Feridas";"Pleno dia";"Decrescente";"Céu Claro";"Simples";"Reta";"Não";2;0;2;0;0;0;2;1;-16,014572;-49,117138;"SPRF-GO";"DEL02-GO";"UOP02-DEL02-GO"
492259;2022-12-11;"domingo";"19:50:00";"SC";282;4,5;"SAO JOSE";"Ausência de reação do condutor";"Queda de ocupante de veículo";"Com Vítimas Feridas";"Plena Noite";"Crescente";"Nublado";"Múltipla";"Reta";"Sim";2;0;1;0;0;1;1;1;-27,592646;-48,604034;"SPRF-SC";"DEL01-SC";"UOP01-DEL01-SC"
492260;2022-12-11;"domingo";"16:00:00";"SP";116;92;"PINDAMONHANGABA";"Trafegar com motocicleta (ou similar) entre as faixas";"Colisão traseira";"Com Vítimas Feridas";"Anoitecer";"Crescente";"Nublado";"Dupla";"Reta";"Sim";3;0;1;1;1;0;2;2;-22,95222732;-45,40443885;"SPRF-SP";"DEL08-SP";"UOP01-DEL08-SP"
492261;2022-12-11;"domingo";"19:30:00";"MG";262;444,8;"NOVA SERRANA";"Condutor Dormindo";"Colisão com objeto";"Com Vítimas Feridas";"Plena Noite";"Decrescente";"Céu Claro";"Dupla";"Reta";"Sim";1;0;1;0;0;0;1;1;-19,881131;-44,931502;"SPRF-MG";"DEL08-MG";"UOP03-DEL08-MG"
492262;2022-12-11;"domingo";"21:00:00";"SP";116;286,4;"ITAPECERICA DA SERRA";"Ausência de reação do condutor";"Colisão traseira";"Sem Vítimas";"Plena Noite";"Crescente";"Céu Claro";"Dupla";"Reta";"Sim";1;0;0;0;1;0;0;1;-23,70925128;-46,87588966;"SPRF-SP";"DEL04-SP";"UOP01-DEL04-SP"
492263;2022-12-11;"domingo";"19:44:00";"RO";364;710;"PORTO VELHO";"Ingestão de álcool pelo condutor";"Colisão lateral mesmo sentido";"Com Vítimas Feridas";"Plena Noite";"Decrescente";"Céu Claro";"Simples";"Reta;Interseção de Vias";"Sim";3;0;3;0;0;0;3;2;-8,78621576;-63,85712687;"SPRF-RO";"DEL01-RO";"UOP01-DEL01-RO"
492264;2022-12-11;"domingo";"19:50:00";"ES";262;89;"DOMINGOS MARTINS";"Transitar na contramão";"Colisão frontal";"Com Vítimas Fatais";"Plena Noite";"Decrescente";"Chuva";"Simples";"Reta";"Não";2;1;0;0;1;0;0;2;-20,38725617;-41,01746327;"SPRF-ES";"DEL01-ES";"UOP02-DEL01-ES"
492265;2022-12-11;"domingo";"18:20:00";"RJ";116;186;"NOVA IGUACU";"Reação tardia ou ineficiente do condutor";"Colisão lateral mesmo sentido";"Com Vítimas Feridas";"Plena Noite";"Decrescente";"Céu Claro";"Dupla";"Reta";"Sim";3;0;2;0;0;1;2;2;-22,7396233905;-43,4627649541;"SPRF-RJ";"DEL01-RJ";"UOP02-DEL01-RJ"
492267;2022-12-11;"domingo";"19:00:00";"RS";470;232;"CARLOS BARBOSA";"Acessar a via sem observar a presença dos outros veículos";"Colisão transversal";"Com Vítimas Feridas";"Plena Noite";"Decrescente";"Céu Claro";"Simples";"Aclive;Interseção de Vias;Retorno Regulamentado";"Não";7;0;1;0;6;0;1;2;-29,23579206;-51,51193423;"SPRF-RS";"DEL06-RS";"UOP01-DEL06-RS"
492268;2022-12-11;"domingo";"18:30:00";"MG";40;551;"NOVA LIMA";"Reação tardia ou ineficiente do condutor";"Queda de ocupante de veículo";"Com Vítimas Feridas";"Anoitecer";"Crescente";"Céu Claro";"Dupla";"Reta";"Não";2;0;0;1;1;0;1;1;-20,05411435;-43,97101875;"SPRF-MG";"DEL01-MG";"UOP02-DEL01-MG"
492269;2022-12-11;"domingo";"19:50:00";"MG";153;23;"CENTRALINA";"Ausência de reação do condutor";"Saída de leito carroçável";"Sem Vítimas";"Plena Noite";"Crescente";"Nublado";"Dupla";"Reta";"Não";1;0;0;0;0;1;0;1;-18,62303102;-49,18751103;"SPRF-MG";"DEL15-MG";"UOP03-DEL15-MG"
492270;2022-12-11;"domingo";"20:50:00";"PR";376;432,1;"TIBAGI";"Chuva";"Colisão com objeto";"Com Vítimas Feridas";"Plena Noite";"Crescente";"Chuva";"Dupla";"Curva";"Não";1;0;1;0;0;0;1;1;-24,75464539;-50,53539276;"SPRF-PR";"DEL03-PR";"UOP02-DEL03-PR"
492271;2022-12-11;"domingo";"19:00:00";"SC";470;27,1;"ILHOTA";"Pedestre cruzava a pista fora da faixa";"Atropelamento de Pedestre";"Com Vítimas Fatais";"Plena Noite";"Crescente";"Céu Claro";"Dupla";"Reta";"Não";4;1;0;0;2;1;0;2;-26,891341;-48,885708;"SPRF-SC";"DEL04-SC";"UOP01-DEL04-SC"
492273;2022-12-11;"domingo";"20:00:00";"PI";230;266,6;"NAZARE DO PIAUI";"Ingestão de álcool pelo condutor";"Colisão lateral mesmo sentido";"Com Vítimas Fatais";"Plena Noite";"Decrescente";"Céu Claro";"Simples";"Reta";"Não";2;1;0;0;0;1;0;2;-6,965557;-42,672283;"SPRF-PI";"DEL03-PI";"UOP01-DEL03-PI"
492275;2022-12-11;"domingo";"12:20:00";"MA";402;60;"MORROS";"Reação tardia ou ineficiente do condutor";"Capotamento";"Com Vítimas Fatais";"Pleno dia";"Crescente";"Céu Claro";"Simples";"Reta";"Não";3;2;1;0;0;0;1;1;-2,850191;-43,85765;"SPRF-MA";"DEL01-MA";"UOP01-DEL01-MA"
492276;2022-12-11;"domingo";"21:45:00";"RS";386;423,9;"MONTENEGRO";"Ausência de reação do condutor";"Atropelamento de Pedestre";"Com Vítimas Feridas";"Plena Noite";"Decrescente";"Céu Claro";"Dupla";"Reta";"Não";2;0;1;0;1;0;1;2;-29,81805212;-51,38261139;"SPRF-RS";"DEL01-RS";"UOP01-DEL01-RS"
492277;2022-12-11;"domingo";"22:00:00";"RJ";101;323;"NITEROI";"Ausência de reação do condutor";"Colisão traseira";"Sem Vítimas";"Plena Noite";"Crescente";"Céu Claro";"Dupla";"Ponte";"Não";4;0;0;0;4;0;0;3;-22,87684786;-43,11728689;"SPRF-RJ";"DEL02-RJ";"UOP01-DEL02-RJ"
492279;2022-12-11;"domingo";"21:00:00";"DF";70;7;"BRASILIA";"Acessar a via sem observar a presença dos outros veículos";"Colisão transversal";"Com Vítimas Feridas";"Plena Noite";"Decrescente";"Céu Claro";"Múltipla";"Reta";"Não";2;0;0;1;1;0;1;2;-15,787601;-48,114429;"SPRF-DF";"DEL03-DF";"UOP02-DEL03-DF"
492280;2022-12-11;"domingo";"22:23:00";"PB";230;22;"JOAO PESSOA";"Condutor deixou de manter distância do veículo da frente";"Colisão traseira";"Com Vítimas Feridas";"Plena Noite";"Decrescente";"Céu Claro";"Dupla";"Reta";"Sim";2;0;0;1;0;1;1;2;-7,1495;-34,8517;"SPRF-PB";"DEL01-PB";"UOP01-DEL01-PB"
492281;2022-12-11;"domingo";"20:50:00";"MG";381;533;"ITATIAIUCU";"Demais falhas mecânicas ou elétricas";"Saída de leito carroçável";"Com Vítimas Feridas";"Pleno dia";"Decrescente";"Nublado";"Dupla";"Declive;Reta;Retorno Regulamentado";"Não";3;0;2;0;1;0;2;1;-20,19896036;-44,38641307;"SPRF-MG";"DEL04-MG";"UOP03-DEL04-MG"
492282;2022-12-11;"domingo";"21:00:00";"PR";476;119;"COLOMBO";"Acessar a via sem observar a presença dos outros veículos";"Colisão transversal";"Sem Vítimas";"Plena Noite";"Crescente";"Céu Claro";"Dupla";"Reta";"Sim";2;0;0;0;1;1;0;2;-25,36473187;-49,16381836;"SPRF-PR";"DEL01-PR";"UOP01-DEL01-PR"
492284;2022-12-11;"domingo";"21:30:00";"PR";376;8,8;"MARINGA";"Reação tardia ou ineficiente do condutor";"Capotamento";"Com Vítimas Feridas";"Plena Noite";"Decrescente";"Céu Claro";"Dupla";"Reta";"Sim";6;0;6;0;0;0;6;2;-23,4273;-51,9375;"SPRF-PR";"DEL09-PR";"UOP01-DEL09-PR"