"id";"data_inversa";"dia_semana";"horario";"uf";"br";"km";"municipio";"causa_acidente";"tipo_acidente";"classificacao_acidente";"fase_dia";"sentido_via";"condicao_metereologica";"tipo_pista";"tracado_via";"uso_solo";"pessoas";"mortos";"feridos_leves";"feridos_graves";"ilesos";"ignorados";"feridos";"veiculos";"latitude";"longitude";"regional";"delegacia";"uop"
492285;2022-12-11;"domingo";"21:30:00";"RN";304;33;"MOSSORO";"Ingestão de álcool pelo condutor";"Colisão traseira";"Com Vítimas Fatais";"Plena Noite";"Crescente";"Céu Claro";"Dupla";"Reta";"Sim";3;1;0;0;2;0;0;3;-5,1436187;-37,34679947;"SPRF-RN";"DEL04-RN";"UOP02-DEL04-RN"
492286;2022-12-11;"domingo";"21:00:00";"PR";277;83,5;"CURITIBA";"Reação tardia ou ineficiente do condutor";"Colisão traseira";"Com Vítimas Feridas";"Plena Noite";"Crescente";"Nublado";"Dupla";"Reta";"Não";3;0;1;0;2;0;1;2;-25,45298186;-49,22598124;"SPRF-PR";"DEL01-PR";"UOP01-DEL01-PR"
492287;2022-12-11;"domingo";"22:45:00";"RJ";40;118;"DUQUE DE CAXIAS";"Transitar na contramão";"Colisão frontal";"Sem Vítimas";"Plena Noite";"Decrescente";"Nublado";"Simples";"Curva";"Sim";2;0;0;0;2;0;0;2;-22,75470802;-43,28737838;"SPRF-RJ";"DEL01-RJ";"UOP01-DEL01-RJ"
492288;2022-12-11;"domingo";"20:05:00";"PA";163;984;"SANTAREM";"Ultrapassagem Indevida";"Colisão frontal";"Com Vítimas Fatais";"Plena Noite";"Decrescente";"Nublado";"Simples";"Curva";"Não";3;1;0;1;1;0;1;2;-2,60947104;-54,72295996;"SPRF-PA";"DEL05-PA";"UOP01-DEL05-PA"
492289;2022-12-11;"domingo";"21:17:00";"GO";40;153;"CRISTALINA";"Animais na Pista";"Atropelamento de Animal";"Com Vítimas Feridas";"Plena Noite";"Decrescente";"Céu Claro";"Simples";"Reta";"Não";5;0;5;0;0;0;5;1;-17,018569;-47,187556;"SPRF-DF";"DEL01-DF";"UOP02-DEL01-DF"
492290;2022-12-11;"domingo";"23:15:00";"MG";365;670;"MONTE ALEGRE DE MINAS";"Avarias e/ou desgaste excessivo no pneu";"Tombamento";"Com Vítimas Feridas";"Plena Noite";"Crescente";"Céu Claro";"Dupla";"Reta";"Não";2;0;2;0;0;0;2;1;-18,886414;-48,72257;"SPRF-MG";"DEL15-MG";"UOP01-DEL15-MG"
492291;2022-12-11;"domingo";"22:00:00";"RN";226;69,6;"SERRA CAIADA";"Entrada inopinada do pedestre";"Atropelamento de Pedestre";"Com Vítimas Fatais";"Plena Noite";"Crescente";"Céu Claro";"Simples";"Reta";"Não";3;1;0;0;0;2;0;2;-6,11043269;-35,71130932;"SPRF-RN";"DEL01-RN";"UOP02-DEL01-RN"
492293;2022-12-11;"domingo";"22:00:00";"MG";365;8;"MONTES CLAROS";"Manobra de mudança de faixa";"Colisão lateral sentido oposto";"Com Vítimas Feridas";"Plena Noite";"Crescente";"Nublado";"Simples";"Curva;Declive";"Não";2;0;1;0;1;0;1;2;-16,78382;-43,890787;"SPRF-MG";"DEL12-MG";"UOP01-DEL12-MG"
492294;2022-12-11;"domingo";"23:25:00";"ES";101;293,6;"CARIACICA";"Reação tardia ou ineficiente do condutor";"Tombamento";"Com Vítimas Feridas";"Plena Noite";"Decrescente";"Céu Claro";"Dupla";"Retorno Regulamentado";"Sim";1;0;1;0;0;0;1;1;-20,32101168;-40,39595887;"SPRF-ES";"DEL01-ES";"UOP01-DEL01-ES"
492295;2022-12-11;"domingo";"22:30:00";"PR";469;16,9;"FOZ DO IGUACU";"Pedestre cruzava a pista fora da faixa";"Atropelamento de Pedestre";"Com Vítimas Feridas";"Plena Noite";"Decrescente";"Nublado";"Simples";"Reta;Em Obras";"Não";2;0;1;1;0;0;2;2;-25,5844;-54,5245;"SPRF-PR";"DEL05-PR";"UOP04-DEL05-PR"
492297;2022-12-11;"domingo";"19:10:00";"MA";230;411;"BALSAS";"Ingestão de álcool pelo condutor";"Colisão traseira";"Com Vítimas Feridas";"Plena Noite";"Crescente";"Céu Claro";"Simples";"Reta";"Não";3;0;0;2;1;0;2;2;-7,50700611;-46,10147204;"SPRF-MA";"DEL05-MA";"UOP01-DEL05-MA"
492298;2022-12-11;"domingo";"21:56:00";"PE";428;64,6;"SANTA MARIA DA BOA VISTA";"Desrespeitar a preferência no cruzamento";"Colisão transversal";"Com Vítimas Feridas";"Plena Noite";"Crescente";"Céu Claro";"Simples";"Reta";"Não";2;0;0;1;1;0;1;2;-8,65436324;-39,72965878;"SPRF-PE";"DEL06-PE";"UOP03-DEL06-PE"
492299;2022-12-12;"segunda-feira";"00:00:00";"SC";280;56,4;"GUARAMIRIM";"Ausência de reação do condutor";"Colisão com objeto";"Sem Vítimas";"Plena Noite";"Decrescente";"Céu Claro";"Dupla";"Curva;Em Obras";"Sim";1;0;0;0;0;1;0;1;-26,47947677;-49,00298702;"SPRF-SC";"DEL03-SC";"UOP03-DEL03-SC"
492300;2022-12-12;"segunda-feira";"00:00:00";"MS";163;259;"DOURADOS";"Pedestre andava na pista";"Atropelamento de Pedestre";"Com Vítimas Fatais";"Plena Noite";"Crescente";"Céu Claro";"Dupla";"Reta";"Sim";2;1;0;0;1;0;0;2;-22,25258409;-54,77697385;"SPRF-MS";"DEL04-MS";"UOP01-DEL04-MS"
492302;2022-12-12;"segunda-feira";"00:00:00";"MS";163;101;"ITAQUIRAI";"Ingestão de álcool pelo condutor";"Saída de leito carroçável";"Com Vítimas Feridas";"Plena Noite";"Crescente";"Nublado";"Simples";"Reta";"Não";1;0;1;0;0;0;1;1;-23,27184703;-54,22720917;"SPRF-MS";"DEL09-MS";"UOP01-DEL09-MS"
492303;2022-12-11;"domingo";"23:30:00";"RJ";493;22;"MAGE";"Reação tardia ou ineficiente do condutor";"Colisão traseira";"Sem Vítimas";"Plena Noite";"Crescente";"Céu Claro";"Simples";"Reta";"Não";2;0;0;0;2;0;0;2;-22,659311;-43,053303;"SPRF-RJ";"DEL04-RJ";"UOP02-DEL04-RJ"
492304;2022-12-12;"segunda-feira";"01:15:00";"GO";40;4,7;"VALPARAISO DE GOIAS";"Reação tardia ou ineficiente do condutor";"Saída de leito carroçável";"Com Vítimas Feridas";"Plena Noite";"Decrescente";"Céu Claro";"Dupla";"Reta";"Sim";3;0;2;0;1;0;2;1;-16,085241;-47,986752;"SPRF-DF";"DEL01-DF";"UOP01-DEL01-DF"
492305;2022-12-12;"segunda-feira";"02:00:00";"SP";116;441,7;"REGISTRO";"Ingestão de álcool pelo condutor";"Colisão traseira";"Com Vítimas Feridas";"Plena Noite";"Crescente";"Céu Claro";"Dupla";"Reta";"Não";4;0;3;0;1;0;3;2;-24,47398334;-47,82618111;"SPRF-SP";"DEL05-SP";"UOP01-DEL05-SP"
492306;2022-12-11;"domingo";"21:20:00";"PB";110;186,4;"MONTEIRO";"Velocidade Incompatível";"Colisão frontal";"Com Vítimas Feridas";"Plena Noite";"Decrescente";"Céu Claro";"Simples";"Reta";"Não";3;0;2;1;0;0;3;2;-7,912551;-37,150264;"SPRF-PB";"DEL02-PB";"UOP02-DEL02-PB"
492310;2022-12-11;"domingo";"23:00:00";"MG";267;59,1;"BICAS";"Velocidade Incompatível";"Saída de leito carroçável";"Com Vítimas Feridas";"Plena Noite";"Decrescente";"Céu Claro";"Simples";"Curva";"Não";1;0;0;1;0;0;1;1;-21,7245573;-43,04402678;"SPRF-MG";"DEL07-MG";"UOP01-DEL07-MG"
492311;2022-12-12;"segunda-feira";"04:15:00";"SE";101;67,4;"MARUIM";"Condutor Dormindo";"Capotamento";"Com Vítimas Feridas";"Amanhecer";"Crescente";"Céu Claro";"Simples";"Reta";"Não";2;0;1;1;0;0;2;1;-10,71880732;-37,0657947;"SPRF-SE";"DEL01-SE";"UOP01-DEL01-SE"
492313;2022-12-12;"segunda-feira";"03:45:00";"MG";459;106,2;"POUSO ALEGRE";"Ausência de reação do condutor";"Saída de leito carroçável";"Sem Vítimas";"Plena Noite";"Decrescente";"Nublado";"Simples";"Curva;Rotatória";"Sim";1;0;0;0;0;1;0;1;-22,23934921;-45,87783913;"SPRF-MG";"DEL16-MG";"UOP01-DEL16-MG"
492314;2022-12-12;"segunda-feira";"04:15:00";"RJ";356;148;"CAMPOS DOS GOYTACAZES";"Ausência de reação do condutor";"Queda de ocupante de veículo";"Com Vítimas Feridas";"Amanhecer";"Crescente";"Céu Claro";"Múltipla";"Reta";"Sim";1;0;1;0;0;0;1;1;-21,77876606;-41,29048496;"SPRF-RJ";"DEL08-RJ";"UOP02-DEL08-RJ"
492316;2022-12-12;"segunda-feira";"03:25:00";"RJ";101;288;"ITABORAI";"Animais na Pista";"Atropelamento de Animal";"Com Vítimas Fatais";"Amanhecer";"Decrescente";"Céu Claro";"Dupla";"Reta";"Não";1;1;0;0;0;0;0;1;-22,75933747;-42,84321275;"SPRF-RJ";"DEL02-RJ";"UOP02-DEL02-RJ"
492317;2022-12-12;"segunda-feira";"04:40:00";"SC";101;318;"PESCARIA BRAVA";"Ausência de reação do condutor";"Saída de leito carroçável";"Sem Vítimas";"Amanhecer";"Crescente";"Céu Claro";"Múltipla";"Reta";"Não";1;0;0;0;1;0;0;1;-28,42900561;-48,87836695;"SPRF-SC";"DEL02-SC";"UOP01-DEL02-SC"
492318;2022-12-12;"segunda-feira";"03:40:00";"PR";116;92,3;"SAO JOSE DOS PINHAIS";"Estacionar ou parar em local proibido";"Colisão traseira";"Sem Vítimas";"Plena Noite";"Crescente";"Nublado";"Dupla";"Reta";"Não";2;0;0;0;2;0;0;2;-25,50859449;-49,12596703;"SPRF-PR";"DEL01-PR";"UOP07-DEL01-PR"
492321;2022-12-11;"domingo";"22:45:00";"PB";412;77,9;"SERRA BRANCA";"Animais na Pista";"Atropelamento de Animal";"Com Vítimas Feridas";"Plena Noite";"Crescente";"Céu Claro";"Simples";"Reta";"Não";2;0;1;0;1;0;1;1;-7,491959;-36,675205;"SPRF-PB";"DEL02-PB";"UOP02-DEL02-PB"
492323;2022-12-12;"segunda-feira";"05:45:00";"SC";101;118;"ITAJAI";"Acessar a via sem observar a presença dos outros veículos";"Colisão transversal";"Com Vítimas Feridas";"Amanhecer";"Crescente";"Céu Claro";"Múltipla";"Interseção de Vias";"Sim";2;0;0;1;1;0;1;2;-26,895859;-48,71903;"SPRF-SC";"DEL04-SC";"UOP04-DEL04-SC"
492324;2022-12-12;"segunda-feira";"04:50:00";"SC";101;113,8;"ITAJAI";"Velocidade Incompatível";"Colisão traseira";"Com Vítimas Feridas";"Amanhecer";"Decrescente";"Nublado";"Múltipla";"Reta";"Sim";2;0;2;0;0;0;2;2;-26,85311393;-48,72689927;"SPRF-SC";"DEL04-SC";"UOP04-DEL04-SC"
492325;2022-12-11;"domingo";"21:06:00";"MG";116;561;"MANHUACU";"Ausência de reação do condutor";"Tombamento";"Com Vítimas Feridas";"Plena Noite";"Crescente";"Nublado";"Simples";"Curva";"Não";1;0;1;0;0;0;1;1;-20,04079579;-42,17396159;"SPRF-MG";"DEL06-MG";"UOP03-DEL06-MG"
492327;2022-12-12;"segunda-feira";"06:20:00";"ES";101;148;"LINHARES";"Condutor desrespeitou a iluminação vermelha do semáforo";"Colisão transversal";"Com Vítimas Feridas";"Pleno dia";"Crescente";"Céu Claro";"Simples";"Reta";"Sim";3;0;0;1;1;1;1;3;-19,38787399;-40,06752766;"SPRF-ES";"DEL04-ES";"UOP01-DEL04-ES"
492328;2022-12-12;"segunda-feira";"06:50:00";"SC";101;131;"BALNEARIO CAMBORIU";"Velocidade Incompatível";"Colisão traseira";"Com Vítimas Feridas";"Pleno dia";"Decrescente";"Céu Claro";"Dupla";"Reta";"Sim";2;0;0;1;1;0;1;2;-26,99064209;-48,66310912;"SPRF-SC";"DEL04-SC";"UOP03-DEL04-SC"
492330;2022-12-12;"segunda-feira";"05:40:00";"PB";230;43;"SANTA RITA";"Ingestão de álcool pelo condutor";"Saída de leito carroçável";"Sem Vítimas";"Pleno dia";"Decrescente";"Sol";"Dupla";"Reta";"Não";1;0;0;0;1;0;0;1;-7,1479;-35,0029;"SPRF-PB";"DEL01-PB";"UOP03-DEL01-PB"
492331;2022-12-12;"segunda-feira";"07:35:00";"SP";116;205;"ARUJA";"Manobra de mudança de faixa";"Colisão lateral mesmo sentido";"Com Vítimas Feridas";"Pleno dia";"Crescente";"Céu Claro";"Múltipla";"Reta";"Sim";4;0;2;0;2;0;2;3;-23,41475243;-46,36600788;"SPRF-SP";"DEL01-SP";"UOP01-DEL01-SP"
492332;2022-12-12;"segunda-feira";"06:50:00";"MG";381;752,1;"TRES CORACOES";"Acumulo de óleo sobre o pavimento";"Queda de ocupante de veículo";"Com Vítimas Feridas";"Pleno dia";"Crescente";"Garoa/Chuvisco";"Dupla";"Curva";"Sim";1;0;1;0;0;0;1;1;-21,67246754;-45,33430028;"SPRF-MG";"DEL16-MG";"UOP02-DEL16-MG"
492333;2022-12-12;"segunda-feira";"03:00:00";"GO";60;122;"GOIANAPOLIS";"Ingestão de álcool pelo condutor";"Saída de leito carroçável";"Com Vítimas Feridas";"Plena Noite";"Decrescente";"Nublado";"Dupla";"Reta";"Não";1;0;1;0;0;0;1;1;-16,5112;-49,1185;"SPRF-GO";"DEL01-GO";"UOP01-DEL01-GO"
492335;2022-12-12;"segunda-feira";"06:00:00";"MG";251;467,8;"FRANCISCO SA";"Reação tardia ou ineficiente do condutor";"Colisão traseira";"Com Vítimas Feridas";"Pleno dia";"Crescente";"Chuva";"Simples";"Declive;Reta";"Não";5;0;4;0;1;0;4;2;-16,47434005;-43,40876432;"SPRF-MG";"DEL12-MG";"UOP01-DEL12-MG"
492336;2022-12-12;"segunda-feira";"07:10:00";"RS";470;231;"CARLOS BARBOSA";"Condutor deixou de manter distância do veículo da frente";"Colisão traseira";"Com Vítimas Feridas";"Pleno dia";"Crescente";"Sol";"Dupla";"Curva";"Sim";2;0;0;1;1;0;1;2;-29,23579206;-51,51193423;"SPRF-RS";"DEL06-RS";"UOP01-DEL06-RS"
492337;2022-12-04;"domingo";"19:00:00";"GO";414;371;"COCALZINHO DE GOIAS";"Mal súbito do condutor";"Tombamento";"Com Vítimas Feridas";"Plena Noite";"Decrescente";"Nublado";"Dupla";"Reta;Interseção de Vias";"Não";1;0;0;1;0;0;1;1;-15,76598077;-48,75888439;"SPRF-GO";"DEL02-GO";"UOP01-DEL02-GO"
492338;2022-04-20;"quarta-feira";"17:10:00";"SC";280;48;"GUARAMIRIM";"Acessar a via sem observar a presença dos outros veículos";"Colisão transversal";"Com Vítimas Feridas";"Pleno dia";"Crescente";"Céu Claro";"Simples";"Interseção de Vias";"Não";3;0;1;0;1;1;1;3;-26,45506795;-48,92766502;"SPRF-SC";"DEL03-SC";"UOP03-DEL03-SC"
492339;2022-12-12;"segunda-feira";"07:25:00";"ES";101;274;"SERRA";"Pista esburacada";"Tombamento";"Com Vítimas Feridas";"Pleno dia";"Decrescente";"Céu Claro";"Dupla";"Reta";"Não";1;0;1;0;0;0;1;1;-20,21288515;-40,29612219;"SPRF-ES";"DEL02-ES";"UOP01-DEL02-ES"
492340;2022-12-12;"segunda-feira";"07:50:00";"RS";290;69,5;"GRAVATAI";"Mal súbito do condutor";"Colisão frontal";"Com Vítimas Feridas";"Pleno dia";"Crescente";"Céu Claro";"Múltipla";"Reta";"Sim";3;0;1;0;2;0;1;2;-29,948053;-50,956192;"SPRF-RS";"DEL03-RS";"UOP01-DEL03-RS"
492342;2022-12-12;"segunda-feira";"08:30:00";"RJ";116;175;"SAO JOAO DE MERITI";"Ultrapassagem Indevida";"Colisão traseira";"Com Vítimas Feridas";"Pleno dia";"Decrescente";"Céu Claro";"Dupla";"Reta";"Não";2;0;1;0;1;0;1;2;-22,78923555;-43,37275272;"SPRF-RJ";"DEL01-RJ";"UOP02-DEL01-RJ"
492343;2022-12-12;"segunda-feira";"01:10:00";"RJ";40;105;"DUQUE DE CAXIAS";"Condutor Dormindo";"Saída de leito carroçável";"Com Vítimas Feridas";"Plena Noite";"Decrescente";"Céu Claro";"Múltipla";"Reta";"Sim";1;0;1;0;0;0;1;1;-22,63784806;-43,28428824;"SPRF-RJ";"DEL01-RJ";"UOP01-DEL01-RJ"
492344;2022-04-08;"sexta-feira";"13:45:00";"PA";155;255;"ELDORADO DO CARAJAS";"Manobra de mudança de faixa";"Colisão lateral mesmo sentido";"Com Vítimas Feridas";"Pleno dia";"Crescente";"Céu Claro";"Simples";"Reta";"Não";2;0;0;1;1;0;1;2;-6,08510399;-49,31872679;"SPRF-PA";"DEL03-PA";"UOP01-DEL03-PA"
492345;2022-12-12;"segunda-feira";"08:45:00";"MG";146;398;"GUAXUPE";"Ausência de reação do condutor";"Colisão traseira";"Com Vítimas Feridas";"Pleno dia";"Crescente";"Nublado";"Simples";"Reta";"Não";3;0;1;1;1;0;2;2;-21,302088;-46,669817;"SPRF-MG";"DEL09-MG";"UOP01-DEL09-MG"
492346;2022-12-12;"segunda-feira";"08:20:00";"PB";230;17,4;"JOAO PESSOA";"Ausência de reação do condutor";"Tombamento";"Com Vítimas Feridas";"Pleno dia";"Crescente";"Céu Claro";"Dupla";"Retorno Regulamentado";"Sim";1;0;1;0;0;0;1;1;-7,1121;-34,8426;"SPRF-PB";"DEL01-PB";"UOP01-DEL01-PB"
492347;2022-12-11;"domingo";"14:00:00";"RJ";116;264;"VOLTA REDONDA";"Avarias e/ou desgaste excessivo no pneu";"Colisão com objeto";"Sem Vítimas";"Pleno dia";"Crescente";"Chuva";"Simples";"Retorno Regulamentado";"Sim";1;0;0;0;0;1;0;1;-22,59213864;-44,07723781;"SPRF-RJ";"DEL07-RJ";"UOP02-DEL07-RJ"
492348;2022-12-12;"segunda-feira";"07:30:00";"MG";381;934;"CAMANDUCAIA";"Reação tardia ou ineficiente do condutor";"Queda de ocupante de veículo";"Com Vítimas Feridas";"Pleno dia";"Decrescente";"Céu Claro";"Dupla";"Declive";"Não";1;0;1;0;0;0;1;1;-22,80498468;-46,25999451;"SPRF-MG";"DEL16-MG";"UOP03-DEL16-MG"
492349;2022-12-12;"segunda-feira";"01:45:00";"CE";222;215;"SOBRAL";"Manobra de mudança de faixa";"Saída de leito carroçável";"Com Vítimas Feridas";"Plena Noite";"Crescente";"Céu Claro";"Simples";"Curva";"Não";1;0;1;0;0;0;1;1;-3,76728996;-40,28895097;"SPRF-CE";"DEL04-CE";"UOP01-DEL04-CE"
492351;2022-12-12;"segunda-feira";"08:20:00";"BA";110;154;"RIBEIRA DO POMBAL";"Acessar a via sem observar a presença dos outros veículos";"Colisão lateral mesmo sentido";"Com Vítimas Feridas";"Pleno dia";"Crescente";"Céu Claro";"Simples";"Reta";"Não";3;0;2;0;1;0;2;2;-10,71682605;-38,47177696;"SPRF-BA";"DEL07-BA";"UOP02-DEL07-BA"
492352;2022-09-03;"sábado";"05:41:00";"AL";101;158;"CAMPO ALEGRE";"Ausência de reação do condutor";"Colisão traseira";"Com Vítimas Feridas";"Amanhecer";"Decrescente";"Chuva";"Dupla";"Reta";"Não";2;0;1;0;1;0;1;2;-9,90443149;-36,21942994;"SPRF-AL";"DEL02-AL";"UOP02-DEL02-AL"
492353;2022-12-12;"segunda-feira";"08:50:00";"SC";101;214,7;"PALHOCA";"Acessar a via sem observar a presença dos outros veículos";"Atropelamento de Pedestre";"Com Vítimas Feridas";"Pleno dia";"Crescente";"Céu Claro";"Múltipla";"Reta";"Sim";2;0;1;0;1;0;1;2;-27,64443;-48,67057;"SPRF-SC";"DEL01-SC";"UOP02-DEL01-SC"
492354;2022-12-12;"segunda-feira";"08:55:00";"PB";101;83;"BAYEUX";"Ausência de reação do condutor";"Colisão traseira";"Com Vítimas Feridas";"Pleno dia";"Crescente";"Céu Claro";"Dupla";"Reta";"Sim";2;0;1;0;1;0;1;2;-7,1337703;-34,92963914;"SPRF-PB";"DEL01-PB";"UOP01-DEL01-PB"
492355;2022-11-19;"sábado";"10:00:00";"RS";290;95,1;"PORTO ALEGRE";"Acessar a via sem observar a presença dos outros veículos";"Colisão traseira";"Com Vítimas Feridas";"Pleno dia";"Crescente";"Sol";"Dupla";"Reta";"Sim";3;0;0;1;1;1;1;3;-29,982832;-51,201572;"SPRF-RS";"DEL01-RS";"UOP01-DEL01-RS"
492356;2022-12-12;"segunda-feira";"07:50:00";"MG";459;107;"POUSO ALEGRE";"Ausência de reação do condutor";"Queda de ocupante de veículo";"Com Vítimas Feridas";"Pleno dia";"Crescente";"Chuva";"Simples";"Reta;Rotatória";"Sim";1;0;1;0;0;0;1;1;-22,23918039;-45,87729196;"SPRF-MG";"DEL16-MG";"UOP01-DEL16-MG"
492358;2022-12-12;"segunda-feira";"06:40:00";"RJ";116;177;"SAO JOAO DE MERITI";"Trafegar com motocicleta (ou similar) entre as faixas";"Colisão traseira";"Com Vítimas Feridas";"Pleno dia";"Decrescente";"Céu Claro";"Dupla";"Reta";"Sim";3;0;2;0;1;0;2;2;-22,78055198;-43,39208599;"SPRF-RJ";"DEL01-RJ";"UOP02-DEL01-RJ"
492361;2022-12-12;"segunda-feira";"08:45:00";"PR";476;129;"CURITIBA";"Reação tardia ou ineficiente do condutor";"Colisão lateral mesmo sentido";"Com Vítimas Feridas";"Pleno dia";"Crescente";"Nublado";"Dupla";"Reta";"Sim";3;0;2;0;0;1;2;2;-25,440983;-49,233715;"SPRF-PR";"DEL01-PR";"UOP01-DEL01-PR"
492362;2022-12-09;"sexta-feira";"07:20:00";"RJ";40;109;"DUQUE DE CAXIAS";"Mal súbito do condutor";"Colisão com objeto";"Com Vítimas Feridas";"Pleno dia";"Crescente";"Céu Claro";"Múltipla";"Reta";"Sim";1;0;0;1;0;0;1;1;-22,67511815;-43,28649636;"SPRF-RJ";"DEL01-RJ";"UOP01-DEL01-RJ"
492364;2022-12-12;"segunda-feira";"09:40:00";"PE";423;143,8;"SAO CAITANO";"Avarias e/ou desgaste excessivo no pneu";"Queda de ocupante de veículo";"Com Vítimas Feridas";"Pleno dia";"Crescente";"Céu Claro";"Dupla";"Reta";"Não";2;0;2;0;0;0;2;1;-8,32490449;-36,11171722;"SPRF-PE";"DEL03-PE";"UOP01-DEL03-PE"
492365;2022-12-12;"segunda-feira";"07:00:00";"PE";408;93;"SAO LOURENCO DA MATA";"Velocidade Incompatível";"Colisão com objeto";"Com Vítimas Feridas";"Pleno dia";"Crescente";"Céu Claro";"Simples";"Curva";"Sim";1;0;1;0;0;0;1;1;-8,00201425;-35,05473707;"SPRF-PE";"DEL01-PE";"UOP01-DEL01-PE"
492367;2022-12-12;"segunda-feira";"08:00:00";"RO";319;64;"PORTO VELHO";"Acessar a via sem observar a presença dos outros veículos";"Colisão transversal";"Com Vítimas Feridas";"Pleno dia";"Crescente";"Céu Claro";"Múltipla";"Reta";"Sim";4;0;2;0;2;0;2;2;-8,766685;-63,884052;"SPRF-RO";"DEL01-RO";"UOP01-DEL01-RO"
492368;2022-12-12;"segunda-feira";"09:55:00";"PB";230;23,2;"JOAO PESSOA";"Ausência de reação do condutor";"Colisão traseira";"Com Vítimas Feridas";"Pleno dia";"Decrescente";"Céu Claro";"Dupla";"Viaduto";"Sim";3;0;1;0;2;0;1;2;-7,1637;-34,8618;"SPRF-PB";"DEL01-PB";"UOP01-DEL01-PB"
492369;2022-12-12;"segunda-feira";"09:00:00";"MT";364;403;"CUIABA";"Acessar a via sem observar a presença dos outros veículos";"Colisão traseira";"Com Vítimas Feridas";"Pleno dia";"Decrescente";"Céu Claro";"Múltipla";"Retorno Regulamentado";"Sim";2;0;1;0;1;0;1;2;-15,64169542;-56,02016872;"SPRF-MT";"DEL01-MT";"UOP02-DEL01-MT"
492370;2022-12-12;"segunda-feira";"09:40:00";"ES";262;103;"VENDA NOVA DO IMIGRANTE";"Mal súbito do condutor";"Colisão frontal";"Com Vítimas Feridas";"Pleno dia";"Crescente";"Céu Claro";"Simples";"Reta";"Sim";1;0;1;0;0;0;1;1;-20,33657022;-41,12201819;"SPRF-ES";"DEL01-ES";"UOP02-DEL01-ES"
492371;2022-11-27;"domingo";"16:40:00";"PR";376;622,9;"SAO JOSE DOS PINHAIS";"Velocidade Incompatível";"Saída de leito carroçável";"Com Vítimas Fatais";"Pleno dia";"Crescente";"Chuva";"Dupla";"Reta";"Sim";4;2;1;0;0;1;1;2;-25,62623389;-49,16547575;"SPRF-PR";"DEL01-PR";"UOP04-DEL01-PR"
492375;2022-12-12;"segunda-feira";"10:00:00";"SP";116;102;"PINDAMONHANGABA";"Avarias e/ou desgaste excessivo no pneu";"Tombamento";"Com Vítimas Feridas";"Pleno dia";"Crescente";"Céu Claro";"Dupla";"Reta;Declive";"Não";2;0;2;0;0;0;2;1;-22,99497994;-45,48951403;"SPRF-SP";"DEL08-SP";"UOP01-DEL08-SP"
492377;2022-12-12;"segunda-feira";"10:14:00";"MS";163;77;"ITAQUIRAI";"Acessar a via sem observar a presença dos outros veículos";"Colisão transversal";"Com Vítimas Feridas";"Pleno dia";"Decrescente";"Céu Claro";"Dupla";"Reta";"Sim";3;0;1;0;1;1;1;2;-23,4831998;-54,18609129;"SPRF-MS";"DEL09-MS";"UOP01-DEL09-MS"
492379;2022-12-12;"segunda-feira";"09:00:00";"PR";373;283;"PRUDENTOPOLIS";"Ausência de reação do condutor";"Saída de leito carroçável";"Com Vítimas Feridas";"Pleno dia";"Crescente";"Chuva";"Simples";"Declive";"Não";3;0;1;0;2;0;1;1;-25,2925286;-51,13135976;"SPRF-PR";"DEL08-PR";"UOP01-DEL08-PR"
492380;2022-12-12;"segunda-feira";"10:00:00";"SC";280;23,6;"ARAQUARI";"Ultrapassagem Indevida";"Colisão transversal";"Com Vítimas Feridas";"Pleno dia";"Crescente";"Nublado";"Simples";"Reta";"Sim";2;0;1;0;1;0;1;2;-26,37146;-48,711887;"SPRF-SC";"DEL03-SC";"UOP03-DEL03-SC"
492381;2022-12-12;"segunda-feira";"11:50:00";"SC";101;194,8;"BIGUACU";"Manobra de mudança de faixa";"Colisão lateral mesmo sentido";"Com Vítimas Feridas";"Pleno dia";"Decrescente";"Céu Claro";"Dupla";"Reta";"Sim";2;0;1;0;1;0;1;2;-27,5047092;-48,65010819;"SPRF-SC";"DEL01-SC";"UOP01-DEL01-SC"
492383;2022-12-12;"segunda-feira";"11:40:00";"SC";101;195;"BIGUACU";"Acessar a via sem observar a presença dos outros veículos";"Colisão lateral mesmo sentido";"Com Vítimas Feridas";"Pleno dia";"Decrescente";"Céu Claro";"Dupla";"Reta";"Sim";2;0;1;0;1;0;1;2;-27,5047092;-48,65010819;"SPRF-SC";"DEL01-SC";"UOP01-DEL01-SC"
492384;2022-12-12;"segunda-feira";"01:00:00";"RS";287;409;"SANTIAGO";"Velocidade Incompatível";"Saída de leito carroçável";"Sem Vítimas";"Plena Noite";"Decrescente";"Céu Claro";"Simples";"Interseção de Vias";"Não";1;0;0;0;0;1;0;1;-29,0953789;-54,92257688;"SPRF-RS";"DEL12-RS";"UOP02-DEL12-RS"
492387;2022-12-12;"segunda-feira";"11:50:00";"RS";285;564;"SAO LUIZ GONZAGA";"Acessar a via sem observar a presença dos outros veículos";"Colisão transversal";"Com Vítimas Feridas";"Pleno dia";"Decrescente";"Céu Claro";"Simples";"Interseção de Vias";"Sim";2;0;0;1;1;0;1;2;-28,41724612;-54,9383837;"SPRF-RS";"DEL10-RS";"UOP01-DEL10-RS"
492389;2022-12-12;"segunda-feira";"12:30:00";"BA";324;613;"SALVADOR";"Condutor deixou de manter distância do veículo da frente";"Colisão traseira";"Com Vítimas Feridas";"Pleno dia";"Decrescente";"Céu Claro";"Dupla";"Reta";"Sim";3;0;1;0;2;0;1;2;-12,85531601;-38,42055197;"SPRF-BA";"DEL01-BA";"UOP01-DEL01-BA"