"id";"data_inversa";"dia_semana";"horario";"uf";"br";"km";"municipio";"causa_acidente";"tipo_acidente";"classificacao_acidente";"fase_dia";"sentido_via";"condicao_metereologica";"tipo_pista";"tracado_via";"uso_solo";"pessoas";"mortos";"feridos_leves";"feridos_graves";"ilesos";"ignorados";"feridos";"veiculos";"latitude";"longitude";"regional";"delegacia";"uop"
492391;2022-12-12;"segunda-feira";"07:45:00";"MG";116;540,1;"SANTA RITA DE MINAS";"Ausência de reação do condutor";"Atropelamento de Pedestre";"Com Vítimas Feridas";"Pleno dia";"Crescente";"Céu Claro";"Simples";"Curva";"Não";2;0;1;0;1;0;1;2;-19,86553941;-42,13600159;"SPRF-MG";"DEL06-MG";"UOP02-DEL06-MG"
492397;2022-10-08;"sábado";"23:28:00";"RJ";393;295;"BARRA MANSA";"Animais na Pista";"Atropelamento de Pedestre";"Com Vítimas Feridas";"Plena Noite";"Crescente";"Nublado";"Simples";"Reta";"Sim";3;0;0;2;1;0;2;3;-22,52257012;-44,11612629;"SPRF-RJ";"DEL07-RJ";"UOP02-DEL07-RJ"
492398;2022-12-12;"segunda-feira";"09:50:00";"BA";116;655;"JEQUIE";"Condutor deixou de manter distância do veículo da frente";"Colisão traseira";"Com Vítimas Feridas";"Pleno dia";"Crescente";"Céu Claro";"Simples";"Curva";"Não";2;0;1;0;1;0;1;2;-13,65534502;-40,09464377;"SPRF-BA";"DEL03-BA";"UOP01-DEL03-BA"
492399;2022-12-12;"segunda-feira";"14:00:00";"MG";40;790,8;"JUIZ DE FORA";"Ausência de reação do condutor";"Capotamento";"Com Vítimas Feridas";"Pleno dia";"Crescente";"Chuva";"Dupla";"Reta";"Não";1;0;1;0;0;0;1;1;-21,77130707;-43,43618608;"SPRF-MG";"DEL05-MG";"UOP01-DEL05-MG"
492401;2022-12-12;"segunda-feira";"13:30:00";"PR";277;74;"SAO JOSE DOS PINHAIS";"Demais falhas mecânicas ou elétricas";"Incêndio";"Sem Vítimas";"Pleno dia";"Crescente";"Nublado";"Dupla";"Reta";"Sim";1;0;0;0;1;0;0;1;-25,51726115;-49,11540707;"SPRF-PR";"DEL01-PR";"UOP01-DEL01-PR"
492403;2022-12-12;"segunda-feira";"11:00:00";"BA";116;500;"SANTA TERESINHA";"Estacionar ou parar em local proibido";"Colisão traseira";"Com Vítimas Feridas";"Pleno dia";"Decrescente";"Céu Claro";"Simples";"Reta";"Não";3;0;1;0;2;0;1;2;-12,605886;-39,554946;"SPRF-BA";"DEL03-BA";"UOP02-DEL03-BA"
492404;2022-12-12;"segunda-feira";"12:40:00";"SC";158;134,9;"PALMITOS";"Velocidade Incompatível";"Colisão com objeto";"Sem Vítimas";"Pleno dia";"Decrescente";"Chuva";"Simples";"Curva";"Não";1;0;0;0;1;0;0;1;-27,075092;-53,231405;"SPRF-SC";"DEL07-SC";"UOP02-DEL07-SC"
492405;2022-12-12;"segunda-feira";"12:15:00";"MG";116;652,9;"FERVEDOURO";"Acessar a via sem observar a presença dos outros veículos";"Colisão transversal";"Com Vítimas Feridas";"Pleno dia";"Decrescente";"Céu Claro";"Simples";"Interseção de Vias";"Sim";2;0;0;1;1;0;1;2;-20,7275386;-42,28088379;"SPRF-MG";"DEL07-MG";"UOP03-DEL07-MG"
492406;2022-12-12;"segunda-feira";"13:00:00";"RO";364;426;"JARU";"Acessar a via sem observar a presença dos outros veículos";"Colisão transversal";"Com Vítimas Feridas";"Pleno dia";"Crescente";"Céu Claro";"Simples";"Interseção de Vias";"Sim";4;0;2;0;2;0;2;2;-10,4306489;-62,48203754;"SPRF-RO";"DEL03-RO";"UOP02-DEL03-RO"
492407;2022-12-12;"segunda-feira";"15:15:00";"RN";406;110,8;"JOAO CAMARA";"Condutor Dormindo";"Capotamento";"Com Vítimas Feridas";"Pleno dia";"Crescente";"Céu Claro";"Simples";"Reta";"Não";1;0;1;0;0;0;1;1;-5,55949243;-35,74519582;"SPRF-RN";"DEL02-RN";"UOP01-DEL02-RN"
492408;2022-12-12;"segunda-feira";"14:45:00";"PR";277;659;"MATELANDIA";"Reação tardia ou ineficiente do condutor";"Colisão com objeto";"Com Vítimas Feridas";"Pleno dia";"Crescente";"Céu Claro";"Dupla";"Curva;Aclive";"Não";1;0;1;0;0;0;1;1;-25,24664169;-53,98334832;"SPRF-PR";"DEL05-PR";"UOP02-DEL05-PR"
492409;2022-12-12;"segunda-feira";"14:00:00";"MT";163;118;"RONDONOPOLIS";"Reação tardia ou ineficiente do condutor";"Colisão com objeto";"Com Vítimas Feridas";"Pleno dia";"Crescente";"Sol";"Dupla";"Reta";"Sim";1;0;1;0;0;0;1;1;-16,51361392;-54,65519619;"SPRF-MT";"DEL02-MT";"UOP01-DEL02-MT"
492410;2022-12-12;"segunda-feira";"15:15:00";"PR";116;141;"MANDIRITUBA";"Acessar a via sem observar a presença dos outros veículos";"Colisão lateral mesmo sentido";"Com Vítimas Feridas";"Pleno dia";"Crescente";"Garoa/Chuvisco";"Dupla";"Reta";"Sim";2;0;1;0;1;0;1;2;-25,77714275;-49,3244045;"SPRF-PR";"DEL01-PR";"UOP03-DEL01-PR"
492411;2022-12-12;"segunda-feira";"15:18:00";"PI";343;4;"TERESINA";"Reação tardia ou ineficiente do condutor";"Colisão transversal";"Sem Vítimas";"Pleno dia";"Crescente";"Chuva";"Múltipla";"Reta;Em Obras";"Sim";2;0;0;0;2;0;0;2;-5,089569;-42,802288;"SPRF-PI";"DEL01-PI";"UOP01-DEL01-PI"
492413;2022-12-12;"segunda-feira";"15:50:00";"SC";101;87,5;"BARRA VELHA";"Reação tardia ou ineficiente do condutor";"Colisão traseira";"Com Vítimas Feridas";"Pleno dia";"Crescente";"Sol";"Dupla";"Curva";"Sim";2;0;0;1;1;0;1;2;-26,63713377;-48,69651057;"SPRF-SC";"DEL03-SC";"UOP02-DEL03-SC"
492414;2022-11-26;"sábado";"13:20:00";"PB";230;0,8;"CABEDELO";"Ausência de reação do condutor";"Colisão traseira";"Sem Vítimas";"Pleno dia";"Crescente";"Céu Claro";"Simples";"Reta";"Sim";2;0;0;0;1;1;0;2;-6,9711;-34,8382;"SPRF-PB";"DEL01-PB";"UOP01-DEL01-PB"
492416;2022-12-12;"segunda-feira";"15:45:00";"GO";60;202;"GUAPO";"Demais falhas mecânicas ou elétricas";"Saída de leito carroçável";"Com Vítimas Feridas";"Pleno dia";"Crescente";"Céu Claro";"Dupla";"Curva";"Não";2;0;2;0;0;0;2;1;-16,88355441;-49,61932719;"SPRF-GO";"DEL01-GO";"UOP02-DEL01-GO"
492417;2022-12-12;"segunda-feira";"15:23:00";"ES";101;273;"SERRA";"Ausência de reação do condutor";"Queda de ocupante de veículo";"Com Vítimas Feridas";"Pleno dia";"Decrescente";"Céu Claro";"Dupla";"Reta";"Sim";1;0;1;0;0;0;1;1;-20,22029207;-40,29048811;"SPRF-ES";"DEL02-ES";"UOP01-DEL02-ES"
492420;2022-12-12;"segunda-feira";"12:25:00";"SC";480;131;"CHAPECO";"Velocidade Incompatível";"Engavetamento";"Sem Vítimas";"Pleno dia";"Crescente";"Nublado";"Simples";"Reta";"Sim";3;0;0;0;2;1;0;3;-27,06314223;-52,63234636;"SPRF-SC";"DEL07-SC";"UOP01-DEL07-SC"
492422;2022-12-12;"segunda-feira";"16:30:00";"PE";101;79;"JABOATAO DOS GUARARAPES";"Reação tardia ou ineficiente do condutor";"Colisão traseira";"Com Vítimas Feridas";"Pleno dia";"Crescente";"Sol";"Dupla";"Reta";"Sim";3;0;2;0;1;0;2;2;-8,14366112;-34,94723453;"SPRF-PE";"DEL01-PE";"UOP01-DEL01-PE"
492423;2022-12-12;"segunda-feira";"15:58:00";"PE";101;98,8;"CABO DE SANTO AGOSTINHO";"Ausência de reação do condutor";"Colisão traseira";"Com Vítimas Feridas";"Anoitecer";"Decrescente";"Nublado";"Dupla";"Reta";"Não";3;0;3;0;0;0;3;2;-8,25653422;-35,03811793;"SPRF-PE";"DEL01-PE";"UOP03-DEL01-PE"
492424;2022-12-12;"segunda-feira";"16:10:00";"GO";153;426;"ANAPOLIS";"Mal súbito do condutor";"Queda de ocupante de veículo";"Com Vítimas Feridas";"Pleno dia";"Crescente";"Céu Claro";"Dupla";"Aclive;Reta";"Não";1;0;0;1;0;0;1;1;-16,221258;-49,013374;"SPRF-GO";"DEL02-GO";"UOP01-DEL02-GO"
492426;2022-11-04;"sexta-feira";"07:20:00";"PR";277;83;"CURITIBA";"Manobra de mudança de faixa";"Colisão traseira";"Com Vítimas Feridas";"Pleno dia";"Crescente";"Nublado";"Dupla";"Reta";"Sim";4;0;1;0;1;2;1;3;-25,45495677;-49,24170773;"SPRF-PR";"DEL01-PR";"UOP01-DEL01-PR"
492431;2022-12-12;"segunda-feira";"17:20:00";"SP";153;70,7;"SAO JOSE DO RIO PRETO";"Manobra de mudança de faixa";"Colisão lateral mesmo sentido";"Com Vítimas Feridas";"Pleno dia";"Crescente";"Céu Claro";"Dupla";"Reta;Interseção de Vias";"Sim";2;0;1;0;1;0;1;2;-20,85197874;-49,40070263;"SPRF-SP";"DEL09-SP";"UOP01-DEL09-SP"
492433;2022-12-12;"segunda-feira";"17:35:00";"MT";70;1,2;"BARRA DO GARCAS";"Acessar a via sem observar a presença dos outros veículos";"Colisão transversal";"Com Vítimas Feridas";"Pleno dia";"Decrescente";"Céu Claro";"Simples";"Reta";"Sim";2;0;1;0;1;0;1;2;-15,89164596;-52,26202884;"SPRF-MT";"DEL07-MT";"UOP01-DEL07-MT"
492434;2022-12-12;"segunda-feira";"17:30:00";"PR";277;21;"MORRETES";"Acessar a via sem observar a presença dos outros veículos";"Queda de ocupante de veículo";"Com Vítimas Feridas";"Anoitecer";"Decrescente";"Nublado";"Dupla";"Reta";"Não";1;0;0;1;0;0;1;1;-25,55074432;-48,67135211;"SPRF-PR";"DEL01-PR";"UOP05-DEL01-PR"
492435;2022-12-12;"segunda-feira";"17:40:00";"MG";40;532;"CONTAGEM";"Trafegar com motocicleta (ou similar) entre as faixas";"Colisão lateral mesmo sentido";"Com Vítimas Feridas";"Anoitecer";"Crescente";"Céu Claro";"Dupla";"Reta";"Sim";2;0;0;1;1;0;1;2;-19,92372561;-44,01700789;"SPRF-MG";"DEL01-MG";"UOP02-DEL01-MG"
492436;2022-11-26;"sábado";"08:30:00";"MS";60;197;"CAMAPUA";"Ausência de sinalização";"Colisão com objeto";"Sem Vítimas";"Pleno dia";"Decrescente";"Céu Claro";"Simples";"Declive";"Sim";2;0;0;0;2;0;0;1;-19,5269498;-54,0444266;"SPRF-MS";"DEL06-MS";"UOP02-DEL06-MS"
492437;2022-12-12;"segunda-feira";"18:20:00";"CE";116;1,2;"FORTALEZA";"Manobra de mudança de faixa";"Colisão lateral mesmo sentido";"Com Vítimas Feridas";"Plena Noite";"Decrescente";"Céu Claro";"Dupla";"Reta";"Sim";2;0;1;0;1;0;1;2;-3,76159894;-38,51900662;"SPRF-CE";"DEL01-CE";"UOP02-DEL01-CE"
492439;2022-12-12;"segunda-feira";"18:32:00";"DF";40;7;"BRASILIA";"Trafegar com motocicleta (ou similar) entre as faixas";"Colisão lateral mesmo sentido";"Com Vítimas Feridas";"Anoitecer";"Crescente";"Nublado";"Dupla";"Reta";"Sim";3;0;2;0;0;1;2;2;-16,038666;-47,979691;"SPRF-DF";"DEL01-DF";"UOP01-DEL01-DF"
492440;2022-12-12;"segunda-feira";"14:20:00";"MG";153;239;"FRONTEIRA";"Condutor deixou de manter distância do veículo da frente";"Colisão traseira";"Com Vítimas Feridas";"Pleno dia";"Decrescente";"Nublado";"Simples";"Curva";"Não";2;0;1;0;1;0;1;2;-20,29847332;-49,20614844;"SPRF-MG";"DEL13-MG";"UOP02-DEL13-MG"
492442;2022-12-12;"segunda-feira";"17:30:00";"PE";232;415;"SERRA TALHADA";"Animais na Pista";"Atropelamento de Animal";"Com Vítimas Feridas";"Anoitecer";"Crescente";"Céu Claro";"Simples";"Reta";"Não";2;0;1;1;0;0;2;1;-7,988824;-38,330195;"SPRF-PE";"DEL04-PE";"UOP01-DEL04-PE"
492443;2022-12-12;"segunda-feira";"18:30:00";"SC";101;121;"ITAJAI";"Velocidade Incompatível";"Colisão traseira";"Com Vítimas Feridas";"Anoitecer";"Crescente";"Céu Claro";"Dupla";"Reta";"Sim";5;0;3;2;0;0;5;2;-26,92103178;-48,70856446;"SPRF-SC";"DEL04-SC";"UOP04-DEL04-SC"
492444;2022-12-12;"segunda-feira";"18:30:00";"PR";277;662,3;"MEDIANEIRA";"Avarias e/ou desgaste excessivo no pneu";"Queda de ocupante de veículo";"Com Vítimas Feridas";"Pleno dia";"Decrescente";"Céu Claro";"Dupla";"Curva";"Não";2;0;2;0;0;0;2;1;-25,25121745;-54,00913508;"SPRF-PR";"DEL05-PR";"UOP02-DEL05-PR"
492445;2022-12-12;"segunda-feira";"18:20:00";"BA";324;610,9;"SIMOES FILHO";"Condutor deixou de manter distância do veículo da frente";"Colisão traseira";"Sem Vítimas";"Plena Noite";"Decrescente";"Céu Claro";"Dupla";"Reta";"Não";2;0;0;0;2;0;0;2;-12,793157;-38,404831;"SPRF-BA";"DEL01-BA";"UOP01-DEL01-BA"
492446;2022-12-12;"segunda-feira";"18:00:00";"MS";262;239;"RIBAS DO RIO PARDO";"Acessar a via sem observar a presença dos outros veículos";"Colisão transversal";"Com Vítimas Feridas";"Anoitecer";"Crescente";"Céu Claro";"Simples";"Reta";"Sim";2;0;2;0;0;0;2;2;-20,45684563;-53,75597803;"SPRF-MS";"DEL01-MS";"UOP01-DEL01-MS"
492447;2022-12-12;"segunda-feira";"17:39:00";"TO";153;314,5;"GUARAI";"Reação tardia ou ineficiente do condutor";"Saída de leito carroçável";"Com Vítimas Feridas";"Pleno dia";"Crescente";"Chuva";"Simples";"Reta";"Não";2;0;1;1;0;0;2;1;-8,65746;-48,49490499;"SPRF-TO";"DEL02-TO";"UOP02-DEL02-TO"
492448;2022-12-12;"segunda-feira";"16:39:00";"MG";381;923;"CAMANDUCAIA";"Ausência de reação do condutor";"Saída de leito carroçável";"Com Vítimas Feridas";"Pleno dia";"Decrescente";"Nublado";"Dupla";"Curva";"Não";2;0;1;0;1;0;1;1;-22,77509335;-46,18650198;"SPRF-MG";"DEL16-MG";"UOP03-DEL16-MG"
492451;2022-12-12;"segunda-feira";"19:10:00";"PR";116;39,3;"CAMPINA GRANDE DO SUL";"Chuva";"Capotamento";"Com Vítimas Feridas";"Plena Noite";"Crescente";"Chuva";"Dupla";"Curva";"Não";2;0;2;0;0;0;2;1;-25,156168;-48,8613401;"SPRF-PR";"DEL01-PR";"UOP02-DEL01-PR"
492452;2022-12-12;"segunda-feira";"16:00:00";"PR";376;432;"TIBAGI";"Reação tardia ou ineficiente do condutor";"Saída de leito carroçável";"Com Vítimas Feridas";"Pleno dia";"Crescente";"Chuva";"Dupla";"Curva;Declive";"Não";2;0;1;1;0;0;2;1;-24,75469411;-50,53534985;"SPRF-PR";"DEL03-PR";"UOP02-DEL03-PR"
492454;2022-12-12;"segunda-feira";"19:15:00";"PR";373;192,8;"PONTA GROSSA";"Acessar a via sem observar a presença dos outros veículos";"Colisão transversal";"Sem Vítimas";"Plena Noite";"Crescente";"Chuva";"Simples";"Reta";"Não";3;0;0;0;2;1;0;2;-25,06522595;-50,35211203;"SPRF-PR";"DEL03-PR";"UOP01-DEL03-PR"
492455;2022-12-12;"segunda-feira";"13:30:00";"RJ";465;2;"SEROPEDICA";"Retorno proibido";"Colisão transversal";"Com Vítimas Feridas";"Pleno dia";"Crescente";"Céu Claro";"Simples";"Reta";"Sim";4;0;2;0;1;1;2;3;-22,73427;-43,711994;"SPRF-RJ";"DEL01-RJ";"UOP03-DEL01-RJ"
492456;2022-12-12;"segunda-feira";"15:30:00";"PI";343;131,7;"PIRACURUCA";"Acessar a via sem observar a presença dos outros veículos";"Colisão transversal";"Com Vítimas Feridas";"Pleno dia";"Decrescente";"Céu Claro";"Simples";"Reta";"Não";2;0;1;0;1;0;1;2;-3,841823;-41,695862;"SPRF-PI";"DEL02-PI";"UOP01-DEL02-PI"
492458;2022-12-12;"segunda-feira";"19:10:00";"TO";153;319;"GUARAI";"Iluminação deficiente";"Colisão com objeto";"Com Vítimas Feridas";"Plena Noite";"Decrescente";"Chuva";"Simples";"Reta";"Não";1;0;1;0;0;0;1;1;-8,70104701;-48,50485483;"SPRF-TO";"DEL02-TO";"UOP02-DEL02-TO"
492460;2022-12-12;"segunda-feira";"20:00:00";"GO";60;49;"ABADIANIA";"Ingestão de álcool pelo condutor";"Tombamento";"Com Vítimas Feridas";"Anoitecer";"Crescente";"Céu Claro";"Dupla";"Reta";"Não";1;0;1;0;0;0;1;1;-16,1607;-48,6148;"SPRF-GO";"DEL02-GO";"UOP01-DEL02-GO"
492461;2022-12-12;"segunda-feira";"18:50:00";"GO";50;96;"CRISTALINA";"Acessar a via sem observar a presença dos outros veículos";"Colisão transversal";"Com Vítimas Feridas";"Plena Noite";"Crescente";"Chuva";"Simples";"Reta";"Sim";2;0;0;1;1;0;1;2;-16,9309;-47,7117;"SPRF-DF";"DEL01-DF";"UOP02-DEL01-DF"
492462;2022-09-18;"domingo";"11:30:00";"PE";423;111;"PARANATAMA";"Reação tardia ou ineficiente do condutor";"Colisão traseira";"Com Vítimas Feridas";"Pleno dia";"Crescente";"Céu Claro";"Simples";"Reta";"Não";10;0;5;2;0;3;7;2;-8,89303549;-36,61653287;"SPRF-PE";"DEL03-PE";"UOP01-DEL03-PE"
492465;2022-12-12;"segunda-feira";"17:50:00";"RS";116;113,1;"SAO MARCOS";"Desrespeitar a preferência no cruzamento";"Colisão transversal";"Com Vítimas Feridas";"Anoitecer";"Crescente";"Nublado";"Simples";"Reta";"Sim";2;0;1;0;1;0;1;2;-28,96055248;-51,07892632;"SPRF-RS";"DEL05-RS";"UOP01-DEL05-RS"
492468;2022-12-12;"segunda-feira";"18:40:00";"MG";50;4;"ARAGUARI";"Chuva";"Queda de ocupante de veículo";"Com Vítimas Feridas";"Plena Noite";"Crescente";"Chuva";"Dupla";"Curva";"Não";1;0;0;1;0;0;1;1;-18,45334391;-48,04823463;"SPRF-MG";"DEL15-MG";"UOP02-DEL15-MG"
492469;2022-12-12;"segunda-feira";"20:08:00";"SC";282;400;"JOACABA";"Transitar na contramão";"Colisão frontal";"Com Vítimas Feridas";"Plena Noite";"Crescente";"Nublado";"Simples";"Reta";"Não";2;0;2;0;0;0;2;2;-27,132223;-51,627563;"SPRF-SC";"DEL07-SC";"UOP05-DEL07-SC"
492470;2022-12-12;"segunda-feira";"02:00:00";"RS";285;64,5;"BOM JESUS";"Reação tardia ou ineficiente do condutor";"Saída de leito carroçável";"Sem Vítimas";"Plena Noite";"Decrescente";"Céu Claro";"Simples";"Curva";"Não";1;0;0;0;0;1;0;1;-28,646387;-50,453144;"SPRF-RS";"DEL05-RS";"UOP03-DEL05-RS"
492471;2022-12-12;"segunda-feira";"20:35:00";"PE";232;109;"BEZERROS";"Restrição de visibilidade em curvas horizontais";"Saída de leito carroçável";"Com Vítimas Feridas";"Plena Noite";"Crescente";"Céu Claro";"Dupla";"Curva";"Sim";2;0;1;0;1;0;1;1;-8,28036785;-35,81085313;"SPRF-PE";"DEL02-PE";"UOP02-DEL02PE"
492473;2022-12-12;"segunda-feira";"19:40:00";"RN";226;166,9;"CURRAIS NOVOS";"Ingestão de álcool pelo condutor";"Saída de leito carroçável";"Com Vítimas Fatais";"Plena Noite";"Crescente";"Céu Claro";"Simples";"Reta";"Não";1;1;0;0;0;0;0;1;-6,23134688;-36,44413948;"SPRF-RN";"DEL03-RN";"UOP02-DEL03-RN"
492474;2022-12-12;"segunda-feira";"20:30:00";"RJ";116;211;"SEROPEDICA";"Reação tardia ou ineficiente do condutor";"Colisão traseira";"Com Vítimas Feridas";"Plena Noite";"Crescente";"Chuva";"Dupla";"Reta";"Não";2;0;1;0;1;0;1;2;-22,71844298;-43,700897;"SPRF-RJ";"DEL01-RJ";"UOP03-DEL01-RJ"
492475;2022-12-12;"segunda-feira";"22:20:00";"CE";116;320;"JAGUARIBE";"Condutor Dormindo";"Saída de leito carroçável";"Com Vítimas Feridas";"Plena Noite";"Decrescente";"Céu Claro";"Simples";"Reta";"Não";3;0;1;0;2;0;1;1;-5,99085214;-38,62819672;"SPRF-CE";"DEL05-CE";"UOP02-DEL05-CE"
492477;2022-12-12;"segunda-feira";"21:30:00";"AP";210;0;"MACAPA";"Condutor deixou de manter distância do veículo da frente";"Colisão traseira";"Com Vítimas Feridas";"Plena Noite";"Decrescente";"Céu Claro";"Dupla";"Reta";"Sim";3;0;2;0;1;0;2;2;0,07780012;-51,06097;"SPRF-AP";"DEL01-AP";"UOP01-DEL01-AP"
492478;2022-12-12;"segunda-feira";"16:48:00";"SC";101;293;"IMBITUBA";"Ausência de reação do condutor";"Colisão com objeto";"Com Vítimas Feridas";"Pleno dia";"Decrescente";"Céu Claro";"Dupla";"Curva";"Não";2;0;0;2;0;0;2;1;-28,2856298;-48,70438133;"SPRF-SC";"DEL02-SC";"UOP03-DEL02-SC"
492479;2022-12-12;"segunda-feira";"21:00:00";"RJ";40;111;"DUQUE DE CAXIAS";"Manobra de mudança de faixa";"Colisão traseira";"Com Vítimas Feridas";"Plena Noite";"Decrescente";"Céu Claro";"Múltipla";"Curva";"Não";2;0;1;0;0;1;1;2;-22,691868;-43,287453;"SPRF-RJ";"DEL01-RJ";"UOP01-DEL01-RJ"
492480;2022-12-12;"segunda-feira";"21:30:00";"MG";116;524,6;"CARATINGA";"Ausência de reação do condutor";"Saída de leito carroçável";"Com Vítimas Feridas";"Plena Noite";"Crescente";"Chuva";"Dupla";"Reta";"Sim";1;0;1;0;0;0;1;1;-19,76027352;-42,13398823;"SPRF-MG";"DEL06-MG";"UOP02-DEL06-MG"
492482;2022-09-19;"segunda-feira";"07:20:00";"MT";364;405;"CUIABA";"Velocidade Incompatível";"Colisão transversal";"Com Vítimas Feridas";"Pleno dia";"Decrescente";"Céu Claro";"Dupla";"Reta";"Sim";2;0;0;1;1;0;1;2;-15,64164167;-56,02005422;"SPRF-MT";"DEL01-MT";"UOP02-DEL01-MT"
492483;2022-10-01;"sábado";"08:50:00";"SP";116;67,1;"GUARATINGUETA";"Falta de elemento de contenção que evite a saída do leito carroçável";"Colisão com objeto";"Com Vítimas Feridas";"Pleno dia";"Crescente";"Nublado";"Simples";"Declive";"Sim";1;0;0;1;0;0;1;1;-22,82874866;-45,21011353;"SPRF-SP";"DEL08-SP";"UOP01-DEL08-SP"
492484;2022-12-12;"segunda-feira";"23:46:00";"MG";40;501;"ESMERALDAS";"Reação tardia ou ineficiente do condutor";"Colisão lateral mesmo sentido";"Com Vítimas Feridas";"Plena Noite";"Decrescente";"Chuva";"Dupla";"Reta;Declive";"Não";1;0;1;0;0;0;1;1;-19,70735708;-44,16736508;"SPRF-MG";"DEL02-MG";"UOP01-DEL02-MG"
492486;2022-12-12;"segunda-feira";"23:30:00";"SP";116;230;"SAO PAULO";"Entrada inopinada do pedestre";"Atropelamento de Pedestre";"Com Vítimas Fatais";"Plena Noite";"Crescente";"Céu Claro";"Múltipla";"Reta";"Não";2;1;0;0;1;0;0;2;-23,52251783;-46,5855702;"SPRF-SP";"DEL01-SP";"UOP01-DEL01-SP"
492488;2022-12-12;"segunda-feira";"22:45:00";"TO";242;363;"GURUPI";"Reação tardia ou ineficiente do condutor";"Saída de leito carroçável";"Sem Vítimas";"Amanhecer";"Decrescente";"Céu Claro";"Simples";"Reta";"Não";1;0;0;0;1;0;0;1;-11,81112402;-48,946227;"SPRF-TO";"DEL01-TO";"UOP02-DEL01-TO"
492489;2022-12-13;"terça-feira";"01:00:00";"PR";376;2;"SAO JOSE DOS PINHAIS";"Ausência de reação do condutor";"Saída de leito carroçável";"Com Vítimas Feridas";"Plena Noite";"Decrescente";"Garoa/Chuvisco";"Dupla";"Reta";"Sim";1;0;1;0;0;0;1;1;-25,5307;-49,1958;"SPRF-PR";"DEL01-PR";"UOP04-DEL01-PR"
492490;2022-12-13;"terça-feira";"00:45:00";"PE";232;49;"VITORIA DE SANTO ANTAO";"Velocidade Incompatível";"Saída de leito carroçável";"Com Vítimas Feridas";"Plena Noite";"Decrescente";"Céu Claro";"Dupla";"Reta";"Não";5;0;4;0;1;0;4;1;-8,143676;-35,314419;"SPRF-PE";"DEL01-PE";"UOP01-DEL01-PE"
492492;2022-12-12;"segunda-feira";"15:50:00";"RJ";101;324;"NITEROI";"Reação tardia ou ineficiente do condutor";"Engavetamento";"Com Vítimas Feridas";"Pleno dia";"Decrescente";"Céu Claro";"Dupla";"Reta";"Sim";6;0;1;0;5;0;1;5;-22,87381074;-43,12640997;"SPRF-RJ";"DEL02-RJ";"UOP01-DEL02-RJ"
492493;2022-12-12;"segunda-feira";"07:45:00";"BA";324;527,9;"FEIRA DE SANTANA";"Condutor deixou de manter distância do veículo da frente";"Colisão traseira";"Com Vítimas Feridas";"Pleno dia";"Crescente";"Céu Claro";"Dupla";"Reta";"Não";2;0;1;0;1;0;1;2;-12,31183923;-38,88331817;"SPRF-BA";"DEL01-BA";"UOP03-DEL01-BA"
492494;2022-12-13;"terça-feira";"03:45:00";"SP";381;14;"BRAGANCA PAULISTA";"Pista esburacada";"Colisão com objeto";"Com Vítimas Feridas";"Plena Noite";"Decrescente";"Nublado";"Dupla";"Reta;Declive";"Não";2;0;2;0;0;0;2;1;-22,94112083;-46,47449533;"SPRF-SP";"DEL03-SP";"UOP02-DEL03-SP"
492497;2022-08-16;"terça-feira";"06:50:00";"GO";40;1,2;"VALPARAISO DE GOIAS";"Área urbana sem a presença de local apropriado para a travessia de pedestres";"Atropelamento de Pedestre";"Com Vítimas Feridas";"Pleno dia";"Decrescente";"Céu Claro";"Dupla";"Aclive;Reta";"Sim";2;0;0;1;1;0;1;2;-16,058245;-47,982825;"SPRF-DF";"DEL01-DF";"UOP01-DEL01-DF"
492500;2022-12-13;"terça-feira";"06:10:00";"PR";376;666;"GUARATUBA";"Ausência de reação do condutor";"Colisão traseira";"Com Vítimas Feridas";"Pleno dia";"Crescente";"Garoa/Chuvisco";"Dupla";"Curva";"Não";1;0;1;0;0;0;1;1;-25,86037408;-48,95087256;"SPRF-PR";"DEL01-PR";"UOP04-DEL01-PR"
492501;2022-12-13;"terça-feira";"06:50:00";"PR";376;129;"ALTO PARANA";"Transitar na contramão";"Colisão frontal";"Com Vítimas Feridas";"Pleno dia";"Crescente";"Chuva";"Dupla";"Reta";"Não";5;0;1;0;4;0;1;2;-23,16877004;-52,24960327;"SPRF-PR";"DEL09-PR";"UOP02-DEL09-PR"
492502;2022-12-13;"terça-feira";"01:00:00";"RJ";101;306;"SAO GONCALO";"Reação tardia ou ineficiente do condutor";"Capotamento";"Com Vítimas Feridas";"Plena Noite";"Decrescente";"Céu Claro";"Simples";"Reta";"Sim";1;0;1;0;0;0;1;1;-22,78913759;-43,00550909;"SPRF-RJ";"DEL02-RJ";"UOP02-DEL02-RJ"
492506;2022-12-12;"segunda-feira";"20:30:00";"RO";364;70;"VILHENA";"Transitar na contramão";"Colisão lateral sentido oposto";"Com Vítimas Feridas";"Plena Noite";"Decrescente";"Céu Claro";"Simples";"Aclive;Reta";"Não";7;0;2;0;5;0;2;1;-12,46733497;-60,49874289;"SPRF-RO";"DEL04-RO";"UOP01-DEL04-RO"