"id";"data_inversa";"dia_semana";"horario";"uf";"br";"km";"municipio";"causa_acidente";"tipo_acidente";"classificacao_acidente";"fase_dia";"sentido_via";"condicao_metereologica";"tipo_pista";"tracado_via";"uso_solo";"pessoas";"mortos";"feridos_leves";"feridos_graves";"ilesos";"ignorados";"feridos";"veiculos";"latitude";"longitude";"regional";"delegacia";"uop"
492507;2022-12-13;"terça-feira";"07:50:00";"RS";386;410;"TRIUNFO";"Transitar na contramão";"Eventos atípicos";"Com Vítimas Feridas";"Pleno dia";"Decrescente";"Céu Claro";"Simples";"Curva;Túnel";"Não";1;0;1;0;0;0;1;1;-29,800684;-51,518406;"SPRF-RS";"DEL01-RS";"UOP01-DEL01-RS"
492508;2022-12-13;"terça-feira";"07:20:00";"PR";277;282;"PRUDENTOPOLIS";"Ausência de reação do condutor";"Saída de leito carroçável";"Com Vítimas Feridas";"Amanhecer";"Crescente";"Céu Claro";"Simples";"Reta";"Não";1;0;0;1;0;0;1;1;-25,34688486;-50,9324159;"SPRF-PR";"DEL08-PR";"UOP02-DEL08-PR"
492509;2022-12-13;"terça-feira";"07:15:00";"RJ";101;430;"MANGARATIBA";"Condutor Dormindo";"Queda de ocupante de veículo";"Com Vítimas Feridas";"Pleno dia";"Decrescente";"Nublado";"Simples";"Curva";"Não";1;0;0;1;0;0;1;1;-22,93710123;-44,01083798;"SPRF-RJ";"DEL03-RJ";"UOP02-DEL03-RJ"
492512;2022-12-13;"terça-feira";"04:48:00";"SC";282;380;"HERVAL DOESTE";"Ingestão de álcool pelo condutor";"Colisão frontal";"Sem Vítimas";"Pleno dia";"Decrescente";"Céu Claro";"Simples";"Curva";"Não";5;0;0;0;5;0;0;2;-27,213797;-51,499413;"SPRF-SC";"DEL07-SC";"UOP05-DEL07-SC"
492513;2022-12-13;"terça-feira";"06:50:00";"PE";104;62,5;"CARUARU";"Avarias e/ou desgaste excessivo no pneu";"Capotamento";"Sem Vítimas";"Pleno dia";"Decrescente";"Céu Claro";"Simples";"Reta";"Sim";1;0;0;0;1;0;0;1;-8,2618;-35,976;"SPRF-PE";"DEL02-PE";"UOP01-DEL02-PE"
492514;2022-12-13;"terça-feira";"08:30:00";"PE";101;45;"IGARASSU";"Pedestre cruzava a pista fora da faixa";"Atropelamento de Pedestre";"Com Vítimas Feridas";"Pleno dia";"Crescente";"Céu Claro";"Simples";"Reta";"Sim";2;0;0;1;1;0;1;2;-7,86521297;-34,90715176;"SPRF-PE";"DEL01-PE";"UOP02-DEL01-PE"
492515;2022-12-12;"segunda-feira";"14:50:00";"PE";232;134;"CARUARU";"Condutor deixou de manter distância do veículo da frente";"Incêndio";"Sem Vítimas";"Pleno dia";"Decrescente";"Céu Claro";"Dupla";"Reta";"Sim";1;0;0;0;0;1;0;1;-8,30853497;-36,02442101;"SPRF-PE";"DEL02-PE";"UOP01-DEL02-PE"
492519;2022-12-13;"terça-feira";"09:00:00";"ES";101;148,6;"LINHARES";"Condutor deixou de manter distância do veículo da frente";"Engavetamento";"Com Vítimas Feridas";"Pleno dia";"Crescente";"Céu Claro";"Dupla";"Reta";"Sim";4;0;1;0;3;0;1;3;-19,38787399;-40,06752766;"SPRF-ES";"DEL04-ES";"UOP01-DEL04-ES"
492521;2022-12-13;"terça-feira";"09:05:00";"DF";60;28;"BRASILIA";"Acumulo de água sobre o pavimento";"Capotamento";"Sem Vítimas";"Pleno dia";"Decrescente";"Nublado";"Dupla";"Aclive;Curva";"Não";1;0;0;0;1;0;0;1;-16,020638;-48,250832;"SPRF-DF";"DEL03-DF";"UOP01-DEL03-DF"
492522;2022-12-13;"terça-feira";"09:10:00";"PR";277;81;"CURITIBA";"Trafegar com motocicleta (ou similar) entre as faixas";"Colisão traseira";"Com Vítimas Feridas";"Pleno dia";"Crescente";"Céu Claro";"Dupla";"Reta";"Sim";3;0;2;0;1;0;2;2;-25,568939;-49,181978;"SPRF-PR";"DEL01-PR";"UOP01-DEL01-PR"
492523;2022-07-10;"domingo";"22:00:00";"RJ";101;484;"ANGRA DOS REIS";"Ingestão de álcool pelo condutor";"Colisão com objeto";"Com Vítimas Feridas";"Plena Noite";"Crescente";"Céu Claro";"Simples";"Reta";"Não";2;0;2;0;0;0;2;1;-22,99096308;-44,30429882;"SPRF-RJ";"DEL03-RJ";"UOP03-DEL03-RJ"
492525;2022-12-13;"terça-feira";"08:45:00";"PR";116;10;"CAMPINA GRANDE DO SUL";"Chuva";"Saída de leito carroçável";"Com Vítimas Feridas";"Pleno dia";"Crescente";"Chuva";"Dupla";"Curva";"Não";1;0;1;0;0;0;1;1;-25,08357197;-48,64281407;"SPRF-PR";"DEL01-PR";"UOP02-DEL01-PR"
492526;2022-12-13;"terça-feira";"09:00:00";"MS";163;727;"COXIM";"Ausência de reação do condutor";"Tombamento";"Com Vítimas Feridas";"Pleno dia";"Crescente";"Céu Claro";"Simples";"Reta";"Sim";1;0;1;0;0;0;1;1;-18,53607086;-54,74294349;"SPRF-MS";"DEL06-MS";"UOP01-DEL06-MS"
492531;2022-12-13;"terça-feira";"10:20:00";"RS";116;152,3;"CAXIAS DO SUL";"Conversão proibida";"Colisão transversal";"Com Vítimas Feridas";"Pleno dia";"Decrescente";"Céu Claro";"Dupla";"Curva";"Sim";3;0;1;0;1;1;1;3;-29,1829343;-51,16801501;"SPRF-RS";"DEL05-RS";"UOP01-DEL05-RS"
492532;2022-10-15;"sábado";"05:10:00";"SC";101;205;"SAO JOSE";"Ausência de reação do condutor";"Colisão com objeto";"Sem Vítimas";"Plena Noite";"Decrescente";"Chuva";"Dupla";"Reta";"Sim";1;0;0;0;0;1;0;1;-27,58821182;-48,61675638;"SPRF-SC";"DEL01-SC";"UOP01-DEL01-SC"
492533;2022-12-13;"terça-feira";"07:10:00";"RO";364;239;"CACOAL";"Condutor deixou de manter distância do veículo da frente";"Colisão lateral mesmo sentido";"Com Vítimas Feridas";"Pleno dia";"Crescente";"Sol";"Simples";"Curva";"Sim";1;0;1;0;0;0;1;1;-11,43381837;-61,46782458;"SPRF-RO";"DEL02-RO";"UOP02-DEL02-RO"
492534;2022-11-01;"terça-feira";"17:45:00";"PB";230;11;"CABEDELO";"Reação tardia ou ineficiente do condutor";"Colisão traseira";"Com Vítimas Feridas";"Plena Noite";"Crescente";"Céu Claro";"Dupla";"Reta";"Sim";2;0;0;1;1;0;1;2;-7,0596;-34,8506;"SPRF-PB";"DEL01-PB";"UOP01-DEL01-PB"
492536;2022-12-13;"terça-feira";"10:30:00";"SP";116;434;"REGISTRO";"Objeto estático sobre o leito carroçável";"Eventos atípicos";"Com Vítimas Feridas";"Pleno dia";"Crescente";"Garoa/Chuvisco";"Dupla";"Reta";"Não";1;0;1;0;0;0;1;1;-24,42368904;-47,77892497;"SPRF-SP";"DEL05-SP";"UOP01-DEL05-SP"
492537;2022-12-13;"terça-feira";"10:30:00";"RS";392;1;"SANTANA DA BOA VISTA";"Ausência de sinalização";"Colisão traseira";"Sem Vítimas";"Pleno dia";"Crescente";"Céu Claro";"Simples";"Curva";"Sim";2;0;0;0;2;0;0;2;-30,87120253;-53,12581122;"SPRF-RS";"DEL09-RS";"UOP02-DEL09-RS"
492539;2022-10-14;"sexta-feira";"11:50:00";"SC";101;236,9;"PALHOCA";"Pista Escorregadia";"Saída de leito carroçável";"Com Vítimas Feridas";"Pleno dia";"Decrescente";"Chuva";"Dupla";"Curva";"Não";1;0;1;0;0;0;1;1;-27,82629382;-48,63034842;"SPRF-SC";"DEL01-SC";"UOP02-DEL01-SC"
492540;2022-12-13;"terça-feira";"08:30:00";"PE";408;80,3;"PAUDALHO";"Entrada inopinada do pedestre";"Atropelamento de Pedestre";"Com Vítimas Fatais";"Pleno dia";"Crescente";"Sol";"Dupla";"Reta";"Sim";3;1;0;0;2;0;0;2;-7,9310439;-35,13844295;"SPRF-PE";"DEL01-PE";"UOP01-DEL01-PE"
492543;2022-12-13;"terça-feira";"11:00:00";"PR";476;129;"CURITIBA";"Reação tardia ou ineficiente do condutor";"Colisão com objeto";"Sem Vítimas";"Pleno dia";"Crescente";"Nublado";"Dupla";"Curva";"Sim";1;0;0;0;0;1;0;1;-25,444393;-49,235824;"SPRF-PR";"DEL01-PR";"UOP01-DEL01-PR"
492544;2022-12-13;"terça-feira";"11:00:00";"MS";359;525;"LADARIO";"Acessar a via sem observar a presença dos outros veículos";"Colisão transversal";"Com Vítimas Feridas";"Pleno dia";"Crescente";"Céu Claro";"Simples";"Rotatória";"Não";2;0;1;0;1;0;1;2;-19,029644;-57,61845002;"SPRF-MS";"DEL03-MS";"UOP03-DEL03-MS"
492545;2022-12-13;"terça-feira";"08:15:00";"GO";60;98,3;"ANAPOLIS";"Demais falhas mecânicas ou elétricas";"Tombamento";"Com Vítimas Feridas";"Pleno dia";"Crescente";"Chuva";"Dupla";"Reta";"Sim";2;0;2;0;0;0;2;1;-16,38746076;-48,95619097;"SPRF-GO";"DEL02-GO";"UOP01-DEL02-GO"
492547;2022-12-13;"terça-feira";"08:30:00";"GO";414;350,4;"COCALZINHO DE GOIAS";"Acumulo de água sobre o pavimento";"Saída de leito carroçável";"Com Vítimas Feridas";"Pleno dia";"Decrescente";"Chuva";"Simples";"Reta";"Não";1;0;0;1;0;0;1;1;-15,658013;-48,6841;"SPRF-GO";"DEL02-GO";"UOP01-DEL02-GO"
492548;2022-12-13;"terça-feira";"12:00:00";"GO";414;350,5;"COCALZINHO DE GOIAS";"Acumulo de água sobre o pavimento";"Colisão transversal";"Com Vítimas Feridas";"Pleno dia";"Crescente";"Chuva";"Simples";"Declive;Reta";"Não";2;0;1;1;0;0;2;2;-15,629981;-48,669464;"SPRF-GO";"DEL02-GO";"UOP01-DEL02-GO"
492550;2022-12-13;"terça-feira";"07:25:00";"MS";163;616;"SAO GABRIEL DO OESTE";"Desrespeitar a preferência no cruzamento";"Colisão transversal";"Com Vítimas Feridas";"Pleno dia";"Crescente";"Céu Claro";"Simples";"Interseção de Vias";"Sim";2;0;1;0;1;0;1;2;-19,39073637;-54,57060659;"SPRF-MS";"DEL06-MS";"UOP02-DEL06-MS"
492551;2022-12-13;"terça-feira";"11:40:00";"RJ";101;430;"MANGARATIBA";"Avarias e/ou desgaste excessivo no pneu";"Colisão frontal";"Com Vítimas Feridas";"Pleno dia";"Decrescente";"Chuva";"Simples";"Curva";"Não";4;0;2;0;2;0;2;2;-22,93710123;-44,01083798;"SPRF-RJ";"DEL03-RJ";"UOP02-DEL03-RJ"
492556;2022-12-13;"terça-feira";"09:54:00";"RJ";40;114;"DUQUE DE CAXIAS";"Manobra de mudança de faixa";"Colisão traseira";"Com Vítimas Feridas";"Pleno dia";"Crescente";"Nublado";"Múltipla";"Reta";"Sim";2;0;1;0;0;1;1;2;-22,71853604;-43,28993324;"SPRF-RJ";"DEL01-RJ";"UOP01-DEL01-RJ"
492561;2022-11-10;"quinta-feira";"07:25:00";"SC";101;199;"SAO JOSE";"Reação tardia ou ineficiente do condutor";"Colisão traseira";"Com Vítimas Feridas";"Pleno dia";"Decrescente";"Sol";"Dupla";"Reta";"Sim";3;0;1;1;1;0;2;2;-27,53413705;-48,63003205;"SPRF-SC";"DEL01-SC";"UOP01-DEL01-SC"
492562;2022-10-27;"quinta-feira";"08:30:00";"SP";116;222;"GUARULHOS";"Ausência de reação do condutor";"Engavetamento";"Com Vítimas Feridas";"Pleno dia";"Decrescente";"Céu Claro";"Dupla";"Reta";"Sim";4;0;1;0;2;1;1;4;-23,47093408;-46,51631097;"SPRF-SP";"DEL01-SP";"UOP01-DEL01-SP"
492565;2022-12-13;"terça-feira";"13:45:00";"SC";470;57;"BLUMENAU";"Acessar a via sem observar a presença dos outros veículos";"Colisão lateral mesmo sentido";"Com Vítimas Feridas";"Pleno dia";"Crescente";"Céu Claro";"Simples";"Em Obras;Reta";"Não";2;0;1;0;1;0;1;2;-26,880428;-49,136532;"SPRF-SC";"DEL04-SC";"UOP01-DEL04-SC"
492566;2022-12-13;"terça-feira";"13:30:00";"ES";101;284;"CARIACICA";"Demais falhas mecânicas ou elétricas";"Queda de ocupante de veículo";"Com Vítimas Feridas";"Pleno dia";"Decrescente";"Céu Claro";"Dupla";"Reta";"Sim";1;0;1;0;0;0;1;1;-20,24334991;-40,3696926;"SPRF-ES";"DEL01-ES";"UOP01-DEL01-ES"
492567;2022-12-13;"terça-feira";"12:00:00";"RJ";101;409;"ITAGUAI";"Chuva";"Colisão traseira";"Com Vítimas Feridas";"Pleno dia";"Crescente";"Garoa/Chuvisco";"Dupla";"Reta";"Sim";2;0;1;0;1;0;1;2;-22,886693;-43,837254;"SPRF-RJ";"DEL03-RJ";"UOP01-DEL03-RJ"
492569;2022-12-13;"terça-feira";"13:20:00";"AL";104;90,8;"RIO LARGO";"Velocidade Incompatível";"Colisão traseira";"Com Vítimas Feridas";"Pleno dia";"Crescente";"Céu Claro";"Dupla";"Reta";"Sim";2;0;1;0;1;0;1;2;-9,50059087;-35,81127569;"SPRF-AL";"DEL01-AL";"UOP01-DEL01-AL"
492570;2022-12-13;"terça-feira";"12:15:00";"RS";101;46,4;"TERRA DE AREIA";"Ingestão de álcool pelo condutor";"Colisão com objeto";"Sem Vítimas";"Pleno dia";"Decrescente";"Céu Claro";"Simples";"Reta";"Sim";2;0;0;0;1;1;0;2;-29,57664003;-50,06327396;"SPRF-RS";"DEL03-RS";"UOP02-DEL03-RS"
492571;2022-12-13;"terça-feira";"12:20:00";"RO";364;515;"ARIQUEMES";"Reação tardia ou ineficiente do condutor";"Queda de ocupante de veículo";"Com Vítimas Feridas";"Pleno dia";"Crescente";"Céu Claro";"Múltipla";"Reta";"Sim";2;0;1;0;1;0;1;2;-9,92497302;-63,05491046;"SPRF-RO";"DEL03-RO";"UOP01-DEL03-RO"
492573;2022-12-13;"terça-feira";"13:20:00";"MG";381;924,4;"CAMANDUCAIA";"Mal súbito do condutor";"Colisão com objeto";"Com Vítimas Feridas";"Pleno dia";"Crescente";"Garoa/Chuvisco";"Dupla";"Curva";"Não";1;0;1;0;0;0;1;1;-22,77050246;-46,23490598;"SPRF-MG";"DEL16-MG";"UOP03-DEL16-MG"
492574;2022-12-13;"terça-feira";"06:30:00";"MG";262;29,6;"REDUTO";"Reação tardia ou ineficiente do condutor";"Colisão lateral mesmo sentido";"Com Vítimas Feridas";"Pleno dia";"Crescente";"Nublado";"Simples";"Aclive";"Não";2;0;1;0;1;0;1;2;-20,247223;-41,982025;"SPRF-MG";"DEL06-MG";"UOP03-DEL06-MG"
492577;2022-12-13;"terça-feira";"13:45:00";"SC";282;501,3;"XANXERE";"Acessar a via sem observar a presença dos outros veículos";"Colisão frontal";"Com Vítimas Feridas";"Pleno dia";"Decrescente";"Céu Claro";"Simples";"Interseção de Vias";"Sim";3;0;1;0;2;0;1;2;-26,882715;-52,381729;"SPRF-SC";"DEL07-SC";"UOP01-DEL07-SC"
492579;2022-12-13;"terça-feira";"13:40:00";"PR";467;104,5;"CASCAVEL";"Ausência de reação do condutor";"Tombamento";"Com Vítimas Feridas";"Pleno dia";"Decrescente";"Céu Claro";"Dupla";"Reta";"Não";1;0;1;0;0;0;1;1;-24,9129;-53,5028;"SPRF-PR";"DEL04-PR";"UOP01-DEL04-PR"
492581;2022-12-13;"terça-feira";"14:17:00";"PR";116;126;"FAZENDA RIO GRANDE";"Condutor desrespeitou a iluminação vermelha do semáforo";"Colisão transversal";"Com Vítimas Feridas";"Pleno dia";"Crescente";"Sol";"Dupla";"Reta";"Sim";3;0;2;0;1;0;2;2;-25,60389895;-49,31824423;"SPRF-PR";"DEL01-PR";"UOP03-DEL01-PR"
492582;2022-12-13;"terça-feira";"14:40:00";"SP";116;348,6;"MIRACATU";"Pista Escorregadia";"Saída de leito carroçável";"Com Vítimas Feridas";"Pleno dia";"Decrescente";"Garoa/Chuvisco";"Múltipla";"Curva";"Não";1;0;0;1;0;0;1;1;-24,05143375;-47,20399492;"SPRF-SP";"DEL04-SP";"UOP03-DEL04-SP"
492586;2022-12-13;"terça-feira";"15:10:00";"GO";20;118;"FLORES DE GOIAS";"Chuva";"Saída de leito carroçável";"Com Vítimas Feridas";"Pleno dia";"Crescente";"Chuva";"Simples";"Reta";"Não";4;0;3;0;1;0;3;1;-14,877173;-46,844711;"SPRF-DF";"DEL02-DF";"UOP03-DEL02-DF"
492588;2022-12-02;"sexta-feira";"15:00:00";"AM";230;611;"HUMAITA";"Acessar a via sem observar a presença dos outros veículos";"Colisão transversal";"Com Vítimas Feridas";"Pleno dia";"Decrescente";"Nublado";"Dupla";"Interseção de Vias";"Sim";2;0;1;0;1;0;1;2;-7,5066422;-63,0300544;"SPRF-AM";"DEL01-AM";"UOP05-DEL01-AM"
492589;2022-12-13;"terça-feira";"12:30:00";"RJ";101;185,3;"CASIMIRO DE ABREU";"Ausência de reação do condutor";"Colisão traseira";"Com Vítimas Feridas";"Pleno dia";"Decrescente";"Chuva";"Simples";"Reta";"Não";4;0;1;0;3;0;1;2;-22,43204693;-42,03456101;"SPRF-RJ";"DEL08-RJ";"UOP04-DEL08-RJ"
492590;2022-12-13;"terça-feira";"15:30:00";"MG";381;489,2;"BETIM";"Chuva";"Colisão com objeto";"Sem Vítimas";"Pleno dia";"Decrescente";"Chuva";"Dupla";"Reta";"Sim";1;0;0;0;1;0;0;1;-19,96245618;-44,16455495;"SPRF-MG";"DEL01-MG";"UOP03-DEL01-MG"
492592;2022-12-13;"terça-feira";"14:40:00";"PE";232;234;"PESQUEIRA";"Ultrapassagem Indevida";"Colisão lateral sentido oposto";"Com Vítimas Feridas";"Pleno dia";"Decrescente";"Céu Claro";"Simples";"Curva";"Não";3;0;1;0;2;0;1;2;-8,40708897;-36,910579;"SPRF-PE";"DEL04-PE";"UOP02-DEL04-PE"
492596;2022-12-13;"terça-feira";"11:20:00";"GO";80;112;"VILA PROPICIO";"Velocidade Incompatível";"Colisão lateral sentido oposto";"Com Vítimas Feridas";"Pleno dia";"Decrescente";"Chuva";"Simples";"Curva";"Não";7;0;6;0;1;0;6;2;-15,130884;-48,834084;"SPRF-GO";"DEL07-GO";"UOP02-DEL07-GO"
492599;2022-12-13;"terça-feira";"15:00:00";"MG";262;177,5;"SAO DOMINGOS DO PRATA";"Reação tardia ou ineficiente do condutor";"Saída de leito carroçável";"Com Vítimas Feridas";"Pleno dia";"Decrescente";"Nublado";"Simples";"Reta";"Não";1;0;0;1;0;0;1;1;-19,92841856;-42,9728859;"SPRF-MG";"DEL03-MG";"UOP01-DEL03-MG"
492600;2022-12-13;"terça-feira";"16:30:00";"SP";116;117,4;"TAUBATE";"Manobra de mudança de faixa";"Colisão lateral mesmo sentido";"Com Vítimas Feridas";"Pleno dia";"Crescente";"Céu Claro";"Dupla";"Reta";"Não";2;0;1;0;1;0;1;2;-23,0582298;-45,6176951;"SPRF-SP";"DEL02-SP";"UOP02-DEL02-SP"
492601;2022-12-13;"terça-feira";"13:30:00";"PR";369;159;"LONDRINA";"Ausência de reação do condutor";"Tombamento";"Com Vítimas Feridas";"Pleno dia";"Decrescente";"Céu Claro";"Dupla";"Reta";"Sim";2;0;2;0;0;0;2;1;-23,28396455;-51,24546642;"SPRF-PR";"DEL07-PR";"UOP01-DEL07-PR"
492602;2022-12-13;"terça-feira";"15:15:00";"MG";251;504,5;"FRANCISCO SA";"Chuva";"Saída de leito carroçável";"Com Vítimas Feridas";"Pleno dia";"Decrescente";"Chuva";"Simples";"Reta;Declive";"Não";5;0;3;0;2;0;3;1;-16,61695707;-43,67246999;"SPRF-MG";"DEL12-MG";"UOP01-DEL12-MG"
492603;2022-12-13;"terça-feira";"16:30:00";"MG";267;162,1;"LIMA DUARTE";"Acessar a via sem observar a presença dos outros veículos";"Colisão lateral mesmo sentido";"Com Vítimas Feridas";"Pleno dia";"Crescente";"Garoa/Chuvisco";"Simples";"Curva";"Não";3;0;2;0;1;0;2;2;-21,84902541;-43,80365406;"SPRF-MG";"DEL05-MG";"UOP01-DEL05-MG"
492604;2022-12-13;"terça-feira";"15:45:00";"BA";116;827,8;"VITORIA DA CONQUISTA";"Animais na Pista";"Atropelamento de Animal";"Com Vítimas Feridas";"Pleno dia";"Crescente";"Céu Claro";"Simples";"Reta";"Não";1;0;1;0;0;0;1;1;-14,8916122;-40,8631935;"SPRF-BA";"DEL08-BA";"UOP01-DEL08-BA"
492606;2022-12-13;"terça-feira";"16:16:00";"PE";423;77,1;"JUCATI";"Ultrapassagem Indevida";"Colisão frontal";"Sem Vítimas";"Pleno dia";"Decrescente";"Céu Claro";"Simples";"Reta";"Não";3;0;0;0;3;0;0;3;-8,740482;-36,43069893;"SPRF-PE";"DEL03-PE";"UOP01-DEL03-PE"
492607;2022-12-13;"terça-feira";"15:25:00";"MS";262;545,7;"MIRANDA";"Reação tardia ou ineficiente do condutor";"Saída de leito carroçável";"Com Vítimas Feridas";"Pleno dia";"Crescente";"Céu Claro";"Simples";"Reta;Declive";"Não";1;0;0;1;0;0;1;1;-20,29756047;-56,27254923;"SPRF-MS";"DEL03-MS";"UOP02-DEL03-MS"
492608;2022-12-13;"terça-feira";"16:50:00";"MG";262;380,5;"JUATUBA";"Avarias e/ou desgaste excessivo no pneu";"Saída de leito carroçável";"Sem Vítimas";"Anoitecer";"Decrescente";"Chuva";"Dupla";"Curva;Declive";"Não";1;0;0;0;1;0;0;1;-19,935636;-44,436823;"SPRF-MG";"DEL01-MG";"UOP03-DEL01-MG"
492609;2022-12-13;"terça-feira";"17:00:00";"ES";101;153,3;"LINHARES";"Avarias e/ou desgaste excessivo no pneu";"Queda de ocupante de veículo";"Com Vítimas Feridas";"Pleno dia";"Crescente";"Céu Claro";"Simples";"Reta";"Não";2;0;2;0;0;0;2;1;-19,423338;-40,07872401;"SPRF-ES";"DEL04-ES";"UOP01-DEL04-ES"
492611;2022-12-13;"terça-feira";"16:40:00";"BA";101;703,5;"EUNAPOLIS";"Reação tardia ou ineficiente do condutor";"Saída de leito carroçável";"Com Vítimas Feridas";"Pleno dia";"Crescente";"Chuva";"Simples";"Curva";"Não";1;0;1;0;0;0;1;1;-16,43471297;-39,57716291;"SPRF-BA";"DEL09-BA";"UOP01-DEL09-BA"
492612;2022-12-13;"terça-feira";"17:00:00";"GO";60;25,7;"ALEXANIA";"Reação tardia ou ineficiente do condutor";"Saída de leito carroçável";"Com Vítimas Feridas";"Pleno dia";"Decrescente";"Nublado";"Dupla";"Aclive;Reta";"Não";1;0;1;0;0;0;1;1;-16,1069769;-48,45021412;"SPRF-DF";"DEL03-DF";"UOP01-DEL03-DF"
492613;2022-12-13;"terça-feira";"13:31:00";"MG";381;634,8;"OLIVEIRA";"Pista Escorregadia";"Saída de leito carroçável";"Com Vítimas Feridas";"Pleno dia";"Crescente";"Chuva";"Dupla";"Curva";"Não";1;0;1;0;0;0;1;1;-20,87602422;-44,84695195;"SPRF-MG";"DEL04-MG";"UOP01-DEL04-MG"
492614;2022-12-13;"terça-feira";"17:30:00";"MG";381;593,3;"CARMOPOLIS DE MINAS";"Chuva";"Saída de leito carroçável";"Com Vítimas Feridas";"Pleno dia";"Crescente";"Chuva";"Dupla";"Reta";"Não";2;0;1;1;0;0;2;1;-20,58527993;-44,69380008;"SPRF-MG";"DEL04-MG";"UOP01-DEL04-MG"
492615;2022-12-13;"terça-feira";"11:00:00";"RJ";101;486;"ANGRA DOS REIS";"Reação tardia ou ineficiente do condutor";"Colisão traseira";"Com Vítimas Feridas";"Pleno dia";"Decrescente";"Nublado";"Simples";"Reta";"Sim";4;0;1;0;3;0;1;2;-22,97708786;-44,29634653;"SPRF-RJ";"DEL03-RJ";"UOP03-DEL03-RJ"
492616;2022-12-13;"terça-feira";"13:30:00";"RJ";116;231;"PIRAI";"Acumulo de óleo sobre o pavimento";"Saída de leito carroçável";"Com Vítimas Feridas";"Pleno dia";"Decrescente";"Chuva";"Dupla";"Curva";"Não";2;0;1;0;1;0;1;1;-22,65223367;-43,82992389;"SPRF-RJ";"DEL07-RJ";"UOP01-DEL07-RJ"
492617;2022-12-13;"terça-feira";"18:00:00";"RS";116;511,1;"PELOTAS";"Demais Fenômenos da natureza";"Queda de ocupante de veículo";"Com Vítimas Feridas";"Pleno dia";"Decrescente";"Céu Claro";"Dupla";"Reta";"Não";1;0;1;0;0;0;1;1;-31,62896074;-52,32311021;"SPRF-RS";"DEL07-RS";"UOP01-DEL07-RS"
492620;2022-12-09;"sexta-feira";"21:30:00";"PI";316;4;"TERESINA";"Estacionar ou parar em local proibido";"Colisão traseira";"Sem Vítimas";"Plena Noite";"Crescente";"Céu Claro";"Múltipla";"Reta";"Sim";2;0;0;0;2;0;0;2;-5,1425091;-42,7805913;"SPRF-PI";"DEL01-PI";"UOP02-DEL01-PI"
492621;2022-12-13;"terça-feira";"17:25:00";"ES";101;265;"SERRA";"Reação tardia ou ineficiente do condutor";"Queda de ocupante de veículo";"Com Vítimas Feridas";"Anoitecer";"Crescente";"Nublado";"Múltipla";"Curva";"Sim";1;0;1;0;0;0;1;1;-20,1816849;-40,26536036;"SPRF-ES";"DEL02-ES";"UOP01-DEL02-ES"
492622;2022-12-13;"terça-feira";"17:15:00";"SC";470;33,1;"GASPAR";"Mal súbito do condutor";"Colisão traseira";"Com Vítimas Feridas";"Pleno dia";"Decrescente";"Céu Claro";"Dupla";"Reta";"Não";2;0;0;1;1;0;1;2;-26,906223;-48,940575;"SPRF-SC";"DEL04-SC";"UOP01-DEL04-SC"
492623;2022-12-13;"terça-feira";"18:10:00";"RS";116;153;"CAXIAS DO SUL";"Reação tardia ou ineficiente do condutor";"Colisão lateral mesmo sentido";"Com Vítimas Feridas";"Pleno dia";"Decrescente";"Céu Claro";"Dupla";"Rotatória";"Sim";2;0;1;0;1;0;1;2;-29,18579758;-51,17713005;"SPRF-RS";"DEL05-RS";"UOP01-DEL05-RS"
492625;2022-10-22;"sábado";"15:30:00";"RJ";116;196;"QUEIMADOS";"Ausência de reação do condutor";"Tombamento";"Com Vítimas Feridas";"Pleno dia";"Decrescente";"Ignorado";"Dupla";"Reta";"Sim";1;0;0;1;0;0;1;1;-22,73154039;-43,60147476;"SPRF-RJ";"DEL01-RJ";"UOP02-DEL01-RJ"
492626;2022-12-13;"terça-feira";"17:40:00";"GO";153;573,5;"PROFESSOR JAMIL";"Acumulo de água sobre o pavimento";"Tombamento";"Com Vítimas Feridas";"Anoitecer";"Crescente";"Chuva";"Dupla";"Reta";"Não";1;0;1;0;0;0;1;1;-17,3299;-49,2395;"SPRF-GO";"DEL03-GO";"UOP01-DEL03-GO"
492628;2022-12-10;"sábado";"23:50:00";"MT";70;577;"NOSSA SENHORA DO LIVRAMENTO";"Animais na Pista";"Saída de leito carroçável";"Com Vítimas Feridas";"Plena Noite";"Crescente";"Céu Claro";"Simples";"Curva";"Não";1;0;1;0;0;0;1;1;-15,73793498;-56,54269069;"SPRF-MT";"DEL03-MT";"UOP02-DEL03-MT"
492631;2022-12-13;"terça-feira";"15:45:00";"SC";101;107,6;"PENHA";"Condutor deixou de manter distância do veículo da frente";"Queda de ocupante de veículo";"Com Vítimas Feridas";"Pleno dia";"Crescente";"Céu Claro";"Simples";"Aclive";"Não";1;0;0;1;0;0;1;1;-26,76404198;-48,68657667;"SPRF-SC";"DEL03-SC";"UOP02-DEL03-SC"
492634;2022-12-13;"terça-feira";"18:00:00";"CE";116;302;"JAGUARIBE";"Animais na Pista";"Atropelamento de Animal";"Sem Vítimas";"Plena Noite";"Decrescente";"Céu Claro";"Simples";"Reta;Aclive";"Não";1;0;0;0;1;0;0;1;-5,8540122;-38,57570286;"SPRF-CE";"DEL05-CE";"UOP02-DEL05-CE"
492640;2022-12-13;"terça-feira";"19:34:00";"CE";222;0;"FORTALEZA";"Deficiência do Sistema de Iluminação/Sinalização";"Colisão transversal";"Com Vítimas Feridas";"Plena Noite";"Crescente";"Céu Claro";"Múltipla";"Reta";"Sim";2;0;1;0;1;0;1;2;-3,7367737;-38,56923;"SPRF-CE";"DEL01-CE";"UOP01-DEL01-CE"