"id";"data_inversa";"dia_semana";"horario";"uf";"br";"km";"municipio";"causa_acidente";"tipo_acidente";"classificacao_acidente";"fase_dia";"sentido_via";"condicao_metereologica";"tipo_pista";"tracado_via";"uso_solo";"pessoas";"mortos";"feridos_leves";"feridos_graves";"ilesos";"ignorados";"feridos";"veiculos";"latitude";"longitude";"regional";"delegacia";"uop"
492775;2022-12-14;"quarta-feira";"16:10:00";"PE";408;79,5;"PAUDALHO";"Avarias e/ou desgaste excessivo no pneu";"Tombamento";"Sem Vítimas";"Pleno dia";"Decrescente";"Céu Claro";"Dupla";"Reta";"Não";1;0;0;0;1;0;0;1;-7,92735072;-35,14679086;"SPRF-PE";"DEL01-PE";"UOP01-DEL01-PE"
492776;2022-10-29;"sábado";"13:30:00";"RO";364;677;"CANDEIAS DO JAMARI";"Condutor deixou de manter distância do veículo da frente";"Colisão traseira";"Com Vítimas Feridas";"Pleno dia";"Crescente";"Ignorado";"Simples";"Reta";"Não";5;0;1;0;4;0;1;2;-8,78274899;-63,561426;"SPRF-RO";"DEL01-RO";"UOP01-DEL01-RO"
492777;2022-12-14;"quarta-feira";"16:00:00";"PR";158;532,8;"PATO BRANCO";"Desrespeitar a preferência no cruzamento";"Colisão transversal";"Com Vítimas Feridas";"Pleno dia";"Crescente";"Céu Claro";"Dupla";"Rotatória";"Sim";4;0;1;0;3;0;1;2;-26,21099702;-52,6807167;"SPRF-PR";"DEL02-PR";"UOP01-DEL02-PR"
492779;2022-12-14;"quarta-feira";"16:40:00";"PE";101;68;"RECIFE";"Condutor deixou de manter distância do veículo da frente";"Colisão traseira";"Sem Vítimas";"Pleno dia";"Decrescente";"Céu Claro";"Dupla";"Viaduto";"Não";3;0;0;0;3;0;0;3;-8,05217598;-34,94613647;"SPRF-PE";"DEL01-PE";"UOP01-DEL01-PE"
492780;2022-12-14;"quarta-feira";"16:30:00";"PR";153;42,9;"SANTO ANTONIO DA PLATINA";"Manobra de mudança de faixa";"Colisão lateral mesmo sentido";"Com Vítimas Feridas";"Pleno dia";"Crescente";"Céu Claro";"Dupla";"Reta";"Sim";2;0;0;1;1;0;1;2;-23,29512144;-50,06578041;"SPRF-PR";"DEL07-PR";"UOP04-DEL07-PR"
492781;2022-12-14;"quarta-feira";"14:00:00";"RS";153;638;"BAGE";"Avarias e/ou desgaste excessivo no pneu";"Capotamento";"Sem Vítimas";"Pleno dia";"Crescente";"Céu Claro";"Simples";"Reta";"Não";1;0;0;0;1;0;0;1;-31,3846626;-54,11906385;"SPRF-RS";"DEL11-RS";"UOP03-DEL11-RS"
492782;2022-11-20;"domingo";"00:01:00";"SC";101;115;"ITAJAI";"Reação tardia ou ineficiente do condutor";"Colisão traseira";"Sem Vítimas";"Plena Noite";"Crescente";"Céu Claro";"Dupla";"Reta";"Não";2;0;0;0;1;1;0;2;-26,87064015;-48,72954134;"SPRF-SC";"DEL04-SC";"UOP04-DEL04-SC"
492786;2022-12-14;"quarta-feira";"15:35:00";"PR";277;344,6;"GUARAPUAVA";"Entrada inopinada do pedestre";"Atropelamento de Pedestre";"Com Vítimas Feridas";"Pleno dia";"Decrescente";"Céu Claro";"Dupla";"Reta";"Sim";2;0;1;0;1;0;1;2;-25,36561578;-51,47877932;"SPRF-PR";"DEL08-PR";"UOP01-DEL08-PR"
492787;2022-12-14;"quarta-feira";"16:50:00";"SC";153;104,8;"CUNHA PORA";"Demais falhas mecânicas ou elétricas";"Incêndio";"Sem Vítimas";"Pleno dia";"Decrescente";"Céu Claro";"Simples";"Reta";"Não";1;0;0;0;1;0;0;1;-26,85491;-53,16596;"SPRF-SC";"DEL07-SC";"UOP04-DEL07-SC"
492789;2022-12-14;"quarta-feira";"17:50:00";"PE";232;6;"RECIFE";"Ausência de reação do condutor";"Colisão traseira";"Com Vítimas Feridas";"Plena Noite";"Decrescente";"Céu Claro";"Dupla";"Reta";"Não";2;0;0;1;1;0;1;2;-8,07079525;-34,9535389;"SPRF-PE";"DEL01-PE";"UOP01-DEL01-PE"
492790;2022-12-14;"quarta-feira";"17:30:00";"RS";470;223,1;"GARIBALDI";"Conversão proibida";"Colisão lateral sentido oposto";"Com Vítimas Feridas";"Pleno dia";"Crescente";"Sol";"Simples";"Reta";"Sim";2;0;1;0;1;0;1;2;-29,22346883;-51,51628733;"SPRF-RS";"DEL06-RS";"UOP01-DEL06-RS"
492792;2022-12-14;"quarta-feira";"18:00:00";"DF";20;18;"BRASILIA";"Trafegar com motocicleta (ou similar) entre as faixas";"Queda de ocupante de veículo";"Com Vítimas Feridas";"Pleno dia";"Crescente";"Céu Claro";"Dupla";"Declive";"Não";1;0;0;1;0;0;1;1;-15,616901;-47,708927;"SPRF-DF";"DEL02-DF";"UOP01-DEL02-DF"
492793;2022-12-14;"quarta-feira";"18:10:00";"RS";386;352,8;"ESTRELA";"Acessar a via sem observar a presença dos outros veículos";"Colisão transversal";"Com Vítimas Feridas";"Pleno dia";"Crescente";"Céu Claro";"Dupla";"Reta";"Sim";2;0;2;0;0;0;2;2;-29,500067;-51,949615;"SPRF-RS";"DEL04-RS";"UOP02-DEL04-RS"
492794;2022-12-14;"quarta-feira";"17:25:00";"RN";101;83;"NATAL";"Reação tardia ou ineficiente do condutor";"Colisão traseira";"Sem Vítimas";"Anoitecer";"Decrescente";"Céu Claro";"Dupla";"Reta";"Sim";2;0;0;0;2;0;0;2;-5,7710445;-35,26616981;"SPRF-RN";"DEL02-RN";"UOP01-DEL02-RN"
492795;2022-12-14;"quarta-feira";"17:55:00";"PE";101;74;"RECIFE";"Ausência de reação do condutor";"Colisão traseira";"Com Vítimas Feridas";"Plena Noite";"Crescente";"Céu Claro";"Dupla";"Reta";"Sim";2;0;0;1;1;0;1;2;-8,108104;-34,947793;"SPRF-PE";"DEL01-PE";"UOP01-DEL01-PE"
492797;2022-12-14;"quarta-feira";"17:10:00";"MG";381;485;"BETIM";"Condutor deixou de manter distância do veículo da frente";"Colisão traseira";"Com Vítimas Feridas";"Pleno dia";"Crescente";"Nublado";"Dupla";"Curva";"Sim";2;0;1;0;1;0;1;2;-19,95578569;-44,09614992;"SPRF-MG";"DEL01-MG";"UOP03-DEL01-MG"
492798;2022-12-14;"quarta-feira";"17:40:00";"SP";116;198;"ARUJA";"Objeto estático sobre o leito carroçável";"Colisão traseira";"Com Vítimas Feridas";"Pleno dia";"Decrescente";"Céu Claro";"Dupla";"Curva";"Sim";2;0;1;0;1;0;1;2;-23,399937;-46,302038;"SPRF-SP";"DEL01-SP";"NPF/DEL01-SP"
492802;2022-12-14;"quarta-feira";"18:20:00";"PR";116;16,5;"CURITIBA";"Ultrapassagem Indevida";"Colisão lateral mesmo sentido";"Com Vítimas Feridas";"Anoitecer";"Decrescente";"Nublado";"Dupla";"Declive";"Não";4;0;2;0;0;2;2;4;-25,388113;-49,181068;"SPRF-PR";"DEL01-PR";"UOP02-DEL01-PR"
492803;2022-12-14;"quarta-feira";"17:15:00";"SC";101;208,3;"SAO JOSE";"Condutor deixou de manter distância do veículo da frente";"Colisão traseira";"Com Vítimas Feridas";"Pleno dia";"Decrescente";"Céu Claro";"Múltipla";"Reta";"Sim";3;0;2;0;1;0;2;2;-27,60327979;-48,63201818;"SPRF-SC";"DEL01-SC";"UOP01-DEL01-SC"
492804;2022-12-11;"domingo";"03:00:00";"PR";376;548;"PALMEIRA";"Ausência de reação do condutor";"Saída de leito carroçável";"Com Vítimas Feridas";"Plena Noite";"Crescente";"Céu Claro";"Dupla";"Reta";"Não";4;0;4;0;0;0;4;1;-25,413743;-49,775437;"SPRF-PR";"DEL03-PR";"UOP03-DEL03-PR"
492806;2022-12-14;"quarta-feira";"15:30:00";"RJ";495;28;"PETROPOLIS";"Reação tardia ou ineficiente do condutor";"Engavetamento";"Com Vítimas Feridas";"Pleno dia";"Decrescente";"Céu Claro";"Simples";"Reta";"Sim";3;0;2;0;1;0;2;3;-22,38602169;-43,12684178;"SPRF-RJ";"DEL06-RJ";"UOP01-DEL06-RJ"
492807;2022-12-14;"quarta-feira";"17:30:00";"SC";480;125;"CHAPECO";"Condutor deixou de manter distância do veículo da frente";"Colisão traseira";"Com Vítimas Feridas";"Pleno dia";"Crescente";"Céu Claro";"Dupla";"Reta";"Sim";6;0;3;0;3;0;3;2;-27,01164515;-52,63953123;"SPRF-SC";"DEL07-SC";"UOP01-DEL07-SC"
492808;2022-12-14;"quarta-feira";"15:20:00";"AL";316;33;"CANAPI";"Avarias e/ou desgaste excessivo no pneu";"Capotamento";"Com Vítimas Feridas";"Pleno dia";"Decrescente";"Céu Claro";"Simples";"Reta";"Não";1;0;0;1;0;0;1;1;-9,11141212;-37,62653703;"SPRF-AL";"DEL03-AL";"UOP02-DEL03-AL"
492811;2022-12-14;"quarta-feira";"19:10:00";"PE";316;34,8;"ARARIPINA";"Acessar a via sem observar a presença dos outros veículos";"Colisão transversal";"Com Vítimas Feridas";"Plena Noite";"Crescente";"Céu Claro";"Simples";"Reta;Interseção de Vias;Declive";"Não";2;0;0;1;1;0;1;2;-7,63794532;-40,43301114;"SPRF-PE";"DEL05-PE";"UOP02-DEL05-PE"
492813;2022-12-14;"quarta-feira";"17:30:00";"MG";267;166;"LIMA DUARTE";"Acessar a via sem observar a presença dos outros veículos";"Colisão traseira";"Com Vítimas Feridas";"Anoitecer";"Decrescente";"Nublado";"Simples";"Reta";"Não";2;0;1;0;1;0;1;2;-21,86318949;-43,85116113;"SPRF-MG";"DEL05-MG";"UOP01-DEL05-MG"
492816;2022-12-14;"quarta-feira";"15:30:00";"SP";116;222;"GUARULHOS";"Reação tardia ou ineficiente do condutor";"Colisão lateral mesmo sentido";"Com Vítimas Feridas";"Pleno dia";"Decrescente";"Céu Claro";"Múltipla";"Reta";"Sim";1;0;0;1;0;0;1;1;-23,47093408;-46,51631097;"SPRF-SP";"DEL01-SP";"UOP01-DEL01-SP"
492817;2022-12-14;"quarta-feira";"19:30:00";"SC";101;214;"PALHOCA";"Trafegar com motocicleta (ou similar) entre as faixas";"Colisão lateral mesmo sentido";"Com Vítimas Feridas";"Plena Noite";"Decrescente";"Céu Claro";"Múltipla";"Reta";"Não";3;0;2;0;1;0;2;2;-27,64443;-48,67057;"SPRF-SC";"DEL01-SC";"UOP02-DEL01-SC"
492818;2022-12-14;"quarta-feira";"19:00:00";"SC";101;119;"ITAJAI";"Frear bruscamente";"Tombamento";"Com Vítimas Feridas";"Plena Noite";"Crescente";"Nublado";"Dupla";"Reta";"Não";2;0;1;0;1;0;1;1;-26,9043179;-48,71555481;"SPRF-SC";"DEL04-SC";"UOP04-DEL04-SC"
492820;2022-12-14;"quarta-feira";"16:20:00";"PA";316;77;"CASTANHAL";"Demais falhas mecânicas ou elétricas";"Incêndio";"Sem Vítimas";"Anoitecer";"Crescente";"Céu Claro";"Simples";"Reta";"Não";3;0;0;0;3;0;0;1;-1,30223447;-47,80628622;"SPRF-PA";"DEL01-PA";"UOP01-DEL01-PA"
492821;2022-12-14;"quarta-feira";"19:07:00";"DF";20;8,9;"BRASILIA";"Velocidade Incompatível";"Colisão transversal";"Com Vítimas Feridas";"Plena Noite";"Crescente";"Chuva";"Dupla";"Aclive;Reta";"Sim";3;0;1;0;2;0;1;3;-15,658386;-47,791534;"SPRF-DF";"DEL02-DF";"UOP01-DEL02-DF"
492822;2022-11-12;"sábado";"19:00:00";"BA";101;264;"SANTO ANTONIO DE JESUS";"Condutor deixou de manter distância do veículo da frente";"Colisão traseira";"Com Vítimas Feridas";"Plena Noite";"Crescente";"Céu Claro";"Simples";"Reta";"Sim";1;0;0;1;0;0;1;1;-13,09857093;-39,28167519;"SPRF-BA";"DEL01-BA";"UOP02-DEL01-BA"
492825;2022-12-14;"quarta-feira";"18:40:00";"PB";230;240,3;"JUAZEIRINHO";"Transitar na contramão";"Colisão frontal";"Com Vítimas Feridas";"Plena Noite";"Decrescente";"Céu Claro";"Simples";"Reta";"Não";3;0;1;1;1;0;2;2;-7,0629;-36,56194;"SPRF-PB";"DEL02-PB";"UOP02-DEL02-PB"
492826;2022-12-14;"quarta-feira";"17:50:00";"SC";101;86;"BARRA VELHA";"Reação tardia ou ineficiente do condutor";"Colisão traseira";"Com Vítimas Feridas";"Pleno dia";"Crescente";"Céu Claro";"Dupla";"Aclive";"Sim";2;0;1;0;1;0;1;2;-26,63797454;-48,69556904;"SPRF-SC";"DEL03-SC";"UOP02-DEL03-SC"
492828;2022-12-14;"quarta-feira";"20:30:00";"GO";60;122;"TEREZOPOLIS DE GOIAS";"Acessar a via sem observar a presença dos outros veículos";"Colisão transversal";"Com Vítimas Feridas";"Plena Noite";"Decrescente";"Céu Claro";"Dupla";"Retorno Regulamentado";"Não";2;0;0;1;1;0;1;2;-16,5112;-49,1185;"SPRF-GO";"DEL01-GO";"UOP01-DEL01-GO"
492829;2022-12-13;"terça-feira";"08:00:00";"RJ";40;114;"DUQUE DE CAXIAS";"Condutor deixou de manter distância do veículo da frente";"Colisão lateral mesmo sentido";"Com Vítimas Feridas";"Pleno dia";"Crescente";"Céu Claro";"Múltipla";"Reta";"Sim";4;0;3;0;1;0;3;3;-22,71853604;-43,28993324;"SPRF-RJ";"DEL01-RJ";"UOP01-DEL01-RJ"
492831;2022-12-14;"quarta-feira";"19:00:00";"GO";70;314;"JUSSARA";"Ingestão de álcool pelo condutor";"Tombamento";"Com Vítimas Feridas";"Plena Noite";"Crescente";"Garoa/Chuvisco";"Dupla";"Retorno Regulamentado";"Sim";1;0;1;0;0;0;1;1;-15,873189;-50,846302;"SPRF-GO";"DEL04-GO";"UOP02-DEL04-GO"
492832;2022-12-14;"quarta-feira";"19:50:00";"RR";174;536;"BOA VISTA";"Transitar na contramão";"Colisão frontal";"Com Vítimas Fatais";"Plena Noite";"Crescente";"Céu Claro";"Simples";"Reta";"Não";3;1;1;0;1;0;1;2;3,079259;-60,809542;"SPRF-RR";"DEL01-RR";"UOP01-DEL01-RR"
492833;2022-12-14;"quarta-feira";"20:20:00";"RJ";101;53;"CAMPOS DOS GOYTACAZES";"Reação tardia ou ineficiente do condutor";"Colisão frontal";"Com Vítimas Fatais";"Plena Noite";"Decrescente";"Nublado";"Simples";"Reta";"Não";2;1;0;1;0;0;1;2;-21,660484;-41,31128898;"SPRF-RJ";"DEL08-RJ";"UOP01-DEL08-RJ"
492834;2022-12-14;"quarta-feira";"19:30:00";"RJ";40;111;"DUQUE DE CAXIAS";"Reação tardia ou ineficiente do condutor";"Colisão traseira";"Com Vítimas Feridas";"Plena Noite";"Crescente";"Céu Claro";"Múltipla";"Reta";"Sim";2;0;1;0;1;0;1;2;-22,691868;-43,287453;"SPRF-RJ";"DEL01-RJ";"UOP01-DEL01-RJ"
492835;2022-12-14;"quarta-feira";"22:00:00";"PR";369;178,8;"ARAPONGAS";"Objeto estático sobre o leito carroçável";"Queda de ocupante de veículo";"Com Vítimas Feridas";"Plena Noite";"Crescente";"Céu Claro";"Dupla";"Reta";"Não";1;0;1;0;0;0;1;1;-23,35875878;-51,39677882;"SPRF-PR";"DEL07-PR";"UOP01-DEL07-PR"
492837;2022-12-14;"quarta-feira";"18:10:00";"MS";163;616;"SAO GABRIEL DO OESTE";"Desrespeitar a preferência no cruzamento";"Colisão transversal";"Com Vítimas Feridas";"Anoitecer";"Crescente";"Nublado";"Simples";"Interseção de Vias";"Sim";2;0;1;0;1;0;1;2;-19,39073637;-54,57060659;"SPRF-MS";"DEL06-MS";"UOP02-DEL06-MS"
492839;2022-12-14;"quarta-feira";"16:32:00";"PR";376;389;"IMBAU";"Velocidade Incompatível";"Saída de leito carroçável";"Com Vítimas Feridas";"Pleno dia";"Crescente";"Sol";"Dupla";"Curva;Declive";"Não";2;0;2;0;0;0;2;1;-24,51777497;-50,71118238;"SPRF-PR";"DEL03-PR";"UOP02-DEL03-PR"
492840;2022-12-14;"quarta-feira";"22:15:00";"BA";116;421;"FEIRA DE SANTANA";"Conversão proibida";"Colisão transversal";"Com Vítimas Feridas";"Plena Noite";"Crescente";"Céu Claro";"Dupla";"Reta";"Sim";2;0;0;1;1;0;1;2;-12,227046;-38,965157;"SPRF-BA";"DEL02-BA";"UOP01-DEL02-BA"
492841;2022-12-14;"quarta-feira";"22:34:00";"CE";222;31,5;"CAUCAIA";"Pedestre andava na pista";"Atropelamento de Pedestre";"Com Vítimas Feridas";"Plena Noite";"Decrescente";"Céu Claro";"Múltipla";"Reta";"Sim";2;0;0;1;1;0;1;2;-3,71019947;-38,82872412;"SPRF-CE";"DEL01-CE";"UOP01-DEL01-CE"
492842;2022-12-14;"quarta-feira";"22:45:00";"RS";116;264;"CANOAS";"Acessar a via sem observar a presença dos outros veículos";"Colisão traseira";"Sem Vítimas";"Plena Noite";"Decrescente";"Céu Claro";"Dupla";"Reta;Declive";"Sim";3;0;0;0;3;0;0;2;-29,914435;-51,17754495;"SPRF-RS";"DEL01-RS";"UOP01-DEL01-RS"
492845;2022-12-14;"quarta-feira";"23:00:00";"SP";116;149;"SAO JOSE DOS CAMPOS";"Entrada inopinada do pedestre";"Colisão com objeto";"Com Vítimas Feridas";"Plena Noite";"Decrescente";"Céu Claro";"Múltipla";"Aclive;Reta";"Sim";2;0;1;0;1;0;1;2;-23,20700047;-45,88626861;"SPRF-SP";"DEL02-SP";"UOP01-DEL02-SP"
492848;2022-12-14;"quarta-feira";"19:58:00";"MT";163;1062;"GUARANTA DO NORTE";"Reação tardia ou ineficiente do condutor";"Colisão traseira";"Com Vítimas Feridas";"Plena Noite";"Crescente";"Céu Claro";"Simples";"Reta";"Não";2;0;1;0;1;0;1;2;-9,976591;-54,905778;"SPRF-MT";"DEL06-MT";"UOP03-DEL06-MT"
492849;2022-12-14;"quarta-feira";"21:15:00";"MT";364;266;"JACIARA";"Pista esburacada";"Tombamento";"Com Vítimas Feridas";"Plena Noite";"Decrescente";"Céu Claro";"Dupla";"Reta";"Não";2;0;1;0;1;0;1;1;-15,995969;-54,92259699;"SPRF-MT";"DEL02-MT";"UOP01-DEL02-MT"
492851;2022-12-14;"quarta-feira";"23:45:00";"PR";376;229,2;"APUCARANA";"Transitar na contramão";"Colisão lateral sentido oposto";"Com Vítimas Fatais";"Plena Noite";"Decrescente";"Céu Claro";"Dupla";"Reta";"Não";5;1;0;2;0;2;2;3;-23,56479353;-51,54244423;"SPRF-PR";"DEL07-PR";"UOP03-DEL07-PR"
492852;2022-12-14;"quarta-feira";"23:40:00";"PE";232;129;"CARUARU";"Condutor Dormindo";"Queda de ocupante de veículo";"Com Vítimas Feridas";"Plena Noite";"Decrescente";"Céu Claro";"Dupla";"Reta";"Não";1;0;1;0;0;0;1;1;-8,30193507;-35,98092002;"SPRF-PE";"DEL02-PE";"UOP01-DEL02-PE"
492855;2022-12-15;"quinta-feira";"00:40:00";"RS";285;475,2;"CORONEL BARROS";"Condutor deixou de manter distância do veículo da frente";"Colisão traseira";"Com Vítimas Feridas";"Plena Noite";"Decrescente";"Céu Claro";"Simples";"Reta";"Sim";2;0;1;0;0;1;1;2;-28,382809;-54,051552;"SPRF-RS";"DEL10-RS";"UOP01-DEL10-RS"
492856;2022-12-15;"quinta-feira";"01:00:00";"PR";369;170;"CAMBE";"Pedestre andava na pista";"Atropelamento de Pedestre";"Com Vítimas Feridas";"Plena Noite";"Decrescente";"Céu Claro";"Dupla";"Reta";"Não";2;0;0;1;1;0;1;2;-23,295376;-51,309738;"SPRF-PR";"DEL07-PR";"UOP01-DEL07-PR"
492857;2022-12-15;"quinta-feira";"01:30:00";"ES";101;269;"SERRA";"Reação tardia ou ineficiente do condutor";"Tombamento";"Com Vítimas Feridas";"Plena Noite";"Crescente";"Nublado";"Dupla";"Reta";"Sim";2;0;2;0;0;0;2;1;-20,21740496;-40,26990578;"SPRF-ES";"DEL02-ES";"UOP01-DEL02-ES"
492858;2022-12-15;"quinta-feira";"02:25:00";"SC";101;108,4;"PENHA";"Ausência de reação do condutor";"Saída de leito carroçável";"Com Vítimas Feridas";"Plena Noite";"Crescente";"Nublado";"Dupla";"Curva";"Não";1;0;1;0;0;0;1;1;-26,82606902;-48,69052298;"SPRF-SC";"DEL03-SC";"UOP02-DEL03-SC"
492860;2022-12-14;"quarta-feira";"16:59:00";"MS";463;100;"PONTA PORA";"Acessar a via sem observar a presença dos outros veículos";"Colisão transversal";"Com Vítimas Feridas";"Anoitecer";"Crescente";"Céu Claro";"Simples";"Curva";"Não";3;0;1;0;1;1;1;3;-22,62086128;-55,61520288;"SPRF-MS";"DEL04-MS";"UOP03-DEL04-MS"
492862;2022-10-12;"quarta-feira";"18:00:00";"GO";251;32;"CRISTALINA";"Ausência de reação do condutor";"Tombamento";"Com Vítimas Feridas";"Anoitecer";"Decrescente";"Céu Claro";"Simples";"Reta";"Não";1;0;1;0;0;0;1;1;-16,06677565;-47,53166968;"SPRF-DF";"DEL01-DF";"UOP01-DEL01-DF"
492863;2022-12-15;"quinta-feira";"03:10:00";"MT";174;96,5;"CACERES";"Ingestão de álcool pelo condutor";"Colisão traseira";"Com Vítimas Feridas";"Plena Noite";"Crescente";"Céu Claro";"Simples";"Reta";"Não";3;0;3;0;0;0;3;2;-15,86120831;-57,83904448;"SPRF-MT";"DEL03-MT";"UOP01-DEL03-MT"
492864;2022-12-15;"quinta-feira";"04:50:00";"MG";381;786;"SAO GONCALO DO SAPUCAI";"Condutor Dormindo";"Saída de leito carroçável";"Com Vítimas Feridas";"Plena Noite";"Decrescente";"Nublado";"Dupla";"Reta";"Não";2;0;1;0;1;0;1;1;-21,83311724;-45,50107484;"SPRF-MG";"DEL16-MG";"UOP02-DEL16-MG"
492865;2022-12-15;"quinta-feira";"04:50:00";"MG";40;444;"PARAOPEBA";"Condutor Dormindo";"Saída de leito carroçável";"Com Vítimas Feridas";"Amanhecer";"Crescente";"Nublado";"Dupla";"Aclive;Curva";"Sim";5;0;4;1;0;0;5;1;-19,2888;-44,40885;"SPRF-MG";"DEL02-MG";"UOP01-DEL02-MG"
492867;2022-12-15;"quinta-feira";"05:00:00";"RJ";101;464;"ANGRA DOS REIS";"Ausência de reação do condutor";"Saída de leito carroçável";"Com Vítimas Feridas";"Amanhecer";"Decrescente";"Céu Claro";"Dupla";"Curva";"Não";2;0;2;0;0;0;2;1;-23,02483492;-44,21971309;"SPRF-RJ";"DEL03-RJ";"UOP03-DEL03-RJ"
492870;2022-12-15;"quinta-feira";"06:00:00";"MG";40;521;"CONTAGEM";"Condutor deixou de manter distância do veículo da frente";"Colisão traseira";"Sem Vítimas";"Pleno dia";"Decrescente";"Nublado";"Dupla";"Reta";"Não";3;0;0;0;3;0;0;2;-19,85651501;-44,07213222;"SPRF-MG";"DEL01-MG";"UOP02-DEL01-MG"
492872;2022-12-15;"quinta-feira";"06:45:00";"SC";101;163;"TIJUCAS";"Ausência de reação do condutor";"Tombamento";"Com Vítimas Feridas";"Amanhecer";"Decrescente";"Chuva";"Simples";"Reta";"Sim";1;0;1;0;0;0;1;1;-27,23461699;-48,63039809;"SPRF-SC";"DEL04-SC";"UOP03-DEL04-SC"
492876;2022-12-15;"quinta-feira";"06:30:00";"BA";324;624,1;"SALVADOR";"Reação tardia ou ineficiente do condutor";"Colisão traseira";"Sem Vítimas";"Amanhecer";"Crescente";"Céu Claro";"Dupla";"Reta";"Sim";2;0;0;0;2;0;0;2;-12,933839;-38,47190701;"SPRF-BA";"DEL01-BA";"UOP01-DEL01-BA"
492877;2022-12-15;"quinta-feira";"06:13:00";"ES";101;265,3;"SERRA";"Reação tardia ou ineficiente do condutor";"Colisão traseira";"Com Vítimas Feridas";"Pleno dia";"Crescente";"Nublado";"Múltipla";"Reta";"Sim";7;0;5;0;2;0;5;2;-20,1816849;-40,26536036;"SPRF-ES";"DEL02-ES";"UOP01-DEL02-ES"
492878;2022-12-15;"quinta-feira";"07:15:00";"RS";116;245;"SAO LEOPOLDO";"Trafegar com motocicleta (ou similar) entre as faixas";"Colisão lateral mesmo sentido";"Com Vítimas Feridas";"Pleno dia";"Crescente";"Céu Claro";"Dupla";"Reta";"Sim";2;0;1;0;1;0;1;2;-29,74980902;-51,15125361;"SPRF-RS";"DEL01-RS";"UOP02-DEL01-RS"
492879;2022-12-15;"quinta-feira";"05:30:00";"PE";232;377;"FLORES";"Pedestre cruzava a pista fora da faixa";"Atropelamento de Pedestre";"Com Vítimas Feridas";"Amanhecer";"Crescente";"Céu Claro";"Simples";"Reta;Declive";"Não";3;0;0;1;0;2;1;2;-8,03386107;-38,02501395;"SPRF-PE";"DEL04-PE";"UOP01-DEL04-PE"
492881;2022-11-21;"segunda-feira";"08:00:00";"MG";381;477;"CONTAGEM";"Área urbana sem a presença de local apropriado para a travessia de pedestres";"Queda de ocupante de veículo";"Com Vítimas Feridas";"Pleno dia";"Decrescente";"Nublado";"Dupla";"Declive;Reta";"Sim";2;0;1;0;1;0;1;1;-19,95974386;-44,03391302;"SPRF-MG";"DEL01-MG";"UOP03-DEL01-MG"
492883;2022-12-15;"quinta-feira";"08:20:00";"SC";101;117,8;"ITAJAI";"Manobra de mudança de faixa";"Colisão transversal";"Com Vítimas Feridas";"Pleno dia";"Crescente";"Céu Claro";"Múltipla";"Rotatória";"Sim";2;0;1;0;1;0;1;2;-26,88747187;-48,72252969;"SPRF-SC";"DEL04-SC";"UOP04-DEL04-SC"
492884;2022-12-15;"quinta-feira";"08:15:00";"SC";282;64,3;"RANCHO QUEIMADO";"Ausência de reação do condutor";"Tombamento";"Com Vítimas Feridas";"Pleno dia";"Decrescente";"Céu Claro";"Simples";"Curva";"Não";1;0;1;0;0;0;1;1;-27,696323;-49,052456;"SPRF-SC";"DEL01-SC";"UOP03-DEL01-SC"
492885;2022-12-15;"quinta-feira";"08:35:00";"DF";20;19;"BRASILIA";"Chuva";"Colisão com objeto";"Com Vítimas Feridas";"Pleno dia";"Crescente";"Chuva";"Dupla";"Reta";"Não";1;0;1;0;0;0;1;1;-15,612175;-47,700928;"SPRF-DF";"DEL02-DF";"UOP01-DEL02-DF"
492886;2022-12-15;"quinta-feira";"07:45:00";"PR";369;152;"LONDRINA";"Reação tardia ou ineficiente do condutor";"Colisão traseira";"Com Vítimas Feridas";"Pleno dia";"Crescente";"Céu Claro";"Dupla";"Reta";"Sim";5;0;0;1;4;0;1;2;-23,2928322;-51,17716302;"SPRF-PR";"DEL07-PR";"UOP01-DEL07-PR"
492887;2022-12-15;"quinta-feira";"08:15:00";"PR";277;78,8;"CURITIBA";"Manobra de mudança de faixa";"Colisão lateral mesmo sentido";"Com Vítimas Feridas";"Pleno dia";"Crescente";"Céu Claro";"Dupla";"Reta";"Sim";2;0;1;0;0;1;1;2;-25,47812792;-49,20269966;"SPRF-PR";"DEL01-PR";"UOP01-DEL01-PR"
492888;2022-12-15;"quinta-feira";"07:30:00";"PR";376;185,2;"SARANDI";"Reação tardia ou ineficiente do condutor";"Engavetamento";"Com Vítimas Feridas";"Pleno dia";"Decrescente";"Céu Claro";"Dupla";"Reta";"Não";4;0;1;0;3;0;1;3;-23,45147413;-51,85361808;"SPRF-PR";"DEL09-PR";"UOP01-DEL09-PR"
492889;2022-12-15;"quinta-feira";"08:10:00";"PR";277;80;"CURITIBA";"Reação tardia ou ineficiente do condutor";"Colisão traseira";"Com Vítimas Feridas";"Pleno dia";"Crescente";"Céu Claro";"Dupla";"Reta";"Não";3;0;1;0;2;0;1;2;-25,568939;-49,181978;"SPRF-PR";"DEL01-PR";"UOP01-DEL01-PR"
492891;2022-12-15;"quinta-feira";"06:00:00";"PI";316;133;"PASSAGEM FRANCA DO PIAUI";"Demais falhas mecânicas ou elétricas";"Colisão com objeto";"Sem Vítimas";"Amanhecer";"Crescente";"Céu Claro";"Simples";"Reta";"Não";6;0;0;0;6;0;0;2;-6,040438;-42,286023;"SPRF-PI";"DEL04-PI";"UOP02-DEL04-PI"