"id";"data_inversa";"dia_semana";"horario";"uf";"br";"km";"municipio";"causa_acidente";"tipo_acidente";"classificacao_acidente";"fase_dia";"sentido_via";"condicao_metereologica";"tipo_pista";"tracado_via";"uso_solo";"pessoas";"mortos";"feridos_leves";"feridos_graves";"ilesos";"ignorados";"feridos";"veiculos";"latitude";"longitude";"regional";"delegacia";"uop"
492892;2022-12-15;"quinta-feira";"08:25:00";"PE";101;70,4;"RECIFE";"Manobra de mudança de faixa";"Colisão lateral mesmo sentido";"Com Vítimas Feridas";"Pleno dia";"Crescente";"Céu Claro";"Dupla";"Reta";"Sim";2;0;1;0;0;1;1;2;-8,076194;-34,935857;"SPRF-PE";"DEL01-PE";"UOP01-DEL01-PE"
492896;2022-11-25;"sexta-feira";"12:15:00";"SC";280;7,1;"SAO FRANCISCO DO SUL";"Desrespeitar a preferência no cruzamento";"Colisão transversal";"Com Vítimas Feridas";"Pleno dia";"Crescente";"Nublado";"Simples";"Rotatória";"Sim";2;0;0;1;1;0;1;2;-26,27036606;-48,64079833;"SPRF-SC";"DEL03-SC";"UOP03-DEL03-SC"
492897;2022-12-15;"quinta-feira";"06:30:00";"RO";364;423;"JARU";"Ausência de reação do condutor";"Colisão lateral mesmo sentido";"Com Vítimas Feridas";"Pleno dia";"Decrescente";"Sol";"Simples";"Reta";"Sim";2;0;2;0;0;0;2;2;-10,45220802;-62,46072003;"SPRF-RO";"DEL03-RO";"UOP02-DEL03-RO"
492898;2022-12-15;"quinta-feira";"09:10:00";"BA";324;619;"SALVADOR";"Demais falhas mecânicas ou elétricas";"Incêndio";"Sem Vítimas";"Pleno dia";"Crescente";"Garoa/Chuvisco";"Dupla";"Reta";"Sim";1;0;0;0;1;0;0;1;-12,89820999;-38,45012202;"SPRF-BA";"DEL01-BA";"UOP01-DEL01-BA"
492899;2022-12-15;"quinta-feira";"09:20:00";"MG";381;485;"BETIM";"Reação tardia ou ineficiente do condutor";"Colisão traseira";"Com Vítimas Feridas";"Pleno dia";"Crescente";"Nublado";"Dupla";"Declive;Curva";"Sim";2;0;0;1;0;1;1;2;-19,95575617;-44,09603488;"SPRF-MG";"DEL01-MG";"UOP03-DEL01-MG"
492900;2022-12-15;"quinta-feira";"07:16:00";"MT";163;816;"SINOP";"Acessar a via sem observar a presença dos outros veículos";"Colisão transversal";"Com Vítimas Feridas";"Pleno dia";"Crescente";"Céu Claro";"Simples";"Retorno Regulamentado";"Não";2;0;1;0;1;0;1;2;-12,02570049;-55,51726341;"SPRF-MT";"DEL06-MT";"NPF/DEL06-MT"
492901;2022-06-30;"quinta-feira";"02:30:00";"RS";386;220,2;"TIO HUGO";"Transitar na contramão";"Colisão frontal";"Com Vítimas Fatais";"Plena Noite";"Crescente";"Céu Claro";"Simples";"Curva";"Não";39;1;1;0;37;0;1;2;-28,610207;-52,607746;"SPRF-RS";"DEL04-RS";"UOP03-DEL04-RS"
492903;2022-12-15;"quinta-feira";"08:30:00";"SC";282;3;"SAO JOSE";"Condutor deixou de manter distância do veículo da frente";"Colisão traseira";"Com Vítimas Feridas";"Pleno dia";"Decrescente";"Céu Claro";"Dupla";"Reta";"Sim";3;0;1;0;2;0;1;3;-27,600384;-48,599705;"SPRF-SC";"DEL01-SC";"UOP01-DEL01-SC"
492904;2022-12-12;"segunda-feira";"04:50:00";"RJ";493;11,8;"GUAPIMIRIM";"Acostamento em desnível";"Capotamento";"Com Vítimas Feridas";"Amanhecer";"Decrescente";"Céu Claro";"Simples";"Reta";"Não";1;0;1;0;0;0;1;1;-22,68099881;-42,96670886;"SPRF-RJ";"DEL04-RJ";"UOP02-DEL04-RJ"
492906;2022-12-15;"quinta-feira";"09:25:00";"MG";40;522;"CONTAGEM";"Reação tardia ou ineficiente do condutor";"Engavetamento";"Com Vítimas Feridas";"Pleno dia";"Crescente";"Céu Claro";"Dupla";"Reta";"Sim";4;0;1;0;3;0;1;3;-19,8638731;-44,06749809;"SPRF-MG";"DEL01-MG";"UOP02-DEL01-MG"
492907;2022-12-15;"quinta-feira";"09:20:00";"GO";70;8,6;"AGUAS LINDAS DE GOIAS";"Condutor deixou de manter distância do veículo da frente";"Engavetamento";"Com Vítimas Feridas";"Pleno dia";"Crescente";"Chuva";"Dupla";"Curva;Declive";"Sim";4;0;1;0;3;0;1;3;-15,73733681;-48,27407468;"SPRF-DF";"DEL03-DF";"UOP02-DEL03-DF"
492908;2022-12-15;"quinta-feira";"10:00:00";"PA";316;36;"SANTA IZABEL DO PARA";"Acessar a via sem observar a presença dos outros veículos";"Colisão transversal";"Com Vítimas Fatais";"Pleno dia";"Crescente";"Céu Claro";"Dupla";"Retorno Regulamentado";"Sim";3;1;1;0;1;0;1;2;-1,29009976;-48,15602469;"SPRF-PA";"DEL01-PA";"UOP01-DEL01-PA"
492910;2022-12-15;"quinta-feira";"10:20:00";"SC";101;206,9;"SAO JOSE";"Reação tardia ou ineficiente do condutor";"Colisão traseira";"Sem Vítimas";"Pleno dia";"Crescente";"Céu Claro";"Dupla";"Reta";"Sim";2;0;0;0;2;0;0;2;-27,59193546;-48,61824557;"SPRF-SC";"DEL01-SC";"UOP01-DEL01-SC"
492911;2022-12-15;"quinta-feira";"09:15:00";"SP";116;273,8;"TABOAO DA SERRA";"Manobra de mudança de faixa";"Colisão lateral mesmo sentido";"Com Vítimas Feridas";"Pleno dia";"Decrescente";"Céu Claro";"Dupla";"Reta";"Sim";2;0;1;0;1;0;1;2;-23,62809795;-46,81870306;"SPRF-SP";"DEL04-SP";"UOP01-DEL04-SP"
492913;2022-12-15;"quinta-feira";"10:00:00";"RJ";101;438;"MANGARATIBA";"Ausência de reação do condutor";"Colisão traseira";"Com Vítimas Feridas";"Pleno dia";"Crescente";"Sol";"Simples";"Reta";"Sim";4;0;2;0;2;0;2;3;-22,9508;-44,078188;"SPRF-RJ";"DEL03-RJ";"UOP02-DEL03-RJ"
492915;2022-12-15;"quinta-feira";"10:50:00";"DF";60;28,3;"BRASILIA";"Reação tardia ou ineficiente do condutor";"Saída de leito carroçável";"Com Vítimas Feridas";"Pleno dia";"Decrescente";"Chuva";"Dupla";"Curva";"Não";1;0;1;0;0;0;1;1;-16,020638;-48,250832;"SPRF-DF";"DEL03-DF";"UOP01-DEL03-DF"
492919;2022-12-15;"quinta-feira";"10:40:00";"SE";235;50;"ITABAIANA";"Condutor deixou de manter distância do veículo da frente";"Colisão traseira";"Sem Vítimas";"Pleno dia";"Crescente";"Céu Claro";"Simples";"Aclive";"Sim";3;0;0;0;3;0;0;2;-10,707879;-37,42606;"SPRF-SE";"DEL01-SE";"UOP02-DEL01-SE"
492922;2022-12-15;"quinta-feira";"09:58:00";"GO";40;4,7;"VALPARAISO DE GOIAS";"Ausência de reação do condutor";"Atropelamento de Animal";"Com Vítimas Feridas";"Pleno dia";"Decrescente";"Garoa/Chuvisco";"Dupla";"Reta";"Sim";1;0;1;0;0;0;1;1;-16,085241;-47,986752;"SPRF-DF";"DEL01-DF";"UOP01-DEL01-DF"
492924;2022-12-13;"terça-feira";"18:50:00";"MT";364;1125;"SAPEZAL";"Animais na Pista";"Atropelamento de Animal";"Sem Vítimas";"Plena Noite";"Crescente";"Nublado";"Simples";"Reta";"Não";3;0;0;0;3;0;0;1;-13,51730806;-58,7968778;"SPRF-MT";"DEL04-MT";"UOP01-DEL04-MT"
492925;2022-12-15;"quinta-feira";"12:10:00";"GO";60;82,6;"ANAPOLIS";"Chuva";"Saída de leito carroçável";"Com Vítimas Feridas";"Pleno dia";"Decrescente";"Chuva";"Dupla";"Curva";"Não";1;0;1;0;0;0;1;1;-16,3136;-48,8366;"SPRF-GO";"DEL02-GO";"UOP01-DEL02-GO"
492926;2022-12-15;"quinta-feira";"12:30:00";"SP";116;218;"GUARULHOS";"Manobra de mudança de faixa";"Colisão transversal";"Com Vítimas Feridas";"Pleno dia";"Crescente";"Céu Claro";"Múltipla";"Reta";"Sim";3;0;1;0;1;1;1;3;-23,45576348;-46,4758426;"SPRF-SP";"DEL01-SP";"UOP01-DEL01-SP"
492927;2022-12-07;"quarta-feira";"20:00:00";"PE";110;238;"JATOBA";"Transitar na contramão";"Colisão frontal";"Com Vítimas Feridas";"Plena Noite";"Crescente";"Céu Claro";"Simples";"Reta";"Não";2;0;0;1;0;1;1;2;-9,12559589;-38,28603612;"SPRF-BA";"DEL07-BA";"UOP01-DEL07-BA"
492930;2022-12-15;"quinta-feira";"13:10:00";"RJ";40;123;"DUQUE DE CAXIAS";"Acesso irregular";"Colisão frontal";"Com Vítimas Feridas";"Pleno dia";"Decrescente";"Céu Claro";"Múltipla";"Interseção de Vias";"Sim";3;0;0;1;2;0;1;2;-22,79907687;-43,29015739;"SPRF-RJ";"DEL01-RJ";"UOP01-DEL01-RJ"
492933;2022-12-15;"quinta-feira";"12:54:00";"SP";381;84;"SAO PAULO";"Reação tardia ou ineficiente do condutor";"Colisão traseira";"Com Vítimas Feridas";"Pleno dia";"Decrescente";"Céu Claro";"Múltipla";"Reta";"Sim";2;0;1;0;1;0;1;2;-23,43937;-46,56807;"SPRF-SP";"DEL03-SP";"UOP01-DEL03-SP"
492934;2022-12-15;"quinta-feira";"13:35:00";"PB";230;178;"POCINHOS";"Avarias e/ou desgaste excessivo no pneu";"Colisão transversal";"Com Vítimas Feridas";"Pleno dia";"Crescente";"Céu Claro";"Simples";"Reta";"Não";4;0;3;0;1;0;3;2;-7,1653;-36,0493;"SPRF-PB";"DEL02-PB";"UOP02-DEL02-PB"
492936;2022-12-15;"quinta-feira";"11:20:00";"RJ";40;113;"DUQUE DE CAXIAS";"Avarias e/ou desgaste excessivo no pneu";"Colisão com objeto";"Com Vítimas Feridas";"Pleno dia";"Decrescente";"Céu Claro";"Múltipla";"Reta";"Sim";2;0;2;0;0;0;2;1;-22,70948502;-43,29040354;"SPRF-RJ";"DEL01-RJ";"UOP01-DEL01-RJ"
492938;2022-12-15;"quinta-feira";"13:50:00";"ES";101;268;"SERRA";"Acessar a via sem observar a presença dos outros veículos";"Colisão transversal";"Com Vítimas Feridas";"Pleno dia";"Crescente";"Chuva";"Dupla";"Reta";"Não";2;0;1;0;1;0;1;2;-20,20842;-40,269405;"SPRF-ES";"DEL02-ES";"UOP01-DEL02-ES"
492942;2022-12-15;"quinta-feira";"14:00:00";"MG";40;747,9;"SANTOS DUMONT";"Reação tardia ou ineficiente do condutor";"Saída de leito carroçável";"Com Vítimas Feridas";"Pleno dia";"Crescente";"Céu Claro";"Simples";"Curva";"Sim";3;0;1;1;1;0;2;1;-21,43796619;-43,55638245;"SPRF-MG";"DEL05-MG";"UOP01-DEL05-MG"
492943;2022-12-15;"quinta-feira";"13:00:00";"MS";267;481,1;"JARDIM";"Acessar a via sem observar a presença dos outros veículos";"Colisão transversal";"Com Vítimas Feridas";"Pleno dia";"Crescente";"Céu Claro";"Simples";"Curva";"Sim";2;0;1;0;1;0;1;2;-21,478745;-56,13899;"SPRF-MS";"DEL05-MS";"UOP01-DEL05-MS"
492944;2022-12-15;"quinta-feira";"11:10:00";"RO";421;1;"ARIQUEMES";"Condutor deixou de manter distância do veículo da frente";"Colisão traseira";"Com Vítimas Feridas";"Pleno dia";"Crescente";"Céu Claro";"Simples";"Reta";"Não";3;0;1;0;2;0;1;2;-9,920987;-63,063728;"SPRF-RO";"DEL03-RO";"UOP01-DEL03-RO"
492945;2022-12-15;"quinta-feira";"13:30:00";"MG";381;936;"EXTREMA";"Ausência de reação do condutor";"Capotamento";"Com Vítimas Feridas";"Pleno dia";"Decrescente";"Céu Claro";"Dupla";"Reta";"Não";3;0;3;0;0;0;3;1;-22,82914914;-46,31469547;"SPRF-MG";"DEL16-MG";"UOP03-DEL16-MG"
492946;2022-12-10;"sábado";"00:35:00";"ES";101;148;"LINHARES";"Condutor desrespeitou a iluminação vermelha do semáforo";"Colisão transversal";"Com Vítimas Feridas";"Plena Noite";"Crescente";"Céu Claro";"Simples";"Reta;Interseção de Vias";"Sim";2;0;0;1;1;0;1;2;-19,38797551;-40,06752491;"SPRF-ES";"DEL04-ES";"UOP01-DEL04-ES"
492947;2022-12-15;"quinta-feira";"14:00:00";"RS";116;252;"SAPUCAIA DO SUL";"Demais falhas mecânicas ou elétricas";"Capotamento";"Com Vítimas Feridas";"Pleno dia";"Crescente";"Céu Claro";"Dupla";"Reta";"Não";2;0;1;0;1;0;1;2;-29,80913395;-51,1675292;"SPRF-RS";"DEL01-RS";"UOP02-DEL01-RS"
492948;2022-12-15;"quinta-feira";"14:32:00";"GO";50;99;"CRISTALINA";"Acumulo de água sobre o pavimento";"Colisão frontal";"Sem Vítimas";"Pleno dia";"Decrescente";"Chuva";"Dupla";"Declive";"Sim";2;0;0;0;2;0;0;2;-16,9309;-47,7117;"SPRF-DF";"DEL01-DF";"UOP02-DEL01-DF"
492949;2022-12-15;"quinta-feira";"14:20:00";"TO";153;493;"PARAISO DO TOCANTINS";"Acessar a via sem observar a presença dos outros veículos";"Colisão transversal";"Com Vítimas Feridas";"Pleno dia";"Decrescente";"Céu Claro";"Simples";"Interseção de Vias";"Não";3;0;1;0;2;0;1;2;-10,16599974;-48,88093114;"SPRF-TO";"DEL01-TO";"UOP01-DEL01-TO"
492950;2022-12-15;"quinta-feira";"13:10:00";"GO";364;102;"CACHOEIRA ALTA";"Avarias e/ou desgaste excessivo no pneu";"Saída de leito carroçável";"Com Vítimas Feridas";"Pleno dia";"Crescente";"Nublado";"Simples";"Curva";"Não";3;0;2;0;1;0;2;1;-18,400284;-51,107811;"SPRF-GO";"DEL05-GO";"UOP02-DEL05-GO"
492951;2022-12-15;"quinta-feira";"12:11:00";"MS";262;726;"CORUMBA";"Reação tardia ou ineficiente do condutor";"Saída de leito carroçável";"Com Vítimas Fatais";"Pleno dia";"Crescente";"Céu Claro";"Simples";"Reta";"Não";1;1;0;0;0;0;0;1;-19,38612902;-57,51111101;"SPRF-MS";"DEL03-MS";"UOP03-DEL03-MS"
492952;2022-12-15;"quinta-feira";"13:30:00";"MG";40;281,1;"TRES MARIAS";"Ultrapassagem Indevida";"Colisão frontal";"Com Vítimas Feridas";"Pleno dia";"Decrescente";"Nublado";"Simples";"Reta";"Não";2;0;1;1;0;0;2;2;-18,24214561;-45,2080525;"SPRF-MG";"DEL14-MG";"UOP02-DEL14-MG"
492955;2022-12-15;"quinta-feira";"16:02:00";"GO";153;504;"APARECIDA DE GOIANIA";"Trafegar com motocicleta (ou similar) entre as faixas";"Colisão lateral mesmo sentido";"Com Vítimas Feridas";"Pleno dia";"Crescente";"Céu Claro";"Dupla";"Reta";"Sim";2;0;1;0;1;0;1;2;-16,7451;-49,2408;"SPRF-GO";"DEL01-GO";"UOP01-DEL01-GO"
492956;2022-12-15;"quinta-feira";"13:20:00";"MT";163;796;"VERA";"Transitar na contramão";"Colisão frontal";"Com Vítimas Feridas";"Pleno dia";"Crescente";"Céu Claro";"Simples";"Curva;Declive";"Não";3;0;1;1;1;0;2;2;-12,32082282;-55,58270237;"SPRF-MT";"DEL06-MT";"UOP02-DEL06-MT"
492959;2022-12-15;"quinta-feira";"13:21:00";"AL";104;91;"RIO LARGO";"Condutor deixou de manter distância do veículo da frente";"Colisão traseira";"Com Vítimas Feridas";"Pleno dia";"Crescente";"Céu Claro";"Dupla";"Reta";"Sim";2;0;1;0;1;0;1;2;-9,50898856;-35,80777135;"SPRF-AL";"DEL01-AL";"UOP01-DEL01-AL"
492960;2022-12-15;"quinta-feira";"15:00:00";"RJ";40;99;"DUQUE DE CAXIAS";"Afundamento ou ondulação no pavimento";"Queda de ocupante de veículo";"Com Vítimas Feridas";"Pleno dia";"Decrescente";"Céu Claro";"Dupla";"Curva";"Não";1;0;1;0;0;0;1;1;-22,58585204;-43,27716391;"SPRF-RJ";"DEL01-RJ";"UOP01-DEL01-RJ"
492963;2022-12-15;"quinta-feira";"13:30:00";"GO";60;190;"GUAPO";"Acumulo de água sobre o pavimento";"Saída de leito carroçável";"Sem Vítimas";"Pleno dia";"Decrescente";"Chuva";"Dupla";"Reta";"Sim";1;0;0;0;1;0;0;1;-16,8295;-49,538;"SPRF-GO";"DEL01-GO";"UOP02-DEL01-GO"
492965;2022-10-16;"domingo";"22:30:00";"MG";40;645,5;"CRISTIANO OTONI";"Manobra de mudança de faixa";"Colisão traseira";"Com Vítimas Feridas";"Plena Noite";"Decrescente";"Céu Claro";"Simples";"Reta;Declive";"Não";3;0;2;0;1;0;2;2;-20,790322;-43,810662;"SPRF-MG";"DEL05-MG";"UOP02-DEL05-MG"
492966;2022-12-15;"quinta-feira";"16:00:00";"RS";116;233;"NOVO HAMBURGO";"Entrada inopinada do pedestre";"Atropelamento de Pedestre";"Com Vítimas Feridas";"Pleno dia";"Crescente";"Céu Claro";"Simples";"Reta;Declive";"Sim";2;0;1;0;1;0;1;2;-29,644854;-51,143278;"SPRF-RS";"DEL01-RS";"UOP02-DEL01-RS"
492969;2022-12-15;"quinta-feira";"14:10:00";"AC";364;131;"RIO BRANCO";"Acessar a via sem observar a presença dos outros veículos";"Colisão lateral mesmo sentido";"Com Vítimas Feridas";"Pleno dia";"Crescente";"Sol";"Simples";"Reta";"Sim";3;0;2;0;1;0;2;2;-10,01594689;-67,84093848;"SPRF-AC";"DEL01-AC";"UOP01-DEL01-AC"
492970;2022-12-15;"quinta-feira";"13:20:00";"SP";116;397;"MIRACATU";"Ausência de reação do condutor";"Colisão com objeto";"Com Vítimas Feridas";"Pleno dia";"Decrescente";"Sol";"Dupla";"Reta";"Não";3;0;2;0;1;0;2;2;-24,29425611;-47,47858793;"SPRF-SP";"DEL04-SP";"UOP02-DEL04-SP"
492974;2022-12-15;"quinta-feira";"17:30:00";"SC";101;205;"SAO JOSE";"Ausência de reação do condutor";"Colisão traseira";"Sem Vítimas";"Pleno dia";"Crescente";"Céu Claro";"Dupla";"Reta";"Não";2;0;0;0;2;0;0;2;-27,58313237;-48,61532885;"SPRF-SC";"DEL01-SC";"UOP01-DEL01-SC"
492975;2022-12-15;"quinta-feira";"15:30:00";"BA";242;860;"BARREIRAS";"Acessar a via sem observar a presença dos outros veículos";"Colisão transversal";"Com Vítimas Feridas";"Pleno dia";"Crescente";"Nublado";"Simples";"Reta";"Não";2;0;0;1;1;0;1;2;-12,09594834;-45,37916805;"SPRF-BA";"DEL10-BA";"UOP01-DEL10-BA"
492976;2022-12-15;"quinta-feira";"16:50:00";"MS";163;486;"CAMPO GRANDE";"Acessar a via sem observar a presença dos outros veículos";"Colisão transversal";"Com Vítimas Feridas";"Pleno dia";"Crescente";"Céu Claro";"Simples";"Reta;Interseção de Vias;Declive";"Sim";2;0;0;1;1;0;1;2;-20,4336361;-54,54376745;"SPRF-MS";"DEL01-MS";"UOP02-DEL01-MS"
492977;2022-12-15;"quinta-feira";"16:00:00";"MA";230;379;"BALSAS";"Reação tardia ou ineficiente do condutor";"Colisão com objeto";"Com Vítimas Feridas";"Pleno dia";"Decrescente";"Nublado";"Simples";"Reta";"Não";3;0;1;0;2;0;1;1;-7,31931709;-45,94802282;"SPRF-MA";"DEL05-MA";"UOP01-DEL05-MA"
492978;2022-10-28;"sexta-feira";"18:00:00";"PR";116;89;"PIRAQUARA";"Manobra de mudança de faixa";"Saída de leito carroçável";"Com Vítimas Feridas";"Pleno dia";"Crescente";"Céu Claro";"Dupla";"Reta";"Não";1;0;1;0;0;0;1;1;-25,45428705;-49,08817119;"SPRF-PR";"DEL01-PR";"UOP07-DEL01-PR"
492979;2022-12-15;"quinta-feira";"18:00:00";"ES";262;16;"VIANA";"Retorno proibido";"Colisão transversal";"Com Vítimas Feridas";"Anoitecer";"Crescente";"Céu Claro";"Simples";"Reta";"Não";3;0;1;0;1;1;1;3;-20,38441093;-40,463078;"SPRF-ES";"DEL01-ES";"UOP01-DEL01-ES"
492980;2022-12-15;"quinta-feira";"15:30:00";"PR";116;116;"CURITIBA";"Entrada inopinada do pedestre";"Atropelamento de Pedestre";"Com Vítimas Feridas";"Pleno dia";"Decrescente";"Céu Claro";"Múltipla";"Reta";"Sim";5;0;1;0;4;0;1;2;-25,55468195;-49,27402397;"SPRF-PR";"DEL01-PR";"UOP03-DEL01-PR"
492986;2022-12-15;"quinta-feira";"16:35:00";"SC";101;416;"ARARANGUA";"Ultrapassagem Indevida";"Colisão lateral mesmo sentido";"Com Vítimas Feridas";"Pleno dia";"Decrescente";"Céu Claro";"Simples";"Reta";"Sim";2;0;1;0;1;0;1;2;-28,96708874;-49,52338825;"SPRF-SC";"DEL02-SC";"UOP02-DEL02-SC"
492988;2022-10-24;"segunda-feira";"19:00:00";"ES";101;12;"PEDRO CANARIO";"Conversão proibida";"Colisão transversal";"Com Vítimas Feridas";"Plena Noite";"Crescente";"Nublado";"Simples";"Reta";"Não";2;0;1;0;0;1;1;2;-18,26644958;-39,95767772;"SPRF-ES";"DEL04-ES";"UOP02-DEL04-ES"
492989;2022-12-15;"quinta-feira";"17:20:00";"SC";470;89;"ASCURRA";"Acessar a via sem observar a presença dos outros veículos";"Colisão transversal";"Com Vítimas Feridas";"Pleno dia";"Crescente";"Céu Claro";"Simples";"Curva";"Sim";2;0;2;0;0;0;2;2;-26,961573;-49,371918;"SPRF-SC";"DEL04-SC";"UOP01-DEL04-SC"
492991;2022-12-15;"quinta-feira";"18:40:00";"SP";153;66;"SAO JOSE DO RIO PRETO";"Demais falhas mecânicas ou elétricas";"Tombamento";"Com Vítimas Feridas";"Pleno dia";"Decrescente";"Céu Claro";"Dupla";"Reta";"Não";2;0;1;0;1;0;1;1;-20,84208514;-49,37074279;"SPRF-SP";"DEL09-SP";"UOP01-DEL09-SP"
492993;2022-12-15;"quinta-feira";"18:40:00";"SP";116;220;"GUARULHOS";"Trafegar com motocicleta (ou similar) entre as faixas";"Queda de ocupante de veículo";"Com Vítimas Feridas";"Plena Noite";"Crescente";"Céu Claro";"Múltipla";"Reta";"Sim";1;0;1;0;0;0;1;1;-23,46472809;-46,49793962;"SPRF-SP";"DEL01-SP";"UOP01-DEL01-SP"
492997;2022-12-15;"quinta-feira";"18:35:00";"PB";230;75,2;"RIACHAO DO POCO";"Sinalização mal posicionada";"Saída de leito carroçável";"Com Vítimas Feridas";"Plena Noite";"Decrescente";"Céu Claro";"Simples";"Desvio Temporário;Em Obras;Reta";"Não";4;0;1;0;2;1;1;2;-7,1908;-35,2682;"SPRF-PB";"DEL01-PB";"UOP03-DEL01-PB"
493000;2022-12-15;"quinta-feira";"18:40:00";"PR";116;118;"CURITIBA";"Ausência de reação do condutor";"Colisão traseira";"Com Vítimas Feridas";"Pleno dia";"Crescente";"Chuva";"Dupla";"Reta";"Não";2;0;2;0;0;0;2;2;-25,54657438;-49,29173608;"SPRF-PR";"DEL01-PR";"UOP03-DEL01-PR"
493001;2022-12-15;"quinta-feira";"18:30:00";"PR";277;719;"FOZ DO IGUACU";"Demais falhas mecânicas ou elétricas";"Incêndio";"Sem Vítimas";"Pleno dia";"Crescente";"Sol";"Dupla";"Reta";"Sim";1;0;0;0;1;0;0;1;-25,48375622;-54,49425791;"SPRF-PR";"DEL05-PR";"UOP03-DEL05-PR"
493002;2022-12-15;"quinta-feira";"19:15:00";"MG";262;492,3;"MOEMA";"Desrespeitar a preferência no cruzamento";"Colisão transversal";"Com Vítimas Feridas";"Plena Noite";"Decrescente";"Céu Claro";"Simples";"Interseção de Vias";"Não";3;0;2;0;1;0;2;2;-19,78544186;-45,39619446;"SPRF-MG";"DEL08-MG";"UOP03-DEL08-MG"
493003;2022-12-07;"quarta-feira";"20:40:00";"PE";104;129;"TORITAMA";"Reação tardia ou ineficiente do condutor";"Colisão lateral mesmo sentido";"Com Vítimas Feridas";"Plena Noite";"Decrescente";"Céu Claro";"Simples";"Reta";"Não";2;0;1;0;1;0;1;2;-8,00517684;-36,07944489;"SPRF-PE";"DEL02-PE";"UOP03-DEL02-PE"
493005;2022-12-15;"quinta-feira";"19:00:00";"GO";70;7,2;"AGUAS LINDAS DE GOIAS";"Condutor deixou de manter distância do veículo da frente";"Colisão traseira";"Com Vítimas Feridas";"Plena Noite";"Crescente";"Céu Claro";"Múltipla";"Reta";"Sim";4;0;1;0;3;0;1;2;-15,74375533;-48,26779708;"SPRF-DF";"DEL03-DF";"UOP02-DEL03-DF"
493006;2022-12-15;"quinta-feira";"18:20:00";"SP";116;270;"TABOAO DA SERRA";"Manobra de mudança de faixa";"Colisão lateral mesmo sentido";"Com Vítimas Feridas";"Anoitecer";"Crescente";"Céu Claro";"Dupla";"Reta";"Sim";4;0;1;1;2;0;2;2;-23,60734588;-46,76227754;"SPRF-SP";"DEL04-SP";"UOP01-DEL04-SP"
493008;2022-12-15;"quinta-feira";"18:00:00";"RS";392;27;"RIO GRANDE";"Reação tardia ou ineficiente do condutor";"Tombamento";"Com Vítimas Feridas";"Pleno dia";"Crescente";"Nublado";"Dupla";"Reta";"Sim";3;0;2;0;0;1;2;2;-32,07415155;-52,26394823;"SPRF-RS";"DEL07-RS";"UOP02-DEL07-RS"
493009;2022-12-15;"quinta-feira";"19:00:00";"SC";480;125,4;"CHAPECO";"Acessar a via sem observar a presença dos outros veículos";"Colisão transversal";"Com Vítimas Feridas";"Pleno dia";"Decrescente";"Céu Claro";"Simples";"Reta;Interseção de Vias";"Não";2;0;1;0;1;0;1;2;-27,01164515;-52,63953123;"SPRF-SC";"DEL07-SC";"UOP01-DEL07-SC"
493010;2022-11-13;"domingo";"15:00:00";"SC";101;307;"LAGUNA";"Frear bruscamente";"Colisão traseira";"Com Vítimas Feridas";"Pleno dia";"Crescente";"Sol";"Dupla";"Reta";"Não";2;0;1;0;1;0;1;2;-28,39199505;-48,77826295;"SPRF-SC";"DEL02-SC";"UOP03-DEL02-SC"
493014;2022-12-15;"quinta-feira";"17:30:00";"MG";116;522;"CARATINGA";"Desrespeitar a preferência no cruzamento";"Colisão transversal";"Com Vítimas Feridas";"Pleno dia";"Crescente";"Céu Claro";"Simples";"Curva";"Sim";2;0;1;0;1;0;1;2;-19,74873047;-42,13278294;"SPRF-MG";"DEL06-MG";"UOP02-DEL06-MG"
493017;2022-12-15;"quinta-feira";"19:26:00";"BA";324;345;"CAPIM GROSSO";"Pedestre andava na pista";"Atropelamento de Pedestre";"Com Vítimas Feridas";"Plena Noite";"Decrescente";"Céu Claro";"Simples";"Reta";"Não";2;0;1;0;1;0;1;2;-11,37230373;-40,03517032;"SPRF-BA";"DEL04-BA";"UOP02-DEL04-BA"
493018;2022-12-15;"quinta-feira";"20:32:00";"RN";226;4;"NATAL";"Animais na Pista";"Atropelamento de Animal";"Com Vítimas Feridas";"Plena Noite";"Crescente";"Céu Claro";"Simples";"Reta";"Não";1;0;1;0;0;0;1;1;-5,81958019;-35,25969486;"SPRF-RN";"DEL01-RN";"UOP02-DEL01-RN"
493020;2022-12-15;"quinta-feira";"19:21:00";"RO";364;711;"PORTO VELHO";"Ausência de reação do condutor";"Colisão lateral mesmo sentido";"Com Vítimas Feridas";"Plena Noite";"Decrescente";"Céu Claro";"Dupla";"Reta";"Sim";2;0;1;0;1;0;1;2;-8,78153947;-63,86531369;"SPRF-RO";"DEL01-RO";"UOP01-DEL01-RO"
493021;2022-12-15;"quinta-feira";"19:20:00";"PR";376;440,2;"TIBAGI";"Ausência de reação do condutor";"Saída de leito carroçável";"Com Vítimas Feridas";"Plena Noite";"Decrescente";"Céu Claro";"Dupla";"Curva;Declive";"Não";4;0;1;2;1;0;3;1;-24,80787;-50,490534;"SPRF-PR";"DEL03-PR";"UOP02-DEL03-PR"