"id";"data_inversa";"dia_semana";"horario";"uf";"br";"km";"municipio";"causa_acidente";"tipo_acidente";"classificacao_acidente";"fase_dia";"sentido_via";"condicao_metereologica";"tipo_pista";"tracado_via";"uso_solo";"pessoas";"mortos";"feridos_leves";"feridos_graves";"ilesos";"ignorados";"feridos";"veiculos";"latitude";"longitude";"regional";"delegacia";"uop"
493160;2022-12-16;"sexta-feira";"14:00:00";"MG";40;527;"CONTAGEM";"Reação tardia ou ineficiente do condutor";"Saída de leito carroçável";"Com Vítimas Feridas";"Pleno dia";"Decrescente";"Céu Claro";"Múltipla";"Curva";"Não";1;0;0;1;0;0;1;1;-19,90149502;-44,04938939;"SPRF-MG";"DEL01-MG";"UOP02-DEL01-MG"
493161;2022-12-16;"sexta-feira";"14:35:00";"PE";101;69,5;"RECIFE";"Demais falhas na via";"Queda de ocupante de veículo";"Com Vítimas Feridas";"Pleno dia";"Crescente";"Sol";"Dupla";"Reta";"Não";2;0;1;0;1;0;1;1;-8,06483343;-34,94421642;"SPRF-PE";"DEL01-PE";"UOP01-DEL01-PE"
493163;2022-12-16;"sexta-feira";"11:30:00";"SC";101;209;"SAO JOSE";"Reação tardia ou ineficiente do condutor";"Tombamento";"Com Vítimas Feridas";"Pleno dia";"Decrescente";"Nublado";"Dupla";"Viaduto";"Sim";1;0;1;0;0;0;1;1;-27,60629549;-48,63461316;"SPRF-SC";"DEL01-SC";"UOP01-DEL01-SC"
493167;2022-12-16;"sexta-feira";"14:20:00";"RS";470;217;"BENTO GONCALVES";"Ingestão de álcool pelo condutor";"Saída de leito carroçável";"Sem Vítimas";"Pleno dia";"Decrescente";"Nublado";"Dupla";"Rotatória";"Sim";3;0;0;0;3;0;0;3;-29,16462512;-51,52551964;"SPRF-RS";"DEL06-RS";"UOP01-DEL06-RS"
493174;2022-12-16;"sexta-feira";"15:35:00";"SP";116;203;"ARUJA";"Ausência de reação do condutor";"Colisão traseira";"Com Vítimas Feridas";"Pleno dia";"Decrescente";"Céu Claro";"Múltipla";"Curva";"Não";4;0;1;0;3;0;1;2;-23,41060827;-46,34763895;"SPRF-SP";"DEL01-SP";"NPF/DEL01-SP"
493175;2022-12-16;"sexta-feira";"15:20:00";"MG";381;927,8;"ITAPEVA";"Curva acentuada";"Colisão com objeto";"Com Vítimas Feridas";"Pleno dia";"Decrescente";"Nublado";"Dupla";"Aclive;Curva";"Não";1;0;1;0;0;0;1;1;-22,79271225;-46,24636988;"SPRF-MG";"DEL16-MG";"UOP03-DEL16-MG"
493177;2022-12-16;"sexta-feira";"15:20:00";"RJ";101;198;"CASIMIRO DE ABREU";"Velocidade Incompatível";"Saída de leito carroçável";"Com Vítimas Feridas";"Pleno dia";"Crescente";"Chuva";"Dupla";"Curva";"Não";2;0;1;0;1;0;1;1;-22,49108901;-42,11968783;"SPRF-RJ";"DEL08-RJ";"UOP04-DEL08-RJ"
493178;2022-12-12;"segunda-feira";"20:30:00";"RJ";101;573;"PARATY";"Chuva";"Queda de ocupante de veículo";"Com Vítimas Feridas";"Plena Noite";"Crescente";"Chuva";"Simples";"Reta";"Não";1;0;1;0;0;0;1;1;-23,20276908;-44,72989482;"SPRF-RJ";"DEL03-RJ";"UOP03-DEL03-RJ"
493180;2022-12-16;"sexta-feira";"15:35:00";"RJ";40;67;"PETROPOLIS";"Manobra de mudança de faixa";"Tombamento";"Com Vítimas Feridas";"Pleno dia";"Decrescente";"Céu Claro";"Dupla";"Reta";"Não";1;0;1;0;0;0;1;1;-22,43674775;-43,1756712;"SPRF-RJ";"DEL06-RJ";"UOP01-DEL06-RJ"
493182;2022-12-16;"sexta-feira";"16:10:00";"RS";116;152,7;"CAXIAS DO SUL";"Acessar a via sem observar a presença dos outros veículos";"Colisão lateral mesmo sentido";"Com Vítimas Feridas";"Pleno dia";"Crescente";"Céu Claro";"Simples";"Curva";"Sim";2;0;1;0;1;0;1;2;-29,1829343;-51,16801501;"SPRF-RS";"DEL05-RS";"UOP01-DEL05-RS"
493184;2022-12-16;"sexta-feira";"16:15:00";"GO";40;1;"VALPARAISO DE GOIAS";"Reação tardia ou ineficiente do condutor";"Atropelamento de Pedestre";"Com Vítimas Feridas";"Pleno dia";"Crescente";"Céu Claro";"Dupla";"Reta";"Sim";2;0;0;1;1;0;1;2;-16,05802838;-47,98285782;"SPRF-DF";"DEL01-DF";"UOP01-DEL01-DF"
493185;2022-12-16;"sexta-feira";"16:15:00";"SC";282;4;"SAO JOSE";"Manobra de mudança de faixa";"Colisão traseira";"Com Vítimas Feridas";"Pleno dia";"Crescente";"Chuva";"Dupla";"Reta;Interseção de Vias";"Sim";2;0;1;0;1;0;1;2;-27,592646;-48,604034;"SPRF-SC";"DEL01-SC";"UOP01-DEL01-SC"
493186;2022-12-16;"sexta-feira";"16:40:00";"PB";230;24,3;"JOAO PESSOA";"Ausência de reação do condutor";"Colisão traseira";"Com Vítimas Feridas";"Pleno dia";"Decrescente";"Céu Claro";"Dupla";"Reta;Viaduto;Aclive";"Sim";2;0;1;0;1;0;1;2;-7,1637;-34,8618;"SPRF-PB";"DEL01-PB";"UOP01-DEL01-PB"
493189;2022-12-16;"sexta-feira";"13:59:00";"AC";364;130;"RIO BRANCO";"Condutor deixou de manter distância do veículo da frente";"Colisão traseira";"Com Vítimas Feridas";"Pleno dia";"Crescente";"Nublado";"Simples";"Reta";"Sim";2;0;1;0;1;0;1;2;-10,0240943;-67,8369574;"SPRF-AC";"DEL01-AC";"UOP01-DEL01-AC"
493191;2022-12-10;"sábado";"01:17:00";"PB";230;248;"JUAZEIRINHO";"Transitar na contramão";"Colisão frontal";"Com Vítimas Fatais";"Plena Noite";"Decrescente";"Céu Claro";"Simples";"Reta";"Não";2;1;0;0;1;0;0;2;-7,0686;-36,6346;"SPRF-PB";"DEL02-PB";"UOP02-DEL02-PB"
493197;2022-12-16;"sexta-feira";"15:40:00";"RN";304;216;"CAICARA DO RIO DO VENTO";"Ultrapassagem Indevida";"Colisão frontal";"Com Vítimas Feridas";"Pleno dia";"Crescente";"Céu Claro";"Simples";"Aclive";"Não";3;0;3;0;0;0;3;2;-5,755102;-36,02963;"SPRF-RN";"DEL01-RN";"UOP03-DEL01-RN"
493198;2022-12-16;"sexta-feira";"17:20:00";"PR";116;119;"CURITIBA";"Reação tardia ou ineficiente do condutor";"Tombamento";"Com Vítimas Feridas";"Pleno dia";"Crescente";"Nublado";"Dupla";"Reta;Declive";"Sim";1;0;1;0;0;0;1;1;-25,578579;-49,312686;"SPRF-PR";"DEL01-PR";"UOP03-DEL01-PR"
493199;2022-12-16;"sexta-feira";"16:30:00";"BA";116;757;"POCOES";"Desrespeitar a preferência no cruzamento";"Colisão transversal";"Sem Vítimas";"Pleno dia";"Decrescente";"Nublado";"Simples";"Reta";"Sim";2;0;0;0;2;0;0;2;-14,52524002;-40,37764376;"SPRF-BA";"DEL08-BA";"UOP02-DEL08-BA"
493201;2022-12-16;"sexta-feira";"17:13:00";"RN";304;300;"PARNAMIRIM";"Condutor deixou de manter distância do veículo da frente";"Colisão traseira";"Com Vítimas Feridas";"Pleno dia";"Crescente";"Céu Claro";"Dupla";"Reta";"Sim";2;0;1;0;1;0;1;2;-5,8737673;-35,3150361;"SPRF-RN";"DEL01-RN";"UOP02-DEL01-RN"
493202;2022-12-16;"sexta-feira";"14:52:00";"PE";424;86;"GARANHUNS";"Desrespeitar a preferência no cruzamento";"Colisão transversal";"Com Vítimas Feridas";"Pleno dia";"Decrescente";"Céu Claro";"Simples";"Declive";"Não";2;0;1;1;0;0;2;2;-8,86552886;-36,50934159;"SPRF-PE";"DEL03-PE";"UOP01-DEL03-PE"
493203;2022-12-16;"sexta-feira";"17:45:00";"SC";101;117;"ITAJAI";"Condutor deixou de manter distância do veículo da frente";"Colisão traseira";"Com Vítimas Feridas";"Pleno dia";"Crescente";"Chuva";"Dupla";"Reta";"Não";2;0;1;1;0;0;2;2;-26,88747187;-48,72252969;"SPRF-SC";"DEL04-SC";"UOP04-DEL04-SC"
493204;2022-12-16;"sexta-feira";"15:50:00";"SC";282;531;"CORDILHEIRA ALTA";"Desrespeitar a preferência no cruzamento";"Colisão transversal";"Sem Vítimas";"Pleno dia";"Decrescente";"Sol";"Simples";"Curva";"Sim";2;0;0;0;2;0;0;2;-26,990747;-52,609776;"SPRF-SC";"DEL07-SC";"UOP01-DEL07-SC"
493205;2022-12-16;"sexta-feira";"17:45:00";"SC";101;37;"JOINVILLE";"Chuva";"Tombamento";"Com Vítimas Feridas";"Pleno dia";"Decrescente";"Chuva";"Dupla";"Reta";"Sim";2;0;2;0;0;0;2;1;-26,25050176;-48,90863867;"SPRF-SC";"DEL03-SC";"UOP01-DEL03-SC"
493206;2022-12-16;"sexta-feira";"16:40:00";"PR";277;530;"GUARANIACU";"Acessar a via sem observar a presença dos outros veículos";"Colisão transversal";"Com Vítimas Feridas";"Pleno dia";"Crescente";"Céu Claro";"Simples";"Reta";"Não";2;0;1;0;1;0;1;2;-25,091649;-52,949265;"SPRF-PR";"DEL04-PR";"UOP04-DEL04-PR"
493207;2022-12-16;"sexta-feira";"17:00:00";"SP";381;42;"ATIBAIA";"Entrada inopinada do pedestre";"Atropelamento de Pedestre";"Com Vítimas Feridas";"Pleno dia";"Decrescente";"Chuva";"Múltipla";"Reta";"Não";2;0;0;1;1;0;1;2;-23,147306;-46,57493202;"SPRF-SP";"DEL03-SP";"UOP01-DEL03-SP"
493209;2022-12-16;"sexta-feira";"18:10:00";"RJ";116;183;"NOVA IGUACU";"Acessar a via sem observar a presença dos outros veículos";"Colisão transversal";"Com Vítimas Feridas";"Pleno dia";"Crescente";"Nublado";"Dupla";"Reta";"Sim";3;0;1;0;2;0;1;2;-22,7516014;-43,43849831;"SPRF-RJ";"DEL01-RJ";"UOP02-DEL01-RJ"
493210;2022-12-16;"sexta-feira";"18:00:00";"RJ";101;303;"SAO GONCALO";"Condutor deixou de manter distância do veículo da frente";"Colisão traseira";"Com Vítimas Feridas";"Anoitecer";"Decrescente";"Nublado";"Dupla";"Reta";"Sim";2;0;1;0;1;0;1;2;-22,7828205;-42,9766681;"SPRF-RJ";"DEL02-RJ";"UOP02-DEL02-RJ"
493213;2022-12-16;"sexta-feira";"17:00:00";"TO";153;772,8;"ALVORADA";"Pista Escorregadia";"Saída de leito carroçável";"Com Vítimas Feridas";"Pleno dia";"Crescente";"Chuva";"Simples";"Curva";"Não";1;0;1;0;0;0;1;1;-12,57785206;-49,07535541;"SPRF-TO";"DEL01-TO";"UOP02-DEL01-TO"
493214;2022-12-16;"sexta-feira";"18:56:00";"BA";116;15;"VITORIA DA CONQUISTA";"Conversão proibida";"Colisão frontal";"Com Vítimas Feridas";"Plena Noite";"Decrescente";"Céu Claro";"Simples";"Declive";"Sim";2;0;1;0;1;0;1;2;-14,899796;-40,85445;"SPRF-BA";"DEL08-BA";"UOP01-DEL08-BA"
493215;2022-12-16;"sexta-feira";"16:22:00";"MG";116;456,7;"ENGENHEIRO CALDAS";"Acessar a via sem observar a presença dos outros veículos";"Colisão transversal";"Com Vítimas Feridas";"Pleno dia";"Crescente";"Céu Claro";"Simples";"Reta;Declive;Interseção de Vias";"Não";3;0;1;1;1;0;2;2;-19,20807695;-42,05223083;"SPRF-MG";"DEL06-MG";"UOP02-DEL06-MG"
493216;2022-12-16;"sexta-feira";"16:50:00";"BA";324;557;"SAO SEBASTIAO DO PASSE";"Manobra de mudança de faixa";"Saída de leito carroçável";"Com Vítimas Feridas";"Pleno dia";"Crescente";"Céu Claro";"Dupla";"Reta";"Não";4;0;3;0;1;0;3;1;-12,47640414;-38,6752181;"SPRF-BA";"DEL01-BA";"UOP03-DEL01-BA"
493217;2022-12-16;"sexta-feira";"18:45:00";"ES";101;263,9;"SERRA";"Velocidade Incompatível";"Colisão traseira";"Com Vítimas Feridas";"Plena Noite";"Decrescente";"Nublado";"Dupla";"Reta";"Sim";2;0;1;0;1;0;1;2;-20,17292791;-40,26736384;"SPRF-ES";"DEL02-ES";"UOP01-DEL02-ES"
493220;2022-12-16;"sexta-feira";"17:10:00";"MA";10;310,5;"ACAILANDIA";"Ausência de reação do condutor";"Colisão lateral mesmo sentido";"Com Vítimas Feridas";"Pleno dia";"Decrescente";"Céu Claro";"Simples";"Reta";"Não";3;0;2;0;1;0;2;2;-5,018023;-47,547497;"SPRF-MA";"DEL04-MA";"UOP03-DEL04-MA"
493221;2022-12-16;"sexta-feira";"18:00:00";"RO";364;710;"PORTO VELHO";"Pedestre andava na pista";"Colisão traseira";"Sem Vítimas";"Anoitecer";"Decrescente";"Nublado";"Dupla";"Reta";"Sim";5;0;0;0;5;0;0;2;-8,78621576;-63,85712687;"SPRF-RO";"DEL01-RO";"UOP01-DEL01-RO"
493222;2022-12-16;"sexta-feira";"18:40:00";"RO";174;14;"VILHENA";"Ingestão de álcool pelo condutor";"Colisão lateral mesmo sentido";"Sem Vítimas";"Plena Noite";"Crescente";"Céu Claro";"Simples";"Reta";"Sim";3;0;0;0;3;0;0;3;-12,73306632;-60,12981255;"SPRF-RO";"DEL04-RO";"UOP01-DEL04-RO"
493223;2022-12-16;"sexta-feira";"19:50:00";"SP";116;444;"REGISTRO";"Pedestre cruzava a pista fora da faixa";"Atropelamento de Pedestre";"Com Vítimas Fatais";"Plena Noite";"Crescente";"Céu Claro";"Dupla";"Reta";"Sim";2;1;0;0;1;0;0;2;-24,49129421;-47,83614553;"SPRF-SP";"DEL05-SP";"UOP01-DEL05-SP"
493224;2022-12-16;"sexta-feira";"20:10:00";"ES";101;175;"ARACRUZ";"Manobra de mudança de faixa";"Colisão traseira";"Com Vítimas Feridas";"Plena Noite";"Crescente";"Garoa/Chuvisco";"Simples";"Reta";"Sim";2;0;1;0;1;0;1;2;-19,588547;-40,191967;"SPRF-ES";"DEL04-ES";"UOP01-DEL04-ES"
493225;2022-12-16;"sexta-feira";"19:30:00";"GO";153;416,3;"ANAPOLIS";"Demais falhas mecânicas ou elétricas";"Saída de leito carroçável";"Com Vítimas Feridas";"Plena Noite";"Crescente";"Céu Claro";"Simples";"Reta;Declive";"Não";1;0;1;0;0;0;1;1;-16,150995;-49,044746;"SPRF-GO";"DEL02-GO";"UOP01-DEL02-GO"
493227;2022-12-16;"sexta-feira";"20:30:00";"SP";116;211;"GUARULHOS";"Reação tardia ou ineficiente do condutor";"Capotamento";"Com Vítimas Feridas";"Plena Noite";"Decrescente";"Nublado";"Múltipla";"Reta";"Sim";2;0;1;0;1;0;1;2;-23,4324306;-46,4194352;"SPRF-SP";"DEL01-SP";"UOP01-DEL01-SP"
493228;2022-12-16;"sexta-feira";"19:45:00";"RJ";40;121;"DUQUE DE CAXIAS";"Velocidade Incompatível";"Colisão lateral mesmo sentido";"Com Vítimas Feridas";"Plena Noite";"Crescente";"Nublado";"Múltipla";"Reta";"Sim";3;0;1;0;0;2;1;3;-22,78185499;-43,28571273;"SPRF-RJ";"DEL01-RJ";"UOP01-DEL01-RJ"
493229;2022-12-14;"quarta-feira";"11:20:00";"BA";101;189;"SAO GONCALO DOS CAMPOS";"Velocidade Incompatível";"Capotamento";"Com Vítimas Feridas";"Pleno dia";"Crescente";"Nublado";"Simples";"Aclive";"Não";1;0;1;0;0;0;1;1;-12,491861;-38,952872;"SPRF-BA";"DEL01-BA";"UOP03-DEL01-BA"
493230;2022-12-16;"sexta-feira";"20:50:00";"PE";101;61,2;"RECIFE";"Reação tardia ou ineficiente do condutor";"Colisão lateral mesmo sentido";"Com Vítimas Feridas";"Plena Noite";"Decrescente";"Céu Claro";"Dupla";"Reta";"Sim";2;0;1;0;1;0;1;2;-7,99097103;-34,93598295;"SPRF-PE";"DEL01-PE";"UOP02-DEL01-PE"
493231;2022-12-16;"sexta-feira";"20:50:00";"RJ";116;317;"ITATIAIA";"Reação tardia ou ineficiente do condutor";"Eventos atípicos";"Com Vítimas Feridas";"Plena Noite";"Decrescente";"Chuva";"Dupla";"Reta";"Não";1;0;1;0;0;0;1;1;-22,46708478;-44,50067002;"SPRF-RJ";"DEL07-RJ";"UOP02-DEL07-RJ"
493232;2022-12-16;"sexta-feira";"20:25:00";"PE";232;110;"BEZERROS";"Ausência de reação do condutor";"Queda de ocupante de veículo";"Com Vítimas Feridas";"Plena Noite";"Crescente";"Céu Claro";"Dupla";"Reta";"Não";1;0;0;1;0;0;1;1;-8,28634529;-35,81755579;"SPRF-PE";"DEL02-PE";"UOP02-DEL02PE"
493233;2022-12-16;"sexta-feira";"16:20:00";"PE";408;66,5;"PAUDALHO";"Reação tardia ou ineficiente do condutor";"Atropelamento de Pedestre";"Com Vítimas Feridas";"Anoitecer";"Decrescente";"Sol";"Dupla";"Reta";"Sim";3;0;1;1;0;1;2;2;-7,856974;-35,218851;"SPRF-PE";"DEL01-PE";"UOP01-DEL01-PE"
493235;2022-12-16;"sexta-feira";"17:00:00";"SC";153;37,5;"PONTE SERRADA";"Manobra de mudança de faixa";"Colisão lateral mesmo sentido";"Com Vítimas Feridas";"Pleno dia";"Decrescente";"Céu Claro";"Simples";"Reta";"Não";2;0;1;0;1;0;1;2;-26,827137;-51,726971;"SPRF-SC";"DEL07-SC";"UOP07-DEL07-SC"
493236;2022-12-16;"sexta-feira";"20:50:00";"SC";280;36;"ARAQUARI";"Acessar a via sem observar a presença dos outros veículos";"Colisão transversal";"Com Vítimas Feridas";"Plena Noite";"Crescente";"Nublado";"Simples";"Rotatória";"Não";2;0;0;1;1;0;1;2;-26,44201783;-48,80964363;"SPRF-SC";"DEL03-SC";"UOP03-DEL03-SC"
493239;2022-12-16;"sexta-feira";"20:00:00";"MG";381;478,5;"CONTAGEM";"Ausência de reação do condutor";"Engavetamento";"Com Vítimas Feridas";"Plena Noite";"Decrescente";"Céu Claro";"Múltipla";"Aclive;Reta";"Sim";6;0;1;0;4;1;1;4;-19,9631253;-44,0407641;"SPRF-MG";"DEL01-MG";"UOP03-DEL01-MG"
493240;2022-12-16;"sexta-feira";"20:47:00";"RS";287;402;"SANTIAGO";"Desrespeitar a preferência no cruzamento";"Colisão transversal";"Com Vítimas Feridas";"Plena Noite";"Decrescente";"Céu Claro";"Simples";"Interseção de Vias";"Não";3;0;1;0;2;0;1;2;-29,14888507;-54,88646115;"SPRF-RS";"DEL12-RS";"UOP02-DEL12-RS"
493241;2022-12-16;"sexta-feira";"19:13:00";"MS";163;698;"RIO VERDE DE MATO GROSSO";"Ingestão de álcool pelo condutor";"Saída de leito carroçável";"Com Vítimas Feridas";"Plena Noite";"Crescente";"Céu Claro";"Simples";"Curva";"Não";1;0;1;0;0;0;1;1;-18,76973354;-54,82988834;"SPRF-MS";"DEL06-MS";"UOP01-DEL06-MS"
493242;2022-12-16;"sexta-feira";"20:42:00";"RN";101;85,3;"NATAL";"Condutor deixou de manter distância do veículo da frente";"Engavetamento";"Com Vítimas Feridas";"Plena Noite";"Decrescente";"Céu Claro";"Dupla";"Reta;Aclive";"Sim";4;0;1;0;3;0;1;3;-5,777664;-35,24937;"SPRF-RN";"DEL02-RN";"UOP01-DEL02-RN"
493244;2022-12-16;"sexta-feira";"12:30:00";"SC";470;69;"INDAIAL";"Condutor deixou de manter distância do veículo da frente";"Colisão transversal";"Com Vítimas Feridas";"Pleno dia";"Crescente";"Céu Claro";"Simples";"Reta;Em Obras";"Sim";3;0;2;0;1;0;2;2;-26,883745;-49,246704;"SPRF-SC";"DEL04-SC";"UOP01-DEL04-SC"
493245;2022-12-16;"sexta-feira";"20:45:00";"MG";354;754,1;"ITAMONTE";"Ingestão de álcool pelo condutor";"Atropelamento de Pedestre";"Com Vítimas Feridas";"Plena Noite";"Decrescente";"Nublado";"Simples";"Reta";"Sim";3;0;2;0;1;0;2;2;-22,286855;-44,868739;"SPRF-MG";"DEL17-MG";"UOP01-DEL17-MG"
493246;2022-12-16;"sexta-feira";"17:45:00";"SC";470;56;"BLUMENAU";"Ausência de reação do condutor";"Colisão traseira";"Com Vítimas Feridas";"Pleno dia";"Crescente";"Nublado";"Simples";"Reta";"Sim";3;0;2;0;1;0;2;2;-26,87674;-49,127743;"SPRF-SC";"DEL04-SC";"UOP01-DEL04-SC"
493248;2022-12-16;"sexta-feira";"21:30:00";"SP";116;271,4;"TABOAO DA SERRA";"Demais falhas mecânicas ou elétricas";"Incêndio";"Sem Vítimas";"Plena Noite";"Crescente";"Céu Claro";"Dupla";"Reta";"Sim";1;0;0;0;1;0;0;1;-23,61809286;-46,80556302;"SPRF-SP";"DEL04-SP";"UOP01-DEL04-SP"
493249;2022-12-16;"sexta-feira";"20:47:00";"PI";407;482;"JAICOS";"Animais na Pista";"Atropelamento de Animal";"Com Vítimas Fatais";"Plena Noite";"Decrescente";"Céu Claro";"Simples";"Reta";"Não";1;1;0;0;0;0;0;1;-7,44994796;-41,22482304;"SPRF-PI";"DEL04-PI";"UOP01-DEL04-PI"
493250;2022-12-16;"sexta-feira";"22:00:00";"BA";242;773;"BARREIRAS";"Pista Escorregadia";"Saída de leito carroçável";"Com Vítimas Feridas";"Plena Noite";"Crescente";"Chuva";"Simples";"Reta";"Não";5;0;4;0;1;0;4;1;-12,15890524;-44,64720601;"SPRF-BA";"DEL10-BA";"UOP01-DEL10-BA"
493251;2022-12-16;"sexta-feira";"19:00:00";"BA";101;879;"TEIXEIRA DE FREITAS";"Acessar a via sem observar a presença dos outros veículos";"Colisão transversal";"Com Vítimas Feridas";"Plena Noite";"Crescente";"Chuva";"Simples";"Rotatória";"Sim";4;0;2;0;2;0;2;2;-17,55447626;-39,72351428;"SPRF-BA";"DEL09-BA";"UOP02-DEL09-BA"
493252;2022-12-16;"sexta-feira";"18:16:00";"TO";153;636;"ALIANCA DO TOCANTINS";"Avarias e/ou desgaste excessivo no pneu";"Tombamento";"Com Vítimas Feridas";"Anoitecer";"Crescente";"Chuva";"Simples";"Reta";"Não";2;0;1;1;0;0;2;1;-11,4130441;-48,97921679;"SPRF-TO";"DEL01-TO";"UOP02-DEL01-TO"
493255;2022-12-16;"sexta-feira";"18:20:00";"CE";116;308;"JAGUARIBE";"Animais na Pista";"Atropelamento de Animal";"Com Vítimas Feridas";"Plena Noite";"Crescente";"Céu Claro";"Simples";"Reta";"Não";1;0;0;1;0;0;1;1;-5,88604191;-38,61758629;"SPRF-CE";"DEL05-CE";"UOP02-DEL05-CE"
493257;2022-12-16;"sexta-feira";"23:00:00";"MG";40;523;"CONTAGEM";"Velocidade Incompatível";"Colisão traseira";"Com Vítimas Feridas";"Plena Noite";"Decrescente";"Céu Claro";"Dupla";"Reta";"Não";3;0;1;0;2;0;1;2;-19,86874894;-44,05962197;"SPRF-MG";"DEL01-MG";"UOP02-DEL01-MG"
493258;2022-12-16;"sexta-feira";"18:30:00";"PB";361;29,1;"SANTA TERESINHA";"Acessar a via sem observar a presença dos outros veículos";"Colisão transversal";"Com Vítimas Fatais";"Plena Noite";"Decrescente";"Nublado";"Simples";"Reta";"Não";10;3;1;1;4;1;2;3;-7,089102;-37,493259;"SPRF-PB";"DEL03-PB";"UOP01-DEL03-PB"
493259;2022-12-16;"sexta-feira";"21:50:00";"SP";116;216;"GUARULHOS";"Reação tardia ou ineficiente do condutor";"Queda de ocupante de veículo";"Com Vítimas Feridas";"Plena Noite";"Decrescente";"Céu Claro";"Múltipla";"Reta";"Sim";3;0;1;1;1;0;2;2;-23,45056589;-46,46258105;"SPRF-SP";"DEL01-SP";"UOP01-DEL01-SP"
493263;2022-12-16;"sexta-feira";"22:35:00";"PA";316;63;"CASTANHAL";"Acessar a via sem observar a presença dos outros veículos";"Colisão transversal";"Com Vítimas Feridas";"Plena Noite";"Crescente";"Céu Claro";"Dupla";"Reta";"Sim";3;0;1;1;1;0;2;2;-1,295948;-47,914724;"SPRF-PA";"DEL01-PA";"UOP01-DEL01-PA"
493264;2022-12-16;"sexta-feira";"23:00:00";"PR";272;366;"CAMPO MOURAO";"Reação tardia ou ineficiente do condutor";"Colisão traseira";"Com Vítimas Feridas";"Plena Noite";"Crescente";"Nublado";"Dupla";"Interseção de Vias";"Sim";2;0;0;1;1;0;1;2;-24,04638081;-52,39456989;"SPRF-PR";"DEL09-PR";"UOP03-DEL09-PR"
493265;2022-12-16;"sexta-feira";"22:20:00";"MT";163;831;"SINOP";"Ausência de reação do condutor";"Saída de leito carroçável";"Sem Vítimas";"Plena Noite";"Crescente";"Chuva";"Simples";"Reta;Interseção de Vias";"Sim";1;0;0;0;1;0;0;1;-11,888502;-55,502288;"SPRF-MT";"DEL06-MT";"NPF/DEL06-MT"
493266;2022-12-16;"sexta-feira";"23:00:00";"CE";116;24;"ITAITINGA";"Demais falhas mecânicas ou elétricas";"Tombamento";"Com Vítimas Feridas";"Plena Noite";"Crescente";"Céu Claro";"Dupla";"Reta";"Não";2;0;1;1;0;0;2;1;-3,96038574;-38,51477265;"SPRF-CE";"DEL01-CE";"UOP02-DEL01-CE"
493270;2022-12-16;"sexta-feira";"21:37:00";"AC";364;122;"RIO BRANCO";"Acesso irregular";"Atropelamento de Pedestre";"Com Vítimas Feridas";"Plena Noite";"Crescente";"Chuva";"Dupla";"Reta";"Sim";2;0;1;1;0;0;2;2;-10,01188291;-67,773345;"SPRF-AC";"DEL01-AC";"UOP01-DEL01-AC"
493271;2022-12-16;"sexta-feira";"23:30:00";"SC";101;203,4;"SAO JOSE";"Ingestão de álcool pelo condutor";"Colisão lateral mesmo sentido";"Sem Vítimas";"Plena Noite";"Decrescente";"Céu Claro";"Dupla";"Reta";"Sim";3;0;0;0;3;0;0;3;-27,5650044;-48,61460082;"SPRF-SC";"DEL01-SC";"UOP01-DEL01-SC"
493272;2022-12-17;"sábado";"00:30:00";"SP";116;221;"GUARULHOS";"Reação tardia ou ineficiente do condutor";"Colisão com objeto";"Com Vítimas Feridas";"Plena Noite";"Decrescente";"Céu Claro";"Múltipla";"Reta";"Sim";2;0;2;0;0;0;2;1;-23,46802395;-46,50704901;"SPRF-SP";"DEL01-SP";"UOP01-DEL01-SP"
493273;2022-12-16;"sexta-feira";"22:30:00";"RO";364;236;"CACOAL";"Pista esburacada";"Tombamento";"Com Vítimas Feridas";"Plena Noite";"Crescente";"Nublado";"Simples";"Declive;Reta";"Sim";1;0;0;1;0;0;1;1;-11,44523103;-61,43925905;"SPRF-RO";"DEL02-RO";"UOP02-DEL02-RO"
493275;2022-12-17;"sábado";"00:30:00";"SP";116;271;"TABOAO DA SERRA";"Reação tardia ou ineficiente do condutor";"Colisão com objeto";"Com Vítimas Feridas";"Plena Noite";"Crescente";"Nublado";"Dupla";"Reta";"Sim";1;0;1;0;0;0;1;1;-23,61809286;-46,80556302;"SPRF-SP";"DEL04-SP";"UOP01-DEL04-SP"
493276;2022-12-17;"sábado";"01:00:00";"MG";40;526;"CONTAGEM";"Reação tardia ou ineficiente do condutor";"Saída de leito carroçável";"Com Vítimas Feridas";"Plena Noite";"Decrescente";"Céu Claro";"Múltipla";"Curva";"Sim";2;0;2;0;0;0;2;1;-19,89255399;-44,04985478;"SPRF-MG";"DEL01-MG";"UOP02-DEL01-MG"
493277;2022-12-16;"sexta-feira";"21:30:00";"PR";116;119;"CURITIBA";"Ingestão de álcool pelo condutor";"Saída de leito carroçável";"Com Vítimas Feridas";"Plena Noite";"Decrescente";"Nublado";"Dupla";"Reta";"Sim";1;0;1;0;0;0;1;1;-25,58021578;-49,3127849;"SPRF-PR";"DEL01-PR";"UOP03-DEL01-PR"
493278;2022-12-17;"sábado";"00:45:00";"SC";101;335,9;"TUBARAO";"Ingestão de álcool pelo condutor";"Colisão com objeto";"Com Vítimas Feridas";"Plena Noite";"Crescente";"Garoa/Chuvisco";"Dupla";"Ponte;Curva";"Sim";1;0;1;0;0;0;1;1;-28,46927473;-49,01557908;"SPRF-SC";"DEL02-SC";"UOP01-DEL02-SC"