"id";"data_inversa";"dia_semana";"horario";"uf";"br";"km";"municipio";"causa_acidente";"tipo_acidente";"classificacao_acidente";"fase_dia";"sentido_via";"condicao_metereologica";"tipo_pista";"tracado_via";"uso_solo";"pessoas";"mortos";"feridos_leves";"feridos_graves";"ilesos";"ignorados";"feridos";"veiculos";"latitude";"longitude";"regional";"delegacia";"uop"
493280;2022-12-17;"sábado";"01:00:00";"PR";116;117;"CURITIBA";"Reação tardia ou ineficiente do condutor";"Saída de leito carroçável";"Sem Vítimas";"Plena Noite";"Crescente";"Garoa/Chuvisco";"Dupla";"Reta;Declive";"Sim";2;0;0;0;2;0;0;1;-25,56065835;-49,30788517;"SPRF-PR";"DEL01-PR";"UOP03-DEL01-PR"
493281;2022-12-17;"sábado";"00:15:00";"RJ";40;63;"PETROPOLIS";"Chuva";"Saída de leito carroçável";"Com Vítimas Feridas";"Plena Noite";"Crescente";"Chuva";"Simples";"Reta";"Sim";2;0;1;0;1;0;1;1;-22,41319517;-43,14970765;"SPRF-RJ";"DEL06-RJ";"UOP01-DEL06-RJ"
493283;2022-12-17;"sábado";"00:15:00";"RJ";40;113;"DUQUE DE CAXIAS";"Acumulo de água sobre o pavimento";"Colisão com objeto";"Com Vítimas Feridas";"Plena Noite";"Crescente";"Chuva";"Múltipla";"Reta";"Não";4;0;3;1;0;0;4;1;-22,70948502;-43,29040354;"SPRF-RJ";"DEL01-RJ";"UOP01-DEL01-RJ"
493284;2022-12-17;"sábado";"01:50:00";"SP";116;215;"GUARULHOS";"Ausência de reação do condutor";"Colisão com objeto";"Com Vítimas Feridas";"Plena Noite";"Crescente";"Céu Claro";"Múltipla";"Reta";"Sim";1;0;1;0;0;0;1;1;-23,44695693;-46,45394103;"SPRF-SP";"DEL01-SP";"UOP01-DEL01-SP"
493285;2022-12-17;"sábado";"00:20:00";"SC";163;113,1;"GUARUJA DO SUL";"Ausência de reação do condutor";"Colisão frontal";"Sem Vítimas";"Plena Noite";"Decrescente";"Céu Claro";"Simples";"Reta";"Não";3;0;0;0;2;1;0;2;-26,38298412;-53,5226101;"SPRF-SC";"DEL07-SC";"UOP03-DEL07-SC"
493286;2022-12-17;"sábado";"03:12:00";"SC";101;134;"BALNEARIO CAMBORIU";"Entrada inopinada do pedestre";"Atropelamento de Pedestre";"Com Vítimas Feridas";"Plena Noite";"Crescente";"Céu Claro";"Simples";"Reta";"Sim";2;0;1;1;0;0;2;2;-27,00108493;-48,64104509;"SPRF-SC";"DEL04-SC";"UOP03-DEL04-SC"
493288;2022-12-17;"sábado";"02:40:00";"SP";116;225;"GUARULHOS";"Reação tardia ou ineficiente do condutor";"Queda de ocupante de veículo";"Com Vítimas Feridas";"Plena Noite";"Decrescente";"Céu Claro";"Simples";"Reta";"Sim";1;0;1;0;0;0;1;1;-23,48586772;-46,54075317;"SPRF-SP";"DEL01-SP";"UOP01-DEL01-SP"
493289;2022-12-17;"sábado";"01:50:00";"RS";470;252;"SAO PEDRO DA SERRA";"Condutor deixou de manter distância do veículo da frente";"Colisão traseira";"Sem Vítimas";"Plena Noite";"Crescente";"Céu Claro";"Simples";"Reta";"Não";3;0;0;0;3;0;0;2;-29,39918562;-51,49915714;"SPRF-RS";"DEL06-RS";"UOP01-DEL06-RS"
493290;2022-12-17;"sábado";"02:50:00";"CE";222;2;"FORTALEZA";"Ausência de reação do condutor";"Colisão transversal";"Sem Vítimas";"Plena Noite";"Decrescente";"Céu Claro";"Múltipla";"Reta;Retorno Regulamentado;Interseção de Vias";"Sim";3;0;0;0;3;0;0;2;-3,73911117;-38,58687498;"SPRF-CE";"DEL01-CE";"UOP01-DEL01-CE"
493291;2022-12-17;"sábado";"03:37:00";"SC";101;165;"TIJUCAS";"Ingestão de álcool pelo condutor";"Colisão com objeto";"Com Vítimas Feridas";"Plena Noite";"Crescente";"Céu Claro";"Dupla";"Reta";"Não";1;0;0;1;0;0;1;1;-27,252663;-48,63154894;"SPRF-SC";"DEL04-SC";"UOP03-DEL04-SC"
493292;2022-12-17;"sábado";"02:45:00";"SC";101;312,4;"LAGUNA";"Ingestão de álcool pelo condutor";"Colisão com objeto";"Com Vítimas Feridas";"Plena Noite";"Crescente";"Garoa/Chuvisco";"Dupla";"Reta;Ponte";"Sim";2;0;2;0;0;0;2;1;-28,433701;-48,806344;"SPRF-SC";"DEL02-SC";"UOP01-DEL02-SC"
493293;2022-12-17;"sábado";"02:45:00";"SC";101;313,8;"LAGUNA";"Condutor deixou de manter distância do veículo da frente";"Colisão traseira";"Sem Vítimas";"Plena Noite";"Decrescente";"Chuva";"Dupla";"Declive";"Sim";6;0;0;0;6;0;0;2;-28,4404376;-48,81403409;"SPRF-SC";"DEL02-SC";"UOP01-DEL02-SC"
493294;2022-12-17;"sábado";"03:00:00";"SP";116;27,4;"SILVEIRAS";"Ausência de reação do condutor";"Capotamento";"Sem Vítimas";"Plena Noite";"Crescente";"Nublado";"Dupla";"Curva";"Sim";1;0;0;0;0;1;0;1;-22,61994629;-44,90836974;"SPRF-SP";"DEL08-SP";"UOP02-DEL08-SP"
493295;2022-12-17;"sábado";"02:40:00";"PE";424;91,9;"GARANHUNS";"Transitar na contramão";"Colisão frontal";"Com Vítimas Feridas";"Plena Noite";"Crescente";"Céu Claro";"Simples";"Curva";"Sim";2;0;1;0;1;0;1;2;-8,90409633;-36,49974647;"SPRF-PE";"DEL03-PE";"UOP01-DEL03-PE"
493297;2022-12-17;"sábado";"04:10:00";"SC";101;134;"BALNEARIO CAMBORIU";"Ausência de reação do condutor";"Tombamento";"Com Vítimas Feridas";"Plena Noite";"Crescente";"Céu Claro";"Simples";"Reta";"Sim";1;0;0;1;0;0;1;1;-27,00218;-48,636433;"SPRF-SC";"DEL04-SC";"UOP03-DEL04-SC"
493298;2022-12-17;"sábado";"01:30:00";"MG";381;190,7;"PERIQUITO";"Pedestre andava na pista";"Atropelamento de Pedestre";"Com Vítimas Feridas";"Plena Noite";"Crescente";"Nublado";"Simples";"Declive;Curva";"Não";2;0;0;1;1;0;1;2;-19,1056021;-42,20198773;"SPRF-MG";"DEL06-MG";"UOP01-DEL06-MG"
493299;2022-12-17;"sábado";"04:05:00";"PR";116;17;"CURITIBA";"Condutor Dormindo";"Saída de leito carroçável";"Com Vítimas Feridas";"Plena Noite";"Decrescente";"Garoa/Chuvisco";"Dupla";"Reta";"Sim";1;0;1;0;0;0;1;1;-25,3894734;-49,19969559;"SPRF-PR";"DEL01-PR";"UOP02-DEL01-PR"
493300;2022-12-17;"sábado";"02:50:00";"PE";104;107,4;"PANELAS";"Transitar na contramão";"Colisão frontal";"Com Vítimas Feridas";"Plena Noite";"Crescente";"Nublado";"Simples";"Curva";"Não";4;0;1;0;3;0;1;2;-8,618267;-35,978292;"SPRF-PE";"DEL02-PE";"UOP03-DEL02-PE"
493302;2022-12-17;"sábado";"03:20:00";"PB";230;137;"MASSARANDUBA";"Condutor deixou de manter distância do veículo da frente";"Colisão traseira";"Com Vítimas Feridas";"Plena Noite";"Decrescente";"Céu Claro";"Dupla";"Aclive";"Não";3;0;2;0;1;0;2;2;-7,27166723;-35,78585856;"SPRF-PB";"DEL02-PB";"UOP01-DEL02-PB"
493306;2022-12-17;"sábado";"04:40:00";"RS";287;520;"SAO BORJA";"Condutor Dormindo";"Saída de leito carroçável";"Com Vítimas Feridas";"Plena Noite";"Crescente";"Céu Claro";"Simples";"Reta";"Não";2;0;1;1;0;0;2;1;-28,72442588;-55,85837293;"SPRF-RS";"DEL12-RS";"UOP01-DEL12-RS"
493307;2022-12-17;"sábado";"03:00:00";"SC";470;69,8;"INDAIAL";"Ausência de reação do condutor";"Colisão com objeto";"Sem Vítimas";"Plena Noite";"Decrescente";"Nublado";"Simples";"Reta;Aclive;Em Obras";"Sim";2;0;0;0;2;0;0;2;-26,883745;-49,246704;"SPRF-SC";"DEL04-SC";"UOP01-DEL04-SC"
493309;2022-12-17;"sábado";"05:00:00";"PR";376;174;"MARINGA";"Ausência de reação do condutor";"Tombamento";"Com Vítimas Feridas";"Amanhecer";"Crescente";"Céu Claro";"Múltipla";"Reta";"Sim";1;0;1;0;0;0;1;1;-23,41430102;-51,94984299;"SPRF-PR";"DEL09-PR";"UOP01-DEL09-PR"
493311;2022-12-17;"sábado";"05:10:00";"MG";381;346;"BELA VISTA DE MINAS";"Acumulo de água sobre o pavimento";"Tombamento";"Com Vítimas Feridas";"Amanhecer";"Decrescente";"Nublado";"Simples";"Curva;Declive";"Não";1;0;0;1;0;0;1;1;-19,84289495;-43,10054541;"SPRF-MG";"DEL03-MG";"UOP01-DEL03-MG"
493312;2022-12-17;"sábado";"06:50:00";"MG";262;803;"UBERABA";"Reação tardia ou ineficiente do condutor";"Colisão com objeto";"Com Vítimas Feridas";"Pleno dia";"Decrescente";"Céu Claro";"Dupla";"Reta";"Não";2;0;1;0;1;0;1;1;-19,77509606;-47,97201785;"SPRF-MG";"DEL13-MG";"UOP01-DEL13-MG"
493313;2022-12-17;"sábado";"06:30:00";"MG";50;33;"ARAGUARI";"Chuva";"Saída de leito carroçável";"Com Vítimas Feridas";"Amanhecer";"Crescente";"Chuva";"Dupla";"Reta";"Não";3;0;1;0;2;0;1;1;-18,64031273;-48,12395543;"SPRF-MG";"DEL15-MG";"UOP02-DEL15-MG"
493314;2022-12-17;"sábado";"05:45:00";"MG";381;500,5;"BETIM";"Ingestão de álcool pelo condutor";"Colisão lateral mesmo sentido";"Sem Vítimas";"Amanhecer";"Crescente";"Céu Claro";"Múltipla";"Declive;Reta";"Não";3;0;0;0;2;1;0;2;-20,02513493;-44,23112709;"SPRF-MG";"DEL01-MG";"UOP03-DEL01-MG"
493316;2022-12-17;"sábado";"07:14:00";"SC";101;133;"BALNEARIO CAMBORIU";"Ingestão de álcool pelo condutor";"Colisão transversal";"Com Vítimas Feridas";"Amanhecer";"Crescente";"Nublado";"Simples";"Reta";"Não";2;0;1;0;1;0;1;2;-26,99947118;-48,64665627;"SPRF-SC";"DEL04-SC";"UOP03-DEL04-SC"
493317;2022-12-17;"sábado";"04:25:00";"MG";262;29,4;"REDUTO";"Ingestão de álcool pelo condutor";"Colisão com objeto";"Com Vítimas Feridas";"Plena Noite";"Decrescente";"Nublado";"Simples";"Declive";"Não";1;0;1;0;0;0;1;1;-20,247223;-41,982025;"SPRF-MG";"DEL06-MG";"UOP03-DEL06-MG"
493319;2022-12-17;"sábado";"04:00:00";"MT";163;852;"SINOP";"Reação tardia ou ineficiente do condutor";"Colisão traseira";"Com Vítimas Feridas";"Amanhecer";"Crescente";"Chuva";"Simples";"Reta";"Não";6;0;2;0;4;0;2;3;-11,83804005;-55,48914881;"SPRF-MT";"DEL06-MT";"NPF/DEL06-MT"
493320;2022-12-17;"sábado";"06:36:00";"ES";101;70;"SAO MATEUS";"Condutor deixou de manter distância do veículo da frente";"Colisão traseira";"Com Vítimas Feridas";"Pleno dia";"Decrescente";"Céu Claro";"Simples";"Reta";"Não";9;0;1;0;8;0;1;2;-18,74453703;-39,86164665;"SPRF-ES";"DEL04-ES";"UOP02-DEL04-ES"
493321;2022-12-17;"sábado";"06:45:00";"GO";153;137;"MARA ROSA";"Ausência de reação do condutor";"Saída de leito carroçável";"Com Vítimas Feridas";"Pleno dia";"Decrescente";"Nublado";"Simples";"Declive";"Não";1;0;0;1;0;0;1;1;-13,9671;-49,090271;"SPRF-GO";"DEL07-GO";"UOP01-DEL07-GO"
493322;2022-12-17;"sábado";"05:45:00";"MS";463;39;"PONTA PORA";"Ausência de reação do condutor";"Saída de leito carroçável";"Com Vítimas Feridas";"Pleno dia";"Crescente";"Céu Claro";"Simples";"Curva";"Não";1;0;1;0;0;0;1;1;-22,31198256;-55,15181425;"SPRF-MS";"DEL04-MS";"UOP03-DEL04-MS"
493323;2022-12-17;"sábado";"00:10:00";"SP";116;557,5;"BARRA DO TURVO";"Reação tardia ou ineficiente do condutor";"Saída de leito carroçável";"Com Vítimas Feridas";"Plena Noite";"Decrescente";"Chuva";"Dupla";"Reta";"Não";2;0;1;0;1;0;1;1;-24,99089107;-48,50734616;"SPRF-SP";"DEL05-SP";"UOP02-DEL05-SP"
493326;2022-12-17;"sábado";"05:20:00";"PR";373;226;"IMBITUVA";"Avarias e/ou desgaste excessivo no pneu";"Eventos atípicos";"Sem Vítimas";"Amanhecer";"Decrescente";"Céu Claro";"Simples";"Reta";"Não";3;0;0;0;3;0;0;1;-25,17202656;-50,62984094;"SPRF-PR";"DEL03-PR";"UOP01-DEL03-PR"
493327;2022-12-17;"sábado";"07:30:00";"RJ";116;172;"SAO JOAO DE MERITI";"Ausência de reação do condutor";"Colisão lateral mesmo sentido";"Com Vítimas Feridas";"Pleno dia";"Decrescente";"Nublado";"Múltipla";"Reta";"Sim";2;0;1;0;1;0;1;2;-22,80188151;-43,35043673;"SPRF-RJ";"DEL01-RJ";"UOP02-DEL01-RJ"
493330;2022-12-17;"sábado";"06:30:00";"RS";116;120;"SAO MARCOS";"Ausência de reação do condutor";"Saída de leito carroçável";"Com Vítimas Feridas";"Pleno dia";"Decrescente";"Céu Claro";"Simples";"Reta";"Não";1;0;1;0;0;0;1;1;-29,00257991;-51,07844385;"SPRF-RS";"DEL05-RS";"UOP01-DEL05-RS"
493331;2022-12-17;"sábado";"07:25:00";"MS";262;173;"RIBAS DO RIO PARDO";"Ausência de reação do condutor";"Colisão traseira";"Com Vítimas Feridas";"Pleno dia";"Decrescente";"Céu Claro";"Simples";"Reta";"Não";2;0;2;0;0;0;2;1;-20,41762126;-53,14184304;"SPRF-MS";"DEL07-MS";"UOP02-DEL07-MS"
493332;2022-12-17;"sábado";"06:30:00";"RS";285;122,1;"VACARIA";"Condutor deixou de manter distância do veículo da frente";"Colisão traseira";"Sem Vítimas";"Pleno dia";"Decrescente";"Nublado";"Simples";"Reta";"Sim";3;0;0;0;3;0;0;2;-28,505535;-50,944073;"SPRF-RS";"DEL05-RS";"UOP03-DEL05-RS"
493335;2022-12-17;"sábado";"08:00:00";"SP";116;131;"CACAPAVA";"Condutor deixou de manter distância do veículo da frente";"Colisão traseira";"Com Vítimas Feridas";"Pleno dia";"Decrescente";"Nublado";"Dupla";"Reta";"Não";3;0;1;0;2;0;1;2;-23,12742083;-45,73636609;"SPRF-SP";"DEL02-SP";"UOP02-DEL02-SP"
493336;2022-12-17;"sábado";"07:57:00";"PB";101;83;"BAYEUX";"Reação tardia ou ineficiente do condutor";"Tombamento";"Com Vítimas Feridas";"Pleno dia";"Decrescente";"Céu Claro";"Dupla";"Reta";"Sim";2;0;2;0;0;0;2;1;-7,143;-34,9192;"SPRF-PB";"DEL01-PB";"UOP01-DEL01-PB"
493337;2022-12-17;"sábado";"07:50:00";"RN";101;97;"NATAL";"Condutor deixou de manter distância do veículo da frente";"Colisão com objeto";"Com Vítimas Feridas";"Pleno dia";"Decrescente";"Sol";"Múltipla";"Viaduto";"Sim";2;0;1;0;0;1;1;2;-5,85758898;-35,21271205;"SPRF-RN";"DEL01-RN";"UOP01-DEL01-RN"
493338;2022-12-17;"sábado";"08:40:00";"MG";354;727,9;"POUSO ALTO";"Acostamento em desnível";"Colisão frontal";"Com Vítimas Fatais";"Pleno dia";"Crescente";"Nublado";"Simples";"Aclive;Reta";"Não";5;1;2;0;0;2;2;3;-22,14267097;-44,96824233;"SPRF-MG";"DEL17-MG";"UOP01-DEL17-MG"
493340;2022-12-17;"sábado";"08:00:00";"MS";163;502;"JARAGUARI";"Pedestre andava na pista";"Atropelamento de Pedestre";"Com Vítimas Feridas";"Pleno dia";"Decrescente";"Céu Claro";"Simples";"Reta";"Não";2;0;0;1;1;0;1;2;-20,3103002;-54,50986866;"SPRF-MS";"DEL01-MS";"UOP02-DEL01-MS"
493341;2022-12-17;"sábado";"08:15:00";"SP";381;61,5;"MAIRIPORA";"Demais falhas mecânicas ou elétricas";"Incêndio";"Sem Vítimas";"Pleno dia";"Crescente";"Céu Claro";"Múltipla";"Curva";"Não";1;0;0;0;0;1;0;1;-23,29011611;-46,5800681;"SPRF-SP";"DEL03-SP";"UOP01-DEL03-SP"
493342;2022-12-17;"sábado";"09:00:00";"PR";476;157;"ARAUCARIA";"Desrespeitar a preferência no cruzamento";"Colisão transversal";"Com Vítimas Feridas";"Pleno dia";"Crescente";"Nublado";"Simples";"Retorno Regulamentado";"Sim";3;0;2;0;1;0;2;2;-25,60639;-49,421112;"SPRF-PR";"DEL01-PR";"UOP06-DEL01-PR"
493343;2022-11-14;"segunda-feira";"07:15:00";"SP";116;505;"CAJATI";"Velocidade Incompatível";"Saída de leito carroçável";"Com Vítimas Feridas";"Pleno dia";"Crescente";"Chuva";"Simples";"Curva";"Não";1;0;1;0;0;0;1;1;-24,79028098;-48,21075278;"SPRF-SP";"DEL05-SP";"UOP02-DEL05-SP"
493344;2022-12-17;"sábado";"05:11:00";"SC";101;450;"SAO JOAO DO SUL";"Condutor Dormindo";"Saída de leito carroçável";"Sem Vítimas";"Amanhecer";"Decrescente";"Céu Claro";"Múltipla";"Reta";"Sim";1;0;0;0;0;1;0;1;-29,17229091;-49,74904711;"SPRF-SC";"DEL02-SC";"UOP02-DEL02-SC"
493346;2022-12-17;"sábado";"07:30:00";"SC";116;18,9;"MAFRA";"Ausência de reação do condutor";"Saída de leito carroçável";"Com Vítimas Feridas";"Pleno dia";"Crescente";"Céu Claro";"Simples";"Reta";"Não";1;0;1;0;0;0;1;1;-26,22737276;-49,8947525;"SPRF-SC";"DEL06-SC";"UOP01-DEL06-SC"
493349;2022-10-23;"domingo";"22:00:00";"SC";282;16,5;"PALHOCA";"Ingestão de álcool pelo condutor";"Atropelamento de Pedestre";"Com Vítimas Feridas";"Plena Noite";"Crescente";"Céu Claro";"Simples";"Reta";"Não";3;0;1;1;1;0;2;2;-27,658611;-48,681847;"SPRF-SC";"DEL01-SC";"UOP02-DEL01-SC"
493350;2022-12-17;"sábado";"07:35:00";"GO";153;387;"SAO FRANCISCO DE GOIAS";"Acumulo de água sobre o pavimento";"Capotamento";"Com Vítimas Feridas";"Pleno dia";"Decrescente";"Chuva";"Simples";"Reta";"Não";3;0;2;0;1;0;2;1;-15,954128;-49,184898;"SPRF-GO";"DEL02-GO";"UOP02-DEL02-GO"
493352;2022-12-17;"sábado";"08:30:00";"RJ";116;102;"GUAPIMIRIM";"Condutor Dormindo";"Tombamento";"Com Vítimas Feridas";"Pleno dia";"Decrescente";"Céu Claro";"Simples";"Aclive;Reta";"Não";1;0;1;0;0;0;1;1;-22,49820581;-42,99844401;"SPRF-RJ";"DEL04-RJ";"UOP01-DEL04-RJ"
493355;2022-12-17;"sábado";"09:35:00";"SC";470;14;"ILHOTA";"Mal súbito do condutor";"Capotamento";"Com Vítimas Feridas";"Pleno dia";"Crescente";"Céu Claro";"Dupla";"Reta";"Não";1;0;0;1;0;0;1;1;-26,837988;-48,775795;"SPRF-SC";"DEL04-SC";"UOP04-DEL04-SC"
493356;2022-12-17;"sábado";"10:24:00";"RS";116;230;"IVOTI";"Reação tardia ou ineficiente do condutor";"Colisão lateral mesmo sentido";"Com Vítimas Feridas";"Pleno dia";"Decrescente";"Céu Claro";"Dupla";"Aclive;Reta";"Sim";5;0;2;0;3;0;2;2;-29,62222179;-51,13039371;"SPRF-RS";"DEL01-RS";"UOP02-DEL01-RS"
493357;2022-12-17;"sábado";"10:10:00";"MG";381;601,1;"CARMOPOLIS DE MINAS";"Velocidade Incompatível";"Colisão com objeto";"Com Vítimas Feridas";"Pleno dia";"Decrescente";"Chuva";"Dupla";"Curva;Declive";"Não";4;0;4;0;0;0;4;1;-20,63243704;-44,73521221;"SPRF-MG";"DEL04-MG";"UOP01-DEL04-MG"
493358;2022-12-17;"sábado";"09:05:00";"SP";101;50,8;"UBATUBA";"Condutor deixou de manter distância do veículo da frente";"Colisão traseira";"Com Vítimas Feridas";"Pleno dia";"Decrescente";"Céu Claro";"Simples";"Reta";"Sim";7;0;2;0;5;0;2;2;-23,45018939;-45,07743735;"SPRF-SP";"DEL06-SP";"UOP01-DEL06-SP"
493360;2022-12-17;"sábado";"07:50:00";"BA";110;360,5;"CATU";"Velocidade Incompatível";"Colisão lateral mesmo sentido";"Com Vítimas Feridas";"Pleno dia";"Decrescente";"Céu Claro";"Simples";"Reta";"Sim";3;0;2;0;1;0;2;2;-12,36659322;-38,38801135;"SPRF-BA";"DEL01-BA";"UOP04-DEL01-BA"
493362;2022-12-17;"sábado";"11:15:00";"SP";116;392;"MIRACATU";"Velocidade Incompatível";"Saída de leito carroçável";"Com Vítimas Feridas";"Pleno dia";"Decrescente";"Garoa/Chuvisco";"Dupla";"Reta";"Sim";1;0;1;0;0;0;1;1;-24,2823606;-47,4330272;"SPRF-SP";"DEL04-SP";"UOP02-DEL04-SP"
493368;2022-12-17;"sábado";"07:00:00";"BA";242;311;"ANDARAI";"Velocidade Incompatível";"Capotamento";"Com Vítimas Fatais";"Pleno dia";"Crescente";"Chuva";"Simples";"Curva";"Não";2;1;0;0;1;0;0;1;-12,45979951;-40,98495495;"SPRF-BA";"DEL06-BA";"UOP02-DEL06-BA"
493370;2022-12-17;"sábado";"10:40:00";"MT";70;521,4;"VARZEA GRANDE";"Conversão proibida";"Colisão transversal";"Com Vítimas Feridas";"Pleno dia";"Crescente";"Céu Claro";"Simples";"Reta";"Não";3;0;1;0;2;0;1;2;-15,66151024;-56,18364751;"SPRF-MT";"DEL01-MT";"UOP02-DEL01-MT"
493371;2022-12-17;"sábado";"09:20:00";"MG";381;568,8;"ITAGUARA";"Objeto estático sobre o leito carroçável";"Saída de leito carroçável";"Com Vítimas Feridas";"Pleno dia";"Crescente";"Chuva";"Dupla";"Curva";"Não";3;0;3;0;0;0;3;1;-20,42649228;-44,54458383;"SPRF-MG";"DEL04-MG";"UOP03-DEL04-MG"
493372;2022-12-17;"sábado";"09:25:00";"RO";364;305,9;"PRESIDENTE MEDICI";"Ausência de reação do condutor";"Colisão traseira";"Sem Vítimas";"Pleno dia";"Crescente";"Céu Claro";"Simples";"Reta";"Não";4;0;0;0;4;0;0;2;-11,193762;-61,901515;"SPRF-RO";"DEL02-RO";"UOP01-DEL02-RO"
493373;2022-12-17;"sábado";"10:30:00";"PA";163;670;"ITAITUBA";"Ausência de reação do condutor";"Saída de leito carroçável";"Com Vítimas Feridas";"Pleno dia";"Crescente";"Céu Claro";"Dupla";"Reta";"Não";5;0;2;0;3;0;2;1;-4,38525897;-55,78857508;"SPRF-PA";"DEL05-PA";"UOP01-DEL05-PA"
493374;2022-12-17;"sábado";"11:30:00";"SC";282;641,4;"SAO MIGUEL DO OESTE";"Manobra de mudança de faixa";"Colisão lateral mesmo sentido";"Com Vítimas Feridas";"Pleno dia";"Crescente";"Céu Claro";"Simples";"Curva";"Não";2;0;1;0;1;0;1;2;-26,779949;-53,460857;"SPRF-SC";"DEL07-SC";"UOP03-DEL07-SC"
493377;2022-12-17;"sábado";"12:30:00";"BA";324;587;"CANDEIAS";"Pista esburacada";"Colisão com objeto";"Com Vítimas Feridas";"Pleno dia";"Crescente";"Céu Claro";"Dupla";"Reta;Ponte";"Não";2;0;2;0;0;0;2;1;-12,64715411;-38,47504041;"SPRF-BA";"DEL01-BA";"UOP01-DEL01-BA"
493378;2022-12-17;"sábado";"12:30:00";"SC";101;201,5;"SAO JOSE";"Manobra de mudança de faixa";"Colisão traseira";"Com Vítimas Feridas";"Pleno dia";"Decrescente";"Nublado";"Múltipla";"Reta";"Sim";4;0;1;0;3;0;1;3;-27,54836599;-48,61977975;"SPRF-SC";"DEL01-SC";"UOP01-DEL01-SC"
493380;2022-12-17;"sábado";"09:40:00";"MT";364;557,5;"NOBRES";"Acessar a via sem observar a presença dos outros veículos";"Colisão lateral mesmo sentido";"Sem Vítimas";"Pleno dia";"Decrescente";"Sol";"Dupla";"Rotatória";"Não";2;0;0;0;2;0;0;2;-14,75463134;-56,3375473;"SPRF-MT";"DEL01-MT";"UOP01-DEL01-MT"
493381;2022-12-17;"sábado";"10:33:00";"MT";364;440,5;"VARZEA GRANDE";"Ultrapassagem Indevida";"Colisão frontal";"Com Vítimas Fatais";"Pleno dia";"Decrescente";"Céu Claro";"Simples";"Reta";"Não";2;1;0;0;0;1;0;2;-15,60155147;-56,20525187;"SPRF-MT";"DEL01-MT";"UOP02-DEL01-MT"
493382;2022-12-17;"sábado";"12:00:00";"MG";40;551;"NOVA LIMA";"Avarias e/ou desgaste excessivo no pneu";"Tombamento";"Com Vítimas Feridas";"Pleno dia";"Decrescente";"Chuva";"Dupla";"Reta";"Sim";2;0;1;1;0;0;2;1;-20,05411435;-43,97101875;"SPRF-MG";"DEL01-MG";"UOP02-DEL01-MG"
493384;2022-12-17;"sábado";"11:25:00";"MG";40;717,9;"BARBACENA";"Chuva";"Saída de leito carroçável";"Com Vítimas Feridas";"Pleno dia";"Crescente";"Chuva";"Simples";"Curva";"Não";3;0;1;0;2;0;1;1;-21,26034802;-43,66189055;"SPRF-MG";"DEL05-MG";"UOP01-DEL05-MG"
493385;2022-12-17;"sábado";"10:00:00";"SC";280;116;"SAO BENTO DO SUL";"Curva acentuada";"Colisão com objeto";"Com Vítimas Feridas";"Pleno dia";"Crescente";"Nublado";"Simples";"Curva";"Não";3;0;2;0;1;0;2;1;-26,2808956;-49,4169527;"SPRF-SC";"DEL06-SC";"UOP03-DEL06-SC"
493386;2022-12-17;"sábado";"12:00:00";"BA";116;419;"FEIRA DE SANTANA";"Ausência de reação do condutor";"Colisão traseira";"Com Vítimas Feridas";"Pleno dia";"Crescente";"Céu Claro";"Dupla";"Reta";"Sim";2;0;1;0;1;0;1;2;-12,194529;-38,965336;"SPRF-BA";"DEL02-BA";"UOP01-DEL02-BA"
493387;2022-12-17;"sábado";"12:55:00";"GO";40;5;"VALPARAISO DE GOIAS";"Acessar a via sem observar a presença dos outros veículos";"Colisão transversal";"Com Vítimas Feridas";"Pleno dia";"Crescente";"Chuva";"Dupla";"Reta";"Sim";2;0;1;0;1;0;1;2;-16,09347175;-47,98209608;"SPRF-DF";"DEL01-DF";"UOP01-DEL01-DF"
493388;2022-12-17;"sábado";"08:34:00";"PR";116;38;"CAMPINA GRANDE DO SUL";"Pista Escorregadia";"Saída de leito carroçável";"Com Vítimas Feridas";"Pleno dia";"Decrescente";"Nublado";"Dupla";"Curva";"Não";5;0;4;0;1;0;4;1;-25,150437;-48,859336;"SPRF-PR";"DEL01-PR";"UOP02-DEL01-PR"
493389;2022-12-17;"sábado";"13:55:00";"SE";101;117,2;"ITAPORANGA DAJUDA";"Ausência de reação do condutor";"Tombamento";"Com Vítimas Feridas";"Pleno dia";"Decrescente";"Céu Claro";"Dupla";"Reta";"Sim";1;0;1;0;0;0;1;1;-11,01647157;-37,32010446;"SPRF-SE";"DEL02-SE";"UOP01-DEL02-SE"
493394;2022-12-17;"sábado";"14:00:00";"ES";262;94;"DOMINGOS MARTINS";"Acessar a via sem observar a presença dos outros veículos";"Colisão transversal";"Com Vítimas Feridas";"Pleno dia";"Decrescente";"Nublado";"Simples";"Curva;Interseção de Vias";"Não";5;0;1;4;0;0;5;2;-20,37386581;-41,05851884;"SPRF-ES";"DEL01-ES";"UOP02-DEL01-ES"
493401;2022-12-17;"sábado";"11:31:00";"MG";40;717,9;"BARBACENA";"Reação tardia ou ineficiente do condutor";"Saída de leito carroçável";"Com Vítimas Feridas";"Pleno dia";"Crescente";"Chuva";"Dupla";"Curva";"Não";4;0;1;0;3;0;1;1;-21,26034802;-43,66189055;"SPRF-MG";"DEL05-MG";"UOP01-DEL05-MG"
493402;2022-12-17;"sábado";"13:00:00";"MT";364;317,9;"CAMPO VERDE";"Reação tardia ou ineficiente do condutor";"Queda de ocupante de veículo";"Com Vítimas Feridas";"Pleno dia";"Crescente";"Céu Claro";"Dupla";"Curva";"Não";1;0;0;1;0;0;1;1;-15,80655083;-55,30097709;"SPRF-MT";"DEL05-MT";"UOP02-DEL05-MT"