"id";"data_inversa";"dia_semana";"horario";"uf";"br";"km";"municipio";"causa_acidente";"tipo_acidente";"classificacao_acidente";"fase_dia";"sentido_via";"condicao_metereologica";"tipo_pista";"tracado_via";"uso_solo";"pessoas";"mortos";"feridos_leves";"feridos_graves";"ilesos";"ignorados";"feridos";"veiculos";"latitude";"longitude";"regional";"delegacia";"uop"
493403;2022-12-17;"sábado";"14:30:00";"SP";116;226;"GUARULHOS";"Manobra de mudança de faixa";"Colisão lateral mesmo sentido";"Sem Vítimas";"Pleno dia";"Decrescente";"Sol";"Múltipla";"Reta";"Não";2;0;0;0;2;0;0;2;-23,49102507;-46,54878195;"SPRF-SP";"DEL01-SP";"UOP01-DEL01-SP"
493405;2022-12-17;"sábado";"14:45:00";"SC";101;39,3;"JOINVILLE";"Ausência de reação do condutor";"Tombamento";"Com Vítimas Feridas";"Pleno dia";"Decrescente";"Nublado";"Simples";"Reta";"Não";1;0;1;0;0;0;1;1;-26,2628107;-48,90192257;"SPRF-SC";"DEL03-SC";"UOP01-DEL03-SC"
493406;2022-12-17;"sábado";"08:46:00";"GO";70;462;"ARAGARCAS";"Ultrapassagem Indevida";"Colisão traseira";"Com Vítimas Feridas";"Pleno dia";"Decrescente";"Céu Claro";"Simples";"Reta";"Não";3;0;0;1;2;0;1;2;-15,89629144;-52,24582672;"SPRF-GO";"DEL04-GO";"UOP02-DEL04-GO"
493407;2022-12-17;"sábado";"13:40:00";"MS";163;470;"CAMPO GRANDE";"Acessar a via sem observar a presença dos outros veículos";"Colisão transversal";"Com Vítimas Feridas";"Pleno dia";"Crescente";"Nublado";"Simples";"Interseção de Vias";"Não";3;0;1;0;2;0;1;2;-20,55998503;-54,55711228;"SPRF-MS";"DEL01-MS";"UOP01-DEL01-MS"
493408;2022-12-17;"sábado";"14:00:00";"RJ";101;278;"TANGUA";"Ausência de reação do condutor";"Atropelamento de Pedestre";"Com Vítimas Feridas";"Pleno dia";"Crescente";"Nublado";"Dupla";"Reta";"Sim";2;0;1;0;0;1;1;2;-22,74024136;-42,75799897;"SPRF-RJ";"DEL02-RJ";"UOP03-DEL02-RJ"
493409;2022-12-17;"sábado";"13:50:00";"MG";381;697,3;"LAVRAS";"Avarias e/ou desgaste excessivo no pneu";"Colisão com objeto";"Com Vítimas Feridas";"Pleno dia";"Crescente";"Nublado";"Dupla";"Aclive;Curva";"Não";6;0;4;0;2;0;4;3;-21,29043096;-45,14791909;"SPRF-MG";"DEL04-MG";"UOP02-DEL04-MG"
493410;2022-12-17;"sábado";"14:20:00";"PE";232;126,9;"CARUARU";"Ingestão de álcool pelo condutor";"Saída de leito carroçável";"Com Vítimas Feridas";"Pleno dia";"Decrescente";"Céu Claro";"Dupla";"Reta";"Sim";1;0;0;1;0;0;1;1;-8,30518733;-35,968557;"SPRF-PE";"DEL02-PE";"UOP01-DEL02-PE"
493411;2022-12-17;"sábado";"15:29:00";"MG";459;81,8;"CONGONHAL";"Acessar a via sem observar a presença dos outros veículos";"Colisão transversal";"Com Vítimas Feridas";"Pleno dia";"Decrescente";"Céu Claro";"Simples";"Reta";"Não";5;0;2;2;0;1;4;3;-22,155767;-46,081566;"SPRF-MG";"DEL09-MG";"UOP01-DEL09-MG"
493412;2022-12-17;"sábado";"14:00:00";"DF";20;17;"BRASILIA";"Pedestre cruzava a pista fora da faixa";"Atropelamento de Pedestre";"Com Vítimas Feridas";"Pleno dia";"Crescente";"Nublado";"Dupla";"Reta";"Sim";3;0;0;1;2;0;1;3;-15,621374;-47,71698;"SPRF-DF";"DEL02-DF";"UOP01-DEL02-DF"
493413;2022-12-17;"sábado";"14:00:00";"PA";10;336;"SAO MIGUEL DO GUAMA";"Acessar a via sem observar a presença dos outros veículos";"Colisão transversal";"Com Vítimas Feridas";"Pleno dia";"Crescente";"Céu Claro";"Simples";"Declive";"Não";2;0;1;0;1;0;1;2;-1,50210904;-47,52450816;"SPRF-PA";"DEL01-PA";"UOP02-DEL01-PA"
493414;2022-12-17;"sábado";"15:35:00";"MG";381;497,7;"BETIM";"Ausência de reação do condutor";"Tombamento";"Com Vítimas Feridas";"Pleno dia";"Crescente";"Garoa/Chuvisco";"Dupla";"Reta";"Sim";1;0;1;0;0;0;1;1;-19,986059;-44,20343;"SPRF-MG";"DEL01-MG";"UOP03-DEL01-MG"
493415;2022-12-11;"domingo";"16:45:00";"RO";364;705;"PORTO VELHO";"Acessar a via sem observar a presença dos outros veículos";"Colisão lateral mesmo sentido";"Com Vítimas Feridas";"Pleno dia";"Decrescente";"Céu Claro";"Dupla";"Curva";"Não";2;0;1;0;1;0;1;2;-8,80032739;-63,804543;"SPRF-RO";"DEL01-RO";"UOP01-DEL01-RO"
493416;2022-12-17;"sábado";"15:20:00";"SP";116;181;"SANTA ISABEL";"Ausência de reação do condutor";"Colisão transversal";"Com Vítimas Feridas";"Pleno dia";"Decrescente";"Nublado";"Dupla";"Curva";"Não";3;0;1;0;1;1;1;3;-23,34071022;-46,15361889;"SPRF-SP";"DEL01-SP";"NPF/DEL01-SP"
493417;2022-12-17;"sábado";"15:40:00";"RJ";116;111;"DUQUE DE CAXIAS";"Manobra de mudança de faixa";"Colisão lateral mesmo sentido";"Com Vítimas Feridas";"Pleno dia";"Crescente";"Céu Claro";"Múltipla";"Reta";"Não";4;0;1;0;2;1;1;3;-22,691868;-43,287453;"SPRF-RJ";"DEL04-RJ";"UOP02-DEL04-RJ"
493418;2022-12-17;"sábado";"15:50:00";"SC";101;210;"PALHOCA";"Reação tardia ou ineficiente do condutor";"Queda de ocupante de veículo";"Com Vítimas Feridas";"Pleno dia";"Decrescente";"Céu Claro";"Dupla";"Reta";"Sim";1;0;1;0;0;0;1;1;-27,6167305;-48,6457265;"SPRF-SC";"DEL01-SC";"UOP01-DEL01-SC"
493420;2022-01-11;"terça-feira";"00:01:00";"MG";365;171;"BURITIZEIRO";"Velocidade Incompatível";"Saída de leito carroçável";"Com Vítimas Feridas";"Plena Noite";"Crescente";"Ignorado";"Simples";"Reta";"Não";2;0;0;1;1;0;1;1;-17,3817811501;-44,9668784881;"SPRF-MG";"DEL12-MG";"UOP01-DEL12-MG"
493423;2022-12-17;"sábado";"16:15:00";"SP";381;73;"SAO PAULO";"Reação tardia ou ineficiente do condutor";"Capotamento";"Com Vítimas Feridas";"Pleno dia";"Crescente";"Sol";"Múltipla";"Reta";"Não";2;0;2;0;0;0;2;1;-23,36553404;-46,55253934;"SPRF-SP";"DEL03-SP";"UOP01-DEL03-SP"
493425;2022-12-17;"sábado";"15:32:00";"RJ";101;319;"SAO GONCALO";"Reação tardia ou ineficiente do condutor";"Colisão com objeto";"Com Vítimas Feridas";"Pleno dia";"Crescente";"Nublado";"Dupla";"Reta";"Não";1;0;1;0;0;0;1;1;-22,85411774;-43,1018014;"SPRF-RJ";"DEL02-RJ";"UOP02-DEL02-RJ"
493426;2022-12-17;"sábado";"16:30:00";"SC";101;102,9;"BALNEARIO PICARRAS";"Ingestão de álcool pelo condutor";"Tombamento";"Com Vítimas Feridas";"Pleno dia";"Crescente";"Céu Claro";"Dupla";"Reta";"Não";1;0;1;0;0;0;1;1;-26,7832381;-48,68314632;"SPRF-SC";"DEL03-SC";"UOP02-DEL03-SC"
493430;2022-12-17;"sábado";"16:40:00";"SP";381;74;"SAO PAULO";"Ausência de reação do condutor";"Engavetamento";"Sem Vítimas";"Pleno dia";"Crescente";"Sol";"Múltipla";"Aclive";"Não";8;0;0;0;8;0;0;3;-23,37208014;-46,55700294;"SPRF-SP";"DEL03-SP";"UOP01-DEL03-SP"
493432;2022-12-17;"sábado";"16:40:00";"RN";304;287;"MACAIBA";"Ausência de reação do condutor";"Colisão traseira";"Sem Vítimas";"Pleno dia";"Decrescente";"Céu Claro";"Simples";"Reta";"Não";3;0;0;0;3;0;0;2;-5,8711714;-35,42930088;"SPRF-RN";"DEL01-RN";"UOP02-DEL01-RN"
493433;2022-12-17;"sábado";"13:50:00";"SC";282;438,5;"IRANI";"Ausência de reação do condutor";"Atropelamento de Pedestre";"Com Vítimas Feridas";"Pleno dia";"Crescente";"Céu Claro";"Simples";"Reta";"Não";2;0;1;0;1;0;1;2;-26,95389;-51,855713;"SPRF-SC";"DEL07-SC";"UOP04-DEL07-SC"
493436;2022-12-17;"sábado";"17:00:00";"GO";60;176;"ABADIA DE GOIAS";"Chuva";"Saída de leito carroçável";"Com Vítimas Feridas";"Pleno dia";"Crescente";"Céu Claro";"Dupla";"Curva";"Sim";3;0;1;0;2;0;1;1;-16,7563;-49,4402;"SPRF-GO";"DEL01-GO";"UOP02-DEL01-GO"
493437;2022-10-14;"sexta-feira";"07:30:00";"RJ";101;66;"CAMPOS DOS GOYTACAZES";"Conversão proibida";"Colisão transversal";"Com Vítimas Feridas";"Pleno dia";"Decrescente";"Céu Claro";"Simples";"Reta";"Sim";2;0;1;0;1;0;1;2;-21,76090387;-41,34788959;"SPRF-RJ";"DEL08-RJ";"UOP02-DEL08-RJ"
493439;2022-12-17;"sábado";"15:30:00";"MT";163;615;"NOVA MUTUM";"Ultrapassagem Indevida";"Colisão lateral sentido oposto";"Com Vítimas Feridas";"Pleno dia";"Decrescente";"Chuva";"Simples";"Reta";"Não";4;0;2;0;1;1;2;3;-13,778142;-56,05998101;"SPRF-MT";"DEL01-MT";"UOP01-DEL01-MT"
493441;2022-12-17;"sábado";"17:05:00";"SP";116;182;"SANTA ISABEL";"Ausência de reação do condutor";"Colisão traseira";"Sem Vítimas";"Pleno dia";"Decrescente";"Céu Claro";"Múltipla";"Reta";"Sim";2;0;0;0;2;0;0;2;-23,34505765;-46,16213519;"SPRF-SP";"DEL01-SP";"NPF/DEL01-SP"
493443;2022-09-13;"terça-feira";"12:00:00";"BA";349;916;"CORRENTINA";"Acumulo de óleo sobre o pavimento";"Capotamento";"Com Vítimas Feridas";"Pleno dia";"Decrescente";"Céu Claro";"Simples";"Reta";"Não";4;0;2;1;1;0;3;1;-13,40625592;-44,71516013;"SPRF-BA";"DEL08-BA";"UOP04-DEL08-BA"
493444;2022-12-17;"sábado";"16:35:00";"MS";267;36,2;"BATAGUASSU";"Velocidade Incompatível";"Saída de leito carroçável";"Com Vítimas Feridas";"Pleno dia";"Crescente";"Céu Claro";"Dupla";"Curva";"Não";3;0;2;0;0;1;2;1;-21,74997346;-52,47591734;"SPRF-MS";"DEL02-MS";"UOP04-DEL02-MS"
493445;2022-12-17;"sábado";"17:10:00";"PE";101;63;"RECIFE";"Ausência de reação do condutor";"Colisão traseira";"Sem Vítimas";"Anoitecer";"Crescente";"Céu Claro";"Dupla";"Reta";"Sim";5;0;0;0;4;1;0;2;-8,00800604;-34,93756535;"SPRF-PE";"DEL01-PE";"UOP01-DEL01-PE"
493446;2022-12-17;"sábado";"17:50:00";"PE";101;3;"GOIANA";"Condutor deixou de manter distância do veículo da frente";"Colisão traseira";"Com Vítimas Feridas";"Plena Noite";"Crescente";"Céu Claro";"Dupla";"Aclive";"Não";2;0;1;0;1;0;1;2;-7,52387351;-34,99333161;"SPRF-PE";"DEL01-PE";"UOP02-DEL01-PE"
493448;2022-12-17;"sábado";"16:20:00";"SC";101;268,1;"IMBITUBA";"Ingestão de álcool pelo condutor";"Saída de leito carroçável";"Com Vítimas Feridas";"Pleno dia";"Crescente";"Nublado";"Dupla";"Reta";"Não";1;0;0;1;0;0;1;1;-28,090868;-48,710258;"SPRF-SC";"DEL02-SC";"UOP03-DEL02-SC"
493449;2022-12-17;"sábado";"16:10:00";"SP";116;102,5;"PINDAMONHANGABA";"Reação tardia ou ineficiente do condutor";"Engavetamento";"Com Vítimas Feridas";"Pleno dia";"Crescente";"Nublado";"Dupla";"Reta";"Não";13;0;6;2;5;0;8;7;-22,99497994;-45,48951403;"SPRF-SP";"DEL08-SP";"UOP01-DEL08-SP"
493451;2022-12-17;"sábado";"17:40:00";"PR";369;188;"ARAPONGAS";"Mal súbito do condutor";"Colisão lateral mesmo sentido";"Com Vítimas Feridas";"Pleno dia";"Crescente";"Céu Claro";"Simples";"Reta";"Sim";2;0;1;0;1;0;1;2;-23,43412144;-51,42224371;"SPRF-PR";"DEL07-PR";"UOP03-DEL07-PR"
493453;2022-12-17;"sábado";"17:45:00";"MG";381;919,8;"CAMANDUCAIA";"Demais falhas na via";"Tombamento";"Com Vítimas Feridas";"Pleno dia";"Crescente";"Céu Claro";"Dupla";"Reta";"Não";3;0;1;0;2;0;1;2;-22,7716591;-46,19193618;"SPRF-MG";"DEL16-MG";"UOP03-DEL16-MG"
493454;2022-12-17;"sábado";"18:20:00";"AL";104;86,7;"RIO LARGO";"Transitar na contramão";"Colisão frontal";"Com Vítimas Feridas";"Plena Noite";"Decrescente";"Céu Claro";"Dupla";"Reta";"Sim";2;0;1;0;0;1;1;2;-9,46691715;-35,82504135;"SPRF-AL";"DEL01-AL";"UOP01-DEL01-AL"
493455;2022-12-17;"sábado";"18:30:00";"RJ";116;86;"TERESOPOLIS";"Pista Escorregadia";"Saída de leito carroçável";"Com Vítimas Feridas";"Plena Noite";"Crescente";"Chuva";"Simples";"Curva";"Sim";1;0;1;0;0;0;1;1;-22,43671224;-42,94971377;"SPRF-RJ";"DEL04-RJ";"UOP01-DEL04-RJ"
493456;2022-12-17;"sábado";"18:05:00";"RJ";101;548;"PARATY";"Chuva";"Saída de leito carroçável";"Com Vítimas Feridas";"Anoitecer";"Crescente";"Chuva";"Simples";"Curva";"Não";2;0;2;0;0;0;2;1;-23,04505073;-44,64600895;"SPRF-RJ";"DEL03-RJ";"UOP04-DEL03-RJ"
493457;2022-12-17;"sábado";"17:40:00";"PE";316;85;"OURICURI";"Frear bruscamente";"Capotamento";"Com Vítimas Feridas";"Pleno dia";"Crescente";"Céu Claro";"Simples";"Reta";"Sim";1;0;1;0;0;0;1;1;-7,88417113;-40,0701651;"SPRF-PE";"DEL05-PE";"UOP02-DEL05-PE"
493458;2022-12-17;"sábado";"15:27:00";"AC";317;299,8;"BRASILEIA";"Manobra de mudança de faixa";"Colisão frontal";"Com Vítimas Feridas";"Pleno dia";"Decrescente";"Céu Claro";"Simples";"Curva";"Não";7;0;3;2;0;2;5;4;-10,98057259;-68,76248462;"SPRF-AC";"DEL01-AC";"UOP02-DEL01-AC"
493459;2022-12-17;"sábado";"18:50:00";"BA";110;363;"CATU";"Ausência de reação do condutor";"Colisão traseira";"Com Vítimas Feridas";"Plena Noite";"Decrescente";"Céu Claro";"Simples";"Reta";"Sim";2;0;1;0;1;0;1;2;-12,39805;-38,373071;"SPRF-BA";"DEL01-BA";"UOP04-DEL01-BA"
493460;2022-12-17;"sábado";"18:40:00";"MG";262;380,5;"JUATUBA";"Avarias e/ou desgaste excessivo no pneu";"Capotamento";"Com Vítimas Feridas";"Plena Noite";"Decrescente";"Garoa/Chuvisco";"Dupla";"Reta";"Não";1;0;1;0;0;0;1;1;-19,947864;-44,381226;"SPRF-MG";"DEL01-MG";"UOP03-DEL01-MG"
493461;2022-12-17;"sábado";"08:30:00";"BA";101;555;"ARATACA";"Velocidade Incompatível";"Saída de leito carroçável";"Com Vítimas Feridas";"Pleno dia";"Decrescente";"Nublado";"Simples";"Curva";"Não";1;0;0;1;0;0;1;1;-15,30982997;-39,49528134;"SPRF-BA";"DEL05-BA";"UOP02-DEL05-BA"
493463;2022-12-17;"sábado";"18:30:00";"SC";470;7;"NAVEGANTES";"Ultrapassagem Indevida";"Colisão lateral mesmo sentido";"Com Vítimas Feridas";"Anoitecer";"Crescente";"Nublado";"Simples";"Declive";"Sim";4;0;1;1;2;0;2;4;-26,83688;-48,718853;"SPRF-SC";"DEL04-SC";"UOP04-DEL04-SC"
493464;2022-12-17;"sábado";"18:30:00";"SC";470;128;"LONTRAS";"Pedestre cruzava a pista fora da faixa";"Atropelamento de Pedestre";"Com Vítimas Feridas";"Anoitecer";"Decrescente";"Céu Claro";"Simples";"Declive";"Não";2;0;1;0;1;0;1;2;-27,143742;-49,548897;"SPRF-SC";"DEL04-SC";"UOP02-DEL04-SC"
493466;2022-12-17;"sábado";"18:05:00";"RJ";40;108;"DUQUE DE CAXIAS";"Demais falhas mecânicas ou elétricas";"Queda de ocupante de veículo";"Com Vítimas Feridas";"Anoitecer";"Decrescente";"Céu Claro";"Dupla";"Curva";"Sim";1;0;1;0;0;0;1;1;-22,66476979;-43,28495144;"SPRF-RJ";"DEL01-RJ";"UOP01-DEL01-RJ"
493467;2022-12-17;"sábado";"19:00:00";"TO";153;605;"CRIXAS DO TOCANTINS";"Condutor deixou de manter distância do veículo da frente";"Colisão traseira";"Com Vítimas Feridas";"Plena Noite";"Crescente";"Nublado";"Simples";"Reta";"Não";3;0;1;1;1;0;2;2;-11,140322;-48,92431795;"SPRF-TO";"DEL01-TO";"UOP02-DEL01-TO"
493468;2022-12-17;"sábado";"19:10:00";"CE";20;405;"CAUCAIA";"Conversão proibida";"Colisão transversal";"Com Vítimas Feridas";"Plena Noite";"Crescente";"Céu Claro";"Simples";"Reta";"Não";2;0;1;0;1;0;1;2;-3,7740804;-38,6780848;"SPRF-CE";"DEL01-CE";"UOP01-DEL01-CE"
493469;2022-12-17;"sábado";"19:15:00";"ES";101;299;"VIANA";"Manobra de mudança de faixa";"Colisão lateral mesmo sentido";"Sem Vítimas";"Plena Noite";"Crescente";"Chuva";"Dupla";"Declive";"Sim";2;0;0;0;2;0;0;2;-20,35860628;-40,42327504;"SPRF-ES";"DEL01-ES";"UOP01-DEL01-ES"
493470;2022-12-17;"sábado";"16:10:00";"MG";381;585,2;"CARMOPOLIS DE MINAS";"Demais Fenômenos da natureza";"Eventos atípicos";"Com Vítimas Feridas";"Pleno dia";"Crescente";"Chuva";"Dupla";"Reta";"Não";1;0;0;1;0;0;1;1;-20,538292;-44,64046;"SPRF-MG";"DEL04-MG";"UOP01-DEL04-MG"
493471;2022-12-17;"sábado";"19:00:00";"RS";285;563,8;"SAO LUIZ GONZAGA";"Manobra de mudança de faixa";"Colisão lateral sentido oposto";"Com Vítimas Feridas";"Plena Noite";"Decrescente";"Céu Claro";"Simples";"Reta";"Não";2;0;1;0;1;0;1;2;-28,41683196;-54,93603945;"SPRF-RS";"DEL10-RS";"UOP01-DEL10-RS"
493472;2022-12-17;"sábado";"17:55:00";"MT";163;926;"ITAUBA";"Avarias e/ou desgaste excessivo no pneu";"Saída de leito carroçável";"Com Vítimas Feridas";"Plena Noite";"Crescente";"Céu Claro";"Simples";"Declive";"Não";2;0;2;0;0;0;2;1;-11,23882028;-55,30558717;"SPRF-MT";"DEL06-MT";"NPF/DEL06-MT"
493473;2022-12-17;"sábado";"18:21:00";"BA";324;583;"CANDEIAS";"Transitar na contramão";"Colisão frontal";"Com Vítimas Fatais";"Plena Noite";"Decrescente";"Céu Claro";"Dupla";"Reta";"Não";3;2;0;1;0;0;1;2;-12,6141891;-38,48700311;"SPRF-BA";"DEL01-BA";"UOP01-DEL01-BA"
493474;2022-12-17;"sábado";"19:00:00";"RJ";40;107;"DUQUE DE CAXIAS";"Ausência de reação do condutor";"Colisão traseira";"Com Vítimas Feridas";"Plena Noite";"Crescente";"Nublado";"Dupla";"Interseção de Vias";"Sim";3;0;1;0;2;0;1;3;-22,65581497;-43,28378546;"SPRF-RJ";"DEL01-RJ";"UOP01-DEL01-RJ"
493475;2022-12-17;"sábado";"18:30:00";"MS";163;261;"DOURADOS";"Velocidade Incompatível";"Tombamento";"Com Vítimas Feridas";"Anoitecer";"Decrescente";"Ignorado";"Dupla";"Reta";"Sim";1;0;1;0;0;0;1;1;-22,23864271;-54,76552912;"SPRF-MS";"DEL04-MS";"UOP01-DEL04-MS"
493476;2022-12-17;"sábado";"19:30:00";"SC";101;136;"BALNEARIO CAMBORIU";"Ausência de reação do condutor";"Tombamento";"Com Vítimas Feridas";"Plena Noite";"Crescente";"Céu Claro";"Dupla";"Em Obras;Interseção de Vias";"Não";1;0;1;0;0;0;1;1;-27,008113;-48,617245;"SPRF-SC";"DEL04-SC";"UOP03-DEL04-SC"
493478;2022-12-17;"sábado";"19:05:00";"PR";277;517;"GUARANIACU";"Falta de elemento de contenção que evite a saída do leito carroçável";"Saída de leito carroçável";"Com Vítimas Feridas";"Pleno dia";"Crescente";"Céu Claro";"Simples";"Reta;Declive";"Sim";1;0;1;0;0;0;1;1;-25,11378015;-52,82230904;"SPRF-PR";"DEL04-PR";"UOP04-DEL04-PR"
493479;2022-12-17;"sábado";"19:25:00";"SC";101;206,9;"SAO JOSE";"Reação tardia ou ineficiente do condutor";"Colisão traseira";"Com Vítimas Feridas";"Plena Noite";"Crescente";"Nublado";"Múltipla";"Reta";"Sim";2;0;1;0;1;0;1;2;-27,59193546;-48,61824557;"SPRF-SC";"DEL01-SC";"UOP01-DEL01-SC"
493480;2022-12-17;"sábado";"13:50:00";"PE";424;80;"GARANHUNS";"Ingestão de álcool e/ou substâncias psicoativas pelo pedestre";"Tombamento";"Com Vítimas Feridas";"Pleno dia";"Crescente";"Céu Claro";"Simples";"Reta";"Não";2;0;1;1;0;0;2;1;-8,8305209;-36,54673593;"SPRF-PE";"DEL03-PE";"UOP01-DEL03-PE"
493482;2022-12-17;"sábado";"18:50:00";"RR";432;212;"CANTA";"Transitar na contramão";"Colisão frontal";"Com Vítimas Fatais";"Plena Noite";"Decrescente";"Céu Claro";"Simples";"Reta";"Não";2;1;0;0;1;0;0;2;2,78923;-60,609386;"SPRF-RR";"DEL01-RR";"UOP01-DEL01-RR"
493483;2022-12-17;"sábado";"20:50:00";"RS";471;154,8;"SANTA CRUZ DO SUL";"Velocidade Incompatível";"Colisão traseira";"Com Vítimas Feridas";"Plena Noite";"Crescente";"Céu Claro";"Simples";"Declive";"Não";1;0;0;1;0;0;1;1;-29,852266;-52,392956;"SPRF-RS";"DEL02-RS";"UOP03-DEL02-RS"
493485;2022-12-17;"sábado";"17:40:00";"MA";10;257,6;"IMPERATRIZ";"Acessar a via sem observar a presença dos outros veículos";"Colisão transversal";"Com Vítimas Feridas";"Anoitecer";"Decrescente";"Céu Claro";"Simples";"Reta";"Sim";2;0;1;1;0;0;2;2;-5,490634;-47,471973;"SPRF-MA";"DEL04-MA";"UOP01-DEL04-MA"
493488;2022-12-17;"sábado";"18:10:00";"MA";10;256,8;"IMPERATRIZ";"Ultrapassagem Indevida";"Colisão frontal";"Com Vítimas Feridas";"Anoitecer";"Decrescente";"Nublado";"Simples";"Reta";"Sim";2;0;2;0;0;0;2;2;-5,499715;-47,471836;"SPRF-MA";"DEL04-MA";"UOP01-DEL04-MA"
493490;2022-12-17;"sábado";"18:40:00";"PR";116;209;"RIO NEGRO";"Condutor deixou de manter distância do veículo da frente";"Colisão traseira";"Com Vítimas Feridas";"Plena Noite";"Decrescente";"Céu Claro";"Simples";"Reta";"Sim";2;0;1;0;1;0;1;2;-26,07620916;-49,75230908;"SPRF-SC";"DEL06-SC";"UOP01-DEL06-SC"
493492;2022-12-17;"sábado";"21:11:00";"SE";235;22,6;"LARANJEIRAS";"Demais falhas na via";"Queda de ocupante de veículo";"Com Vítimas Feridas";"Plena Noite";"Crescente";"Céu Claro";"Simples";"Reta";"Não";1;0;1;0;0;0;1;1;-10,818329;-37,24316;"SPRF-SE";"DEL01-SE";"UOP02-DEL01-SE"
493493;2022-12-17;"sábado";"19:20:00";"MS";163;725;"COXIM";"Ausência de reação do condutor";"Tombamento";"Com Vítimas Feridas";"Plena Noite";"Decrescente";"Nublado";"Simples";"Reta";"Sim";1;0;1;0;0;0;1;1;-18,55245685;-54,75080527;"SPRF-MS";"DEL06-MS";"UOP01-DEL06-MS"
493494;2022-12-17;"sábado";"18:20:00";"MG";116;30;"REDUTO";"Ingestão de álcool pelo condutor";"Colisão lateral sentido oposto";"Sem Vítimas";"Plena Noite";"Decrescente";"Chuva";"Simples";"Reta";"Não";2;0;0;0;2;0;0;2;-20,25336;-41,99389;"SPRF-MG";"DEL11-MG";"UOP02-DEL11-MG"
493495;2022-12-17;"sábado";"21:15:00";"SC";470;87,3;"ASCURRA";"Transitar na contramão";"Colisão frontal";"Sem Vítimas";"Plena Noite";"Crescente";"Céu Claro";"Simples";"Reta";"Não";2;0;0;0;2;0;0;2;-26,955355;-49,373169;"SPRF-SC";"DEL04-SC";"UOP01-DEL04-SC"
493496;2022-12-17;"sábado";"19:20:00";"MG";40;517;"RIBEIRAO DAS NEVES";"Ingestão de álcool pelo condutor";"Saída de leito carroçável";"Sem Vítimas";"Plena Noite";"Decrescente";"Chuva";"Dupla";"Curva;Retorno Regulamentado";"Não";1;0;0;0;1;0;0;1;-19,82351202;-44,08438913;"SPRF-MG";"DEL01-MG";"UOP02-DEL01-MG"
493497;2022-12-17;"sábado";"15:45:00";"BA";116;815;"VITORIA DA CONQUISTA";"Ultrapassagem Indevida";"Colisão transversal";"Com Vítimas Feridas";"Pleno dia";"Decrescente";"Céu Claro";"Simples";"Reta";"Sim";3;0;1;1;1;0;2;2;-14,81120629;-40,7948492;"SPRF-BA";"DEL08-BA";"UOP01-DEL08-BA"
493498;2022-12-17;"sábado";"19:39:00";"RJ";493;96;"JAPERI";"Transitar na contramão";"Capotamento";"Com Vítimas Feridas";"Plena Noite";"Decrescente";"Céu Claro";"Simples";"Reta";"Não";1;0;1;0;0;0;1;1;-22,67167945;-43,65177155;"SPRF-RJ";"DEL03-RJ";"UOP01-DEL03-RJ"
493499;2022-12-17;"sábado";"21:20:00";"RS";101;38;"TRES FORQUILHAS";"Reação tardia ou ineficiente do condutor";"Saída de leito carroçável";"Sem Vítimas";"Plena Noite";"Crescente";"Nublado";"Dupla";"Reta";"Não";1;0;0;0;1;0;0;1;-29,53651016;-50,00774597;"SPRF-RS";"DEL03-RS";"UOP02-DEL03-RS"
493500;2022-12-17;"sábado";"21:17:00";"GO";60;5;"SANTO ANTONIO DO DESCOBERTO";"Reação tardia ou ineficiente do condutor";"Colisão com objeto";"Com Vítimas Feridas";"Plena Noite";"Crescente";"Nublado";"Dupla";"Reta";"Não";1;0;1;0;0;0;1;1;-16,09134096;-48,27598572;"SPRF-DF";"DEL03-DF";"UOP01-DEL03-DF"
493505;2022-12-17;"sábado";"20:15:00";"RN";427;103,9;"CAICO";"Reação tardia ou ineficiente do condutor";"Colisão com objeto";"Com Vítimas Feridas";"Plena Noite";"Crescente";"Céu Claro";"Dupla";"Rotatória";"Não";2;0;2;0;0;0;2;1;-6,42915324;-37,08377123;"SPRF-RN";"DEL03-RN";"UOP01-DEL03-RN"
493507;2022-12-17;"sábado";"21:30:00";"RJ";101;484;"ANGRA DOS REIS";"Transitar na contramão";"Colisão frontal";"Com Vítimas Feridas";"Plena Noite";"Decrescente";"Chuva";"Simples";"Reta";"Não";4;0;2;0;2;0;2;3;-22,99096308;-44,30429882;"SPRF-RJ";"DEL03-RJ";"UOP03-DEL03-RJ"
493508;2022-12-17;"sábado";"21:30:00";"TO";10;438;"PALMAS";"Ingestão de álcool e/ou substâncias psicoativas pelo pedestre";"Colisão lateral mesmo sentido";"Sem Vítimas";"Plena Noite";"Crescente";"Nublado";"Múltipla";"Reta";"Sim";2;0;0;0;2;0;0;2;-10,229163;-48,311402;"SPRF-TO";"DEL01-TO";"UOP03-DEL01-TO"
493509;2022-12-17;"sábado";"19:00:00";"MG";40;514;"RIBEIRAO DAS NEVES";"Reação tardia ou ineficiente do condutor";"Saída de leito carroçável";"Sem Vítimas";"Plena Noite";"Crescente";"Chuva";"Dupla";"Reta";"Sim";1;0;0;0;0;1;0;1;-19,80151928;-44,10000333;"SPRF-MG";"DEL01-MG";"UOP02-DEL01-MG"
493510;2022-12-17;"sábado";"20:00:00";"RO";364;752;"PORTO VELHO";"Ingestão de álcool pelo condutor";"Colisão traseira";"Com Vítimas Feridas";"Plena Noite";"Decrescente";"Nublado";"Simples";"Curva";"Não";2;0;1;0;1;0;1;2;-9,06870117;-64,03084585;"SPRF-RO";"DEL01-RO";"UOP02-DEL01-RO"