"id";"data_inversa";"dia_semana";"horario";"uf";"br";"km";"municipio";"causa_acidente";"tipo_acidente";"classificacao_acidente";"fase_dia";"sentido_via";"condicao_metereologica";"tipo_pista";"tracado_via";"uso_solo";"pessoas";"mortos";"feridos_leves";"feridos_graves";"ilesos";"ignorados";"feridos";"veiculos";"latitude";"longitude";"regional";"delegacia";"uop"
493511;2022-12-17;"sábado";"19:15:00";"RJ";493;17;"MAGE";"Velocidade Incompatível";"Colisão com objeto";"Com Vítimas Fatais";"Plena Noite";"Crescente";"Garoa/Chuvisco";"Simples";"Curva";"Sim";2;2;0;0;0;0;0;1;-22,66791406;-43,00902598;"SPRF-RJ";"DEL04-RJ";"UOP02-DEL04-RJ"
493513;2022-12-17;"sábado";"22:20:00";"RS";116;295;"GUAIBA";"Ingestão de álcool pelo condutor";"Saída de leito carroçável";"Sem Vítimas";"Plena Noite";"Decrescente";"Céu Claro";"Dupla";"Reta";"Sim";1;0;0;0;1;0;0;1;-30,07969402;-51,34154882;"SPRF-RS";"DEL02-RS";"UOP01-DEL02-RS"
493514;2022-12-17;"sábado";"19:30:00";"MS";163;791;"PEDRO GOMES";"Ingestão de álcool pelo condutor";"Tombamento";"Sem Vítimas";"Plena Noite";"Decrescente";"Céu Claro";"Simples";"Reta";"Não";1;0;0;0;1;0;0;1;-17,99739401;-54,67911868;"SPRF-MS";"DEL06-MS";"UOP01-DEL06-MS"
493515;2022-12-17;"sábado";"22:20:00";"PE";101;40;"IGARASSU";"Retorno proibido";"Colisão transversal";"Com Vítimas Feridas";"Plena Noite";"Decrescente";"Céu Claro";"Dupla";"Reta";"Sim";3;0;2;0;1;0;2;2;-7,821475;-34,916545;"SPRF-PE";"DEL01-PE";"UOP02-DEL01-PE"
493516;2022-12-17;"sábado";"22:00:00";"RJ";40;107;"DUQUE DE CAXIAS";"Demais falhas mecânicas ou elétricas";"Colisão com objeto";"Com Vítimas Feridas";"Plena Noite";"Crescente";"Nublado";"Dupla";"Reta";"Sim";2;0;2;0;0;0;2;1;-22,65581497;-43,28378546;"SPRF-RJ";"DEL01-RJ";"UOP01-DEL01-RJ"
493518;2022-12-17;"sábado";"22:28:00";"MG";40;273;"TRES MARIAS";"Transitar na contramão";"Colisão frontal";"Com Vítimas Feridas";"Anoitecer";"Decrescente";"Chuva";"Simples";"Declive";"Sim";2;0;0;1;1;0;1;2;-18,18834859;-45,25219384;"SPRF-MG";"DEL14-MG";"UOP02-DEL14-MG"
493519;2022-12-17;"sábado";"22:00:00";"SC";280;23,8;"ARAQUARI";"Ingestão de álcool pelo condutor";"Colisão transversal";"Com Vítimas Feridas";"Plena Noite";"Crescente";"Céu Claro";"Simples";"Reta";"Sim";2;0;2;0;0;0;2;2;-26,37146;-48,711887;"SPRF-SC";"DEL03-SC";"UOP03-DEL03-SC"
493520;2022-12-17;"sábado";"23:00:00";"PB";230;501;"CAJAZEIRAS";"Reação tardia ou ineficiente do condutor";"Tombamento";"Com Vítimas Feridas";"Plena Noite";"Crescente";"Nublado";"Simples";"Reta";"Não";1;0;0;1;0;0;1;1;-6,899;-38,5159;"SPRF-PB";"DEL03-PB";"UOP03-DEL03-PB"
493522;2022-12-17;"sábado";"23:00:00";"RS";392;261,9;"CACAPAVA DO SUL";"Animais na Pista";"Atropelamento de Animal";"Sem Vítimas";"Plena Noite";"Decrescente";"Céu Claro";"Simples";"Reta";"Não";1;0;0;0;1;0;0;1;-30,46762575;-53,48766755;"SPRF-RS";"DEL09-RS";"UOP02-DEL09-RS"
493523;2022-12-17;"sábado";"23:50:00";"PR";376;177;"MARINGA";"Manobra de mudança de faixa";"Colisão lateral mesmo sentido";"Com Vítimas Feridas";"Plena Noite";"Decrescente";"Céu Claro";"Múltipla";"Reta";"Sim";2;0;1;0;1;0;1;2;-23,41595855;-51,92226484;"SPRF-PR";"DEL09-PR";"UOP01-DEL09-PR"
493524;2022-12-18;"domingo";"00:00:00";"RN";101;82,1;"SAO GONCALO DO AMARANTE";"Desrespeitar a preferência no cruzamento";"Saída de leito carroçável";"Com Vítimas Feridas";"Plena Noite";"Decrescente";"Céu Claro";"Dupla";"Interseção de Vias";"Sim";1;0;1;0;0;0;1;1;-5,76791511;-35,27456305;"SPRF-RN";"DEL02-RN";"UOP01-DEL02-RN"
493526;2022-12-17;"sábado";"22:00:00";"CE";222;41,5;"CAUCAIA";"Animais na Pista";"Atropelamento de Animal";"Com Vítimas Feridas";"Plena Noite";"Decrescente";"Céu Claro";"Simples";"Reta";"Não";1;0;0;1;0;0;1;1;-3,68442213;-38,91593973;"SPRF-CE";"DEL01-CE";"UOP03-DEL01-CE"
493527;2022-12-17;"sábado";"23:45:00";"SC";101;202,5;"SAO JOSE";"Ingestão de álcool pelo condutor";"Colisão traseira";"Sem Vítimas";"Plena Noite";"Crescente";"Nublado";"Múltipla";"Reta";"Sim";2;0;0;0;2;0;0;2;-27,55711595;-48,61897889;"SPRF-SC";"DEL01-SC";"UOP01-DEL01-SC"
493528;2022-12-17;"sábado";"23:24:00";"SC";470;55,1;"BLUMENAU";"Ingestão de álcool pelo condutor";"Capotamento";"Com Vítimas Feridas";"Plena Noite";"Decrescente";"Nublado";"Simples";"Reta";"Sim";1;0;1;0;0;0;1;1;-26,875601;-49,117992;"SPRF-SC";"DEL04-SC";"UOP01-DEL04-SC"
493530;2022-12-18;"domingo";"00:00:00";"GO";60;390;"RIO VERDE";"Ingestão de álcool pelo condutor";"Saída de leito carroçável";"Sem Vítimas";"Plena Noite";"Decrescente";"Nublado";"Dupla";"Reta";"Sim";1;0;0;0;1;0;0;1;-17,823;-50,9515;"SPRF-GO";"DEL04-GO";"UOP02-DEL04-GO"
493531;2022-12-17;"sábado";"17:10:00";"MT";70;510;"CUIABA";"Demais falhas mecânicas ou elétricas";"Colisão com objeto";"Sem Vítimas";"Pleno dia";"Decrescente";"Céu Claro";"Simples";"Reta";"Não";4;0;0;0;4;0;0;2;-15,65051022;-55,99823809;"SPRF-MT";"DEL01-MT";"UOP02-DEL01-MT"
493532;2022-12-18;"domingo";"00:10:00";"BA";324;618;"SALVADOR";"Ausência de reação do condutor";"Queda de ocupante de veículo";"Sem Vítimas";"Plena Noite";"Decrescente";"Céu Claro";"Dupla";"Reta";"Não";1;0;0;0;1;0;0;1;-12,891109;-38,445374;"SPRF-BA";"DEL01-BA";"UOP01-DEL01-BA"
493533;2022-12-18;"domingo";"01:10:00";"PR";376;237;"APUCARANA";"Ingestão de álcool pelo condutor";"Colisão traseira";"Com Vítimas Feridas";"Plena Noite";"Decrescente";"Céu Claro";"Dupla";"Reta;Declive";"Não";2;0;1;0;1;0;1;2;-23,58373109;-51,46335598;"SPRF-PR";"DEL07-PR";"UOP03-DEL07-PR"
493534;2022-12-17;"sábado";"22:40:00";"PR";376;237;"APUCARANA";"Condutor deixou de manter distância do veículo da frente";"Queda de ocupante de veículo";"Com Vítimas Fatais";"Plena Noite";"Decrescente";"Céu Claro";"Dupla";"Reta";"Não";5;1;1;0;3;0;1;2;-23,58373109;-51,46335598;"SPRF-PR";"DEL07-PR";"UOP03-DEL07-PR"
493536;2022-12-18;"domingo";"01:00:00";"RS";116;262,8;"CANOAS";"Reação tardia ou ineficiente do condutor";"Colisão com objeto";"Sem Vítimas";"Plena Noite";"Decrescente";"Céu Claro";"Dupla";"Reta";"Não";2;0;0;0;2;0;0;1;-29,896475;-51,17593;"SPRF-RS";"DEL01-RS";"UOP01-DEL01-RS"
493537;2022-12-18;"domingo";"00:50:00";"BA";367;25;"PORTO SEGURO";"Reação tardia ou ineficiente do condutor";"Saída de leito carroçável";"Com Vítimas Feridas";"Plena Noite";"Crescente";"Ignorado";"Simples";"Reta";"Sim";2;0;1;0;1;0;1;1;-16,43805311;-39,09107101;"SPRF-BA";"DEL09-BA";"UOP03-DEL09-BA"
493538;2022-12-17;"sábado";"20:30:00";"CE";222;125,7;"ITAPAJE";"Entrada inopinada do pedestre";"Atropelamento de Pedestre";"Com Vítimas Fatais";"Plena Noite";"Decrescente";"Céu Claro";"Simples";"Reta";"Sim";4;1;0;1;2;0;1;2;-3,6962855;-39,60080981;"SPRF-CE";"DEL04-CE";"UOP03-DEL04-CE"
493539;2022-12-18;"domingo";"02:10:00";"SC";101;214,3;"PALHOCA";"Ingestão de álcool pelo condutor";"Colisão transversal";"Com Vítimas Feridas";"Plena Noite";"Crescente";"Céu Claro";"Múltipla";"Viaduto";"Sim";3;0;0;1;1;1;1;2;-27,64443;-48,67057;"SPRF-SC";"DEL01-SC";"UOP02-DEL01-SC"
493540;2022-12-18;"domingo";"02:44:00";"DF";80;15;"BRASILIA";"Iluminação deficiente";"Colisão frontal";"Com Vítimas Feridas";"Plena Noite";"Crescente";"Nevoeiro/Neblina";"Simples";"Aclive;Reta";"Sim";4;0;0;1;3;0;1;2;-15,710013;-48,199486;"SPRF-DF";"DEL03-DF";"UOP02-DEL03-DF"
493541;2022-12-18;"domingo";"02:15:00";"AL";104;91,2;"RIO LARGO";"Condutor Dormindo";"Saída de leito carroçável";"Sem Vítimas";"Plena Noite";"Decrescente";"Céu Claro";"Dupla";"Reta";"Sim";3;0;0;0;0;3;0;2;-9,50898856;-35,80777135;"SPRF-AL";"DEL01-AL";"UOP01-DEL01-AL"
493542;2022-12-18;"domingo";"02:05:00";"RS";470;280,3;"SAO JOSE DO SUL";"Condutor Dormindo";"Saída de leito carroçável";"Com Vítimas Feridas";"Plena Noite";"Crescente";"Céu Claro";"Simples";"Reta";"Não";1;0;1;0;0;0;1;1;-29,592067;-51,47719896;"SPRF-RS";"DEL04-RS";"UOP02-DEL04-RS"
493543;2022-12-18;"domingo";"02:30:00";"MT";364;189;"PEDRA PRETA";"Condutor Dormindo";"Colisão frontal";"Com Vítimas Feridas";"Plena Noite";"Decrescente";"Ignorado";"Simples";"Reta";"Não";3;0;1;0;2;0;1;2;-16,558494;-54,560511;"SPRF-MT";"DEL02-MT";"UOP01-DEL02-MT"
493545;2022-12-17;"sábado";"23:40:00";"PB";101;72,9;"SANTA RITA";"Reação tardia ou ineficiente do condutor";"Saída de leito carroçável";"Sem Vítimas";"Plena Noite";"Crescente";"Céu Claro";"Dupla";"Reta";"Não";1;0;0;0;0;1;0;1;-7,07320663;-34,99569975;"SPRF-PB";"DEL01-PB";"UOP04-DEL01-PB"
493547;2022-12-17;"sábado";"20:50:00";"RS";116;134,5;"CAXIAS DO SUL";"Transitar na contramão";"Colisão frontal";"Com Vítimas Feridas";"Plena Noite";"Decrescente";"Céu Claro";"Simples";"Curva";"Não";3;0;1;0;2;0;1;2;-29,06329012;-51,09842716;"SPRF-RS";"DEL05-RS";"UOP01-DEL05-RS"
493549;2022-12-18;"domingo";"04:15:00";"DF";20;2;"BRASILIA";"Condutor Dormindo";"Colisão traseira";"Com Vítimas Feridas";"Amanhecer";"Crescente";"Céu Claro";"Dupla";"Declive";"Não";2;0;0;1;1;0;1;2;-15,682896;-47,840729;"SPRF-DF";"DEL02-DF";"UOP01-DEL02-DF"
493550;2022-12-18;"domingo";"03:50:00";"SC";101;89;"BARRA VELHA";"Ausência de reação do condutor";"Atropelamento de Pedestre";"Com Vítimas Feridas";"Plena Noite";"Crescente";"Garoa/Chuvisco";"Dupla";"Reta";"Sim";3;0;1;0;2;0;1;2;-26,65175997;-48,68721921;"SPRF-SC";"DEL03-SC";"UOP02-DEL03-SC"
493551;2022-12-18;"domingo";"05:00:00";"MG";40;551;"NOVA LIMA";"Condutor Dormindo";"Saída de leito carroçável";"Sem Vítimas";"Amanhecer";"Decrescente";"Nublado";"Dupla";"Curva;Declive";"Sim";1;0;0;0;0;1;0;1;-20,05653596;-43,97397995;"SPRF-MG";"DEL01-MG";"UOP02-DEL01-MG"
493552;2022-12-18;"domingo";"05:00:00";"RS";287;250;"SANTA MARIA";"Ingestão de álcool pelo condutor";"Colisão com objeto";"Com Vítimas Feridas";"Plena Noite";"Crescente";"Garoa/Chuvisco";"Dupla";"Viaduto";"Sim";1;0;1;0;0;0;1;1;-29,68845732;-53,87812257;"SPRF-RS";"DEL09-RS";"UOP01-DEL09-RS"
493553;2022-12-18;"domingo";"04:00:00";"PR";277;528,9;"GUARANIACU";"Velocidade Incompatível";"Saída de leito carroçável";"Com Vítimas Feridas";"Plena Noite";"Decrescente";"Chuva";"Simples";"Curva;Declive";"Não";1;0;1;0;0;0;1;1;-25,091649;-52,949265;"SPRF-PR";"DEL04-PR";"UOP04-DEL04-PR"
493556;2022-12-18;"domingo";"00:50:00";"BA";235;118;"JEREMOABO";"Velocidade Incompatível";"Colisão com objeto";"Com Vítimas Fatais";"Plena Noite";"Decrescente";"Ignorado";"Simples";"Curva";"Não";4;1;0;3;0;0;3;1;-9,989285;-38,634399;"SPRF-BA";"DEL07-BA";"UOP01-DEL07-BA"
493558;2022-12-18;"domingo";"06:00:00";"PR";116;144;"MANDIRITUBA";"Ingestão de álcool pelo condutor";"Colisão com objeto";"Sem Vítimas";"Pleno dia";"Crescente";"Sol";"Dupla";"Reta";"Não";1;0;0;0;1;0;0;1;-25,76405694;-49,32116324;"SPRF-PR";"DEL01-PR";"UOP03-DEL01-PR"
493559;2022-12-17;"sábado";"23:10:00";"BA";116;672,5;"JEQUIE";"Pista esburacada";"Queda de ocupante de veículo";"Com Vítimas Feridas";"Plena Noite";"Crescente";"Garoa/Chuvisco";"Simples";"Reta";"Sim";2;0;2;0;0;0;2;1;-13,79970305;-40,11130458;"SPRF-BA";"DEL03-BA";"UOP01-DEL03-BA"
493560;2022-12-17;"sábado";"23:30:00";"BA";420;332,5;"ITAQUARA";"Transitar na contramão";"Colisão lateral sentido oposto";"Sem Vítimas";"Plena Noite";"Crescente";"Céu Claro";"Simples";"Aclive";"Não";2;0;0;0;2;0;0;2;-13,4756691;-39,94895372;"SPRF-BA";"DEL03-BA";"UOP01-DEL03-BA"
493561;2022-12-18;"domingo";"06:00:00";"PR";369;73;"SANTA MARIANA";"Condutor Dormindo";"Colisão com objeto";"Com Vítimas Feridas";"Pleno dia";"Crescente";"Nublado";"Simples";"Reta";"Não";1;0;1;0;0;0;1;1;-23,153403;-50,508869;"SPRF-PR";"DEL07-PR";"UOP05-DEL07-PR"
493562;2022-12-17;"sábado";"19:59:00";"SP";116;120;"CACAPAVA";"Reação tardia ou ineficiente do condutor";"Colisão com objeto";"Sem Vítimas";"Plena Noite";"Decrescente";"Céu Claro";"Dupla";"Curva";"Não";2;0;0;0;2;0;0;1;-23,0715638;-45,64459209;"SPRF-SP";"DEL02-SP";"UOP02-DEL02-SP"
493563;2022-12-18;"domingo";"06:30:00";"RS";285;469,2;"IJUI";"Condutor Dormindo";"Saída de leito carroçável";"Sem Vítimas";"Pleno dia";"Decrescente";"Céu Claro";"Simples";"Curva";"Não";1;0;0;0;1;0;0;1;-28,38358512;-53,99733067;"SPRF-RS";"DEL10-RS";"UOP01-DEL10-RS"
493564;2022-12-17;"sábado";"18:30:00";"PR";376;490;"PONTA GROSSA";"Ingestão de álcool ou de substâncias psicoativas pelo pedestre";"Saída de leito carroçável";"Com Vítimas Feridas";"Anoitecer";"Decrescente";"Céu Claro";"Dupla";"Reta";"Sim";1;0;0;1;0;0;1;1;-25,14692309;-50,15072006;"SPRF-PR";"DEL03-PR";"UOP04-DEL03-PR"
493565;2022-12-18;"domingo";"04:50:00";"SC";101;370,5;"ICARA";"Reação tardia ou ineficiente do condutor";"Saída de leito carroçável";"Com Vítimas Feridas";"Amanhecer";"Decrescente";"Garoa/Chuvisco";"Dupla";"Reta";"Não";2;0;2;0;0;0;2;1;-28,69956788;-49,19239904;"SPRF-SC";"DEL02-SC";"UOP01-DEL02-SC"
493568;2022-12-18;"domingo";"00:00:00";"RJ";101;261;"RIO BONITO";"Mal súbito do condutor";"Colisão com objeto";"Com Vítimas Feridas";"Plena Noite";"Crescente";"Chuva";"Dupla";"Curva";"Não";1;0;1;0;0;0;1;1;-22,71139378;-42,61157199;"SPRF-RJ";"DEL02-RJ";"UOP03-DEL02-RJ"
493569;2022-12-17;"sábado";"23:10:00";"BA";116;632,9;"JAGUAQUARA";"Transitar na contramão";"Colisão frontal";"Com Vítimas Feridas";"Plena Noite";"Crescente";"Nublado";"Simples";"Reta";"Sim";2;0;0;1;1;0;1;2;-13,46756485;-40,03652534;"SPRF-BA";"DEL03-BA";"UOP01-DEL03-BA"
493570;2022-12-18;"domingo";"07:00:00";"MG";50;71;"UBERLANDIA";"Ingestão de álcool pelo condutor";"Colisão traseira";"Com Vítimas Feridas";"Pleno dia";"Decrescente";"Céu Claro";"Dupla";"Reta";"Sim";2;0;1;0;1;0;1;2;-18,85140204;-48,25345932;"SPRF-MG";"DEL15-MG";"UOP01-DEL15-MG"
493571;2022-12-18;"domingo";"05:45:00";"SC";480;129;"CHAPECO";"Avarias e/ou desgaste excessivo no pneu";"Colisão com objeto";"Com Vítimas Feridas";"Amanhecer";"Decrescente";"Nublado";"Dupla";"Reta";"Não";1;0;1;0;0;0;1;1;-27,04586775;-52,63591607;"SPRF-SC";"DEL07-SC";"UOP01-DEL07-SC"
493573;2022-12-18;"domingo";"06:50:00";"MG";50;71;"UBERLANDIA";"Velocidade Incompatível";"Colisão traseira";"Com Vítimas Feridas";"Pleno dia";"Decrescente";"Nublado";"Dupla";"Aclive";"Sim";2;0;1;0;1;0;1;2;-18,89087505;-48,2556814;"SPRF-MG";"DEL15-MG";"UOP01-DEL15-MG"
493574;2022-12-18;"domingo";"06:50:00";"BA";407;6;"JUAZEIRO";"Acesso irregular";"Atropelamento de Pedestre";"Com Vítimas Feridas";"Pleno dia";"Crescente";"Céu Claro";"Dupla";"Reta";"Não";2;0;1;0;0;1;1;2;-9,45595491;-40,48655981;"SPRF-PE";"DEL06-PE";"UOP01-DEL06-PE"
493575;2022-12-18;"domingo";"07:00:00";"PE";101;166,5;"AGUA PRETA";"Demais falhas mecânicas ou elétricas";"Saída de leito carroçável";"Com Vítimas Feridas";"Pleno dia";"Crescente";"Céu Claro";"Dupla";"Curva";"Não";2;0;1;0;1;0;1;1;-8,56126018;-35,46857977;"SPRF-PE";"DEL01-PE";"UOP03-DEL01-PE"
493576;2022-12-18;"domingo";"00:10:00";"SC";280;47;"GUARAMIRIM";"Manobra de mudança de faixa";"Colisão com objeto";"Com Vítimas Feridas";"Plena Noite";"Crescente";"Céu Claro";"Simples";"Aclive";"Não";1;0;1;0;0;0;1;1;-26,45353692;-48,917876;"SPRF-SC";"DEL03-SC";"UOP03-DEL03-SC"
493577;2022-12-18;"domingo";"07:00:00";"PE";101;50,1;"ABREU E LIMA";"Ingestão de álcool pelo condutor";"Colisão traseira";"Com Vítimas Feridas";"Pleno dia";"Crescente";"Céu Claro";"Múltipla";"Reta";"Sim";2;0;1;0;1;0;1;2;-7,910868;-34,90175;"SPRF-PE";"DEL01-PE";"UOP02-DEL01-PE"
493578;2022-12-17;"sábado";"18:30:00";"MT";364;267;"JACIARA";"Demais falhas mecânicas ou elétricas";"Incêndio";"Sem Vítimas";"Plena Noite";"Decrescente";"Nublado";"Dupla";"Reta";"Não";1;0;0;0;0;1;0;1;-15,9882532;-54,92679723;"SPRF-MT";"DEL02-MT";"UOP01-DEL02-MT"
493579;2022-12-17;"sábado";"20:20:00";"SP";381;87;"SAO PAULO";"Avarias e/ou desgaste excessivo no pneu";"Colisão com objeto";"Com Vítimas Feridas";"Plena Noite";"Decrescente";"Céu Claro";"Múltipla";"Reta";"Sim";1;0;1;0;0;0;1;1;-23,46885001;-46,56996601;"SPRF-SP";"DEL03-SP";"UOP01-DEL03-SP"
493580;2022-12-18;"domingo";"07:20:00";"MG";116;611,4;"SAO JOAO DO MANHUACU";"Velocidade Incompatível";"Saída de leito carroçável";"Com Vítimas Fatais";"Pleno dia";"Decrescente";"Céu Claro";"Simples";"Aclive;Curva";"Não";4;3;0;1;0;0;1;1;-20,4166611;-42,1529494;"SPRF-MG";"DEL07-MG";"UOP03-DEL07-MG"
493581;2022-12-18;"domingo";"06:55:00";"MS";163;619;"SAO GABRIEL DO OESTE";"Ingestão de álcool pelo condutor";"Tombamento";"Com Vítimas Feridas";"Amanhecer";"Decrescente";"Céu Claro";"Simples";"Reta";"Não";2;0;2;0;0;0;2;1;-19,3675021;-54,58492017;"SPRF-MS";"DEL06-MS";"UOP02-DEL06-MS"
493582;2022-12-18;"domingo";"04:00:00";"MT";163;570;"NOVA MUTUM";"Acostamento em desnível";"Saída de leito carroçável";"Com Vítimas Feridas";"Plena Noite";"Crescente";"Chuva";"Simples";"Reta";"Não";1;0;0;1;0;0;1;1;-14,16229605;-56,09222316;"SPRF-MT";"DEL01-MT";"UOP01-DEL01-MT"
493584;2022-12-18;"domingo";"07:20:00";"CE";116;153;"RUSSAS";"Ausência de reação do condutor";"Saída de leito carroçável";"Com Vítimas Feridas";"Pleno dia";"Decrescente";"Céu Claro";"Simples";"Reta";"Não";13;0;13;0;0;0;13;1;-4,86131177;-38,03359664;"SPRF-CE";"DEL03-CE";"UOP01-DEL03-CE"
493585;2022-12-18;"domingo";"07:00:00";"AL";104;42;"BRANQUINHA";"Demais falhas mecânicas ou elétricas";"Incêndio";"Sem Vítimas";"Pleno dia";"Decrescente";"Céu Claro";"Simples";"Curva";"Não";3;0;0;0;3;0;0;1;-9,2207017;-36,03125095;"SPRF-AL";"DEL01-AL";"UOP02-DEL01-AL"
493586;2022-12-18;"domingo";"07:15:00";"RJ";116;228;"PIRAI";"Ausência de reação do condutor";"Colisão com objeto";"Com Vítimas Feridas";"Pleno dia";"Decrescente";"Chuva";"Dupla";"Curva";"Não";2;0;1;0;1;0;1;1;-22,67858354;-43,83187766;"SPRF-RJ";"DEL07-RJ";"UOP01-DEL07-RJ"
493587;2022-12-18;"domingo";"08:30:00";"SP";116;161;"JACAREI";"Afundamento ou ondulação no pavimento";"Queda de ocupante de veículo";"Com Vítimas Feridas";"Pleno dia";"Crescente";"Céu Claro";"Dupla";"Reta";"Sim";2;0;1;0;0;1;1;2;-23,27617003;-45,97592098;"SPRF-SP";"DEL02-SP";"UOP01-DEL02-SP"
493588;2022-12-18;"domingo";"08:08:00";"GO";153;534;"HIDROLANDIA";"Velocidade Incompatível";"Saída de leito carroçável";"Sem Vítimas";"Pleno dia";"Crescente";"Céu Claro";"Dupla";"Reta";"Não";1;0;0;0;1;0;0;1;-17,0016;-49,2231;"SPRF-GO";"DEL01-GO";"UOP03-DEL01-GO"
493591;2022-12-18;"domingo";"06:30:00";"SC";282;222,8;"LAGES";"Velocidade Incompatível";"Saída de leito carroçável";"Sem Vítimas";"Pleno dia";"Decrescente";"Ignorado";"Simples";"Aclive;Curva";"Sim";1;0;0;0;0;1;0;1;-27,797739;-50,353409;"SPRF-SC";"DEL05-SC";"UOP01-DEL05-SC"
493592;2022-12-18;"domingo";"08:30:00";"MG";381;499,9;"BETIM";"Ausência de reação do condutor";"Saída de leito carroçável";"Sem Vítimas";"Pleno dia";"Crescente";"Céu Claro";"Dupla";"Reta";"Não";1;0;0;0;0;1;0;1;-20,01792651;-44,2261448;"SPRF-MG";"DEL01-MG";"UOP03-DEL01-MG"
493593;2022-12-18;"domingo";"07:40:00";"PA";316;247;"CACHOEIRA DO PIRIA";"Transitar na contramão";"Colisão frontal";"Com Vítimas Feridas";"Pleno dia";"Crescente";"Céu Claro";"Simples";"Reta";"Não";2;0;1;1;0;0;2;2;-1,76538552;-46,5376974;"SPRF-PA";"DEL01-PA";"UOP04-DEL01-PA"
493594;2022-12-18;"domingo";"07:00:00";"RS";392;26,3;"RIO GRANDE";"Condutor deixou de manter distância do veículo da frente";"Colisão traseira";"Com Vítimas Feridas";"Pleno dia";"Decrescente";"Nublado";"Dupla";"Curva";"Sim";5;0;2;0;3;0;2;2;-32,07835445;-52,25665029;"SPRF-RS";"DEL07-RS";"UOP02-DEL07-RS"
493595;2022-12-18;"domingo";"08:15:00";"RO";364;712;"PORTO VELHO";"Condutor deixou de manter distância do veículo da frente";"Tombamento";"Com Vítimas Feridas";"Pleno dia";"Crescente";"Céu Claro";"Simples";"Reta";"Sim";2;0;1;0;1;0;1;1;-8,7770354;-63,87316466;"SPRF-RO";"DEL01-RO";"UOP01-DEL01-RO"
493596;2022-12-18;"domingo";"08:30:00";"PR";376;616;"SAO JOSE DOS PINHAIS";"Condutor Dormindo";"Saída de leito carroçável";"Sem Vítimas";"Pleno dia";"Crescente";"Céu Claro";"Simples";"Reta";"Não";1;0;0;0;1;0;0;1;-25,57051095;-49,1835165;"SPRF-PR";"DEL01-PR";"UOP04-DEL01-PR"
493597;2022-12-02;"sexta-feira";"16:00:00";"PR";116;95,3;"SAO JOSE DOS PINHAIS";"Ausência de reação do condutor";"Colisão traseira";"Com Vítimas Feridas";"Pleno dia";"Crescente";"Céu Claro";"Dupla";"Reta";"Não";3;0;1;0;2;0;1;3;-25,52695205;-49,14030075;"SPRF-PR";"DEL01-PR";"UOP07-DEL01-PR"
493598;2022-12-18;"domingo";"09:00:00";"AL";101;194;"JUNQUEIRO";"Ausência de reação do condutor";"Queda de ocupante de veículo";"Com Vítimas Feridas";"Pleno dia";"Decrescente";"Céu Claro";"Dupla";"Desvio Temporário";"Não";1;0;1;0;0;0;1;1;-9,92466195;-36,47137449;"SPRF-AL";"DEL02-AL";"UOP02-DEL02-AL"
493599;2022-12-18;"domingo";"08:15:00";"PA";163;980;"SANTAREM";"Ingestão de álcool pelo condutor";"Colisão traseira";"Com Vítimas Feridas";"Pleno dia";"Crescente";"Céu Claro";"Simples";"Curva";"Não";2;0;1;0;1;0;1;2;-2,63482156;-54,74836014;"SPRF-PA";"DEL05-PA";"UOP01-DEL05-PA"
493600;2022-12-18;"domingo";"09:50:00";"RN";101;108;"PARNAMIRIM";"Condutor deixou de manter distância do veículo da frente";"Colisão traseira";"Com Vítimas Feridas";"Pleno dia";"Decrescente";"Céu Claro";"Dupla";"Reta";"Sim";2;0;1;0;1;0;1;2;-5,92825102;-35,26465683;"SPRF-RN";"DEL01-RN";"UOP01-DEL01-RN"
493601;2022-12-18;"domingo";"08:50:00";"GO";50;109;"CRISTALINA";"Acumulo de água sobre o pavimento";"Saída de leito carroçável";"Com Vítimas Feridas";"Pleno dia";"Crescente";"Garoa/Chuvisco";"Dupla";"Reta";"Não";4;0;3;0;1;0;3;1;-16,9309;-47,7117;"SPRF-DF";"DEL01-DF";"UOP02-DEL01-DF"
493602;2022-12-18;"domingo";"09:00:00";"MG";40;656,5;"CRISTIANO OTONI";"Chuva";"Colisão com objeto";"Com Vítimas Feridas";"Pleno dia";"Decrescente";"Chuva";"Dupla";"Curva";"Não";3;0;2;0;1;0;2;1;-20,87261896;-43,79985605;"SPRF-MG";"DEL05-MG";"UOP02-DEL05-MG"
493603;2022-12-18;"domingo";"09:25:00";"PE";101;34;"IGARASSU";"Reação tardia ou ineficiente do condutor";"Saída de leito carroçável";"Com Vítimas Feridas";"Pleno dia";"Decrescente";"Céu Claro";"Dupla";"Reta";"Não";1;0;1;0;0;0;1;1;-7,77092801;-34,93524623;"SPRF-PE";"DEL01-PE";"UOP02-DEL01-PE"
493604;2022-12-18;"domingo";"09:56:00";"RJ";101;561;"PARATY";"Chuva";"Colisão com objeto";"Com Vítimas Feridas";"Pleno dia";"Crescente";"Chuva";"Simples";"Reta";"Não";1;0;1;0;0;0;1;1;-23,12647338;-44,71031833;"SPRF-RJ";"DEL03-RJ";"UOP04-DEL03-RJ"
493605;2022-12-18;"domingo";"03:00:00";"SC";470;118,2;"IBIRAMA";"Animais na Pista";"Saída de leito carroçável";"Sem Vítimas";"Plena Noite";"Crescente";"Nublado";"Simples";"Curva";"Sim";1;0;0;0;1;0;0;1;-27,082176;-49,511818;"SPRF-SC";"DEL04-SC";"UOP02-DEL04-SC"
493606;2022-12-18;"domingo";"10:20:00";"PR";153;68;"CONSELHEIRO MAIRINCK";"Ingestão de álcool pelo condutor";"Saída de leito carroçável";"Com Vítimas Feridas";"Pleno dia";"Crescente";"Garoa/Chuvisco";"Simples";"Interseção de Vias";"Não";2;0;1;0;1;0;1;1;-23,51076056;-50,11270344;"SPRF-PR";"DEL07-PR";"UOP04-DEL07-PR"