"id";"data_inversa";"dia_semana";"horario";"uf";"br";"km";"municipio";"causa_acidente";"tipo_acidente";"classificacao_acidente";"fase_dia";"sentido_via";"condicao_metereologica";"tipo_pista";"tracado_via";"uso_solo";"pessoas";"mortos";"feridos_leves";"feridos_graves";"ilesos";"ignorados";"feridos";"veiculos";"latitude";"longitude";"regional";"delegacia";"uop"
493711;2022-12-18;"domingo";"17:50:00";"MG";116;275,7;"TEOFILO OTONI";"Reação tardia ou ineficiente do condutor";"Tombamento";"Com Vítimas Feridas";"Pleno dia";"Crescente";"Nublado";"Simples";"Reta";"Sim";2;0;1;0;1;0;1;1;-17,84761205;-41,51549935;"SPRF-MG";"DEL11-MG";"UOP01-DEL11-MG"
493712;2022-12-18;"domingo";"19:50:00";"RS";158;328,8;"SANTA MARIA";"Ingestão de álcool pelo condutor";"Saída de leito carroçável";"Sem Vítimas";"Plena Noite";"Decrescente";"Céu Claro";"Dupla";"Reta";"Não";1;0;0;0;1;0;0;1;-29,70439028;-53,83203149;"SPRF-RS";"DEL09-RS";"UOP01-DEL09-RS"
493716;2022-12-18;"domingo";"19:20:00";"SP";153;45,9;"ONDA VERDE";"Acessar a via sem observar a presença dos outros veículos";"Colisão transversal";"Com Vítimas Feridas";"Plena Noite";"Crescente";"Chuva";"Simples";"Reta";"Não";2;0;1;0;1;0;1;2;-20,66398299;-49,34086178;"SPRF-SP";"DEL09-SP";"UOP01-DEL09-SP"
493717;2022-12-18;"domingo";"19:03:00";"GO";153;510;"APARECIDA DE GOIANIA";"Acesso irregular";"Colisão transversal";"Com Vítimas Feridas";"Plena Noite";"Crescente";"Céu Claro";"Dupla";"Reta";"Sim";3;0;2;0;1;0;2;2;-16,7888;-49,2379;"SPRF-GO";"DEL01-GO";"UOP03-DEL01-GO"
493718;2022-12-18;"domingo";"19:55:00";"SP";381;20;"BRAGANCA PAULISTA";"Ausência de reação do condutor";"Saída de leito carroçável";"Com Vítimas Feridas";"Plena Noite";"Decrescente";"Céu Claro";"Dupla";"Declive";"Não";1;0;1;0;0;0;1;1;-22,98443766;-46,50352511;"SPRF-SP";"DEL03-SP";"UOP02-DEL03-SP"
493720;2022-12-18;"domingo";"18:35:00";"MA";10;321,3;"ACAILANDIA";"Ausência de reação do condutor";"Colisão com objeto";"Sem Vítimas";"Plena Noite";"Crescente";"Céu Claro";"Simples";"Reta";"Sim";1;0;0;0;1;0;0;1;-4,943377;-47,503078;"SPRF-MA";"DEL04-MA";"UOP03-DEL04-MA"
493721;2022-12-18;"domingo";"19:30:00";"RS";101;70,6;"OSORIO";"Chuva";"Colisão transversal";"Com Vítimas Feridas";"Plena Noite";"Decrescente";"Chuva";"Dupla";"Reta";"Não";6;0;1;0;5;0;1;2;-29,759604;-50,21723;"SPRF-RS";"DEL03-RS";"UOP01-DEL03-RS"
493722;2022-12-18;"domingo";"15:15:00";"RJ";40;94;"DUQUE DE CAXIAS";"Pista Escorregadia";"Colisão com objeto";"Com Vítimas Feridas";"Pleno dia";"Crescente";"Chuva";"Dupla";"Curva;Declive";"Não";2;0;1;0;1;0;1;1;-22,55763285;-43,26574352;"SPRF-RJ";"DEL01-RJ";"UOP01-DEL01-RJ"
493723;2022-12-18;"domingo";"20:00:00";"DF";20;15;"BRASILIA";"Ingestão de álcool pelo condutor";"Colisão lateral mesmo sentido";"Com Vítimas Feridas";"Plena Noite";"Crescente";"Nublado";"Múltipla";"Reta;Aclive";"Sim";4;0;1;0;3;0;1;2;-15,630189;-47,733288;"SPRF-DF";"DEL02-DF";"UOP01-DEL02-DF"
493724;2022-12-18;"domingo";"20:40:00";"RS";472;119,3;"BOA VISTA DO BURICA";"Deficiência do Sistema de Iluminação/Sinalização";"Colisão traseira";"Com Vítimas Fatais";"Plena Noite";"Decrescente";"Céu Claro";"Simples";"Reta;Ponte";"Não";4;1;2;1;0;0;3;2;-27,68990285;-54,14753973;"SPRF-RS";"DEL10-RS";"UOP01-DEL10-RS"
493726;2022-12-18;"domingo";"20:10:00";"MG";146;416;"MUZAMBINHO";"Transitar na contramão";"Colisão frontal";"Com Vítimas Fatais";"Plena Noite";"Decrescente";"Nublado";"Simples";"Reta";"Não";5;2;1;2;0;0;3;2;-21,347706;-46,542382;"SPRF-MG";"DEL09-MG";"UOP01-DEL09-MG"
493727;2022-12-18;"domingo";"16:20:00";"SC";470;155,3;"TROMBUDO CENTRAL";"Velocidade Incompatível";"Colisão lateral sentido oposto";"Sem Vítimas";"Pleno dia";"Decrescente";"Garoa/Chuvisco";"Simples";"Curva";"Não";2;0;0;0;2;0;0;2;-27,27644975;-49,74128723;"SPRF-SC";"DEL04-SC";"UOP02-DEL04-SC"
493728;2022-07-16;"sábado";"01:20:00";"PR";277;72;"SAO JOSE DOS PINHAIS";"Reação tardia ou ineficiente do condutor";"Saída de leito carroçável";"Com Vítimas Feridas";"Plena Noite";"Decrescente";"Céu Claro";"Dupla";"Reta";"Não";1;0;1;0;0;0;1;1;-25,5086895;-49,13441062;"SPRF-PR";"DEL01-PR";"UOP01-DEL01-PR"
493730;2022-12-18;"domingo";"19:20:00";"RO";319;59;"PORTO VELHO";"Ausência de reação do condutor";"Colisão transversal";"Sem Vítimas";"Plena Noite";"Crescente";"Céu Claro";"Dupla";"Interseção de Vias";"Sim";3;0;0;0;2;1;0;3;-8,74243789;-63,90264457;"SPRF-RO";"DEL01-RO";"UOP01-DEL01-RO"
493731;2022-12-18;"domingo";"17:00:00";"AC";317;369;"BRASILEIA";"Acessar a via sem observar a presença dos outros veículos";"Queda de ocupante de veículo";"Com Vítimas Fatais";"Plena Noite";"Decrescente";"Céu Claro";"Simples";"Reta";"Não";2;1;0;0;0;1;0;2;-10,81357428;-69,27792304;"SPRF-AC";"DEL01-AC";"UOP02-DEL01-AC"
493732;2022-12-18;"domingo";"19:40:00";"SC";470;141,6;"RIO DO SUL";"Velocidade Incompatível";"Colisão frontal";"Com Vítimas Feridas";"Plena Noite";"Crescente";"Chuva";"Simples";"Curva";"Não";3;0;2;0;1;0;2;2;-27,226065;-49,666161;"SPRF-SC";"DEL04-SC";"UOP02-DEL04-SC"
493733;2022-12-18;"domingo";"21:30:00";"GO";60;164;"GOIANIA";"Estacionar ou parar em local proibido";"Atropelamento de Pedestre";"Com Vítimas Feridas";"Plena Noite";"Crescente";"Nublado";"Dupla";"Reta";"Sim";2;0;0;2;0;0;2;2;-16,7036;-49,342;"SPRF-GO";"DEL01-GO";"UOP02-DEL01-GO"
493734;2022-12-18;"domingo";"22:00:00";"SC";101;298;"LAGUNA";"Transitar na contramão";"Colisão traseira";"Sem Vítimas";"Plena Noite";"Crescente";"Chuva";"Dupla";"Reta";"Não";3;0;0;0;3;0;0;2;-28,32102597;-48,72829906;"SPRF-SC";"DEL02-SC";"UOP03-DEL02-SC"
493736;2022-12-18;"domingo";"22:15:00";"RS";386;30;"FREDERICO WESTPHALEN";"Ingestão de álcool pelo condutor";"Saída de leito carroçável";"Com Vítimas Feridas";"Plena Noite";"Crescente";"Céu Claro";"Simples";"Reta";"Não";2;0;2;0;0;0;2;1;-27,327456;-53,376171;"SPRF-RS";"DEL08-RS";"UOP02-DEL08-RS"
493737;2022-12-18;"domingo";"19:25:00";"RO";319;51;"PORTO VELHO";"Mal súbito do condutor";"Saída de leito carroçável";"Com Vítimas Feridas";"Plena Noite";"Crescente";"Céu Claro";"Simples";"Reta;Declive";"Não";1;0;0;1;0;0;1;1;-8,72974196;-63,97199897;"SPRF-RO";"DEL01-RO";"UOP01-DEL01-RO"
493740;2022-12-18;"domingo";"20:30:00";"MT";158;579,2;"AGUA BOA";"Animais na Pista";"Atropelamento de Animal";"Sem Vítimas";"Plena Noite";"Crescente";"Nublado";"Simples";"Reta;Declive";"Não";1;0;0;0;1;0;0;1;-14,13813999;-52,19952661;"SPRF-MT";"DEL07-MT";"UOP02-DEL07-MT"
493741;2022-12-18;"domingo";"19:00:00";"MG";40;339,2;"FELIXLANDIA";"Acessar a via sem observar a presença dos outros veículos";"Colisão transversal";"Com Vítimas Feridas";"Anoitecer";"Decrescente";"Nublado";"Simples";"Reta";"Não";6;0;4;0;2;0;4;3;-18,65103007;-44,99950834;"SPRF-MG";"DEL14-MG";"UOP02-DEL14-MG"
493743;2022-12-18;"domingo";"22:31:00";"SC";101;28,3;"JOINVILLE";"Ingestão de álcool pelo condutor";"Saída de leito carroçável";"Com Vítimas Feridas";"Plena Noite";"Crescente";"Chuva";"Dupla";"Reta";"Não";1;0;1;0;0;0;1;1;-26,20697505;-48,91482635;"SPRF-SC";"DEL03-SC";"UOP01-DEL03-SC"
493745;2022-12-18;"domingo";"22:50:00";"PR";277;604,9;"SANTA TEREZA DO OESTE";"Ingestão de álcool pelo condutor";"Colisão lateral mesmo sentido";"Sem Vítimas";"Plena Noite";"Decrescente";"Céu Claro";"Simples";"Reta;Aclive";"Não";3;0;0;0;1;2;0;3;-25,02905699;-53,569607;"SPRF-PR";"DEL05-PR";"UOP02-DEL05-PR"
493746;2022-12-18;"domingo";"20:55:00";"GO";40;96;"CRISTALINA";"Ingestão de álcool pelo condutor";"Colisão com objeto";"Sem Vítimas";"Plena Noite";"Crescente";"Nublado";"Simples";"Reta;Declive";"Não";1;0;0;0;0;1;0;1;-16,76422246;-47,59617113;"SPRF-DF";"DEL01-DF";"UOP02-DEL01-DF"
493747;2022-12-18;"domingo";"23:30:00";"PE";232;274,8;"SERTANIA";"Ingestão de álcool pelo condutor";"Capotamento";"Sem Vítimas";"Plena Noite";"Decrescente";"Céu Claro";"Simples";"Reta";"Não";1;0;0;0;1;0;0;1;-8,38396122;-37,24935312;"SPRF-PE";"DEL04-PE";"UOP02-DEL04-PE"
493750;2022-12-18;"domingo";"22:50:00";"RJ";101;449;"MANGARATIBA";"Ausência de reação do condutor";"Queda de ocupante de veículo";"Com Vítimas Feridas";"Plena Noite";"Crescente";"Chuva";"Simples";"Reta";"Não";1;0;1;0;0;0;1;1;-23,01670937;-44,10952856;"SPRF-RJ";"DEL03-RJ";"UOP02-DEL03-RJ"
493751;2022-12-18;"domingo";"23:15:00";"RJ";393;286;"VOLTA REDONDA";"Pedestre andava na pista";"Atropelamento de Pedestre";"Com Vítimas Feridas";"Plena Noite";"Decrescente";"Céu Claro";"Dupla";"Reta";"Sim";4;0;1;0;3;0;1;2;-22,50948149;-44,08182085;"SPRF-RJ";"DEL05-RJ";"UOP04-DEL05-RJ"
493754;2022-12-19;"segunda-feira";"00:00:00";"PB";230;12;"CABEDELO";"Acessar a via sem observar a presença dos outros veículos";"Colisão lateral mesmo sentido";"Com Vítimas Feridas";"Plena Noite";"Decrescente";"Céu Claro";"Dupla";"Retorno Regulamentado;Reta";"Sim";3;0;2;0;1;0;2;2;-7,068;-34,85;"SPRF-PB";"DEL01-PB";"UOP01-DEL01-PB"
493755;2022-12-18;"domingo";"23:35:00";"PI";343;292,8;"ALTOS";"Manobra de mudança de faixa";"Colisão frontal";"Com Vítimas Fatais";"Plena Noite";"Crescente";"Céu Claro";"Simples";"Curva";"Sim";2;1;0;0;1;0;0;2;-4,957365;-42,361111;"SPRF-PI";"DEL01-PI";"UOP03-DEL01-PI"
493756;2022-12-18;"domingo";"20:30:00";"MT";364;686;"NOVA MARILANDIA";"Ingestão de álcool e/ou substâncias psicoativas pelo pedestre";"Saída de leito carroçável";"Com Vítimas Feridas";"Plena Noite";"Crescente";"Nublado";"Simples";"Rotatória";"Não";1;0;0;1;0;0;1;1;-14,164263;-57,110653;"SPRF-MT";"DEL01-MT";"UOP01-DEL01-MT"
493757;2022-12-19;"segunda-feira";"00:40:00";"SC";101;209,6;"SAO JOSE";"Demais falhas mecânicas ou elétricas";"Colisão lateral mesmo sentido";"Com Vítimas Feridas";"Plena Noite";"Decrescente";"Chuva";"Múltipla";"Reta";"Sim";3;0;3;0;0;0;3;2;-27,61000542;-48,63895057;"SPRF-SC";"DEL01-SC";"UOP01-DEL01-SC"
493758;2022-12-19;"segunda-feira";"01:10:00";"RJ";101;293;"ITABORAI";"Velocidade Incompatível";"Colisão com objeto";"Sem Vítimas";"Plena Noite";"Crescente";"Céu Claro";"Dupla";"Interseção de Vias";"Sim";1;0;0;0;0;1;0;1;-22,756203;-42,88724;"SPRF-RJ";"DEL02-RJ";"UOP02-DEL02-RJ"
493759;2022-12-19;"segunda-feira";"00:40:00";"MS";158;154;"APARECIDA DO TABOADO";"Velocidade Incompatível";"Saída de leito carroçável";"Sem Vítimas";"Plena Noite";"Decrescente";"Garoa/Chuvisco";"Simples";"Curva;Declive";"Não";1;0;0;0;0;1;0;1;-20,12573764;-51,19010925;"SPRF-MS";"DEL08-MS";"UOP01-DEL08-MS"
493760;2022-12-19;"segunda-feira";"01:50:00";"PR";369;146;"LONDRINA";"Deficiência do Sistema de Iluminação/Sinalização";"Colisão traseira";"Com Vítimas Feridas";"Plena Noite";"Decrescente";"Céu Claro";"Dupla";"Reta";"Sim";2;0;1;0;1;0;1;2;-23,293058;-51,126503;"SPRF-PR";"DEL07-PR";"UOP01-DEL07-PR"
493761;2022-12-18;"domingo";"23:30:00";"SC";280;148,8;"MAFRA";"Ausência de reação do condutor";"Saída de leito carroçável";"Com Vítimas Feridas";"Plena Noite";"Crescente";"Nublado";"Simples";"Reta";"Não";1;0;1;0;0;0;1;1;-26,24634098;-49,67612686;"SPRF-SC";"DEL06-SC";"UOP03-DEL06-SC"
493762;2022-12-19;"segunda-feira";"02:30:00";"MG";40;784,6;"JUIZ DE FORA";"Ausência de reação do condutor";"Saída de leito carroçável";"Com Vítimas Feridas";"Plena Noite";"Decrescente";"Nevoeiro/Neblina";"Dupla";"Curva";"Não";2;0;0;2;0;0;2;1;-21,71178893;-43,44743099;"SPRF-MG";"DEL05-MG";"UOP01-DEL05-MG"
493763;2022-12-19;"segunda-feira";"01:50:00";"BA";324;620;"SALVADOR";"Ingestão de álcool pelo condutor";"Colisão com objeto";"Sem Vítimas";"Plena Noite";"Decrescente";"Céu Claro";"Dupla";"Reta";"Sim";1;0;0;0;0;1;0;1;-12,90482172;-38,45556535;"SPRF-BA";"DEL01-BA";"UOP01-DEL01-BA"
493765;2022-12-18;"domingo";"22:00:00";"BA";324;588;"CANDEIAS";"Demais falhas mecânicas ou elétricas";"Incêndio";"Sem Vítimas";"Plena Noite";"Crescente";"Céu Claro";"Dupla";"Reta";"Não";1;0;0;0;1;0;0;1;-12,6556679;-38,47271864;"SPRF-BA";"DEL01-BA";"UOP01-DEL01-BA"
493766;2022-12-19;"segunda-feira";"04:20:00";"SP";116;216;"GUARULHOS";"Estacionar ou parar em local proibido";"Colisão traseira";"Com Vítimas Feridas";"Plena Noite";"Decrescente";"Céu Claro";"Múltipla";"Reta";"Sim";2;0;1;0;1;0;1;2;-23,45056589;-46,46258105;"SPRF-SP";"DEL01-SP";"UOP01-DEL01-SP"
493767;2022-12-18;"domingo";"17:30:00";"AP";156;189;"MAZAGAO";"Pista Escorregadia";"Saída de leito carroçável";"Sem Vítimas";"Pleno dia";"Crescente";"Chuva";"Simples";"Reta;Aclive";"Não";1;0;0;0;1;0;0;1;0,11648826;-51,620121;"SPRF-AP";"DEL01-AP";"UOP01-DEL01-AP"
493768;2022-12-18;"domingo";"18:00:00";"BA";407;124;"SENHOR DO BONFIM";"Condutor deixou de manter distância do veículo da frente";"Colisão traseira";"Sem Vítimas";"Pleno dia";"Decrescente";"Céu Claro";"Simples";"Reta";"Sim";2;0;0;0;2;0;0;2;-10,43896901;-40,18718133;"SPRF-BA";"DEL04-BA";"UOP01-DEL04-BA"
493769;2022-12-19;"segunda-feira";"04:00:00";"BA";324;615;"SALVADOR";"Velocidade Incompatível";"Colisão lateral mesmo sentido";"Sem Vítimas";"Plena Noite";"Crescente";"Céu Claro";"Dupla";"Reta";"Sim";2;0;0;0;0;2;0;2;-12,87206398;-38,42746403;"SPRF-BA";"DEL01-BA";"UOP01-DEL01-BA"
493770;2022-12-19;"segunda-feira";"05:55:00";"RS";116;525,9;"PELOTAS";"Ausência de reação do condutor";"Colisão transversal";"Com Vítimas Feridas";"Pleno dia";"Crescente";"Garoa/Chuvisco";"Múltipla";"Interseção de Vias;Rotatória";"Sim";2;0;1;0;0;1;1;2;-31,74307729;-52,39966642;"SPRF-RS";"DEL07-RS";"UOP01-DEL07-RS"
493775;2022-12-18;"domingo";"21:03:00";"PI";407;424;"PICOS";"Condutor deixou de manter distância do veículo da frente";"Tombamento";"Com Vítimas Feridas";"Plena Noite";"Crescente";"Céu Claro";"Simples";"Aclive;Reta";"Sim";1;0;1;0;0;0;1;1;-7,109835;-41,412784;"SPRF-PI";"DEL04-PI";"UOP01-DEL04-PI"
493776;2022-12-18;"domingo";"19:00:00";"PE";316;241,2;"BELEM DE SAO FRANCISCO";"Ingestão de álcool pelo condutor";"Capotamento";"Com Vítimas Feridas";"Plena Noite";"Decrescente";"Nublado";"Simples";"Reta";"Não";1;0;1;0;0;0;1;1;-8,64098209;-39,04306705;"SPRF-PE";"DEL05-PE";"UOP03-DEL05-PE"
493778;2022-12-19;"segunda-feira";"05:35:00";"RO";364;689;"CANDEIAS DO JAMARI";"Chuva";"Saída de leito carroçável";"Com Vítimas Feridas";"Amanhecer";"Decrescente";"Chuva";"Simples";"Reta";"Não";1;0;1;0;0;0;1;1;-8,794285;-63,668926;"SPRF-RO";"DEL01-RO";"UOP01-DEL01-RO"
493779;2022-12-19;"segunda-feira";"06:50:00";"SP";116;214;"GUARULHOS";"Reação tardia ou ineficiente do condutor";"Colisão transversal";"Com Vítimas Feridas";"Pleno dia";"Crescente";"Céu Claro";"Múltipla";"Reta";"Não";2;0;1;0;1;0;1;2;-23,44333014;-46,44531294;"SPRF-SP";"DEL01-SP";"UOP01-DEL01-SP"
493780;2022-12-18;"domingo";"21:40:00";"SP";153;275;"OCAUCU";"Reação tardia ou ineficiente do condutor";"Saída de leito carroçável";"Sem Vítimas";"Plena Noite";"Decrescente";"Céu Claro";"Simples";"Curva";"Não";1;0;0;0;1;0;0;1;-22,37058175;-49,86437769;"SPRF-SP";"DEL07-SP";"UOP02-DEL07-SP"
493782;2022-12-18;"domingo";"23:10:00";"SC";101;129;"BALNEARIO CAMBORIU";"Chuva";"Capotamento";"Sem Vítimas";"Plena Noite";"Decrescente";"Chuva";"Dupla";"Reta";"Não";3;0;0;0;3;0;0;1;-26,98064277;-48,6790679;"SPRF-SC";"DEL04-SC";"UOP03-DEL04-SC"
493783;2022-12-18;"domingo";"22:50:00";"PR";476;276;"SAO MATEUS DO SUL";"Ingestão de álcool e/ou substâncias psicoativas pelo pedestre";"Colisão transversal";"Com Vítimas Feridas";"Plena Noite";"Decrescente";"Chuva";"Simples";"Reta;Ponte";"Sim";2;0;2;0;0;0;2;2;-25,877428;-50,384377;"SPRF-PR";"DEL02-PR";"UOP03-DEL02-PR"
493785;2022-12-19;"segunda-feira";"04:32:00";"MS";262;443,9;"DOIS IRMAOS DO BURITI";"Restrição de visibilidade em curvas horizontais";"Capotamento";"Com Vítimas Feridas";"Plena Noite";"Crescente";"Céu Claro";"Dupla";"Curva";"Não";1;0;1;0;0;0;1;1;-20,52699281;-55,40120011;"SPRF-MS";"DEL03-MS";"UOP01-DEL03-MS"
493786;2022-12-19;"segunda-feira";"06:00:00";"RN";101;159;"CANGUARETAMA";"Condutor Dormindo";"Colisão com objeto";"Com Vítimas Feridas";"Pleno dia";"Decrescente";"Céu Claro";"Dupla";"Reta";"Não";1;0;1;0;0;0;1;1;-6,36312911;-35,15714218;"SPRF-RN";"DEL01-RN";"UOP01-DEL01-RN"
493787;2022-12-19;"segunda-feira";"07:55:00";"GO";153;491,6;"GOIANIA";"Desrespeitar a preferência no cruzamento";"Tombamento";"Com Vítimas Feridas";"Amanhecer";"Decrescente";"Céu Claro";"Múltipla";"Aclive;Interseção de Vias;Reta";"Sim";1;0;1;0;0;0;1;1;-16,63512368;-49,20490484;"SPRF-GO";"DEL01-GO";"UOP01-DEL01-GO"
493788;2022-12-19;"segunda-feira";"07:00:00";"GO";20;21,5;"FORMOSA";"Ausência de reação do condutor";"Saída de leito carroçável";"Sem Vítimas";"Pleno dia";"Decrescente";"Céu Claro";"Dupla";"Declive";"Não";1;0;0;0;0;1;0;1;-15,548405;-47,169384;"SPRF-DF";"DEL02-DF";"UOP02-DEL02-DF"
493790;2022-12-18;"domingo";"22:30:00";"RJ";101;13;"CAMPOS DOS GOYTACAZES";"Reação tardia ou ineficiente do condutor";"Saída de leito carroçável";"Com Vítimas Feridas";"Plena Noite";"Decrescente";"Chuva";"Simples";"Reta;Declive";"Não";1;0;1;0;0;0;1;1;-21,32422463;-41,3306571;"SPRF-RJ";"DEL08-RJ";"UOP01-DEL08-RJ"
493793;2022-12-19;"segunda-feira";"07:40:00";"PR";369;202;"APUCARANA";"Trafegar com motocicleta (ou similar) entre as faixas";"Colisão lateral mesmo sentido";"Com Vítimas Feridas";"Pleno dia";"Decrescente";"Céu Claro";"Simples";"Reta;Declive";"Sim";2;0;1;0;1;0;1;2;-23,54385497;-51,4544034;"SPRF-PR";"DEL07-PR";"UOP03-DEL07-PR"
493795;2022-12-19;"segunda-feira";"08:00:00";"MG";40;613,1;"CONGONHAS";"Curva acentuada";"Colisão traseira";"Com Vítimas Feridas";"Pleno dia";"Decrescente";"Garoa/Chuvisco";"Simples";"Curva";"Sim";2;0;1;0;1;0;1;2;-20,51043545;-43,84039195;"SPRF-MG";"DEL05-MG";"UOP02-DEL05-MG"
493796;2022-12-19;"segunda-feira";"07:25:00";"MS";163;722;"COXIM";"Acessar a via sem observar a presença dos outros veículos";"Colisão lateral mesmo sentido";"Com Vítimas Feridas";"Pleno dia";"Decrescente";"Nublado";"Simples";"Declive";"Não";4;0;1;0;3;0;1;2;-18,57649004;-54,76393093;"SPRF-MS";"DEL06-MS";"UOP01-DEL06-MS"
493797;2022-12-18;"domingo";"12:30:00";"RJ";116;231;"PIRAI";"Ausência de reação do condutor";"Capotamento";"Com Vítimas Feridas";"Pleno dia";"Decrescente";"Céu Claro";"Dupla";"Curva";"Não";1;0;1;0;0;0;1;1;-22,65223367;-43,82992389;"SPRF-RJ";"DEL07-RJ";"UOP01-DEL07-RJ"
493798;2022-12-19;"segunda-feira";"06:30:00";"RJ";101;387;"RIO DE JANEIRO";"Acessar a via sem observar a presença dos outros veículos";"Colisão transversal";"Com Vítimas Feridas";"Pleno dia";"Decrescente";"Nublado";"Dupla";"Reta";"Não";7;0;3;1;3;0;4;3;-22,88537839;-43,64965688;"SPRF-RJ";"DEL03-RJ";"UOP01-DEL03-RJ"
493800;2022-12-19;"segunda-feira";"08:17:00";"SP";116;206;"GUARULHOS";"Trafegar com motocicleta (ou similar) entre as faixas";"Colisão traseira";"Com Vítimas Feridas";"Pleno dia";"Crescente";"Céu Claro";"Múltipla";"Reta";"Sim";3;0;2;0;1;0;2;2;-23,41722629;-46,37510292;"SPRF-SP";"DEL01-SP";"UOP01-DEL01-SP"
493802;2022-09-30;"sexta-feira";"18:39:00";"PR";376;68;"GUAIRACA";"Afundamento ou ondulação no pavimento";"Queda de ocupante de veículo";"Com Vítimas Feridas";"Anoitecer";"Crescente";"Nublado";"Simples";"Reta";"Não";1;0;1;0;0;0;1;1;-22,9316779;-52,76773363;"SPRF-PR";"DEL09-PR";"UOP02-DEL09-PR"
493803;2022-12-19;"segunda-feira";"08:20:00";"RS";470;217;"BENTO GONCALVES";"Ausência de reação do condutor";"Tombamento";"Com Vítimas Feridas";"Pleno dia";"Decrescente";"Céu Claro";"Dupla";"Curva";"Sim";1;0;1;0;0;0;1;1;-29,16462512;-51,52551964;"SPRF-RS";"DEL06-RS";"UOP01-DEL06-RS"
493805;2022-12-19;"segunda-feira";"07:00:00";"MA";135;76,4;"SANTA RITA";"Reação tardia ou ineficiente do condutor";"Colisão lateral mesmo sentido";"Com Vítimas Feridas";"Amanhecer";"Decrescente";"Céu Claro";"Simples";"Reta";"Sim";2;0;1;0;1;0;1;2;-3,1892228;-44,35123236;"SPRF-MA";"DEL01-MA";"UOP02-DEL01-MA"
493808;2022-12-19;"segunda-feira";"01:30:00";"MA";222;474,5;"SANTA LUZIA";"Manobra de mudança de faixa";"Colisão frontal";"Com Vítimas Fatais";"Plena Noite";"Decrescente";"Céu Claro";"Simples";"Reta";"Não";2;1;0;0;1;0;0;2;-4,16871267;-46,09730408;"SPRF-MA";"DEL02-MA";"UOP01-DEL02-MA"
493809;2022-12-19;"segunda-feira";"09:00:00";"SC";101;333,7;"TUBARAO";"Desrespeitar a preferência no cruzamento";"Colisão transversal";"Com Vítimas Feridas";"Pleno dia";"Decrescente";"Chuva";"Simples";"Interseção de Vias";"Sim";2;0;1;0;1;0;1;2;-28,46976648;-49,01494503;"SPRF-SC";"DEL02-SC";"UOP01-DEL02-SC"
493810;2022-05-25;"quarta-feira";"19:30:00";"RS";116;302;"GUAIBA";"Acesso irregular";"Colisão transversal";"Sem Vítimas";"Plena Noite";"Crescente";"Céu Claro";"Dupla";"Reta";"Sim";3;0;0;0;3;0;0;2;-30,13970487;-51,35942618;"SPRF-RS";"DEL02-RS";"UOP01-DEL02-RS"
493811;2022-09-25;"domingo";"16:30:00";"RO";364;21;"VILHENA";"Ultrapassagem Indevida";"Colisão lateral mesmo sentido";"Com Vítimas Feridas";"Pleno dia";"Crescente";"Céu Claro";"Simples";"Reta";"Não";2;0;0;1;1;0;1;2;-12,72561241;-60,20197902;"SPRF-RO";"DEL04-RO";"UOP01-DEL04-RO"
493813;2022-12-19;"segunda-feira";"09:40:00";"MG";262;464,9;"ARAUJOS";"Reação tardia ou ineficiente do condutor";"Colisão traseira";"Com Vítimas Feridas";"Pleno dia";"Decrescente";"Chuva";"Simples";"Reta";"Não";3;0;3;0;0;0;3;2;-19,8117408;-45,10677395;"SPRF-MG";"DEL08-MG";"UOP03-DEL08-MG"
493814;2022-12-10;"sábado";"03:00:00";"PB";412;132,8;"MONTEIRO";"Ausência de reação do condutor";"Saída de leito carroçável";"Com Vítimas Fatais";"Plena Noite";"Crescente";"Ignorado";"Simples";"Reta";"Não";1;1;0;0;0;0;0;1;-7,82008;-37,042686;"SPRF-PB";"DEL02-PB";"UOP02-DEL02-PB"
493817;2022-12-19;"segunda-feira";"09:00:00";"GO";70;427;"ARAGARCAS";"Velocidade Incompatível";"Colisão com objeto";"Com Vítimas Feridas";"Pleno dia";"Decrescente";"Sol";"Simples";"Reta;Ponte;Declive";"Não";5;0;4;0;1;0;4;1;-15,8901797;-51,85304588;"SPRF-GO";"DEL04-GO";"UOP02-DEL04-GO"
493819;2022-12-19;"segunda-feira";"09:40:00";"PR";376;304,7;"MAUA DA SERRA";"Pista Escorregadia";"Saída de leito carroçável";"Com Vítimas Feridas";"Pleno dia";"Crescente";"Chuva";"Dupla";"Aclive;Curva";"Não";2;0;1;0;1;0;1;1;-23,93408095;-51,13534391;"SPRF-PR";"DEL07-PR";"UOP02-DEL07-PR"
493820;2022-12-19;"segunda-feira";"02:00:00";"MT";364;164,6;"PEDRA PRETA";"Avarias e/ou desgaste excessivo no pneu";"Saída de leito carroçável";"Sem Vítimas";"Plena Noite";"Decrescente";"Céu Claro";"Simples";"Reta";"Não";1;0;0;0;1;0;0;1;-16,68636802;-54,29037703;"SPRF-MT";"DEL02-MT";"UOP01-DEL02-MT"
493825;2022-12-19;"segunda-feira";"10:00:00";"RS";386;242;"SOLEDADE";"Condutor usando celular";"Colisão lateral sentido oposto";"Com Vítimas Feridas";"Pleno dia";"Decrescente";"Céu Claro";"Simples";"Curva";"Sim";3;0;1;0;2;0;1;2;-28,783474;-52,531105;"SPRF-RS";"DEL04-RS";"UOP03-DEL04-RS"