"id";"data_inversa";"dia_semana";"horario";"uf";"br";"km";"municipio";"causa_acidente";"tipo_acidente";"classificacao_acidente";"fase_dia";"sentido_via";"condicao_metereologica";"tipo_pista";"tracado_via";"uso_solo";"pessoas";"mortos";"feridos_leves";"feridos_graves";"ilesos";"ignorados";"feridos";"veiculos";"latitude";"longitude";"regional";"delegacia";"uop"
493945;2022-12-19;"segunda-feira";"23:22:00";"DF";70;9;"BRASILIA";"Desrespeitar a preferência no cruzamento";"Colisão traseira";"Sem Vítimas";"Plena Noite";"Decrescente";"Céu Claro";"Dupla";"Reta";"Não";2;0;0;0;2;0;0;2;-15,784615;-48,132023;"SPRF-DF";"DEL03-DF";"UOP02-DEL03-DF"
493962;2022-11-06;"domingo";"17:00:00";"RJ";393;238;"VASSOURAS";"Ausência de reação do condutor";"Colisão traseira";"Sem Vítimas";"Pleno dia";"Crescente";"Céu Claro";"Simples";"Reta";"Não";2;0;0;0;2;0;0;2;-22,40095658;-43,66442518;"SPRF-RJ";"DEL05-RJ";"UOP03-DEL05-RJ"
493963;2022-12-20;"terça-feira";"11:35:00";"DF";40;5;"BRASILIA";"Ausência de reação do condutor";"Saída de leito carroçável";"Com Vítimas Feridas";"Pleno dia";"Crescente";"Chuva";"Dupla";"Reta";"Sim";3;0;2;1;0;0;3;1;-16,020903;-47,980541;"SPRF-DF";"DEL01-DF";"UOP01-DEL01-DF"
493964;2022-12-20;"terça-feira";"06:00:00";"PB";427;37;"POMBAL";"Acessar a via sem observar a presença dos outros veículos";"Colisão transversal";"Com Vítimas Feridas";"Pleno dia";"Crescente";"Céu Claro";"Simples";"Reta";"Sim";2;0;0;1;0;1;1;2;-6,76405124;-37,78910384;"SPRF-PB";"DEL03-PB";"UOP02-DEL03-PB"
493965;2022-12-20;"terça-feira";"05:30:00";"DF";60;4;"BRASILIA";"Velocidade Incompatível";"Saída de leito carroçável";"Sem Vítimas";"Amanhecer";"Crescente";"Céu Claro";"Dupla";"Reta";"Sim";1;0;0;0;1;0;0;1;-15,892721;-48,095741;"SPRF-DF";"DEL03-DF";"UOP01-DEL03-DF"
493971;2022-12-20;"terça-feira";"11:10:00";"SC";280;55,1;"GUARAMIRIM";"Velocidade Incompatível";"Colisão traseira";"Com Vítimas Feridas";"Pleno dia";"Crescente";"Chuva";"Múltipla";"Viaduto";"Sim";3;0;3;0;0;0;3;2;-26,47584353;-48,9937858;"SPRF-SC";"DEL03-SC";"UOP03-DEL03-SC"
493972;2022-12-20;"terça-feira";"02:00:00";"SC";101;353;"JAGUARUNA";"Ausência de reação do condutor";"Saída de leito carroçável";"Com Vítimas Feridas";"Plena Noite";"Crescente";"Chuva";"Dupla";"Reta";"Não";1;0;0;1;0;0;1;1;-28,62156;-49,07517;"SPRF-SC";"DEL02-SC";"UOP01-DEL02-SC"
493973;2022-12-20;"terça-feira";"09:30:00";"PI";343;591;"FLORIANO";"Reação tardia ou ineficiente do condutor";"Colisão traseira";"Com Vítimas Feridas";"Pleno dia";"Crescente";"Céu Claro";"Dupla";"Reta";"Sim";2;0;1;0;1;0;1;2;-6,78387683;-43,01770991;"SPRF-PI";"DEL03-PI";"UOP01-DEL03-PI"
493974;2022-12-20;"terça-feira";"05:40:00";"PE";101;47;"IGARASSU";"Manobra de mudança de faixa";"Colisão lateral mesmo sentido";"Com Vítimas Feridas";"Amanhecer";"Crescente";"Céu Claro";"Dupla";"Reta";"Sim";2;0;0;1;0;1;1;2;-7,88290701;-34,90461208;"SPRF-PE";"DEL01-PE";"UOP02-DEL01-PE"
493977;2022-12-20;"terça-feira";"09:30:00";"MG";381;500;"BETIM";"Ausência de reação do condutor";"Saída de leito carroçável";"Com Vítimas Feridas";"Pleno dia";"Decrescente";"Chuva";"Dupla";"Reta";"Não";1;0;1;0;0;0;1;1;-19,99786998;-44,20898438;"SPRF-MG";"DEL01-MG";"UOP03-DEL01-MG"
493978;2022-12-20;"terça-feira";"09:25:00";"MS";262;418;"TERENOS";"Condutor Dormindo";"Saída de leito carroçável";"Com Vítimas Feridas";"Pleno dia";"Decrescente";"Céu Claro";"Simples";"Reta";"Não";1;0;1;0;0;0;1;1;-20,46031882;-55,18737209;"SPRF-MS";"DEL01-MS";"UOP03-DEL01-MS"
493979;2022-12-20;"terça-feira";"09:15:00";"PB";230;20;"JOAO PESSOA";"Reação tardia ou ineficiente do condutor";"Colisão lateral mesmo sentido";"Com Vítimas Feridas";"Pleno dia";"Decrescente";"Céu Claro";"Dupla";"Reta";"Sim";2;0;1;0;1;0;1;2;-7,1337;-34,8544;"SPRF-PB";"DEL01-PB";"UOP01-DEL01-PB"
493980;2022-12-20;"terça-feira";"13:20:00";"SP";116;207,5;"GUARULHOS";"Reação tardia ou ineficiente do condutor";"Engavetamento";"Com Vítimas Feridas";"Pleno dia";"Crescente";"Garoa/Chuvisco";"Múltipla";"Reta";"Sim";3;0;1;0;2;0;1;3;-23,41972188;-46,38419203;"SPRF-SP";"DEL01-SP";"UOP01-DEL01-SP"
493981;2022-12-20;"terça-feira";"10:20:00";"PB";230;260;"JUNCO DO SERIDO";"Ultrapassagem Indevida";"Colisão lateral mesmo sentido";"Com Vítimas Feridas";"Pleno dia";"Crescente";"Céu Claro";"Simples";"Reta";"Não";3;0;2;0;1;0;2;2;-7,0033;-36,7061;"SPRF-PB";"DEL03-PB";"UOP01-DEL03-PB"
493982;2022-12-20;"terça-feira";"11:10:00";"PB";230;477;"MARIZOPOLIS";"Manobra de mudança de faixa";"Colisão frontal";"Com Vítimas Feridas";"Pleno dia";"Crescente";"Céu Claro";"Simples";"Aclive;Reta";"Não";2;0;0;1;0;1;1;2;-6,842919;-38,327498;"SPRF-PB";"DEL03-PB";"UOP03-DEL03-PB"
493985;2022-12-20;"terça-feira";"10:00:00";"RJ";40;1;"COMENDADOR LEVY GASPARIAN";"Chuva";"Saída de leito carroçável";"Com Vítimas Feridas";"Pleno dia";"Decrescente";"Chuva";"Dupla";"Curva";"Não";2;0;1;0;1;0;1;1;-22,01067195;-43,25892193;"SPRF-RJ";"DEL05-RJ";"UOP02-DEL05-RJ"
493986;2022-12-20;"terça-feira";"13:30:00";"MG";365;635;"UBERLANDIA";"Chuva";"Colisão traseira";"Sem Vítimas";"Pleno dia";"Crescente";"Chuva";"Dupla";"Reta;Retorno Regulamentado";"Não";6;0;0;0;6;0;0;2;-18,89262095;-48,41859299;"SPRF-MG";"DEL15-MG";"UOP01-DEL15-MG"
493987;2022-12-20;"terça-feira";"09:30:00";"RJ";40;78;"PETROPOLIS";"Pista Escorregadia";"Capotamento";"Com Vítimas Feridas";"Pleno dia";"Crescente";"Chuva";"Dupla";"Curva";"Não";4;0;1;0;3;0;1;1;-22,48485874;-43,22843406;"SPRF-RJ";"DEL06-RJ";"UOP01-DEL06-RJ"
493988;2022-05-23;"segunda-feira";"03:00:00";"PR";277;160;"PORTO AMAZONAS";"Reação tardia ou ineficiente do condutor";"Saída de leito carroçável";"Sem Vítimas";"Plena Noite";"Crescente";"Nublado";"Simples";"Reta";"Não";1;0;0;0;1;0;0;1;-25,47289;-49,895964;"SPRF-PR";"DEL03-PR";"UOP03-DEL03-PR"
493990;2022-12-15;"quinta-feira";"07:00:00";"SC";101;106;"PENHA";"Ausência de reação do condutor";"Queda de ocupante de veículo";"Com Vítimas Feridas";"Pleno dia";"Crescente";"Céu Claro";"Dupla";"Reta";"Não";1;0;1;0;0;0;1;1;-26,81031601;-48,68293896;"SPRF-SC";"DEL03-SC";"UOP02-DEL03-SC"
493991;2022-12-20;"terça-feira";"07:05:00";"RS";116;528;"CAPAO DO LEAO";"Ausência de reação do condutor";"Saída de leito carroçável";"Sem Vítimas";"Pleno dia";"Crescente";"Garoa/Chuvisco";"Simples";"Reta";"Sim";1;0;0;0;1;0;0;1;-31,75074207;-52,41851397;"SPRF-RS";"DEL07-RS";"UOP01-DEL07-RS"
493993;2022-12-17;"sábado";"03:55:00";"PI";343;0,6;"TERESINA";"Reação tardia ou ineficiente do condutor";"Colisão com objeto";"Sem Vítimas";"Plena Noite";"Decrescente";"Céu Claro";"Dupla";"Reta;Aclive";"Sim";1;0;0;0;0;1;0;1;-5,056642;-42,6841383;"SPRF-PI";"DEL05-PI";"UOP01-DEL05-PI"
493994;2022-12-20;"terça-feira";"13:30:00";"MT";364;260;"JUSCIMEIRA";"Ausência de reação do condutor";"Tombamento";"Com Vítimas Feridas";"Pleno dia";"Decrescente";"Céu Claro";"Dupla";"Curva";"Não";1;0;1;0;0;0;1;1;-16,04010381;-54,89074656;"SPRF-MT";"DEL02-MT";"UOP01-DEL02-MT"
493998;2022-06-19;"domingo";"23:30:00";"PR";277;83;"CURITIBA";"Reação tardia ou ineficiente do condutor";"Colisão traseira";"Com Vítimas Feridas";"Plena Noite";"Decrescente";"Céu Claro";"Múltipla";"Reta";"Sim";2;0;0;1;0;1;1;2;-25,44678852;-49,23079312;"SPRF-PR";"DEL01-PR";"UOP01-DEL01-PR"
494002;2022-12-20;"terça-feira";"09:40:00";"RS";290;16,2;"SANTO ANTONIO DA PATRULHA";"Ausência de reação do condutor";"Colisão com objeto";"Com Vítimas Feridas";"Pleno dia";"Crescente";"Nublado";"Dupla";"Reta";"Não";1;0;1;0;0;0;1;1;-29,871126;-50,418049;"SPRF-RS";"DEL03-RS";"UOP01-DEL03-RS"
494006;2022-12-20;"terça-feira";"08:10:00";"PR";277;71;"SAO JOSE DOS PINHAIS";"Falta de elemento de contenção que evite a saída do leito carroçável";"Saída de leito carroçável";"Sem Vítimas";"Pleno dia";"Crescente";"Chuva";"Dupla";"Reta";"Sim";1;0;0;0;1;0;0;1;-25,50931103;-49,13281202;"SPRF-PR";"DEL01-PR";"UOP01-DEL01-PR"
494009;2022-12-20;"terça-feira";"14:50:00";"RJ";101;196;"CASIMIRO DE ABREU";"Chuva";"Colisão com objeto";"Com Vítimas Feridas";"Pleno dia";"Crescente";"Garoa/Chuvisco";"Dupla";"Curva";"Não";3;0;1;0;2;0;1;1;-22,49207101;-42,10926701;"SPRF-RJ";"DEL08-RJ";"UOP04-DEL08-RJ"
494010;2022-11-27;"domingo";"04:01:00";"PI";343;592;"FLORIANO";"Pedestre andava na pista";"Atropelamento de Pedestre";"Com Vítimas Feridas";"Plena Noite";"Crescente";"Céu Claro";"Simples";"Reta";"Sim";2;0;0;1;0;1;1;2;-6,777731;-43,031559;"SPRF-PI";"DEL03-PI";"UOP01-DEL03-PI"
494012;2022-12-20;"terça-feira";"13:20:00";"PE";232;29;"MORENO";"Ausência de reação do condutor";"Saída de leito carroçável";"Com Vítimas Feridas";"Pleno dia";"Crescente";"Sol";"Dupla";"Curva";"Não";1;0;1;0;0;0;1;1;-8,10506572;-35,16100451;"SPRF-PE";"DEL01-PE";"UOP01-DEL01-PE"
494013;2022-12-20;"terça-feira";"13:40:00";"PB";230;2;"CABEDELO";"Reação tardia ou ineficiente do condutor";"Tombamento";"Com Vítimas Feridas";"Pleno dia";"Crescente";"Céu Claro";"Dupla";"Reta";"Sim";4;0;2;0;0;2;2;2;-6,98466037;-34,82906342;"SPRF-PB";"DEL01-PB";"UOP01-DEL01-PB"
494014;2022-12-20;"terça-feira";"13:50:00";"PB";230;2;"CABEDELO";"Reação tardia ou ineficiente do condutor";"Tombamento";"Com Vítimas Feridas";"Pleno dia";"Crescente";"Céu Claro";"Dupla";"Reta;Retorno Regulamentado";"Sim";2;0;0;2;0;0;2;1;-6,98474223;-34,82925531;"SPRF-PB";"DEL01-PB";"UOP01-DEL01-PB"
494016;2022-12-19;"segunda-feira";"15:00:00";"MT";158;681;"NOVA XAVANTINA";"Chuva";"Saída de leito carroçável";"Com Vítimas Feridas";"Pleno dia";"Crescente";"Chuva";"Simples";"Reta";"Não";2;0;1;1;0;0;2;1;-14,896073;-52,27961402;"SPRF-MT";"DEL07-MT";"UOP01-DEL07-MT"
494017;2022-12-20;"terça-feira";"14:00:00";"MG";459;98;"POUSO ALEGRE";"Acessar a via sem observar a presença dos outros veículos";"Colisão traseira";"Com Vítimas Feridas";"Pleno dia";"Crescente";"Céu Claro";"Dupla";"Retorno Regulamentado;Reta";"Sim";2;0;1;0;1;0;1;2;-22,202055;-45,960964;"SPRF-MG";"DEL16-MG";"UOP01-DEL16-MG"
494019;2022-12-15;"quinta-feira";"00:40:00";"MS";163;226;"CAARAPO";"Animais na Pista";"Atropelamento de Animal";"Com Vítimas Feridas";"Plena Noite";"Decrescente";"Céu Claro";"Simples";"Reta";"Não";1;0;1;0;0;0;1;1;-22,49126221;-54,86553448;"SPRF-MS";"DEL04-MS";"UOP02-DEL04-MS"
494020;2022-12-20;"terça-feira";"08:10:00";"RO";364;233;"CACOAL";"Reação tardia ou ineficiente do condutor";"Colisão com objeto";"Com Vítimas Feridas";"Pleno dia";"Crescente";"Céu Claro";"Simples";"Aclive;Reta";"Não";2;0;0;1;1;0;1;1;-11,46104613;-61,41546107;"SPRF-RO";"DEL02-RO";"UOP02-DEL02-RO"
494024;2022-12-20;"terça-feira";"07:45:00";"ES";101;294;"CARIACICA";"Trafegar com motocicleta (ou similar) entre as faixas";"Colisão lateral mesmo sentido";"Com Vítimas Feridas";"Pleno dia";"Decrescente";"Céu Claro";"Simples";"Reta";"Sim";2;0;1;0;1;0;1;2;-20,32415948;-40,3952903;"SPRF-ES";"DEL01-ES";"UOP01-DEL01-ES"
494025;2022-12-20;"terça-feira";"13:20:00";"SC";280;117,5;"SAO BENTO DO SUL";"Pista Escorregadia";"Saída de leito carroçável";"Com Vítimas Feridas";"Pleno dia";"Decrescente";"Garoa/Chuvisco";"Simples";"Curva";"Não";1;0;0;1;0;0;1;1;-26,26364099;-49,43738222;"SPRF-SC";"DEL06-SC";"UOP03-DEL06-SC"
494026;2022-12-20;"terça-feira";"14:45:00";"GO";153;442,8;"ANAPOLIS";"Ingestão de álcool pelo condutor";"Colisão traseira";"Sem Vítimas";"Pleno dia";"Decrescente";"Garoa/Chuvisco";"Dupla";"Rotatória";"Sim";2;0;0;0;2;0;0;2;-16,353623;-48,928527;"SPRF-GO";"DEL02-GO";"UOP01-DEL02-GO"
494027;2022-12-20;"terça-feira";"10:30:00";"MG";40;825;"SIMAO PEREIRA";"Velocidade Incompatível";"Saída de leito carroçável";"Com Vítimas Feridas";"Pleno dia";"Crescente";"Chuva";"Dupla";"Curva";"Não";2;0;1;0;1;0;1;1;-21,9735272;-43,28541842;"SPRF-MG";"DEL05-MG";"UOP01-DEL05-MG"
494028;2022-12-20;"terça-feira";"15:25:00";"MT";163;833;"SINOP";"Condutor deixou de manter distância do veículo da frente";"Colisão traseira";"Sem Vítimas";"Pleno dia";"Decrescente";"Nublado";"Dupla";"Retorno Regulamentado";"Sim";3;0;0;0;3;0;0;2;-11,871924;-55,498216;"SPRF-MT";"DEL06-MT";"NPF/DEL06-MT"
494029;2022-12-20;"terça-feira";"10:25:00";"RO";364;233;"CACOAL";"Condutor deixou de manter distância do veículo da frente";"Colisão traseira";"Sem Vítimas";"Pleno dia";"Decrescente";"Céu Claro";"Simples";"Reta";"Não";2;0;0;0;2;0;0;2;-11,46120361;-61,41518354;"SPRF-RO";"DEL02-RO";"UOP02-DEL02-RO"
494030;2022-12-20;"terça-feira";"06:45:00";"RS";285;496;"ENTRE-IJUIS";"Reação tardia ou ineficiente do condutor";"Colisão com objeto";"Com Vítimas Feridas";"Pleno dia";"Decrescente";"Sol";"Simples";"Rotatória";"Não";2;0;1;1;0;0;2;1;-28,37823303;-54,26181793;"SPRF-RS";"DEL10-RS";"UOP01-DEL10-RS"
494031;2022-12-20;"terça-feira";"15:00:00";"PE";232;264;"SERTANIA";"Conversão proibida";"Colisão lateral sentido oposto";"Com Vítimas Feridas";"Pleno dia";"Crescente";"Céu Claro";"Simples";"Reta";"Não";5;0;2;0;3;0;2;2;-8,40910972;-37,16489198;"SPRF-PE";"DEL04-PE";"UOP02-DEL04-PE"
494032;2022-12-20;"terça-feira";"06:30:00";"MG";381;753,2;"TRES CORACOES";"Velocidade Incompatível";"Saída de leito carroçável";"Com Vítimas Feridas";"Amanhecer";"Crescente";"Chuva";"Dupla";"Curva";"Sim";1;0;1;0;0;0;1;1;-21,67856574;-45,34113742;"SPRF-MG";"DEL16-MG";"UOP02-DEL16-MG"
494034;2022-12-20;"terça-feira";"16:45:00";"ES";101;296,3;"CARIACICA";"Manobra de mudança de faixa";"Colisão lateral mesmo sentido";"Com Vítimas Feridas";"Pleno dia";"Decrescente";"Garoa/Chuvisco";"Dupla";"Reta;Interseção de Vias";"Sim";2;0;1;0;1;0;1;2;-20,34029997;-40,40405712;"SPRF-ES";"DEL01-ES";"UOP01-DEL01-ES"
494035;2022-12-20;"terça-feira";"01:30:00";"MG";365;372,5;"PATOS DE MINAS";"Velocidade Incompatível";"Saída de leito carroçável";"Com Vítimas Fatais";"Plena Noite";"Decrescente";"Chuva";"Simples";"Curva;Declive";"Não";40;1;16;7;16;0;23;1;-18,54643667;-46,20764667;"SPRF-MG";"DEL10-MG";"UOP01-DEL10-MG"
494036;2022-12-20;"terça-feira";"09:20:00";"RS";116;249;"SAO LEOPOLDO";"Condutor Dormindo";"Capotamento";"Sem Vítimas";"Pleno dia";"Decrescente";"Céu Claro";"Dupla";"Reta";"Sim";4;0;0;0;4;0;0;1;-29,78403332;-51,1617583;"SPRF-RS";"DEL01-RS";"UOP02-DEL01-RS"
494038;2022-12-19;"segunda-feira";"23:30:00";"ES";101;188,1;"ARACRUZ";"Ausência de reação do condutor";"Colisão com objeto";"Com Vítimas Feridas";"Plena Noite";"Decrescente";"Chuva";"Simples";"Interseção de Vias;Curva";"Não";4;0;0;3;0;1;3;2;-19,67569037;-40,26368893;"SPRF-ES";"DEL04-ES";"UOP01-DEL04-ES"
494039;2022-12-19;"segunda-feira";"19:30:00";"RJ";116;306;"RESENDE";"Pedestre andava na pista";"Atropelamento de Pedestre";"Com Vítimas Fatais";"Plena Noite";"Decrescente";"Chuva";"Dupla";"Reta";"Sim";2;1;0;0;1;0;0;2;-22,45556378;-44,39484179;"SPRF-RJ";"DEL07-RJ";"UOP02-DEL07-RJ"
494041;2022-12-20;"terça-feira";"16:33:00";"AL";316;258;"PILAR";"Ausência de reação do condutor";"Colisão traseira";"Sem Vítimas";"Pleno dia";"Decrescente";"Céu Claro";"Simples";"Reta";"Não";2;0;0;0;2;0;0;2;-9,59138313;-35,923087;"SPRF-AL";"DEL02-AL";"UOP01-DEL02-AL"
494042;2022-12-20;"terça-feira";"16:35:00";"RJ";101;72;"CAMPOS DOS GOYTACAZES";"Reação tardia ou ineficiente do condutor";"Colisão traseira";"Com Vítimas Feridas";"Pleno dia";"Decrescente";"Garoa/Chuvisco";"Simples";"Reta";"Não";3;0;1;0;2;0;1;2;-21,79873116;-41,39393276;"SPRF-RJ";"DEL08-RJ";"UOP02-DEL08-RJ"
494043;2022-12-20;"terça-feira";"16:50:00";"MG";381;855;"POUSO ALEGRE";"Ausência de reação do condutor";"Colisão com objeto";"Com Vítimas Feridas";"Pleno dia";"Decrescente";"Chuva";"Dupla";"Reta";"Não";5;0;4;0;1;0;4;1;-22,32218405;-45,90735795;"SPRF-MG";"DEL16-MG";"UOP01-DEL16-MG"
494044;2022-12-20;"terça-feira";"15:30:00";"PE";316;276;"BELEM DE SAO FRANCISCO";"Pista esburacada";"Saída de leito carroçável";"Com Vítimas Feridas";"Pleno dia";"Decrescente";"Céu Claro";"Simples";"Reta";"Não";4;0;1;0;3;0;1;1;-8,68360279;-38,80988507;"SPRF-PE";"DEL04-PE";"UOP03-DEL04-PE"
494045;2022-12-20;"terça-feira";"17:22:00";"ES";101;301;"VIANA";"Condutor deixou de manter distância do veículo da frente";"Colisão traseira";"Com Vítimas Feridas";"Anoitecer";"Decrescente";"Nublado";"Múltipla";"Reta";"Sim";2;0;1;0;1;0;1;2;-20,36278187;-40,4401343;"SPRF-ES";"DEL01-ES";"UOP01-DEL01-ES"
494046;2022-12-20;"terça-feira";"17:00:00";"SP";116;280;"ITAPECERICA DA SERRA";"Trafegar com motocicleta (ou similar) entre as faixas";"Queda de ocupante de veículo";"Com Vítimas Feridas";"Pleno dia";"Crescente";"Chuva";"Dupla";"Reta;Declive";"Sim";1;0;1;0;0;0;1;1;-23,66996108;-46,85590758;"SPRF-SP";"DEL04-SP";"UOP01-DEL04-SP"
494047;2022-12-20;"terça-feira";"17:50:00";"PR";373;175;"PONTA GROSSA";"Ausência de reação do condutor";"Colisão traseira";"Sem Vítimas";"Anoitecer";"Crescente";"Céu Claro";"Dupla";"Reta";"Sim";3;0;0;0;3;0;0;2;-25,06728094;-50,21211882;"SPRF-PR";"DEL03-PR";"UOP01-DEL03-PR"
494048;2022-12-20;"terça-feira";"17:30:00";"RJ";101;90,9;"CAMPOS DOS GOYTACAZES";"Avarias e/ou desgaste excessivo no pneu";"Saída de leito carroçável";"Com Vítimas Feridas";"Anoitecer";"Decrescente";"Chuva";"Dupla";"Reta";"Não";5;0;1;0;4;0;1;1;-21,8435826714;-41,5174554661;"SPRF-RJ";"DEL08-RJ";"UOP02-DEL08-RJ"
494049;2022-12-20;"terça-feira";"15:10:00";"SP";101;47;"UBATUBA";"Retorno proibido";"Colisão transversal";"Com Vítimas Feridas";"Pleno dia";"Crescente";"Nublado";"Simples";"Reta";"Não";2;0;1;0;1;0;1;2;-23,429897;-45,082436;"SPRF-SP";"DEL06-SP";"UOP01-DEL06-SP"
494050;2022-12-20;"terça-feira";"17:23:00";"PE";428;185,5;"PETROLINA";"Acessar a via sem observar a presença dos outros veículos";"Colisão lateral mesmo sentido";"Com Vítimas Feridas";"Pleno dia";"Decrescente";"Sol";"Dupla";"Retorno Regulamentado";"Sim";2;0;1;0;1;0;1;2;-9,34009199;-40,47032001;"SPRF-PE";"DEL06-PE";"UOP01-DEL06-PE"
494051;2022-12-20;"terça-feira";"15:00:00";"RJ";40;121;"DUQUE DE CAXIAS";"Trafegar com motocicleta (ou similar) entre as faixas";"Colisão lateral mesmo sentido";"Com Vítimas Feridas";"Pleno dia";"Decrescente";"Nublado";"Dupla";"Reta";"Não";2;0;1;0;1;0;1;2;-22,78185499;-43,28571273;"SPRF-RJ";"DEL01-RJ";"UOP01-DEL01-RJ"
494053;2022-12-20;"terça-feira";"16:30:00";"PR";153;42;"SANTO ANTONIO DA PLATINA";"Acessar a via sem observar a presença dos outros veículos";"Colisão transversal";"Com Vítimas Feridas";"Pleno dia";"Decrescente";"Céu Claro";"Simples";"Reta";"Não";2;0;1;0;1;0;1;2;-23,287931;-50,059216;"SPRF-PR";"DEL07-PR";"UOP04-DEL07-PR"
494054;2022-12-20;"terça-feira";"18:20:00";"RS";116;252;"SAPUCAIA DO SUL";"Condutor deixou de manter distância do veículo da frente";"Colisão lateral mesmo sentido";"Com Vítimas Feridas";"Pleno dia";"Decrescente";"Céu Claro";"Dupla";"Reta";"Não";2;0;1;0;1;0;1;2;-29,802704;-51,165955;"SPRF-RS";"DEL01-RS";"UOP02-DEL01-RS"
494055;2022-12-20;"terça-feira";"17:00:00";"GO";153;508,3;"APARECIDA DE GOIANIA";"Condutor deixou de manter distância do veículo da frente";"Colisão traseira";"Com Vítimas Feridas";"Pleno dia";"Decrescente";"Chuva";"Dupla";"Reta";"Sim";4;0;0;2;2;0;2;3;-16,7804;-49,2371;"SPRF-GO";"DEL01-GO";"UOP03-DEL01-GO"
494056;2022-12-20;"terça-feira";"14:15:00";"RS";285;105,4;"VACARIA";"Desrespeitar a preferência no cruzamento";"Colisão transversal";"Com Vítimas Feridas";"Pleno dia";"Decrescente";"Céu Claro";"Simples";"Interseção de Vias";"Não";5;0;3;0;2;0;3;2;-28,537363;-50,795486;"SPRF-RS";"DEL05-RS";"UOP03-DEL05-RS"
494058;2022-12-20;"terça-feira";"18:00:00";"PE";232;4,3;"RECIFE";"Acostamento em desnível";"Saída de leito carroçável";"Com Vítimas Feridas";"Plena Noite";"Crescente";"Céu Claro";"Múltipla";"Curva";"Sim";1;0;1;0;0;0;1;1;-8,05951606;-34,94581024;"SPRF-PE";"DEL01-PE";"UOP01-DEL01-PE"
494059;2022-12-20;"terça-feira";"18:00:00";"BA";415;23;"ILHEUS";"Demais falhas mecânicas ou elétricas";"Colisão com objeto";"Com Vítimas Feridas";"Anoitecer";"Crescente";"Céu Claro";"Simples";"Reta";"Não";2;0;1;0;1;0;1;2;-14,79917727;-39,16497231;"SPRF-BA";"DEL05-BA";"UOP01-DEL05-BA"
494060;2022-12-20;"terça-feira";"17:00:00";"MG";365;681;"MONTE ALEGRE DE MINAS";"Chuva";"Capotamento";"Com Vítimas Feridas";"Pleno dia";"Decrescente";"Chuva";"Dupla";"Curva";"Não";2;0;1;0;1;0;1;1;-18,8497713;-48,82855398;"SPRF-MG";"DEL15-MG";"UOP01-DEL15-MG"
494061;2022-12-20;"terça-feira";"17:46:00";"MA";10;257,7;"IMPERATRIZ";"Conversão proibida";"Colisão transversal";"Com Vítimas Feridas";"Pleno dia";"Decrescente";"Céu Claro";"Simples";"Reta";"Sim";2;0;1;0;1;0;1;2;-5,490634;-47,471973;"SPRF-MA";"DEL04-MA";"UOP01-DEL04-MA"
494062;2022-12-20;"terça-feira";"15:30:00";"BA";324;585;"SAO SEBASTIAO DO PASSE";"Reação tardia ou ineficiente do condutor";"Colisão com objeto";"Com Vítimas Feridas";"Pleno dia";"Decrescente";"Sol";"Dupla";"Reta";"Não";1;0;1;0;0;0;1;1;-12,63012705;-38,47968619;"SPRF-BA";"DEL01-BA";"UOP01-DEL01-BA"
494063;2022-12-20;"terça-feira";"09:30:00";"RJ";40;78;"PETROPOLIS";"Reação tardia ou ineficiente do condutor";"Saída de leito carroçável";"Com Vítimas Feridas";"Pleno dia";"Crescente";"Chuva";"Simples";"Curva";"Não";4;0;2;0;2;0;2;1;-22,48485874;-43,22843406;"SPRF-RJ";"DEL06-RJ";"UOP01-DEL06-RJ"
494064;2022-12-20;"terça-feira";"18:30:00";"MA";135;15;"SAO LUIS";"Entrada inopinada do pedestre";"Atropelamento de Pedestre";"Com Vítimas Fatais";"Plena Noite";"Crescente";"Céu Claro";"Dupla";"Reta";"Sim";2;1;0;0;0;1;0;2;-2,69540095;-44,30511707;"SPRF-MA";"DEL01-MA";"UOP01-DEL01-MA"
494067;2022-12-20;"terça-feira";"10:20:00";"RJ";101;232;"NITEROI";"Manobra de mudança de faixa";"Colisão traseira";"Sem Vítimas";"Pleno dia";"Crescente";"Chuva";"Múltipla";"Reta";"Sim";2;0;0;0;2;0;0;2;-22,87556364;-43,12030792;"SPRF-RJ";"DEL02-RJ";"UOP03-DEL02-RJ"
494068;2022-12-20;"terça-feira";"18:23:00";"RJ";393;279,9;"BARRA DO PIRAI";"Pedestre cruzava a pista fora da faixa";"Atropelamento de Pedestre";"Com Vítimas Feridas";"Anoitecer";"Crescente";"Nublado";"Simples";"Reta";"Sim";2;0;1;0;1;0;1;2;-22,47750785;-44,01954402;"SPRF-RJ";"DEL05-RJ";"UOP04-DEL05-RJ"
494069;2022-12-20;"terça-feira";"18:25:00";"PB";104;114,3;"LAGOA SECA";"Ingestão de álcool pelo condutor";"Colisão traseira";"Sem Vítimas";"Plena Noite";"Decrescente";"Céu Claro";"Simples";"Reta";"Sim";2;0;0;0;2;0;0;2;-7,1620139;-35,85712429;"SPRF-PB";"DEL02-PB";"UOP04-DEL02-PB"
494070;2022-08-30;"terça-feira";"21:30:00";"MG";365;805;"SANTA VITORIA";"Pista Escorregadia";"Tombamento";"Com Vítimas Feridas";"Plena Noite";"Crescente";"Céu Claro";"Simples";"Declive";"Não";2;0;1;0;1;0;1;1;-18,89711485;-49,95447598;"SPRF-MG";"DEL15-MG";"UOP03-DEL15-MG"
494072;2022-12-20;"terça-feira";"17:30:00";"DF";251;46;"BRASILIA";"Avarias e/ou desgaste excessivo no pneu";"Capotamento";"Com Vítimas Feridas";"Pleno dia";"Decrescente";"Céu Claro";"Simples";"Reta";"Não";1;0;0;1;0;0;1;1;-15,948113;-47,845235;"SPRF-DF";"DEL01-DF";"UOP01-DEL01-DF"