"id";"data_inversa";"dia_semana";"horario";"uf";"br";"km";"municipio";"causa_acidente";"tipo_acidente";"classificacao_acidente";"fase_dia";"sentido_via";"condicao_metereologica";"tipo_pista";"tracado_via";"uso_solo";"pessoas";"mortos";"feridos_leves";"feridos_graves";"ilesos";"ignorados";"feridos";"veiculos";"latitude";"longitude";"regional";"delegacia";"uop"
494204;2022-12-21;"quarta-feira";"10:00:00";"BA";324;622;"SALVADOR";"Avarias e/ou desgaste excessivo no pneu";"Tombamento";"Com Vítimas Feridas";"Pleno dia";"Decrescente";"Céu Claro";"Múltipla";"Reta";"Sim";1;0;1;0;0;0;1;1;-12,932442;-38,471201;"SPRF-BA";"DEL01-BA";"UOP01-DEL01-BA"
494205;2022-12-21;"quarta-feira";"04:30:00";"PI";135;545;"SAO GONCALO DO GURGUEIA";"Reação tardia ou ineficiente do condutor";"Capotamento";"Com Vítimas Feridas";"Amanhecer";"Decrescente";"Nublado";"Simples";"Curva;Declive";"Não";5;0;2;0;3;0;2;1;-10,07190429;-45,27162443;"SPRF-PI";"DEL03-PI";"UOP02-DEL03-PI"
494207;2022-12-21;"quarta-feira";"11:50:00";"RJ";116;95;"GUAPIMIRIM";"Ultrapassagem Indevida";"Colisão frontal";"Com Vítimas Feridas";"Pleno dia";"Crescente";"Chuva";"Simples";"Curva";"Não";4;0;3;1;0;0;4;2;-22,47374702;-43,00117923;"SPRF-RJ";"DEL04-RJ";"UOP01-DEL04-RJ"
494210;2022-12-21;"quarta-feira";"09:30:00";"SC";101;28;"JOINVILLE";"Condutor deixou de manter distância do veículo da frente";"Colisão traseira";"Sem Vítimas";"Pleno dia";"Crescente";"Nublado";"Dupla";"Reta";"Não";2;0;0;0;2;0;0;2;-26,20697505;-48,91482635;"SPRF-SC";"DEL03-SC";"UOP01-DEL03-SC"
494211;2022-12-21;"quarta-feira";"11:30:00";"RJ";40;120;"DUQUE DE CAXIAS";"Chuva";"Colisão traseira";"Com Vítimas Feridas";"Pleno dia";"Decrescente";"Chuva";"Dupla";"Reta";"Sim";2;0;1;0;1;0;1;2;-22,77280597;-43,28626763;"SPRF-RJ";"DEL01-RJ";"UOP01-DEL01-RJ"
494212;2022-12-21;"quarta-feira";"10:40:00";"CE";116;485,8;"MILAGRES";"Pista esburacada";"Capotamento";"Com Vítimas Feridas";"Pleno dia";"Crescente";"Céu Claro";"Simples";"Reta";"Não";1;0;1;0;0;0;1;1;-7,31766498;-38,93811773;"SPRF-CE";"DEL05-CE";"UOP03-DEL05-CE"
494213;2022-12-21;"quarta-feira";"09:30:00";"SC";101;29;"JOINVILLE";"Condutor deixou de manter distância do veículo da frente";"Colisão traseira";"Sem Vítimas";"Pleno dia";"Crescente";"Chuva";"Dupla";"Reta;Aclive";"Não";2;0;0;0;2;0;0;2;-26,211903;-48,91589904;"SPRF-SC";"DEL03-SC";"UOP01-DEL03-SC"
494216;2022-12-21;"quarta-feira";"10:00:00";"MG";262;34,4;"MANHUACU";"Desrespeitar a preferência no cruzamento";"Colisão transversal";"Com Vítimas Feridas";"Pleno dia";"Decrescente";"Chuva";"Simples";"Reta;Retorno Regulamentado;Rotatória";"Sim";4;0;1;0;3;0;1;2;-20,257574;-42,025187;"SPRF-MG";"DEL06-MG";"UOP03-DEL06-MG"
494217;2022-12-20;"terça-feira";"07:50:00";"SP";101;19,4;"UBATUBA";"Animais na Pista";"Atropelamento de Animal";"Com Vítimas Feridas";"Amanhecer";"Crescente";"Chuva";"Simples";"Reta";"Não";1;0;1;0;0;0;1;1;-23,32120409;-44,90797484;"SPRF-SP";"DEL06-SP";"UOP01-DEL06-SP"
494218;2022-12-21;"quarta-feira";"12:50:00";"SP";116;219;"GUARULHOS";"Trafegar com motocicleta (ou similar) entre as faixas";"Colisão lateral mesmo sentido";"Com Vítimas Feridas";"Pleno dia";"Crescente";"Nublado";"Múltipla";"Reta;Em Obras";"Sim";3;0;1;0;2;0;1;3;-23,46143954;-46,48885316;"SPRF-SP";"DEL01-SP";"UOP01-DEL01-SP"
494223;2022-12-21;"quarta-feira";"13:20:00";"PR";153;66;"GUAPIRAMA";"Acessar a via sem observar a presença dos outros veículos";"Colisão transversal";"Com Vítimas Feridas";"Pleno dia";"Crescente";"Céu Claro";"Simples";"Reta;Aclive";"Não";4;0;3;0;1;0;3;2;-23,49050627;-50,10583214;"SPRF-PR";"DEL07-PR";"UOP04-DEL07-PR"
494224;2022-12-21;"quarta-feira";"13:20:00";"RJ";40;118;"DUQUE DE CAXIAS";"Demais falhas na via";"Queda de ocupante de veículo";"Sem Vítimas";"Pleno dia";"Crescente";"Chuva";"Múltipla";"Reta";"Sim";1;0;0;0;1;0;0;1;-22,75470802;-43,28737838;"SPRF-RJ";"DEL01-RJ";"UOP01-DEL01-RJ"
494226;2022-12-21;"quarta-feira";"13:08:00";"SC";163;70,8;"SAO MIGUEL DO OESTE";"Desrespeitar a preferência no cruzamento";"Colisão transversal";"Com Vítimas Feridas";"Pleno dia";"Decrescente";"Céu Claro";"Simples";"Reta;Interseção de Vias";"Sim";3;0;1;0;2;0;1;3;-26,72981981;-53,51152897;"SPRF-SC";"DEL07-SC";"UOP03-DEL07-SC"
494228;2022-12-21;"quarta-feira";"10:30:00";"PR";277;566,7;"CASCAVEL";"Reação tardia ou ineficiente do condutor";"Queda de ocupante de veículo";"Com Vítimas Feridas";"Pleno dia";"Decrescente";"Céu Claro";"Simples";"Reta";"Não";3;0;0;1;1;1;1;2;-25,03285424;-53,2647872;"SPRF-PR";"DEL04-PR";"UOP04-DEL04-PR"
494230;2022-12-21;"quarta-feira";"05:45:00";"MG";381;365;"SAO GONCALO DO RIO ABAIXO";"Velocidade Incompatível";"Colisão lateral sentido oposto";"Com Vítimas Feridas";"Pleno dia";"Decrescente";"Chuva";"Simples";"Curva";"Não";2;0;1;0;1;0;1;2;-19,84955579;-43,25424839;"SPRF-MG";"DEL03-MG";"UOP01-DEL03-MG"
494232;2022-12-21;"quarta-feira";"08:50:00";"RO";364;347;"JI-PARANA";"Reação tardia ou ineficiente do condutor";"Tombamento";"Com Vítimas Feridas";"Pleno dia";"Decrescente";"Céu Claro";"Simples";"Reta";"Sim";1;0;1;0;0;0;1;1;-10,86070186;-61,9761549;"SPRF-RO";"DEL02-RO";"UOP01-DEL02-RO"
494233;2022-12-21;"quarta-feira";"11:30:00";"MT";163;652;"LUCAS DO RIO VERDE";"Condutor deixou de manter distância do veículo da frente";"Colisão traseira";"Sem Vítimas";"Pleno dia";"Crescente";"Chuva";"Simples";"Reta";"Não";1;0;0;0;1;0;0;1;-13,46488596;-56,07313295;"SPRF-MT";"DEL06-MT";"UOP02-DEL06-MT"
494234;2022-12-21;"quarta-feira";"13:25:00";"MG";365;621,9;"UBERLANDIA";"Condutor deixou de manter distância do veículo da frente";"Colisão traseira";"Com Vítimas Feridas";"Pleno dia";"Crescente";"Sol";"Múltipla";"Reta";"Sim";3;0;1;0;1;1;1;3;-18,90078933;-48,27533931;"SPRF-MG";"DEL15-MG";"UOP01-DEL15-MG"
494235;2022-12-12;"segunda-feira";"07:10:00";"BA";101;399;"IBIRAPITANGA";"Ultrapassagem Indevida";"Atropelamento de Pedestre";"Com Vítimas Feridas";"Pleno dia";"Decrescente";"Céu Claro";"Simples";"Reta";"Não";3;0;0;1;2;0;1;2;-14,08645601;-39,37944903;"SPRF-BA";"DEL05-BA";"UOP03-DEL05-BA"
494238;2022-12-11;"domingo";"20:30:00";"RR";401;1;"BOA VISTA";"Objeto estático sobre o leito carroçável";"Colisão com objeto";"Com Vítimas Feridas";"Plena Noite";"Decrescente";"Céu Claro";"Dupla";"Reta";"Sim";1;0;1;0;0;0;1;1;2,80229396;-60,68243402;"SPRF-RR";"DEL01-RR";"UOP01-DEL01-RR"
494239;2022-12-21;"quarta-feira";"08:47:00";"SP";116;513;"CAJATI";"Reação tardia ou ineficiente do condutor";"Saída de leito carroçável";"Com Vítimas Feridas";"Pleno dia";"Decrescente";"Garoa/Chuvisco";"Dupla";"Curva";"Não";1;0;1;0;0;0;1;1;-24,85109616;-48,21802405;"SPRF-SP";"DEL05-SP";"UOP02-DEL05-SP"
494241;2022-12-21;"quarta-feira";"14:30:00";"MG";40;556;"NOVA LIMA";"Avarias e/ou desgaste excessivo no pneu";"Tombamento";"Com Vítimas Feridas";"Pleno dia";"Decrescente";"Nublado";"Múltipla";"Aclive";"Não";2;0;2;0;0;0;2;1;-20,09840018;-43,97535324;"SPRF-MG";"DEL01-MG";"UOP02-DEL01-MG"
494242;2022-12-21;"quarta-feira";"15:08:00";"MG";365;697;"MONTE ALEGRE DE MINAS";"Ausência de reação do condutor";"Saída de leito carroçável";"Sem Vítimas";"Pleno dia";"Crescente";"Céu Claro";"Dupla";"Reta";"Não";1;0;0;0;1;0;0;1;-18,87909899;-48,969616;"SPRF-MG";"DEL15-MG";"UOP03-DEL15-MG"
494243;2022-12-19;"segunda-feira";"20:55:00";"MT";163;84,6;"RONDONOPOLIS";"Reação tardia ou ineficiente do condutor";"Saída de leito carroçável";"Com Vítimas Feridas";"Plena Noite";"Crescente";"Chuva";"Dupla";"Reta;Retorno Regulamentado";"Não";1;0;1;0;0;0;1;1;-16,78834709;-54,67072783;"SPRF-MT";"DEL02-MT";"UOP03-DEL02-MT"
494244;2022-12-21;"quarta-feira";"14:15:00";"MA";135;19;"SAO LUIS";"Acessar a via sem observar a presença dos outros veículos";"Colisão transversal";"Com Vítimas Feridas";"Pleno dia";"Decrescente";"Céu Claro";"Simples";"Reta";"Não";3;0;2;0;1;0;2;2;-2,565143;-44,335924;"SPRF-MA";"DEL01-MA";"UOP01-DEL01-MA"
494246;2022-07-17;"domingo";"18:35:00";"SC";101;148;"ITAPEMA";"Reação tardia ou ineficiente do condutor";"Colisão traseira";"Com Vítimas Feridas";"Plena Noite";"Decrescente";"Céu Claro";"Dupla";"Reta";"Sim";4;0;1;0;2;1;1;4;-27,10123686;-48,61807962;"SPRF-SC";"DEL04-SC";"UOP03-DEL04-SC"
494247;2022-12-21;"quarta-feira";"15:00:00";"PR";277;729;"FOZ DO IGUACU";"Avarias e/ou desgaste excessivo no pneu";"Tombamento";"Com Vítimas Feridas";"Pleno dia";"Decrescente";"Céu Claro";"Dupla";"Viaduto;Aclive;Reta";"Sim";2;0;2;0;0;0;2;1;-25,50749887;-54,58379896;"SPRF-PR";"DEL05-PR";"UOP03-DEL05-PR"
494250;2022-12-21;"quarta-feira";"16:00:00";"SC";101;149,5;"ITAPEMA";"Acessar a via sem observar a presença dos outros veículos";"Colisão transversal";"Com Vítimas Feridas";"Pleno dia";"Decrescente";"Chuva";"Simples";"Reta";"Não";2;0;1;0;1;0;1;2;-27,1089649;-48,61277586;"SPRF-SC";"DEL04-SC";"UOP03-DEL04-SC"
494253;2022-12-21;"quarta-feira";"16:40:00";"SE";235;36,9;"AREIA BRANCA";"Acessar a via sem observar a presença dos outros veículos";"Colisão lateral mesmo sentido";"Com Vítimas Feridas";"Pleno dia";"Crescente";"Sol";"Simples";"Aclive";"Não";4;0;0;2;1;1;2;3;-10,767558;-37,328533;"SPRF-SE";"DEL01-SE";"UOP02-DEL01-SE"
494254;2022-12-21;"quarta-feira";"16:20:00";"SC";101;228;"PALHOCA";"Manobra de mudança de faixa";"Colisão lateral mesmo sentido";"Com Vítimas Feridas";"Pleno dia";"Crescente";"Garoa/Chuvisco";"Dupla";"Curva";"Não";4;0;2;0;2;0;2;2;-27,7597249;-48,63078869;"SPRF-SC";"DEL01-SC";"UOP02-DEL01-SC"
494257;2022-12-21;"quarta-feira";"15:50:00";"PR";369;142;"IBIPORA";"Velocidade Incompatível";"Saída de leito carroçável";"Com Vítimas Feridas";"Pleno dia";"Decrescente";"Céu Claro";"Simples";"Reta;Declive";"Não";3;0;3;0;0;0;3;1;-23,290793;-51,085167;"SPRF-PR";"DEL07-PR";"UOP01-DEL07-PR"
494258;2022-09-25;"domingo";"09:40:00";"MG";365;614;"UBERLANDIA";"Acesso irregular";"Tombamento";"Com Vítimas Feridas";"Pleno dia";"Crescente";"Céu Claro";"Simples";"Reta";"Não";1;0;1;0;0;0;1;1;-18,91963133;-48,20717834;"SPRF-MG";"DEL15-MG";"UOP01-DEL15-MG"
494259;2022-12-21;"quarta-feira";"05:45:00";"PI";20;396,4;"PIO IX";"Manobra de mudança de faixa";"Colisão lateral sentido oposto";"Com Vítimas Fatais";"Amanhecer";"Crescente";"Céu Claro";"Simples";"Reta";"Não";3;2;0;1;0;0;1;2;-6,59101588;-40,83800614;"SPRF-PI";"DEL04-PI";"UOP01-DEL04-PI"
494260;2022-12-21;"quarta-feira";"15:50:00";"MG";40;267,3;"SAO GONCALO DO ABAETE";"Acumulo de água sobre o pavimento";"Saída de leito carroçável";"Com Vítimas Feridas";"Pleno dia";"Crescente";"Chuva";"Simples";"Reta;Declive";"Não";4;0;3;1;0;0;4;1;-18,16391836;-45,29936137;"SPRF-MG";"DEL14-MG";"UOP02-DEL14-MG"
494261;2022-12-21;"quarta-feira";"17:20:00";"ES";101;241,7;"SERRA";"Acessar a via sem observar a presença dos outros veículos";"Colisão transversal";"Com Vítimas Feridas";"Anoitecer";"Decrescente";"Chuva";"Simples";"Interseção de Vias";"Não";4;0;2;0;2;0;2;2;-20,02389596;-40,39998096;"SPRF-ES";"DEL02-ES";"UOP01-DEL02-ES"
494262;2022-12-21;"quarta-feira";"17:45:00";"ES";101;137,8;"LINHARES";"Reação tardia ou ineficiente do condutor";"Saída de leito carroçável";"Com Vítimas Feridas";"Anoitecer";"Decrescente";"Nublado";"Simples";"Reta";"Não";2;0;0;1;1;0;1;1;-19,29308199;-40,08591691;"SPRF-ES";"DEL04-ES";"UOP01-DEL04-ES"
494264;2022-12-21;"quarta-feira";"17:50:00";"SP";116;205;"ARUJA";"Reação tardia ou ineficiente do condutor";"Colisão traseira";"Com Vítimas Feridas";"Pleno dia";"Decrescente";"Garoa/Chuvisco";"Múltipla";"Reta";"Sim";2;0;1;0;1;0;1;2;-23,41475243;-46,36600788;"SPRF-SP";"DEL01-SP";"UOP01-DEL01-SP"
494267;2022-12-21;"quarta-feira";"16:40:00";"RJ";101;586;"PARATY";"Objeto estático sobre o leito carroçável";"Colisão com objeto";"Com Vítimas Feridas";"Pleno dia";"Crescente";"Chuva";"Simples";"Reta";"Não";1;0;1;0;0;0;1;1;-23,27883616;-44,69060456;"SPRF-RJ";"DEL03-RJ";"UOP02-DEL03-RJ"
494268;2022-12-21;"quarta-feira";"14:49:00";"MG";262;461,8;"ARAUJOS";"Demais falhas mecânicas ou elétricas";"Queda de ocupante de veículo";"Com Vítimas Feridas";"Pleno dia";"Crescente";"Nublado";"Simples";"Reta";"Não";1;0;1;0;0;0;1;1;-19,82283349;-45,08196173;"SPRF-MG";"DEL08-MG";"UOP03-DEL08-MG"
494270;2022-12-21;"quarta-feira";"17:20:00";"RS";116;243;"SAO LEOPOLDO";"Reação tardia ou ineficiente do condutor";"Engavetamento";"Com Vítimas Feridas";"Pleno dia";"Crescente";"Céu Claro";"Dupla";"Viaduto;Reta;Declive";"Sim";6;0;0;3;3;0;3;3;-29,73196199;-51,14952004;"SPRF-RS";"DEL01-RS";"UOP02-DEL01-RS"
494276;2022-12-21;"quarta-feira";"16:25:00";"MS";163;218,8;"CAARAPO";"Reação tardia ou ineficiente do condutor";"Colisão traseira";"Com Vítimas Feridas";"Pleno dia";"Decrescente";"Céu Claro";"Simples";"Reta";"Não";10;0;5;1;4;0;6;3;-22,55457404;-54,83263605;"SPRF-MS";"DEL04-MS";"UOP02-DEL04-MS"
494277;2022-12-21;"quarta-feira";"18:00:00";"MG";40;528;"CONTAGEM";"Velocidade Incompatível";"Colisão traseira";"Com Vítimas Feridas";"Plena Noite";"Crescente";"Céu Claro";"Dupla";"Reta";"Não";2;0;1;0;1;0;1;2;-19,91041844;-44,04332444;"SPRF-MG";"DEL01-MG";"UOP02-DEL01-MG"
494279;2022-12-21;"quarta-feira";"18:10:00";"PB";230;153,9;"CAMPINA GRANDE";"Condutor deixou de manter distância do veículo da frente";"Colisão traseira";"Com Vítimas Feridas";"Plena Noite";"Crescente";"Céu Claro";"Simples";"Reta";"Sim";3;0;2;0;1;0;2;2;-7,2763;-35,8887;"SPRF-PB";"DEL02-PB";"UOP01-DEL02-PB"
494281;2022-12-21;"quarta-feira";"18:20:00";"PR";476;145;"CURITIBA";"Trafegar com motocicleta (ou similar) entre as faixas";"Colisão traseira";"Com Vítimas Feridas";"Pleno dia";"Crescente";"Nublado";"Dupla";"Reta;Retorno Regulamentado";"Não";2;0;1;0;1;0;1;2;-25,547749;-49,32095;"SPRF-PR";"DEL01-PR";"UOP06-DEL01-PR"
494283;2022-12-21;"quarta-feira";"15:00:00";"GO";153;667,8;"GOIATUBA";"Reação tardia ou ineficiente do condutor";"Saída de leito carroçável";"Com Vítimas Feridas";"Pleno dia";"Crescente";"Céu Claro";"Dupla";"Reta";"Não";1;0;1;0;0;0;1;1;-18,1156;-49,2796;"SPRF-GO";"DEL03-GO";"UOP02-DEL03-GO"
494284;2022-12-21;"quarta-feira";"18:30:00";"SP";381;43;"ATIBAIA";"Manobra de mudança de faixa";"Colisão lateral mesmo sentido";"Com Vítimas Feridas";"Pleno dia";"Crescente";"Céu Claro";"Dupla";"Reta";"Não";2;0;0;1;1;0;1;2;-23,15597105;-46,5740155;"SPRF-SP";"DEL03-SP";"UOP01-DEL03-SP"
494285;2022-12-21;"quarta-feira";"18:40:00";"RJ";356;148;"CAMPOS DOS GOYTACAZES";"Acessar a via sem observar a presença dos outros veículos";"Colisão transversal";"Com Vítimas Feridas";"Plena Noite";"Decrescente";"Céu Claro";"Simples";"Reta";"Sim";2;0;2;0;0;0;2;2;-21,772906;-41,281517;"SPRF-RJ";"DEL08-RJ";"UOP02-DEL08-RJ"
494286;2022-12-21;"quarta-feira";"19:00:00";"BA";415;53;"ITABUNA";"Condutor deixou de manter distância do veículo da frente";"Colisão traseira";"Com Vítimas Feridas";"Plena Noite";"Crescente";"Céu Claro";"Simples";"Reta;Aclive";"Sim";2;0;1;0;1;0;1;2;-14,81574494;-39,29612388;"SPRF-BA";"DEL05-BA";"UOP01-DEL05-BA"
494287;2022-12-21;"quarta-feira";"18:00:00";"AL";104;19,5;"SAO JOSE DA LAJE";"Ingestão de álcool pelo condutor";"Queda de ocupante de veículo";"Com Vítimas Feridas";"Plena Noite";"Decrescente";"Céu Claro";"Simples";"Reta;Declive";"Não";1;0;0;1;0;0;1;1;-9,05098097;-36,03735887;"SPRF-AL";"DEL01-AL";"UOP02-DEL01-AL"
494288;2022-12-21;"quarta-feira";"17:30:00";"MG";381;499,9;"BETIM";"Velocidade Incompatível";"Saída de leito carroçável";"Sem Vítimas";"Pleno dia";"Crescente";"Céu Claro";"Dupla";"Reta";"Sim";1;0;0;0;0;1;0;1;-20,00238663;-44,21207428;"SPRF-MG";"DEL01-MG";"UOP03-DEL01-MG"
494289;2022-12-21;"quarta-feira";"17:30:00";"RJ";116;307;"RESENDE";"Manobra de mudança de faixa";"Colisão com objeto";"Com Vítimas Feridas";"Anoitecer";"Decrescente";"Chuva";"Dupla";"Reta";"Sim";1;0;1;0;0;0;1;1;-22,45713262;-44,41063703;"SPRF-RJ";"DEL07-RJ";"UOP02-DEL07-RJ"
494290;2022-12-21;"quarta-feira";"19:40:00";"RS";116;526,5;"PELOTAS";"Ausência de reação do condutor";"Colisão traseira";"Com Vítimas Feridas";"Plena Noite";"Crescente";"Céu Claro";"Dupla";"Reta";"Não";2;0;1;0;0;1;1;2;-31,74307729;-52,39966642;"SPRF-RS";"DEL07-RS";"UOP01-DEL07-RS"
494292;2022-12-21;"quarta-feira";"19:40:00";"MG";40;633,4;"CONSELHEIRO LAFAIETE";"Acessar a via sem observar a presença dos outros veículos";"Colisão transversal";"Com Vítimas Feridas";"Plena Noite";"Crescente";"Chuva";"Simples";"Interseção de Vias";"Não";2;0;0;1;1;0;1;2;-20,68864;-43,790633;"SPRF-MG";"DEL05-MG";"UOP02-DEL05-MG"
494293;2022-12-21;"quarta-feira";"17:15:00";"MA";10;127;"ESTREITO";"Acessar a via sem observar a presença dos outros veículos";"Colisão transversal";"Com Vítimas Feridas";"Pleno dia";"Decrescente";"Céu Claro";"Simples";"Reta;Declive";"Sim";3;0;1;0;2;0;1;2;-6,572875;-47,444546;"SPRF-MA";"DEL04-MA";"UOP02-DEL04-MA"
494295;2022-12-21;"quarta-feira";"19:20:00";"MG";40;526;"CONTAGEM";"Acessar a via sem observar a presença dos outros veículos";"Colisão traseira";"Com Vítimas Feridas";"Plena Noite";"Crescente";"Nublado";"Simples";"Reta";"Sim";2;0;1;0;1;0;1;2;-19,89255399;-44,04985478;"SPRF-MG";"DEL01-MG";"UOP02-DEL01-MG"
494296;2022-12-21;"quarta-feira";"18:30:00";"SC";470;58;"BLUMENAU";"Pedestre andava na pista";"Atropelamento de Pedestre";"Com Vítimas Feridas";"Anoitecer";"Decrescente";"Garoa/Chuvisco";"Simples";"Interseção de Vias;Reta";"Sim";2;0;0;1;1;0;1;2;-26,883879;-49,145622;"SPRF-SC";"DEL04-SC";"UOP01-DEL04-SC"
494298;2022-12-21;"quarta-feira";"19:45:00";"ES";101;144;"LINHARES";"Condutor deixou de manter distância do veículo da frente";"Colisão traseira";"Com Vítimas Feridas";"Plena Noite";"Decrescente";"Nublado";"Dupla";"Reta;Aclive";"Não";3;0;1;0;2;0;1;2;-19,35188295;-40,0636685;"SPRF-ES";"DEL04-ES";"UOP01-DEL04-ES"
494301;2022-12-21;"quarta-feira";"20:15:00";"RN";101;95,5;"NATAL";"Manobra de mudança de faixa";"Colisão lateral mesmo sentido";"Com Vítimas Feridas";"Plena Noite";"Decrescente";"Céu Claro";"Dupla";"Reta";"Sim";3;0;2;0;1;0;2;2;-5,84306615;-35,20926654;"SPRF-RN";"DEL01-RN";"UOP01-DEL01-RN"
494302;2022-12-21;"quarta-feira";"17:30:00";"MG";40;824,9;"SIMAO PEREIRA";"Reação tardia ou ineficiente do condutor";"Tombamento";"Com Vítimas Feridas";"Pleno dia";"Crescente";"Ignorado";"Dupla";"Curva;Declive";"Não";1;0;1;0;0;0;1;1;-21,96689732;-43,29126511;"SPRF-MG";"DEL05-MG";"UOP01-DEL05-MG"
494304;2022-12-21;"quarta-feira";"19:15:00";"MG";381;445;"SANTA LUZIA";"Reação tardia ou ineficiente do condutor";"Colisão lateral mesmo sentido";"Sem Vítimas";"Plena Noite";"Decrescente";"Nublado";"Simples";"Reta";"Não";2;0;0;0;1;1;0;2;-19,82543027;-43,83409786;"SPRF-MG";"DEL01-MG";"UOP01-DEL01-MG"
494306;2022-12-21;"quarta-feira";"18:45:00";"GO";50;268;"CATALAO";"Animais na Pista";"Atropelamento de Animal";"Sem Vítimas";"Plena Noite";"Crescente";"Céu Claro";"Dupla";"Reta";"Não";1;0;0;0;1;0;0;1;-18,0944;-47,8761;"SPRF-GO";"DEL06-GO";"UOP01-DEL06-GO"
494308;2022-12-21;"quarta-feira";"19:40:00";"SC";116;12,3;"MAFRA";"Desrespeitar a preferência no cruzamento";"Colisão transversal";"Com Vítimas Feridas";"Plena Noite";"Decrescente";"Nublado";"Simples";"Reta;Interseção de Vias";"Não";4;0;1;0;3;0;1;2;-26,17877859;-49,86720998;"SPRF-SC";"DEL06-SC";"UOP01-DEL06-SC"
494309;2022-12-21;"quarta-feira";"19:14:00";"RR";401;3,8;"CANTA";"Reação tardia ou ineficiente do condutor";"Tombamento";"Com Vítimas Feridas";"Plena Noite";"Crescente";"Céu Claro";"Dupla";"Reta";"Não";2;0;2;0;0;0;2;1;2,79386178;-60,66665958;"SPRF-RR";"DEL01-RR";"UOP01-DEL01-RR"
494310;2022-12-21;"quarta-feira";"19:50:00";"RJ";116;111;"MAGE";"Ausência de reação do condutor";"Colisão frontal";"Com Vítimas Feridas";"Plena Noite";"Decrescente";"Chuva";"Simples";"Reta";"Sim";2;0;1;0;1;0;1;2;-22,55838319;-42,99482067;"SPRF-RJ";"DEL04-RJ";"UOP02-DEL04-RJ"
494311;2022-12-21;"quarta-feira";"21:00:00";"PR";369;236;"JANDAIA DO SUL";"Ingestão de álcool pelo condutor";"Colisão lateral sentido oposto";"Com Vítimas Feridas";"Plena Noite";"Crescente";"Céu Claro";"Simples";"Reta";"Não";4;0;3;0;1;0;3;2;-23,63795513;-51,6784215;"SPRF-PR";"DEL09-PR";"UOP01-DEL09-PR"
494313;2022-12-21;"quarta-feira";"20:25:00";"RS";290;580,7;"ALEGRETE";"Ausência de reação do condutor";"Colisão traseira";"Com Vítimas Feridas";"Plena Noite";"Decrescente";"Céu Claro";"Simples";"Reta;Ponte";"Não";3;0;0;1;1;1;1;3;-29,804993;-55,777481;"SPRF-RS";"DEL13-RS";"UOP02-DEL13-RS"
494314;2022-12-21;"quarta-feira";"19:55:00";"RS";153;46,3;"ERECHIM";"Desrespeitar a preferência no cruzamento";"Colisão transversal";"Com Vítimas Feridas";"Plena Noite";"Decrescente";"Céu Claro";"Simples";"Reta;Declive";"Sim";4;0;2;0;2;0;2;2;-27,6394671;-52,24218389;"SPRF-RS";"DEL08-RS";"UOP04-DEL08-RS"
494315;2022-12-21;"quarta-feira";"18:30:00";"RS";285;88,9;"BOM JESUS";"Avarias e/ou desgaste excessivo no pneu";"Saída de leito carroçável";"Com Vítimas Feridas";"Anoitecer";"Crescente";"Céu Claro";"Simples";"Reta;Declive";"Não";5;0;5;0;0;0;5;1;-28,627665;-50,675541;"SPRF-RS";"DEL05-RS";"UOP03-DEL05-RS"
494316;2022-12-21;"quarta-feira";"20:50:00";"GO";60;436;"RIO VERDE";"Animais na Pista";"Atropelamento de Animal";"Com Vítimas Feridas";"Plena Noite";"Crescente";"Céu Claro";"Dupla";"Reta";"Não";1;0;1;0;0;0;1;1;-17,833;-51,3849;"SPRF-GO";"DEL04-GO";"UOP02-DEL04-GO"
494318;2022-12-21;"quarta-feira";"18:25:00";"PR";277;665;"MEDIANEIRA";"Demais falhas mecânicas ou elétricas";"Incêndio";"Sem Vítimas";"Pleno dia";"Crescente";"Sol";"Dupla";"Aclive;Reta";"Não";1;0;0;0;1;0;0;1;-25,25599605;-54,03772597;"SPRF-PR";"DEL05-PR";"UOP02-DEL05-PR"
494321;2022-12-21;"quarta-feira";"20:30:00";"RO";425;97;"NOVA MAMORE";"Reação tardia ou ineficiente do condutor";"Tombamento";"Com Vítimas Fatais";"Plena Noite";"Crescente";"Céu Claro";"Simples";"Reta";"Não";1;1;0;0;0;0;0;1;-10,42545574;-65,336532;"SPRF-RO";"DEL01-RO";"UOP03-DEL01-RO"
494323;2022-12-21;"quarta-feira";"21:20:00";"AL";101;70;"MESSIAS";"Animais na Pista";"Atropelamento de Animal";"Com Vítimas Feridas";"Plena Noite";"Decrescente";"Céu Claro";"Dupla";"Reta";"Não";2;0;1;0;1;0;1;2;-9,36495593;-35,83611996;"SPRF-AL";"DEL01-AL";"UOP02-DEL01-AL"
494324;2022-12-21;"quarta-feira";"22:45:00";"MG";116;277,9;"TEOFILO OTONI";"Chuva";"Colisão traseira";"Com Vítimas Feridas";"Plena Noite";"Decrescente";"Chuva";"Dupla";"Reta;Interseção de Vias";"Sim";3;0;2;0;1;0;2;3;-17,867197;-41,516844;"SPRF-MG";"DEL11-MG";"UOP01-DEL11-MG"
494326;2022-12-21;"quarta-feira";"22:05:00";"RS";116;269,8;"CANOAS";"Manobra de mudança de faixa";"Colisão com objeto";"Com Vítimas Feridas";"Plena Noite";"Crescente";"Céu Claro";"Dupla";"Aclive;Reta";"Sim";3;0;0;3;0;0;3;1;-29,96837241;-51,176489;"SPRF-RS";"DEL01-RS";"UOP01-DEL01-RS"