"id";"data_inversa";"dia_semana";"horario";"uf";"br";"km";"municipio";"causa_acidente";"tipo_acidente";"classificacao_acidente";"fase_dia";"sentido_via";"condicao_metereologica";"tipo_pista";"tracado_via";"uso_solo";"pessoas";"mortos";"feridos_leves";"feridos_graves";"ilesos";"ignorados";"feridos";"veiculos";"latitude";"longitude";"regional";"delegacia";"uop"
494328;2022-12-21;"quarta-feira";"21:50:00";"RN";304;295;"MACAIBA";"Pista Escorregadia";"Saída de leito carroçável";"Com Vítimas Feridas";"Plena Noite";"Crescente";"Céu Claro";"Dupla";"Reta";"Não";1;0;1;0;0;0;1;1;-5,868485;-35,375773;"SPRF-RN";"DEL01-RN";"UOP02-DEL01-RN"
494329;2022-12-21;"quarta-feira";"21:45:00";"RS";285;513,8;"VITORIA DAS MISSOES";"Ingestão de álcool ou de substâncias psicoativas pelo pedestre";"Atropelamento de Pedestre";"Com Vítimas Fatais";"Plena Noite";"Crescente";"Céu Claro";"Simples";"Reta";"Não";3;1;0;0;0;2;0;2;-28,39751626;-54,44159031;"SPRF-RS";"DEL10-RS";"UOP01-DEL10-RS"
494330;2022-12-21;"quarta-feira";"21:40:00";"RS";116;245;"SAO LEOPOLDO";"Ingestão de álcool pelo condutor";"Tombamento";"Com Vítimas Feridas";"Plena Noite";"Crescente";"Céu Claro";"Dupla";"Viaduto;Reta;Em Obras";"Sim";1;0;0;1;0;0;1;1;-29,74980902;-51,15125361;"SPRF-RS";"DEL01-RS";"UOP02-DEL01-RS"
494331;2022-12-21;"quarta-feira";"22:30:00";"SC";101;134;"BALNEARIO CAMBORIU";"Entrada inopinada do pedestre";"Atropelamento de Pedestre";"Com Vítimas Feridas";"Plena Noite";"Decrescente";"Nublado";"Múltipla";"Reta";"Sim";2;0;1;0;1;0;1;2;-27,00218;-48,636433;"SPRF-SC";"DEL04-SC";"UOP03-DEL04-SC"
494332;2022-12-21;"quarta-feira";"23:15:00";"PR";369;156;"LONDRINA";"Reação tardia ou ineficiente do condutor";"Colisão traseira";"Com Vítimas Feridas";"Plena Noite";"Crescente";"Céu Claro";"Dupla";"Reta";"Sim";3;0;1;0;2;0;1;3;-23,291368;-51,217546;"SPRF-PR";"DEL07-PR";"UOP01-DEL07-PR"
494333;2022-12-15;"quinta-feira";"21:30:00";"PR";376;186,5;"ARAPONGAS";"Ausência de reação do condutor";"Colisão transversal";"Com Vítimas Feridas";"Plena Noite";"Decrescente";"Céu Claro";"Simples";"Interseção de Vias";"Sim";2;0;0;2;0;0;2;2;-23,42011099;-51,42529607;"SPRF-PR";"DEL09-PR";"UOP01-DEL09-PR"
494335;2022-12-21;"quarta-feira";"22:24:00";"PE";232;171,9;"BELO JARDIM";"Ultrapassagem Indevida";"Colisão lateral sentido oposto";"Com Vítimas Feridas";"Plena Noite";"Decrescente";"Céu Claro";"Simples";"Curva";"Não";9;0;1;0;8;0;1;2;-8,3388746;-36,358865;"SPRF-PE";"DEL03-PE";"UOP02-DEL03-PE"
494337;2022-12-21;"quarta-feira";"00:30:00";"RS";158;138,8;"CONDOR";"Demais falhas mecânicas ou elétricas";"Incêndio";"Sem Vítimas";"Plena Noite";"Decrescente";"Céu Claro";"Simples";"Reta";"Não";1;0;0;0;1;0;0;1;-28,1844857;-53,47573556;"SPRF-RS";"DEL08-RS";"UOP01-DEL08-RS"
494338;2022-12-22;"quinta-feira";"00:15:00";"RS";116;228;"DOIS IRMAOS";"Ingestão de álcool pelo condutor";"Saída de leito carroçável";"Com Vítimas Feridas";"Plena Noite";"Crescente";"Céu Claro";"Simples";"Curva;Declive";"Não";2;0;0;2;0;0;2;1;-29,61103966;-51,12425074;"SPRF-RS";"DEL01-RS";"UOP02-DEL01-RS"
494341;2022-12-21;"quarta-feira";"20:00:00";"GO";80;368;"SAO MIGUEL DO ARAGUAIA";"Ausência de reação do condutor";"Tombamento";"Com Vítimas Feridas";"Plena Noite";"Crescente";"Chuva";"Simples";"Declive";"Não";1;0;0;1;0;0;1;1;-13;-50;"SPRF-GO";"DEL07-GO";"UOP01-DEL07-GO"
494345;2022-12-21;"quarta-feira";"18:40:00";"MA";316;619;"TIMON";"Manobra de mudança de faixa";"Colisão transversal";"Com Vítimas Feridas";"Plena Noite";"Crescente";"Céu Claro";"Simples";"Reta";"Sim";2;0;1;0;1;0;1;2;-5,119788;-42,824196;"SPRF-MA";"DEL03-MA";"UOP02-DEL03-MA"
494346;2022-12-22;"quinta-feira";"02:30:00";"SP";116;215;"GUARULHOS";"Ausência de reação do condutor";"Colisão com objeto";"Com Vítimas Feridas";"Plena Noite";"Crescente";"Ignorado";"Múltipla";"Reta;Desvio Temporário";"Sim";4;0;2;0;2;0;2;1;-23,44695693;-46,45394103;"SPRF-SP";"DEL01-SP";"UOP01-DEL01-SP"
494347;2022-12-22;"quinta-feira";"02:00:00";"SP";116;118;"CACAPAVA";"Ausência de reação do condutor";"Saída de leito carroçável";"Com Vítimas Feridas";"Plena Noite";"Decrescente";"Nublado";"Dupla";"Reta";"Não";2;0;1;0;0;1;1;2;-23,06266296;-45,62665044;"SPRF-SP";"DEL02-SP";"UOP02-DEL02-SP"
494348;2022-12-22;"quinta-feira";"02:20:00";"RJ";40;107;"DUQUE DE CAXIAS";"Ausência de reação do condutor";"Colisão com objeto";"Sem Vítimas";"Plena Noite";"Crescente";"Garoa/Chuvisco";"Dupla";"Reta";"Sim";2;0;0;0;2;0;0;1;-22,65581497;-43,28378546;"SPRF-RJ";"DEL01-RJ";"UOP01-DEL01-RJ"
494349;2022-12-22;"quinta-feira";"02:40:00";"RS";386;412;"TRIUNFO";"Ausência de reação do condutor";"Saída de leito carroçável";"Sem Vítimas";"Plena Noite";"Crescente";"Céu Claro";"Dupla";"Reta";"Não";2;0;0;0;2;0;0;1;-29,807285;-51,499722;"SPRF-RS";"DEL01-RS";"UOP01-DEL01-RS"
494350;2022-12-22;"quinta-feira";"02:20:00";"RS";386;291;"POUSO NOVO";"Ausência de reação do condutor";"Saída de leito carroçável";"Sem Vítimas";"Plena Noite";"Crescente";"Ignorado";"Dupla";"Curva;Declive";"Sim";1;0;0;0;1;0;0;1;-29,098166;-52,249744;"SPRF-RS";"DEL04-RS";"UOP01-DEL04-RS"
494353;2022-12-21;"quarta-feira";"23:30:00";"RJ";465;14;"SEROPEDICA";"Ausência de reação do condutor";"Colisão lateral mesmo sentido";"Sem Vítimas";"Plena Noite";"Crescente";"Chuva";"Simples";"Reta;Interseção de Vias";"Sim";2;0;0;0;2;0;0;2;-22,804979;-43,638828;"SPRF-RJ";"DEL01-RJ";"UOP03-DEL01-RJ"
494355;2022-12-22;"quinta-feira";"01:00:00";"RJ";101;333;"RIO DE JANEIRO";"Ausência de reação do condutor";"Colisão com objeto";"Com Vítimas Fatais";"Plena Noite";"Decrescente";"Chuva";"Múltipla";"Reta";"Sim";1;1;0;0;0;0;0;1;-22,87827816;-43,21053578;"SPRF-RJ";"DEL02-RJ";"UOP01-DEL02-RJ"
494356;2022-12-22;"quinta-feira";"03:50:00";"MG";40;382,9;"CURVELO";"Ingestão de álcool pelo condutor";"Saída de leito carroçável";"Com Vítimas Feridas";"Plena Noite";"Crescente";"Ignorado";"Simples";"Reta";"Não";1;0;1;0;0;0;1;1;-18,88846083;-44,70776088;"SPRF-MG";"DEL02-MG";"UOP01-DEL02-MG"
494360;2022-12-22;"quinta-feira";"05:15:00";"CE";116;63,8;"CHOROZINHO";"Transitar na contramão";"Colisão lateral sentido oposto";"Sem Vítimas";"Amanhecer";"Crescente";"Céu Claro";"Simples";"Reta";"Não";2;0;0;0;2;0;0;2;-4,28125187;-38,49423541;"SPRF-CE";"DEL03-CE";"UOP02-DEL03-CE"
494361;2022-12-22;"quinta-feira";"05:45:00";"RN";427;96;"CAICO";"Reação tardia ou ineficiente do condutor";"Saída de leito carroçável";"Com Vítimas Feridas";"Pleno dia";"Crescente";"Céu Claro";"Simples";"Reta";"Não";1;0;0;1;0;0;1;1;-6,47209102;-37,07715101;"SPRF-RN";"DEL03-RN";"UOP01-DEL03-RN"
494364;2022-12-21;"quarta-feira";"22:00:00";"PR";373;403;"CANDOI";"Condutor deixou de manter distância do veículo da frente";"Engavetamento";"Com Vítimas Feridas";"Plena Noite";"Decrescente";"Céu Claro";"Simples";"Reta";"Não";3;0;1;0;2;0;1;3;-25,59357493;-52,05768381;"SPRF-PR";"DEL08-PR";"UOP01-DEL08-PR"
494367;2022-12-22;"quinta-feira";"06:00:00";"SC";101;139,6;"BALNEARIO CAMBORIU";"Ausência de reação do condutor";"Saída de leito carroçável";"Sem Vítimas";"Pleno dia";"Crescente";"Céu Claro";"Dupla";"Aclive";"Não";1;0;0;0;0;1;0;1;-27,02982303;-48,60115006;"SPRF-SC";"DEL04-SC";"UOP03-DEL04-SC"
494369;2022-12-21;"quarta-feira";"20:00:00";"RJ";40;58;"PETROPOLIS";"Chuva";"Colisão com objeto";"Com Vítimas Feridas";"Plena Noite";"Decrescente";"Chuva";"Dupla";"Curva";"Não";2;0;2;0;0;0;2;1;-22,378777;-43,131523;"SPRF-RJ";"DEL05-RJ";"UOP02-DEL05-RJ"
494370;2022-12-22;"quinta-feira";"05:39:00";"SP";116;283;"EMBU DAS ARTES";"Acumulo de água sobre o pavimento";"Queda de ocupante de veículo";"Com Vítimas Feridas";"Amanhecer";"Decrescente";"Garoa/Chuvisco";"Múltipla";"Reta";"Não";1;0;1;0;0;0;1;1;-23,69297005;-46,86352786;"SPRF-SP";"DEL04-SP";"UOP01-DEL04-SP"
494373;2022-12-22;"quinta-feira";"05:20:00";"RO";364;690;"CANDEIAS DO JAMARI";"Reação tardia ou ineficiente do condutor";"Saída de leito carroçável";"Com Vítimas Feridas";"Amanhecer";"Decrescente";"Céu Claro";"Dupla";"Retorno Regulamentado";"Sim";4;0;3;0;1;0;3;1;-8,79612299;-63,68571823;"SPRF-RO";"DEL01-RO";"UOP01-DEL01-RO"
494374;2022-12-22;"quinta-feira";"07:00:00";"SC";101;198,7;"BIGUACU";"Demais falhas mecânicas ou elétricas";"Saída de leito carroçável";"Com Vítimas Feridas";"Pleno dia";"Decrescente";"Céu Claro";"Dupla";"Reta";"Sim";1;0;1;0;0;0;1;1;-27,52622878;-48,63484761;"SPRF-SC";"DEL01-SC";"UOP01-DEL01-SC"
494375;2022-12-22;"quinta-feira";"07:00:00";"RS";448;15;"CANOAS";"Reação tardia ou ineficiente do condutor";"Colisão com objeto";"Com Vítimas Feridas";"Pleno dia";"Decrescente";"Céu Claro";"Simples";"Curva";"Não";1;0;1;0;0;0;1;1;-29,927263;-51,217751;"SPRF-RS";"DEL01-RS";"UOP01-DEL01-RS"
494379;2022-12-22;"quinta-feira";"07:00:00";"PB";230;27,6;"JOAO PESSOA";"Pista Escorregadia";"Tombamento";"Com Vítimas Feridas";"Pleno dia";"Decrescente";"Garoa/Chuvisco";"Dupla";"Curva;Viaduto";"Sim";2;0;2;0;0;0;2;1;-7,16564039;-34,89484191;"SPRF-PB";"DEL01-PB";"UOP01-DEL01-PB"
494380;2022-12-22;"quinta-feira";"06:00:00";"CE";222;102;"UMIRIM";"Acumulo de água sobre o pavimento";"Capotamento";"Sem Vítimas";"Pleno dia";"Decrescente";"Chuva";"Simples";"Curva";"Sim";1;0;0;0;1;0;0;1;-3,73749744;-39,43418968;"SPRF-CE";"DEL04-CE";"UOP03-DEL04-CE"
494381;2022-12-20;"terça-feira";"06:30:00";"GO";153;411;"PIRENOPOLIS";"Ultrapassagem Indevida";"Colisão frontal";"Com Vítimas Feridas";"Amanhecer";"Decrescente";"Nublado";"Simples";"Curva";"Não";3;0;1;1;1;0;2;2;-16,103788;-49,030304;"SPRF-GO";"DEL02-GO";"UOP02-DEL02-GO"
494382;2022-12-22;"quinta-feira";"07:30:00";"CE";222;3,8;"CAUCAIA";"Conversão proibida";"Colisão transversal";"Com Vítimas Feridas";"Pleno dia";"Decrescente";"Céu Claro";"Dupla";"Reta";"Sim";2;0;2;0;0;0;2;2;-3,7403769;-38,59569202;"SPRF-CE";"DEL01-CE";"UOP01-DEL01-CE"
494383;2022-12-22;"quinta-feira";"04:35:00";"RS";470;229;"GARIBALDI";"Velocidade Incompatível";"Colisão com objeto";"Com Vítimas Feridas";"Plena Noite";"Decrescente";"Céu Claro";"Simples";"Curva;Declive";"Sim";2;0;0;2;0;0;2;1;-29,218603;-51,51677;"SPRF-RS";"DEL06-RS";"UOP01-DEL06-RS"
494384;2022-12-07;"quarta-feira";"04:40:00";"PR";116;100,8;"SAO JOSE DOS PINHAIS";"Ausência de reação do condutor";"Queda de ocupante de veículo";"Com Vítimas Feridas";"Plena Noite";"Decrescente";"Nublado";"Dupla";"Reta";"Sim";1;0;0;1;0;0;1;1;-25,53379421;-49,14663578;"SPRF-PR";"DEL01-PR";"UOP07-DEL01-PR"
494385;2022-12-22;"quinta-feira";"07:30:00";"MG";50;71,8;"UBERLANDIA";"Condutor deixou de manter distância do veículo da frente";"Colisão traseira";"Com Vítimas Feridas";"Pleno dia";"Decrescente";"Sol";"Dupla";"Reta";"Sim";2;0;1;0;1;0;1;2;-18,9009428;-48,2386056;"SPRF-MG";"DEL15-MG";"UOP01-DEL15-MG"
494388;2022-12-22;"quinta-feira";"04:30:00";"MT";163;574;"NOVA MUTUM";"Falta de acostamento";"Saída de leito carroçável";"Com Vítimas Feridas";"Plena Noite";"Crescente";"Chuva";"Simples";"Declive";"Não";1;0;1;0;0;0;1;1;-14,13148636;-56,10995832;"SPRF-MT";"DEL01-MT";"UOP01-DEL01-MT"
494392;2022-12-08;"quinta-feira";"20:45:00";"PE";104;11,7;"TAQUARITINGA DO NORTE";"Acessar a via sem observar a presença dos outros veículos";"Colisão transversal";"Com Vítimas Feridas";"Plena Noite";"Crescente";"Céu Claro";"Simples";"Interseção de Vias";"Não";2;0;0;1;1;0;1;2;-7,880132;-36,107628;"SPRF-PE";"DEL02-PE";"UOP01-DEL02-PE"
494393;2022-12-22;"quinta-feira";"06:10:00";"RJ";40;120;"DUQUE DE CAXIAS";"Demais falhas mecânicas ou elétricas";"Incêndio";"Sem Vítimas";"Pleno dia";"Crescente";"Chuva";"Múltipla";"Reta";"Sim";1;0;0;0;1;0;0;1;-22,77280597;-43,28626763;"SPRF-RJ";"DEL01-RJ";"UOP01-DEL01-RJ"
494395;2022-04-21;"quinta-feira";"05:50:00";"RJ";493;103;"SEROPEDICA";"Ausência de reação do condutor";"Tombamento";"Com Vítimas Feridas";"Pleno dia";"Crescente";"Céu Claro";"Dupla";"Reta";"Não";1;0;0;1;0;0;1;1;-22,77047159;-43,74031826;"SPRF-RJ";"DEL03-RJ";"UOP01-DEL03-RJ"
494396;2022-12-22;"quinta-feira";"09:00:00";"SC";101;101;"BALNEARIO PICARRAS";"Condutor deixou de manter distância do veículo da frente";"Colisão traseira";"Com Vítimas Feridas";"Pleno dia";"Crescente";"Céu Claro";"Múltipla";"Curva";"Sim";3;0;1;0;2;0;1;2;-26,76404198;-48,68657667;"SPRF-SC";"DEL03-SC";"UOP02-DEL03-SC"
494397;2022-12-22;"quinta-feira";"09:00:00";"PR";116;116;"CURITIBA";"Pista Escorregadia";"Tombamento";"Com Vítimas Feridas";"Pleno dia";"Decrescente";"Nublado";"Múltipla";"Reta";"Sim";1;0;1;0;0;0;1;1;-25,55468195;-49,27402397;"SPRF-PR";"DEL01-PR";"UOP03-DEL01-PR"
494398;2022-12-22;"quinta-feira";"08:30:00";"RO";364;237,2;"CACOAL";"Condutor deixou de manter distância do veículo da frente";"Colisão traseira";"Sem Vítimas";"Pleno dia";"Crescente";"Nublado";"Simples";"Retorno Regulamentado";"Sim";2;0;0;0;1;1;0;2;-11,442163;-61,448793;"SPRF-RO";"DEL02-RO";"UOP02-DEL02-RO"
494400;2022-12-20;"terça-feira";"16:40:00";"SP";116;514;"CAJATI";"Chuva";"Saída de leito carroçável";"Com Vítimas Feridas";"Pleno dia";"Decrescente";"Chuva";"Dupla";"Curva";"Não";3;0;1;0;2;0;1;1;-24,85874304;-48,21731282;"SPRF-SP";"DEL05-SP";"UOP02-DEL05-SP"
494401;2022-12-22;"quinta-feira";"10:00:00";"PR";376;502;"PONTA GROSSA";"Reação tardia ou ineficiente do condutor";"Saída de leito carroçável";"Com Vítimas Feridas";"Pleno dia";"Crescente";"Céu Claro";"Dupla";"Reta";"Sim";2;0;1;0;1;0;1;1;-25,21604594;-50,05797693;"SPRF-PR";"DEL03-PR";"UOP04-DEL03-PR"
494403;2022-12-22;"quinta-feira";"10:00:00";"RJ";495;2;"TERESOPOLIS";"Acesso irregular";"Colisão transversal";"Com Vítimas Feridas";"Pleno dia";"Crescente";"Nublado";"Simples";"Reta";"Sim";3;0;1;0;1;1;1;2;-22,397038;-42,984928;"SPRF-RJ";"DEL04-RJ";"UOP01-DEL04-RJ"
494404;2022-12-22;"quinta-feira";"10:15:00";"MG";365;507;"PATROCINIO";"Pista esburacada";"Colisão lateral mesmo sentido";"Sem Vítimas";"Pleno dia";"Crescente";"Céu Claro";"Simples";"Curva";"Não";4;0;0;0;4;0;0;2;-18,95648817;-47,25524101;"SPRF-MG";"DEL10-MG";"UOP01-DEL10-MG"
494405;2022-12-22;"quinta-feira";"10:20:00";"PE";232;33,8;"MORENO";"Manobra de mudança de faixa";"Queda de ocupante de veículo";"Com Vítimas Feridas";"Pleno dia";"Crescente";"Céu Claro";"Dupla";"Reta";"Sim";1;0;1;0;0;0;1;1;-8,10539025;-35,17523495;"SPRF-PE";"DEL01-PE";"UOP01-DEL01-PE"
494406;2022-12-05;"segunda-feira";"20:20:00";"PE";232;18,6;"JABOATAO DOS GUARARAPES";"Animais na Pista";"Atropelamento de Animal";"Com Vítimas Feridas";"Plena Noite";"Crescente";"Chuva";"Dupla";"Reta";"Não";2;0;1;0;1;0;1;2;-8,097231;-35,058271;"SPRF-PE";"DEL01-PE";"UOP01-DEL01-PE"
494408;2022-12-22;"quinta-feira";"11:00:00";"ES";101;392,3;"RIO NOVO DO SUL";"Desrespeitar a preferência no cruzamento";"Colisão transversal";"Com Vítimas Feridas";"Pleno dia";"Crescente";"Chuva";"Simples";"Interseção de Vias";"Não";2;0;1;0;1;0;1;2;-20,86817205;-40,90644672;"SPRF-ES";"DEL03-ES";"UOP02-DEL03-ES"
494409;2022-12-22;"quinta-feira";"11:20:00";"SP";116;208;"GUARULHOS";"Avarias e/ou desgaste excessivo no pneu";"Eventos atípicos";"Com Vítimas Feridas";"Pleno dia";"Decrescente";"Nublado";"Múltipla";"Aclive;Reta";"Sim";2;0;1;0;1;0;1;1;-23,42222263;-46,3932771;"SPRF-SP";"DEL01-SP";"UOP01-DEL01-SP"
494410;2022-12-04;"domingo";"01:35:00";"PA";163;994;"SANTAREM";"Ingestão de álcool pelo condutor";"Atropelamento de Pedestre";"Com Vítimas Fatais";"Plena Noite";"Decrescente";"Garoa/Chuvisco";"Simples";"Reta";"Não";18;1;3;14;0;0;17;2;-2,4789793;-54,7302306;"SPRF-PA";"DEL05-PA";"UOP01-DEL05-PA"
494413;2022-12-22;"quinta-feira";"11:30:00";"RS";386;343,9;"LAJEADO";"Ausência de reação do condutor";"Colisão frontal";"Com Vítimas Feridas";"Pleno dia";"Crescente";"Sol";"Simples";"Curva";"Não";4;0;0;1;2;1;1;4;-29,434835;-52,002365;"SPRF-RS";"DEL04-RS";"UOP01-DEL04-RS"
494414;2022-12-22;"quinta-feira";"07:40:00";"SP";116;112,9;"TAUBATE";"Ausência de reação do condutor";"Engavetamento";"Com Vítimas Feridas";"Pleno dia";"Decrescente";"Chuva";"Dupla";"Reta";"Sim";5;0;1;0;4;0;1;4;-23,04159343;-45,57065616;"SPRF-SP";"DEL02-SP";"UOP02-DEL02-SP"
494415;2022-12-22;"quinta-feira";"11:35:00";"MG";381;484;"BETIM";"Condutor deixou de manter distância do veículo da frente";"Colisão traseira";"Com Vítimas Feridas";"Pleno dia";"Decrescente";"Céu Claro";"Dupla";"Reta";"Sim";2;0;0;2;0;0;2;2;-19,95531717;-44,11722196;"SPRF-MG";"DEL01-MG";"UOP03-DEL01-MG"
494417;2022-12-22;"quinta-feira";"07:45:00";"MA";10;248;"IMPERATRIZ";"Manobra de mudança de faixa";"Colisão lateral mesmo sentido";"Com Vítimas Feridas";"Pleno dia";"Decrescente";"Céu Claro";"Múltipla";"Reta;Em Obras";"Sim";2;0;0;1;1;0;1;2;-5,566143;-47,449028;"SPRF-MA";"DEL04-MA";"UOP01-DEL04-MA"
494420;2022-12-22;"quinta-feira";"11:30:00";"GO";60;45,5;"ALEXANIA";"Reação tardia ou ineficiente do condutor";"Saída de leito carroçável";"Com Vítimas Feridas";"Pleno dia";"Crescente";"Céu Claro";"Dupla";"Declive";"Não";1;0;1;0;0;0;1;1;-16,1324;-48,5977;"SPRF-GO";"DEL02-GO";"UOP01-DEL02-GO"
494421;2022-12-22;"quinta-feira";"11:30:00";"MG";40;530;"CONTAGEM";"Condutor deixou de manter distância do veículo da frente";"Tombamento";"Com Vítimas Feridas";"Pleno dia";"Crescente";"Nublado";"Dupla";"Reta;Aclive";"Sim";1;0;1;0;0;0;1;1;-19,92064782;-44,0335681;"SPRF-MG";"DEL01-MG";"UOP02-DEL01-MG"
494423;2022-12-22;"quinta-feira";"10:00:00";"PE";232;229;"PESQUEIRA";"Reação tardia ou ineficiente do condutor";"Saída de leito carroçável";"Com Vítimas Feridas";"Pleno dia";"Crescente";"Céu Claro";"Dupla";"Reta";"Não";4;0;2;2;0;0;4;1;-8,40070446;-36,86507693;"SPRF-PE";"DEL03-PE";"UOP02-DEL03-PE"
494426;2022-12-22;"quinta-feira";"12:05:00";"RS";285;121,8;"VACARIA";"Acessar a via sem observar a presença dos outros veículos";"Colisão traseira";"Com Vítimas Feridas";"Pleno dia";"Decrescente";"Céu Claro";"Simples";"Reta";"Sim";1;0;1;0;0;0;1;1;-28,50536396;-50,94459057;"SPRF-RS";"DEL05-RS";"UOP03-DEL05-RS"
494427;2022-12-22;"quinta-feira";"10:40:00";"BA";116;427;"FEIRA DE SANTANA";"Ausência de reação do condutor";"Capotamento";"Com Vítimas Feridas";"Pleno dia";"Decrescente";"Céu Claro";"Dupla";"Reta";"Não";1;0;1;0;0;0;1;1;-12,27325057;-38,99391174;"SPRF-BA";"DEL02-BA";"UOP01-DEL02-BA"
494429;2022-12-10;"sábado";"16:26:00";"SC";101;206,6;"SAO JOSE";"Velocidade Incompatível";"Colisão com objeto";"Com Vítimas Fatais";"Pleno dia";"Crescente";"Céu Claro";"Múltipla";"Reta";"Sim";2;1;0;0;1;0;0;2;-27,597436;-48,620235;"SPRF-SC";"DEL01-SC";"UOP01-DEL01-SC"
494430;2022-12-22;"quinta-feira";"11:35:00";"SC";101;202;"SAO JOSE";"Acessar a via sem observar a presença dos outros veículos";"Colisão lateral mesmo sentido";"Com Vítimas Feridas";"Pleno dia";"Decrescente";"Sol";"Simples";"Interseção de Vias";"Sim";3;0;1;0;2;0;1;3;-27,55711595;-48,61897889;"SPRF-SC";"DEL01-SC";"UOP01-DEL01-SC"
494432;2022-12-22;"quinta-feira";"09:30:00";"BA";116;827,3;"VITORIA DA CONQUISTA";"Conversão proibida";"Colisão transversal";"Com Vítimas Feridas";"Pleno dia";"Decrescente";"Garoa/Chuvisco";"Simples";"Reta";"Sim";4;0;2;0;2;0;2;3;-14,888262;-40,860902;"SPRF-BA";"DEL08-BA";"UOP01-DEL08-BA"
494433;2022-12-06;"terça-feira";"19:30:00";"PR";272;435,7;"GOIOERE";"Acessar a via sem observar a presença dos outros veículos";"Colisão transversal";"Com Vítimas Feridas";"Anoitecer";"Crescente";"Nublado";"Simples";"Reta";"Sim";2;0;0;1;1;0;1;2;-24,18606474;-53,02029324;"SPRF-PR";"DEL09-PR";"UOP03-DEL09-PR"
494434;2022-12-07;"quarta-feira";"13:40:00";"PE";407;124;"PETROLINA";"Acessar a via sem observar a presença dos outros veículos";"Colisão lateral mesmo sentido";"Com Vítimas Feridas";"Pleno dia";"Crescente";"Céu Claro";"Dupla";"Rotatória";"Sim";3;0;1;0;2;0;1;2;-9,36929881;-40,54137139;"SPRF-PE";"DEL06-PE";"UOP01-DEL06-PE"
494435;2022-12-22;"quinta-feira";"13:10:00";"RJ";116;310;"RESENDE";"Reação tardia ou ineficiente do condutor";"Colisão lateral sentido oposto";"Com Vítimas Feridas";"Pleno dia";"Decrescente";"Nublado";"Dupla";"Reta";"Sim";2;0;1;0;1;0;1;2;-22,45923593;-44,434776;"SPRF-RJ";"DEL07-RJ";"UOP02-DEL07-RJ"
494436;2022-08-27;"sábado";"22:00:00";"BA";135;15;"FORMOSA DO RIO PRETO";"Ultrapassagem Indevida";"Colisão frontal";"Com Vítimas Fatais";"Plena Noite";"Crescente";"Céu Claro";"Simples";"Aclive";"Não";8;3;4;0;1;0;4;2;-10,95688704;-45,1926509;"SPRF-BA";"DEL10-BA";"UOP01-DEL10-BA"
494437;2022-12-22;"quinta-feira";"09:50:00";"PE";101;153;"RIBEIRAO";"Ausência de reação do condutor";"Capotamento";"Com Vítimas Feridas";"Pleno dia";"Crescente";"Céu Claro";"Dupla";"Reta";"Não";2;0;2;0;0;0;2;1;-8,51960799;-35,38997595;"SPRF-PE";"DEL01-PE";"UOP03-DEL01-PE"
494438;2022-12-22;"quinta-feira";"13:40:00";"MG";381;679,3;"PERDOES";"Reação tardia ou ineficiente do condutor";"Colisão com objeto";"Com Vítimas Feridas";"Pleno dia";"Crescente";"Céu Claro";"Dupla";"Reta;Declive";"Não";1;0;1;0;0;0;1;1;-21,12187477;-45,09698868;"SPRF-MG";"DEL04-MG";"UOP02-DEL04-MG"
494440;2022-12-22;"quinta-feira";"11:30:00";"PA";230;120;"MARABA";"Manobra de mudança de faixa";"Colisão lateral mesmo sentido";"Com Vítimas Feridas";"Pleno dia";"Decrescente";"Céu Claro";"Dupla";"Reta;Ponte";"Não";2;0;0;1;0;1;1;2;-5,35796507;-49,12296295;"SPRF-PA";"DEL03-PA";"UOP01-DEL03-PA"
494442;2022-12-15;"quinta-feira";"09:10:00";"MS";267;16,2;"BATAGUASSU";"Frear bruscamente";"Colisão traseira";"Com Vítimas Feridas";"Pleno dia";"Crescente";"Céu Claro";"Simples";"Reta";"Não";9;0;3;2;3;1;5;3;-21,72576632;-52,29390264;"SPRF-MS";"DEL02-MS";"UOP04-DEL02-MS"
494444;2022-12-22;"quinta-feira";"14:44:00";"GO";153;502;"GOIANIA";"Ausência de reação do condutor";"Colisão com objeto";"Com Vítimas Feridas";"Pleno dia";"Decrescente";"Ignorado";"Dupla";"Reta";"Sim";1;0;0;1;0;0;1;1;-16,7287;-49,2424;"SPRF-GO";"DEL01-GO";"UOP01-DEL01-GO"
494446;2022-09-30;"sexta-feira";"05:48:00";"RN";101;79;"NATAL";"Conversão proibida";"Colisão transversal";"Com Vítimas Feridas";"Pleno dia";"Decrescente";"Céu Claro";"Dupla";"Reta";"Sim";3;0;2;0;1;0;2;2;-5,74962896;-35,28918369;"SPRF-RN";"DEL02-RN";"UOP01-DEL02-RN"
494447;2022-12-22;"quinta-feira";"14:01:00";"GO";40;6;"VALPARAISO DE GOIAS";"Condutor deixou de manter distância do veículo da frente";"Colisão traseira";"Com Vítimas Feridas";"Pleno dia";"Decrescente";"Céu Claro";"Dupla";"Reta";"Sim";2;0;0;1;1;0;1;2;-16,100814;-47,977351;"SPRF-DF";"DEL01-DF";"UOP01-DEL01-DF"
494449;2022-09-09;"sexta-feira";"10:50:00";"PB";230;85,8;"GURINHEM";"Velocidade Incompatível";"Saída de leito carroçável";"Com Vítimas Feridas";"Pleno dia";"Decrescente";"Céu Claro";"Dupla";"Reta;Declive";"Não";1;0;1;0;0;0;1;1;-7,1689;-35,3743;"SPRF-PB";"DEL01-PB";"UOP03-DEL01-PB"