"id";"data_inversa";"dia_semana";"horario";"uf";"br";"km";"municipio";"causa_acidente";"tipo_acidente";"classificacao_acidente";"fase_dia";"sentido_via";"condicao_metereologica";"tipo_pista";"tracado_via";"uso_solo";"pessoas";"mortos";"feridos_leves";"feridos_graves";"ilesos";"ignorados";"feridos";"veiculos";"latitude";"longitude";"regional";"delegacia";"uop"
494559;2022-12-23;"sexta-feira";"00:00:00";"GO";414;418,2;"ABADIANIA";"Ingestão de álcool pelo condutor";"Colisão lateral sentido oposto";"Sem Vítimas";"Plena Noite";"Crescente";"Céu Claro";"Simples";"Reta";"Não";4;0;0;0;4;0;0;2;-16,11097238;-48,88280482;"SPRF-GO";"DEL02-GO";"UOP01-DEL02-GO"
494560;2022-12-22;"quinta-feira";"21:00:00";"TO";242;439,7;"FORMOSO DO ARAGUAIA";"Animais na Pista";"Atropelamento de Animal";"Com Vítimas Feridas";"Plena Noite";"Crescente";"Céu Claro";"Simples";"Reta";"Não";2;0;2;0;0;0;2;1;-11,85321429;-49,42086049;"SPRF-TO";"DEL01-TO";"UOP02-DEL01-TO"
494564;2022-12-23;"sexta-feira";"00:20:00";"RJ";40;113;"DUQUE DE CAXIAS";"Ingestão de álcool pelo condutor";"Colisão com objeto";"Com Vítimas Feridas";"Plena Noite";"Decrescente";"Nublado";"Múltipla";"Curva";"Sim";2;0;1;0;1;0;1;1;-22,71065787;-43,29000148;"SPRF-RJ";"DEL01-RJ";"UOP01-DEL01-RJ"
494565;2022-12-22;"quinta-feira";"23:30:00";"CE";116;382,3;"ICO";"Animais na Pista";"Atropelamento de Animal";"Com Vítimas Feridas";"Plena Noite";"Crescente";"Céu Claro";"Simples";"Reta";"Não";2;0;2;0;0;0;2;1;-6,44056901;-38,85708811;"SPRF-CE";"DEL05-CE";"UOP01-DEL05-CE"
494569;2022-12-22;"quinta-feira";"07:00:00";"SC";101;287,5;"IMBITUBA";"Mal súbito do condutor";"Saída de leito carroçável";"Com Vítimas Feridas";"Pleno dia";"Decrescente";"Céu Claro";"Dupla";"Reta";"Não";1;0;1;0;0;0;1;1;-28,23766496;-48,70059767;"SPRF-SC";"DEL02-SC";"UOP03-DEL02-SC"
494570;2022-12-23;"sexta-feira";"01:15:00";"AL";104;18,6;"SAO JOSE DA LAJE";"Condutor Dormindo";"Saída de leito carroçável";"Com Vítimas Feridas";"Plena Noite";"Decrescente";"Céu Claro";"Simples";"Aclive;Curva";"Não";6;0;1;0;5;0;1;1;-9,04193899;-36,03775187;"SPRF-AL";"DEL01-AL";"UOP02-DEL01-AL"
494572;2022-12-23;"sexta-feira";"02:10:00";"GO";414;439;"ANAPOLIS";"Demais falhas mecânicas ou elétricas";"Incêndio";"Sem Vítimas";"Plena Noite";"Crescente";"Céu Claro";"Simples";"Reta";"Sim";4;0;0;0;4;0;0;1;-16,28128823;-48,94258908;"SPRF-GO";"DEL02-GO";"UOP01-DEL02-GO"
494575;2022-12-23;"sexta-feira";"02:34:00";"SC";101;201;"SAO JOSE";"Condutor Dormindo";"Saída de leito carroçável";"Sem Vítimas";"Plena Noite";"Crescente";"Céu Claro";"Dupla";"Reta";"Sim";1;0;0;0;1;0;0;1;-27,55126591;-48,619802;"SPRF-SC";"DEL01-SC";"UOP01-DEL01-SC"
494578;2022-12-23;"sexta-feira";"02:20:00";"SP";116;400;"MIRACATU";"Reação tardia ou ineficiente do condutor";"Saída de leito carroçável";"Com Vítimas Feridas";"Plena Noite";"Crescente";"Nublado";"Dupla";"Reta";"Não";1;0;1;0;0;0;1;1;-24,30807105;-47,50100998;"SPRF-SP";"DEL04-SP";"UOP02-DEL04-SP"
494581;2022-12-23;"sexta-feira";"03:00:00";"SE";235;52;"ITABAIANA";"Entrada inopinada do pedestre";"Atropelamento de Pedestre";"Com Vítimas Fatais";"Plena Noite";"Crescente";"Céu Claro";"Simples";"Reta";"Não";3;1;0;0;0;2;0;2;-10,693279;-37,437557;"SPRF-SE";"DEL01-SE";"UOP02-DEL01-SE"
494584;2022-12-22;"quinta-feira";"23:30:00";"SP";116;509;"CAJATI";"Condutor Dormindo";"Saída de leito carroçável";"Com Vítimas Feridas";"Plena Noite";"Decrescente";"Garoa/Chuvisco";"Dupla";"Reta";"Não";5;0;0;1;4;0;1;1;-24,81813374;-48,21084023;"SPRF-SP";"DEL05-SP";"UOP02-DEL05-SP"
494585;2022-12-23;"sexta-feira";"03:45:00";"DF";70;5,8;"BRASILIA";"Ingestão de álcool pelo condutor";"Saída de leito carroçável";"Sem Vítimas";"Plena Noite";"Decrescente";"Nublado";"Dupla";"Reta;Declive";"Sim";1;0;0;0;0;1;0;1;-15,791636;-48,104429;"SPRF-DF";"DEL03-DF";"UOP02-DEL03-DF"
494586;2022-12-22;"quinta-feira";"20:14:00";"TO";153;237;"COLINAS DO TOCANTINS";"Condutor deixou de manter distância do veículo da frente";"Colisão traseira";"Com Vítimas Feridas";"Plena Noite";"Decrescente";"Chuva";"Simples";"Reta";"Não";2;0;1;0;1;0;1;2;-7,96747498;-48,46389145;"SPRF-TO";"DEL02-TO";"UOP01-DEL02-TO"
494587;2022-12-23;"sexta-feira";"05:00:00";"SC";101;202,6;"SAO JOSE";"Ingestão de álcool pelo condutor";"Eventos atípicos";"Sem Vítimas";"Amanhecer";"Decrescente";"Céu Claro";"Múltipla";"Reta";"Não";1;0;0;0;1;0;0;1;-27,56149036;-48,61621857;"SPRF-SC";"DEL01-SC";"UOP01-DEL01-SC"
494588;2022-12-23;"sexta-feira";"04:00:00";"PR";277;194,5;"PALMEIRA";"Acesso irregular";"Colisão transversal";"Com Vítimas Feridas";"Plena Noite";"Crescente";"Ignorado";"Simples";"Reta";"Não";7;0;0;4;3;0;4;3;-25,43176631;-50,14954706;"SPRF-PR";"DEL08-PR";"UOP02-DEL08-PR"
494589;2022-12-22;"quinta-feira";"15:51:00";"GO";80;12;"PADRE BERNARDO";"Avarias e/ou desgaste excessivo no pneu";"Saída de leito carroçável";"Com Vítimas Fatais";"Pleno dia";"Crescente";"Nublado";"Simples";"Aclive;Reta";"Não";2;1;1;0;0;0;1;1;-15,441895;-48,197696;"SPRF-DF";"DEL03-DF";"UOP02-DEL03-DF"
494591;2022-12-23;"sexta-feira";"01:30:00";"AL";101;181;"JUNQUEIRO";"Condutor Dormindo";"Saída de leito carroçável";"Sem Vítimas";"Pleno dia";"Crescente";"Céu Claro";"Dupla";"Aclive";"Não";1;0;0;0;0;1;0;1;-9,89535548;-36,41225988;"SPRF-AL";"DEL02-AL";"UOP02-DEL02-AL"
494593;2022-12-23;"sexta-feira";"03:30:00";"SC";101;435,2;"SOMBRIO";"Acessar a via sem observar a presença dos outros veículos";"Colisão lateral mesmo sentido";"Com Vítimas Feridas";"Plena Noite";"Crescente";"Nublado";"Múltipla";"Interseção de Vias;Reta";"Não";3;0;2;0;1;0;2;2;-29,09949414;-49,63480552;"SPRF-SC";"DEL02-SC";"UOP02-DEL02-SC"
494594;2022-12-23;"sexta-feira";"05:02:00";"GO";20;5;"FORMOSA";"Condutor deixou de manter distância do veículo da frente";"Colisão traseira";"Sem Vítimas";"Amanhecer";"Crescente";"Nublado";"Dupla";"Reta";"Sim";3;0;0;0;3;0;0;2;-15,55530676;-47,30695724;"SPRF-DF";"DEL02-DF";"UOP02-DEL02-DF"
494596;2022-12-23;"sexta-feira";"01:18:00";"PI";135;591;"CORRENTE";"Pedestre andava na pista";"Atropelamento de Pedestre";"Com Vítimas Fatais";"Plena Noite";"Crescente";"Nublado";"Simples";"Reta";"Não";2;1;0;0;0;1;0;2;-10,42455747;-45,1610524;"SPRF-PI";"DEL03-PI";"UOP02-DEL03-PI"
494598;2022-12-23;"sexta-feira";"03:20:00";"GO";153;344,5;"JARAGUA";"Ingestão de álcool pelo condutor";"Saída de leito carroçável";"Sem Vítimas";"Plena Noite";"Decrescente";"Chuva";"Simples";"Reta;Aclive";"Não";1;0;0;0;1;0;0;1;-15,624779;-49,387218;"SPRF-GO";"DEL02-GO";"UOP02-DEL02-GO"
494599;2022-12-23;"sexta-feira";"02:55:00";"AC";364;123,7;"RIO BRANCO";"Ausência de reação do condutor";"Atropelamento de Pedestre";"Com Vítimas Fatais";"Plena Noite";"Decrescente";"Céu Claro";"Dupla";"Reta";"Não";2;1;0;0;0;1;0;2;-10,0117071;-67,782373;"SPRF-AC";"DEL01-AC";"UOP01-DEL01-AC"
494600;2022-12-23;"sexta-feira";"06:25:00";"CE";116;27;"ITAITINGA";"Manobra de mudança de faixa";"Saída de leito carroçável";"Com Vítimas Feridas";"Amanhecer";"Crescente";"Céu Claro";"Múltipla";"Reta";"Não";5;0;3;2;0;0;5;1;-3,98418708;-38,5151357;"SPRF-CE";"DEL01-CE";"UOP02-DEL01-CE"
494602;2022-12-23;"sexta-feira";"06:30:00";"SC";101;197;"BIGUACU";"Reação tardia ou ineficiente do condutor";"Colisão traseira";"Com Vítimas Feridas";"Pleno dia";"Crescente";"Céu Claro";"Dupla";"Reta";"Sim";3;0;0;2;1;0;2;3;-27,51844497;-48,63848496;"SPRF-SC";"DEL01-SC";"UOP01-DEL01-SC"
494605;2022-12-22;"quinta-feira";"17:50:00";"MG";262;445,3;"NOVA SERRANA";"Velocidade Incompatível";"Queda de ocupante de veículo";"Com Vítimas Feridas";"Anoitecer";"Crescente";"Chuva";"Dupla";"Reta";"Sim";1;0;0;1;0;0;1;1;-19,87799664;-44,94086286;"SPRF-MG";"DEL08-MG";"UOP03-DEL08-MG"
494607;2022-12-23;"sexta-feira";"04:30:00";"RN";304;24;"MOSSORO";"Velocidade Incompatível";"Saída de leito carroçável";"Sem Vítimas";"Plena Noite";"Crescente";"Nublado";"Simples";"Rotatória";"Não";1;0;0;0;0;1;0;1;-5,06488233;-37,33287055;"SPRF-RN";"DEL04-RN";"UOP02-DEL04-RN"
494611;2022-12-22;"quinta-feira";"19:30:00";"TO";153;760,1;"ALVORADA";"Reação tardia ou ineficiente do condutor";"Saída de leito carroçável";"Com Vítimas Feridas";"Plena Noite";"Decrescente";"Céu Claro";"Dupla";"Reta";"Sim";2;0;1;0;1;0;1;1;-12,47220398;-49,11847862;"SPRF-TO";"DEL01-TO";"UOP02-DEL01-TO"
494612;2022-12-23;"sexta-feira";"04:30:00";"PE";232;116;"CARUARU";"Ausência de reação do condutor";"Colisão traseira";"Com Vítimas Feridas";"Amanhecer";"Decrescente";"Céu Claro";"Dupla";"Reta";"Não";2;0;1;0;1;0;1;2;-8,2970005;-35,86666391;"SPRF-PE";"DEL02-PE";"UOP01-DEL02-PE"
494613;2022-12-21;"quarta-feira";"09:16:00";"TO";230;29;"SANTA TEREZINHA DO TOCANTINS";"Avarias e/ou desgaste excessivo no pneu";"Saída de leito carroçável";"Com Vítimas Feridas";"Pleno dia";"Decrescente";"Sol";"Simples";"Reta";"Não";6;0;1;4;0;1;5;2;-6,41275285;-47,61025895;"SPRF-TO";"DEL02-TO";"UOP03-DEL02-TO"
494615;2022-12-23;"sexta-feira";"06:20:00";"SP";116;67,4;"GUARATINGUETA";"Ausência de reação do condutor";"Colisão com objeto";"Com Vítimas Feridas";"Pleno dia";"Decrescente";"Nublado";"Dupla";"Curva";"Sim";2;0;2;0;0;0;2;1;-22,82867578;-45,2088941;"SPRF-SP";"DEL08-SP";"UOP01-DEL08-SP"
494616;2022-12-22;"quinta-feira";"18:40:00";"MG";116;764,3;"LEOPOLDINA";"Chuva";"Saída de leito carroçável";"Sem Vítimas";"Anoitecer";"Crescente";"Chuva";"Simples";"Curva";"Não";1;0;0;0;0;1;0;1;-21,52171912;-42,64030314;"SPRF-MG";"DEL07-MG";"UOP01-DEL07-MG"
494618;2022-12-23;"sexta-feira";"06:50:00";"PI";343;52;"BURITI DOS LOPES";"Condutor deixou de manter distância do veículo da frente";"Colisão traseira";"Com Vítimas Fatais";"Pleno dia";"Decrescente";"Chuva";"Simples";"Reta";"Não";6;1;3;0;1;1;3;2;-3,194594;-41,841324;"SPRF-PI";"DEL05-PI";"UOP01-DEL05-PI"
494619;2022-12-22;"quinta-feira";"20:32:00";"RO";364;280;"PRESIDENTE MEDICI";"Demais falhas na via";"Saída de leito carroçável";"Com Vítimas Feridas";"Plena Noite";"Crescente";"Nublado";"Simples";"Reta";"Não";2;0;2;0;0;0;2;1;-11,38029255;-61,80430291;"SPRF-RO";"DEL02-RO";"UOP01-DEL02-RO"
494620;2022-12-22;"quinta-feira";"14:00:00";"RJ";40;119;"DUQUE DE CAXIAS";"Frear bruscamente";"Colisão traseira";"Com Vítimas Feridas";"Pleno dia";"Decrescente";"Nublado";"Múltipla";"Reta";"Sim";3;0;1;0;2;0;1;2;-22,76375592;-43,28683062;"SPRF-RJ";"DEL01-RJ";"UOP01-DEL01-RJ"
494623;2022-12-23;"sexta-feira";"07:20:00";"PR";369;174;"ROLANDIA";"Condutor desrespeitou a iluminação vermelha do semáforo";"Colisão transversal";"Com Vítimas Feridas";"Pleno dia";"Crescente";"Sol";"Dupla";"Interseção de Vias";"Sim";2;0;1;0;1;0;1;2;-23,32151843;-51,38280988;"SPRF-PR";"DEL07-PR";"UOP01-DEL07-PR"
494625;2022-11-13;"domingo";"21:40:00";"CE";116;68,2;"CHOROZINHO";"Ingestão de álcool pelo condutor";"Queda de ocupante de veículo";"Com Vítimas Fatais";"Plena Noite";"Crescente";"Céu Claro";"Simples";"Reta";"Não";3;1;2;0;0;0;2;1;-4,3140702;-38,49723925;"SPRF-CE";"DEL03-CE";"UOP02-DEL03-CE"
494629;2022-12-23;"sexta-feira";"08:30:00";"SP";116;206;"GUARULHOS";"Animais na Pista";"Atropelamento de Animal";"Com Vítimas Feridas";"Pleno dia";"Crescente";"Céu Claro";"Múltipla";"Reta";"Sim";1;0;1;0;0;0;1;1;-23,41722629;-46,37510292;"SPRF-SP";"DEL01-SP";"UOP01-DEL01-SP"
494631;2022-12-22;"quinta-feira";"20:30:00";"GO";70;469;"ARAGARCAS";"Ingestão de álcool e/ou substâncias psicoativas pelo pedestre";"Atropelamento de Pedestre";"Com Vítimas Feridas";"Plena Noite";"Decrescente";"Céu Claro";"Dupla";"Interseção de Vias;Reta";"Sim";2;0;0;1;1;0;1;2;-15,896386;-52,24357;"SPRF-GO";"DEL04-GO";"UOP02-DEL04-GO"
494632;2022-12-23;"sexta-feira";"08:15:00";"TO";153;146;"ARAGUAINA";"Animais na Pista";"Atropelamento de Animal";"Com Vítimas Feridas";"Pleno dia";"Decrescente";"Nublado";"Múltipla";"Reta";"Sim";2;0;1;0;0;1;1;2;-7,21337786;-48,24431331;"SPRF-TO";"DEL02-TO";"UOP01-DEL02-TO"
494635;2022-12-23;"sexta-feira";"07:00:00";"RJ";40;122;"DUQUE DE CAXIAS";"Trafegar com motocicleta (ou similar) entre as faixas";"Colisão lateral mesmo sentido";"Com Vítimas Feridas";"Pleno dia";"Crescente";"Céu Claro";"Múltipla";"Reta";"Sim";2;0;1;0;0;1;1;1;-22,79083113;-43,28611569;"SPRF-RJ";"DEL01-RJ";"UOP01-DEL01-RJ"
494637;2022-12-23;"sexta-feira";"08:20:00";"SE";235;57,7;"ITABAIANA";"Conversão proibida";"Colisão frontal";"Com Vítimas Feridas";"Pleno dia";"Decrescente";"Nublado";"Simples";"Reta";"Não";2;0;0;1;1;0;1;2;-10,650009;-37,451248;"SPRF-SE";"DEL01-SE";"UOP02-DEL01-SE"
494640;2022-12-20;"terça-feira";"03:55:00";"PR";116;45;"CAMPINA GRANDE DO SUL";"Reação tardia ou ineficiente do condutor";"Tombamento";"Com Vítimas Feridas";"Amanhecer";"Crescente";"Garoa/Chuvisco";"Dupla";"Curva";"Não";4;0;1;0;3;0;1;1;-25,1882321;-48,88492529;"SPRF-PR";"DEL01-PR";"UOP02-DEL01-PR"
494641;2022-12-17;"sábado";"15:50:00";"PE";101;52;"PAULISTA";"Reação tardia ou ineficiente do condutor";"Colisão traseira";"Com Vítimas Feridas";"Pleno dia";"Crescente";"Céu Claro";"Dupla";"Reta";"Sim";2;0;1;0;1;0;1;2;-7,92358799;-34,89607201;"SPRF-PE";"DEL01-PE";"UOP02-DEL01-PE"
494642;2022-12-23;"sexta-feira";"07:30:00";"MT";364;405;"CUIABA";"Desrespeitar a preferência no cruzamento";"Colisão lateral mesmo sentido";"Com Vítimas Feridas";"Pleno dia";"Crescente";"Céu Claro";"Múltipla";"Reta";"Sim";3;0;2;0;1;0;2;2;-15,65807393;-55,97979396;"SPRF-MT";"DEL01-MT";"UOP02-DEL01-MT"
494644;2022-12-04;"domingo";"12:59:00";"PR";280;307,5;"BARRACAO";"Reação tardia ou ineficiente do condutor";"Saída de leito carroçável";"Com Vítimas Feridas";"Pleno dia";"Decrescente";"Chuva";"Simples";"Curva";"Não";6;0;5;1;0;0;6;1;-26,292828;-53,464769;"SPRF-PR";"DEL02-PR";"UOP01-DEL02-PR"
494645;2022-12-23;"sexta-feira";"07:50:00";"CE";20;335,3;"CARIDADE";"Acessar a via sem observar a presença dos outros veículos";"Colisão transversal";"Com Vítimas Feridas";"Pleno dia";"Decrescente";"Céu Claro";"Simples";"Interseção de Vias;Reta;Aclive";"Não";2;0;1;1;0;0;2;2;-4,16571325;-39,15249153;"SPRF-CE";"DEL02-CE";"UOP01-DEL02-CE"
494647;2022-09-17;"sábado";"16:00:00";"SC";101;206;"SAO JOSE";"Demais falhas mecânicas ou elétricas";"Incêndio";"Sem Vítimas";"Pleno dia";"Crescente";"Céu Claro";"Simples";"Reta";"Sim";1;0;0;0;1;0;0;1;-27,59193546;-48,61824557;"SPRF-SC";"DEL01-SC";"UOP01-DEL01-SC"
494648;2022-12-19;"segunda-feira";"07:55:00";"RJ";101;314;"SAO GONCALO";"Ultrapassagem Indevida";"Colisão lateral mesmo sentido";"Com Vítimas Feridas";"Pleno dia";"Crescente";"Nublado";"Dupla";"Reta";"Sim";3;0;1;0;2;0;1;2;-22,81648739;-43,07728467;"SPRF-RJ";"DEL02-RJ";"UOP02-DEL02-RJ"
494651;2022-09-04;"domingo";"12:05:00";"AM";230;236;"APUI";"Falta de elemento de contenção que evite a saída do leito carroçável";"Saída de leito carroçável";"Com Vítimas Fatais";"Pleno dia";"Crescente";"Céu Claro";"Simples";"Reta;Ponte";"Não";1;1;0;0;0;0;0;1;-7,269134;-60,045901;"SPRF-AM";"DEL01-AM";"UOP05-DEL01-AM"
494652;2022-12-23;"sexta-feira";"09:20:00";"RN";406;171,1;"SAO GONCALO DO AMARANTE";"Problema com o freio";"Colisão com objeto";"Com Vítimas Feridas";"Pleno dia";"Crescente";"Céu Claro";"Dupla";"Reta";"Sim";4;0;1;0;3;0;1;4;-5,76172663;-35,29115323;"SPRF-RN";"DEL02-RN";"UOP01-DEL02-RN"
494653;2022-09-21;"quarta-feira";"18:00:00";"RJ";40;120;"DUQUE DE CAXIAS";"Avarias e/ou desgaste excessivo no pneu";"Queda de ocupante de veículo";"Com Vítimas Feridas";"Plena Noite";"Crescente";"Céu Claro";"Múltipla";"Reta";"Sim";2;0;1;1;0;0;2;1;-22,77280597;-43,28626763;"SPRF-RJ";"DEL01-RJ";"UOP01-DEL01-RJ"
494656;2022-12-23;"sexta-feira";"06:20:00";"MG";354;733,9;"POUSO ALTO";"Condutor deixou de manter distância do veículo da frente";"Colisão lateral mesmo sentido";"Com Vítimas Feridas";"Amanhecer";"Crescente";"Céu Claro";"Simples";"Reta";"Sim";2;0;1;0;1;0;1;2;-22,180928;-44,977312;"SPRF-MG";"DEL17-MG";"UOP01-DEL17-MG"
494657;2022-12-23;"sexta-feira";"09:15:00";"SC";470;54,2;"BLUMENAU";"Retorno proibido";"Colisão transversal";"Com Vítimas Feridas";"Pleno dia";"Crescente";"Nublado";"Simples";"Reta";"Sim";2;0;1;0;1;0;1;2;-26,87115824;-49,11097373;"SPRF-SC";"DEL04-SC";"UOP01-DEL04-SC"
494658;2022-12-23;"sexta-feira";"09:30:00";"SC";101;119,7;"ITAJAI";"Trafegar com motocicleta (ou similar) entre as faixas";"Colisão traseira";"Com Vítimas Feridas";"Pleno dia";"Crescente";"Céu Claro";"Dupla";"Reta";"Sim";2;0;1;0;1;0;1;2;-26,910483;-48,712982;"SPRF-SC";"DEL04-SC";"UOP04-DEL04-SC"
494659;2022-10-01;"sábado";"06:00:00";"SP";116;389,5;"MIRACATU";"Ingestão de álcool pelo condutor";"Colisão com objeto";"Sem Vítimas";"Amanhecer";"Crescente";"Garoa/Chuvisco";"Dupla";"Reta";"Não";1;0;0;0;0;1;0;1;-24,27280624;-47,4062269;"SPRF-SP";"DEL04-SP";"UOP02-DEL04-SP"
494661;2022-10-05;"quarta-feira";"13:55:00";"TO";230;2;"AGUIARNOPOLIS";"Transitar na contramão";"Colisão lateral sentido oposto";"Com Vítimas Feridas";"Pleno dia";"Decrescente";"Sol";"Simples";"Reta";"Sim";2;0;1;0;1;0;1;2;-6,56184592;-47,46741502;"SPRF-TO";"DEL02-TO";"UOP03-DEL02-TO"
494662;2022-12-23;"sexta-feira";"09:25:00";"DF";20;27;"BRASILIA";"Demais falhas mecânicas ou elétricas";"Incêndio";"Sem Vítimas";"Pleno dia";"Decrescente";"Sol";"Dupla";"Reta";"Não";1;0;0;0;1;0;0;1;-15,597054;-47,631065;"SPRF-DF";"DEL02-DF";"UOP01-DEL02-DF"
494663;2022-12-23;"sexta-feira";"10:00:00";"SC";282;5;"SAO JOSE";"Velocidade Incompatível";"Tombamento";"Com Vítimas Feridas";"Pleno dia";"Decrescente";"Sol";"Dupla";"Curva";"Sim";1;0;0;1;0;0;1;1;-27,588425;-48,612919;"SPRF-SC";"DEL01-SC";"UOP01-DEL01-SC"
494664;2022-12-20;"terça-feira";"06:35:00";"MG";381;635,9;"SANTO ANTONIO DO AMPARO";"Velocidade Incompatível";"Capotamento";"Com Vítimas Feridas";"Pleno dia";"Decrescente";"Chuva";"Dupla";"Curva";"Não";3;0;2;0;1;0;2;1;-20,88278809;-44,85183046;"SPRF-MG";"DEL04-MG";"UOP01-DEL04-MG"
494665;2022-12-23;"sexta-feira";"10:15:00";"CE";116;50,4;"PACAJUS";"Reação tardia ou ineficiente do condutor";"Colisão com objeto";"Com Vítimas Feridas";"Pleno dia";"Crescente";"Nublado";"Dupla";"Reta";"Não";1;0;1;0;0;0;1;1;-4,16955504;-38,49286781;"SPRF-CE";"DEL03-CE";"UOP02-DEL03-CE"
494670;2022-12-21;"quarta-feira";"18:00:00";"TO";153;133;"ARAGUAINA";"Ingestão de álcool pelo condutor";"Queda de ocupante de veículo";"Com Vítimas Feridas";"Plena Noite";"Crescente";"Céu Claro";"Simples";"Reta;Aclive";"Não";2;0;1;0;1;0;1;1;-7,11461109;-48,18743388;"SPRF-TO";"DEL02-TO";"UOP01-DEL02-TO"
494671;2022-12-23;"sexta-feira";"09:32:00";"GO";40;3,3;"VALPARAISO DE GOIAS";"Reação tardia ou ineficiente do condutor";"Colisão traseira";"Com Vítimas Feridas";"Pleno dia";"Decrescente";"Céu Claro";"Dupla";"Reta";"Sim";2;0;1;0;1;0;1;2;-16,076081;-47,985671;"SPRF-DF";"DEL01-DF";"UOP01-DEL01-DF"
494674;2022-08-23;"terça-feira";"03:45:00";"MG";381;641,1;"SANTO ANTONIO DO AMPARO";"Manobra de mudança de faixa";"Tombamento";"Com Vítimas Feridas";"Plena Noite";"Decrescente";"Céu Claro";"Dupla";"Reta";"Não";4;0;0;3;1;0;3;1;-20,92855294;-44,87437629;"SPRF-MG";"DEL04-MG";"UOP01-DEL04-MG"
494675;2022-12-23;"sexta-feira";"11:15:00";"PE";101;54,8;"PAULISTA";"Manobra de mudança de faixa";"Colisão lateral mesmo sentido";"Com Vítimas Feridas";"Pleno dia";"Decrescente";"Céu Claro";"Múltipla";"Interseção de Vias;Declive";"Sim";3;0;1;0;1;1;1;3;-7,93961103;-34,90356584;"SPRF-PE";"DEL01-PE";"UOP02-DEL01-PE"
494679;2022-12-23;"sexta-feira";"09:15:00";"MS";163;485;"CAMPO GRANDE";"Ausência de reação do condutor";"Engavetamento";"Com Vítimas Feridas";"Pleno dia";"Decrescente";"Céu Claro";"Simples";"Aclive;Reta";"Sim";16;0;1;0;15;0;1;4;-20,44233707;-54,54201834;"SPRF-MS";"DEL01-MS";"UOP02-DEL01-MS"
494680;2022-12-23;"sexta-feira";"11:00:00";"RS";153;33,8;"TRES ARROIOS";"Ultrapassagem Indevida";"Colisão frontal";"Com Vítimas Feridas";"Pleno dia";"Crescente";"Céu Claro";"Simples";"Reta;Declive";"Não";6;0;1;0;5;0;1;2;-27,54439568;-52,18859017;"SPRF-RS";"DEL08-RS";"UOP04-DEL08-RS"
494681;2022-06-25;"sábado";"16:20:00";"MG";381;185,3;"PERIQUITO";"Acessar a via sem observar a presença dos outros veículos";"Colisão transversal";"Com Vítimas Fatais";"Pleno dia";"Decrescente";"Céu Claro";"Simples";"Reta";"Não";3;1;2;0;0;0;2;2;-19,07143196;-42,17623006;"SPRF-MG";"DEL06-MG";"UOP01-DEL06-MG"
494683;2022-12-23;"sexta-feira";"10:40:00";"GO";20;140,5;"FLORES DE GOIAS";"Ausência de reação do condutor";"Saída de leito carroçável";"Com Vítimas Feridas";"Pleno dia";"Crescente";"Céu Claro";"Simples";"Reta";"Não";1;0;1;0;0;0;1;1;-14,772248;-46,68399;"SPRF-DF";"DEL02-DF";"UOP03-DEL02-DF"
494685;2022-12-13;"terça-feira";"19:40:00";"PE";408;83;"PAUDALHO";"Ausência de reação do condutor";"Colisão lateral sentido oposto";"Com Vítimas Feridas";"Plena Noite";"Decrescente";"Céu Claro";"Simples";"Reta";"Sim";1;0;0;1;0;0;1;1;-7,94549251;-35,11580722;"SPRF-PE";"DEL01-PE";"UOP01-DEL01-PE"
494686;2022-12-23;"sexta-feira";"10:50:00";"PR";277;106;"CAMPO LARGO";"Condutor deixou de manter distância do veículo da frente";"Colisão traseira";"Com Vítimas Feridas";"Pleno dia";"Crescente";"Sol";"Dupla";"Curva;Declive";"Não";4;0;1;0;3;0;1;2;-25,43078292;-49,42423403;"SPRF-PR";"DEL03-PR";"UOP03-DEL03-PR"
494687;2022-12-23;"sexta-feira";"10:50:00";"SC";101;210;"SAO JOSE";"Condutor deixou de manter distância do veículo da frente";"Colisão traseira";"Com Vítimas Feridas";"Pleno dia";"Crescente";"Céu Claro";"Múltipla";"Reta";"Sim";3;0;1;0;2;0;1;2;-27,6167305;-48,6457265;"SPRF-SC";"DEL01-SC";"UOP01-DEL01-SC"
494688;2022-12-23;"sexta-feira";"04:21:00";"MA";135;62;"SANTA RITA";"Chuva";"Colisão frontal";"Com Vítimas Feridas";"Plena Noite";"Crescente";"Chuva";"Simples";"Reta;Em Obras";"Não";5;0;5;0;0;0;5;2;-3,06977896;-44,32330426;"SPRF-MA";"DEL01-MA";"UOP02-DEL01-MA"
494689;2022-12-23;"sexta-feira";"10:50:00";"PE";232;288,1;"SERTANIA";"Condutor deixou de manter distância do veículo da frente";"Colisão traseira";"Sem Vítimas";"Pleno dia";"Crescente";"Nublado";"Simples";"Reta";"Não";2;0;0;0;2;0;0;2;-8,31561384;-37,35439392;"SPRF-PE";"DEL04-PE";"UOP02-DEL04-PE"
494690;2022-12-23;"sexta-feira";"11:30:00";"SC";280;124;"RIO NEGRINHO";"Condutor usando celular";"Engavetamento";"Com Vítimas Feridas";"Pleno dia";"Crescente";"Céu Claro";"Simples";"Reta";"Sim";9;0;1;0;8;0;1;3;-26,24130297;-49,47514499;"SPRF-SC";"DEL06-SC";"UOP03-DEL06-SC"
494692;2022-12-23;"sexta-feira";"12:30:00";"PE";232;129,5;"CARUARU";"Manobra de mudança de faixa";"Colisão lateral mesmo sentido";"Com Vítimas Feridas";"Pleno dia";"Decrescente";"Céu Claro";"Dupla";"Reta";"Sim";2;0;1;0;1;0;1;2;-8,30193507;-35,98092002;"SPRF-PE";"DEL02-PE";"UOP01-DEL02-PE"