"id";"data_inversa";"dia_semana";"horario";"uf";"br";"km";"municipio";"causa_acidente";"tipo_acidente";"classificacao_acidente";"fase_dia";"sentido_via";"condicao_metereologica";"tipo_pista";"tracado_via";"uso_solo";"pessoas";"mortos";"feridos_leves";"feridos_graves";"ilesos";"ignorados";"feridos";"veiculos";"latitude";"longitude";"regional";"delegacia";"uop"
494693;2022-12-23;"sexta-feira";"02:30:00";"AL";101;60;"FLEXEIRAS";"Demais falhas mecânicas ou elétricas";"Incêndio";"Sem Vítimas";"Plena Noite";"Decrescente";"Céu Claro";"Dupla";"Reta";"Não";2;0;0;0;2;0;0;1;-9,29037988;-35,81029;"SPRF-AL";"DEL01-AL";"UOP02-DEL01-AL"
494694;2022-12-23;"sexta-feira";"11:50:00";"MG";40;530,6;"CONTAGEM";"Manobra de mudança de faixa";"Colisão traseira";"Com Vítimas Feridas";"Pleno dia";"Crescente";"Nublado";"Dupla";"Curva";"Sim";3;0;1;0;1;1;1;3;-19,92064782;-44,0335681;"SPRF-MG";"DEL01-MG";"UOP02-DEL01-MG"
494695;2022-12-23;"sexta-feira";"12:00:00";"RS";116;244,5;"SAO LEOPOLDO";"Reação tardia ou ineficiente do condutor";"Colisão traseira";"Com Vítimas Feridas";"Pleno dia";"Crescente";"Céu Claro";"Dupla";"Reta";"Sim";2;0;1;0;1;0;1;2;-29,74088003;-51,15039566;"SPRF-RS";"DEL01-RS";"UOP02-DEL01-RS"
494697;2022-12-23;"sexta-feira";"11:00:00";"PB";230;203;"POCINHOS";"Reação tardia ou ineficiente do condutor";"Saída de leito carroçável";"Com Vítimas Feridas";"Pleno dia";"Crescente";"Céu Claro";"Simples";"Reta";"Sim";3;0;1;0;2;0;1;2;-7,0962;-36,2621;"SPRF-PB";"DEL02-PB";"UOP02-DEL02-PB"
494698;2022-12-23;"sexta-feira";"09:00:00";"RS";285;102,1;"VACARIA";"Ausência de reação do condutor";"Saída de leito carroçável";"Com Vítimas Feridas";"Pleno dia";"Crescente";"Céu Claro";"Simples";"Curva";"Não";3;0;3;0;0;0;3;1;-28,561502;-50,782612;"SPRF-RS";"DEL05-RS";"UOP03-DEL05-RS"
494700;2022-12-23;"sexta-feira";"12:45:00";"AL";101;81;"RIO LARGO";"Acumulo de água sobre o pavimento";"Colisão frontal";"Com Vítimas Feridas";"Pleno dia";"Crescente";"Céu Claro";"Dupla";"Reta;Declive";"Não";1;0;1;0;0;0;1;1;-9,44701176;-35,851915;"SPRF-AL";"DEL01-AL";"UOP01-DEL01-AL"
494701;2022-12-23;"sexta-feira";"12:10:00";"RS";386;329,7;"MARQUES DE SOUZA";"Condutor deixou de manter distância do veículo da frente";"Colisão lateral mesmo sentido";"Com Vítimas Feridas";"Pleno dia";"Decrescente";"Céu Claro";"Simples";"Curva";"Não";2;0;1;0;1;0;1;2;-29,346764;-52,071896;"SPRF-RS";"DEL04-RS";"UOP01-DEL04-RS"
494706;2022-12-23;"sexta-feira";"13:00:00";"PB";230;10;"CABEDELO";"Mal súbito do condutor";"Colisão com objeto";"Com Vítimas Feridas";"Pleno dia";"Crescente";"Sol";"Dupla";"Reta";"Não";2;0;2;0;0;0;2;1;-7,0514;-34,8499;"SPRF-PB";"DEL01-PB";"UOP01-DEL01-PB"
494707;2022-12-23;"sexta-feira";"11:51:00";"MG";40;509,6;"RIBEIRAO DAS NEVES";"Ausência de reação do condutor";"Colisão traseira";"Com Vítimas Feridas";"Pleno dia";"Decrescente";"Céu Claro";"Dupla";"Aclive;Reta";"Não";3;0;1;1;1;0;2;2;-19,76728744;-44,12855905;"SPRF-MG";"DEL01-MG";"UOP02-DEL01-MG"
494708;2022-12-20;"terça-feira";"05:50:00";"PR";277;32;"MORRETES";"Chuva";"Colisão com objeto";"Sem Vítimas";"Amanhecer";"Crescente";"Chuva";"Dupla";"Reta";"Não";1;0;0;0;1;0;0;1;-25,547373;-48,790559;"SPRF-PR";"DEL01-PR";"UOP05-DEL01-PR"
494709;2022-12-23;"sexta-feira";"12:50:00";"MG";381;486;"BETIM";"Reação tardia ou ineficiente do condutor";"Tombamento";"Com Vítimas Feridas";"Pleno dia";"Crescente";"Céu Claro";"Dupla";"Curva;Declive";"Sim";1;0;0;1;0;0;1;1;-19,95644414;-44,13611598;"SPRF-MG";"DEL01-MG";"UOP03-DEL01-MG"
494710;2022-12-20;"terça-feira";"01:20:00";"MG";381;480,9;"CONTAGEM";"Velocidade Incompatível";"Saída de leito carroçável";"Sem Vítimas";"Plena Noite";"Crescente";"Garoa/Chuvisco";"Múltipla";"Reta";"Sim";1;0;0;0;0;1;0;1;-19,95749597;-44,07899901;"SPRF-MG";"DEL01-MG";"UOP03-DEL01-MG"
494711;2022-12-01;"quinta-feira";"23:30:00";"PR";277;690;"SAO MIGUEL DO IGUACU";"Acessar a via sem observar a presença dos outros veículos";"Colisão traseira";"Com Vítimas Feridas";"Pleno dia";"Crescente";"Céu Claro";"Dupla";"Aclive";"Sim";5;0;2;1;2;0;3;2;-25,3582673;-54,24527283;"SPRF-PR";"DEL05-PR";"UOP01-DEL05-PR"
494712;2022-12-23;"sexta-feira";"13:10:00";"CE";116;7;"FORTALEZA";"Pedestre cruzava a pista fora da faixa";"Colisão lateral mesmo sentido";"Com Vítimas Feridas";"Pleno dia";"Crescente";"Céu Claro";"Múltipla";"Reta";"Sim";2;0;1;0;1;0;1;2;-3,81073099;-38,50074867;"SPRF-CE";"DEL01-CE";"UOP02-DEL01-CE"
494714;2022-12-23;"sexta-feira";"07:51:00";"GO";153;279;"NOVA GLORIA";"Velocidade Incompatível";"Saída de leito carroçável";"Com Vítimas Feridas";"Pleno dia";"Decrescente";"Chuva";"Simples";"Reta";"Não";1;0;1;0;0;0;1;1;-15,129216;-49,511303;"SPRF-GO";"DEL07-GO";"UOP02-DEL07-GO"
494715;2022-12-23;"sexta-feira";"12:15:00";"PB";412;77,4;"SERRA BRANCA";"Acessar a via sem observar a presença dos outros veículos";"Colisão transversal";"Com Vítimas Feridas";"Pleno dia";"Decrescente";"Céu Claro";"Simples";"Reta";"Não";3;0;2;0;1;0;2;2;-7,49094137;-36,67309284;"SPRF-PB";"DEL02-PB";"UOP02-DEL02-PB"
494716;2022-12-23;"sexta-feira";"13:45:00";"MG";262;726,5;"PERDIZES";"Avarias e/ou desgaste excessivo no pneu";"Queda de ocupante de veículo";"Com Vítimas Feridas";"Pleno dia";"Decrescente";"Céu Claro";"Simples";"Curva";"Não";2;0;2;0;0;0;2;1;-19,62220227;-47,27837083;"SPRF-MG";"DEL08-MG";"UOP01-DEL08-MG"
494717;2022-12-23;"sexta-feira";"12:45:00";"SC";282;94,7;"ALFREDO WAGNER";"Ausência de reação do condutor";"Saída de leito carroçável";"Com Vítimas Feridas";"Pleno dia";"Crescente";"Céu Claro";"Simples";"Reta;Declive";"Não";1;0;0;1;0;0;1;1;-27,710436;-49,245926;"SPRF-SC";"DEL01-SC";"UOP03-DEL01-SC"
494718;2022-12-23;"sexta-feira";"11:30:00";"TO";153;334;"GUARAI";"Desrespeitar a preferência no cruzamento";"Colisão transversal";"Com Vítimas Feridas";"Pleno dia";"Decrescente";"Nublado";"Dupla";"Reta";"Sim";2;0;1;0;1;0;1;2;-8,835718;-48,512123;"SPRF-TO";"DEL02-TO";"UOP02-DEL02-TO"
494720;2022-12-23;"sexta-feira";"13:30:00";"SC";101;145;"ITAPEMA";"Velocidade Incompatível";"Engavetamento";"Com Vítimas Feridas";"Pleno dia";"Decrescente";"Céu Claro";"Dupla";"Aclive";"Sim";3;0;0;1;2;0;1;3;-27,08139206;-48,60130993;"SPRF-SC";"DEL04-SC";"UOP03-DEL04-SC"
494722;2022-07-13;"quarta-feira";"08:20:00";"PR";376;175;"MARINGA";"Acessar a via sem observar a presença dos outros veículos";"Colisão transversal";"Com Vítimas Feridas";"Pleno dia";"Crescente";"Céu Claro";"Múltipla";"Reta";"Sim";2;0;1;0;1;0;1;2;-23,4113569;-51,9407767;"SPRF-PR";"DEL09-PR";"UOP01-DEL09-PR"
494723;2022-12-23;"sexta-feira";"12:00:00";"MG";40;300;"TRES MARIAS";"Velocidade Incompatível";"Saída de leito carroçável";"Com Vítimas Feridas";"Pleno dia";"Crescente";"Nublado";"Simples";"Declive;Curva";"Não";1;0;1;0;0;0;1;1;-18,350118;-45,09330699;"SPRF-MG";"DEL14-MG";"UOP02-DEL14-MG"
494724;2022-12-23;"sexta-feira";"10:40:00";"MG";40;181,1;"JOAO PINHEIRO";"Reação tardia ou ineficiente do condutor";"Saída de leito carroçável";"Com Vítimas Feridas";"Pleno dia";"Decrescente";"Céu Claro";"Simples";"Curva";"Não";1;0;1;0;0;0;1;1;-17,97396407;-45,97249507;"SPRF-MG";"DEL14-MG";"UOP02-DEL14-MG"
494725;2022-12-23;"sexta-feira";"12:41:00";"GO";50;279,4;"CATALAO";"Mal súbito do condutor";"Saída de leito carroçável";"Sem Vítimas";"Pleno dia";"Decrescente";"Céu Claro";"Simples";"Reta";"Sim";4;0;0;0;4;0;0;1;-18,1739;-47,9289;"SPRF-GO";"DEL06-GO";"UOP01-DEL06-GO"
494726;2022-12-23;"sexta-feira";"10:20:00";"MT";364;64,4;"ALTO GARCAS";"Reação tardia ou ineficiente do condutor";"Saída de leito carroçável";"Com Vítimas Feridas";"Pleno dia";"Decrescente";"Céu Claro";"Simples";"Reta";"Não";1;0;1;0;0;0;1;1;-16,9379803;-53,58863706;"SPRF-MT";"DEL02-MT";"UOP02-DEL02-MT"
494727;2022-12-23;"sexta-feira";"08:50:00";"MA";222;328,7;"IGARAPE DO MEIO";"Reação tardia ou ineficiente do condutor";"Colisão traseira";"Com Vítimas Fatais";"Pleno dia";"Decrescente";"Nublado";"Simples";"Reta";"Não";2;1;0;0;1;0;0;2;-3,59302326;-45,01233508;"SPRF-MA";"DEL02-MA";"UOP01-DEL02-MA"
494730;2022-12-23;"sexta-feira";"14:30:00";"GO";153;627,8;"MORRINHOS";"Condutor Dormindo";"Saída de leito carroçável";"Com Vítimas Feridas";"Pleno dia";"Decrescente";"Céu Claro";"Dupla";"Reta";"Não";6;0;6;0;0;0;6;1;-17,7792;-49,1788;"SPRF-GO";"DEL03-GO";"UOP01-DEL03-GO"
494731;2022-12-23;"sexta-feira";"15:00:00";"MG";381;808;"CAREACU";"Velocidade Incompatível";"Saída de leito carroçável";"Com Vítimas Feridas";"Pleno dia";"Crescente";"Céu Claro";"Dupla";"Reta";"Não";3;0;2;0;1;0;2;1;-22,03608235;-45,67917824;"SPRF-MG";"DEL16-MG";"UOP02-DEL16-MG"
494732;2022-12-20;"terça-feira";"06:40:00";"PR";116;125,8;"FAZENDA RIO GRANDE";"Trafegar com motocicleta (ou similar) entre as faixas";"Colisão lateral mesmo sentido";"Com Vítimas Feridas";"Pleno dia";"Decrescente";"Garoa/Chuvisco";"Dupla";"Reta";"Sim";2;0;0;1;1;0;1;2;-25,634;-49,313;"SPRF-PR";"DEL01-PR";"UOP03-DEL01-PR"
494734;2022-12-23;"sexta-feira";"15:00:00";"PB";101;96;"ALHANDRA";"Conversão proibida";"Colisão transversal";"Com Vítimas Feridas";"Pleno dia";"Crescente";"Céu Claro";"Dupla";"Reta";"Não";5;0;0;1;4;0;1;2;-7,230921;-34,921149;"SPRF-PB";"DEL01-PB";"UOP02-DEL01-PB"
494735;2022-12-23;"sexta-feira";"14:30:00";"SC";282;21;"PALHOCA";"Trafegar com motocicleta (ou similar) entre as faixas";"Colisão frontal";"Com Vítimas Feridas";"Pleno dia";"Decrescente";"Céu Claro";"Simples";"Reta";"Sim";2;0;1;0;1;0;1;2;-27,68907;-48,717541;"SPRF-SC";"DEL01-SC";"UOP02-DEL01-SC"
494736;2022-12-22;"quinta-feira";"14:00:00";"MT";364;1165;"CAMPOS DE JULIO";"Acumulo de água sobre o pavimento";"Saída de leito carroçável";"Com Vítimas Feridas";"Pleno dia";"Crescente";"Chuva";"Simples";"Reta";"Não";1;0;1;0;0;0;1;1;-13,60669094;-59,10027405;"SPRF-MT";"DEL04-MT";"UOP01-DEL04-MT"
494738;2022-12-23;"sexta-feira";"15:15:00";"MG";40;780,9;"JUIZ DE FORA";"Conversão proibida";"Colisão traseira";"Com Vítimas Feridas";"Pleno dia";"Crescente";"Nublado";"Dupla";"Reta";"Não";2;0;1;0;1;0;1;2;-21,67939981;-43,44987329;"SPRF-MG";"DEL05-MG";"UOP01-DEL05-MG"
494741;2022-11-18;"sexta-feira";"18:15:00";"MG";50;70,5;"UBERLANDIA";"Ausência de reação do condutor";"Colisão lateral mesmo sentido";"Com Vítimas Feridas";"Anoitecer";"Crescente";"Sol";"Dupla";"Reta";"Sim";2;0;1;0;1;0;1;2;-18,88832508;-48,26025188;"SPRF-MG";"DEL15-MG";"UOP01-DEL15-MG"
494743;2022-12-23;"sexta-feira";"14:40:00";"MS";267;482;"JARDIM";"Acesso irregular";"Colisão frontal";"Com Vítimas Feridas";"Pleno dia";"Crescente";"Céu Claro";"Simples";"Curva";"Sim";2;0;1;1;0;0;2;2;-21,483202;-56,146636;"SPRF-MS";"DEL05-MS";"UOP01-DEL05-MS"
494746;2022-12-23;"sexta-feira";"15:45:00";"RS";116;344,9;"BARRA DO RIBEIRO";"Acessar a via sem observar a presença dos outros veículos";"Colisão lateral mesmo sentido";"Com Vítimas Feridas";"Pleno dia";"Crescente";"Céu Claro";"Dupla";"Interseção de Vias";"Sim";6;0;2;0;4;0;2;2;-30,49030601;-51,48990254;"SPRF-RS";"DEL02-RS";"UOP02-DEL02-RS"
494747;2022-12-23;"sexta-feira";"15:00:00";"BA";101;189,9;"CONCEICAO DA FEIRA";"Ausência de reação do condutor";"Colisão traseira";"Com Vítimas Feridas";"Pleno dia";"Decrescente";"Céu Claro";"Simples";"Reta";"Não";4;0;1;0;3;0;1;2;-12,585426;-38,98345601;"SPRF-BA";"DEL01-BA";"UOP03-DEL01-BA"
494748;2022-12-23;"sexta-feira";"14:15:00";"MA";135;66;"SANTA RITA";"Reação tardia ou ineficiente do condutor";"Engavetamento";"Sem Vítimas";"Pleno dia";"Crescente";"Céu Claro";"Simples";"Reta";"Não";3;0;0;0;3;0;0;3;-3,10577998;-44,32276839;"SPRF-MA";"DEL01-MA";"UOP02-DEL01-MA"
494749;2022-12-23;"sexta-feira";"16:15:00";"CE";116;7;"FORTALEZA";"Desrespeitar a preferência no cruzamento";"Colisão transversal";"Com Vítimas Feridas";"Pleno dia";"Crescente";"Céu Claro";"Simples";"Viaduto";"Sim";2;0;1;0;1;0;1;2;-3,81073099;-38,50074867;"SPRF-CE";"DEL01-CE";"UOP02-DEL01-CE"
494750;2022-12-23;"sexta-feira";"13:20:00";"SC";116;52,5;"PAPANDUVA";"Condutor deixou de manter distância do veículo da frente";"Colisão traseira";"Com Vítimas Feridas";"Pleno dia";"Crescente";"Nublado";"Simples";"Reta;Declive";"Não";2;0;1;0;1;0;1;2;-26,39008273;-50,14576709;"SPRF-SC";"DEL06-SC";"UOP01-DEL06-SC"
494751;2022-12-23;"sexta-feira";"16:30:00";"PR";369;138;"IBIPORA";"Acesso irregular";"Colisão transversal";"Com Vítimas Feridas";"Pleno dia";"Crescente";"Céu Claro";"Simples";"Reta;Interseção de Vias";"Sim";2;0;1;0;1;0;1;2;-23,27039213;-51,04718506;"SPRF-PR";"DEL07-PR";"UOP01-DEL07-PR"
494752;2022-12-20;"terça-feira";"13:50:00";"MS";262;582;"MIRANDA";"Animais na Pista";"Atropelamento de Animal";"Sem Vítimas";"Pleno dia";"Crescente";"Céu Claro";"Simples";"Reta";"Não";2;0;0;0;2;0;0;1;-20,15739255;-56,58288822;"SPRF-MS";"DEL03-MS";"UOP02-DEL03-MS"
494753;2022-12-23;"sexta-feira";"16:20:00";"SC";101;209,7;"SAO JOSE";"Condutor deixou de manter distância do veículo da frente";"Colisão traseira";"Com Vítimas Feridas";"Pleno dia";"Crescente";"Céu Claro";"Dupla";"Reta";"Não";4;0;0;1;3;0;1;2;-27,6167305;-48,6457265;"SPRF-SC";"DEL01-SC";"UOP01-DEL01-SC"
494754;2022-12-23;"sexta-feira";"16:20:00";"PE";101;69;"RECIFE";"Manobra de mudança de faixa";"Colisão transversal";"Com Vítimas Feridas";"Pleno dia";"Decrescente";"Céu Claro";"Dupla";"Interseção de Vias";"Sim";2;0;2;0;0;0;2;2;-8,05951606;-34,94581024;"SPRF-PE";"DEL01-PE";"UOP01-DEL01-PE"
494755;2022-12-23;"sexta-feira";"15:45:00";"RJ";101;409;"ITAGUAI";"Pedestre andava na pista";"Atropelamento de Pedestre";"Com Vítimas Fatais";"Pleno dia";"Crescente";"Nublado";"Dupla";"Reta";"Sim";3;1;0;0;1;1;0;2;-22,88503992;-43,83250205;"SPRF-RJ";"DEL03-RJ";"UOP01-DEL03-RJ"
494756;2022-12-23;"sexta-feira";"15:40:00";"PE";101;52,6;"PAULISTA";"Transitar na contramão";"Colisão frontal";"Com Vítimas Feridas";"Pleno dia";"Decrescente";"Céu Claro";"Simples";"Curva";"Sim";2;0;0;1;1;0;1;2;-7,92358799;-34,89607201;"SPRF-PE";"DEL01-PE";"UOP02-DEL01-PE"
494758;2022-12-23;"sexta-feira";"12:00:00";"MS";163;367;"NOVA ALVORADA DO SUL";"Reação tardia ou ineficiente do condutor";"Engavetamento";"Sem Vítimas";"Pleno dia";"Decrescente";"Sol";"Simples";"Reta";"Sim";3;0;0;0;3;0;0;3;-21,44705605;-54,37684984;"SPRF-MS";"DEL02-MS";"UOP01-DEL02-MS"
494760;2022-12-23;"sexta-feira";"16:50:00";"ES";101;268;"SERRA";"Trafegar com motocicleta (ou similar) entre as faixas";"Colisão traseira";"Com Vítimas Feridas";"Pleno dia";"Crescente";"Nublado";"Dupla";"Reta";"Sim";3;0;0;2;1;0;2;2;-20,20842;-40,269405;"SPRF-ES";"DEL02-ES";"UOP01-DEL02-ES"
494762;2022-12-23;"sexta-feira";"13:10:00";"SC";116;47;"PAPANDUVA";"Acessar a via sem observar a presença dos outros veículos";"Colisão transversal";"Com Vítimas Feridas";"Pleno dia";"Decrescente";"Céu Claro";"Simples";"Reta";"Não";2;0;1;0;1;0;1;2;-26,35635207;-50,11354592;"SPRF-SC";"DEL06-SC";"UOP01-DEL06-SC"
494765;2022-12-23;"sexta-feira";"16:25:00";"PR";277;586,2;"CASCAVEL";"Acessar a via sem observar a presença dos outros veículos";"Colisão transversal";"Com Vítimas Feridas";"Pleno dia";"Crescente";"Céu Claro";"Simples";"Reta";"Sim";2;0;0;1;1;0;1;2;-24,9649472;-53,4210459;"SPRF-PR";"DEL04-PR";"UOP01-DEL04-PR"
494766;2022-12-23;"sexta-feira";"17:00:00";"RJ";393;192;"PARAIBA DO SUL";"Ultrapassagem Indevida";"Colisão lateral sentido oposto";"Com Vítimas Feridas";"Pleno dia";"Crescente";"Nublado";"Simples";"Reta";"Não";3;0;2;0;1;0;2;2;-22,17680326;-43,33851681;"SPRF-RJ";"DEL05-RJ";"UOP03-DEL05-RJ"
494768;2022-12-23;"sexta-feira";"11:30:00";"PB";361;112;"ITAPORANGA";"Acessar a via sem observar a presença dos outros veículos";"Colisão transversal";"Com Vítimas Feridas";"Pleno dia";"Crescente";"Nublado";"Simples";"Reta";"Sim";4;0;2;0;2;0;2;2;-7,30036449;-38,13712122;"SPRF-PB";"DEL03-PB";"UOP01-DEL03-PB"
494769;2022-12-15;"quinta-feira";"16:30:00";"AM";174;908;"MANAUS";"Acesso irregular";"Colisão traseira";"Com Vítimas Feridas";"Pleno dia";"Crescente";"Céu Claro";"Simples";"Reta";"Não";6;0;1;0;5;0;1;2;-2,76133098;-60,03711178;"SPRF-AM";"DEL01-AM";"UOP01-DEL01-AM"
494770;2022-12-23;"sexta-feira";"16:25:00";"SC";116;220;"CORREIA PINTO";"Acessar a via sem observar a presença dos outros veículos";"Colisão transversal";"Com Vítimas Feridas";"Pleno dia";"Decrescente";"Céu Claro";"Simples";"Declive";"Sim";2;0;0;1;1;0;1;2;-27,57771319;-50,36993036;"SPRF-SC";"DEL05-SC";"UOP03-DEL05-SC"
494771;2022-12-23;"sexta-feira";"14:45:00";"RS";285;127,2;"VACARIA";"Desrespeitar a preferência no cruzamento";"Colisão transversal";"Com Vítimas Feridas";"Pleno dia";"Decrescente";"Céu Claro";"Simples";"Interseção de Vias";"Não";5;0;5;0;0;0;5;2;-28,468346;-50,970272;"SPRF-RS";"DEL05-RS";"UOP03-DEL05-RS"
494773;2022-12-23;"sexta-feira";"17:20:00";"RJ";101;74;"CAMPOS DOS GOYTACAZES";"Ausência de reação do condutor";"Colisão lateral mesmo sentido";"Com Vítimas Feridas";"Pleno dia";"Crescente";"Garoa/Chuvisco";"Simples";"Reta";"Sim";1;0;0;1;0;0;1;1;-21,807232;-41,39734312;"SPRF-RJ";"DEL08-RJ";"UOP02-DEL08-RJ"
494774;2022-12-23;"sexta-feira";"14:00:00";"PB";412;90,6;"SERRA BRANCA";"Pista esburacada";"Saída de leito carroçável";"Com Vítimas Fatais";"Pleno dia";"Crescente";"Céu Claro";"Simples";"Reta";"Não";5;3;0;2;0;0;2;1;-7,562675;-36,766197;"SPRF-PB";"DEL02-PB";"UOP02-DEL02-PB"
494775;2022-12-23;"sexta-feira";"17:00:00";"PR";153;332;"IRATI";"Acessar a via sem observar a presença dos outros veículos";"Colisão transversal";"Com Vítimas Feridas";"Pleno dia";"Crescente";"Céu Claro";"Simples";"Reta";"Sim";2;0;0;1;1;0;1;2;-25,46680657;-50,63030909;"SPRF-PR";"DEL08-PR";"UOP02-DEL08-PR"
494776;2022-12-23;"sexta-feira";"15:00:00";"RO";364;556;"ALTO PARAISO";"Reação tardia ou ineficiente do condutor";"Saída de leito carroçável";"Com Vítimas Feridas";"Pleno dia";"Crescente";"Céu Claro";"Simples";"Reta";"Não";3;0;2;1;0;0;3;1;-9,59786298;-63,07294379;"SPRF-RO";"DEL03-RO";"UOP01-DEL03-RO"
494777;2022-12-23;"sexta-feira";"14:35:00";"RR";174;511;"BOA VISTA";"Acesso irregular";"Colisão traseira";"Com Vítimas Feridas";"Pleno dia";"Crescente";"Céu Claro";"Simples";"Reta";"Não";2;0;1;0;0;1;1;2;2,861408;-60,69804;"SPRF-RR";"DEL01-RR";"UOP01-DEL01-RR"
494778;2022-12-23;"sexta-feira";"17:00:00";"BA";407;1;"JUAZEIRO";"Ingestão de álcool pelo condutor";"Colisão traseira";"Com Vítimas Feridas";"Pleno dia";"Crescente";"Céu Claro";"Simples";"Reta";"Sim";2;0;1;0;1;0;1;2;-9,41845604;-40,50725978;"SPRF-PE";"DEL06-PE";"UOP01-DEL06-PE"
494781;2022-12-23;"sexta-feira";"17:30:00";"RS";116;474,2;"SAO LOURENCO DO SUL";"Reação tardia ou ineficiente do condutor";"Atropelamento de Pedestre";"Com Vítimas Feridas";"Pleno dia";"Crescente";"Céu Claro";"Simples";"Aclive;Reta";"Não";5;0;0;1;2;2;1;2;-31,37297804;-52,09946498;"SPRF-RS";"DEL07-RS";"UOP01-DEL07-RS"
494783;2022-12-23;"sexta-feira";"17:16:00";"PR";476;135;"CURITIBA";"Manobra de mudança de faixa";"Colisão com objeto";"Sem Vítimas";"Pleno dia";"Crescente";"Nublado";"Múltipla";"Curva";"Sim";1;0;0;0;1;0;0;1;-25,483786;-49,265808;"SPRF-PR";"DEL01-PR";"UOP03-DEL01-PR"
494784;2022-12-23;"sexta-feira";"17:00:00";"MG";381;506,5;"SAO JOAQUIM DE BICAS";"Velocidade Incompatível";"Saída de leito carroçável";"Com Vítimas Feridas";"Pleno dia";"Crescente";"Nublado";"Múltipla";"Curva";"Sim";1;0;1;0;0;0;1;1;-20,05039397;-44,27962502;"SPRF-MG";"DEL01-MG";"UOP03-DEL01-MG"
494787;2022-12-19;"segunda-feira";"20:30:00";"GO";153;231;"HIDROLINA";"Ingestão de álcool pelo condutor";"Saída de leito carroçável";"Com Vítimas Feridas";"Plena Noite";"Decrescente";"Garoa/Chuvisco";"Simples";"Reta;Declive";"Não";5;0;4;0;1;0;4;1;-14,770607;-49,265926;"SPRF-GO";"DEL07-GO";"UOP02-DEL07-GO"
494788;2022-12-23;"sexta-feira";"17:20:00";"GO";153;494;"GOIANIA";"Condutor deixou de manter distância do veículo da frente";"Colisão traseira";"Com Vítimas Feridas";"Pleno dia";"Decrescente";"Garoa/Chuvisco";"Dupla";"Reta";"Sim";4;0;0;1;2;1;1;3;-16,6614;-49,2218;"SPRF-GO";"DEL01-GO";"UOP01-DEL01-GO"
494790;2022-12-23;"sexta-feira";"18:20:00";"CE";116;2;"FORTALEZA";"Manobra de mudança de faixa";"Colisão lateral mesmo sentido";"Com Vítimas Feridas";"Plena Noite";"Decrescente";"Céu Claro";"Múltipla";"Reta";"Sim";2;0;1;0;1;0;1;2;-3,77019802;-38,51724508;"SPRF-CE";"DEL01-CE";"UOP02-DEL01-CE"
494791;2022-12-23;"sexta-feira";"18:40:00";"SC";101;208,9;"SAO JOSE";"Reação tardia ou ineficiente do condutor";"Tombamento";"Com Vítimas Feridas";"Pleno dia";"Crescente";"Nublado";"Múltipla";"Reta";"Não";1;0;1;0;0;0;1;1;-27,60327979;-48,63201818;"SPRF-SC";"DEL01-SC";"UOP01-DEL01-SC"
494792;2022-12-23;"sexta-feira";"17:45:00";"RJ";40;114;"DUQUE DE CAXIAS";"Reação tardia ou ineficiente do condutor";"Colisão traseira";"Com Vítimas Feridas";"Anoitecer";"Decrescente";"Garoa/Chuvisco";"Múltipla";"Reta";"Sim";2;0;0;1;0;1;1;2;-22,71853604;-43,28993324;"SPRF-RJ";"DEL01-RJ";"UOP01-DEL01-RJ"
494793;2022-12-23;"sexta-feira";"14:20:00";"PE";407;98;"PETROLINA";"Ausência de reação do condutor";"Colisão com objeto";"Com Vítimas Feridas";"Pleno dia";"Crescente";"Céu Claro";"Simples";"Reta";"Não";1;0;1;0;0;0;1;1;-9,15892199;-40,6356868;"SPRF-PE";"DEL06-PE";"UOP02-DEL06-PE"
494794;2022-12-23;"sexta-feira";"12:20:00";"PE";316;297;"FLORESTA";"Pista esburacada";"Saída de leito carroçável";"Com Vítimas Feridas";"Pleno dia";"Decrescente";"Chuva";"Simples";"Reta;Declive";"Não";2;0;1;1;0;0;2;1;-8,6212637;-38,6304581;"SPRF-PE";"DEL04-PE";"UOP03-DEL04-PE"
494795;2022-12-23;"sexta-feira";"14:45:00";"BA";116;829;"VITORIA DA CONQUISTA";"Ausência de reação do condutor";"Colisão traseira";"Com Vítimas Feridas";"Pleno dia";"Decrescente";"Céu Claro";"Simples";"Reta;Aclive";"Não";3;0;1;0;2;0;1;2;-14,83285011;-40,83861386;"SPRF-BA";"DEL08-BA";"UOP01-DEL08-BA"
494796;2022-12-20;"terça-feira";"06:45:00";"BA";324;596;"CANDEIAS";"Manobra de mudança de faixa";"Colisão traseira";"Sem Vítimas";"Pleno dia";"Crescente";"Céu Claro";"Dupla";"Reta";"Sim";2;0;0;0;2;0;0;2;-12,72003796;-38,45130588;"SPRF-BA";"DEL01-BA";"UOP01-DEL01-BA"
494797;2022-12-20;"terça-feira";"06:50:00";"BA";324;596;"CANDEIAS";"Reação tardia ou ineficiente do condutor";"Colisão traseira";"Sem Vítimas";"Pleno dia";"Crescente";"Céu Claro";"Dupla";"Reta";"Sim";3;0;0;0;3;0;0;3;-12,72003796;-38,45130588;"SPRF-BA";"DEL01-BA";"UOP01-DEL01-BA"
494798;2022-12-23;"sexta-feira";"18:20:00";"SP";101;49,6;"UBATUBA";"Transitar na contramão";"Colisão lateral sentido oposto";"Sem Vítimas";"Anoitecer";"Crescente";"Nublado";"Simples";"Reta";"Sim";7;0;0;0;7;0;0;2;-23,44410908;-45,08375708;"SPRF-SP";"DEL06-SP";"UOP01-DEL06-SP"