"id";"data_inversa";"dia_semana";"horario";"uf";"br";"km";"municipio";"causa_acidente";"tipo_acidente";"classificacao_acidente";"fase_dia";"sentido_via";"condicao_metereologica";"tipo_pista";"tracado_via";"uso_solo";"pessoas";"mortos";"feridos_leves";"feridos_graves";"ilesos";"ignorados";"feridos";"veiculos";"latitude";"longitude";"regional";"delegacia";"uop"
494799;2022-12-20;"terça-feira";"20:10:00";"BA";101;199;"GOVERNADOR MANGABEIRA";"Acessar a via sem observar a presença dos outros veículos";"Colisão transversal";"Com Vítimas Feridas";"Plena Noite";"Crescente";"Céu Claro";"Simples";"Rotatória;Interseção de Vias";"Sim";3;0;1;0;2;0;1;2;-12,60774662;-39,06280006;"SPRF-BA";"DEL01-BA";"UOP03-DEL01-BA"
494800;2022-12-23;"sexta-feira";"18:08:00";"PB";230;19;"JOAO PESSOA";"Avarias e/ou desgaste excessivo no pneu";"Eventos atípicos";"Com Vítimas Feridas";"Plena Noite";"Decrescente";"Céu Claro";"Dupla";"Curva";"Sim";2;0;1;0;1;0;1;1;-7,1281;-34,8466;"SPRF-PB";"DEL01-PB";"UOP01-DEL01-PB"
494802;2022-12-23;"sexta-feira";"18:45:00";"PR";376;3,2;"SAO JOSE DOS PINHAIS";"Acessar a via sem observar a presença dos outros veículos";"Atropelamento de Pedestre";"Com Vítimas Feridas";"Pleno dia";"Decrescente";"Nublado";"Dupla";"Reta";"Sim";2;0;0;1;1;0;1;2;-25,5307;-49,1958;"SPRF-PR";"DEL01-PR";"UOP04-DEL01-PR"
494805;2022-12-23;"sexta-feira";"18:40:00";"RN";101;6,3;"TOUROS";"Animais na Pista";"Atropelamento de Animal";"Com Vítimas Feridas";"Plena Noite";"Crescente";"Céu Claro";"Simples";"Reta";"Não";1;0;0;1;0;0;1;1;-5,20426458;-35,49534559;"SPRF-RN";"DEL02-RN";"UOP01-DEL02-RN"
494806;2022-12-23;"sexta-feira";"15:00:00";"MG";381;926;"EXTREMA";"Velocidade Incompatível";"Colisão com objeto";"Com Vítimas Feridas";"Pleno dia";"Decrescente";"Chuva";"Dupla";"Curva";"Não";2;0;1;1;0;0;2;1;-22,79349987;-46,24867223;"SPRF-MG";"DEL16-MG";"UOP03-DEL16-MG"
494807;2022-12-23;"sexta-feira";"19:00:00";"PI";343;261;"CAMPO MAIOR";"Animais na Pista";"Atropelamento de Animal";"Com Vítimas Feridas";"Plena Noite";"Crescente";"Céu Claro";"Simples";"Reta";"Não";2;0;1;0;1;0;1;1;-4,806726;-42,145878;"SPRF-PI";"DEL01-PI";"UOP03-DEL01-PI"
494809;2022-12-23;"sexta-feira";"19:48:00";"GO";40;5;"VALPARAISO DE GOIAS";"Ingestão de álcool pelo condutor";"Colisão lateral mesmo sentido";"Sem Vítimas";"Plena Noite";"Crescente";"Nublado";"Dupla";"Reta";"Sim";2;0;0;0;2;0;0;2;-16,09473968;-47,98134154;"SPRF-DF";"DEL01-DF";"UOP01-DEL01-DF"
494810;2022-12-23;"sexta-feira";"19:35:00";"GO";70;9;"AGUAS LINDAS DE GOIAS";"Pedestre cruzava a pista fora da faixa";"Atropelamento de Pedestre";"Com Vítimas Feridas";"Plena Noite";"Crescente";"Céu Claro";"Múltipla";"Reta";"Sim";3;0;2;0;0;1;2;2;-15,73576731;-48,28288046;"SPRF-DF";"DEL03-DF";"UOP02-DEL03-DF"
494812;2022-12-23;"sexta-feira";"16:52:00";"MA";135;95;"ITAPECURU MIRIM";"Acessar a via sem observar a presença dos outros veículos";"Colisão lateral mesmo sentido";"Sem Vítimas";"Anoitecer";"Crescente";"Nublado";"Simples";"Reta";"Sim";2;0;0;0;2;0;0;2;-3,3279719;-44,44236412;"SPRF-MA";"DEL01-MA";"UOP02-DEL01-MA"
494815;2022-12-23;"sexta-feira";"18:40:00";"MG";381;310;"ANTONIO DIAS";"Pista esburacada";"Queda de ocupante de veículo";"Com Vítimas Feridas";"Plena Noite";"Decrescente";"Nublado";"Simples";"Reta";"Não";1;0;0;1;0;0;1;1;-19,6627921;-42,96427856;"SPRF-MG";"DEL03-MG";"UOP02-DEL03-MG"
494816;2022-12-23;"sexta-feira";"20:20:00";"PB";230;22;"JOAO PESSOA";"Pedestre cruzava a pista fora da faixa";"Atropelamento de Pedestre";"Com Vítimas Feridas";"Plena Noite";"Crescente";"Céu Claro";"Dupla";"Reta";"Sim";2;0;1;1;0;0;2;2;-7,1544776;-34,85599034;"SPRF-PB";"DEL01-PB";"UOP01-DEL01-PB"
494818;2022-12-23;"sexta-feira";"20:15:00";"PR";153;182;"TIBAGI";"Transitar na contramão";"Colisão lateral sentido oposto";"Sem Vítimas";"Plena Noite";"Crescente";"Céu Claro";"Simples";"Curva";"Não";2;0;0;0;1;1;0;2;-24,38203333;-50,33135712;"SPRF-PR";"DEL03-PR";"UOP02-DEL03-PR"
494820;2022-12-23;"sexta-feira";"18:30:00";"PE";104;97;"AGRESTINA";"Conversão proibida";"Colisão transversal";"Com Vítimas Feridas";"Plena Noite";"Crescente";"Céu Claro";"Simples";"Curva;Aclive";"Não";4;0;2;0;1;1;2;2;-8,539489;-35,936028;"SPRF-PE";"DEL02-PE";"UOP03-DEL02-PE"
494821;2022-12-23;"sexta-feira";"20:00:00";"PR";369;129,3;"JATAIZINHO";"Retorno proibido";"Colisão transversal";"Com Vítimas Feridas";"Plena Noite";"Crescente";"Céu Claro";"Dupla";"Reta";"Sim";3;0;0;2;1;0;2;2;-23,25916854;-50,9807682;"SPRF-PR";"DEL07-PR";"UOP01-DEL07-PR"
494822;2022-12-23;"sexta-feira";"20:00:00";"SC";101;138,4;"BALNEARIO CAMBORIU";"Acessar a via sem observar a presença dos outros veículos";"Colisão transversal";"Com Vítimas Feridas";"Plena Noite";"Crescente";"Nublado";"Simples";"Reta";"Sim";2;0;1;0;1;0;1;2;-27,02397426;-48,60761649;"SPRF-SC";"DEL04-SC";"UOP03-DEL04-SC"
494825;2022-12-23;"sexta-feira";"18:40:00";"ES";262;142;"MUNIZ FREIRE";"Desrespeitar a preferência no cruzamento";"Colisão transversal";"Com Vítimas Feridas";"Plena Noite";"Crescente";"Nublado";"Simples";"Reta;Declive";"Não";2;0;2;0;0;0;2;2;-20,22866414;-41,38595101;"SPRF-ES";"DEL01-ES";"UOP02-DEL01-ES"
494826;2022-12-23;"sexta-feira";"19:30:00";"ES";101;367,9;"ANCHIETA";"Acessar a via sem observar a presença dos outros veículos";"Colisão transversal";"Com Vítimas Feridas";"Plena Noite";"Decrescente";"Nublado";"Simples";"Curva";"Não";2;0;1;0;1;0;1;2;-20,74480799;-40,7602114;"SPRF-ES";"DEL03-ES";"UOP01-DEL03-ES"
494828;2022-12-23;"sexta-feira";"20:50:00";"MG";381;508;"BETIM";"Ausência de reação do condutor";"Colisão com objeto";"Com Vítimas Feridas";"Plena Noite";"Crescente";"Ignorado";"Dupla";"Aclive";"Sim";2;0;1;0;1;0;1;1;-20,04512704;-44,27359343;"SPRF-MG";"DEL01-MG";"UOP03-DEL01-MG"
494829;2022-12-23;"sexta-feira";"20:30:00";"TO";153;492;"PARAISO DO TOCANTINS";"Ingestão de substâncias psicoativas pelo condutor";"Colisão traseira";"Com Vítimas Feridas";"Plena Noite";"Decrescente";"Garoa/Chuvisco";"Simples";"Reta";"Sim";7;0;5;1;0;1;6;3;-10,14145989;-48,88730266;"SPRF-TO";"DEL01-TO";"UOP01-DEL01-TO"
494830;2022-12-23;"sexta-feira";"19:49:00";"MG";365;753;"ITUIUTABA";"Acessar a via sem observar a presença dos outros veículos";"Colisão transversal";"Com Vítimas Feridas";"Plena Noite";"Decrescente";"Céu Claro";"Simples";"Em Obras;Interseção de Vias;Declive";"Não";1;0;0;1;0;0;1;1;-18,947495;-49,45934;"SPRF-MG";"DEL15-MG";"UOP03-DEL15-MG"
494832;2022-12-23;"sexta-feira";"19:27:00";"DF";20;20;"BRASILIA";"Acessar a via sem observar a presença dos outros veículos";"Atropelamento de Pedestre";"Com Vítimas Fatais";"Plena Noite";"Crescente";"Nublado";"Dupla";"Reta";"Sim";2;1;0;0;1;0;0;2;-15,607905;-47,692791;"SPRF-DF";"DEL02-DF";"UOP01-DEL02-DF"
494833;2022-12-23;"sexta-feira";"20:08:00";"BA";110;349;"ALAGOINHAS";"Ingestão de álcool e/ou substâncias psicoativas pelo pedestre";"Atropelamento de Pedestre";"Com Vítimas Feridas";"Plena Noite";"Decrescente";"Céu Claro";"Simples";"Declive";"Sim";2;0;1;0;1;0;1;2;-12,27718193;-38,37054354;"SPRF-BA";"DEL01-BA";"UOP04-DEL01-BA"
494834;2022-12-23;"sexta-feira";"20:50:00";"RS";392;12,2;"RIO GRANDE";"Ausência de reação do condutor";"Saída de leito carroçável";"Com Vítimas Feridas";"Plena Noite";"Crescente";"Céu Claro";"Dupla";"Curva";"Não";1;0;1;0;0;0;1;1;-32,12601434;-52,13875392;"SPRF-RS";"DEL07-RS";"UOP02-DEL07-RS"
494835;2022-12-23;"sexta-feira";"21:00:00";"PR";376;218,5;"JANDAIA DO SUL";"Acessar a via sem observar a presença dos outros veículos";"Colisão transversal";"Com Vítimas Feridas";"Plena Noite";"Decrescente";"Céu Claro";"Simples";"Interseção de Vias";"Não";3;0;1;0;2;0;1;2;-23,59854688;-51,62765801;"SPRF-PR";"DEL09-PR";"UOP01-DEL09-PR"
494836;2022-12-23;"sexta-feira";"18:55:00";"GO";60;25;"ALEXANIA";"Reação tardia ou ineficiente do condutor";"Colisão lateral mesmo sentido";"Com Vítimas Feridas";"Plena Noite";"Crescente";"Céu Claro";"Dupla";"Reta;Declive";"Não";1;0;1;0;0;0;1;1;-16,0963;-48,5202;"SPRF-DF";"DEL03-DF";"UOP01-DEL03-DF"
494837;2022-12-23;"sexta-feira";"20:45:00";"PR";277;110,5;"CAMPO LARGO";"Manobra de mudança de faixa";"Colisão traseira";"Com Vítimas Feridas";"Plena Noite";"Crescente";"Céu Claro";"Dupla";"Reta;Declive";"Sim";5;0;4;0;1;0;4;1;-25,44332305;-49,46124315;"SPRF-PR";"DEL03-PR";"UOP03-DEL03-PR"
494838;2022-12-23;"sexta-feira";"16:10:00";"MT";364;242;"JUSCIMEIRA";"Reação tardia ou ineficiente do condutor";"Colisão traseira";"Com Vítimas Feridas";"Pleno dia";"Decrescente";"Céu Claro";"Dupla";"Reta";"Não";3;0;1;0;2;0;1;2;-16,16260605;-54,79546977;"SPRF-MT";"DEL02-MT";"UOP01-DEL02-MT"
494839;2022-12-23;"sexta-feira";"20:40:00";"SP";116;538;"BARRA DO TURVO";"Ausência de reação do condutor";"Colisão com objeto";"Sem Vítimas";"Plena Noite";"Crescente";"Garoa/Chuvisco";"Dupla";"Reta";"Não";1;0;0;0;1;0;0;1;-24,97172153;-48,37309592;"SPRF-SP";"DEL05-SP";"UOP02-DEL05-SP"
494840;2022-12-23;"sexta-feira";"22:10:00";"SC";101;190;"BIGUACU";"Ingestão de álcool ou de substâncias psicoativas pelo pedestre";"Atropelamento de Pedestre";"Com Vítimas Feridas";"Plena Noite";"Crescente";"Ignorado";"Dupla";"Reta";"Não";2;0;1;0;1;0;1;2;-27,468056;-48,641712;"SPRF-SC";"DEL01-SC";"UOP01-DEL01-SC"
494841;2022-12-23;"sexta-feira";"21:30:00";"MG";381;838;"SAO SEBASTIAO DA BELA VISTA";"Velocidade Incompatível";"Saída de leito carroçável";"Sem Vítimas";"Pleno dia";"Decrescente";"Nublado";"Dupla";"Reta";"Não";1;0;0;0;1;0;0;1;-22,19252695;-45,84775906;"SPRF-MG";"DEL16-MG";"UOP01-DEL16-MG"
494842;2022-12-16;"sexta-feira";"07:45:00";"RJ";116;72;"TERESOPOLIS";"Velocidade Incompatível";"Tombamento";"Com Vítimas Feridas";"Pleno dia";"Decrescente";"Nublado";"Simples";"Curva";"Não";1;0;1;0;0;0;1;1;-22,336229;-42,938663;"SPRF-RJ";"DEL04-RJ";"UOP01-DEL04-RJ"
494845;2022-12-23;"sexta-feira";"19:10:00";"BA";324;566;"SAO SEBASTIAO DO PASSE";"Reação tardia ou ineficiente do condutor";"Capotamento";"Com Vítimas Feridas";"Pleno dia";"Decrescente";"Céu Claro";"Dupla";"Reta";"Não";5;0;3;0;2;0;3;1;-12,52455997;-38,61040198;"SPRF-BA";"DEL01-BA";"UOP01-DEL01-BA"
494847;2022-12-23;"sexta-feira";"18:30:00";"RS";285;341,5;"CARAZINHO";"Acessar a via sem observar a presença dos outros veículos";"Colisão transversal";"Com Vítimas Feridas";"Anoitecer";"Crescente";"Nublado";"Simples";"Interseção de Vias";"Sim";3;0;0;2;1;0;2;2;-28,31773664;-52,80593634;"SPRF-RS";"DEL08-RS";"UOP03-DEL08-RS"
494850;2022-12-23;"sexta-feira";"21:45:00";"RS";386;243,8;"SOLEDADE";"Ingestão de álcool pelo condutor";"Saída de leito carroçável";"Sem Vítimas";"Plena Noite";"Decrescente";"Céu Claro";"Simples";"Curva";"Sim";1;0;0;0;1;0;0;1;-28,789598;-52,523708;"SPRF-RS";"DEL04-RS";"UOP03-DEL04-RS"
494851;2022-12-23;"sexta-feira";"22:20:00";"PE";101;64,6;"RECIFE";"Transitar na contramão";"Colisão frontal";"Com Vítimas Feridas";"Plena Noite";"Decrescente";"Céu Claro";"Dupla";"Reta";"Não";2;0;1;0;1;0;1;2;-8,0162921;-34,94045886;"SPRF-PE";"DEL01-PE";"UOP01-DEL01-PE"
494853;2022-12-23;"sexta-feira";"21:20:00";"RS";392;193,3;"SANTANA DA BOA VISTA";"Reação tardia ou ineficiente do condutor";"Saída de leito carroçável";"Com Vítimas Feridas";"Plena Noite";"Crescente";"Garoa/Chuvisco";"Simples";"Declive;Curva";"Não";3;0;1;0;2;0;1;1;-30,919329;-53,104802;"SPRF-RS";"DEL09-RS";"UOP02-DEL09-RS"
494855;2022-12-23;"sexta-feira";"21:00:00";"PR";277;341;"GUARAPUAVA";"Manobra de mudança de faixa";"Colisão lateral mesmo sentido";"Com Vítimas Feridas";"Plena Noite";"Decrescente";"Céu Claro";"Dupla";"Curva";"Não";4;0;3;0;1;0;3;2;-25,3492231;-51,45528316;"SPRF-PR";"DEL08-PR";"UOP01-DEL08-PR"
494858;2022-12-23;"sexta-feira";"19:55:00";"GO";364;31;"PARANAIGUARA";"Ausência de reação do condutor";"Saída de leito carroçável";"Com Vítimas Feridas";"Plena Noite";"Decrescente";"Céu Claro";"Simples";"Reta";"Não";2;0;1;0;1;0;1;1;-18,889452;-50,739338;"SPRF-GO";"DEL05-GO";"UOP02-DEL05-GO"
494859;2022-12-23;"sexta-feira";"19:30:00";"MA";135;14;"SAO LUIS";"Pedestre andava na pista";"Atropelamento de Pedestre";"Com Vítimas Feridas";"Plena Noite";"Decrescente";"Céu Claro";"Dupla";"Reta";"Não";3;0;0;1;2;0;1;2;-2,68792341;-44,30009651;"SPRF-MA";"DEL01-MA";"UOP01-DEL01-MA"
494862;2022-03-02;"quarta-feira";"18:10:00";"PR";277;633;"CEU AZUL";"Ausência de reação do condutor";"Engavetamento";"Com Vítimas Feridas";"Pleno dia";"Crescente";"Céu Claro";"Simples";"Reta";"Não";5;0;1;0;4;0;1;4;-25,12710221;-53,82227898;"SPRF-PR";"DEL05-PR";"UOP02-DEL05-PR"
494866;2022-12-24;"sábado";"00:30:00";"SP";116;224;"GUARULHOS";"Ausência de reação do condutor";"Tombamento";"Sem Vítimas";"Plena Noite";"Crescente";"Céu Claro";"Múltipla";"Reta";"Sim";1;0;0;0;1;0;0;1;-23,48461792;-46,53946459;"SPRF-SP";"DEL01-SP";"UOP01-DEL01-SP"
494867;2022-12-24;"sábado";"00:32:00";"SP";116;227;"SAO PAULO";"Ausência de reação do condutor";"Capotamento";"Sem Vítimas";"Plena Noite";"Decrescente";"Céu Claro";"Múltipla";"Reta";"Não";1;0;0;0;1;0;0;1;-23,50213511;-46,56349182;"SPRF-SP";"DEL01-SP";"UOP01-DEL01-SP"
494870;2022-12-23;"sexta-feira";"20:40:00";"PI";230;189;"OEIRAS";"Acessar a via sem observar a presença dos outros veículos";"Colisão transversal";"Com Vítimas Feridas";"Plena Noite";"Crescente";"Céu Claro";"Simples";"Curva";"Não";2;0;1;0;1;0;1;2;-6,98161923;-42,06348989;"SPRF-PI";"DEL04-PI";"UOP01-DEL04-PI"
494871;2022-12-23;"sexta-feira";"15:50:00";"RN";304;134,1;"ANGICOS";"Reação tardia ou ineficiente do condutor";"Saída de leito carroçável";"Com Vítimas Feridas";"Pleno dia";"Decrescente";"Chuva";"Simples";"Reta";"Não";1;0;1;0;0;0;1;1;-5,66801594;-36,67251699;"SPRF-RN";"DEL04-RN";"UOP01-DEL04-RN"
494872;2022-12-24;"sábado";"00:15:00";"SP";116;513;"CAJATI";"Reação tardia ou ineficiente do condutor";"Capotamento";"Com Vítimas Feridas";"Plena Noite";"Decrescente";"Garoa/Chuvisco";"Simples";"Curva";"Não";3;0;1;0;2;0;1;1;-24,85109616;-48,21802405;"SPRF-SP";"DEL05-SP";"UOP02-DEL05-SP"
494873;2022-12-23;"sexta-feira";"20:30:00";"MG";267;149,3;"LIMA DUARTE";"Condutor deixou de manter distância do veículo da frente";"Colisão traseira";"Com Vítimas Feridas";"Plena Noite";"Crescente";"Garoa/Chuvisco";"Simples";"Reta";"Não";3;0;1;1;1;0;2;2;-21,81614465;-43,7400052;"SPRF-MG";"DEL05-MG";"UOP01-DEL05-MG"
494874;2022-12-23;"sexta-feira";"23:30:00";"MG";116;680;"MIRADOURO";"Ausência de reação do condutor";"Colisão traseira";"Com Vítimas Feridas";"Plena Noite";"Decrescente";"Nublado";"Simples";"Reta";"Não";4;0;1;0;3;0;1;2;-20,940274;-42,343531;"SPRF-MG";"DEL07-MG";"UOP02-DEL07-MG"
494876;2022-12-24;"sábado";"00:40:00";"RS";116;268;"CANOAS";"Velocidade Incompatível";"Colisão com objeto";"Com Vítimas Feridas";"Plena Noite";"Decrescente";"Céu Claro";"Dupla";"Reta";"Sim";1;0;0;1;0;0;1;1;-29,95042502;-51,17652939;"SPRF-RS";"DEL01-RS";"UOP01-DEL01-RS"
494877;2022-12-23;"sexta-feira";"20:40:00";"SC";280;214,5;"TRES BARRAS";"Transitar na contramão";"Colisão frontal";"Com Vítimas Fatais";"Plena Noite";"Decrescente";"Nublado";"Simples";"Curva";"Não";5;1;2;1;1;0;3;2;-26,18318414;-50,20686497;"SPRF-SC";"DEL06-SC";"UOP04-DEL06-SC"
494878;2022-12-23;"sexta-feira";"19:00:00";"SC";282;134;"BOM RETIRO";"Ultrapassagem Indevida";"Colisão traseira";"Sem Vítimas";"Plena Noite";"Crescente";"Céu Claro";"Simples";"Reta";"Não";3;0;0;0;2;1;0;2;-27,813074;-49,540077;"SPRF-SC";"DEL05-SC";"UOP01-DEL05-SC"
494879;2022-12-21;"quarta-feira";"21:10:00";"MG";116;380;"MATHIAS LOBATO";"Transitar na contramão";"Colisão frontal";"Com Vítimas Feridas";"Plena Noite";"Decrescente";"Chuva";"Simples";"Reta";"Não";6;0;5;0;1;0;5;2;-18,61420389;-41,93523904;"SPRF-MG";"DEL06-MG";"UOP01-DEL06-MG"
494880;2022-12-24;"sábado";"00:00:00";"SC";101;328;"CAPIVARI DE BAIXO";"Acesso irregular";"Colisão traseira";"Com Vítimas Feridas";"Plena Noite";"Decrescente";"Céu Claro";"Dupla";"Reta";"Sim";3;0;0;3;0;0;3;2;-28,43648094;-48,95989307;"SPRF-SC";"DEL02-SC";"UOP01-DEL02-SC"
494881;2022-12-24;"sábado";"00:20:00";"SC";101;112;"ITAJAI";"Conversão proibida";"Saída de leito carroçável";"Sem Vítimas";"Plena Noite";"Decrescente";"Garoa/Chuvisco";"Múltipla";"Reta";"Sim";1;0;0;0;1;0;0;1;-26,84589005;-48,72131295;"SPRF-SC";"DEL04-SC";"UOP04-DEL04-SC"
494882;2022-12-24;"sábado";"01:30:00";"SC";101;187;"BIGUACU";"Condutor deixou de manter distância do veículo da frente";"Colisão traseira";"Sem Vítimas";"Plena Noite";"Decrescente";"Nublado";"Dupla";"Reta";"Não";2;0;0;0;2;0;0;2;-27,51844497;-48,63848496;"SPRF-SC";"DEL01-SC";"UOP01-DEL01-SC"
494883;2022-12-24;"sábado";"01:30:00";"SC";101;213;"PALHOCA";"Avarias e/ou desgaste excessivo no pneu";"Queda de ocupante de veículo";"Com Vítimas Feridas";"Plena Noite";"Decrescente";"Céu Claro";"Múltipla";"Reta";"Sim";2;0;2;0;0;0;2;1;-27,63697369;-48,66514142;"SPRF-SC";"DEL01-SC";"UOP02-DEL01-SC"
494885;2022-12-24;"sábado";"02:20:00";"PR";277;240,2;"IRATI";"Condutor Dormindo";"Saída de leito carroçável";"Com Vítimas Feridas";"Plena Noite";"Crescente";"Céu Claro";"Simples";"Reta";"Não";3;0;1;0;2;0;1;1;-25,45257337;-50,63221335;"SPRF-PR";"DEL08-PR";"UOP02-DEL08-PR"
494886;2022-12-24;"sábado";"01:50:00";"GO";60;65;"ABADIANIA";"Condutor Dormindo";"Saída de leito carroçável";"Com Vítimas Feridas";"Plena Noite";"Crescente";"Nublado";"Dupla";"Reta";"Não";3;0;2;0;1;0;2;1;-16,2058;-48,7409;"SPRF-GO";"DEL02-GO";"UOP01-DEL02-GO"
494887;2022-12-24;"sábado";"02:45:00";"RS";386;128;"SARANDI";"Ingestão de álcool pelo condutor";"Colisão com objeto";"Sem Vítimas";"Pleno dia";"Decrescente";"Céu Claro";"Simples";"Interseção de Vias";"Sim";1;0;0;0;1;0;0;1;-27,928732;-52,964111;"SPRF-RS";"DEL08-RS";"UOP01-DEL08-RS"
494888;2022-12-23;"sexta-feira";"21:05:00";"RS";386;140,3;"SARANDI";"Demais falhas mecânicas ou elétricas";"Incêndio";"Sem Vítimas";"Plena Noite";"Decrescente";"Céu Claro";"Simples";"Reta;Aclive";"Não";1;0;0;0;1;0;0;1;-27,99637188;-52,89451361;"SPRF-RS";"DEL08-RS";"UOP01-DEL08-RS"
494889;2022-12-24;"sábado";"00:45:00";"MG";381;279;"JAGUARACU";"Demais falhas mecânicas ou elétricas";"Incêndio";"Com Vítimas Feridas";"Plena Noite";"Decrescente";"Nublado";"Simples";"Curva";"Não";40;0;1;0;39;0;1;1;-19,57345604;-42,7152651;"SPRF-MG";"DEL03-MG";"UOP02-DEL03-MG"
494890;2022-12-24;"sábado";"01:00:00";"BA";116;808;"VITORIA DA CONQUISTA";"Ausência de reação do condutor";"Saída de leito carroçável";"Sem Vítimas";"Plena Noite";"Crescente";"Chuva";"Simples";"Reta";"Não";1;0;0;0;1;0;0;1;-14,7433918;-40,66503611;"SPRF-BA";"DEL08-BA";"UOP01-DEL08-BA"
494891;2022-12-24;"sábado";"01:45:00";"PR";116;164;"QUITANDINHA";"Objeto estático sobre o leito carroçável";"Colisão com objeto";"Com Vítimas Feridas";"Plena Noite";"Crescente";"Garoa/Chuvisco";"Simples";"Reta";"Não";3;0;2;0;0;1;2;3;-25,872;-49,461;"SPRF-PR";"DEL01-PR";"UOP03-DEL01-PR"
494894;2022-12-24;"sábado";"01:25:00";"MG";381;279;"JAGUARACU";"Velocidade Incompatível";"Queda de ocupante de veículo";"Com Vítimas Feridas";"Plena Noite";"Crescente";"Nublado";"Simples";"Reta";"Não";1;0;1;0;0;0;1;1;-19,6016332;-42,75481785;"SPRF-MG";"DEL03-MG";"UOP02-DEL03-MG"
494895;2022-12-24;"sábado";"03:34:00";"PB";101;92;"JOAO PESSOA";"Transitar na contramão";"Colisão frontal";"Com Vítimas Feridas";"Plena Noite";"Decrescente";"Garoa/Chuvisco";"Dupla";"Reta;Aclive";"Sim";4;0;0;4;0;0;4;2;-7,19683829;-34,90588313;"SPRF-PB";"DEL01-PB";"UOP02-DEL01-PB"
494896;2022-12-24;"sábado";"02:01:00";"RS";116;251;"SAPUCAIA DO SUL";"Acessar a via sem observar a presença dos outros veículos";"Colisão traseira";"Com Vítimas Feridas";"Plena Noite";"Crescente";"Céu Claro";"Dupla";"Reta;Interseção de Vias";"Sim";4;0;1;0;3;0;1;2;-29,80035406;-51,16550365;"SPRF-RS";"DEL01-RS";"UOP02-DEL01-RS"
494899;2022-12-24;"sábado";"02:20:00";"PB";0;0;"MAMANGUAPE";"Transitar na contramão";"Colisão lateral sentido oposto";"Com Vítimas Feridas";"Plena Noite";"Não Informado";"Chuva";"Simples";"Reta";"Não";4;0;1;2;0;1;3;2;-6,82975098;-35,13756194;"SPRF-PB";"DEL01-PB";"UOP04-DEL01-PB"
494903;2022-12-24;"sábado";"03:00:00";"MA";230;2;"BARAO DE GRAJAU";"Transitar na contramão";"Colisão frontal";"Com Vítimas Feridas";"Plena Noite";"Crescente";"Céu Claro";"Simples";"Reta";"Sim";3;0;2;0;1;0;2;2;-6,75451474;-43,02540492;"SPRF-PI";"DEL03-PI";"UOP01-DEL03-PI"
494904;2022-12-24;"sábado";"05:00:00";"ES";259;22;"COLATINA";"Transitar na contramão";"Colisão frontal";"Com Vítimas Feridas";"Amanhecer";"Crescente";"Nublado";"Simples";"Reta";"Não";3;0;3;0;0;0;3;2;-19,55614791;-40,53865402;"SPRF-ES";"DEL02-ES";"UOP01-DEL02-ES"
494905;2022-12-24;"sábado";"03:45:00";"ES";101;57;"SAO MATEUS";"Ausência de reação do condutor";"Saída de leito carroçável";"Com Vítimas Feridas";"Plena Noite";"Decrescente";"Chuva";"Simples";"Reta";"Não";1;0;1;0;0;0;1;1;-18,64677697;-39,87407788;"SPRF-ES";"DEL04-ES";"UOP02-DEL04-ES"
494906;2022-12-24;"sábado";"03:00:00";"ES";101;264,7;"SERRA";"Ingestão de álcool pelo condutor";"Colisão traseira";"Sem Vítimas";"Plena Noite";"Crescente";"Céu Claro";"Dupla";"Reta";"Sim";2;0;0;0;1;1;0;2;-20,17292791;-40,26736384;"SPRF-ES";"DEL02-ES";"UOP01-DEL02-ES"
494907;2022-12-24;"sábado";"05:00:00";"RS";470;335,5;"TRIUNFO";"Ingestão de álcool pelo condutor";"Colisão com objeto";"Sem Vítimas";"Amanhecer";"Crescente";"Céu Claro";"Simples";"Aclive;Curva";"Não";1;0;0;0;1;0;0;1;-29,89633192;-51,70794762;"SPRF-RS";"DEL04-RS";"UOP02-DEL04-RS"
494909;2022-12-24;"sábado";"05:10:00";"RS";290;49;"GLORINHA";"Reação tardia ou ineficiente do condutor";"Colisão com objeto";"Sem Vítimas";"Amanhecer";"Crescente";"Céu Claro";"Dupla";"Reta";"Não";3;0;0;0;3;0;0;1;-29,8885189;-50,6805109;"SPRF-RS";"DEL03-RS";"UOP01-DEL03-RS"
494911;2022-12-23;"sexta-feira";"22:10:00";"SC";158;131,5;"CAIBI";"Transitar na contramão";"Colisão frontal";"Sem Vítimas";"Plena Noite";"Crescente";"Céu Claro";"Simples";"Reta";"Não";2;0;0;0;1;1;0;2;-27,05010604;-53,22961807;"SPRF-SC";"DEL07-SC";"UOP02-DEL07-SC"
494913;2022-12-24;"sábado";"00:00:00";"RJ";116;117;"MAGE";"Condutor Dormindo";"Capotamento";"Com Vítimas Feridas";"Plena Noite";"Decrescente";"Céu Claro";"Dupla";"Reta";"Sim";3;0;2;0;1;0;2;1;-22,60276206;-43,02514183;"SPRF-RJ";"DEL04-RJ";"UOP02-DEL04-RJ"
494914;2022-12-24;"sábado";"05:00:00";"PR";376;530,9;"PONTA GROSSA";"Ingestão de álcool pelo condutor";"Saída de leito carroçável";"Sem Vítimas";"Amanhecer";"Decrescente";"Nublado";"Dupla";"Ponte;Curva";"Não";2;0;0;0;2;0;0;1;-25,29873314;-49,89237137;"SPRF-PR";"DEL03-PR";"UOP03-DEL03-PR"
494915;2022-12-24;"sábado";"01:00:00";"RJ";465;18,1;"NOVA IGUACU";"Iluminação deficiente";"Atropelamento de Pedestre";"Com Vítimas Feridas";"Plena Noite";"Decrescente";"Céu Claro";"Simples";"Reta";"Sim";2;0;1;0;0;1;1;2;-22,831354;-43,615128;"SPRF-RJ";"DEL03-RJ";"UOP01-DEL03-RJ"