"id";"data_inversa";"dia_semana";"horario";"uf";"br";"km";"municipio";"causa_acidente";"tipo_acidente";"classificacao_acidente";"fase_dia";"sentido_via";"condicao_metereologica";"tipo_pista";"tracado_via";"uso_solo";"pessoas";"mortos";"feridos_leves";"feridos_graves";"ilesos";"ignorados";"feridos";"veiculos";"latitude";"longitude";"regional";"delegacia";"uop"
494918;2022-12-24;"sábado";"07:00:00";"PR";116;44;"CAMPINA GRANDE DO SUL";"Frear bruscamente";"Colisão traseira";"Com Vítimas Feridas";"Pleno dia";"Crescente";"Nublado";"Simples";"Reta";"Não";3;0;1;0;2;0;1;2;-25,1882321;-48,88492529;"SPRF-PR";"DEL01-PR";"UOP02-DEL01-PR"
494919;2022-12-24;"sábado";"06:30:00";"MG";50;177,7;"UBERABA";"Reação tardia ou ineficiente do condutor";"Colisão com objeto";"Sem Vítimas";"Pleno dia";"Decrescente";"Céu Claro";"Dupla";"Curva";"Sim";1;0;0;0;0;1;0;1;-19,779285;-47,943628;"SPRF-MG";"DEL13-MG";"UOP01-DEL13-MG"
494921;2022-12-24;"sábado";"02:30:00";"SC";101;109;"NAVEGANTES";"Ausência de reação do condutor";"Saída de leito carroçável";"Sem Vítimas";"Pleno dia";"Crescente";"Nublado";"Múltipla";"Curva";"Não";1;0;0;0;0;1;0;1;-26,8333519;-48,69632106;"SPRF-SC";"DEL03-SC";"UOP02-DEL03-SC"
494922;2022-12-24;"sábado";"05:00:00";"BA";101;343;"WENCESLAU GUIMARAES";"Manobra de mudança de faixa";"Colisão traseira";"Com Vítimas Feridas";"Amanhecer";"Decrescente";"Nublado";"Simples";"Reta";"Não";2;0;0;1;1;0;1;2;-13,68500096;-39,47921006;"SPRF-BA";"DEL05-BA";"UOP03-DEL05-BA"
494923;2022-12-23;"sexta-feira";"23:15:00";"SP";116;54;"LORENA";"Chuva";"Capotamento";"Com Vítimas Feridas";"Plena Noite";"Crescente";"Chuva";"Dupla";"Reta";"Não";1;0;1;0;0;0;1;1;-22,75803895;-45,11508003;"SPRF-SP";"DEL08-SP";"UOP02-DEL08-SP"
494924;2022-12-23;"sexta-feira";"23:00:00";"RS";470;325;"TRIUNFO";"Ingestão de álcool pelo condutor";"Saída de leito carroçável";"Sem Vítimas";"Plena Noite";"Crescente";"Céu Claro";"Simples";"Reta";"Não";1;0;0;0;1;0;0;1;-29,79993384;-51,68560139;"SPRF-RS";"DEL04-RS";"UOP02-DEL04-RS"
494925;2022-12-20;"terça-feira";"18:20:00";"RN";101;82,4;"SAO GONCALO DO AMARANTE";"Animais na Pista";"Atropelamento de Animal";"Com Vítimas Feridas";"Plena Noite";"Crescente";"Céu Claro";"Dupla";"Reta";"Sim";1;0;1;0;0;0;1;1;-5,76791511;-35,27456305;"SPRF-RN";"DEL02-RN";"UOP01-DEL02-RN"
494926;2022-12-20;"terça-feira";"17:05:00";"RN";406;171;"SAO GONCALO DO AMARANTE";"Acesso irregular";"Colisão transversal";"Com Vítimas Feridas";"Pleno dia";"Crescente";"Céu Claro";"Dupla";"Reta;Rotatória";"Sim";2;0;0;1;0;1;1;2;-5,76337835;-35,28717399;"SPRF-RN";"DEL02-RN";"UOP01-DEL02-RN"
494927;2022-12-24;"sábado";"07:15:00";"CE";116;113;"RUSSAS";"Retorno proibido";"Colisão transversal";"Com Vítimas Fatais";"Pleno dia";"Crescente";"Céu Claro";"Simples";"Reta";"Não";4;1;0;0;3;0;0;2;-4,594642;-38,208751;"SPRF-CE";"DEL03-CE";"UOP01-DEL03-CE"
494928;2022-12-23;"sexta-feira";"17:00:00";"RO";364;424;"JARU";"Ingestão de álcool pelo condutor";"Colisão traseira";"Sem Vítimas";"Pleno dia";"Decrescente";"Sol";"Simples";"Reta";"Sim";2;0;0;0;2;0;0;2;-10,44457274;-62,46568412;"SPRF-RO";"DEL03-RO";"UOP02-DEL03-RO"
494930;2022-12-24;"sábado";"05:40:00";"PB";412;33,8;"SAO JOAO DO CARIRI";"Avarias e/ou desgaste excessivo no pneu";"Saída de leito carroçável";"Sem Vítimas";"Pleno dia";"Decrescente";"Chuva";"Simples";"Reta";"Não";1;0;0;0;0;1;0;1;-7,313395;-36,343227;"SPRF-PB";"DEL02-PB";"UOP02-DEL02-PB"
494932;2022-12-24;"sábado";"07:57:00";"RS";116;225;"DOIS IRMAOS";"Reação tardia ou ineficiente do condutor";"Saída de leito carroçável";"Com Vítimas Feridas";"Pleno dia";"Crescente";"Céu Claro";"Simples";"Curva";"Não";1;0;0;1;0;0;1;1;-29,59704588;-51,10912224;"SPRF-RS";"DEL01-RS";"UOP02-DEL01-RS"
494933;2022-12-24;"sábado";"08:15:00";"RS";386;277;"SAO JOSE DO HERVAL";"Demais falhas mecânicas ou elétricas";"Incêndio";"Sem Vítimas";"Pleno dia";"Crescente";"Céu Claro";"Simples";"Curva";"Não";4;0;0;0;4;0;0;1;-29,012085;-52,331657;"SPRF-RS";"DEL04-RS";"UOP03-DEL04-RS"
494934;2022-12-23;"sexta-feira";"20:00:00";"RO";364;424;"JARU";"Acesso irregular";"Atropelamento de Pedestre";"Com Vítimas Feridas";"Plena Noite";"Decrescente";"Céu Claro";"Simples";"Reta";"Sim";1;0;1;0;0;0;1;1;-10,44457274;-62,46568412;"SPRF-RO";"DEL03-RO";"UOP02-DEL03-RO"
494935;2022-12-20;"terça-feira";"09:00:00";"PR";376;179,9;"MARINGA";"Reação tardia ou ineficiente do condutor";"Colisão traseira";"Com Vítimas Feridas";"Pleno dia";"Decrescente";"Céu Claro";"Dupla";"Reta";"Sim";2;0;1;0;1;0;1;2;-23,42244278;-51,90360392;"SPRF-PR";"DEL09-PR";"UOP01-DEL09-PR"
494936;2022-12-20;"terça-feira";"12:15:00";"PR";376;8,4;"MANDAGUARI";"Velocidade Incompatível";"Saída de leito carroçável";"Com Vítimas Feridas";"Pleno dia";"Decrescente";"Céu Claro";"Simples";"Curva";"Não";1;0;0;1;0;0;1;1;-23,547966;-51,671265;"SPRF-PR";"DEL09-PR";"UOP01-DEL09-PR"
494937;2022-12-24;"sábado";"09:00:00";"PR";376;653;"TIJUCAS DO SUL";"Reação tardia ou ineficiente do condutor";"Queda de ocupante de veículo";"Com Vítimas Feridas";"Pleno dia";"Crescente";"Nublado";"Múltipla";"Curva";"Não";1;0;1;0;0;0;1;1;-25,84420191;-49,0604381;"SPRF-PR";"DEL01-PR";"UOP04-DEL01-PR"
494938;2022-12-20;"terça-feira";"23:00:00";"PR";376;184;"SARANDI";"Acessar a via sem observar a presença dos outros veículos";"Colisão transversal";"Com Vítimas Feridas";"Plena Noite";"Decrescente";"Céu Claro";"Dupla";"Reta";"Sim";2;0;0;1;1;0;1;2;-23,4465611;-51,86216706;"SPRF-PR";"DEL09-PR";"UOP01-DEL09-PR"
494941;2022-12-24;"sábado";"07:27:00";"MT";364;562;"NOBRES";"Ingestão de álcool pelo condutor";"Saída de leito carroçável";"Com Vítimas Feridas";"Pleno dia";"Crescente";"Nublado";"Dupla";"Curva";"Sim";4;0;0;2;2;0;2;1;-14,78041023;-56,36922993;"SPRF-MT";"DEL01-MT";"UOP01-DEL01-MT"
494942;2022-12-24;"sábado";"06:30:00";"RR";174;208;"RORAINOPOLIS";"Ingestão de álcool pelo condutor";"Capotamento";"Com Vítimas Feridas";"Amanhecer";"Crescente";"Céu Claro";"Simples";"Curva";"Não";2;0;2;0;0;0;2;1;0,909851;-60,432659;"SPRF-RR";"DEL01-RR";"UOP01-DEL01-RR"
494943;2022-12-24;"sábado";"08:10:00";"MG";116;530,2;"CARATINGA";"Reação tardia ou ineficiente do condutor";"Colisão traseira";"Com Vítimas Feridas";"Pleno dia";"Crescente";"Nublado";"Simples";"Reta";"Não";3;0;1;1;1;0;2;2;-19,81289751;-42,1330744;"SPRF-MG";"DEL06-MG";"UOP02-DEL06-MG"
494946;2022-12-24;"sábado";"09:45:00";"RN";226;248,7;"JUCURUTU";"Chuva";"Saída de leito carroçável";"Com Vítimas Feridas";"Pleno dia";"Crescente";"Chuva";"Simples";"Curva;Aclive";"Não";5;0;1;4;0;0;5;1;-6,01711788;-37,03537574;"SPRF-RN";"DEL03-RN";"UOP01-DEL03-RN"
494947;2022-12-24;"sábado";"09:10:00";"MA";135;8,4;"SAO LUIS";"Ausência de reação do condutor";"Colisão lateral mesmo sentido";"Com Vítimas Feridas";"Pleno dia";"Decrescente";"Céu Claro";"Dupla";"Reta";"Não";1;0;1;0;0;0;1;1;-2,64342093;-44,27374175;"SPRF-MA";"DEL01-MA";"UOP01-DEL01-MA"
494948;2022-12-24;"sábado";"08:26:00";"MG";365;701;"MONTE ALEGRE DE MINAS";"Problema na suspensão";"Queda de ocupante de veículo";"Com Vítimas Feridas";"Pleno dia";"Crescente";"Céu Claro";"Dupla";"Reta";"Não";1;0;1;0;0;0;1;1;-18,88052284;-49,007675;"SPRF-MG";"DEL15-MG";"UOP03-DEL15-MG"
494950;2022-12-24;"sábado";"06:14:00";"GO";364;21,8;"PARANAIGUARA";"Ingestão de álcool pelo condutor";"Saída de leito carroçável";"Sem Vítimas";"Pleno dia";"Decrescente";"Céu Claro";"Dupla";"Reta";"Não";1;0;0;0;0;1;0;1;-18,92555;-50,654079;"SPRF-GO";"DEL05-GO";"UOP02-DEL05-GO"
494951;2022-12-24;"sábado";"10:00:00";"SC";101;196,8;"SAO JOSE";"Reação tardia ou ineficiente do condutor";"Colisão com objeto";"Com Vítimas Feridas";"Pleno dia";"Decrescente";"Sol";"Dupla";"Reta";"Sim";2;0;2;0;0;0;2;1;-27,51101091;-48,64322292;"SPRF-SC";"DEL01-SC";"UOP01-DEL01-SC"
494952;2022-12-24;"sábado";"08:20:00";"RJ";493;71;"NOVA IGUACU";"Ausência de reação do condutor";"Colisão lateral mesmo sentido";"Sem Vítimas";"Pleno dia";"Crescente";"Céu Claro";"Dupla";"Curva";"Não";4;0;0;0;4;0;0;2;-22,687065;-43,490148;"SPRF-RJ";"DEL01-RJ";"UOP03-DEL01-RJ"
494956;2022-12-24;"sábado";"10:40:00";"CE";222;2;"FORTALEZA";"Condutor desrespeitou a iluminação vermelha do semáforo";"Colisão transversal";"Com Vítimas Feridas";"Pleno dia";"Decrescente";"Nublado";"Múltipla";"Interseção de Vias;Reta;Retorno Regulamentado";"Sim";3;0;2;0;0;1;2;2;-3,73911117;-38,58687498;"SPRF-CE";"DEL01-CE";"UOP01-DEL01-CE"
494957;2022-12-24;"sábado";"09:50:00";"PR";369;144,6;"LONDRINA";"Pedestre cruzava a pista fora da faixa";"Atropelamento de Pedestre";"Com Vítimas Feridas";"Pleno dia";"Decrescente";"Céu Claro";"Dupla";"Retorno Regulamentado;Reta";"Não";2;0;0;1;1;0;1;2;-23,29370165;-51,11113966;"SPRF-PR";"DEL07-PR";"UOP01-DEL07-PR"
494958;2022-12-23;"sexta-feira";"20:30:00";"BA";30;890;"MARAU";"Transitar na contramão";"Colisão frontal";"Com Vítimas Fatais";"Plena Noite";"Crescente";"Nublado";"Simples";"Reta";"Não";3;1;1;0;0;1;1;2;-14,31093983;-39,31744893;"SPRF-BA";"DEL05-BA";"UOP01-DEL05-BA"
494959;2022-12-24;"sábado";"11:10:00";"PR";277;149,4;"PORTO AMAZONAS";"Reação tardia ou ineficiente do condutor";"Colisão frontal";"Com Vítimas Fatais";"Pleno dia";"Crescente";"Céu Claro";"Simples";"Reta";"Não";9;3;0;2;4;0;2;4;-25,473299;-49,8226;"SPRF-PR";"DEL03-PR";"UOP03-DEL03-PR"
494961;2022-12-24;"sábado";"10:00:00";"SC";101;134,6;"BALNEARIO CAMBORIU";"Reação tardia ou ineficiente do condutor";"Queda de ocupante de veículo";"Com Vítimas Feridas";"Pleno dia";"Crescente";"Céu Claro";"Dupla";"Reta";"Sim";2;0;1;0;1;0;1;2;-27,00218;-48,636433;"SPRF-SC";"DEL04-SC";"UOP03-DEL04-SC"
494963;2022-12-24;"sábado";"11:10:00";"SE";101;92,2;"NOSSA SENHORA DO SOCORRO";"Condutor deixou de manter distância do veículo da frente";"Colisão traseira";"Com Vítimas Feridas";"Pleno dia";"Crescente";"Sol";"Dupla";"Curva";"Sim";2;0;1;0;1;0;1;2;-10,90169474;-37,13619222;"SPRF-SE";"DEL01-SE";"UOP01-DEL01-SE"
494965;2022-12-24;"sábado";"11:40:00";"RS";386;136,3;"SARANDI";"Acessar a via sem observar a presença dos outros veículos";"Colisão transversal";"Com Vítimas Feridas";"Pleno dia";"Crescente";"Céu Claro";"Simples";"Reta;Aclive";"Sim";2;0;1;0;1;0;1;2;-27,968201;-52,90752;"SPRF-RS";"DEL08-RS";"UOP01-DEL08-RS"
494967;2022-12-20;"terça-feira";"06:30:00";"MG";354;768,7;"ITAMONTE";"Velocidade Incompatível";"Saída de leito carroçável";"Com Vítimas Feridas";"Pleno dia";"Crescente";"Nublado";"Simples";"Reta;Aclive";"Não";1;0;1;0;0;0;1;1;-22,35304206;-44,79165104;"SPRF-MG";"DEL17-MG";"UOP01-DEL17-MG"
494970;2022-12-24;"sábado";"11:30:00";"MS";163;114;"NAVIRAI";"Pedestre cruzava a pista fora da faixa";"Atropelamento de Pedestre";"Com Vítimas Feridas";"Pleno dia";"Crescente";"Céu Claro";"Simples";"Reta";"Não";5;0;0;1;3;1;1;2;-23,16123903;-54,19856957;"SPRF-MS";"DEL09-MS";"UOP01-DEL09-MS"
494971;2022-12-24;"sábado";"12:00:00";"MG";40;455,8;"CAETANOPOLIS";"Condutor Dormindo";"Saída de leito carroçável";"Com Vítimas Feridas";"Pleno dia";"Crescente";"Nublado";"Dupla";"Curva";"Não";1;0;1;0;0;0;1;1;-19,35767518;-44,34735515;"SPRF-MG";"DEL02-MG";"UOP01-DEL02-MG"
494972;2022-12-24;"sábado";"13:09:00";"GO";452;179,1;"ITUMBIARA";"Problema na suspensão";"Saída de leito carroçável";"Com Vítimas Feridas";"Pleno dia";"Crescente";"Nublado";"Simples";"Curva";"Não";1;0;1;0;0;0;1;1;-18,37027474;-49,36134287;"SPRF-GO";"DEL03-GO";"UOP02-DEL03-GO"
494974;2022-12-24;"sábado";"07:40:00";"GO";60;97;"ANAPOLIS";"Manobra de mudança de faixa";"Colisão traseira";"Com Vítimas Feridas";"Pleno dia";"Crescente";"Céu Claro";"Dupla";"Reta;Retorno Regulamentado";"Sim";3;0;0;2;1;0;2;2;-16,3774;-48,9483;"SPRF-GO";"DEL02-GO";"UOP01-DEL02-GO"
494975;2022-12-24;"sábado";"10:30:00";"RS";116;203;"PICADA CAFE";"Reação tardia ou ineficiente do condutor";"Tombamento";"Com Vítimas Feridas";"Pleno dia";"Crescente";"Céu Claro";"Simples";"Curva";"Não";2;0;2;0;0;0;2;1;-29,49113279;-51,14998489;"SPRF-RS";"DEL05-RS";"UOP02-DEL05-RS"
494976;2022-12-24;"sábado";"09:35:00";"BA";235;348;"JUAZEIRO";"Deficiência do Sistema de Iluminação/Sinalização";"Colisão com objeto";"Sem Vítimas";"Pleno dia";"Crescente";"Céu Claro";"Dupla";"Reta";"Sim";2;0;0;0;2;0;0;1;-9,453838;-40,479841;"SPRF-PE";"DEL06-PE";"UOP01-DEL06-PE"
494977;2022-12-24;"sábado";"12:20:00";"SP";116;218;"GUARULHOS";"Reação tardia ou ineficiente do condutor";"Queda de ocupante de veículo";"Com Vítimas Feridas";"Pleno dia";"Decrescente";"Céu Claro";"Múltipla";"Reta";"Não";1;0;1;0;0;0;1;1;-23,457972;-46,479927;"SPRF-SP";"DEL01-SP";"UOP01-DEL01-SP"
494979;2022-12-24;"sábado";"06:30:00";"BA";101;749;"ITABELA";"Ausência de reação do condutor";"Atropelamento de Pedestre";"Com Vítimas Fatais";"Amanhecer";"Crescente";"Chuva";"Simples";"Reta;Declive";"Não";2;1;0;0;0;1;0;2;-16,60896918;-39,54593182;"SPRF-BA";"DEL09-BA";"UOP01-DEL09-BA"
494980;2022-12-24;"sábado";"09:10:00";"RS";293;236;"DOM PEDRITO";"Velocidade Incompatível";"Colisão frontal";"Com Vítimas Feridas";"Pleno dia";"Decrescente";"Chuva";"Simples";"Reta";"Não";3;0;3;0;0;0;3;2;-31,0416614;-54,5424691;"SPRF-RS";"DEL11-RS";"UOP03-DEL11-RS"
494982;2022-12-24;"sábado";"08:00:00";"PR";373;424;"CANDOI";"Reação tardia ou ineficiente do condutor";"Saída de leito carroçável";"Com Vítimas Feridas";"Pleno dia";"Decrescente";"Céu Claro";"Simples";"Reta";"Não";3;0;3;0;0;0;3;1;-25,71258776;-52,18937712;"SPRF-PR";"DEL08-PR";"UOP01-DEL08-PR"
494983;2022-12-24;"sábado";"12:10:00";"PE";423;95,5;"GARANHUNS";"Ausência de reação do condutor";"Colisão traseira";"Com Vítimas Feridas";"Pleno dia";"Crescente";"Céu Claro";"Simples";"Reta;Interseção de Vias";"Sim";2;0;1;0;1;0;1;2;-8,87891989;-36,47796305;"SPRF-PE";"DEL03-PE";"UOP01-DEL03-PE"
494984;2022-12-24;"sábado";"13:55:00";"MG";50;41,4;"ARAGUARI";"Ausência de reação do condutor";"Colisão com objeto";"Com Vítimas Feridas";"Pleno dia";"Crescente";"Céu Claro";"Dupla";"Reta";"Não";4;0;2;0;2;0;2;1;-18,682136;-48,17887197;"SPRF-MG";"DEL15-MG";"UOP02-DEL15-MG"
494985;2022-12-24;"sábado";"12:30:00";"MG";153;130;"PRATA";"Condutor deixou de manter distância do veículo da frente";"Colisão traseira";"Com Vítimas Feridas";"Pleno dia";"Crescente";"Céu Claro";"Simples";"Reta";"Sim";5;0;1;0;4;0;1;2;-19,48466991;-48,86193486;"SPRF-MG";"DEL15-MG";"UOP03-DEL15-MG"
494987;2022-12-23;"sexta-feira";"23:00:00";"PR";158;407;"LARANJEIRAS DO SUL";"Reação tardia ou ineficiente do condutor";"Saída de leito carroçável";"Com Vítimas Feridas";"Plena Noite";"Crescente";"Céu Claro";"Simples";"Curva";"Não";2;0;1;0;1;0;1;1;-25,38213622;-52,40374389;"SPRF-PR";"DEL04-PR";"UOP02-DEL04-PR"
494988;2022-12-24;"sábado";"07:15:00";"MG";381;770,9;"CAMPANHA";"Condutor deixou de manter distância do veículo da frente";"Colisão lateral mesmo sentido";"Com Vítimas Fatais";"Amanhecer";"Crescente";"Nublado";"Dupla";"Reta;Declive";"Não";7;1;5;0;1;0;5;5;-21,76712228;-45,41858017;"SPRF-MG";"DEL16-MG";"UOP02-DEL16-MG"
494989;2022-12-23;"sexta-feira";"04:30:00";"BA";101;255;"SANTO ANTONIO DE JESUS";"Condutor Dormindo";"Saída de leito carroçável";"Com Vítimas Fatais";"Plena Noite";"Crescente";"Ignorado";"Simples";"Reta";"Não";1;1;0;0;0;0;0;1;-13,0225291;-39,29118136;"SPRF-BA";"DEL01-BA";"UOP02-DEL01-BA"
494990;2022-11-14;"segunda-feira";"12:00:00";"SC";101;114;"ITAJAI";"Manobra de mudança de faixa";"Queda de ocupante de veículo";"Com Vítimas Feridas";"Pleno dia";"Crescente";"Ignorado";"Dupla";"Reta";"Não";2;0;1;0;0;1;1;2;-26,86192886;-48,7286704;"SPRF-SC";"DEL04-SC";"UOP04-DEL04-SC"
494991;2022-12-24;"sábado";"15:15:00";"GO";153;532,5;"HIDROLANDIA";"Ausência de reação do condutor";"Colisão traseira";"Com Vítimas Feridas";"Pleno dia";"Decrescente";"Chuva";"Dupla";"Reta;Declive";"Não";3;0;1;0;2;0;1;2;-16,9761;-49,2302;"SPRF-GO";"DEL01-GO";"UOP03-DEL01-GO"
494992;2022-12-24;"sábado";"14:50:00";"RJ";101;557;"PARATY";"Velocidade Incompatível";"Colisão lateral sentido oposto";"Com Vítimas Feridas";"Pleno dia";"Crescente";"Chuva";"Simples";"Curva";"Não";3;0;1;1;1;0;2;3;-23,09154148;-44,6958992;"SPRF-RJ";"DEL03-RJ";"UOP04-DEL03-RJ"
494993;2022-12-24;"sábado";"15:40:00";"PE";232;126,6;"CARUARU";"Condutor deixou de manter distância do veículo da frente";"Colisão traseira";"Sem Vítimas";"Pleno dia";"Crescente";"Céu Claro";"Dupla";"Reta";"Sim";2;0;0;0;2;0;0;2;-8,30819677;-35,95467594;"SPRF-PE";"DEL02-PE";"UOP01-DEL02-PE"
494994;2022-12-24;"sábado";"15:50:00";"PR";116;14,9;"CAMPINA GRANDE DO SUL";"Velocidade Incompatível";"Capotamento";"Com Vítimas Feridas";"Pleno dia";"Crescente";"Garoa/Chuvisco";"Dupla";"Curva";"Não";4;0;2;1;1;0;3;1;-25,09832756;-48,68266005;"SPRF-PR";"DEL01-PR";"UOP02-DEL01-PR"
494996;2022-12-24;"sábado";"15:00:00";"BA";110;340;"ALAGOINHAS";"Reação tardia ou ineficiente do condutor";"Colisão transversal";"Com Vítimas Feridas";"Pleno dia";"Crescente";"Garoa/Chuvisco";"Simples";"Reta";"Não";2;0;1;0;1;0;1;2;-12,21614599;-38,41432082;"SPRF-BA";"DEL01-BA";"UOP04-DEL01-BA"
494998;2022-12-24;"sábado";"14:50:00";"RJ";101;432;"MANGARATIBA";"Reação tardia ou ineficiente do condutor";"Saída de leito carroçável";"Com Vítimas Feridas";"Pleno dia";"Crescente";"Céu Claro";"Simples";"Curva";"Não";1;0;0;1;0;0;1;1;-22,93437472;-44,02919087;"SPRF-RJ";"DEL03-RJ";"UOP02-DEL03-RJ"
494999;2022-12-24;"sábado";"15:20:00";"ES";101;51;"CONCEICAO DA BARRA";"Velocidade Incompatível";"Colisão frontal";"Sem Vítimas";"Pleno dia";"Decrescente";"Chuva";"Simples";"Reta";"Não";1;0;0;0;1;0;0;1;-18,59458104;-39,88970815;"SPRF-ES";"DEL04-ES";"UOP02-DEL04-ES"
495000;2022-12-24;"sábado";"16:00:00";"RJ";116;95;"GUAPIMIRIM";"Chuva";"Tombamento";"Com Vítimas Feridas";"Pleno dia";"Crescente";"Chuva";"Simples";"Declive;Curva";"Não";1;0;1;0;0;0;1;1;-22,47374702;-43,00117923;"SPRF-RJ";"DEL04-RJ";"UOP01-DEL04-RJ"
495001;2022-12-24;"sábado";"14:50:00";"SC";282;653,7;"SAO MIGUEL DO OESTE";"Acessar a via sem observar a presença dos outros veículos";"Colisão transversal";"Com Vítimas Feridas";"Pleno dia";"Decrescente";"Céu Claro";"Simples";"Interseção de Vias";"Não";2;0;1;0;1;0;1;2;-26,70497971;-53,52556229;"SPRF-SC";"DEL07-SC";"UOP03-DEL07-SC"
495002;2022-12-24;"sábado";"15:40:00";"SC";470;38;"GASPAR";"Ausência de reação do condutor";"Saída de leito carroçável";"Com Vítimas Feridas";"Pleno dia";"Decrescente";"Nublado";"Simples";"Desvio Temporário;Curva;Em Obras";"Sim";1;0;1;0;0;0;1;1;-26,904108;-48,980164;"SPRF-SC";"DEL04-SC";"UOP01-DEL04-SC"
495004;2022-12-24;"sábado";"16:20:00";"PR";277;73,5;"SAO JOSE DOS PINHAIS";"Demais falhas mecânicas ou elétricas";"Tombamento";"Com Vítimas Feridas";"Pleno dia";"Crescente";"Nublado";"Dupla";"Reta";"Sim";2;0;2;0;0;0;2;1;-25,49788462;-49,15866852;"SPRF-PR";"DEL01-PR";"UOP01-DEL01-PR"
495005;2022-12-24;"sábado";"16:15:00";"PI";316;10;"TERESINA";"Desrespeitar a preferência no cruzamento";"Colisão transversal";"Com Vítimas Feridas";"Pleno dia";"Crescente";"Nublado";"Múltipla";"Rotatória";"Sim";2;0;1;0;1;0;1;2;-5,18280197;-42,76350291;"SPRF-PI";"DEL01-PI";"UOP02-DEL01-PI"
495007;2022-12-24;"sábado";"17:15:00";"PR";476;160,7;"ARAUCARIA";"Reação tardia ou ineficiente do condutor";"Colisão lateral mesmo sentido";"Com Vítimas Feridas";"Pleno dia";"Crescente";"Nublado";"Simples";"Reta";"Sim";3;0;1;0;2;0;1;2;-25,619013;-49,440125;"SPRF-PR";"DEL01-PR";"UOP06-DEL01-PR"
495008;2022-12-24;"sábado";"17:00:00";"SP";381;69,4;"MAIRIPORA";"Reação tardia ou ineficiente do condutor";"Capotamento";"Com Vítimas Feridas";"Pleno dia";"Decrescente";"Chuva";"Múltipla";"Declive;Curva";"Não";4;0;2;0;2;0;2;1;-23,34553108;-46,56787903;"SPRF-SP";"DEL03-SP";"UOP01-DEL03-SP"
495009;2022-12-24;"sábado";"16:37:00";"CE";116;5;"FORTALEZA";"Acessar a via sem observar a presença dos outros veículos";"Atropelamento de Pedestre";"Com Vítimas Fatais";"Pleno dia";"Crescente";"Sol";"Múltipla";"Reta";"Sim";2;1;0;0;0;1;0;2;-3,79467116;-38,50772734;"SPRF-CE";"DEL01-CE";"UOP02-DEL01-CE"
495010;2022-12-24;"sábado";"16:40:00";"MG";50;71;"UBERLANDIA";"Condutor Dormindo";"Saída de leito carroçável";"Com Vítimas Feridas";"Pleno dia";"Decrescente";"Sol";"Dupla";"Reta";"Sim";2;0;1;0;1;0;1;1;-18,85140204;-48,25345932;"SPRF-MG";"DEL15-MG";"UOP01-DEL15-MG"
495011;2022-12-24;"sábado";"12:16:00";"SC";470;38,8;"GASPAR";"Ultrapassagem Indevida";"Colisão traseira";"Com Vítimas Feridas";"Pleno dia";"Decrescente";"Nublado";"Dupla";"Reta;Em Obras";"Não";3;0;1;1;1;0;2;2;-26,89848547;-48,98570001;"SPRF-SC";"DEL04-SC";"UOP01-DEL04-SC"
495012;2022-12-24;"sábado";"15:00:00";"MT";364;292,8;"JACIARA";"Demais falhas mecânicas ou elétricas";"Queda de ocupante de veículo";"Com Vítimas Feridas";"Pleno dia";"Decrescente";"Nublado";"Dupla";"Reta";"Não";1;0;0;1;0;0;1;1;-15,89220915;-55,1038862;"SPRF-MT";"DEL05-MT";"UOP02-DEL05-MT"
495013;2022-12-24;"sábado";"08:50:00";"BA";101;28,1;"ESPLANADA";"Chuva";"Saída de leito carroçável";"Com Vítimas Feridas";"Pleno dia";"Crescente";"Chuva";"Dupla";"Declive;Curva";"Não";1;0;1;0;0;0;1;1;-11,76968008;-37,94440451;"SPRF-SE";"DEL02-SE";"UOP03-DEL02-SE"
495014;2022-12-24;"sábado";"17:00:00";"PR";116;118;"CURITIBA";"Manobra de mudança de faixa";"Colisão lateral mesmo sentido";"Com Vítimas Feridas";"Pleno dia";"Decrescente";"Nublado";"Dupla";"Reta";"Sim";2;0;0;1;1;0;1;2;-25,5682251;-49,3099756;"SPRF-PR";"DEL01-PR";"UOP03-DEL01-PR"
495017;2022-12-24;"sábado";"15:30:00";"RO";364;426,1;"JARU";"Entrada inopinada do pedestre";"Atropelamento de Pedestre";"Com Vítimas Feridas";"Pleno dia";"Crescente";"Céu Claro";"Simples";"Reta";"Sim";3;0;1;0;1;1;1;2;-10,432443;-62,479584;"SPRF-RO";"DEL03-RO";"UOP02-DEL03-RO"
495018;2022-12-24;"sábado";"15:30:00";"MS";163;367,7;"NOVA ALVORADA DO SUL";"Reação tardia ou ineficiente do condutor";"Tombamento";"Com Vítimas Feridas";"Pleno dia";"Crescente";"Nublado";"Simples";"Retorno Regulamentado";"Sim";2;0;2;0;0;0;2;1;-21,44705605;-54,37684984;"SPRF-MS";"DEL02-MS";"UOP01-DEL02-MS"
495020;2022-12-24;"sábado";"17:35:00";"RJ";393;280;"BARRA DO PIRAI";"Acessar a via sem observar a presença dos outros veículos";"Colisão transversal";"Com Vítimas Feridas";"Pleno dia";"Decrescente";"Céu Claro";"Simples";"Reta";"Sim";3;0;1;0;1;1;1;3;-22,47750785;-44,01954402;"SPRF-RJ";"DEL05-RJ";"UOP04-DEL05-RJ"
495021;2022-12-24;"sábado";"17:00:00";"PE";424;90;"GARANHUNS";"Acesso irregular";"Queda de ocupante de veículo";"Com Vítimas Feridas";"Plena Noite";"Decrescente";"Céu Claro";"Simples";"Aclive;Curva";"Sim";1;0;1;0;0;0;1;1;-8,89635706;-36,50157593;"SPRF-PE";"DEL03-PE";"UOP01-DEL03-PE"