"id";"data_inversa";"dia_semana";"horario";"uf";"br";"km";"municipio";"causa_acidente";"tipo_acidente";"classificacao_acidente";"fase_dia";"sentido_via";"condicao_metereologica";"tipo_pista";"tracado_via";"uso_solo";"pessoas";"mortos";"feridos_leves";"feridos_graves";"ilesos";"ignorados";"feridos";"veiculos";"latitude";"longitude";"regional";"delegacia";"uop"
495122;2022-12-25;"domingo";"08:00:00";"MG";381;478,2;"CONTAGEM";"Ausência de reação do condutor";"Colisão com objeto";"Com Vítimas Fatais";"Pleno dia";"Decrescente";"Céu Claro";"Dupla";"Reta";"Sim";1;1;0;0;0;0;0;1;-19,961228;-44,037292;"SPRF-MG";"DEL01-MG";"UOP03-DEL01-MG"
495124;2022-12-22;"quinta-feira";"07:15:00";"TO";10;434;"PALMAS";"Objeto estático sobre o leito carroçável";"Colisão com objeto";"Sem Vítimas";"Pleno dia";"Decrescente";"Céu Claro";"Dupla";"Reta";"Sim";2;0;0;0;2;0;0;1;-10,23826108;-48,31165502;"SPRF-TO";"DEL01-TO";"UOP03-DEL01-TO"
495126;2022-12-25;"domingo";"07:35:00";"MG";381;453,5;"SABARA";"Ingestão de álcool pelo condutor";"Capotamento";"Com Vítimas Feridas";"Pleno dia";"Crescente";"Nublado";"Simples";"Curva";"Sim";2;0;1;0;0;1;1;2;-19,85197588;-43,88851019;"SPRF-MG";"DEL01-MG";"UOP01-DEL01-MG"
495128;2022-12-25;"domingo";"08:46:00";"CE";122;5;"CHOROZINHO";"Pista esburacada";"Queda de ocupante de veículo";"Com Vítimas Feridas";"Pleno dia";"Decrescente";"Nublado";"Simples";"Curva";"Sim";2;0;1;1;0;0;2;1;-4,3364193;-38,47897053;"SPRF-CE";"DEL03-CE";"UOP02-DEL03-CE"
495129;2022-12-25;"domingo";"08:44:00";"PB";230;83;"CALDAS BRANDAO";"Ingestão de álcool pelo condutor";"Queda de ocupante de veículo";"Com Vítimas Feridas";"Pleno dia";"Crescente";"Céu Claro";"Dupla";"Reta";"Não";1;0;1;0;0;0;1;1;-7,1669;-35,3355;"SPRF-PB";"DEL01-PB";"UOP03-DEL01-PB"
495130;2022-12-25;"domingo";"07:40:00";"MG";40;749;"SANTOS DUMONT";"Reação tardia ou ineficiente do condutor";"Saída de leito carroçável";"Com Vítimas Feridas";"Pleno dia";"Crescente";"Chuva";"Simples";"Curva";"Sim";1;0;1;0;0;0;1;1;-21,447874;-43,55738803;"SPRF-MG";"DEL05-MG";"UOP01-DEL05-MG"
495131;2022-12-25;"domingo";"08:20:00";"DF";60;5;"BRASILIA";"Velocidade Incompatível";"Colisão lateral mesmo sentido";"Sem Vítimas";"Pleno dia";"Crescente";"Céu Claro";"Dupla";"Reta";"Sim";3;0;0;0;2;1;0;2;-15,895438;-48,104771;"SPRF-DF";"DEL03-DF";"UOP01-DEL03-DF"
495132;2022-12-25;"domingo";"08:30:00";"PR";277;299;"PRUDENTOPOLIS";"Reação tardia ou ineficiente do condutor";"Colisão lateral mesmo sentido";"Com Vítimas Feridas";"Pleno dia";"Decrescente";"Céu Claro";"Múltipla";"Reta";"Não";4;0;1;0;3;0;1;2;-25,293061;-51,131715;"SPRF-PR";"DEL08-PR";"UOP01-DEL08-PR"
495133;2022-12-25;"domingo";"08:00:00";"SC";282;86;"ALFREDO WAGNER";"Ingestão de álcool pelo condutor";"Colisão frontal";"Com Vítimas Feridas";"Pleno dia";"Crescente";"Nublado";"Simples";"Curva";"Não";2;0;1;0;1;0;1;2;-27,661551;-49,197906;"SPRF-SC";"DEL01-SC";"UOP03-DEL01-SC"
495134;2022-12-25;"domingo";"00:40:00";"RJ";116;131;"MAGE";"Transitar na contramão";"Colisão lateral sentido oposto";"Com Vítimas Feridas";"Plena Noite";"Decrescente";"Nublado";"Simples";"Viaduto;Aclive;Curva";"Não";2;0;0;1;1;0;1;2;-22,64837333;-43,18028212;"SPRF-RJ";"DEL04-RJ";"UOP02-DEL04-RJ"
495136;2022-12-25;"domingo";"07:15:00";"MA";135;42;"BACABEIRA";"Ausência de reação do condutor";"Saída de leito carroçável";"Com Vítimas Feridas";"Pleno dia";"Crescente";"Céu Claro";"Dupla";"Reta";"Não";1;0;1;0;0;0;1;1;-2,90630595;-44,36037795;"SPRF-MA";"DEL01-MA";"UOP01-DEL01-MA"
495138;2022-12-25;"domingo";"09:00:00";"RS";386;403;"TRIUNFO";"Ausência de reação do condutor";"Saída de leito carroçável";"Sem Vítimas";"Pleno dia";"Decrescente";"Céu Claro";"Simples";"Reta";"Não";1;0;0;0;1;0;0;1;-29,768667;-51,578655;"SPRF-RS";"DEL01-RS";"UOP01-DEL01-RS"
495140;2022-12-25;"domingo";"10:00:00";"RS";392;71,8;"PELOTAS";"Reação tardia ou ineficiente do condutor";"Colisão traseira";"Com Vítimas Feridas";"Pleno dia";"Crescente";"Céu Claro";"Múltipla";"Reta;Interseção de Vias";"Não";2;0;1;0;1;0;1;2;-31,72790198;-52,38685478;"SPRF-RS";"DEL07-RS";"UOP01-DEL07-RS"
495141;2022-12-23;"sexta-feira";"02:40:00";"RJ";393;144;"SAPUCAIA";"Demais falhas mecânicas ou elétricas";"Incêndio";"Sem Vítimas";"Plena Noite";"Crescente";"Vento";"Simples";"Curva";"Não";1;0;0;0;1;0;0;1;-22,02958854;-42,9801137;"SPRF-RJ";"DEL05-RJ";"UOP01-DEL05-RJ"
495142;2022-12-25;"domingo";"09:45:00";"MG";40;474;"SETE LAGOAS";"Reação tardia ou ineficiente do condutor";"Saída de leito carroçável";"Com Vítimas Feridas";"Pleno dia";"Decrescente";"Nublado";"Dupla";"Declive;Curva";"Sim";3;0;3;0;0;0;3;1;-19,49804878;-44,27929974;"SPRF-MG";"DEL02-MG";"UOP01-DEL02-MG"
495144;2022-12-25;"domingo";"10:20:00";"PI";316;20;"TERESINA";"Manobra de mudança de faixa";"Colisão lateral mesmo sentido";"Sem Vítimas";"Pleno dia";"Crescente";"Céu Claro";"Dupla";"Reta";"Sim";4;0;0;0;4;0;0;2;-5,25939797;-42,7287478;"SPRF-PI";"DEL01-PI";"UOP02-DEL01-PI"
495145;2022-12-25;"domingo";"09:40:00";"RJ";101;575,9;"PARATY";"Acessar a via sem observar a presença dos outros veículos";"Colisão transversal";"Sem Vítimas";"Pleno dia";"Crescente";"Céu Claro";"Simples";"Interseção de Vias";"Não";4;0;0;0;1;3;0;2;-23,22767208;-44,72725153;"SPRF-RJ";"DEL03-RJ";"UOP02-DEL03-RJ"
495146;2022-12-25;"domingo";"11:00:00";"RS";290;79;"GRAVATAI";"Demais falhas mecânicas ou elétricas";"Incêndio";"Sem Vítimas";"Pleno dia";"Decrescente";"Céu Claro";"Múltipla";"Reta";"Sim";1;0;0;0;1;0;0;1;-29,952908;-51,048054;"SPRF-RS";"DEL01-RS";"UOP01-DEL01-RS"
495147;2022-12-25;"domingo";"10:30:00";"ES";101;419,6;"CACHOEIRO DE ITAPEMIRIM";"Condutor Dormindo";"Saída de leito carroçável";"Com Vítimas Feridas";"Pleno dia";"Crescente";"Nublado";"Simples";"Reta";"Não";1;0;1;0;0;0;1;1;-20,9639919;-41,1052169;"SPRF-ES";"DEL03-ES";"UOP02-DEL03-ES"
495148;2022-12-25;"domingo";"09:15:00";"RO";364;659;"CANDEIAS DO JAMARI";"Ausência de reação do condutor";"Saída de leito carroçável";"Com Vítimas Feridas";"Pleno dia";"Decrescente";"Nublado";"Simples";"Reta";"Não";4;0;1;0;3;0;1;1;-8,840693;-63,44781302;"SPRF-RO";"DEL01-RO";"UOP01-DEL01-RO"
495150;2022-12-25;"domingo";"00:15:00";"PE";428;182,6;"PETROLINA";"Velocidade Incompatível";"Colisão com objeto";"Sem Vítimas";"Plena Noite";"Decrescente";"Nublado";"Dupla";"Retorno Regulamentado";"Sim";1;0;0;0;0;1;0;1;-9,31614989;-40,45800722;"SPRF-PE";"DEL06-PE";"UOP01-DEL06-PE"
495151;2022-12-25;"domingo";"10:00:00";"RO";425;100;"NOVA MAMORE";"Desrespeitar a preferência no cruzamento";"Colisão transversal";"Com Vítimas Feridas";"Pleno dia";"Crescente";"Garoa/Chuvisco";"Simples";"Interseção de Vias";"Sim";2;0;0;1;1;0;1;2;-10,411559;-65,33094;"SPRF-RO";"DEL01-RO";"UOP03-DEL01-RO"
495152;2022-12-25;"domingo";"10:00:00";"AP";156;813;"OIAPOQUE";"Velocidade Incompatível";"Tombamento";"Com Vítimas Feridas";"Pleno dia";"Crescente";"Nublado";"Simples";"Curva";"Não";2;0;1;1;0;0;2;1;3,79459417;-51,78316749;"SPRF-AP";"DEL01-AP";"UOP03-DEL01-AP"
495154;2022-12-25;"domingo";"08:28:00";"MS";262;297;"CAMPO GRANDE";"Ausência de reação do condutor";"Saída de leito carroçável";"Sem Vítimas";"Pleno dia";"Crescente";"Céu Claro";"Simples";"Reta";"Não";1;0;0;0;0;1;0;1;-20,50647192;-54,26860402;"SPRF-MS";"DEL01-MS";"UOP01-DEL01-MS"
495155;2022-12-25;"domingo";"09:30:00";"RJ";116;172;"SAO JOAO DE MERITI";"Reação tardia ou ineficiente do condutor";"Colisão com objeto";"Com Vítimas Feridas";"Pleno dia";"Decrescente";"Céu Claro";"Múltipla";"Reta";"Sim";1;0;1;0;0;0;1;1;-22,80188151;-43,35043673;"SPRF-RJ";"DEL01-RJ";"UOP02-DEL01-RJ"
495156;2022-12-25;"domingo";"10:00:00";"CE";116;230;"ALTO SANTO";"Manobra de mudança de faixa";"Colisão transversal";"Com Vítimas Feridas";"Pleno dia";"Decrescente";"Céu Claro";"Simples";"Reta";"Não";5;0;3;0;2;0;3;2;-5,406202;-38,245845;"SPRF-CE";"DEL03-CE";"UOP01-DEL03-CE"
495157;2022-12-24;"sábado";"05:20:00";"RJ";40;110;"DUQUE DE CAXIAS";"Condutor Dormindo";"Queda de ocupante de veículo";"Com Vítimas Feridas";"Amanhecer";"Decrescente";"Céu Claro";"Múltipla";"Reta";"Sim";1;0;1;0;0;0;1;1;-22,68289906;-43,28549346;"SPRF-RJ";"DEL01-RJ";"UOP01-DEL01-RJ"
495158;2022-12-25;"domingo";"09:30:00";"MS";163;89,5;"ITAQUIRAI";"Reação tardia ou ineficiente do condutor";"Colisão traseira";"Com Vítimas Feridas";"Pleno dia";"Decrescente";"Garoa/Chuvisco";"Simples";"Reta;Declive";"Não";2;0;0;1;1;0;1;2;-23,37905205;-54,21242239;"SPRF-MS";"DEL09-MS";"UOP01-DEL09-MS"
495159;2022-12-25;"domingo";"11:30:00";"GO";70;11,3;"AGUAS LINDAS DE GOIAS";"Condutor Dormindo";"Saída de leito carroçável";"Sem Vítimas";"Pleno dia";"Decrescente";"Garoa/Chuvisco";"Dupla";"Reta";"Sim";5;0;0;0;5;0;0;1;-15,73877614;-48,30124288;"SPRF-DF";"DEL03-DF";"UOP02-DEL03-DF"
495160;2022-12-25;"domingo";"11:38:00";"GO";60;12;"SANTO ANTONIO DO DESCOBERTO";"Ausência de reação do condutor";"Colisão com objeto";"Com Vítimas Feridas";"Pleno dia";"Crescente";"Céu Claro";"Dupla";"Reta";"Não";1;0;1;0;0;0;1;1;-16,11706929;-48,31787109;"SPRF-DF";"DEL03-DF";"UOP01-DEL03-DF"
495161;2022-12-25;"domingo";"10:35:00";"RO";364;307,8;"PRESIDENTE MEDICI";"Desrespeitar a preferência no cruzamento";"Colisão transversal";"Com Vítimas Feridas";"Pleno dia";"Decrescente";"Nublado";"Simples";"Reta;Declive";"Sim";3;0;1;1;1;0;2;2;-11,181447;-61,90154;"SPRF-RO";"DEL02-RO";"UOP01-DEL02-RO"
495162;2022-12-25;"domingo";"12:46:00";"PE";101;70,1;"RECIFE";"Ausência de reação do condutor";"Saída de leito carroçável";"Com Vítimas Feridas";"Pleno dia";"Decrescente";"Céu Claro";"Simples";"Curva";"Sim";1;0;0;1;0;0;1;1;-8,067901;-34,940793;"SPRF-PE";"DEL01-PE";"UOP01-DEL01-PE"
495163;2022-12-25;"domingo";"12:00:00";"SP";116;280;"EMBU DAS ARTES";"Condutor deixou de manter distância do veículo da frente";"Colisão lateral mesmo sentido";"Com Vítimas Feridas";"Pleno dia";"Decrescente";"Nublado";"Dupla";"Reta";"Não";3;0;2;0;0;1;2;2;-23,66996108;-46,85590758;"SPRF-SP";"DEL04-SP";"UOP01-DEL04-SP"
495164;2022-12-25;"domingo";"12:05:00";"MS";163;234,7;"CAARAPO";"Demais falhas mecânicas ou elétricas";"Tombamento";"Com Vítimas Feridas";"Pleno dia";"Decrescente";"Nublado";"Dupla";"Reta";"Não";2;0;2;0;0;0;2;1;-22,43623981;-54,81995018;"SPRF-MS";"DEL04-MS";"UOP02-DEL04-MS"
495165;2022-12-25;"domingo";"13:00:00";"MG";381;373,9;"SAO GONCALO DO RIO ABAIXO";"Ultrapassagem Indevida";"Colisão frontal";"Com Vítimas Feridas";"Pleno dia";"Decrescente";"Nublado";"Simples";"Curva;Declive";"Não";5;0;0;3;2;0;3;3;-19,83992808;-43,3214812;"SPRF-MG";"DEL01-MG";"UOP01-DEL01-MG"
495166;2022-12-25;"domingo";"06:35:00";"SC";282;548,3;"NOVA ITABERABA";"Condutor Dormindo";"Colisão lateral sentido oposto";"Com Vítimas Feridas";"Amanhecer";"Crescente";"Céu Claro";"Simples";"Reta";"Não";4;0;1;0;3;0;1;2;-26,968346;-52,753883;"SPRF-SC";"DEL07-SC";"UOP01-DEL07-SC"
495167;2022-12-25;"domingo";"06:50:00";"MG";116;563,7;"MANHUACU";"Condutor Dormindo";"Saída de leito carroçável";"Com Vítimas Feridas";"Pleno dia";"Crescente";"Nublado";"Simples";"Curva;Aclive";"Não";1;0;0;1;0;0;1;1;-20,068129;-42,174963;"SPRF-MG";"DEL06-MG";"UOP03-DEL06-MG"
495168;2022-12-25;"domingo";"12:30:00";"MG";50;60;"UBERLANDIA";"Condutor Dormindo";"Colisão com objeto";"Sem Vítimas";"Pleno dia";"Decrescente";"Ignorado";"Dupla";"Reta;Declive";"Não";2;0;0;0;0;2;0;2;-18,80909682;-48,24439716;"SPRF-MG";"DEL15-MG";"UOP02-DEL15-MG"
495169;2022-12-25;"domingo";"13:00:00";"SP";381;58,4;"MAIRIPORA";"Velocidade Incompatível";"Colisão lateral mesmo sentido";"Com Vítimas Feridas";"Pleno dia";"Decrescente";"Nublado";"Dupla";"Reta";"Sim";2;0;1;0;1;0;1;2;-23,27438497;-46,58530615;"SPRF-SP";"DEL03-SP";"UOP01-DEL03-SP"
495171;2022-12-25;"domingo";"12:40:00";"ES";262;35;"DOMINGOS MARTINS";"Demais falhas mecânicas ou elétricas";"Incêndio";"Sem Vítimas";"Pleno dia";"Crescente";"Nublado";"Simples";"Aclive";"Não";1;0;0;0;1;0;0;1;-20,38002181;-40,5951714;"SPRF-ES";"DEL01-ES";"UOP01-DEL01-ES"
495172;2022-12-25;"domingo";"10:10:00";"MG";50;129;"UBERABA";"Condutor Dormindo";"Saída de leito carroçável";"Com Vítimas Feridas";"Pleno dia";"Crescente";"Nublado";"Dupla";"Reta;Aclive";"Não";1;0;1;0;0;0;1;1;-19,38085098;-48,07703881;"SPRF-MG";"DEL13-MG";"UOP01-DEL13-MG"
495174;2022-12-25;"domingo";"09:15:00";"AL";316;33,1;"CANAPI";"Condutor Dormindo";"Capotamento";"Com Vítimas Fatais";"Pleno dia";"Decrescente";"Céu Claro";"Simples";"Reta";"Não";3;1;0;2;0;0;2;1;-9,11141212;-37,62653703;"SPRF-AL";"DEL03-AL";"UOP02-DEL03-AL"
495175;2022-12-25;"domingo";"11:30:00";"MG";381;771;"CAMPANHA";"Reação tardia ou ineficiente do condutor";"Saída de leito carroçável";"Com Vítimas Feridas";"Pleno dia";"Decrescente";"Céu Claro";"Dupla";"Reta";"Não";4;0;4;0;0;0;4;1;-21,79136317;-45,44895687;"SPRF-MG";"DEL16-MG";"UOP02-DEL16-MG"
495176;2022-12-19;"segunda-feira";"12:00:00";"SC";101;206;"SAO JOSE";"Manobra de mudança de faixa";"Queda de ocupante de veículo";"Com Vítimas Feridas";"Pleno dia";"Decrescente";"Chuva";"Múltipla";"Reta";"Sim";2;0;1;0;1;0;1;2;-27,59193546;-48,61824557;"SPRF-SC";"DEL01-SC";"UOP01-DEL01-SC"
495177;2022-12-24;"sábado";"05:00:00";"BA";367;51;"PORTO SEGURO";"Manobra de mudança de faixa";"Colisão lateral sentido oposto";"Sem Vítimas";"Pleno dia";"Decrescente";"Chuva";"Simples";"Reta";"Não";2;0;0;0;1;1;0;2;-16,37318452;-39,30755012;"SPRF-BA";"DEL09-BA";"UOP03-DEL09-BA"
495178;2022-12-25;"domingo";"14:35:00";"MG";381;5;"BETIM";"Demais falhas mecânicas ou elétricas";"Tombamento";"Com Vítimas Feridas";"Pleno dia";"Crescente";"Nublado";"Dupla";"Reta";"Sim";2;0;2;0;0;0;2;1;-19,96825;-44,198708;"SPRF-MG";"DEL01-MG";"UOP03-DEL01-MG"
495179;2022-12-25;"domingo";"14:40:00";"CE";230;25;"LAVRAS DA MANGABEIRA";"Pista esburacada";"Saída de leito carroçável";"Com Vítimas Fatais";"Pleno dia";"Decrescente";"Céu Claro";"Simples";"Reta;Declive";"Não";4;2;0;2;0;0;2;1;-6,75363803;-38,83776899;"SPRF-CE";"DEL05-CE";"UOP01-DEL05-CE"
495180;2022-12-25;"domingo";"02:00:00";"MA";222;340;"IGARAPE DO MEIO";"Ingestão de álcool pelo condutor";"Colisão lateral sentido oposto";"Com Vítimas Feridas";"Plena Noite";"Decrescente";"Nublado";"Simples";"Reta";"Não";2;0;0;1;1;0;1;2;-3,59458384;-45,1024651;"SPRF-MA";"DEL02-MA";"UOP01-DEL02-MA"
495181;2022-12-25;"domingo";"14:00:00";"DF";70;9;"BRASILIA";"Reação tardia ou ineficiente do condutor";"Saída de leito carroçável";"Com Vítimas Fatais";"Pleno dia";"Crescente";"Chuva";"Dupla";"Reta";"Sim";4;2;2;0;0;0;2;1;-15,78453117;-48,13150764;"SPRF-DF";"DEL03-DF";"UOP02-DEL03-DF"
495182;2022-12-25;"domingo";"14:28:00";"SC";101;199,9;"SAO JOSE";"Trafegar com motocicleta (ou similar) entre as faixas";"Colisão traseira";"Com Vítimas Feridas";"Pleno dia";"Decrescente";"Céu Claro";"Múltipla";"Reta";"Sim";3;0;2;0;1;0;2;2;-27,54018513;-48,62287714;"SPRF-SC";"DEL01-SC";"UOP01-DEL01-SC"
495183;2022-12-25;"domingo";"14:35:00";"PB";230;4;"CABEDELO";"Reação tardia ou ineficiente do condutor";"Colisão com objeto";"Com Vítimas Feridas";"Pleno dia";"Crescente";"Céu Claro";"Dupla";"Reta;Em Obras;Viaduto";"Sim";1;0;0;1;0;0;1;1;-7,005594;-34,829346;"SPRF-PB";"DEL01-PB";"UOP01-DEL01-PB"
495185;2022-12-25;"domingo";"14:30:00";"MS";359;200;"COXIM";"Demais falhas mecânicas ou elétricas";"Tombamento";"Com Vítimas Feridas";"Pleno dia";"Crescente";"Sol";"Simples";"Reta";"Não";1;0;1;0;0;0;1;1;-18,44176123;-54,47931301;"SPRF-MS";"DEL06-MS";"UOP01-DEL06-MS"
495186;2022-12-25;"domingo";"12:45:00";"PE";101;157;"RIBEIRAO";"Acumulo de areia ou detritos sobre o pavimento";"Colisão com objeto";"Com Vítimas Fatais";"Pleno dia";"Crescente";"Nublado";"Dupla";"Curva";"Não";1;1;0;0;0;0;0;1;-8,55352976;-35,3964161;"SPRF-PE";"DEL01-PE";"UOP03-DEL01-PE"
495188;2022-12-25;"domingo";"15:15:00";"PR";116;168;"QUITANDINHA";"Acessar a via sem observar a presença dos outros veículos";"Colisão transversal";"Com Vítimas Feridas";"Pleno dia";"Crescente";"Nublado";"Dupla";"Reta;Interseção de Vias";"Não";5;0;1;0;4;0;1;2;-25,88667788;-49,50647593;"SPRF-PR";"DEL01-PR";"UOP03-DEL01-PR"
495189;2022-12-25;"domingo";"14:40:00";"SC";101;255,5;"PAULO LOPES";"Ausência de reação do condutor";"Colisão lateral mesmo sentido";"Com Vítimas Feridas";"Pleno dia";"Crescente";"Céu Claro";"Dupla";"Curva";"Não";10;0;7;0;2;1;7;4;-27,98870611;-48,68028402;"SPRF-SC";"DEL02-SC";"UOP03-DEL02-SC"
495192;2022-12-25;"domingo";"16:15:00";"RJ";101;121;"CAMPOS DOS GOYTACAZES";"Avarias e/ou desgaste excessivo no pneu";"Capotamento";"Com Vítimas Feridas";"Pleno dia";"Decrescente";"Céu Claro";"Dupla";"Curva";"Não";4;0;1;1;2;0;2;1;-22,03520162;-41,69372827;"SPRF-RJ";"DEL08-RJ";"UOP02-DEL08-RJ"
495195;2022-12-25;"domingo";"16:40:00";"MG";40;751,9;"SANTOS DUMONT";"Acumulo de água sobre o pavimento";"Colisão lateral mesmo sentido";"Com Vítimas Feridas";"Pleno dia";"Decrescente";"Chuva";"Simples";"Curva";"Não";7;0;7;0;0;0;7;2;-21,46537559;-43,56167779;"SPRF-MG";"DEL05-MG";"UOP01-DEL05-MG"
495196;2022-12-25;"domingo";"16:30:00";"PR";116;112,9;"CURITIBA";"Condutor deixou de manter distância do veículo da frente";"Saída de leito carroçável";"Sem Vítimas";"Pleno dia";"Crescente";"Nublado";"Dupla";"Reta";"Sim";1;0;0;0;1;0;0;1;-25,55005657;-49,28207036;"SPRF-PR";"DEL01-PR";"UOP07-DEL01-PR"
495197;2022-12-25;"domingo";"16:45:00";"RS";116;302;"GUAIBA";"Acessar a via sem observar a presença dos outros veículos";"Colisão transversal";"Com Vítimas Feridas";"Pleno dia";"Crescente";"Céu Claro";"Simples";"Reta";"Não";4;0;1;0;1;2;1;3;-30,13970487;-51,35942618;"SPRF-RS";"DEL02-RS";"UOP01-DEL02-RS"
495199;2022-12-25;"domingo";"16:50:00";"CE";20;401;"CAUCAIA";"Condutor deixou de manter distância do veículo da frente";"Colisão traseira";"Com Vítimas Feridas";"Pleno dia";"Crescente";"Céu Claro";"Simples";"Reta";"Não";5;0;4;0;1;0;4;3;-3,79347474;-38,70838217;"SPRF-CE";"DEL01-CE";"UOP01-DEL01-CE"
495200;2022-12-25;"domingo";"14:30:00";"MA";316;407;"ALTO ALEGRE DO MARANHAO";"Ausência de reação do condutor";"Colisão traseira";"Com Vítimas Feridas";"Pleno dia";"Decrescente";"Céu Claro";"Simples";"Reta";"Não";2;0;1;0;0;1;1;2;-4,24808;-44,435707;"SPRF-MA";"DEL03-MA";"UOP01-DEL03-MA"
495202;2022-12-25;"domingo";"16:50:00";"MG";40;559;"NOVA LIMA";"Acumulo de água sobre o pavimento";"Saída de leito carroçável";"Com Vítimas Feridas";"Pleno dia";"Crescente";"Chuva";"Dupla";"Declive;Reta";"Sim";2;0;1;0;1;0;1;2;-20,12527424;-43,96591187;"SPRF-MG";"DEL01-MG";"UOP02-DEL01-MG"
495203;2022-12-25;"domingo";"16:45:00";"RS";116;246;"SAO LEOPOLDO";"Acessar a via sem observar a presença dos outros veículos";"Colisão lateral mesmo sentido";"Com Vítimas Feridas";"Pleno dia";"Decrescente";"Céu Claro";"Múltipla";"Curva;Viaduto;Interseção de Vias";"Sim";8;0;0;1;1;6;1;3;-29,76065194;-51,15187168;"SPRF-RS";"DEL01-RS";"UOP02-DEL01-RS"
495204;2022-12-25;"domingo";"03:00:00";"MG";365;1;"MONTES CLAROS";"Demais falhas mecânicas ou elétricas";"Incêndio";"Sem Vítimas";"Plena Noite";"Decrescente";"Céu Claro";"Simples";"Reta;Aclive";"Não";1;0;0;0;0;1;0;1;-16,716154;-43,863327;"SPRF-MG";"DEL12-MG";"UOP01-DEL12-MG"
495205;2022-12-25;"domingo";"16:00:00";"PR";376;472,5;"PONTA GROSSA";"Reação tardia ou ineficiente do condutor";"Saída de leito carroçável";"Com Vítimas Feridas";"Pleno dia";"Decrescente";"Nublado";"Dupla";"Curva";"Não";2;0;2;0;0;0;2;1;-25,02520355;-50,31567693;"SPRF-PR";"DEL03-PR";"UOP01-DEL03-PR"
495207;2022-12-25;"domingo";"17:25:00";"SC";280;23,7;"ARAQUARI";"Desrespeitar a preferência no cruzamento";"Colisão transversal";"Com Vítimas Feridas";"Pleno dia";"Crescente";"Céu Claro";"Simples";"Reta";"Não";2;0;1;0;1;0;1;2;-26,37146;-48,711887;"SPRF-SC";"DEL03-SC";"UOP03-DEL03-SC"
495208;2022-12-25;"domingo";"15:30:00";"MT";70;744;"CACERES";"Avarias e/ou desgaste excessivo no pneu";"Saída de leito carroçável";"Com Vítimas Feridas";"Pleno dia";"Decrescente";"Céu Claro";"Simples";"Curva";"Não";2;0;1;1;0;0;2;1;-16,03987431;-57,75444031;"SPRF-MT";"DEL03-MT";"UOP01-DEL03-MT"
495209;2022-12-25;"domingo";"16:10:00";"MG";40;447,1;"PARAOPEBA";"Chuva";"Saída de leito carroçável";"Com Vítimas Feridas";"Pleno dia";"Crescente";"Chuva";"Dupla";"Reta";"Sim";3;0;3;0;0;0;3;1;-19,29359592;-44,38358492;"SPRF-MG";"DEL02-MG";"UOP01-DEL02-MG"
495210;2022-12-25;"domingo";"17:30:00";"MG";40;562;"NOVA LIMA";"Chuva";"Colisão com objeto";"Com Vítimas Feridas";"Pleno dia";"Decrescente";"Chuva";"Dupla";"Curva;Declive";"Não";1;0;1;0;0;0;1;1;-20,14451602;-43,95966007;"SPRF-MG";"DEL01-MG";"UOP02-DEL01-MG"
495211;2022-12-25;"domingo";"17:30:00";"SP";116;167;"JACAREI";"Reação tardia ou ineficiente do condutor";"Colisão traseira";"Sem Vítimas";"Pleno dia";"Crescente";"Sol";"Múltipla";"Reta";"Não";3;0;0;0;3;0;0;1;-23,30254924;-46,02640493;"SPRF-SP";"DEL02-SP";"UOP01-DEL02-SP"
495212;2022-12-25;"domingo";"17:20:00";"SC";282;526,8;"CORDILHEIRA ALTA";"Acessar a via sem observar a presença dos outros veículos";"Colisão transversal";"Com Vítimas Feridas";"Pleno dia";"Decrescente";"Nublado";"Simples";"Declive;Interseção de Vias";"Não";4;0;2;0;2;0;2;2;-26,9826422;-52,5983867;"SPRF-SC";"DEL07-SC";"UOP01-DEL07-SC"
495213;2022-12-25;"domingo";"17:40:00";"PE";101;46;"IGARASSU";"Entrada inopinada do pedestre";"Atropelamento de Pedestre";"Com Vítimas Feridas";"Plena Noite";"Decrescente";"Céu Claro";"Dupla";"Reta";"Sim";2;0;0;1;1;0;1;2;-7,87406004;-34,90588126;"SPRF-PE";"DEL01-PE";"UOP02-DEL01-PE"
495214;2022-12-25;"domingo";"16:15:00";"RS";386;116,5;"SARANDI";"Ausência de reação do condutor";"Colisão traseira";"Com Vítimas Feridas";"Pleno dia";"Crescente";"Ignorado";"Simples";"Reta";"Não";4;0;2;0;2;0;2;2;-27,846354;-53,017323;"SPRF-RS";"DEL08-RS";"UOP01-DEL08-RS"
495215;2022-12-25;"domingo";"17:45:00";"SP";381;23,2;"BRAGANCA PAULISTA";"Velocidade Incompatível";"Capotamento";"Com Vítimas Feridas";"Pleno dia";"Decrescente";"Céu Claro";"Múltipla";"Reta;Aclive";"Não";4;0;2;1;1;0;3;1;-23,00476488;-46,52061531;"SPRF-SP";"DEL03-SP";"UOP02-DEL03-SP"
495216;2022-12-25;"domingo";"15:42:00";"MG";381;404;"BOM JESUS DO AMPARO";"Condutor deixou de manter distância do veículo da frente";"Colisão traseira";"Com Vítimas Feridas";"Pleno dia";"Decrescente";"Nublado";"Dupla";"Curva;Declive";"Não";3;0;2;0;1;0;2;2;-19,7490622;-43,54398027;"SPRF-MG";"DEL01-MG";"UOP01-DEL01-MG"
495217;2022-12-25;"domingo";"17:30:00";"SP";116;138,8;"CACAPAVA";"Ausência de reação do condutor";"Engavetamento";"Com Vítimas Feridas";"Anoitecer";"Crescente";"Garoa/Chuvisco";"Múltipla";"Reta";"Não";7;0;4;0;2;1;4;4;-23,1572739;-45,79554605;"SPRF-SP";"DEL02-SP";"UOP01-DEL02-SP"