"id";"data_inversa";"dia_semana";"horario";"uf";"br";"km";"municipio";"causa_acidente";"tipo_acidente";"classificacao_acidente";"fase_dia";"sentido_via";"condicao_metereologica";"tipo_pista";"tracado_via";"uso_solo";"pessoas";"mortos";"feridos_leves";"feridos_graves";"ilesos";"ignorados";"feridos";"veiculos";"latitude";"longitude";"regional";"delegacia";"uop"
495218;2022-12-25;"domingo";"17:40:00";"DF";251;38;"BRASILIA";"Chuva";"Colisão frontal";"Com Vítimas Feridas";"Anoitecer";"Crescente";"Chuva";"Simples";"Aclive";"Não";2;0;1;0;1;0;1;2;-15,94582;-47,792267;"SPRF-DF";"DEL01-DF";"UOP01-DEL01-DF"
495219;2022-12-25;"domingo";"17:40:00";"BA";324;612;"SALVADOR";"Avarias e/ou desgaste excessivo no pneu";"Tombamento";"Com Vítimas Feridas";"Anoitecer";"Decrescente";"Céu Claro";"Dupla";"Reta";"Sim";2;0;2;0;0;0;2;1;-12,84664721;-38,41741648;"SPRF-BA";"DEL01-BA";"UOP01-DEL01-BA"
495220;2022-12-25;"domingo";"18:20:00";"SC";101;220;"PALHOCA";"Demais falhas mecânicas ou elétricas";"Queda de ocupante de veículo";"Com Vítimas Feridas";"Anoitecer";"Decrescente";"Nublado";"Dupla";"Reta";"Não";2;0;1;0;1;0;1;1;-27,69198941;-48,66368358;"SPRF-SC";"DEL01-SC";"UOP02-DEL01-SC"
495221;2022-12-25;"domingo";"17:00:00";"MG";50;174;"UBERABA";"Velocidade Incompatível";"Colisão com objeto";"Com Vítimas Feridas";"Pleno dia";"Crescente";"Chuva";"Dupla";"Reta";"Sim";2;0;1;0;1;0;1;1;-19,770817;-47,973434;"SPRF-MG";"DEL13-MG";"UOP01-DEL13-MG"
495222;2022-12-25;"domingo";"16:15:00";"AL";316;249;"ATALAIA";"Reação tardia ou ineficiente do condutor";"Queda de ocupante de veículo";"Com Vítimas Feridas";"Pleno dia";"Crescente";"Céu Claro";"Simples";"Reta";"Sim";1;0;0;1;0;0;1;1;-9,54840634;-35,98068337;"SPRF-AL";"DEL01-AL";"UOP01-DEL01-AL"
495223;2022-12-25;"domingo";"17:00:00";"RS";470;247;"BARAO";"Transitar na contramão";"Colisão lateral sentido oposto";"Com Vítimas Feridas";"Pleno dia";"Crescente";"Chuva";"Simples";"Curva";"Não";5;0;2;0;3;0;2;3;-29,37593098;-51,49908082;"SPRF-RS";"DEL06-RS";"UOP01-DEL06-RS"
495224;2022-12-25;"domingo";"18:00:00";"SC";101;124;"ITAJAI";"Avarias e/ou desgaste excessivo no pneu";"Tombamento";"Com Vítimas Feridas";"Pleno dia";"Decrescente";"Nublado";"Dupla";"Reta";"Sim";2;0;2;0;0;0;2;1;-26,94335064;-48,69198648;"SPRF-SC";"DEL04-SC";"UOP04-DEL04-SC"
495225;2022-12-25;"domingo";"17:00:00";"MG";381;620,6;"OLIVEIRA";"Chuva";"Saída de leito carroçável";"Com Vítimas Feridas";"Pleno dia";"Decrescente";"Chuva";"Dupla";"Reta;Declive";"Não";2;0;1;0;1;0;1;1;-20,78558012;-44,78578864;"SPRF-MG";"DEL04-MG";"UOP01-DEL04-MG"
495226;2022-12-25;"domingo";"16:35:00";"PR";153;504;"GENERAL CARNEIRO";"Avarias e/ou desgaste excessivo no pneu";"Colisão frontal";"Com Vítimas Feridas";"Pleno dia";"Decrescente";"Chuva";"Simples";"Curva;Aclive";"Não";6;0;3;2;1;0;5;2;-26,53447989;-51,36383057;"SPRF-PR";"DEL02-PR";"UOP03-DEL02-PR"
495227;2022-12-25;"domingo";"09:15:00";"CE";402;292,5;"TURURU";"Chuva";"Saída de leito carroçável";"Sem Vítimas";"Pleno dia";"Decrescente";"Chuva";"Simples";"Curva";"Não";1;0;0;0;1;0;0;1;-3,64894755;-39,42718274;"SPRF-CE";"DEL01-CE";"UOP03-DEL01-CE"
495228;2022-12-25;"domingo";"14:20:00";"GO";50;142,5;"IPAMERI";"Ausência de reação do condutor";"Saída de leito carroçável";"Com Vítimas Feridas";"Pleno dia";"Crescente";"Céu Claro";"Dupla";"Reta;Declive";"Não";2;0;2;0;0;0;2;1;-17,1036;-47,7204;"SPRF-GO";"DEL06-GO";"UOP01-DEL06-GO"
495229;2022-12-25;"domingo";"14:00:00";"SC";282;638,8;"DESCANSO";"Ausência de reação do condutor";"Colisão lateral sentido oposto";"Com Vítimas Feridas";"Pleno dia";"Crescente";"Céu Claro";"Simples";"Curva";"Não";4;0;2;0;2;0;2;2;-26,79350526;-53,45088959;"SPRF-SC";"DEL07-SC";"UOP03-DEL07-SC"
495230;2022-12-25;"domingo";"18:30:00";"SC";116;11,9;"MAFRA";"Reação tardia ou ineficiente do condutor";"Colisão traseira";"Sem Vítimas";"Anoitecer";"Decrescente";"Chuva";"Simples";"Reta;Declive";"Não";2;0;0;0;1;1;0;2;-26,17627262;-49,8580203;"SPRF-SC";"DEL06-SC";"UOP01-DEL06-SC"
495231;2022-12-25;"domingo";"04:40:00";"AL";316;252,8;"PILAR";"Velocidade Incompatível";"Capotamento";"Com Vítimas Fatais";"Amanhecer";"Crescente";"Garoa/Chuvisco";"Simples";"Reta";"Sim";2;2;0;0;0;0;0;1;-9,57889391;-35,96169591;"SPRF-AL";"DEL02-AL";"UOP01-DEL02-AL"
495232;2022-12-25;"domingo";"14:30:00";"AL";316;271;"SATUBA";"Ingestão de álcool pelo condutor";"Saída de leito carroçável";"Sem Vítimas";"Pleno dia";"Crescente";"Céu Claro";"Simples";"Curva";"Não";1;0;0;0;1;0;0;1;-9,57122709;-35,81523795;"SPRF-AL";"DEL02-AL";"UOP01-DEL02-AL"
495233;2022-12-25;"domingo";"15:20:00";"SC";101;171,5;"TIJUCAS";"Pista Escorregadia";"Tombamento";"Com Vítimas Feridas";"Pleno dia";"Decrescente";"Céu Claro";"Dupla";"Curva";"Não";1;0;1;0;0;0;1;1;-27,30546499;-48,63258412;"SPRF-SC";"DEL04-SC";"UOP03-DEL04-SC"
495234;2022-12-25;"domingo";"18:40:00";"PR";369;130;"JATAIZINHO";"Ausência de reação do condutor";"Colisão traseira";"Com Vítimas Feridas";"Anoitecer";"Crescente";"Nublado";"Dupla";"Reta;Ponte";"Não";3;0;2;0;0;1;2;2;-23,258478;-50,986331;"SPRF-PR";"DEL07-PR";"UOP01-DEL07-PR"
495235;2022-12-25;"domingo";"15:50:00";"GO";414;392,5;"CORUMBA DE GOIAS";"Ingestão de álcool pelo condutor";"Colisão com objeto";"Com Vítimas Feridas";"Pleno dia";"Crescente";"Chuva";"Simples";"Reta";"Sim";2;0;1;1;0;0;2;1;-15,915925;-48,806859;"SPRF-GO";"DEL02-GO";"UOP01-DEL02-GO"
495236;2022-12-25;"domingo";"19:20:00";"SP";381;54,2;"MAIRIPORA";"Ausência de reação do condutor";"Engavetamento";"Com Vítimas Feridas";"Plena Noite";"Crescente";"Chuva";"Dupla";"Reta";"Não";5;0;2;0;3;0;2;3;-23,2449074;-46,59562343;"SPRF-SP";"DEL03-SP";"UOP01-DEL03-SP"
495237;2022-12-25;"domingo";"10:40:00";"MG";40;742,5;"SANTOS DUMONT";"Velocidade Incompatível";"Saída de leito carroçável";"Com Vítimas Feridas";"Pleno dia";"Crescente";"Chuva";"Simples";"Declive;Curva";"Sim";1;0;1;0;0;0;1;1;-21,410777;-43,56679;"SPRF-MG";"DEL05-MG";"UOP01-DEL05-MG"
495238;2022-12-25;"domingo";"18:00:00";"BA";101;889;"TEIXEIRA DE FREITAS";"Ingestão de álcool pelo condutor";"Atropelamento de Animal";"Com Vítimas Feridas";"Plena Noite";"Crescente";"Céu Claro";"Simples";"Reta";"Não";2;0;2;0;0;0;2;1;-17,635162;-39,76892;"SPRF-BA";"DEL09-BA";"UOP02-DEL09-BA"
495239;2022-12-25;"domingo";"19:34:00";"PE";232;12,4;"JABOATAO DOS GUARARAPES";"Ausência de reação do condutor";"Colisão traseira";"Com Vítimas Feridas";"Plena Noite";"Decrescente";"Céu Claro";"Múltipla";"Aclive";"Não";2;0;2;0;0;0;2;2;-8,08577691;-35,00345603;"SPRF-PE";"DEL01-PE";"UOP01-DEL01-PE"
495243;2022-12-25;"domingo";"19:45:00";"PR";116;138;"MANDIRITUBA";"Reação tardia ou ineficiente do condutor";"Saída de leito carroçável";"Sem Vítimas";"Plena Noite";"Crescente";"Céu Claro";"Dupla";"Reta";"Não";1;0;0;0;1;0;0;1;-25,71081086;-49,31995778;"SPRF-PR";"DEL01-PR";"UOP03-DEL01-PR"
495244;2022-12-25;"domingo";"20:00:00";"RS";116;239;"NOVO HAMBURGO";"Ingestão de álcool pelo condutor";"Colisão com objeto";"Com Vítimas Feridas";"Plena Noite";"Decrescente";"Nublado";"Dupla";"Reta;Declive";"Sim";1;0;1;0;0;0;1;1;-29,6940177;-51,14391088;"SPRF-RS";"DEL01-RS";"UOP02-DEL01-RS"
495245;2022-12-25;"domingo";"19:00:00";"RO";364;362;"JI-PARANA";"Ingestão de álcool pelo condutor";"Colisão lateral mesmo sentido";"Sem Vítimas";"Plena Noite";"Decrescente";"Nublado";"Simples";"Reta";"Não";5;0;0;0;5;0;0;2;-10,77706265;-62,07442393;"SPRF-RO";"DEL02-RO";"UOP01-DEL02-RO"
495246;2022-12-25;"domingo";"18:40:00";"MT";364;500;"JANGADA";"Transitar na contramão";"Colisão frontal";"Com Vítimas Fatais";"Anoitecer";"Crescente";"Céu Claro";"Simples";"Reta";"Não";6;1;4;0;0;1;4;2;-15,25105926;-56,46820131;"SPRF-MT";"DEL01-MT";"UOP01-DEL01-MT"
495247;2022-12-25;"domingo";"17:30:00";"MA";402;38;"MORROS";"Conversão proibida";"Colisão transversal";"Com Vítimas Feridas";"Anoitecer";"Crescente";"Céu Claro";"Simples";"Reta";"Sim";2;0;1;0;1;0;1;2;-2,85817;-44,049763;"SPRF-MA";"DEL01-MA";"UOP01-DEL01-MA"
495249;2022-12-20;"terça-feira";"18:35:00";"RN";304;87;"ACU";"Animais na Pista";"Atropelamento de Animal";"Sem Vítimas";"Plena Noite";"Decrescente";"Céu Claro";"Simples";"Reta";"Não";2;0;0;0;2;0;0;1;-5,5144511;-37,12327307;"SPRF-RN";"DEL04-RN";"UOP01-DEL04-RN"
495250;2022-12-25;"domingo";"16:00:00";"MG";50;171,8;"UBERABA";"Ingestão de álcool pelo condutor";"Saída de leito carroçável";"Sem Vítimas";"Pleno dia";"Decrescente";"Chuva";"Dupla";"Reta";"Sim";1;0;0;0;1;0;0;1;-19,74900722;-47,98258424;"SPRF-MG";"DEL13-MG";"UOP01-DEL13-MG"
495251;2022-12-25;"domingo";"16:15:00";"PB";104;145,1;"QUEIMADAS";"Ingestão de álcool pelo condutor";"Tombamento";"Com Vítimas Feridas";"Pleno dia";"Crescente";"Nublado";"Simples";"Reta";"Não";1;0;1;0;0;0;1;1;-7,415865;-35,895712;"SPRF-PB";"DEL02-PB";"UOP03-DEL02-PB"
495252;2022-12-25;"domingo";"17:00:00";"GO";153;20;"PORANGATU";"Reação tardia ou ineficiente do condutor";"Saída de leito carroçável";"Com Vítimas Feridas";"Pleno dia";"Crescente";"Nublado";"Simples";"Reta";"Não";4;0;1;0;3;0;1;1;-13,003985;-49,158108;"SPRF-GO";"DEL07-GO";"UOP01-DEL07-GO"
495253;2022-12-25;"domingo";"19:30:00";"BA";324;527,7;"FEIRA DE SANTANA";"Acessar a via sem observar a presença dos outros veículos";"Colisão traseira";"Sem Vítimas";"Plena Noite";"Decrescente";"Céu Claro";"Dupla";"Declive;Reta";"Não";2;0;0;0;2;0;0;2;-12,31183923;-38,88331817;"SPRF-BA";"DEL01-BA";"UOP03-DEL01-BA"
495254;2022-12-21;"quarta-feira";"11:30:00";"RN";405;1;"MOSSORO";"Acessar a via sem observar a presença dos outros veículos";"Colisão lateral mesmo sentido";"Com Vítimas Feridas";"Pleno dia";"Crescente";"Céu Claro";"Dupla";"Reta;Retorno Regulamentado";"Sim";2;0;1;0;1;0;1;2;-5,19115977;-37,35796809;"SPRF-RN";"DEL04-RN";"UOP02-DEL04-RN"
495255;2022-12-25;"domingo";"19:40:00";"MG";459;13,5;"CALDAS";"Ingestão de álcool pelo condutor";"Saída de leito carroçável";"Sem Vítimas";"Plena Noite";"Decrescente";"Chuva";"Simples";"Curva";"Não";2;0;0;0;2;0;0;1;-21,8398182;-46,44076131;"SPRF-MG";"DEL09-MG";"UOP01-DEL09-MG"
495256;2022-12-25;"domingo";"17:49:00";"RO";421;17;"ARIQUEMES";"Ingestão de álcool pelo condutor";"Tombamento";"Com Vítimas Feridas";"Anoitecer";"Crescente";"Céu Claro";"Simples";"Reta;Aclive";"Não";2;0;2;0;0;0;2;1;-10,017674;-63,167126;"SPRF-RO";"DEL03-RO";"UOP01-DEL03-RO"
495259;2022-12-25;"domingo";"21:00:00";"TO";153;498,5;"PARAISO DO TOCANTINS";"Curva acentuada";"Colisão frontal";"Com Vítimas Feridas";"Pleno dia";"Crescente";"Céu Claro";"Simples";"Curva";"Não";8;0;6;2;0;0;8;2;-10,18390502;-48,88017144;"SPRF-TO";"DEL01-TO";"UOP01-DEL01-TO"
495260;2022-12-25;"domingo";"20:50:00";"RS";470;176;"VERANOPOLIS";"Acessar a via sem observar a presença dos outros veículos";"Colisão transversal";"Sem Vítimas";"Plena Noite";"Crescente";"Céu Claro";"Dupla";"Rotatória";"Sim";3;0;0;0;3;0;0;2;-28,929109;-51,54315;"SPRF-RS";"DEL06-RS";"UOP02-DEL06-RS"
495261;2022-12-25;"domingo";"20:45:00";"PR";116;144;"MANDIRITUBA";"Reação tardia ou ineficiente do condutor";"Colisão frontal";"Com Vítimas Feridas";"Plena Noite";"Decrescente";"Garoa/Chuvisco";"Simples";"Reta;Aclive";"Não";3;0;1;1;1;0;2;2;-25,79785304;-49,32920337;"SPRF-PR";"DEL01-PR";"UOP03-DEL01-PR"
495265;2022-12-25;"domingo";"20:50:00";"PA";316;21;"BENEVIDES";"Acessar a via sem observar a presença dos outros veículos";"Colisão transversal";"Com Vítimas Fatais";"Plena Noite";"Crescente";"Céu Claro";"Dupla";"Reta;Interseção de Vias";"Sim";4;1;0;0;2;1;0;2;-1,36097138;-48,26241527;"SPRF-PA";"DEL01-PA";"UOP01-DEL01-PA"
495266;2022-12-25;"domingo";"21:30:00";"PR";116;93;"SAO JOSE DOS PINHAIS";"Ingestão de álcool pelo condutor";"Saída de leito carroçável";"Com Vítimas Feridas";"Plena Noite";"Crescente";"Nublado";"Dupla";"Reta";"Não";1;0;1;0;0;0;1;1;-25,5218;-49,13599;"SPRF-PR";"DEL01-PR";"UOP07-DEL01-PR"
495267;2022-12-25;"domingo";"21:00:00";"MG";40;545;"NOVA LIMA";"Chuva";"Colisão com objeto";"Com Vítimas Feridas";"Plena Noite";"Crescente";"Chuva";"Múltipla";"Curva;Declive;Viaduto";"Sim";2;0;1;0;1;0;1;1;-20,00894965;-43,96531105;"SPRF-MG";"DEL01-MG";"UOP02-DEL01-MG"
495268;2022-12-25;"domingo";"20:00:00";"MT";364;197;"RONDONOPOLIS";"Animais na Pista";"Atropelamento de Animal";"Com Vítimas Feridas";"Plena Noite";"Crescente";"Ignorado";"Simples";"Declive";"Não";2;0;1;0;1;0;1;2;-16,51125876;-54,61517884;"SPRF-MT";"DEL02-MT";"UOP01-DEL02-MT"
495269;2022-12-25;"domingo";"18:15:00";"PR";116;118;"CURITIBA";"Reação tardia ou ineficiente do condutor";"Colisão com objeto";"Sem Vítimas";"Pleno dia";"Crescente";"Garoa/Chuvisco";"Dupla";"Reta;Aclive";"Não";1;0;0;0;0;1;0;1;-25,57338528;-49,31157589;"SPRF-PR";"DEL01-PR";"UOP03-DEL01-PR"
495270;2022-12-25;"domingo";"13:00:00";"ES";101;196;"ARACRUZ";"Reação tardia ou ineficiente do condutor";"Queda de ocupante de veículo";"Com Vítimas Feridas";"Pleno dia";"Crescente";"Céu Claro";"Simples";"Reta";"Não";2;0;1;0;1;0;1;1;-19,70366692;-40,33122605;"SPRF-ES";"DEL04-ES";"UOP01-DEL04-ES"
495271;2022-12-25;"domingo";"20:50:00";"AL";316;155,2;"PALMEIRA DOS INDIOS";"Acesso irregular";"Colisão transversal";"Com Vítimas Feridas";"Plena Noite";"Decrescente";"Céu Claro";"Simples";"Reta";"Não";3;0;3;0;0;0;3;2;-9,42623278;-36,63304512;"SPRF-AL";"DEL03-AL";"UOP01-DEL03-AL"
495272;2022-12-25;"domingo";"22:20:00";"MG";262;380;"JUATUBA";"Ausência de reação do condutor";"Saída de leito carroçável";"Com Vítimas Feridas";"Plena Noite";"Decrescente";"Chuva";"Dupla";"Curva";"Não";2;0;2;0;0;0;2;1;-19,93075027;-44,39849854;"SPRF-MG";"DEL01-MG";"UOP03-DEL01-MG"
495274;2022-12-25;"domingo";"21:40:00";"PR";277;583,9;"CASCAVEL";"Manobra de mudança de faixa";"Queda de ocupante de veículo";"Com Vítimas Feridas";"Plena Noite";"Crescente";"Céu Claro";"Dupla";"Reta";"Sim";1;0;0;1;0;0;1;1;-24,97165493;-53,39428595;"SPRF-PR";"DEL04-PR";"UOP01-DEL04-PR"
495275;2022-12-25;"domingo";"22:25:00";"CE";116;73;"CHOROZINHO";"Acessar a via sem observar a presença dos outros veículos";"Colisão transversal";"Com Vítimas Feridas";"Plena Noite";"Decrescente";"Céu Claro";"Simples";"Reta";"Não";2;0;1;0;1;0;1;2;-4,34762481;-38,46792477;"SPRF-CE";"DEL03-CE";"UOP02-DEL03-CE"
495277;2022-12-25;"domingo";"21:40:00";"PB";101;45;"MAMANGUAPE";"Ingestão de álcool pelo condutor";"Colisão lateral mesmo sentido";"Com Vítimas Feridas";"Plena Noite";"Crescente";"Nublado";"Dupla";"Interseção de Vias";"Não";10;0;6;0;2;2;6;6;-6,88322894;-35,1303459;"SPRF-PB";"DEL01-PB";"UOP04-DEL01-PB"
495278;2022-12-25;"domingo";"22:15:00";"SC";101;41;"JOINVILLE";"Ingestão de álcool pelo condutor";"Colisão transversal";"Com Vítimas Feridas";"Plena Noite";"Crescente";"Nublado";"Simples";"Rotatória";"Sim";2;0;1;0;1;0;1;2;-26,28215489;-48,88973081;"SPRF-SC";"DEL03-SC";"UOP01-DEL03-SC"
495279;2022-12-25;"domingo";"20:55:00";"PR";376;178;"MARINGA";"Condutor desrespeitou a iluminação vermelha do semáforo";"Colisão transversal";"Com Vítimas Feridas";"Plena Noite";"Crescente";"Céu Claro";"Múltipla";"Interseção de Vias;Reta";"Sim";3;0;3;0;0;0;3;2;-23,41751374;-51,91861868;"SPRF-PR";"DEL09-PR";"UOP01-DEL09-PR"
495281;2022-12-25;"domingo";"21:00:00";"RJ";356;162;"SAO JOAO DA BARRA";"Entrada inopinada do pedestre";"Atropelamento de Pedestre";"Com Vítimas Feridas";"Plena Noite";"Decrescente";"Céu Claro";"Simples";"Reta";"Não";2;0;1;0;1;0;1;2;-21,71242811;-41,15203501;"SPRF-RJ";"DEL08-RJ";"UOP02-DEL08-RJ"
495282;2022-12-25;"domingo";"21:15:00";"RS";153;18,9;"SEVERIANO DE ALMEIDA";"Ingestão de álcool pelo condutor";"Colisão traseira";"Com Vítimas Feridas";"Plena Noite";"Crescente";"Chuva";"Simples";"Reta";"Não";2;0;1;0;1;0;1;2;-27,457563;-52,088527;"SPRF-RS";"DEL08-RS";"UOP04-DEL08-RS"
495283;2022-12-25;"domingo";"21:00:00";"MS";262;370;"TERENOS";"Ultrapassagem Indevida";"Colisão lateral sentido oposto";"Sem Vítimas";"Plena Noite";"Crescente";"Chuva";"Simples";"Reta";"Não";2;0;0;0;2;0;0;2;-20,48235616;-54,77856699;"SPRF-MS";"DEL01-MS";"UOP03-DEL01-MS"
495284;2022-12-25;"domingo";"13:30:00";"AC";364;85;"SENADOR GUIOMARD";"Condutor Dormindo";"Saída de leito carroçável";"Com Vítimas Feridas";"Pleno dia";"Crescente";"Chuva";"Simples";"Reta";"Não";3;0;1;1;0;1;2;1;-10,11235685;-67,46721907;"SPRF-AC";"DEL01-AC";"UOP03-DEL01-AC"
495285;2022-12-25;"domingo";"22:50:00";"MG";381;490,7;"BETIM";"Manobra de mudança de faixa";"Colisão lateral mesmo sentido";"Com Vítimas Feridas";"Plena Noite";"Decrescente";"Nublado";"Dupla";"Reta";"Sim";3;0;2;0;0;1;2;2;-19,96502819;-44,17422195;"SPRF-MG";"DEL01-MG";"UOP03-DEL01-MG"
495286;2022-12-25;"domingo";"18:00:00";"PI";316;10;"TERESINA";"Acessar a via sem observar a presença dos outros veículos";"Colisão lateral mesmo sentido";"Sem Vítimas";"Plena Noite";"Crescente";"Céu Claro";"Simples";"Interseção de Vias;Em Obras;Reta;Rotatória;Viaduto";"Sim";3;0;0;0;3;0;0;2;-5,18280197;-42,76350291;"SPRF-PI";"DEL01-PI";"UOP02-DEL01-PI"
495288;2022-12-25;"domingo";"21:45:00";"MG";116;512,9;"UBAPORANGA";"Velocidade Incompatível";"Tombamento";"Com Vítimas Feridas";"Plena Noite";"Crescente";"Nublado";"Simples";"Reta";"Não";1;0;1;0;0;0;1;1;-19,66095102;-42,11695495;"SPRF-MG";"DEL06-MG";"UOP02-DEL06-MG"
495290;2022-12-25;"domingo";"19:00:00";"PI";230;195;"OEIRAS";"Acessar a via sem observar a presença dos outros veículos";"Colisão transversal";"Com Vítimas Feridas";"Plena Noite";"Crescente";"Garoa/Chuvisco";"Dupla";"Reta";"Sim";3;0;3;0;0;0;3;2;-7,00776859;-42,12368488;"SPRF-PI";"DEL04-PI";"UOP01-DEL04-PI"
495291;2022-12-26;"segunda-feira";"00:10:00";"SP";116;65,5;"GUARATINGUETA";"Velocidade Incompatível";"Capotamento";"Sem Vítimas";"Plena Noite";"Decrescente";"Garoa/Chuvisco";"Dupla";"Reta;Declive";"Não";1;0;0;0;0;1;0;1;-22,823273;-45,192806;"SPRF-SP";"DEL08-SP";"UOP01-DEL08-SP"
495292;2022-12-25;"domingo";"22:36:00";"RO";364;344;"JI-PARANA";"Ausência de reação do condutor";"Colisão traseira";"Com Vítimas Feridas";"Plena Noite";"Decrescente";"Nublado";"Dupla";"Reta;Interseção de Vias";"Sim";5;0;1;0;4;0;1;2;-10,87376391;-61,95256893;"SPRF-RO";"DEL02-RO";"UOP01-DEL02-RO"
495293;2022-12-26;"segunda-feira";"00:30:00";"SP";116;284;"EMBU DAS ARTES";"Ausência de reação do condutor";"Colisão com objeto";"Com Vítimas Feridas";"Plena Noite";"Crescente";"Nublado";"Múltipla";"Reta";"Sim";1;0;1;0;0;0;1;1;-23,69998;-46,867767;"SPRF-SP";"DEL04-SP";"UOP01-DEL04-SP"
495294;2022-12-26;"segunda-feira";"00:20:00";"SC";101;21,1;"JOINVILLE";"Ingestão de álcool pelo condutor";"Capotamento";"Com Vítimas Feridas";"Plena Noite";"Crescente";"Nublado";"Dupla";"Curva";"Não";2;0;1;0;1;0;1;2;-26,14793022;-48,90894562;"SPRF-SC";"DEL03-SC";"UOP01-DEL03-SC"
495296;2022-12-26;"segunda-feira";"00:40:00";"GO";40;8,6;"LUZIANIA";"Chuva";"Queda de ocupante de veículo";"Com Vítimas Feridas";"Plena Noite";"Crescente";"Chuva";"Dupla";"Reta";"Sim";1;0;1;0;0;0;1;1;-16,116158;-47,96761;"SPRF-DF";"DEL01-DF";"UOP01-DEL01-DF"
495297;2022-12-25;"domingo";"23:00:00";"MS";163;298,1;"DOURADINA";"Afundamento ou ondulação no pavimento";"Tombamento";"Com Vítimas Feridas";"Plena Noite";"Decrescente";"Céu Claro";"Simples";"Reta";"Não";1;0;1;0;0;0;1;1;-21,99873694;-54,54100712;"SPRF-MS";"DEL02-MS";"UOP02-DEL02-MS"
495298;2022-12-26;"segunda-feira";"01:50:00";"SC";101;203;"SAO JOSE";"Ingestão de álcool pelo condutor";"Saída de leito carroçável";"Sem Vítimas";"Plena Noite";"Crescente";"Chuva";"Dupla";"Reta;Interseção de Vias";"Sim";1;0;0;0;0;1;0;1;-27,5650044;-48,61460082;"SPRF-SC";"DEL01-SC";"UOP01-DEL01-SC"
495299;2022-12-25;"domingo";"20:40:00";"AP";156;62;"PORTO GRANDE";"Manobra de mudança de faixa";"Colisão frontal";"Com Vítimas Fatais";"Plena Noite";"Decrescente";"Ignorado";"Simples";"Reta";"Não";10;1;2;4;2;1;6;3;0,51051418;-51,12796783;"SPRF-AP";"DEL01-AP";"UOP01-DEL01-AP"
495300;2022-12-26;"segunda-feira";"01:00:00";"SC";101;77;"ARAQUARI";"Ausência de reação do condutor";"Saída de leito carroçável";"Com Vítimas Feridas";"Pleno dia";"Decrescente";"Chuva";"Dupla";"Curva";"Não";4;0;1;0;3;0;1;1;-26,56833103;-48,72029393;"SPRF-SC";"DEL03-SC";"UOP02-DEL03-SC"
495301;2022-12-26;"segunda-feira";"01:20:00";"TO";153;654;"GURUPI";"Ausência de reação do condutor";"Saída de leito carroçável";"Com Vítimas Feridas";"Plena Noite";"Crescente";"Chuva";"Simples";"Reta";"Não";1;0;1;0;0;0;1;1;-11,563408;-49,027839;"SPRF-TO";"DEL01-TO";"UOP02-DEL01-TO"
495302;2022-12-26;"segunda-feira";"02:50:00";"GO";153;601,9;"MORRINHOS";"Condutor Dormindo";"Saída de leito carroçável";"Com Vítimas Feridas";"Plena Noite";"Crescente";"Céu Claro";"Dupla";"Reta";"Não";2;0;2;0;0;0;2;1;-17,5606;-49,2023;"SPRF-GO";"DEL03-GO";"UOP01-DEL03-GO"
495303;2022-12-26;"segunda-feira";"03:10:00";"BA";235;357;"JUAZEIRO";"Ausência de reação do condutor";"Colisão com objeto";"Sem Vítimas";"Plena Noite";"Decrescente";"Céu Claro";"Dupla";"Curva";"Não";2;0;0;0;1;1;0;1;-9,429275;-40,503933;"SPRF-BA";"DEL04-BA";"UOP01-DEL04-BA"
495305;2022-12-26;"segunda-feira";"04:45:00";"GO";153;356,2;"JARAGUA";"Acessar a via sem observar a presença dos outros veículos";"Colisão transversal";"Com Vítimas Feridas";"Plena Noite";"Crescente";"Chuva";"Simples";"Interseção de Vias";"Sim";4;0;4;0;0;0;4;2;-15,716531;-49,329445;"SPRF-GO";"DEL02-GO";"UOP02-DEL02-GO"
495306;2022-12-26;"segunda-feira";"05:20:00";"SP";381;60,6;"MAIRIPORA";"Pista Escorregadia";"Colisão com objeto";"Com Vítimas Feridas";"Amanhecer";"Crescente";"Garoa/Chuvisco";"Dupla";"Curva;Declive";"Sim";2;0;1;0;1;0;1;1;-23,28270705;-46,58787791;"SPRF-SP";"DEL03-SP";"UOP01-DEL03-SP"
495307;2022-12-25;"domingo";"23:40:00";"GO";158;110;"PIRANHAS";"Transitar na contramão";"Colisão frontal";"Com Vítimas Fatais";"Plena Noite";"Crescente";"Chuva";"Simples";"Reta";"Não";2;2;0;0;0;0;0;2;-16,55756503;-51,75123197;"SPRF-GO";"DEL04-GO";"UOP02-DEL04-GO"
495308;2022-12-26;"segunda-feira";"06:00:00";"RS";158;265,4;"JULIO DE CASTILHOS";"Transitar na contramão";"Colisão frontal";"Com Vítimas Fatais";"Amanhecer";"Decrescente";"Nevoeiro/Neblina";"Simples";"Reta";"Não";7;1;0;0;5;1;0;3;-29,25021275;-53,66499424;"SPRF-RS";"DEL09-RS";"UOP01-DEL09-RS"
495309;2022-12-26;"segunda-feira";"07:40:00";"MG";381;873,8;"ESTIVA";"Velocidade Incompatível";"Saída de leito carroçável";"Com Vítimas Feridas";"Pleno dia";"Crescente";"Chuva";"Dupla";"Curva";"Não";4;0;2;0;2;0;2;1;-22,420718;-45,965567;"SPRF-MG";"DEL16-MG";"UOP01-DEL16-MG"