"id";"data_inversa";"dia_semana";"horario";"uf";"br";"km";"municipio";"causa_acidente";"tipo_acidente";"classificacao_acidente";"fase_dia";"sentido_via";"condicao_metereologica";"tipo_pista";"tracado_via";"uso_solo";"pessoas";"mortos";"feridos_leves";"feridos_graves";"ilesos";"ignorados";"feridos";"veiculos";"latitude";"longitude";"regional";"delegacia";"uop"
495311;2022-12-25;"domingo";"19:00:00";"MA";222;483,9;"SANTA LUZIA";"Condutor deixou de manter distância do veículo da frente";"Colisão traseira";"Com Vítimas Feridas";"Plena Noite";"Crescente";"Céu Claro";"Múltipla";"Aclive;Reta";"Não";3;0;2;0;0;1;2;2;-4,20646813;-46,14196985;"SPRF-MA";"DEL02-MA";"UOP01-DEL02-MA"
495312;2022-12-25;"domingo";"16:50:00";"SC";470;69;"INDAIAL";"Reação tardia ou ineficiente do condutor";"Colisão traseira";"Com Vítimas Feridas";"Pleno dia";"Decrescente";"Nublado";"Dupla";"Reta;Em Obras";"Sim";4;0;1;0;3;0;1;3;-26,883745;-49,246704;"SPRF-SC";"DEL04-SC";"UOP01-DEL04-SC"
495313;2022-12-26;"segunda-feira";"03:00:00";"MG";381;494;"BETIM";"Ausência de reação do condutor";"Colisão com objeto";"Sem Vítimas";"Plena Noite";"Crescente";"Chuva";"Dupla";"Reta";"Sim";2;0;0;0;2;0;0;1;-19,98141539;-44,16297913;"SPRF-MG";"DEL01-MG";"UOP03-DEL01-MG"
495314;2022-12-24;"sábado";"19:10:00";"SC";101;205;"SAO JOSE";"Acumulo de óleo sobre o pavimento";"Tombamento";"Com Vítimas Feridas";"Plena Noite";"Crescente";"Chuva";"Dupla";"Curva;Declive;Viaduto";"Sim";2;0;0;2;0;0;2;1;-27,58313237;-48,61532885;"SPRF-SC";"DEL01-SC";"UOP01-DEL01-SC"
495316;2022-12-25;"domingo";"19:50:00";"AP";210;0;"MACAPA";"Condutor deixou de manter distância do veículo da frente";"Colisão traseira";"Com Vítimas Feridas";"Plena Noite";"Crescente";"Céu Claro";"Dupla";"Reta";"Não";2;0;1;0;1;0;1;2;0,07780012;-51,06097;"SPRF-AP";"DEL01-AP";"UOP01-DEL01-AP"
495317;2022-12-26;"segunda-feira";"07:45:00";"PR";376;644;"TIJUCAS DO SUL";"Ingestão de álcool pelo condutor";"Colisão frontal";"Com Vítimas Feridas";"Pleno dia";"Crescente";"Céu Claro";"Simples";"Curva;Viaduto";"Não";2;0;1;0;1;0;1;2;-25,81419584;-49,13167969;"SPRF-PR";"DEL01-PR";"UOP04-DEL01-PR"
495318;2022-12-26;"segunda-feira";"06:40:00";"RN";304;299;"MACAIBA";"Condutor deixou de manter distância do veículo da frente";"Colisão traseira";"Com Vítimas Feridas";"Pleno dia";"Crescente";"Céu Claro";"Dupla";"Reta";"Sim";2;0;0;1;1;0;1;2;-5,87095859;-35,32359587;"SPRF-RN";"DEL01-RN";"UOP02-DEL01-RN"
495319;2022-12-25;"domingo";"07:51:00";"GO";364;175;"JATAI";"Animais na Pista";"Atropelamento de Animal";"Com Vítimas Feridas";"Pleno dia";"Decrescente";"Céu Claro";"Simples";"Declive";"Não";1;0;1;0;0;0;1;1;-17,99592;-51,576782;"SPRF-GO";"DEL05-GO";"UOP01-DEL05-GO"
495321;2022-12-26;"segunda-feira";"06:00:00";"BA";324;526;"FEIRA DE SANTANA";"Ausência de reação do condutor";"Colisão lateral mesmo sentido";"Com Vítimas Feridas";"Pleno dia";"Crescente";"Céu Claro";"Dupla";"Reta";"Sim";2;0;1;0;1;0;1;2;-12,30639712;-38,89051509;"SPRF-BA";"DEL01-BA";"UOP03-DEL01-BA"
495322;2022-12-26;"segunda-feira";"07:50:00";"PB";101;89;"JOAO PESSOA";"Ausência de reação do condutor";"Colisão traseira";"Com Vítimas Feridas";"Pleno dia";"Decrescente";"Céu Claro";"Dupla";"Retorno Regulamentado;Reta";"Sim";2;0;1;0;0;1;1;2;-7,17800998;-34,8995721;"SPRF-PB";"DEL01-PB";"UOP02-DEL01-PB"
495324;2022-12-25;"domingo";"01:00:00";"PB";427;37;"POMBAL";"Ingestão de álcool pelo condutor";"Colisão frontal";"Com Vítimas Feridas";"Plena Noite";"Decrescente";"Céu Claro";"Simples";"Reta";"Sim";2;0;0;1;0;1;1;2;-6,76405124;-37,78910384;"SPRF-PB";"DEL03-PB";"UOP02-DEL03-PB"
495327;2022-12-18;"domingo";"16:25:00";"TO";10;438;"PALMAS";"Reação tardia ou ineficiente do condutor";"Colisão lateral mesmo sentido";"Sem Vítimas";"Pleno dia";"Decrescente";"Céu Claro";"Múltipla";"Reta";"Sim";2;0;0;0;2;0;0;2;-10,24040625;-48,2883299;"SPRF-TO";"DEL01-TO";"UOP03-DEL01-TO"
495329;2022-12-25;"domingo";"18:30:00";"BA";324;560;"SAO SEBASTIAO DO PASSE";"Acessar a via sem observar a presença dos outros veículos";"Colisão traseira";"Com Vítimas Feridas";"Plena Noite";"Crescente";"Céu Claro";"Múltipla";"Reta";"Não";4;0;2;0;2;0;2;2;-12,49250283;-38,65366887;"SPRF-BA";"DEL01-BA";"UOP01-DEL01-BA"
495331;2022-12-26;"segunda-feira";"08:30:00";"BA";20;92;"SAO DESIDERIO";"Ultrapassagem Indevida";"Colisão frontal";"Com Vítimas Fatais";"Pleno dia";"Crescente";"Nublado";"Simples";"Reta";"Não";6;1;0;5;0;0;5;2;-13,144876;-46,026547;"SPRF-BA";"DEL10-BA";"UOP01-DEL10-BA"
495333;2022-12-26;"segunda-feira";"07:30:00";"RN";406;170;"SAO GONCALO DO AMARANTE";"Condutor deixou de manter distância do veículo da frente";"Colisão lateral mesmo sentido";"Com Vítimas Feridas";"Pleno dia";"Crescente";"Céu Claro";"Dupla";"Reta";"Sim";3;0;2;0;0;1;2;2;-5,75872063;-35,29921986;"SPRF-RN";"DEL02-RN";"UOP01-DEL02-RN"
495334;2022-12-26;"segunda-feira";"09:00:00";"MG";381;925,8;"ITAPEVA";"Chuva";"Capotamento";"Com Vítimas Feridas";"Pleno dia";"Decrescente";"Chuva";"Dupla";"Curva;Declive";"Não";2;0;1;0;1;0;1;1;-22,777207;-46,23911301;"SPRF-MG";"DEL16-MG";"UOP03-DEL16-MG"
495335;2022-12-26;"segunda-feira";"08:50:00";"RS";448;3;"ESTEIO";"Ausência de sinalização";"Colisão transversal";"Com Vítimas Feridas";"Pleno dia";"Decrescente";"Nublado";"Simples";"Desvio Temporário;Curva;Interseção de Vias";"Não";3;0;1;0;2;0;1;2;-29,84827366;-51,19588793;"SPRF-RS";"DEL01-RS";"UOP02-DEL01-RS"
495336;2022-12-26;"segunda-feira";"08:30:00";"RS";470;218,2;"BENTO GONCALVES";"Desrespeitar a preferência no cruzamento";"Colisão transversal";"Com Vítimas Feridas";"Pleno dia";"Crescente";"Nublado";"Simples";"Interseção de Vias";"Sim";2;0;1;0;1;0;1;2;-29,18235416;-51,52028382;"SPRF-RS";"DEL06-RS";"UOP01-DEL06-RS"
495337;2022-12-25;"domingo";"22:45:00";"SC";101;412;"ARARANGUA";"Animais na Pista";"Atropelamento de Animal";"Com Vítimas Feridas";"Plena Noite";"Crescente";"Garoa/Chuvisco";"Simples";"Reta";"Sim";3;0;1;1;1;0;2;1;-28,939333;-49,497513;"SPRF-SC";"DEL02-SC";"UOP02-DEL02-SC"
495338;2022-12-26;"segunda-feira";"08:40:00";"SC";101;119;"ITAJAI";"Ausência de reação do condutor";"Colisão lateral mesmo sentido";"Com Vítimas Feridas";"Pleno dia";"Crescente";"Céu Claro";"Dupla";"Reta";"Não";3;0;3;0;0;0;3;2;-26,9043179;-48,71555481;"SPRF-SC";"DEL04-SC";"UOP04-DEL04-SC"
495339;2022-12-26;"segunda-feira";"08:30:00";"PE";428;162;"PETROLINA";"Demais falhas mecânicas ou elétricas";"Tombamento";"Com Vítimas Feridas";"Pleno dia";"Crescente";"Nublado";"Simples";"Reta";"Não";2;0;2;0;0;0;2;1;-9,16269207;-40,36612188;"SPRF-PE";"DEL06-PE";"UOP01-DEL06-PE"
495340;2022-12-26;"segunda-feira";"08:30:00";"MS";163;425,1;"CAMPO GRANDE";"Ultrapassagem Indevida";"Colisão frontal";"Com Vítimas Feridas";"Pleno dia";"Crescente";"Céu Claro";"Simples";"Reta";"Não";3;0;0;2;1;0;2;2;-20,94618198;-54,50086918;"SPRF-MS";"DEL01-MS";"UOP01-DEL01-MS"
495341;2022-12-26;"segunda-feira";"07:56:00";"MG";381;646,3;"SANTO ANTONIO DO AMPARO";"Chuva";"Colisão com objeto";"Com Vítimas Feridas";"Pleno dia";"Crescente";"Chuva";"Dupla";"Curva";"Não";3;0;1;0;2;0;1;2;-20,95720609;-44,90296563;"SPRF-MG";"DEL04-MG";"UOP02-DEL04-MG"
495342;2022-12-26;"segunda-feira";"08:20:00";"SC";101;438;"SOMBRIO";"Reação tardia ou ineficiente do condutor";"Colisão traseira";"Com Vítimas Feridas";"Pleno dia";"Decrescente";"Céu Claro";"Dupla";"Reta";"Sim";2;0;1;0;1;0;1;2;-29,12329351;-49,64670312;"SPRF-SC";"DEL02-SC";"UOP02-DEL02-SC"
495344;2022-12-26;"segunda-feira";"06:30:00";"MG";40;240;"SAO GONCALO DO ABAETE";"Demais falhas mecânicas ou elétricas";"Incêndio";"Sem Vítimas";"Amanhecer";"Crescente";"Nublado";"Simples";"Reta";"Não";1;0;0;0;0;1;0;1;-18,06680587;-45,51050589;"SPRF-MG";"DEL14-MG";"UOP02-DEL14-MG"
495345;2022-12-26;"segunda-feira";"06:50:00";"SP";381;61;"MAIRIPORA";"Reação tardia ou ineficiente do condutor";"Colisão com objeto";"Com Vítimas Feridas";"Pleno dia";"Decrescente";"Garoa/Chuvisco";"Dupla";"Aclive;Curva";"Não";2;0;1;0;1;0;1;2;-23,29011611;-46,5800681;"SPRF-SP";"DEL03-SP";"UOP01-DEL03-SP"
495346;2022-10-27;"quinta-feira";"01:30:00";"SC";158;143;"PALMITOS";"Chuva";"Capotamento";"Com Vítimas Feridas";"Plena Noite";"Crescente";"Chuva";"Simples";"Reta";"Não";1;0;1;0;0;0;1;1;-27,15140888;-53,21514623;"SPRF-SC";"DEL07-SC";"UOP02-DEL07-SC"
495348;2022-12-22;"quinta-feira";"02:30:00";"AL";423;31;"CANAPI";"Demais falhas mecânicas ou elétricas";"Incêndio";"Sem Vítimas";"Plena Noite";"Crescente";"Ignorado";"Simples";"Reta";"Não";2;0;0;0;0;2;0;2;-9,2076023;-37,5580429;"SPRF-AL";"DEL03-AL";"UOP02-DEL03-AL"
495349;2022-12-25;"domingo";"05:30:00";"SP";381;87;"GUARULHOS";"Ausência de reação do condutor";"Saída de leito carroçável";"Sem Vítimas";"Pleno dia";"Decrescente";"Nublado";"Múltipla";"Curva";"Sim";1;0;0;0;0;1;0;1;-23,475001;-46,560634;"SPRF-SP";"DEL03-SP";"UOP01-DEL03-SP"
495350;2022-12-26;"segunda-feira";"09:20:00";"PE";408;93,7;"SAO LOURENCO DA MATA";"Reação tardia ou ineficiente do condutor";"Saída de leito carroçável";"Com Vítimas Fatais";"Pleno dia";"Decrescente";"Céu Claro";"Dupla";"Reta";"Sim";3;1;0;0;0;2;0;3;-8,008491;-35,042932;"SPRF-PE";"DEL01-PE";"UOP01-DEL01-PE"
495354;2022-12-20;"terça-feira";"12:40:00";"MG";381;618;"OLIVEIRA";"Velocidade Incompatível";"Saída de leito carroçável";"Com Vítimas Feridas";"Pleno dia";"Crescente";"Chuva";"Dupla";"Curva";"Sim";2;0;0;1;1;0;1;1;-20,76895697;-44,78171707;"SPRF-MG";"DEL04-MG";"UOP01-DEL04-MG"
495356;2022-12-26;"segunda-feira";"11:15:00";"CE";20;300;"CANINDE";"Acessar a via sem observar a presença dos outros veículos";"Colisão frontal";"Com Vítimas Feridas";"Pleno dia";"Crescente";"Céu Claro";"Simples";"Reta";"Sim";6;0;6;0;0;0;6;2;-4,41415585;-39,32807231;"SPRF-CE";"DEL02-CE";"UOP01-DEL02-CE"
495357;2022-12-26;"segunda-feira";"10:38:00";"PB";230;7;"CABEDELO";"Reação tardia ou ineficiente do condutor";"Colisão lateral mesmo sentido";"Com Vítimas Feridas";"Pleno dia";"Decrescente";"Céu Claro";"Simples";"Reta";"Sim";2;0;1;0;1;0;1;2;-7,026;-34,8385;"SPRF-PB";"DEL01-PB";"UOP01-DEL01-PB"
495358;2022-12-26;"segunda-feira";"09:00:00";"PR";376;55;"NOVA LONDRINA";"Acessar a via sem observar a presença dos outros veículos";"Colisão transversal";"Com Vítimas Feridas";"Pleno dia";"Crescente";"Céu Claro";"Múltipla";"Rotatória";"Sim";2;0;1;0;1;0;1;2;-22,86046952;-52,96637535;"SPRF-PR";"DEL09-PR";"UOP02-DEL09-PR"
495360;2022-12-26;"segunda-feira";"11:30:00";"SC";101;222,7;"PALHOCA";"Condutor deixou de manter distância do veículo da frente";"Colisão traseira";"Com Vítimas Feridas";"Pleno dia";"Crescente";"Céu Claro";"Dupla";"Declive;Reta";"Não";8;0;3;0;5;0;3;4;-27,70865409;-48,65586407;"SPRF-SC";"DEL01-SC";"UOP02-DEL01-SC"
495361;2022-12-26;"segunda-feira";"11:15:00";"MG";381;879,2;"ESTIVA";"Reação tardia ou ineficiente do condutor";"Colisão traseira";"Sem Vítimas";"Pleno dia";"Decrescente";"Chuva";"Dupla";"Reta";"Não";3;0;0;0;3;0;0;3;-22,49922;-46,01370998;"SPRF-MG";"DEL16-MG";"UOP01-DEL16-MG"
495363;2022-12-22;"quinta-feira";"19:45:00";"MS";60;534;"NIOAQUE";"Ausência de reação do condutor";"Saída de leito carroçável";"Com Vítimas Feridas";"Plena Noite";"Crescente";"Céu Claro";"Simples";"Reta";"Não";1;0;1;0;0;0;1;1;-21,138647;-55,783537;"SPRF-MS";"DEL05-MS";"UOP01-DEL05-MS"
495364;2022-12-26;"segunda-feira";"08:50:00";"SC";470;98;"APIUNA";"Acessar a via sem observar a presença dos outros veículos";"Colisão transversal";"Com Vítimas Feridas";"Pleno dia";"Crescente";"Sol";"Simples";"Reta";"Sim";2;0;1;0;1;0;1;2;-27,032537;-49,385468;"SPRF-SC";"DEL04-SC";"UOP02-DEL04-SC"
495366;2022-12-26;"segunda-feira";"09:05:00";"RS";285;121,8;"VACARIA";"Desrespeitar a preferência no cruzamento";"Colisão transversal";"Sem Vítimas";"Pleno dia";"Crescente";"Céu Claro";"Simples";"Rotatória;Interseção de Vias";"Sim";2;0;0;0;2;0;0;2;-28,50592022;-50,9431529;"SPRF-RS";"DEL05-RS";"UOP03-DEL05-RS"
495367;2022-12-26;"segunda-feira";"11:43:00";"PE";101;46;"IGARASSU";"Condutor deixou de manter distância do veículo da frente";"Engavetamento";"Com Vítimas Feridas";"Pleno dia";"Crescente";"Céu Claro";"Dupla";"Reta";"Sim";4;0;1;0;3;0;1;3;-7,87406004;-34,90588126;"SPRF-PE";"DEL01-PE";"UOP02-DEL01-PE"
495368;2022-12-26;"segunda-feira";"10:35:00";"RO";364;430;"JARU";"Ingestão de álcool pelo condutor";"Colisão traseira";"Sem Vítimas";"Pleno dia";"Decrescente";"Sol";"Simples";"Reta";"Não";2;0;0;0;2;0;0;2;-10,41098263;-62,51010043;"SPRF-RO";"DEL03-RO";"UOP02-DEL03-RO"
495369;2022-12-26;"segunda-feira";"09:40:00";"BA";116;686;"JEQUIE";"Demais falhas na via";"Saída de leito carroçável";"Sem Vítimas";"Pleno dia";"Decrescente";"Nublado";"Simples";"Reta";"Não";2;0;0;0;2;0;0;1;-13,90348894;-40,14791115;"SPRF-BA";"DEL03-BA";"UOP01-DEL03-BA"
495370;2022-12-26;"segunda-feira";"12:15:00";"MG";381;923,8;"CAMANDUCAIA";"Chuva";"Queda de ocupante de veículo";"Com Vítimas Feridas";"Pleno dia";"Decrescente";"Chuva";"Dupla";"Curva";"Não";2;0;1;0;1;0;1;1;-22,7671484;-46,22667493;"SPRF-MG";"DEL16-MG";"UOP03-DEL16-MG"
495371;2022-12-26;"segunda-feira";"12:10:00";"RS";470;73,2;"LAGOA VERMELHA";"Acessar a via sem observar a presença dos outros veículos";"Colisão transversal";"Com Vítimas Feridas";"Pleno dia";"Crescente";"Céu Claro";"Simples";"Interseção de Vias;Curva";"Não";2;0;0;1;1;0;1;2;-28,203287;-51,525436;"SPRF-RS";"DEL08-RS";"UOP05-DEL08-RS"
495372;2022-12-26;"segunda-feira";"10:45:00";"RJ";465;5;"SEROPEDICA";"Ausência de sinalização";"Colisão frontal";"Com Vítimas Feridas";"Pleno dia";"Crescente";"Nublado";"Simples";"Reta";"Sim";3;0;2;0;1;0;2;2;-22,747673;-43,699196;"SPRF-RJ";"DEL01-RJ";"UOP03-DEL01-RJ"
495374;2022-12-26;"segunda-feira";"12:00:00";"RJ";101;267;"RIO BONITO";"Manobra de mudança de faixa";"Queda de ocupante de veículo";"Com Vítimas Feridas";"Pleno dia";"Crescente";"Céu Claro";"Dupla";"Reta";"Sim";2;0;1;0;1;0;1;1;-22,70728329;-42,66059086;"SPRF-RJ";"DEL02-RJ";"UOP03-DEL02-RJ"
495378;2022-12-26;"segunda-feira";"10:40:00";"RJ";101;201;"CASIMIRO DE ABREU";"Avarias e/ou desgaste excessivo no pneu";"Colisão com objeto";"Com Vítimas Feridas";"Pleno dia";"Crescente";"Nublado";"Dupla";"Curva";"Não";5;0;1;0;4;0;1;1;-22,47879216;-42,15282907;"SPRF-RJ";"DEL08-RJ";"UOP04-DEL08-RJ"
495379;2022-12-26;"segunda-feira";"10:25:00";"RJ";116;109,4;"GUAPIMIRIM";"Avarias e/ou desgaste excessivo no pneu";"Tombamento";"Com Vítimas Feridas";"Pleno dia";"Decrescente";"Nublado";"Dupla";"Reta";"Não";1;0;1;0;0;0;1;1;-22,54280711;-42,98518617;"SPRF-RJ";"DEL04-RJ";"UOP01-DEL04-RJ"
495380;2022-11-27;"domingo";"02:15:00";"RN";101;96;"NATAL";"Ingestão de álcool pelo condutor";"Colisão traseira";"Sem Vítimas";"Plena Noite";"Decrescente";"Céu Claro";"Múltipla";"Reta";"Sim";2;0;0;0;2;0;0;2;-5,84949622;-35,20890752;"SPRF-RN";"DEL01-RN";"UOP01-DEL01-RN"
495381;2022-12-26;"segunda-feira";"11:50:00";"RR";174;462;"BOA VISTA";"Acessar a via sem observar a presença dos outros veículos";"Colisão transversal";"Com Vítimas Feridas";"Pleno dia";"Crescente";"Céu Claro";"Simples";"Reta";"Não";1;0;0;1;0;0;1;1;2,545249;-60,877003;"SPRF-RR";"DEL01-RR";"UOP01-DEL01-RR"
495382;2022-12-26;"segunda-feira";"09:20:00";"MG";381;629,1;"OLIVEIRA";"Reação tardia ou ineficiente do condutor";"Saída de leito carroçável";"Com Vítimas Feridas";"Pleno dia";"Crescente";"Chuva";"Dupla";"Curva;Declive";"Não";1;0;1;0;0;0;1;1;-20,84106606;-44,82613492;"SPRF-MG";"DEL04-MG";"UOP01-DEL04-MG"
495385;2022-12-26;"segunda-feira";"11:00:00";"MG";262;401;"PARA DE MINAS";"Chuva";"Colisão com objeto";"Com Vítimas Feridas";"Pleno dia";"Decrescente";"Chuva";"Dupla";"Curva";"Não";3;0;3;0;0;0;3;1;-19,90018759;-44,55287088;"SPRF-MG";"DEL01-MG";"UOP03-DEL01-MG"
495388;2022-12-26;"segunda-feira";"13:05:00";"MG";40;824,9;"SIMAO PEREIRA";"Velocidade Incompatível";"Saída de leito carroçável";"Com Vítimas Feridas";"Pleno dia";"Crescente";"Chuva";"Dupla";"Curva";"Não";4;0;4;0;0;0;4;1;-21,9735272;-43,28541842;"SPRF-MG";"DEL05-MG";"UOP01-DEL05-MG"
495390;2022-12-25;"domingo";"20:30:00";"RS";290;669,2;"URUGUAIANA";"Animais na Pista";"Atropelamento de Animal";"Sem Vítimas";"Plena Noite";"Decrescente";"Céu Claro";"Simples";"Reta";"Não";4;0;0;0;4;0;0;1;-29,953657;-56,597191;"SPRF-RS";"DEL13-RS";"UOP01-DEL13-RS"
495391;2022-12-26;"segunda-feira";"12:00:00";"GO";20;60;"FORMOSA";"Chuva";"Colisão frontal";"Sem Vítimas";"Pleno dia";"Crescente";"Chuva";"Simples";"Curva;Declive";"Não";1;0;0;0;0;1;0;1;-15,24751;-47,168667;"SPRF-DF";"DEL02-DF";"UOP02-DEL02-DF"
495392;2022-12-26;"segunda-feira";"12:10:00";"MS";163;2;"MUNDO NOVO";"Ausência de reação do condutor";"Saída de leito carroçável";"Com Vítimas Feridas";"Pleno dia";"Crescente";"Céu Claro";"Simples";"Aclive;Reta";"Não";1;0;1;0;0;0;1;1;-24,03262885;-54,2859149;"SPRF-MS";"DEL09-MS";"UOP02-DEL09-MS"
495393;2022-12-26;"segunda-feira";"09:40:00";"SP";116;169;"JACAREI";"Condutor deixou de manter distância do veículo da frente";"Colisão traseira";"Com Vítimas Feridas";"Pleno dia";"Decrescente";"Chuva";"Dupla";"Reta";"Não";4;0;1;0;2;1;1;3;-23,307652;-46,045128;"SPRF-SP";"DEL02-SP";"UOP01-DEL02-SP"
495394;2022-12-26;"segunda-feira";"12:00:00";"MG";50;17;"ARAGUARI";"Velocidade Incompatível";"Saída de leito carroçável";"Com Vítimas Feridas";"Pleno dia";"Crescente";"Chuva";"Dupla";"Curva";"Não";1;0;1;0;0;0;1;1;-18,56358502;-48,05639606;"SPRF-MG";"DEL15-MG";"UOP02-DEL15-MG"
495397;2022-12-26;"segunda-feira";"11:00:00";"MT";174;316;"PONTES E LACERDA";"Reação tardia ou ineficiente do condutor";"Saída de leito carroçável";"Com Vítimas Feridas";"Pleno dia";"Decrescente";"Céu Claro";"Simples";"Declive;Reta";"Não";5;0;2;0;3;0;2;1;-14,99867205;-59,28499483;"SPRF-MT";"DEL04-MT";"UOP01-DEL04-MT"
495398;2022-12-26;"segunda-feira";"10:50:00";"MG";50;148;"UBERABA";"Reação tardia ou ineficiente do condutor";"Colisão com objeto";"Sem Vítimas";"Pleno dia";"Crescente";"Nublado";"Dupla";"Aclive";"Não";3;0;0;0;3;0;0;2;-19,54676795;-48,03584554;"SPRF-MG";"DEL13-MG";"UOP01-DEL13-MG"
495399;2022-12-26;"segunda-feira";"10:45:00";"MT";70;94,9;"GENERAL CARNEIRO";"Ausência de reação do condutor";"Saída de leito carroçável";"Com Vítimas Feridas";"Pleno dia";"Decrescente";"Chuva";"Simples";"Curva";"Não";2;0;1;0;0;1;1;1;-15,57393657;-52,89453804;"SPRF-MT";"DEL07-MT";"UOP01-DEL07-MT"
495400;2022-12-26;"segunda-feira";"09:30:00";"MG";381;815,5;"CAREACU";"Chuva";"Saída de leito carroçável";"Sem Vítimas";"Pleno dia";"Decrescente";"Chuva";"Dupla";"Curva";"Não";1;0;0;0;1;0;0;1;-22,08771284;-45,70503017;"SPRF-MG";"DEL16-MG";"UOP02-DEL16-MG"
495401;2022-12-26;"segunda-feira";"13:20:00";"MS";163;262;"DOURADOS";"Ausência de reação do condutor";"Colisão com objeto";"Com Vítimas Feridas";"Pleno dia";"Crescente";"Céu Claro";"Dupla";"Reta";"Sim";1;0;0;1;0;0;1;1;-22,2352256;-54,75663316;"SPRF-MS";"DEL04-MS";"UOP01-DEL04-MS"
495402;2022-12-26;"segunda-feira";"09:50:00";"PE";232;412;"SERRA TALHADA";"Acessar a via sem observar a presença dos outros veículos";"Colisão traseira";"Com Vítimas Feridas";"Pleno dia";"Crescente";"Céu Claro";"Simples";"Reta;Interseção de Vias";"Sim";2;0;1;0;1;0;1;2;-7,98377927;-38,3208774;"SPRF-PE";"DEL04-PE";"UOP01-DEL04-PE"
495403;2022-12-24;"sábado";"05:54:00";"SC";280;32,9;"ARAQUARI";"Ingestão de álcool pelo condutor";"Colisão transversal";"Com Vítimas Feridas";"Pleno dia";"Crescente";"Nublado";"Simples";"Reta;Retorno Regulamentado";"Sim";3;0;2;0;1;0;2;2;-26,420618;-48,779335;"SPRF-SC";"DEL03-SC";"UOP03-DEL03-SC"
495404;2022-12-26;"segunda-feira";"11:24:00";"AC";364;129;"RIO BRANCO";"Velocidade Incompatível";"Queda de ocupante de veículo";"Com Vítimas Feridas";"Pleno dia";"Decrescente";"Céu Claro";"Dupla";"Reta";"Sim";1;0;0;1;0;0;1;1;-10,02882024;-67,82932804;"SPRF-AC";"DEL01-AC";"UOP01-DEL01-AC"
495406;2022-12-26;"segunda-feira";"14:00:00";"SC";282;48;"AGUAS MORNAS";"Pista Escorregadia";"Queda de ocupante de veículo";"Com Vítimas Feridas";"Pleno dia";"Decrescente";"Chuva";"Simples";"Curva;Declive";"Não";1;0;1;0;0;0;1;1;-27,714352;-48,938072;"SPRF-SC";"DEL01-SC";"UOP03-DEL01-SC"
495407;2022-12-26;"segunda-feira";"14:00:00";"RJ";40;84;"PETROPOLIS";"Pista Escorregadia";"Colisão com objeto";"Com Vítimas Feridas";"Pleno dia";"Crescente";"Nublado";"Dupla";"Curva;Túnel";"Não";2;0;2;0;0;0;2;1;-22,52145512;-43,23707996;"SPRF-RJ";"DEL06-RJ";"UOP01-DEL06-RJ"
495408;2022-12-26;"segunda-feira";"10:50:00";"MG";262;24,4;"REDUTO";"Demais falhas na via";"Tombamento";"Com Vítimas Feridas";"Pleno dia";"Crescente";"Chuva";"Simples";"Reta";"Não";1;0;1;0;0;0;1;1;-20,24814827;-41,94094189;"SPRF-MG";"DEL06-MG";"UOP03-DEL06-MG"
495410;2022-12-06;"terça-feira";"09:05:00";"PE";232;136;"CARUARU";"Problema na suspensão";"Saída de leito carroçável";"Com Vítimas Feridas";"Pleno dia";"Crescente";"Sol";"Simples";"Reta";"Não";3;0;2;1;0;0;3;1;-8,31339932;-36,04175591;"SPRF-PE";"DEL02-PE";"UOP01-DEL02-PE"
495411;2022-02-20;"domingo";"07:30:00";"PR";153;339;"IRATI";"Velocidade Incompatível";"Colisão traseira";"Sem Vítimas";"Pleno dia";"Crescente";"Céu Claro";"Simples";"Reta";"Não";3;0;0;0;3;0;0;3;-25,53075286;-50,65411099;"SPRF-PR";"DEL03-PR";"UOP03-DEL03-PR"
495412;2022-12-26;"segunda-feira";"12:10:00";"GO";20;105;"FLORES DE GOIAS";"Chuva";"Saída de leito carroçável";"Com Vítimas Feridas";"Pleno dia";"Crescente";"Chuva";"Simples";"Curva";"Não";3;0;2;0;1;0;2;1;-14,918053;-46,957489;"SPRF-DF";"DEL02-DF";"UOP02-DEL02-DF"
495413;2022-12-26;"segunda-feira";"13:45:00";"PE";101;73;"RECIFE";"Ausência de reação do condutor";"Colisão traseira";"Com Vítimas Feridas";"Pleno dia";"Decrescente";"Céu Claro";"Dupla";"Reta";"Sim";3;0;1;0;2;0;1;2;-8,093369;-34,947464;"SPRF-PE";"DEL01-PE";"UOP01-DEL01-PE"
495414;2022-12-26;"segunda-feira";"02:30:00";"MT";163;1055;"GUARANTA DO NORTE";"Condutor Dormindo";"Saída de leito carroçável";"Sem Vítimas";"Plena Noite";"Decrescente";"Céu Claro";"Simples";"Reta";"Não";1;0;0;0;1;0;0;1;-10,03586727;-54,91001867;"SPRF-MT";"DEL06-MT";"UOP03-DEL06-MT"
495415;2022-08-04;"quinta-feira";"18:30:00";"MG";116;507,7;"INHAPIM";"Condutor deixou de manter distância do veículo da frente";"Colisão traseira";"Com Vítimas Feridas";"Anoitecer";"Decrescente";"Céu Claro";"Simples";"Reta";"Não";3;0;0;2;0;1;2;2;-19,61953715;-42,10872923;"SPRF-MG";"DEL06-MG";"UOP02-DEL06-MG"
495416;2022-12-26;"segunda-feira";"07:00:00";"PE";232;408;"SERRA TALHADA";"Acesso irregular";"Colisão lateral mesmo sentido";"Com Vítimas Feridas";"Pleno dia";"Crescente";"Céu Claro";"Simples";"Reta";"Sim";2;0;0;1;1;0;1;2;-7,98371447;-38,28047709;"SPRF-PE";"DEL04-PE";"UOP01-DEL04-PE"