"id";"data_inversa";"dia_semana";"horario";"uf";"br";"km";"municipio";"causa_acidente";"tipo_acidente";"classificacao_acidente";"fase_dia";"sentido_via";"condicao_metereologica";"tipo_pista";"tracado_via";"uso_solo";"pessoas";"mortos";"feridos_leves";"feridos_graves";"ilesos";"ignorados";"feridos";"veiculos";"latitude";"longitude";"regional";"delegacia";"uop"
495663;2022-11-01;"terça-feira";"10:45:00";"ES";101;291,5;"CARIACICA";"Acesso irregular";"Colisão transversal";"Com Vítimas Feridas";"Pleno dia";"Crescente";"Nublado";"Simples";"Retorno Regulamentado";"Não";2;0;1;0;0;1;1;2;-20,32986921;-40,39853221;"SPRF-ES";"DEL01-ES";"UOP01-DEL01-ES"
495664;2022-12-27;"terça-feira";"11:30:00";"MT";70;583,4;"NOSSA SENHORA DO LIVRAMENTO";"Ausência de reação do condutor";"Capotamento";"Com Vítimas Feridas";"Pleno dia";"Crescente";"Chuva";"Simples";"Curva;Declive";"Não";2;0;1;0;1;0;1;1;-15,76509449;-56,59130226;"SPRF-MT";"DEL03-MT";"UOP02-DEL03-MT"
495665;2022-12-27;"terça-feira";"14:00:00";"PE";428;97;"SANTA MARIA DA BOA VISTA";"Avarias e/ou desgaste excessivo no pneu";"Capotamento";"Com Vítimas Feridas";"Pleno dia";"Decrescente";"Céu Claro";"Simples";"Reta";"Não";5;0;3;2;0;0;5;1;-8,82401066;-39,9348392;"SPRF-PE";"DEL06-PE";"UOP03-DEL06-PE"
495666;2022-12-13;"terça-feira";"17:50:00";"PE";101;81;"JABOATAO DOS GUARARAPES";"Área urbana sem a presença de local apropriado para a travessia de pedestres";"Atropelamento de Pedestre";"Com Vítimas Feridas";"Plena Noite";"Decrescente";"Céu Claro";"Simples";"Reta";"Não";2;0;1;1;0;0;2;2;-8,1597489;-34,94024569;"SPRF-PE";"DEL01-PE";"UOP01-DEL01-PE"
495667;2022-12-27;"terça-feira";"17:30:00";"SC";101;216;"PALHOCA";"Avarias e/ou desgaste excessivo no pneu";"Capotamento";"Com Vítimas Feridas";"Pleno dia";"Decrescente";"Céu Claro";"Dupla";"Reta";"Não";3;0;3;0;0;0;3;1;-27,65981409;-48,67747798;"SPRF-SC";"DEL01-SC";"UOP02-DEL01-SC"
495668;2022-12-27;"terça-feira";"17:25:00";"RJ";393;284;"VOLTA REDONDA";"Acessar a via sem observar a presença dos outros veículos";"Colisão traseira";"Com Vítimas Feridas";"Pleno dia";"Decrescente";"Nublado";"Simples";"Reta";"Sim";2;0;1;0;1;0;1;2;-22,47341979;-44,05990606;"SPRF-RJ";"DEL05-RJ";"UOP04-DEL05-RJ"
495669;2022-12-27;"terça-feira";"17:00:00";"PI";343;179;"PIRIPIRI";"Mal súbito do condutor";"Queda de ocupante de veículo";"Com Vítimas Feridas";"Pleno dia";"Decrescente";"Sol";"Simples";"Curva";"Não";1;0;1;0;0;0;1;1;-4,235486;-41,7715;"SPRF-PI";"DEL02-PI";"UOP01-DEL02-PI"
495670;2022-12-27;"terça-feira";"17:00:00";"RJ";101;421;"MANGARATIBA";"Demais falhas na via";"Colisão transversal";"Com Vítimas Feridas";"Pleno dia";"Crescente";"Céu Claro";"Simples";"Curva";"Não";3;0;0;1;2;0;1;2;-22,91608393;-43,94022903;"SPRF-RJ";"DEL03-RJ";"UOP02-DEL03-RJ"
495672;2022-12-27;"terça-feira";"17:40:00";"PR";277;594,2;"CASCAVEL";"Acessar a via sem observar a presença dos outros veículos";"Colisão transversal";"Com Vítimas Feridas";"Pleno dia";"Crescente";"Céu Claro";"Simples";"Reta";"Sim";2;0;1;0;1;0;1;2;-24,9794792;-53,49232599;"SPRF-PR";"DEL04-PR";"UOP01-DEL04-PR"
495673;2022-12-27;"terça-feira";"16:30:00";"RJ";493;99;"SEROPEDICA";"Manobra de mudança de faixa";"Tombamento";"Com Vítimas Feridas";"Pleno dia";"Decrescente";"Nublado";"Dupla";"Reta";"Não";3;0;2;0;1;0;2;2;-22,73819;-43,71940613;"SPRF-RJ";"DEL03-RJ";"UOP01-DEL03-RJ"
495674;2022-12-27;"terça-feira";"18:00:00";"ES";101;290;"CARIACICA";"Reação tardia ou ineficiente do condutor";"Saída de leito carroçável";"Com Vítimas Feridas";"Anoitecer";"Decrescente";"Céu Claro";"Dupla";"Declive;Reta";"Sim";1;0;1;0;0;0;1;1;-20,28927747;-40,39181575;"SPRF-ES";"DEL01-ES";"UOP01-DEL01-ES"
495675;2022-12-27;"terça-feira";"17:30:00";"SC";101;142;"ITAPEMA";"Ingestão de álcool pelo condutor";"Tombamento";"Com Vítimas Feridas";"Pleno dia";"Crescente";"Nublado";"Dupla";"Declive";"Sim";1;0;1;0;0;0;1;1;-27,056089;-48,599449;"SPRF-SC";"DEL04-SC";"UOP03-DEL04-SC"
495676;2022-12-27;"terça-feira";"17:30:00";"PR";469;14;"FOZ DO IGUACU";"Condutor deixou de manter distância do veículo da frente";"Colisão traseira";"Com Vítimas Feridas";"Anoitecer";"Decrescente";"Céu Claro";"Simples";"Reta";"Não";5;0;1;0;4;0;1;2;-25,5781;-54,5411;"SPRF-PR";"DEL05-PR";"UOP04-DEL05-PR"
495677;2022-12-27;"terça-feira";"18:05:00";"PE";232;9,6;"JABOATAO DOS GUARARAPES";"Condutor deixou de manter distância do veículo da frente";"Colisão traseira";"Com Vítimas Feridas";"Plena Noite";"Decrescente";"Céu Claro";"Dupla";"Em Obras;Viaduto";"Sim";2;0;1;0;1;0;1;2;-8,07764447;-34,97863609;"SPRF-PE";"DEL01-PE";"UOP01-DEL01-PE"
495678;2022-12-27;"terça-feira";"18:15:00";"PE";424;73,5;"CAETES";"Falta de acostamento";"Saída de leito carroçável";"Com Vítimas Feridas";"Plena Noite";"Crescente";"Nublado";"Simples";"Reta";"Não";1;0;0;1;0;0;1;1;-8,801139;-36,589004;"SPRF-PE";"DEL03-PE";"UOP01-DEL03-PE"
495680;2022-12-27;"terça-feira";"16:55:00";"RJ";101;300;"ITABORAI";"Acesso irregular";"Colisão traseira";"Com Vítimas Feridas";"Pleno dia";"Decrescente";"Céu Claro";"Dupla";"Reta";"Sim";2;0;1;0;1;0;1;2;-22,77645713;-42,94783697;"SPRF-RJ";"DEL02-RJ";"UOP02-DEL02-RJ"
495682;2022-12-27;"terça-feira";"17:50:00";"RS";116;340;"BARRA DO RIBEIRO";"Reação tardia ou ineficiente do condutor";"Saída de leito carroçável";"Com Vítimas Feridas";"Pleno dia";"Decrescente";"Céu Claro";"Dupla";"Reta";"Não";2;0;1;0;1;0;1;1;-30,45498686;-51,48924825;"SPRF-RS";"DEL02-RS";"UOP02-DEL02-RS"
495683;2022-12-27;"terça-feira";"17:05:00";"RS";392;1,5;"RIO GRANDE";"Reação tardia ou ineficiente do condutor";"Colisão lateral mesmo sentido";"Sem Vítimas";"Pleno dia";"Crescente";"Nublado";"Simples";"Interseção de Vias";"Sim";2;0;0;0;2;0;0;2;-32,04488513;-52,0855305;"SPRF-RS";"DEL07-RS";"UOP02-DEL07-RS"
495685;2022-12-27;"terça-feira";"17:20:00";"RS";290;91;"PORTO ALEGRE";"Manobra de mudança de faixa";"Colisão transversal";"Com Vítimas Feridas";"Pleno dia";"Decrescente";"Céu Claro";"Múltipla";"Retorno Regulamentado";"Sim";5;0;1;1;2;1;2;3;-29,969055;-51,167439;"SPRF-RS";"DEL01-RS";"UOP01-DEL01-RS"
495686;2022-12-27;"terça-feira";"17:20:00";"RN";101;104,8;"PARNAMIRIM";"Acessar a via sem observar a presença dos outros veículos";"Colisão lateral mesmo sentido";"Sem Vítimas";"Anoitecer";"Decrescente";"Céu Claro";"Múltipla";"Reta";"Sim";2;0;0;0;2;0;0;2;-5,89768087;-35,25820613;"SPRF-RN";"DEL01-RN";"UOP01-DEL01-RN"
495687;2022-12-27;"terça-feira";"18:30:00";"PE";101;82,8;"JABOATAO DOS GUARARAPES";"Manobra de mudança de faixa";"Colisão lateral mesmo sentido";"Com Vítimas Feridas";"Plena Noite";"Crescente";"Nublado";"Simples";"Reta";"Sim";2;0;1;0;0;1;1;2;-8,174014;-34,941905;"SPRF-PE";"DEL01-PE";"UOP01-DEL01-PE"
495689;2022-12-27;"terça-feira";"15:00:00";"MG";356;281,6;"EUGENOPOLIS";"Demais falhas na via";"Saída de leito carroçável";"Com Vítimas Feridas";"Pleno dia";"Crescente";"Céu Claro";"Simples";"Curva;Aclive";"Não";1;0;1;0;0;0;1;1;-21,12659765;-42,23589903;"SPRF-MG";"DEL07-MG";"UOP02-DEL07-MG"
495690;2022-12-27;"terça-feira";"12:55:00";"MG";381;523,7;"BRUMADINHO";"Demais falhas mecânicas ou elétricas";"Incêndio";"Sem Vítimas";"Pleno dia";"Crescente";"Ignorado";"Dupla";"Retorno Regulamentado";"Não";1;0;0;0;1;0;0;1;-20,1530682;-44,32617552;"SPRF-MG";"DEL04-MG";"UOP03-DEL04-MG"
495691;2022-12-27;"terça-feira";"18:45:00";"CE";222;312,9;"TIANGUA";"Transitar na contramão";"Colisão frontal";"Com Vítimas Feridas";"Plena Noite";"Crescente";"Céu Claro";"Múltipla";"Reta";"Sim";2;0;2;0;0;0;2;2;-3,71699311;-40,9914242;"SPRF-CE";"DEL04-CE";"UOP02-DEL04-CE"
495693;2022-12-27;"terça-feira";"19:20:00";"SC";101;219,4;"PALHOCA";"Acessar a via sem observar a presença dos outros veículos";"Tombamento";"Com Vítimas Feridas";"Plena Noite";"Decrescente";"Nublado";"Dupla";"Reta";"Não";1;0;0;1;0;0;1;1;-27,68392194;-48,66710085;"SPRF-SC";"DEL01-SC";"UOP02-DEL01-SC"
495694;2022-12-27;"terça-feira";"14:10:00";"MT";70;579,9;"NOSSA SENHORA DO LIVRAMENTO";"Ingestão de álcool pelo condutor";"Saída de leito carroçável";"Sem Vítimas";"Pleno dia";"Crescente";"Nublado";"Simples";"Reta";"Não";2;0;0;0;2;0;0;1;-15,74842794;-56,55922202;"SPRF-MT";"DEL03-MT";"UOP02-DEL03-MT"
495696;2022-12-27;"terça-feira";"12:20:00";"BA";116;797;"VITORIA DA CONQUISTA";"Acesso irregular";"Colisão transversal";"Com Vítimas Feridas";"Pleno dia";"Decrescente";"Céu Claro";"Simples";"Reta";"Não";2;0;1;0;1;0;1;2;-14,69663096;-40,57562802;"SPRF-BA";"DEL08-BA";"UOP02-DEL08-BA"
495697;2022-12-27;"terça-feira";"12:30:00";"SC";163;109;"GUARUJA DO SUL";"Ausência de reação do condutor";"Saída de leito carroçável";"Com Vítimas Feridas";"Pleno dia";"Crescente";"Chuva";"Simples";"Curva";"Não";1;0;1;0;0;0;1;1;-26,41337297;-53,52364405;"SPRF-SC";"DEL07-SC";"UOP03-DEL07-SC"
495698;2022-12-20;"terça-feira";"09:50:00";"RN";101;96,5;"NATAL";"Condutor deixou de manter distância do veículo da frente";"Colisão lateral mesmo sentido";"Com Vítimas Feridas";"Pleno dia";"Decrescente";"Sol";"Dupla";"Reta";"Sim";3;0;1;0;2;0;1;3;-5,851786;-35,21001;"SPRF-RN";"DEL01-RN";"UOP01-DEL01-RN"
495699;2022-12-27;"terça-feira";"17:00:00";"RJ";116;113;"DUQUE DE CAXIAS";"Objeto estático sobre o leito carroçável";"Colisão com objeto";"Com Vítimas Feridas";"Pleno dia";"Crescente";"Garoa/Chuvisco";"Múltipla";"Reta;Viaduto";"Sim";1;0;1;0;0;0;1;1;-22,71376696;-43,29020977;"SPRF-RJ";"DEL04-RJ";"UOP02-DEL04-RJ"
495700;2022-12-27;"terça-feira";"19:31:00";"GO";40;97;"CRISTALINA";"Conversão proibida";"Colisão traseira";"Com Vítimas Feridas";"Plena Noite";"Crescente";"Céu Claro";"Múltipla";"Declive";"Não";3;0;0;1;1;1;1;3;-16,764631;-47,595763;"SPRF-DF";"DEL01-DF";"UOP02-DEL01-DF"
495701;2022-12-27;"terça-feira";"19:00:00";"MG";381;852,9;"POUSO ALEGRE";"Demais falhas mecânicas ou elétricas";"Incêndio";"Sem Vítimas";"Plena Noite";"Crescente";"Chuva";"Dupla";"Reta;Aclive";"Não";1;0;0;0;0;1;0;1;-22,26092076;-45,89011788;"SPRF-MG";"DEL16-MG";"UOP01-DEL16-MG"
495703;2022-12-27;"terça-feira";"19:00:00";"RS";116;344,9;"BARRA DO RIBEIRO";"Ausência de reação do condutor";"Saída de leito carroçável";"Com Vítimas Feridas";"Pleno dia";"Crescente";"Céu Claro";"Dupla";"Curva";"Sim";4;0;2;0;2;0;2;1;-30,49030601;-51,48990254;"SPRF-RS";"DEL02-RS";"UOP02-DEL02-RS"
495705;2022-12-27;"terça-feira";"19:45:00";"SC";470;36,3;"GASPAR";"Pedestre cruzava a pista fora da faixa";"Atropelamento de Pedestre";"Com Vítimas Feridas";"Plena Noite";"Decrescente";"Garoa/Chuvisco";"Simples";"Viaduto;Em Obras;Desvio Temporário";"Sim";2;0;0;1;1;0;1;2;-26,914196;-48,968948;"SPRF-SC";"DEL04-SC";"UOP01-DEL04-SC"
495707;2022-12-27;"terça-feira";"20:50:00";"PE";101;80;"JABOATAO DOS GUARARAPES";"Reação tardia ou ineficiente do condutor";"Colisão traseira";"Com Vítimas Feridas";"Plena Noite";"Decrescente";"Céu Claro";"Múltipla";"Rotatória";"Sim";2;0;1;0;1;0;1;2;-8,15112589;-34,9428866;"SPRF-PE";"DEL01-PE";"UOP01-DEL01-PE"
495708;2022-12-27;"terça-feira";"19:30:00";"RS";392;45,9;"RIO GRANDE";"Avarias e/ou desgaste excessivo no pneu";"Saída de leito carroçável";"Com Vítimas Feridas";"Plena Noite";"Crescente";"Céu Claro";"Dupla";"Reta";"Não";2;0;2;0;0;0;2;1;-31,92235659;-52,31369726;"SPRF-RS";"DEL07-RS";"UOP02-DEL07-RS"
495709;2022-12-27;"terça-feira";"20:30:00";"PI";343;348,4;"TERESINA";"Conversão proibida";"Colisão lateral sentido oposto";"Com Vítimas Feridas";"Plena Noite";"Decrescente";"Céu Claro";"Simples";"Interseção de Vias";"Não";2;0;1;0;1;0;1;2;-5,122515;-42,794392;"SPRF-PI";"DEL01-PI";"UOP01-DEL01-PI"
495711;2022-12-27;"terça-feira";"20:48:00";"RS";116;264;"CANOAS";"Acessar a via sem observar a presença dos outros veículos";"Colisão traseira";"Com Vítimas Feridas";"Plena Noite";"Crescente";"Chuva";"Dupla";"Reta";"Sim";3;0;1;0;2;0;1;2;-29,914435;-51,17754495;"SPRF-RS";"DEL01-RS";"UOP01-DEL01-RS"
495712;2022-12-26;"segunda-feira";"05:50:00";"SP";116;23;"LAVRINHAS";"Acumulo de água sobre o pavimento";"Capotamento";"Com Vítimas Feridas";"Amanhecer";"Crescente";"Chuva";"Múltipla";"Reta";"Não";1;0;0;1;0;0;1;1;-22,58978112;-44,88535587;"SPRF-SP";"DEL08-SP";"UOP02-DEL08-SP"
495713;2022-12-27;"terça-feira";"12:15:00";"PR";376;550,2;"BALSA NOVA";"Reação tardia ou ineficiente do condutor";"Tombamento";"Com Vítimas Feridas";"Pleno dia";"Crescente";"Nublado";"Dupla";"Reta";"Não";1;0;1;0;0;0;1;1;-25,42651;-49,7602;"SPRF-PR";"DEL03-PR";"UOP03-DEL03-PR"
495714;2022-12-27;"terça-feira";"20:00:00";"RJ";101;332;"RIO DE JANEIRO";"Ausência de reação do condutor";"Colisão traseira";"Sem Vítimas";"Plena Noite";"Crescente";"Céu Claro";"Dupla";"Reta";"Não";2;0;0;0;2;0;0;2;-22,87133305;-43,20407695;"SPRF-RJ";"DEL02-RJ";"UOP01-DEL02-RJ"
495715;2022-12-27;"terça-feira";"19:00:00";"BA";116;632;"JAGUAQUARA";"Condutor deixou de manter distância do veículo da frente";"Colisão traseira";"Sem Vítimas";"Plena Noite";"Decrescente";"Céu Claro";"Simples";"Reta";"Não";3;0;0;0;2;1;0;2;-13,46756485;-40,03652534;"SPRF-BA";"DEL03-BA";"UOP01-DEL03-BA"
495716;2022-12-27;"terça-feira";"20:50:00";"MG";381;507;"SAO JOAQUIM DE BICAS";"Demais falhas mecânicas ou elétricas";"Tombamento";"Com Vítimas Feridas";"Plena Noite";"Decrescente";"Nublado";"Múltipla";"Interseção de Vias;Reta";"Sim";1;0;1;0;0;0;1;1;-20,05643192;-44,28663308;"SPRF-MG";"DEL01-MG";"UOP03-DEL01-MG"
495717;2022-12-27;"terça-feira";"21:40:00";"PI";343;15;"PARNAIBA";"Ingestão de álcool pelo condutor";"Colisão lateral mesmo sentido";"Com Vítimas Feridas";"Plena Noite";"Crescente";"Céu Claro";"Dupla";"Reta";"Sim";2;0;0;1;1;0;1;2;-2,93659;-41,754936;"SPRF-PI";"DEL05-PI";"UOP01-DEL05-PI"
495718;2022-12-27;"terça-feira";"20:11:00";"SC";101;134,2;"BALNEARIO CAMBORIU";"Acessar a via sem observar a presença dos outros veículos";"Colisão traseira";"Com Vítimas Feridas";"Plena Noite";"Decrescente";"Garoa/Chuvisco";"Simples";"Reta";"Sim";2;0;0;1;1;0;1;2;-27,00218;-48,636433;"SPRF-SC";"DEL04-SC";"UOP03-DEL04-SC"
495720;2022-12-27;"terça-feira";"20:00:00";"RJ";40;120;"DUQUE DE CAXIAS";"Carga excessiva e/ou mal acondicionada";"Derramamento de carga";"Com Vítimas Feridas";"Plena Noite";"Decrescente";"Céu Claro";"Múltipla";"Reta";"Sim";4;0;2;0;1;1;2;3;-22,77280597;-43,28626763;"SPRF-RJ";"DEL01-RJ";"UOP01-DEL01-RJ"
495722;2022-12-27;"terça-feira";"19:30:00";"GO";153;3;"PORANGATU";"Reação tardia ou ineficiente do condutor";"Colisão transversal";"Com Vítimas Feridas";"Plena Noite";"Decrescente";"Céu Claro";"Simples";"Reta";"Não";4;0;2;0;2;0;2;2;-12,862046;-49,10585;"SPRF-GO";"DEL07-GO";"UOP01-DEL07-GO"
495723;2022-12-27;"terça-feira";"21:20:00";"PB";230;4;"CABEDELO";"Ausência de reação do condutor";"Colisão com objeto";"Com Vítimas Feridas";"Plena Noite";"Crescente";"Céu Claro";"Dupla";"Curva;Declive;Em Obras";"Sim";2;0;0;2;0;0;2;1;-7,0004;-34,8284;"SPRF-PB";"DEL01-PB";"UOP01-DEL01-PB"
495724;2022-12-27;"terça-feira";"17:30:00";"BA";116;673;"JEQUIE";"Acessar a via sem observar a presença dos outros veículos";"Colisão transversal";"Com Vítimas Feridas";"Anoitecer";"Crescente";"Nublado";"Simples";"Reta";"Não";2;0;1;0;1;0;1;2;-13,80845298;-40,11215229;"SPRF-BA";"DEL03-BA";"UOP01-DEL03-BA"
495725;2022-12-27;"terça-feira";"22:15:00";"SP";101;52;"UBATUBA";"Acessar a via sem observar a presença dos outros veículos";"Colisão transversal";"Com Vítimas Feridas";"Plena Noite";"Crescente";"Céu Claro";"Simples";"Rotatória";"Sim";2;0;1;0;0;1;1;2;-23,4623355;-45,06476561;"SPRF-SP";"DEL06-SP";"UOP01-DEL06-SP"
495726;2022-12-27;"terça-feira";"21:20:00";"RS";470;189;"VERANOPOLIS";"Ausência de reação do condutor";"Saída de leito carroçável";"Com Vítimas Feridas";"Plena Noite";"Crescente";"Chuva";"Simples";"Curva;Declive";"Não";4;0;2;2;0;0;4;1;-29,01620401;-51,56173297;"SPRF-RS";"DEL06-RS";"UOP02-DEL06-RS"
495727;2022-12-27;"terça-feira";"22:00:00";"PR";376;159,5;"MARINGA";"Acessar a via sem observar a presença dos outros veículos";"Colisão transversal";"Com Vítimas Feridas";"Plena Noite";"Crescente";"Céu Claro";"Dupla";"Curva";"Não";2;0;1;0;1;0;1;2;-23,36498136;-52,07632098;"SPRF-PR";"DEL09-PR";"UOP01-DEL09-PR"
495728;2022-12-27;"terça-feira";"22:10:00";"RJ";393;284;"VOLTA REDONDA";"Acessar a via sem observar a presença dos outros veículos";"Colisão transversal";"Com Vítimas Feridas";"Plena Noite";"Crescente";"Céu Claro";"Simples";"Interseção de Vias";"Sim";3;0;2;0;1;0;2;2;-22,49397211;-44,06699896;"SPRF-RJ";"DEL05-RJ";"UOP04-DEL05-RJ"
495731;2022-12-02;"sexta-feira";"13:10:00";"PE";101;76,9;"RECIFE";"Reação tardia ou ineficiente do condutor";"Colisão lateral mesmo sentido";"Com Vítimas Feridas";"Pleno dia";"Crescente";"Céu Claro";"Dupla";"Reta";"Sim";3;0;3;0;0;0;3;2;-8,11813811;-34,94329214;"SPRF-PE";"DEL01-PE";"UOP01-DEL01-PE"
495732;2022-12-27;"terça-feira";"23:15:00";"SP";116;449;"REGISTRO";"Objeto estático sobre o leito carroçável";"Tombamento";"Com Vítimas Feridas";"Plena Noite";"Crescente";"Garoa/Chuvisco";"Simples";"Reta";"Não";1;0;1;0;0;0;1;1;-24,53447467;-47,85841942;"SPRF-SP";"DEL05-SP";"UOP01-DEL05-SP"
495734;2022-12-27;"terça-feira";"11:15:00";"RS";116;109,8;"SAO MARCOS";"Ingestão de álcool pelo condutor";"Saída de leito carroçável";"Com Vítimas Feridas";"Plena Noite";"Decrescente";"Chuva";"Simples";"Curva";"Não";1;0;1;0;0;0;1;1;-28,9318049;-51,0959297;"SPRF-RS";"DEL05-RS";"UOP01-DEL05-RS"
495735;2022-12-27;"terça-feira";"23:40:00";"RS";116;247;"SAO LEOPOLDO";"Ausência de reação do condutor";"Capotamento";"Com Vítimas Feridas";"Plena Noite";"Decrescente";"Garoa/Chuvisco";"Múltipla";"Reta";"Sim";1;0;0;1;0;0;1;1;-29,76733091;-51,1535296;"SPRF-RS";"DEL01-RS";"UOP02-DEL01-RS"
495736;2022-12-27;"terça-feira";"22:30:00";"MG";40;523;"CONTAGEM";"Ingestão de álcool pelo condutor";"Saída de leito carroçável";"Sem Vítimas";"Plena Noite";"Crescente";"Nublado";"Dupla";"Curva";"Sim";2;0;0;0;2;0;0;2;-19,86874894;-44,05962197;"SPRF-MG";"DEL01-MG";"UOP02-DEL01-MG"
495737;2022-12-28;"quarta-feira";"00:30:00";"MG";40;700,3;"BARBACENA";"Ausência de reação do condutor";"Colisão com objeto";"Com Vítimas Feridas";"Plena Noite";"Crescente";"Céu Claro";"Dupla";"Curva";"Sim";2;0;1;0;1;0;1;1;-21,17760699;-43,75627477;"SPRF-MG";"DEL05-MG";"UOP02-DEL05-MG"
495741;2022-12-27;"terça-feira";"13:40:00";"MG";381;416;"NOVA UNIAO";"Afundamento ou ondulação no pavimento";"Tombamento";"Com Vítimas Feridas";"Pleno dia";"Decrescente";"Nublado";"Dupla";"Curva";"Não";2;0;2;0;0;0;2;1;-19,73268673;-43,59772051;"SPRF-MG";"DEL01-MG";"UOP01-DEL01-MG"
495742;2022-12-28;"quarta-feira";"01:35:00";"PR";476;117;"COLOMBO";"Velocidade Incompatível";"Saída de leito carroçável";"Sem Vítimas";"Plena Noite";"Decrescente";"Chuva";"Múltipla";"Reta";"Sim";1;0;0;0;1;0;0;1;-25,34858155;-49,17114079;"SPRF-PR";"DEL01-PR";"UOP01-DEL01-PR"
495743;2022-12-28;"quarta-feira";"02:00:00";"PR";277;582,8;"CASCAVEL";"Deficiência do Sistema de Iluminação/Sinalização";"Incêndio";"Sem Vítimas";"Plena Noite";"Decrescente";"Céu Claro";"Dupla";"Reta;Aclive";"Sim";1;0;0;0;0;1;0;1;-24,97675228;-53,38623215;"SPRF-PR";"DEL04-PR";"UOP01-DEL04-PR"
495744;2022-12-28;"quarta-feira";"03:00:00";"RS";470;190;"VERANOPOLIS";"Ausência de reação do condutor";"Saída de leito carroçável";"Sem Vítimas";"Plena Noite";"Crescente";"Nublado";"Simples";"Declive;Curva";"Não";1;0;0;0;0;1;0;1;-29,02312304;-51,56485893;"SPRF-RS";"DEL06-RS";"UOP02-DEL06-RS"
495746;2022-12-28;"quarta-feira";"02:40:00";"MG";381;386;"SAO GONCALO DO RIO ABAIXO";"Condutor Dormindo";"Saída de leito carroçável";"Com Vítimas Feridas";"Plena Noite";"Decrescente";"Chuva";"Simples";"Reta";"Não";3;0;3;0;0;0;3;1;-19,82565717;-43,38494539;"SPRF-MG";"DEL01-MG";"UOP01-DEL01-MG"
495748;2022-12-27;"terça-feira";"17:00:00";"MG";381;452;"SABARA";"Acessar a via sem observar a presença dos outros veículos";"Atropelamento de Pedestre";"Com Vítimas Feridas";"Pleno dia";"Crescente";"Nublado";"Simples";"Viaduto";"Não";2;0;1;0;1;0;1;2;-19,84339604;-43,88596993;"SPRF-MG";"DEL01-MG";"UOP01-DEL01-MG"
495749;2022-12-28;"quarta-feira";"05:30:00";"BA";116;4;"FEIRA DE SANTANA";"Ausência de reação do condutor";"Colisão traseira";"Com Vítimas Feridas";"Pleno dia";"Crescente";"Sol";"Dupla";"Reta;Aclive";"Sim";4;0;2;0;2;0;2;3;-12,28365012;-38,97434235;"SPRF-PE";"DEL05-PE";"UOP03-DEL05-PE"
495750;2022-12-28;"quarta-feira";"06:10:00";"ES";101;175;"ARACRUZ";"Ultrapassagem Indevida";"Colisão transversal";"Com Vítimas Fatais";"Pleno dia";"Crescente";"Nublado";"Simples";"Reta";"Não";3;1;0;0;2;0;0;2;-19,588547;-40,191967;"SPRF-ES";"DEL04-ES";"UOP01-DEL04-ES"
495752;2022-12-27;"terça-feira";"10:10:00";"PA";163;623;"TRAIRAO";"Ausência de reação do condutor";"Colisão traseira";"Com Vítimas Feridas";"Pleno dia";"Decrescente";"Chuva";"Simples";"Declive";"Não";7;0;6;1;0;0;7;2;-4,71056414;-56,01142789;"SPRF-PA";"DEL05-PA";"UOP01-DEL05-PA"
495753;2022-12-28;"quarta-feira";"07:20:00";"SP";116;188;"SANTA ISABEL";"Acumulo de água sobre o pavimento";"Colisão com objeto";"Com Vítimas Feridas";"Pleno dia";"Crescente";"Chuva";"Dupla";"Aclive;Reta";"Sim";1;0;1;0;0;0;1;1;-23,35939207;-46,21684849;"SPRF-SP";"DEL01-SP";"UOP01-DEL01-SP"
495755;2022-12-28;"quarta-feira";"07:00:00";"MG";459;9;"CALDAS";"Avarias e/ou desgaste excessivo no pneu";"Colisão lateral sentido oposto";"Sem Vítimas";"Amanhecer";"Decrescente";"Chuva";"Simples";"Curva;Declive";"Não";2;0;0;0;2;0;0;2;-21,81656438;-46,46264076;"SPRF-MG";"DEL09-MG";"UOP01-DEL09-MG"
495758;2022-12-28;"quarta-feira";"07:35:00";"PR";376;298,9;"MAUA DA SERRA";"Manobra de mudança de faixa";"Colisão transversal";"Com Vítimas Feridas";"Amanhecer";"Crescente";"Nevoeiro/Neblina";"Dupla";"Reta;Retorno Regulamentado";"Não";7;0;3;1;3;0;4;2;-23,93589703;-51,13894199;"SPRF-PR";"DEL07-PR";"UOP02-DEL07-PR"
495760;2022-12-25;"domingo";"02:30:00";"RS";153;406;"CACHOEIRA DO SUL";"Velocidade Incompatível";"Colisão traseira";"Com Vítimas Feridas";"Plena Noite";"Crescente";"Céu Claro";"Simples";"Rotatória";"Sim";2;0;1;0;1;0;1;2;-30,01470626;-52,92388916;"SPRF-RS";"DEL02-RS";"UOP03-DEL02-RS"
495762;2022-12-28;"quarta-feira";"06:40:00";"RJ";101;325;"NITEROI";"Ausência de reação do condutor";"Colisão traseira";"Com Vítimas Feridas";"Pleno dia";"Crescente";"Céu Claro";"Dupla";"Reta";"Não";2;0;1;0;1;0;1;2;-22,87292569;-43,13625699;"SPRF-RJ";"DEL02-RJ";"UOP01-DEL02-RJ"
495764;2022-12-28;"quarta-feira";"08:15:00";"RS";158;325;"SANTA MARIA";"Reação tardia ou ineficiente do condutor";"Atropelamento de Pedestre";"Com Vítimas Feridas";"Pleno dia";"Crescente";"Céu Claro";"Simples";"Reta;Interseção de Vias";"Sim";2;0;2;0;0;0;2;2;-29,7037466;-53,79524635;"SPRF-RS";"DEL09-RS";"UOP01-DEL09-RS"