"id";"data_inversa";"dia_semana";"horario";"uf";"br";"km";"municipio";"causa_acidente";"tipo_acidente";"classificacao_acidente";"fase_dia";"sentido_via";"condicao_metereologica";"tipo_pista";"tracado_via";"uso_solo";"pessoas";"mortos";"feridos_leves";"feridos_graves";"ilesos";"ignorados";"feridos";"veiculos";"latitude";"longitude";"regional";"delegacia";"uop"
495766;2022-12-24;"sábado";"16:50:00";"RS";285;497;"ENTRE-IJUIS";"Avarias e/ou desgaste excessivo no pneu";"Tombamento";"Com Vítimas Feridas";"Pleno dia";"Decrescente";"Céu Claro";"Simples";"Reta";"Sim";2;0;0;1;1;0;1;1;-28,37811032;-54,27428484;"SPRF-RS";"DEL10-RS";"UOP01-DEL10-RS"
495767;2022-12-28;"quarta-feira";"07:20:00";"RS";471;493,9;"RIO GRANDE";"Reação tardia ou ineficiente do condutor";"Saída de leito carroçável";"Com Vítimas Feridas";"Pleno dia";"Crescente";"Nublado";"Simples";"Reta";"Não";2;0;1;1;0;0;2;1;-32,197852;-52,441263;"SPRF-RS";"DEL07-RS";"UOP02-DEL07-RS"
495768;2022-12-28;"quarta-feira";"07:45:00";"MS";163;478;"CAMPO GRANDE";"Ultrapassagem Indevida";"Colisão lateral mesmo sentido";"Com Vítimas Feridas";"Pleno dia";"Crescente";"Céu Claro";"Simples";"Reta";"Não";2;0;1;0;1;0;1;2;-20,49629699;-54,55916871;"SPRF-MS";"DEL01-MS";"UOP01-DEL01-MS"
495769;2022-12-28;"quarta-feira";"07:00:00";"MG";40;514;"RIBEIRAO DAS NEVES";"Velocidade Incompatível";"Colisão traseira";"Com Vítimas Feridas";"Pleno dia";"Crescente";"Céu Claro";"Dupla";"Reta";"Não";4;0;2;0;2;0;2;3;-19,80151928;-44,10000333;"SPRF-MG";"DEL01-MG";"UOP02-DEL01-MG"
495770;2022-12-28;"quarta-feira";"08:20:00";"GO";60;227,9;"CEZARINA";"Pista esburacada";"Saída de leito carroçável";"Com Vítimas Feridas";"Pleno dia";"Decrescente";"Céu Claro";"Dupla";"Reta";"Não";2;0;0;1;0;1;1;2;-17,050417;-49,78752;"SPRF-GO";"DEL01-GO";"UOP02-DEL01-GO"
495773;2022-12-28;"quarta-feira";"07:59:00";"SC";101;421,1;"ARARANGUA";"Condutor deixou de manter distância do veículo da frente";"Colisão traseira";"Com Vítimas Feridas";"Pleno dia";"Decrescente";"Nublado";"Dupla";"Reta";"Sim";3;0;2;0;1;0;2;2;-29,00554126;-49,56432581;"SPRF-SC";"DEL02-SC";"UOP02-DEL02-SC"
495775;2022-12-28;"quarta-feira";"08:30:00";"RS";290;10,9;"OSORIO";"Chuva";"Saída de leito carroçável";"Com Vítimas Feridas";"Pleno dia";"Crescente";"Chuva";"Dupla";"Curva";"Não";7;0;0;1;6;0;1;2;-29,891388;-50,373714;"SPRF-RS";"DEL03-RS";"UOP01-DEL03-RS"
495777;2022-12-28;"quarta-feira";"08:00:00";"PB";230;165;"CAMPINA GRANDE";"Ausência de reação do condutor";"Colisão traseira";"Com Vítimas Feridas";"Pleno dia";"Decrescente";"Céu Claro";"Simples";"Curva;Aclive";"Sim";2;0;1;0;1;0;1;2;-7,2051;-35,951;"SPRF-PB";"DEL02-PB";"UOP01-DEL02-PB"
495778;2022-12-24;"sábado";"20:05:00";"RS";153;3,5;"CACHOEIRA DO SUL";"Velocidade Incompatível";"Saída de leito carroçável";"Com Vítimas Feridas";"Plena Noite";"Crescente";"Céu Claro";"Simples";"Curva";"Não";1;0;0;1;0;0;1;1;-30,01427891;-52,89670229;"SPRF-RS";"DEL08-RS";"UOP04-DEL08-RS"
495780;2022-12-28;"quarta-feira";"07:50:00";"RS";287;459;"SAO BORJA";"Animais na Pista";"Atropelamento de Animal";"Com Vítimas Feridas";"Pleno dia";"Decrescente";"Céu Claro";"Simples";"Reta";"Não";1;0;0;1;0;0;1;1;-28,97709749;-55,36184875;"SPRF-RS";"DEL12-RS";"UOP01-DEL12-RS"
495781;2022-12-28;"quarta-feira";"09:15:00";"MG";262;124,4;"RIO CASCA";"Pista esburacada";"Engavetamento";"Sem Vítimas";"Pleno dia";"Decrescente";"Céu Claro";"Simples";"Reta";"Não";3;0;0;0;3;0;0;3;-20,2011708;-42,67925669;"SPRF-MG";"DEL03-MG";"UOP03-DEL03-MG"
495782;2022-12-11;"domingo";"10:50:00";"MT";163;758;"SORRISO";"Acessar a via sem observar a presença dos outros veículos";"Colisão transversal";"Sem Vítimas";"Pleno dia";"Crescente";"Céu Claro";"Dupla";"Reta";"Não";5;0;0;0;5;0;0;2;-12,611208;-55,758139;"SPRF-MT";"DEL06-MT";"UOP02-DEL06-MT"
495783;2022-12-28;"quarta-feira";"08:50:00";"RJ";116;2;"CARMO";"Acessar a via sem observar a presença dos outros veículos";"Colisão traseira";"Com Vítimas Feridas";"Pleno dia";"Crescente";"Nublado";"Simples";"Reta";"Sim";2;0;1;0;1;0;1;2;-21,879488;-42,681053;"SPRF-RJ";"DEL05-RJ";"UOP01-DEL05-RJ"
495784;2022-12-28;"quarta-feira";"07:45:00";"RS";116;406;"CAMAQUA";"Ausência de reação do condutor";"Saída de leito carroçável";"Com Vítimas Fatais";"Pleno dia";"Decrescente";"Nublado";"Simples";"Reta";"Não";1;1;0;0;0;0;0;1;-30,89948457;-51,85879823;"SPRF-RS";"DEL02-RS";"UOP02-DEL02-RS"
495786;2022-12-28;"quarta-feira";"09:50:00";"PR";277;254,8;"IRATI";"Acessar a via sem observar a presença dos outros veículos";"Colisão transversal";"Com Vítimas Feridas";"Pleno dia";"Crescente";"Céu Claro";"Simples";"Reta";"Não";8;0;1;0;7;0;1;2;-25,44165997;-50,698329;"SPRF-PR";"DEL08-PR";"UOP02-DEL08-PR"
495787;2022-12-28;"quarta-feira";"10:00:00";"SP";116;214;"GUARULHOS";"Condutor deixou de manter distância do veículo da frente";"Colisão traseira";"Com Vítimas Feridas";"Pleno dia";"Decrescente";"Chuva";"Simples";"Reta";"Não";3;0;1;0;2;0;1;2;-23,44333014;-46,44531294;"SPRF-SP";"DEL01-SP";"UOP01-DEL01-SP"
495789;2022-12-28;"quarta-feira";"03:30:00";"BA";324;410;"NOVA FATIMA";"Animais na Pista";"Atropelamento de Animal";"Com Vítimas Fatais";"Plena Noite";"Crescente";"Céu Claro";"Simples";"Reta";"Não";5;1;3;1;0;0;4;1;-11,6433977;-39,59174072;"SPRF-BA";"DEL04-BA";"UOP02-DEL04-BA"
495790;2022-12-28;"quarta-feira";"09:40:00";"SC";101;132;"BALNEARIO CAMBORIU";"Demais falhas mecânicas ou elétricas";"Incêndio";"Sem Vítimas";"Pleno dia";"Crescente";"Céu Claro";"Dupla";"Declive;Viaduto";"Sim";1;0;0;0;1;0;0;1;-26,99737583;-48,65344763;"SPRF-SC";"DEL04-SC";"UOP03-DEL04-SC"
495793;2022-12-28;"quarta-feira";"01:00:00";"RS";285;174;"MUITOS CAPOES";"Velocidade Incompatível";"Saída de leito carroçável";"Com Vítimas Feridas";"Plena Noite";"Decrescente";"Chuva";"Simples";"Reta";"Não";1;0;1;0;0;0;1;1;-28,317223;-51,353401;"SPRF-RS";"DEL08-RS";"UOP05-DEL08-RS"
495794;2022-11-07;"segunda-feira";"04:15:00";"RJ";116;176;"NOVA IGUACU";"Reação tardia ou ineficiente do condutor";"Colisão traseira";"Com Vítimas Feridas";"Amanhecer";"Decrescente";"Nublado";"Múltipla";"Reta";"Sim";2;0;0;1;1;0;1;2;-22,7839538;-43,38195488;"SPRF-RJ";"DEL01-RJ";"UOP02-DEL01-RJ"
495795;2022-12-28;"quarta-feira";"09:20:00";"RJ";393;238,8;"VASSOURAS";"Desrespeitar a preferência no cruzamento";"Colisão transversal";"Com Vítimas Feridas";"Pleno dia";"Decrescente";"Céu Claro";"Simples";"Interseção de Vias";"Sim";2;0;1;0;1;0;1;2;-22,40095658;-43,66442518;"SPRF-RJ";"DEL05-RJ";"UOP04-DEL05-RJ"
495797;2022-12-28;"quarta-feira";"07:55:00";"PR";467;84,8;"CASCAVEL";"Avarias e/ou desgaste excessivo no pneu";"Colisão com objeto";"Com Vítimas Feridas";"Pleno dia";"Crescente";"Nublado";"Dupla";"Reta";"Não";1;0;1;0;0;0;1;1;-24,8184;-53,6572;"SPRF-PR";"DEL04-PR";"UOP01-DEL04-PR"
495798;2022-12-28;"quarta-feira";"09:30:00";"MG";381;587;"CARMOPOLIS DE MINAS";"Velocidade Incompatível";"Saída de leito carroçável";"Com Vítimas Feridas";"Pleno dia";"Decrescente";"Chuva";"Dupla";"Curva";"Não";3;0;3;0;0;0;3;1;-20,5460261;-44,65677896;"SPRF-MG";"DEL04-MG";"UOP01-DEL04-MG"
495799;2022-12-28;"quarta-feira";"10:10:00";"RJ";116;131;"MAGE";"Condutor Dormindo";"Colisão traseira";"Com Vítimas Feridas";"Pleno dia";"Crescente";"Nublado";"Dupla";"Reta";"Sim";2;0;2;0;0;0;2;2;-22,65608024;-43,12511494;"SPRF-RJ";"DEL04-RJ";"UOP02-DEL04-RJ"
495800;2022-12-20;"terça-feira";"18:55:00";"RR";174;470;"BOA VISTA";"Ausência de reação do condutor";"Colisão traseira";"Com Vítimas Feridas";"Plena Noite";"Crescente";"Céu Claro";"Dupla";"Reta";"Não";2;0;1;0;1;0;1;2;2,617482;-60,876961;"SPRF-RR";"DEL01-RR";"UOP01-DEL01-RR"
495801;2022-11-07;"segunda-feira";"05:55:00";"RJ";116;184;"NOVA IGUACU";"Trafegar com motocicleta (ou similar) entre as faixas";"Colisão lateral mesmo sentido";"Com Vítimas Feridas";"Amanhecer";"Decrescente";"Chuva";"Múltipla";"Reta";"Sim";2;0;1;0;0;1;1;2;-22,74647215;-43,44594311;"SPRF-RJ";"DEL01-RJ";"UOP02-DEL01-RJ"
495802;2022-12-21;"quarta-feira";"11:00:00";"RN";405;1;"MOSSORO";"Reação tardia ou ineficiente do condutor";"Colisão lateral mesmo sentido";"Com Vítimas Feridas";"Pleno dia";"Crescente";"Céu Claro";"Dupla";"Reta";"Sim";2;0;1;0;1;0;1;2;-5,19170196;-37,361471;"SPRF-RN";"DEL04-RN";"UOP02-DEL04-RN"
495805;2022-12-12;"segunda-feira";"15:45:00";"SP";101;49;"UBATUBA";"Reação tardia ou ineficiente do condutor";"Engavetamento";"Sem Vítimas";"Pleno dia";"Crescente";"Chuva";"Simples";"Reta";"Sim";5;0;0;0;5;0;0;5;-23,45018939;-45,07743735;"SPRF-SP";"DEL06-SP";"UOP01-DEL06-SP"
495806;2022-12-28;"quarta-feira";"10:50:00";"RJ";101;66;"CAMPOS DOS GOYTACAZES";"Reação tardia ou ineficiente do condutor";"Colisão traseira";"Com Vítimas Feridas";"Pleno dia";"Crescente";"Nublado";"Simples";"Reta";"Sim";2;0;0;1;1;0;1;2;-21,76090387;-41,34788959;"SPRF-RJ";"DEL08-RJ";"UOP02-DEL08-RJ"
495807;2022-12-28;"quarta-feira";"11:35:00";"MG";381;924,4;"CAMANDUCAIA";"Pista Escorregadia";"Colisão com objeto";"Com Vítimas Feridas";"Pleno dia";"Crescente";"Chuva";"Dupla";"Curva;Aclive";"Não";12;0;3;0;9;0;3;3;-22,769982;-46,19447;"SPRF-MG";"DEL16-MG";"UOP03-DEL16-MG"
495808;2022-12-28;"quarta-feira";"11:00:00";"ES";262;58;"MARECHAL FLORIANO";"Acessar a via sem observar a presença dos outros veículos";"Colisão transversal";"Com Vítimas Feridas";"Pleno dia";"Decrescente";"Sol";"Simples";"Curva;Interseção de Vias";"Não";2;0;1;0;1;0;1;2;-20,42076276;-40,76927908;"SPRF-ES";"DEL01-ES";"UOP01-DEL01-ES"
495810;2022-12-28;"quarta-feira";"11:00:00";"SP";116;131;"CACAPAVA";"Condutor deixou de manter distância do veículo da frente";"Colisão traseira";"Com Vítimas Feridas";"Pleno dia";"Crescente";"Céu Claro";"Dupla";"Reta";"Não";4;0;1;0;2;1;1;3;-23,12742083;-45,73636609;"SPRF-SP";"DEL02-SP";"UOP02-DEL02-SP"
495811;2022-12-28;"quarta-feira";"11:05:00";"SP";116;107,9;"TAUBATE";"Condutor deixou de manter distância do veículo da frente";"Engavetamento";"Com Vítimas Feridas";"Pleno dia";"Crescente";"Nublado";"Dupla";"Reta";"Não";6;0;1;0;5;0;1;5;-23,01791287;-45,53009409;"SPRF-SP";"DEL02-SP";"UOP02-DEL02-SP"
495812;2022-12-28;"quarta-feira";"11:35:00";"MG";381;925,8;"ITAPEVA";"Pista Escorregadia";"Colisão com objeto";"Com Vítimas Feridas";"Pleno dia";"Crescente";"Nublado";"Dupla";"Curva;Aclive";"Não";3;0;1;0;2;0;1;1;-22,770757;-46,200368;"SPRF-MG";"DEL16-MG";"UOP03-DEL16-MG"
495813;2022-12-28;"quarta-feira";"11:49:00";"MS";359;150;"ALCINOPOLIS";"Chuva";"Capotamento";"Com Vítimas Feridas";"Pleno dia";"Decrescente";"Céu Claro";"Simples";"Curva";"Não";2;0;2;0;0;0;2;1;-18,26732985;-54,09137804;"SPRF-MS";"DEL06-MS";"UOP01-DEL06-MS"
495814;2022-12-28;"quarta-feira";"12:30:00";"MG";381;490,7;"BETIM";"Ausência de reação do condutor";"Colisão lateral mesmo sentido";"Com Vítimas Feridas";"Pleno dia";"Decrescente";"Sol";"Múltipla";"Viaduto";"Sim";2;0;0;1;1;0;1;2;-19,95732527;-44,14970756;"SPRF-MG";"DEL01-MG";"UOP03-DEL01-MG"
495817;2022-12-28;"quarta-feira";"11:40:00";"MG";381;743,2;"TRES CORACOES";"Acumulo de água sobre o pavimento";"Queda de ocupante de veículo";"Com Vítimas Feridas";"Pleno dia";"Decrescente";"Chuva";"Dupla";"Curva";"Não";2;0;2;0;0;0;2;1;-21,62606989;-45,26880608;"SPRF-MG";"DEL16-MG";"UOP02-DEL16-MG"
495818;2022-12-28;"quarta-feira";"13:13:00";"DF";40;6,8;"BRASILIA";"Condutor deixou de manter distância do veículo da frente";"Colisão traseira";"Com Vítimas Feridas";"Pleno dia";"Decrescente";"Céu Claro";"Dupla";"Reta";"Sim";3;0;1;0;2;0;1;3;-16,029741;-47,978867;"SPRF-DF";"DEL01-DF";"UOP01-DEL01-DF"
495822;2022-12-28;"quarta-feira";"13:33:00";"RS";386;342,7;"LAJEADO";"Acessar a via sem observar a presença dos outros veículos";"Colisão transversal";"Com Vítimas Feridas";"Pleno dia";"Decrescente";"Sol";"Simples";"Reta";"Sim";2;0;1;0;1;0;1;2;-29,431631;-52,011932;"SPRF-RS";"DEL04-RS";"UOP01-DEL04-RS"
495823;2022-12-28;"quarta-feira";"11:15:00";"MT";163;102,6;"RONDONOPOLIS";"Ausência de reação do condutor";"Queda de ocupante de veículo";"Com Vítimas Feridas";"Pleno dia";"Crescente";"Sol";"Dupla";"Reta";"Não";1;0;1;0;0;0;1;1;-16,6450602;-54,68993838;"SPRF-MT";"DEL02-MT";"UOP03-DEL02-MT"
495826;2022-12-28;"quarta-feira";"13:25:00";"DF";20;6;"BRASILIA";"Acessar a via sem observar a presença dos outros veículos";"Colisão transversal";"Com Vítimas Feridas";"Pleno dia";"Crescente";"Nublado";"Dupla";"Reta";"Sim";2;0;2;0;0;0;2;2;-15,665888;-47,808308;"SPRF-DF";"DEL02-DF";"UOP01-DEL02-DF"
495827;2022-12-21;"quarta-feira";"03:00:00";"RJ";116;173;"SAO JOAO DE MERITI";"Fumaça";"Incêndio";"Sem Vítimas";"Plena Noite";"Decrescente";"Chuva";"Múltipla";"Reta";"Sim";1;0;0;0;1;0;0;1;-22,79810324;-43,35726614;"SPRF-RJ";"DEL01-RJ";"UOP02-DEL01-RJ"
495829;2022-12-28;"quarta-feira";"13:45:00";"SC";101;449;"SANTA ROSA DO SUL";"Reação tardia ou ineficiente do condutor";"Colisão traseira";"Com Vítimas Feridas";"Pleno dia";"Decrescente";"Nublado";"Múltipla";"Reta";"Não";2;0;0;1;1;0;1;2;-29,16497725;-49,74303669;"SPRF-SC";"DEL02-SC";"UOP02-DEL02-SC"
495830;2022-12-28;"quarta-feira";"14:20:00";"MG";381;817,9;"CAREACU";"Chuva";"Saída de leito carroçável";"Com Vítimas Feridas";"Pleno dia";"Decrescente";"Chuva";"Dupla";"Reta";"Sim";4;0;4;0;0;0;4;1;-22,09779644;-45,71786074;"SPRF-MG";"DEL16-MG";"UOP02-DEL16-MG"
495831;2022-12-28;"quarta-feira";"13:40:00";"BA";135;44;"FORMOSA DO RIO PRETO";"Demais falhas mecânicas ou elétricas";"Incêndio";"Sem Vítimas";"Pleno dia";"Decrescente";"Céu Claro";"Simples";"Reta";"Não";2;0;0;0;2;0;0;1;-11,158883;-45,067116;"SPRF-BA";"DEL08-BA";"UOP04-DEL08-BA"
495832;2022-12-24;"sábado";"16:30:00";"RJ";40;113;"DUQUE DE CAXIAS";"Reação tardia ou ineficiente do condutor";"Tombamento";"Com Vítimas Feridas";"Pleno dia";"Decrescente";"Céu Claro";"Múltipla";"Reta";"Sim";2;0;2;0;0;0;2;1;-22,70948502;-43,29040354;"SPRF-RJ";"DEL01-RJ";"UOP01-DEL01-RJ"
495833;2022-12-28;"quarta-feira";"13:10:00";"MG";116;706,5;"MURIAE";"Avarias e/ou desgaste excessivo no pneu";"Colisão transversal";"Com Vítimas Feridas";"Pleno dia";"Decrescente";"Nublado";"Simples";"Reta";"Sim";4;0;0;1;1;2;1;3;-21,147048;-42,381522;"SPRF-MG";"DEL07-MG";"UOP02-DEL07-MG"
495834;2022-12-28;"quarta-feira";"12:50:00";"PR";376;673;"GUARATUBA";"Reação tardia ou ineficiente do condutor";"Tombamento";"Com Vítimas Feridas";"Pleno dia";"Crescente";"Garoa/Chuvisco";"Dupla";"Reta;Declive";"Não";2;0;2;0;0;0;2;1;-25,90092097;-48,92572096;"SPRF-PR";"DEL01-PR";"UOP04-DEL01-PR"
495835;2022-12-28;"quarta-feira";"14:05:00";"MG";381;484;"BETIM";"Ausência de reação do condutor";"Colisão traseira";"Com Vítimas Feridas";"Pleno dia";"Crescente";"Nublado";"Múltipla";"Ponte;Reta";"Sim";4;0;1;0;3;0;1;2;-19,95531717;-44,11722196;"SPRF-MG";"DEL01-MG";"UOP03-DEL01-MG"
495836;2022-12-28;"quarta-feira";"13:20:00";"MG";381;908;"CAMBUI";"Pista Escorregadia";"Colisão com objeto";"Com Vítimas Feridas";"Pleno dia";"Crescente";"Garoa/Chuvisco";"Dupla";"Curva;Aclive";"Não";4;0;1;0;3;0;1;1;-22,71744092;-46,12652111;"SPRF-MG";"DEL16-MG";"UOP03-DEL16-MG"
495839;2022-12-28;"quarta-feira";"13:22:00";"MS";163;816;"PEDRO GOMES";"Manobra de mudança de faixa";"Saída de leito carroçável";"Com Vítimas Feridas";"Pleno dia";"Decrescente";"Nublado";"Simples";"Reta";"Não";5;0;3;0;1;1;3;2;-17,78718119;-54,74542438;"SPRF-MS";"DEL06-MS";"UOP01-DEL06-MS"
495840;2022-10-20;"quinta-feira";"14:55:00";"MG";262;432,4;"IGARATINGA";"Condutor Dormindo";"Saída de leito carroçável";"Com Vítimas Feridas";"Pleno dia";"Crescente";"Céu Claro";"Dupla";"Reta";"Não";3;0;1;1;1;0;2;1;-19,88913122;-44,82409507;"SPRF-MG";"DEL08-MG";"UOP03-DEL08-MG"
495843;2022-12-28;"quarta-feira";"15:00:00";"CE";222;197,4;"FORQUILHA";"Velocidade Incompatível";"Saída de leito carroçável";"Com Vítimas Feridas";"Pleno dia";"Crescente";"Céu Claro";"Simples";"Curva";"Não";1;0;1;0;0;0;1;1;-3,80735907;-40,17579399;"SPRF-CE";"DEL04-CE";"UOP01-DEL04-CE"
495844;2022-12-28;"quarta-feira";"13:00:00";"RJ";101;66,9;"CAMPOS DOS GOYTACAZES";"Acessar a via sem observar a presença dos outros veículos";"Colisão lateral mesmo sentido";"Com Vítimas Feridas";"Pleno dia";"Decrescente";"Céu Claro";"Simples";"Rotatória";"Sim";2;0;0;1;1;0;1;2;-21,766253;-41,34533;"SPRF-RJ";"DEL08-RJ";"UOP02-DEL08-RJ"
495845;2022-12-28;"quarta-feira";"14:21:00";"RN";101;94,7;"NATAL";"Demais falhas mecânicas ou elétricas";"Tombamento";"Com Vítimas Feridas";"Pleno dia";"Crescente";"Céu Claro";"Dupla";"Reta";"Sim";2;0;1;0;1;0;1;2;-5,83176615;-35,21191342;"SPRF-RN";"DEL01-RN";"UOP01-DEL01-RN"
495846;2022-12-28;"quarta-feira";"15:20:00";"SC";101;48;"JOINVILLE";"Avarias e/ou desgaste excessivo no pneu";"Capotamento";"Com Vítimas Feridas";"Pleno dia";"Decrescente";"Chuva";"Dupla";"Aclive";"Sim";1;0;1;0;0;0;1;1;-26,35345909;-48,85867862;"SPRF-SC";"DEL03-SC";"UOP01-DEL03-SC"
495848;2022-12-28;"quarta-feira";"07:40:00";"SC";282;420;"CATANDUVAS";"Pista Escorregadia";"Saída de leito carroçável";"Com Vítimas Feridas";"Pleno dia";"Crescente";"Nublado";"Simples";"Declive;Curva";"Não";1;0;1;0;0;0;1;1;-27,014505;-51,736427;"SPRF-SC";"DEL07-SC";"UOP05-DEL07-SC"
495849;2022-09-20;"terça-feira";"09:40:00";"RN";101;94;"NATAL";"Condutor deixou de manter distância do veículo da frente";"Colisão traseira";"Com Vítimas Feridas";"Pleno dia";"Decrescente";"Céu Claro";"Múltipla";"Reta";"Sim";3;0;0;1;2;0;1;3;-5,82811295;-35,21072567;"SPRF-RN";"DEL01-RN";"UOP01-DEL01-RN"
495850;2022-12-28;"quarta-feira";"14:00:00";"GO";153;327,7;"RIANAPOLIS";"Condutor Dormindo";"Saída de leito carroçável";"Com Vítimas Feridas";"Pleno dia";"Decrescente";"Céu Claro";"Simples";"Curva";"Não";2;0;2;0;0;0;2;1;-15,50462;-49,478848;"SPRF-GO";"DEL02-GO";"UOP02-DEL02-GO"
495851;2022-12-28;"quarta-feira";"15:05:00";"SC";282;17,4;"SANTO AMARO DA IMPERATRIZ";"Condutor deixou de manter distância do veículo da frente";"Colisão traseira";"Com Vítimas Feridas";"Pleno dia";"Decrescente";"Nublado";"Simples";"Reta";"Sim";2;0;1;0;1;0;1;2;-27,665707;-48,688065;"SPRF-SC";"DEL01-SC";"UOP02-DEL01-SC"
495852;2022-12-28;"quarta-feira";"12:10:00";"SP";116;360,6;"MIRACATU";"Ausência de reação do condutor";"Colisão com objeto";"Com Vítimas Feridas";"Pleno dia";"Decrescente";"Nublado";"Dupla";"Curva;Aclive";"Não";4;0;1;0;3;0;1;1;-24,11322209;-47,26945708;"SPRF-SP";"DEL04-SP";"UOP03-DEL04-SP"
495853;2022-12-28;"quarta-feira";"16:00:00";"SP";116;282;"EMBU DAS ARTES";"Manobra de mudança de faixa";"Colisão lateral mesmo sentido";"Com Vítimas Feridas";"Pleno dia";"Crescente";"Nublado";"Dupla";"Reta";"Não";2;0;2;0;0;0;2;1;-23,68570216;-46,85970975;"SPRF-SP";"DEL04-SP";"UOP01-DEL04-SP"
495854;2022-12-28;"quarta-feira";"09:30:00";"RJ";101;61;"CAMPOS DOS GOYTACAZES";"Ultrapassagem Indevida";"Colisão transversal";"Com Vítimas Feridas";"Pleno dia";"Decrescente";"Vento";"Simples";"Reta";"Sim";2;0;1;0;1;0;1;2;-21,731839;-41,323838;"SPRF-RJ";"DEL08-RJ";"UOP01-DEL08-RJ"
495855;2022-12-28;"quarta-feira";"16:00:00";"RS";386;36,3;"FREDERICO WESTPHALEN";"Acessar a via sem observar a presença dos outros veículos";"Colisão transversal";"Com Vítimas Feridas";"Pleno dia";"Crescente";"Céu Claro";"Simples";"Interseção de Vias";"Sim";2;0;0;1;1;0;1;2;-27,37728368;-53,39839339;"SPRF-RS";"DEL08-RS";"UOP02-DEL08-RS"
495856;2022-12-28;"quarta-feira";"15:35:00";"GO";60;94,2;"ANAPOLIS";"Acessar a via sem observar a presença dos outros veículos";"Colisão lateral mesmo sentido";"Com Vítimas Feridas";"Pleno dia";"Crescente";"Céu Claro";"Dupla";"Viaduto";"Sim";2;0;1;0;1;0;1;2;-16,3611;-48,9328;"SPRF-GO";"DEL02-GO";"UOP01-DEL02-GO"
495857;2022-12-28;"quarta-feira";"15:15:00";"PE";232;504,7;"SALGUEIRO";"Ingestão de álcool pelo condutor";"Colisão lateral sentido oposto";"Sem Vítimas";"Pleno dia";"Decrescente";"Céu Claro";"Simples";"Reta";"Não";2;0;0;0;2;0;0;2;-8,05261085;-39,08587407;"SPRF-PE";"DEL05-PE";"UOP01-DEL05-PE"
495858;2022-12-28;"quarta-feira";"15:50:00";"PR";116;124;"CURITIBA";"Condutor deixou de manter distância do veículo da frente";"Colisão traseira";"Com Vítimas Feridas";"Pleno dia";"Decrescente";"Céu Claro";"Dupla";"Reta";"Sim";4;0;2;0;2;0;2;3;-25,622457;-49,31587;"SPRF-PR";"DEL01-PR";"UOP03-DEL01-PR"
495864;2022-12-28;"quarta-feira";"15:22:00";"GO";364;149;"JATAI";"Chuva";"Saída de leito carroçável";"Com Vítimas Fatais";"Pleno dia";"Decrescente";"Chuva";"Simples";"Reta;Declive";"Não";3;1;0;2;0;0;2;1;-18,165903;-51,420219;"SPRF-GO";"DEL05-GO";"UOP02-DEL05-GO"
495865;2022-12-28;"quarta-feira";"17:00:00";"SC";101;291;"IMBITUBA";"Acesso irregular";"Colisão transversal";"Sem Vítimas";"Pleno dia";"Crescente";"Nublado";"Simples";"Interseção de Vias";"Sim";2;0;0;0;2;0;0;2;-28,26980586;-48,70081551;"SPRF-SC";"DEL02-SC";"UOP03-DEL02-SC"
495867;2022-12-28;"quarta-feira";"17:25:00";"ES";101;8;"PEDRO CANARIO";"Reação tardia ou ineficiente do condutor";"Saída de leito carroçável";"Com Vítimas Feridas";"Pleno dia";"Decrescente";"Céu Claro";"Simples";"Curva;Aclive";"Não";1;0;1;0;0;0;1;1;-18,23027961;-39,95278417;"SPRF-ES";"DEL04-ES";"UOP02-DEL04-ES"
495868;2022-12-28;"quarta-feira";"16:00:00";"SC";101;125;"ITAJAI";"Manobra de mudança de faixa";"Colisão lateral mesmo sentido";"Com Vítimas Feridas";"Pleno dia";"Crescente";"Céu Claro";"Dupla";"Reta";"Não";2;0;0;1;1;0;1;2;-26,94802427;-48,68338515;"SPRF-SC";"DEL04-SC";"UOP04-DEL04-SC"
495870;2022-12-28;"quarta-feira";"17:40:00";"ES";101;280,6;"SERRA";"Afundamento ou ondulação no pavimento";"Queda de ocupante de veículo";"Com Vítimas Feridas";"Anoitecer";"Crescente";"Céu Claro";"Dupla";"Reta";"Não";1;0;1;0;0;0;1;1;-20,21828666;-40,34895595;"SPRF-ES";"DEL02-ES";"UOP01-DEL02-ES"
495871;2022-12-28;"quarta-feira";"17:35:00";"MG";40;530;"CONTAGEM";"Reação tardia ou ineficiente do condutor";"Colisão traseira";"Com Vítimas Feridas";"Pleno dia";"Decrescente";"Nublado";"Dupla";"Reta;Retorno Regulamentado";"Sim";3;0;2;0;1;0;2;2;-19,92064782;-44,0335681;"SPRF-MG";"DEL01-MG";"UOP02-DEL01-MG"
495872;2022-12-28;"quarta-feira";"13:35:00";"RS";290;215,1;"PANTANO GRANDE";"Desrespeitar a preferência no cruzamento";"Colisão transversal";"Com Vítimas Feridas";"Pleno dia";"Decrescente";"Sol";"Simples";"Interseção de Vias";"Sim";2;0;1;0;1;0;1;2;-30,18905718;-52,37319946;"SPRF-RS";"DEL02-RS";"UOP03-DEL02-RS"
495873;2022-12-28;"quarta-feira";"17:05:00";"MG";381;510;"SAO JOAQUIM DE BICAS";"Conversão proibida";"Colisão transversal";"Sem Vítimas";"Pleno dia";"Decrescente";"Céu Claro";"Múltipla";"Reta";"Sim";2;0;0;0;2;0;0;2;-20,0598;-44,2898;"SPRF-MG";"DEL01-MG";"UOP03-DEL01-MG"