"id";"data_inversa";"dia_semana";"horario";"uf";"br";"km";"municipio";"causa_acidente";"tipo_acidente";"classificacao_acidente";"fase_dia";"sentido_via";"condicao_metereologica";"tipo_pista";"tracado_via";"uso_solo";"pessoas";"mortos";"feridos_leves";"feridos_graves";"ilesos";"ignorados";"feridos";"veiculos";"latitude";"longitude";"regional";"delegacia";"uop"
495875;2022-12-28;"quarta-feira";"16:40:00";"PR";376;237;"APUCARANA";"Condutor Dormindo";"Saída de leito carroçável";"Com Vítimas Fatais";"Pleno dia";"Decrescente";"Chuva";"Dupla";"Declive";"Não";4;1;3;0;0;0;3;1;-23,585207;-51,474154;"SPRF-PR";"DEL07-PR";"UOP03-DEL07-PR"
495876;2022-10-13;"quinta-feira";"12:20:00";"MG";381;756,9;"TRES CORACOES";"Velocidade Incompatível";"Colisão com objeto";"Com Vítimas Fatais";"Pleno dia";"Decrescente";"Céu Claro";"Dupla";"Reta";"Sim";41;1;33;7;0;0;40;2;-21,6960517;-45,36128707;"SPRF-MG";"DEL16-MG";"UOP02-DEL16-MG"
495877;2022-12-28;"quarta-feira";"15:40:00";"SC";280;153,6;"MAFRA";"Ultrapassagem Indevida";"Colisão lateral sentido oposto";"Com Vítimas Feridas";"Pleno dia";"Decrescente";"Céu Claro";"Simples";"Curva";"Não";3;0;0;1;2;0;1;2;-26,22099817;-49,71288041;"SPRF-SC";"DEL06-SC";"UOP03-DEL06-SC"
495878;2022-12-28;"quarta-feira";"18:20:00";"PR";469;17,1;"FOZ DO IGUACU";"Ausência de reação do condutor";"Engavetamento";"Com Vítimas Feridas";"Pleno dia";"Crescente";"Céu Claro";"Simples";"Reta";"Não";3;0;1;0;2;0;1;3;-25,5906;-54,5172;"SPRF-PR";"DEL05-PR";"UOP04-DEL05-PR"
495880;2022-12-28;"quarta-feira";"15:45:00";"SC";101;280;"IMBITUBA";"Mal súbito do condutor";"Capotamento";"Com Vítimas Feridas";"Pleno dia";"Decrescente";"Céu Claro";"Dupla";"Reta";"Não";1;0;1;0;0;0;1;1;-28,17962805;-48,6956297;"SPRF-SC";"DEL02-SC";"UOP03-DEL02-SC"
495881;2022-12-28;"quarta-feira";"15:00:00";"PA";230;592,7;"VITORIA DO XINGU";"Ausência de reação do condutor";"Tombamento";"Com Vítimas Feridas";"Pleno dia";"Decrescente";"Céu Claro";"Simples";"Curva;Declive";"Não";2;0;0;1;0;1;1;2;-3,09657705;-51,85129929;"SPRF-PA";"DEL04-PA";"UOP01-DEL04-PA"
495884;2022-12-28;"quarta-feira";"16:20:00";"PR";376;307,5;"MAUA DA SERRA";"Ausência de reação do condutor";"Colisão com objeto";"Com Vítimas Feridas";"Pleno dia";"Decrescente";"Chuva";"Dupla";"Curva;Aclive";"Não";2;0;1;0;1;0;1;1;-23,95053778;-51,11890197;"SPRF-PR";"DEL07-PR";"UOP02-DEL07-PR"
495885;2022-12-28;"quarta-feira";"19:25:00";"MG";40;509,3;"RIBEIRAO DAS NEVES";"Condutor deixou de manter distância do veículo da frente";"Colisão traseira";"Com Vítimas Feridas";"Plena Noite";"Decrescente";"Céu Claro";"Dupla";"Reta";"Não";2;0;1;0;1;0;1;2;-19,77166026;-44,12564278;"SPRF-MG";"DEL01-MG";"UOP02-DEL01-MG"
495887;2022-12-28;"quarta-feira";"18:28:00";"ES";101;272;"SERRA";"Ausência de reação do condutor";"Colisão traseira";"Sem Vítimas";"Plena Noite";"Decrescente";"Céu Claro";"Dupla";"Reta";"Sim";2;0;0;0;2;0;0;2;-20,22724888;-40,28426988;"SPRF-ES";"DEL02-ES";"UOP01-DEL02-ES"
495888;2022-12-28;"quarta-feira";"16:30:00";"PR";376;632;"SAO JOSE DOS PINHAIS";"Ausência de reação do condutor";"Tombamento";"Com Vítimas Feridas";"Pleno dia";"Decrescente";"Nublado";"Dupla";"Reta";"Não";1;0;1;0;0;0;1;1;-25,71305887;-49,13941456;"SPRF-PR";"DEL01-PR";"UOP04-DEL01-PR"
495889;2022-12-28;"quarta-feira";"18:45:00";"RO";364;238,7;"CACOAL";"Pedestre cruzava a pista fora da faixa";"Atropelamento de Pedestre";"Com Vítimas Feridas";"Anoitecer";"Decrescente";"Céu Claro";"Simples";"Reta;Interseção de Vias";"Sim";3;0;1;0;0;2;1;2;-11,434748;-61,461792;"SPRF-RO";"DEL02-RO";"UOP02-DEL02-RO"
495890;2022-12-28;"quarta-feira";"20:10:00";"ES";101;127;"SOORETAMA";"Acessar a via sem observar a presença dos outros veículos";"Colisão transversal";"Com Vítimas Feridas";"Plena Noite";"Decrescente";"Céu Claro";"Simples";"Declive;Reta";"Sim";2;0;0;2;0;0;2;2;-19,202898;-40,095524;"SPRF-ES";"DEL04-ES";"UOP01-DEL04-ES"
495891;2022-12-28;"quarta-feira";"19:30:00";"SP";116;445;"REGISTRO";"Acessar a via sem observar a presença dos outros veículos";"Colisão lateral mesmo sentido";"Com Vítimas Feridas";"Plena Noite";"Decrescente";"Céu Claro";"Múltipla";"Reta";"Sim";2;0;1;0;1;0;1;2;-24,49790715;-47,84208686;"SPRF-SP";"DEL05-SP";"UOP01-DEL05-SP"
495892;2022-12-28;"quarta-feira";"20:30:00";"SP";116;215;"GUARULHOS";"Reação tardia ou ineficiente do condutor";"Capotamento";"Com Vítimas Feridas";"Plena Noite";"Crescente";"Garoa/Chuvisco";"Múltipla";"Reta";"Sim";1;0;1;0;0;0;1;1;-23,44695693;-46,45394103;"SPRF-SP";"DEL01-SP";"UOP01-DEL01-SP"
495894;2022-12-28;"quarta-feira";"18:45:00";"GO";153;372;"SAO FRANCISCO DE GOIAS";"Acessar a via sem observar a presença dos outros veículos";"Colisão transversal";"Com Vítimas Feridas";"Plena Noite";"Crescente";"Garoa/Chuvisco";"Simples";"Declive";"Não";2;0;1;0;1;0;1;2;-15,843293;-49,270893;"SPRF-GO";"DEL02-GO";"UOP02-DEL02-GO"
495895;2022-12-28;"quarta-feira";"18:11:00";"RO";364;706;"PORTO VELHO";"Manobra de mudança de faixa";"Colisão traseira";"Com Vítimas Feridas";"Anoitecer";"Decrescente";"Céu Claro";"Dupla";"Reta";"Sim";4;0;1;0;3;0;1;2;-8,80030539;-63,823428;"SPRF-RO";"DEL01-RO";"UOP01-DEL01-RO"
495896;2022-12-28;"quarta-feira";"13:30:00";"PE";232;371;"FLORES";"Manobra de mudança de faixa";"Eventos atípicos";"Com Vítimas Feridas";"Pleno dia";"Decrescente";"Céu Claro";"Simples";"Reta";"Não";4;0;1;0;3;0;1;2;-8,031893;-37,966507;"SPRF-PE";"DEL04-PE";"UOP01-DEL04-PE"
495897;2022-12-28;"quarta-feira";"21:10:00";"DF";40;6;"BRASILIA";"Acessar a via sem observar a presença dos outros veículos";"Colisão transversal";"Com Vítimas Feridas";"Plena Noite";"Decrescente";"Céu Claro";"Dupla";"Reta";"Sim";2;0;0;1;1;0;1;2;-16,029741;-47,978867;"SPRF-DF";"DEL01-DF";"UOP01-DEL01-DF"
495898;2022-12-28;"quarta-feira";"18:00:00";"RO";319;62;"PORTO VELHO";"Manobra de mudança de faixa";"Colisão lateral mesmo sentido";"Com Vítimas Feridas";"Anoitecer";"Crescente";"Céu Claro";"Dupla";"Reta";"Sim";3;0;1;0;1;1;1;3;-8,75463918;-63,88711327;"SPRF-RO";"DEL01-RO";"UOP01-DEL01-RO"
495899;2022-12-28;"quarta-feira";"19:30:00";"MS";376;68,4;"GLORIA DE DOURADOS";"Acessar a via sem observar a presença dos outros veículos";"Colisão transversal";"Com Vítimas Fatais";"Plena Noite";"Crescente";"Nublado";"Simples";"Reta";"Não";2;1;0;0;1;0;0;2;-22,39284504;-54,21961792;"SPRF-MS";"DEL04-MS";"UOP04-DEL04-MS"
495900;2022-12-28;"quarta-feira";"20:20:00";"PE";101;69,9;"RECIFE";"Acessar a via sem observar a presença dos outros veículos";"Colisão lateral mesmo sentido";"Com Vítimas Feridas";"Plena Noite";"Crescente";"Garoa/Chuvisco";"Dupla";"Reta";"Sim";3;0;2;0;1;0;2;2;-8,05951606;-34,94581024;"SPRF-PE";"DEL01-PE";"UOP01-DEL01-PE"
495902;2022-12-28;"quarta-feira";"18:00:00";"MG";251;465,6;"GRAO MOGOL";"Pista Escorregadia";"Capotamento";"Com Vítimas Feridas";"Anoitecer";"Decrescente";"Chuva";"Simples";"Declive;Curva";"Não";2;0;2;0;0;0;2;1;-16,45710399;-43,40386502;"SPRF-MG";"DEL12-MG";"UOP01-DEL12-MG"
495904;2022-12-28;"quarta-feira";"21:30:00";"SC";101;130;"BALNEARIO CAMBORIU";"Manobra de mudança de faixa";"Colisão lateral mesmo sentido";"Com Vítimas Feridas";"Plena Noite";"Crescente";"Céu Claro";"Dupla";"Reta";"Não";2;0;1;0;0;1;1;2;-26,98407618;-48,66977107;"SPRF-SC";"DEL04-SC";"UOP03-DEL04-SC"
495905;2022-12-28;"quarta-feira";"20:00:00";"PR";277;301;"PRUDENTOPOLIS";"Manobra de mudança de faixa";"Tombamento";"Com Vítimas Feridas";"Plena Noite";"Decrescente";"Céu Claro";"Simples";"Reta";"Não";8;0;6;1;0;1;7;3;-25,31084217;-51,09699901;"SPRF-PR";"DEL08-PR";"UOP01-DEL08-PR"
495907;2022-12-28;"quarta-feira";"23:00:00";"PR";476;173;"CONTENDA";"Ingestão de álcool pelo condutor";"Colisão lateral mesmo sentido";"Com Vítimas Feridas";"Plena Noite";"Decrescente";"Nevoeiro/Neblina";"Simples";"Curva";"Não";3;0;1;0;2;0;1;2;-25,68948142;-49,53977823;"SPRF-PR";"DEL01-PR";"UOP06-DEL01-PR"
495908;2022-12-28;"quarta-feira";"21:00:00";"RS";293;62;"PIRATINI";"Velocidade Incompatível";"Saída de leito carroçável";"Com Vítimas Feridas";"Plena Noite";"Decrescente";"Céu Claro";"Simples";"Interseção de Vias;Rotatória";"Não";4;0;1;1;2;0;2;1;-31,69986798;-52,94443973;"SPRF-RS";"DEL07-RS";"UOP01-DEL07-RS"
495909;2022-12-28;"quarta-feira";"20:10:00";"BA";101;616;"MASCOTE";"Velocidade Incompatível";"Atropelamento de Pedestre";"Com Vítimas Fatais";"Plena Noite";"Decrescente";"Céu Claro";"Simples";"Reta";"Sim";2;1;0;0;0;1;0;2;-15,75042705;-39,4801369;"SPRF-BA";"DEL05-BA";"UOP02-DEL05-BA"
495914;2022-12-29;"quinta-feira";"02:10:00";"MG";40;517;"RIBEIRAO DAS NEVES";"Condutor Dormindo";"Saída de leito carroçável";"Com Vítimas Feridas";"Plena Noite";"Decrescente";"Nublado";"Dupla";"Reta";"Sim";1;0;1;0;0;0;1;1;-19,82351202;-44,08438913;"SPRF-MG";"DEL01-MG";"UOP02-DEL01-MG"
495915;2022-12-29;"quinta-feira";"03:25:00";"PR";277;726,4;"FOZ DO IGUACU";"Ingestão de álcool pelo condutor";"Saída de leito carroçável";"Com Vítimas Feridas";"Plena Noite";"Decrescente";"Céu Claro";"Dupla";"Rotatória";"Sim";3;0;2;0;1;0;2;1;-25,5106015;-54,55481999;"SPRF-PR";"DEL05-PR";"UOP03-DEL05-PR"
495917;2022-12-29;"quinta-feira";"04:50:00";"PR";116;81,8;"PIRAQUARA";"Deficiência do Sistema de Iluminação/Sinalização";"Colisão traseira";"Com Vítimas Fatais";"Amanhecer";"Crescente";"Garoa/Chuvisco";"Dupla";"Reta";"Não";5;1;0;0;4;0;0;2;-25,40969292;-49,0632661;"SPRF-PR";"DEL01-PR";"UOP07-DEL01-PR"
495921;2022-12-17;"sábado";"07:00:00";"PA";230;88;"SAO JOAO DO ARAGUAIA";"Reação tardia ou ineficiente do condutor";"Colisão frontal";"Com Vítimas Feridas";"Pleno dia";"Decrescente";"Céu Claro";"Simples";"Reta";"Não";6;0;1;4;0;1;5;3;-5,47339622;-48,86568712;"SPRF-PA";"DEL03-PA";"UOP01-DEL03-PA"
495923;2022-12-29;"quinta-feira";"06:15:00";"SC";101;200;"SAO JOSE";"Acessar a via sem observar a presença dos outros veículos";"Colisão transversal";"Com Vítimas Feridas";"Pleno dia";"Crescente";"Céu Claro";"Dupla";"Reta";"Sim";2;0;1;0;1;0;1;2;-27,54018513;-48,62287714;"SPRF-SC";"DEL01-SC";"UOP01-DEL01-SC"
495926;2022-12-24;"sábado";"23:45:00";"SP";116;117;"TAUBATE";"Ingestão de álcool pelo condutor";"Saída de leito carroçável";"Sem Vítimas";"Plena Noite";"Decrescente";"Céu Claro";"Simples";"Curva";"Não";1;0;0;0;0;1;0;1;-23,0582298;-45,6176951;"SPRF-SP";"DEL02-SP";"UOP02-DEL02-SP"
495928;2022-12-29;"quinta-feira";"05:30:00";"MA";10;228;"GOVERNADOR EDISON LOBAO";"Reação tardia ou ineficiente do condutor";"Saída de leito carroçável";"Com Vítimas Feridas";"Amanhecer";"Crescente";"Nevoeiro/Neblina";"Simples";"Declive;Reta";"Não";1;0;1;0;0;0;1;1;-5,718728;-47,359982;"SPRF-MA";"DEL04-MA";"UOP01-DEL04-MA"
495931;2022-12-28;"quarta-feira";"21:30:00";"SP";101;44;"UBATUBA";"Ausência de reação do condutor";"Colisão transversal";"Com Vítimas Feridas";"Plena Noite";"Crescente";"Céu Claro";"Simples";"Reta";"Sim";2;0;0;1;0;1;1;2;-23,41014346;-45,06455371;"SPRF-SP";"DEL06-SP";"UOP01-DEL06-SP"
495932;2022-12-29;"quinta-feira";"06:30:00";"RS";290;131;"ELDORADO DO SUL";"Reação tardia ou ineficiente do condutor";"Saída de leito carroçável";"Sem Vítimas";"Pleno dia";"Crescente";"Céu Claro";"Simples";"Curva;Desvio Temporário";"Não";2;0;0;0;2;0;0;1;-30,060116;-51,520683;"SPRF-RS";"DEL02-RS";"UOP01-DEL02-RS"
495933;2022-12-29;"quinta-feira";"06:45:00";"MG";153;24,9;"CENTRALINA";"Ausência de reação do condutor";"Saída de leito carroçável";"Com Vítimas Feridas";"Pleno dia";"Decrescente";"Chuva";"Dupla";"Curva;Retorno Regulamentado";"Não";4;0;3;0;1;0;3;1;-18,63126816;-49,18366828;"SPRF-MG";"DEL15-MG";"UOP03-DEL15-MG"
495935;2022-12-29;"quinta-feira";"06:45:00";"RS";386;325,4;"MARQUES DE SOUZA";"Velocidade Incompatível";"Colisão transversal";"Com Vítimas Feridas";"Pleno dia";"Crescente";"Céu Claro";"Simples";"Reta;Em Obras";"Sim";2;0;1;1;0;0;2;2;-29,318314;-52,104053;"SPRF-RS";"DEL04-RS";"UOP01-DEL04-RS"
495936;2022-12-25;"domingo";"03:40:00";"SC";153;106,3;"CONCORDIA";"Transitar na contramão";"Colisão lateral sentido oposto";"Com Vítimas Feridas";"Plena Noite";"Crescente";"Céu Claro";"Simples";"Curva";"Não";5;0;5;0;0;0;5;2;-27,290276;-51,967644;"SPRF-SC";"DEL07-SC";"UOP04-DEL07-SC"
495939;2022-12-29;"quinta-feira";"07:05:00";"BA";324;529,9;"FEIRA DE SANTANA";"Manobra de mudança de faixa";"Colisão lateral mesmo sentido";"Com Vítimas Feridas";"Pleno dia";"Crescente";"Céu Claro";"Dupla";"Reta";"Sim";2;0;1;0;0;1;1;2;-12,33641033;-38,85090119;"SPRF-BA";"DEL01-BA";"UOP03-DEL01-BA"
495940;2022-12-29;"quinta-feira";"06:41:00";"MG";262;386,6;"FLORESTAL";"Condutor Dormindo";"Saída de leito carroçável";"Com Vítimas Feridas";"Pleno dia";"Crescente";"Nublado";"Dupla";"Curva;Declive";"Não";1;0;1;0;0;0;1;1;-19,9178877;-44,4826497;"SPRF-MG";"DEL01-MG";"UOP03-DEL01-MG"
495941;2022-12-29;"quinta-feira";"06:50:00";"GO";50;257;"CATALAO";"Ausência de reação do condutor";"Colisão traseira";"Com Vítimas Fatais";"Pleno dia";"Decrescente";"Nublado";"Dupla";"Reta";"Não";3;1;1;0;1;0;1;3;-18,0231;-47,8203;"SPRF-GO";"DEL06-GO";"UOP01-DEL06-GO"
495942;2022-12-29;"quinta-feira";"06:40:00";"PE";232;117,8;"CARUARU";"Manobra de mudança de faixa";"Colisão traseira";"Com Vítimas Feridas";"Pleno dia";"Crescente";"Céu Claro";"Dupla";"Reta";"Não";6;0;1;3;2;0;4;2;-8,29529153;-35,8754959;"SPRF-PE";"DEL02-PE";"UOP01-DEL02-PE"
495944;2022-12-29;"quinta-feira";"01:10:00";"RO";364;439;"JARU";"Velocidade Incompatível";"Tombamento";"Com Vítimas Feridas";"Plena Noite";"Crescente";"Nublado";"Simples";"Aclive";"Não";1;0;1;0;0;0;1;1;-10,36005242;-62,5739773;"SPRF-RO";"DEL03-RO";"UOP02-DEL03-RO"
495947;2022-12-29;"quinta-feira";"07:15:00";"GO";40;0;"VALPARAISO DE GOIAS";"Reação tardia ou ineficiente do condutor";"Colisão traseira";"Sem Vítimas";"Pleno dia";"Decrescente";"Céu Claro";"Dupla";"Reta";"Sim";2;0;0;0;2;0;0;2;-16,05735096;-47,98247695;"SPRF-DF";"DEL01-DF";"UOP01-DEL01-DF"
495948;2022-12-29;"quinta-feira";"05:30:00";"MG";381;692,3;"LAVRAS";"Reação tardia ou ineficiente do condutor";"Colisão com objeto";"Com Vítimas Feridas";"Amanhecer";"Crescente";"Nublado";"Dupla";"Curva";"Não";1;0;1;0;0;0;1;1;-21,221176;-45,129363;"SPRF-MG";"DEL04-MG";"UOP02-DEL04-MG"
495951;2022-04-24;"domingo";"18:48:00";"RS";392;27,5;"RIO GRANDE";"Entrada inopinada do pedestre";"Atropelamento de Pedestre";"Com Vítimas Feridas";"Plena Noite";"Crescente";"Céu Claro";"Dupla";"Reta";"Sim";3;0;1;1;0;1;2;2;-32,06776388;-52,2653693;"SPRF-RS";"DEL07-RS";"UOP02-DEL07-RS"
495952;2022-12-29;"quinta-feira";"08:00:00";"BA";101;878,9;"TEIXEIRA DE FREITAS";"Acessar a via sem observar a presença dos outros veículos";"Colisão transversal";"Com Vítimas Feridas";"Pleno dia";"Crescente";"Nublado";"Simples";"Interseção de Vias";"Sim";2;0;1;0;1;0;1;2;-17,554066;-39,723374;"SPRF-BA";"DEL09-BA";"UOP02-DEL09-BA"
495953;2022-12-29;"quinta-feira";"06:55:00";"RO";364;236;"CACOAL";"Desrespeitar a preferência no cruzamento";"Colisão transversal";"Com Vítimas Feridas";"Pleno dia";"Crescente";"Céu Claro";"Dupla";"Aclive;Reta";"Sim";2;0;1;0;1;0;1;2;-11,44382195;-61,44515991;"SPRF-RO";"DEL02-RO";"UOP02-DEL02-RO"
495954;2022-12-29;"quinta-feira";"07:40:00";"PR";116;210,6;"RIO NEGRO";"Condutor deixou de manter distância do veículo da frente";"Colisão traseira";"Com Vítimas Feridas";"Pleno dia";"Decrescente";"Sol";"Simples";"Reta";"Não";2;0;1;0;1;0;1;2;-26,07479435;-49,76117178;"SPRF-SC";"DEL06-SC";"UOP01-DEL06-SC"
495955;2022-12-25;"domingo";"15:30:00";"MG";267;82,5;"JUIZ DE FORA";"Pedestre andava na pista";"Atropelamento de Pedestre";"Com Vítimas Fatais";"Pleno dia";"Decrescente";"Chuva";"Simples";"Reta";"Não";2;1;0;0;0;1;0;2;-21,7593403;-43,25677872;"SPRF-MG";"DEL05-MG";"UOP01-DEL05-MG"
495956;2022-12-29;"quinta-feira";"04:30:00";"MA";230;447,9;"RIACHAO";"Iluminação deficiente";"Colisão frontal";"Com Vítimas Feridas";"Plena Noite";"Crescente";"Céu Claro";"Simples";"Reta";"Não";5;0;1;1;3;0;2;2;-7,40108293;-46,40457698;"SPRF-MA";"DEL05-MA";"UOP01-DEL05-MA"
495957;2022-12-29;"quinta-feira";"08:20:00";"SP";116;554;"BARRA DO TURVO";"Reação tardia ou ineficiente do condutor";"Capotamento";"Com Vítimas Feridas";"Pleno dia";"Crescente";"Garoa/Chuvisco";"Dupla";"Curva";"Não";4;0;1;0;3;0;1;1;-24,97035013;-48,49691597;"SPRF-SP";"DEL05-SP";"UOP02-DEL05-SP"
495958;2022-12-29;"quinta-feira";"07:10:00";"MT";163;53;"RONDONOPOLIS";"Ausência de reação do condutor";"Saída de leito carroçável";"Com Vítimas Feridas";"Pleno dia";"Decrescente";"Nublado";"Dupla";"Reta";"Não";4;0;3;0;1;0;3;1;-17,04799694;-54,76233766;"SPRF-MT";"DEL02-MT";"UOP03-DEL02-MT"
495959;2022-12-29;"quinta-feira";"08:10:00";"MT";158;55;"VILA RICA";"Ausência de reação do condutor";"Saída de leito carroçável";"Com Vítimas Feridas";"Pleno dia";"Crescente";"Garoa/Chuvisco";"Simples";"Aclive;Reta";"Não";2;0;2;0;0;0;2;1;-10,13265298;-51,09425892;"SPRF-MT";"DEL07-MT";"UOP02-DEL07-MT"
495960;2022-12-29;"quinta-feira";"04:00:00";"PR";376;170,5;"MARINGA";"Ingestão de álcool pelo condutor";"Saída de leito carroçável";"Sem Vítimas";"Plena Noite";"Crescente";"Céu Claro";"Dupla";"Reta";"Sim";1;0;0;0;0;1;0;1;-23,41595703;-51,97950402;"SPRF-PR";"DEL09-PR";"UOP01-DEL09-PR"
495961;2022-12-29;"quinta-feira";"08:20:00";"RJ";40;55;"PETROPOLIS";"Ausência de reação do condutor";"Colisão traseira";"Com Vítimas Feridas";"Pleno dia";"Decrescente";"Nublado";"Dupla";"Reta;Retorno Regulamentado";"Não";2;0;1;0;1;0;1;2;-22,36147671;-43,12604785;"SPRF-RJ";"DEL05-RJ";"UOP02-DEL05-RJ"
495963;2022-12-29;"quinta-feira";"07:30:00";"MG";116;680,6;"MIRADOURO";"Condutor deixou de manter distância do veículo da frente";"Colisão traseira";"Com Vítimas Feridas";"Pleno dia";"Decrescente";"Nublado";"Simples";"Reta";"Não";2;0;1;0;0;1;1;2;-20,929393;-42,340239;"SPRF-MG";"DEL07-MG";"UOP02-DEL07-MG"
495964;2022-12-29;"quinta-feira";"07:20:00";"SC";101;321;"PESCARIA BRAVA";"Problema na suspensão";"Tombamento";"Com Vítimas Feridas";"Pleno dia";"Crescente";"Céu Claro";"Dupla";"Reta";"Não";1;0;1;0;0;0;1;1;-28,426079;-48,906518;"SPRF-SC";"DEL02-SC";"UOP01-DEL02-SC"
495965;2022-12-29;"quinta-feira";"09:10:00";"SC";101;207,4;"SAO JOSE";"Manobra de mudança de faixa";"Colisão lateral mesmo sentido";"Com Vítimas Feridas";"Pleno dia";"Decrescente";"Céu Claro";"Dupla";"Declive;Reta";"Sim";4;0;1;1;2;0;2;3;-27,60001226;-48,6226467;"SPRF-SC";"DEL01-SC";"UOP01-DEL01-SC"
495966;2022-12-29;"quinta-feira";"09:45:00";"SC";101;210;"SAO JOSE";"Trafegar com motocicleta (ou similar) entre as faixas";"Colisão traseira";"Com Vítimas Feridas";"Pleno dia";"Decrescente";"Sol";"Múltipla";"Reta";"Sim";3;0;1;0;1;1;1;3;-27,6167305;-48,6457265;"SPRF-SC";"DEL01-SC";"UOP01-DEL01-SC"
495968;2022-12-29;"quinta-feira";"07:30:00";"PB";230;119,7;"RIACHAO DO BACAMARTE";"Avarias e/ou desgaste excessivo no pneu";"Saída de leito carroçável";"Com Vítimas Feridas";"Pleno dia";"Decrescente";"Céu Claro";"Dupla";"Reta";"Não";5;0;4;0;1;0;4;1;-7,244805;-35,6456;"SPRF-PB";"DEL02-PB";"UOP01-DEL02-PB"
495969;2022-12-25;"domingo";"15:00:00";"RJ";101;211;"CASIMIRO DE ABREU";"Demais falhas mecânicas ou elétricas";"Colisão com objeto";"Com Vítimas Feridas";"Pleno dia";"Decrescente";"Nublado";"Dupla";"Reta";"Não";1;0;1;0;0;0;1;1;-22,48161708;-42,24613798;"SPRF-RJ";"DEL08-RJ";"UOP04-DEL08-RJ"
495970;2022-12-29;"quinta-feira";"09:30:00";"SC";101;81,8;"BARRA VELHA";"Condutor deixou de manter distância do veículo da frente";"Colisão traseira";"Com Vítimas Feridas";"Pleno dia";"Crescente";"Céu Claro";"Dupla";"Reta";"Não";3;0;1;0;2;0;1;3;-26,60256101;-48,72553524;"SPRF-SC";"DEL03-SC";"UOP02-DEL03-SC"
495972;2022-12-23;"sexta-feira";"15:30:00";"MA";230;413;"BALSAS";"Condutor deixou de manter distância do veículo da frente";"Colisão traseira";"Com Vítimas Feridas";"Pleno dia";"Decrescente";"Nublado";"Simples";"Reta";"Não";6;0;3;0;3;0;3;2;-7,50090151;-46,11850183;"SPRF-MA";"DEL05-MA";"UOP01-DEL05-MA"
495973;2022-12-25;"domingo";"21:45:00";"RS";290;457,7;"ROSARIO DO SUL";"Ingestão de álcool pelo condutor";"Saída de leito carroçável";"Sem Vítimas";"Plena Noite";"Decrescente";"Céu Claro";"Simples";"Curva";"Não";1;0;0;0;0;1;0;1;-30,2296847;-54,6910414;"SPRF-RS";"DEL11-RS";"UOP02-DEL11-RS"
495974;2022-12-29;"quinta-feira";"10:20:00";"BA";101;913,1;"NOVA VICOSA";"Pista esburacada";"Capotamento";"Com Vítimas Feridas";"Pleno dia";"Decrescente";"Céu Claro";"Simples";"Reta";"Não";3;0;3;0;0;0;3;1;-18,03101192;-39,86412233;"SPRF-BA";"DEL09-BA";"UOP02-DEL09-BA"
495976;2022-12-29;"quinta-feira";"10:20:00";"PB";230;153;"CAMPINA GRANDE";"Condutor deixou de manter distância do veículo da frente";"Colisão traseira";"Com Vítimas Feridas";"Pleno dia";"Crescente";"Sol";"Dupla";"Reta";"Não";4;0;2;1;1;0;3;2;-7,27668339;-35,88835247;"SPRF-PB";"DEL02-PB";"UOP01-DEL02-PB"
495977;2022-12-29;"quinta-feira";"10:30:00";"RJ";40;113;"DUQUE DE CAXIAS";"Manobra de mudança de faixa";"Colisão lateral mesmo sentido";"Com Vítimas Feridas";"Pleno dia";"Decrescente";"Nublado";"Dupla";"Reta";"Sim";4;0;2;0;1;1;2;2;-22,70948502;-43,29040354;"SPRF-RJ";"DEL01-RJ";"UOP01-DEL01-RJ"
495978;2022-12-29;"quinta-feira";"10:40:00";"RJ";40;113;"DUQUE DE CAXIAS";"Manobra de mudança de faixa";"Colisão traseira";"Com Vítimas Feridas";"Pleno dia";"Decrescente";"Céu Claro";"Dupla";"Reta";"Não";3;0;2;0;1;0;2;2;-22,70948502;-43,29040354;"SPRF-RJ";"DEL01-RJ";"UOP01-DEL01-RJ"
495980;2022-12-29;"quinta-feira";"11:20:00";"SP";101;36;"UBATUBA";"Ausência de reação do condutor";"Saída de leito carroçável";"Com Vítimas Feridas";"Pleno dia";"Crescente";"Nublado";"Simples";"Reta";"Não";1;0;1;0;0;0;1;1;-23,39663126;-45,01695985;"SPRF-SP";"DEL06-SP";"UOP01-DEL06-SP"
495981;2022-12-05;"segunda-feira";"04:00:00";"PR";277;178;"PALMEIRA";"Pista Escorregadia";"Colisão transversal";"Com Vítimas Feridas";"Plena Noite";"Crescente";"Chuva";"Simples";"Reta";"Não";2;0;0;1;1;0;1;2;-25,43304338;-50,05868912;"SPRF-PR";"DEL08-PR";"UOP02-DEL08-PR"
495984;2022-12-29;"quinta-feira";"01:15:00";"PI";230;309;"FLORIANO";"Transitar na contramão";"Colisão frontal";"Com Vítimas Feridas";"Plena Noite";"Decrescente";"Ignorado";"Simples";"Interseção de Vias";"Sim";3;0;2;0;1;0;2;2;-6,77433132;-43,00632318;"SPRF-PI";"DEL03-PI";"UOP01-DEL03-PI"
495985;2022-12-29;"quinta-feira";"08:35:00";"AC";364;136;"RIO BRANCO";"Acessar a via sem observar a presença dos outros veículos";"Colisão transversal";"Com Vítimas Feridas";"Pleno dia";"Decrescente";"Céu Claro";"Dupla";"Rotatória";"Sim";3;0;2;0;1;0;2;2;-9,977578;-67,8489;"SPRF-AC";"DEL01-AC";"UOP01-DEL01-AC"