"id";"data_inversa";"dia_semana";"horario";"uf";"br";"km";"municipio";"causa_acidente";"tipo_acidente";"classificacao_acidente";"fase_dia";"sentido_via";"condicao_metereologica";"tipo_pista";"tracado_via";"uso_solo";"pessoas";"mortos";"feridos_leves";"feridos_graves";"ilesos";"ignorados";"feridos";"veiculos";"latitude";"longitude";"regional";"delegacia";"uop"
496095;2022-12-29;"quinta-feira";"19:31:00";"RO";364;237,5;"CACOAL";"Velocidade Incompatível";"Colisão com objeto";"Com Vítimas Feridas";"Plena Noite";"Decrescente";"Céu Claro";"Simples";"Retorno Regulamentado";"Sim";1;0;0;1;0;0;1;1;-11,44341056;-61,44672787;"SPRF-RO";"DEL02-RO";"UOP02-DEL02-RO"
496096;2022-12-17;"sábado";"10:40:00";"RJ";101;12;"CAMPOS DOS GOYTACAZES";"Desrespeitar a preferência no cruzamento";"Colisão transversal";"Com Vítimas Feridas";"Pleno dia";"Crescente";"Céu Claro";"Simples";"Interseção de Vias";"Não";4;0;1;0;3;0;1;2;-21,31648344;-41,32577696;"SPRF-RJ";"DEL08-RJ";"UOP01-DEL08-RJ"
496098;2022-12-29;"quinta-feira";"21:40:00";"GO";60;441;"JATAI";"Ausência de reação do condutor";"Colisão traseira";"Com Vítimas Feridas";"Plena Noite";"Decrescente";"Céu Claro";"Dupla";"Reta";"Não";3;0;1;0;2;0;1;2;-17,8408;-51,4409;"SPRF-GO";"DEL05-GO";"UOP01-DEL05-GO"
496099;2022-12-29;"quinta-feira";"21:10:00";"RS";290;722,6;"URUGUAIANA";"Animais na Pista";"Atropelamento de Animal";"Com Vítimas Fatais";"Plena Noite";"Crescente";"Céu Claro";"Simples";"Reta";"Sim";1;1;0;0;0;0;0;1;-29,752972;-57,06953;"SPRF-RS";"DEL13-RS";"UOP01-DEL13-RS"
496100;2022-12-29;"quinta-feira";"21:23:00";"GO";50;98;"CRISTALINA";"Conversão proibida";"Colisão frontal";"Com Vítimas Feridas";"Plena Noite";"Crescente";"Céu Claro";"Simples";"Interseção de Vias";"Sim";3;0;1;0;1;1;1;3;-16,9309;-47,7117;"SPRF-DF";"DEL01-DF";"UOP02-DEL01-DF"
496101;2022-12-29;"quinta-feira";"19:00:00";"SC";101;126;"ITAJAI";"Velocidade Incompatível";"Colisão traseira";"Com Vítimas Feridas";"Pleno dia";"Decrescente";"Céu Claro";"Dupla";"Reta";"Não";2;0;0;1;1;0;1;2;-26,95564404;-48,67978366;"SPRF-SC";"DEL04-SC";"UOP04-DEL04-SC"
496102;2022-12-29;"quinta-feira";"22:20:00";"RS";116;296;"GUAIBA";"Condutor deixou de manter distância do veículo da frente";"Colisão traseira";"Com Vítimas Feridas";"Plena Noite";"Crescente";"Céu Claro";"Dupla";"Reta";"Não";4;0;2;0;2;0;2;2;-30,08629958;-51,34220861;"SPRF-RS";"DEL02-RS";"UOP01-DEL02-RS"
496103;2022-12-29;"quinta-feira";"17:20:00";"RO";429;48;"PRESIDENTE MEDICI";"Reação tardia ou ineficiente do condutor";"Capotamento";"Com Vítimas Feridas";"Anoitecer";"Crescente";"Nublado";"Simples";"Reta";"Não";2;0;1;0;0;1;1;2;-11,19996262;-61,963974;"SPRF-RO";"DEL02-RO";"UOP03-DEL02-RO"
496106;2022-11-15;"terça-feira";"08:45:00";"SC";101;114;"ITAJAI";"Condutor deixou de manter distância do veículo da frente";"Colisão traseira";"Sem Vítimas";"Pleno dia";"Decrescente";"Céu Claro";"Múltipla";"Reta";"Sim";6;0;0;0;5;1;0;3;-26,86192886;-48,7286704;"SPRF-SC";"DEL04-SC";"UOP04-DEL04-SC"
496107;2022-12-29;"quinta-feira";"18:40:00";"BA";407;138,8;"SENHOR DO BONFIM";"Ultrapassagem Indevida";"Colisão frontal";"Com Vítimas Fatais";"Anoitecer";"Decrescente";"Céu Claro";"Simples";"Reta";"Não";1;1;0;0;0;0;0;1;-10,55096499;-40,13701592;"SPRF-BA";"DEL04-BA";"UOP01-DEL04-BA"
496108;2022-12-29;"quinta-feira";"18:30:00";"MA";135;64;"SANTA RITA";"Transitar na contramão";"Colisão frontal";"Com Vítimas Fatais";"Anoitecer";"Decrescente";"Nublado";"Simples";"Reta";"Não";4;1;0;0;3;0;0;2;-3,09166495;-44,32142258;"SPRF-MA";"DEL01-MA";"UOP02-DEL01-MA"
496109;2022-12-19;"segunda-feira";"07:50:00";"PA";155;344;"MARABA";"Ausência de reação do condutor";"Colisão traseira";"Sem Vítimas";"Pleno dia";"Crescente";"Sol";"Simples";"Reta";"Não";4;0;0;0;4;0;0;2;-5,36957395;-49,07796968;"SPRF-PA";"DEL03-PA";"UOP01-DEL03-PA"
496110;2022-12-29;"quinta-feira";"23:00:00";"PB";230;83;"BAYEUX";"Reação tardia ou ineficiente do condutor";"Colisão traseira";"Com Vítimas Feridas";"Plena Noite";"Decrescente";"Céu Claro";"Dupla";"Reta;Em Obras";"Sim";3;0;1;0;2;0;1;2;-7,14239773;-34,91980419;"SPRF-PB";"DEL01-PB";"UOP03-DEL01-PB"
496111;2022-12-29;"quinta-feira";"22:48:00";"MS";163;266;"DOURADOS";"Ingestão de álcool pelo condutor";"Atropelamento de Pedestre";"Com Vítimas Feridas";"Plena Noite";"Decrescente";"Céu Claro";"Dupla";"Reta";"Sim";2;0;1;1;0;0;2;2;-22,21821026;-54,72287079;"SPRF-MS";"DEL04-MS";"UOP01-DEL04-MS"
496112;2022-12-29;"quinta-feira";"23:10:00";"RJ";40;119,6;"DUQUE DE CAXIAS";"Condutor deixou de manter distância do veículo da frente";"Colisão traseira";"Com Vítimas Feridas";"Plena Noite";"Decrescente";"Nublado";"Múltipla";"Reta";"Sim";1;0;1;0;0;0;1;1;-22,76375592;-43,28683062;"SPRF-RJ";"DEL01-RJ";"UOP01-DEL01-RJ"
496113;2022-12-29;"quinta-feira";"23:29:00";"RS";287;249;"SANTA MARIA";"Conversão proibida";"Colisão transversal";"Com Vítimas Feridas";"Plena Noite";"Crescente";"Céu Claro";"Dupla";"Reta;Interseção de Vias";"Sim";2;0;1;0;0;1;1;2;-29,69400654;-53,86100019;"SPRF-RS";"DEL09-RS";"UOP01-DEL09-RS"
496115;2022-12-29;"quinta-feira";"20:40:00";"AC";364;99;"RIO BRANCO";"Reação tardia ou ineficiente do condutor";"Tombamento";"Com Vítimas Feridas";"Plena Noite";"Decrescente";"Nublado";"Dupla";"Curva";"Não";1;0;1;0;0;0;1;1;-10,06854519;-67,58357633;"SPRF-AC";"DEL01-AC";"UOP03-DEL01-AC"
496116;2022-12-29;"quinta-feira";"21:30:00";"RJ";116;191;"NOVA IGUACU";"Animais na Pista";"Atropelamento de Animal";"Com Vítimas Feridas";"Plena Noite";"Decrescente";"Nublado";"Dupla";"Reta";"Sim";2;0;1;0;1;0;1;1;-22,74421443;-43,509822;"SPRF-RJ";"DEL01-RJ";"UOP02-DEL01-RJ"
496117;2022-12-29;"quinta-feira";"22:55:00";"RS";470;286,7;"MONTENEGRO";"Acessar a via sem observar a presença dos outros veículos";"Colisão transversal";"Com Vítimas Feridas";"Plena Noite";"Crescente";"Céu Claro";"Simples";"Retorno Regulamentado;Reta";"Sim";2;0;2;0;0;0;2;2;-29,64261898;-51,46414198;"SPRF-RS";"DEL04-RS";"UOP02-DEL04-RS"
496118;2022-12-29;"quinta-feira";"23:10:00";"CE";116;11,5;"FORTALEZA";"Velocidade Incompatível";"Colisão traseira";"Com Vítimas Feridas";"Plena Noite";"Crescente";"Nublado";"Dupla";"Reta";"Sim";5;0;4;0;1;0;4;2;-3,84855786;-38,49660093;"SPRF-CE";"DEL01-CE";"UOP02-DEL01-CE"
496119;2022-12-30;"sexta-feira";"00:25:00";"PR";277;581,9;"CASCAVEL";"Condutor deixou de manter distância do veículo da frente";"Colisão traseira";"Com Vítimas Feridas";"Plena Noite";"Decrescente";"Céu Claro";"Dupla";"Reta;Declive";"Sim";3;0;1;0;1;1;1;3;-24,98125257;-53,37778678;"SPRF-PR";"DEL04-PR";"UOP01-DEL04-PR"
496120;2022-12-29;"quinta-feira";"21:00:00";"RS";116;519,5;"PELOTAS";"Transitar na contramão";"Colisão frontal";"Com Vítimas Feridas";"Plena Noite";"Decrescente";"Céu Claro";"Simples";"Reta";"Não";2;0;1;0;1;0;1;2;-31,69369368;-52,35458934;"SPRF-RS";"DEL07-RS";"UOP01-DEL07-RS"
496121;2022-12-29;"quinta-feira";"23:32:00";"RS";116;261;"CANOAS";"Ingestão de álcool pelo condutor";"Colisão lateral mesmo sentido";"Com Vítimas Feridas";"Plena Noite";"Crescente";"Nublado";"Dupla";"Curva";"Sim";4;0;1;0;3;0;1;2;-29,887983;-51,17901;"SPRF-RS";"DEL01-RS";"UOP01-DEL01-RS"
496122;2022-12-29;"quinta-feira";"23:10:00";"PR";277;101;"CURITIBA";"Reação tardia ou ineficiente do condutor";"Colisão com objeto";"Com Vítimas Feridas";"Plena Noite";"Crescente";"Nublado";"Dupla";"Reta;Declive";"Não";1;0;1;0;0;0;1;1;-25,52228492;-49,3331539;"SPRF-PR";"DEL01-PR";"UOP06-DEL01-PR"
496124;2022-12-30;"sexta-feira";"00:20:00";"ES";101;386,2;"RIO NOVO DO SUL";"Condutor Dormindo";"Colisão com objeto";"Com Vítimas Feridas";"Plena Noite";"Decrescente";"Nublado";"Simples";"Reta";"Não";1;0;0;1;0;0;1;1;-20,84290625;-40,87422184;"SPRF-ES";"DEL03-ES";"UOP01-DEL03-ES"
496125;2022-12-30;"sexta-feira";"01:13:00";"GO";20;72,7;"FORMOSA";"Ausência de sinalização";"Saída de leito carroçável";"Com Vítimas Feridas";"Plena Noite";"Crescente";"Céu Claro";"Simples";"Curva";"Não";5;0;0;1;4;0;1;1;-15,147598;-47,135081;"SPRF-DF";"DEL02-DF";"UOP02-DEL02-DF"
496126;2022-12-29;"quinta-feira";"23:30:00";"SC";101;396;"CRICIUMA";"Ingestão de álcool pelo condutor";"Saída de leito carroçável";"Sem Vítimas";"Plena Noite";"Crescente";"Céu Claro";"Múltipla";"Declive";"Não";1;0;0;0;1;0;0;1;-28,82459572;-49,40472033;"SPRF-SC";"DEL02-SC";"UOP02-DEL02-SC"
496127;2022-12-30;"sexta-feira";"00:16:00";"SC";470;66;"BLUMENAU";"Ausência de sinalização";"Saída de leito carroçável";"Com Vítimas Feridas";"Plena Noite";"Decrescente";"Nublado";"Simples";"Curva";"Sim";1;0;1;0;0;0;1;1;-26,870407;-49,221844;"SPRF-SC";"DEL04-SC";"UOP01-DEL04-SC"
496128;2022-12-30;"sexta-feira";"01:40:00";"DF";20;15;"BRASILIA";"Ausência de reação do condutor";"Capotamento";"Com Vítimas Feridas";"Plena Noite";"Decrescente";"Céu Claro";"Dupla";"Declive";"Não";1;0;1;0;0;0;1;1;-15,630189;-47,733288;"SPRF-DF";"DEL02-DF";"UOP01-DEL02-DF"
496129;2022-12-29;"quinta-feira";"22:00:00";"MG";251;332;"FRUTA DE LEITE";"Condutor Dormindo";"Colisão com objeto";"Com Vítimas Feridas";"Plena Noite";"Decrescente";"Nublado";"Simples";"Reta";"Não";4;0;2;1;1;0;3;1;-16,2606501;-42,42385827;"SPRF-MG";"DEL12-MG";"UOP01-DEL12-MG"
496130;2022-12-30;"sexta-feira";"02:10:00";"TO";153;147;"ARAGUAINA";"Reação tardia ou ineficiente do condutor";"Queda de ocupante de veículo";"Com Vítimas Feridas";"Plena Noite";"Crescente";"Céu Claro";"Dupla";"Reta";"Sim";1;0;0;1;0;0;1;1;-7,22175693;-48,24826214;"SPRF-TO";"DEL02-TO";"UOP01-DEL02-TO"
496132;2022-12-30;"sexta-feira";"02:21:00";"DF";60;3;"BRASILIA";"Ingestão de álcool pelo condutor";"Atropelamento de Pedestre";"Com Vítimas Feridas";"Plena Noite";"Decrescente";"Céu Claro";"Dupla";"Reta";"Não";2;0;0;1;0;1;1;2;-15,890521;-48,086864;"SPRF-DF";"DEL03-DF";"UOP01-DEL03-DF"
496133;2022-12-30;"sexta-feira";"00:30:00";"SP";116;475;"JACUPIRANGA";"Animais na Pista";"Atropelamento de Animal";"Com Vítimas Feridas";"Plena Noite";"Crescente";"Céu Claro";"Dupla";"Reta";"Não";3;0;1;0;2;0;1;1;-24,68648001;-47,98910399;"SPRF-SP";"DEL05-SP";"UOP01-DEL05-SP"
496134;2022-12-30;"sexta-feira";"00:53:00";"RR";174;454,5;"MUCAJAI";"Animais na Pista";"Atropelamento de Animal";"Com Vítimas Feridas";"Plena Noite";"Decrescente";"Céu Claro";"Simples";"Reta";"Não";2;0;0;2;0;0;2;1;2,466912;-60,919975;"SPRF-RR";"DEL01-RR";"UOP01-DEL01-RR"
496136;2022-12-30;"sexta-feira";"02:30:00";"SC";116;248;"LAGES";"Velocidade Incompatível";"Saída de leito carroçável";"Com Vítimas Feridas";"Plena Noite";"Decrescente";"Céu Claro";"Simples";"Reta;Aclive";"Não";2;0;0;2;0;0;2;1;-27,81994481;-50,37454423;"SPRF-SC";"DEL05-SC";"UOP02-DEL05-SC"
496138;2022-12-30;"sexta-feira";"02:20:00";"MT";70;518;"VARZEA GRANDE";"Reação tardia ou ineficiente do condutor";"Saída de leito carroçável";"Sem Vítimas";"Plena Noite";"Crescente";"Chuva";"Simples";"Reta";"Sim";1;0;0;0;1;0;0;1;-15,69510332;-56,16760254;"SPRF-MT";"DEL01-MT";"UOP02-DEL01-MT"
496139;2022-12-30;"sexta-feira";"05:10:00";"SP";116;225;"GUARULHOS";"Ausência de reação do condutor";"Colisão lateral mesmo sentido";"Com Vítimas Feridas";"Amanhecer";"Crescente";"Garoa/Chuvisco";"Múltipla";"Reta";"Sim";2;0;1;0;1;0;1;2;-23,48922594;-46,54546738;"SPRF-SP";"DEL01-SP";"UOP01-DEL01-SP"
496140;2022-12-30;"sexta-feira";"03:00:00";"MG";381;383,3;"SAO GONCALO DO RIO ABAIXO";"Velocidade Incompatível";"Saída de leito carroçável";"Com Vítimas Feridas";"Plena Noite";"Decrescente";"Nublado";"Simples";"Curva";"Não";1;0;1;0;0;0;1;1;-19,835024;-43,363049;"SPRF-MG";"DEL01-MG";"UOP01-DEL01-MG"
496141;2022-12-30;"sexta-feira";"03:40:00";"RS";472;473;"ITAQUI";"Velocidade Incompatível";"Saída de leito carroçável";"Com Vítimas Feridas";"Plena Noite";"Crescente";"Céu Claro";"Simples";"Curva";"Não";2;0;1;1;0;0;2;1;-29,16147445;-56,36001348;"SPRF-RS";"DEL12-RS";"UOP01-DEL12-RS"
496142;2022-12-29;"quinta-feira";"18:30:00";"SC";158;125,1;"CAIBI";"Reação tardia ou ineficiente do condutor";"Capotamento";"Com Vítimas Feridas";"Anoitecer";"Crescente";"Céu Claro";"Simples";"Curva";"Não";1;0;1;0;0;0;1;1;-27,003052;-53,22598;"SPRF-SC";"DEL07-SC";"UOP02-DEL07-SC"
496143;2022-12-30;"sexta-feira";"04:47:00";"ES";101;267,7;"SERRA";"Velocidade Incompatível";"Colisão traseira";"Com Vítimas Feridas";"Amanhecer";"Decrescente";"Céu Claro";"Múltipla";"Reta";"Sim";6;0;0;5;1;0;5;2;-20,19930999;-40,26884609;"SPRF-ES";"DEL02-ES";"UOP01-DEL02-ES"
496145;2022-12-30;"sexta-feira";"03:20:00";"GO";80;139;"BARRO ALTO";"Ausência de reação do condutor";"Saída de leito carroçável";"Com Vítimas Fatais";"Plena Noite";"Crescente";"Céu Claro";"Simples";"Curva";"Não";1;1;0;0;0;0;0;1;-14,89793;-48,96662;"SPRF-GO";"DEL07-GO";"UOP02-DEL07-GO"
496146;2022-12-29;"quinta-feira";"23:10:00";"RO";364;717;"PORTO VELHO";"Reação tardia ou ineficiente do condutor";"Colisão traseira";"Com Vítimas Feridas";"Plena Noite";"Crescente";"Chuva";"Dupla";"Curva";"Não";1;0;1;0;0;0;1;1;-8,792073;-63,904822;"SPRF-RO";"DEL01-RO";"UOP01-DEL01-RO"
496147;2022-12-30;"sexta-feira";"01:00:00";"PR";277;84;"CURITIBA";"Ingestão de álcool pelo condutor";"Colisão com objeto";"Com Vítimas Feridas";"Plena Noite";"Decrescente";"Nublado";"Simples";"Curva";"Não";1;0;1;0;0;0;1;1;-25,568939;-49,181978;"SPRF-PR";"DEL01-PR";"UOP06-DEL01-PR"
496148;2022-12-30;"sexta-feira";"03:20:00";"MA";226;299;"BARRA DO CORDA";"Ausência de reação do condutor";"Colisão com objeto";"Com Vítimas Feridas";"Plena Noite";"Decrescente";"Nublado";"Múltipla";"Rotatória";"Sim";1;0;0;1;0;0;1;1;-5,49791235;-45,24263176;"SPRF-MA";"DEL06-MA";"UOP01-DEL06-MA"
496149;2022-12-30;"sexta-feira";"04:40:00";"MG";381;420;"CAETE";"Acessar a via sem observar a presença dos outros veículos";"Colisão transversal";"Com Vítimas Feridas";"Amanhecer";"Decrescente";"Nublado";"Dupla";"Reta;Viaduto";"Sim";2;0;1;0;1;0;1;2;-19,77712975;-43,65501412;"SPRF-MG";"DEL01-MG";"UOP01-DEL01-MG"
496150;2022-12-30;"sexta-feira";"06:30:00";"SC";101;146,3;"ITAPEMA";"Reação tardia ou ineficiente do condutor";"Colisão com objeto";"Com Vítimas Feridas";"Pleno dia";"Decrescente";"Sol";"Múltipla";"Reta";"Sim";3;0;1;0;2;0;1;1;-27,08666525;-48,60955587;"SPRF-SC";"DEL04-SC";"UOP03-DEL04-SC"
496151;2022-12-30;"sexta-feira";"06:30:00";"PE";101;58,2;"RECIFE";"Pista Escorregadia";"Queda de ocupante de veículo";"Com Vítimas Feridas";"Pleno dia";"Crescente";"Chuva";"Dupla";"Declive";"Sim";1;0;1;0;0;0;1;1;-7,97063209;-34,92064675;"SPRF-PE";"DEL01-PE";"UOP02-DEL01-PE"
496153;2022-12-30;"sexta-feira";"06:00:00";"MG";40;823,6;"SIMAO PEREIRA";"Velocidade Incompatível";"Capotamento";"Com Vítimas Feridas";"Amanhecer";"Crescente";"Chuva";"Dupla";"Declive;Curva";"Não";2;0;1;0;1;0;1;1;-21,99414773;-43,28673363;"SPRF-MG";"DEL05-MG";"UOP01-DEL05-MG"
496154;2022-12-30;"sexta-feira";"07:00:00";"PR";376;551,5;"BALSA NOVA";"Reação tardia ou ineficiente do condutor";"Colisão com objeto";"Com Vítimas Feridas";"Amanhecer";"Decrescente";"Céu Claro";"Dupla";"Curva;Declive";"Não";4;0;4;0;0;0;4;1;-25,47128747;-49,69156188;"SPRF-PR";"DEL03-PR";"UOP03-DEL03-PR"
496155;2022-12-30;"sexta-feira";"07:50:00";"PB";230;24;"JOAO PESSOA";"Reação tardia ou ineficiente do condutor";"Tombamento";"Com Vítimas Feridas";"Pleno dia";"Decrescente";"Sol";"Dupla";"Reta";"Sim";1;0;1;0;0;0;1;1;-7,1637;-34,8618;"SPRF-PB";"DEL01-PB";"UOP01-DEL01-PB"
496156;2022-12-30;"sexta-feira";"02:00:00";"SC";101;114;"ITAJAI";"Velocidade Incompatível";"Colisão com objeto";"Sem Vítimas";"Plena Noite";"Decrescente";"Nublado";"Múltipla";"Reta";"Sim";1;0;0;0;0;1;0;1;-26,86192886;-48,7286704;"SPRF-SC";"DEL04-SC";"UOP04-DEL04-SC"
496158;2022-12-11;"domingo";"03:20:00";"SP";381;64;"MAIRIPORA";"Ausência de reação do condutor";"Colisão com objeto";"Sem Vítimas";"Plena Noite";"Crescente";"Nublado";"Dupla";"Declive;Curva";"Não";1;0;0;0;0;1;0;1;-23,3089645;-46,57924651;"SPRF-SP";"DEL03-SP";"UOP01-DEL03-SP"
496159;2022-12-30;"sexta-feira";"06:10:00";"PE";101;159;"GAMELEIRA";"Avarias e/ou desgaste excessivo no pneu";"Colisão com objeto";"Com Vítimas Feridas";"Pleno dia";"Crescente";"Nublado";"Dupla";"Curva";"Não";2;0;0;1;1;0;1;1;-8,55252537;-35,41389482;"SPRF-PE";"DEL01-PE";"UOP03-DEL01-PE"
496160;2022-12-30;"sexta-feira";"06:11:00";"MG";364;18;"FRUTAL";"Reação tardia ou ineficiente do condutor";"Colisão com objeto";"Com Vítimas Feridas";"Pleno dia";"Decrescente";"Céu Claro";"Dupla";"Rotatória;Reta;Interseção de Vias";"Não";2;0;0;2;0;0;2;1;-20,025185;-48,94096;"SPRF-MG";"DEL13-MG";"UOP02-DEL13-MG"
496162;2022-12-30;"sexta-feira";"07:30:00";"MG";40;519,1;"CONTAGEM";"Condutor deixou de manter distância do veículo da frente";"Saída de leito carroçável";"Com Vítimas Feridas";"Pleno dia";"Crescente";"Nublado";"Dupla";"Reta;Aclive";"Não";1;0;1;0;0;0;1;1;-19,83957589;-44,07684485;"SPRF-MG";"DEL01-MG";"UOP02-DEL01-MG"
496163;2022-12-03;"sábado";"00:10:00";"ES";262;143,5;"IBATIBA";"Ingestão de álcool pelo condutor";"Colisão frontal";"Com Vítimas Feridas";"Plena Noite";"Crescente";"Chuva";"Simples";"Reta";"Não";5;0;1;2;1;1;3;2;-20,23248492;-41,39486117;"SPRF-ES";"DEL01-ES";"UOP02-DEL01-ES"
496164;2022-12-30;"sexta-feira";"08:00:00";"PE";101;69;"RECIFE";"Manobra de mudança de faixa";"Colisão lateral mesmo sentido";"Com Vítimas Feridas";"Pleno dia";"Crescente";"Céu Claro";"Dupla";"Reta";"Não";3;0;0;1;0;2;1;3;-8,05951606;-34,94581024;"SPRF-PE";"DEL01-PE";"UOP01-DEL01-PE"
496165;2022-12-30;"sexta-feira";"07:18:00";"MG";381;710,5;"CARMO DA CACHOEIRA";"Ausência de reação do condutor";"Colisão com objeto";"Com Vítimas Feridas";"Pleno dia";"Decrescente";"Chuva";"Dupla";"Curva;Declive";"Não";3;0;1;0;2;0;1;1;-21,38614615;-45,1948603;"SPRF-MG";"DEL04-MG";"UOP02-DEL04-MG"
496167;2022-12-30;"sexta-feira";"07:25:00";"RO";364;238;"CACOAL";"Velocidade Incompatível";"Colisão traseira";"Com Vítimas Feridas";"Pleno dia";"Decrescente";"Céu Claro";"Simples";"Reta";"Sim";2;0;1;0;1;0;1;2;-11,4388578;-61,45471289;"SPRF-RO";"DEL02-RO";"UOP02-DEL02-RO"
496168;2022-12-30;"sexta-feira";"07:40:00";"SC";101;145;"ITAPEMA";"Ausência de reação do condutor";"Queda de ocupante de veículo";"Com Vítimas Feridas";"Pleno dia";"Decrescente";"Céu Claro";"Dupla";"Reta";"Sim";1;0;1;0;0;0;1;1;-27,08139206;-48,60130993;"SPRF-SC";"DEL04-SC";"UOP03-DEL04-SC"
496169;2022-10-19;"quarta-feira";"13:15:00";"CE";222;5,4;"CAUCAIA";"Área urbana sem a presença de local apropriado para a travessia de pedestres";"Colisão transversal";"Com Vítimas Fatais";"Pleno dia";"Decrescente";"Céu Claro";"Dupla";"Reta";"Sim";2;1;1;0;0;0;1;2;-3,74296918;-38,61330997;"SPRF-CE";"DEL01-CE";"UOP01-DEL01-CE"
496170;2022-12-30;"sexta-feira";"08:10:00";"PR";376;339;"ORTIGUEIRA";"Ausência de reação do condutor";"Colisão lateral sentido oposto";"Sem Vítimas";"Pleno dia";"Decrescente";"Céu Claro";"Simples";"Curva";"Não";2;0;0;0;2;0;0;2;-24,16423688;-50,96922472;"SPRF-PR";"DEL07-PR";"UOP02-DEL07-PR"
496171;2022-12-30;"sexta-feira";"07:20:00";"RJ";40;75;"PETROPOLIS";"Chuva";"Colisão com objeto";"Com Vítimas Feridas";"Pleno dia";"Crescente";"Garoa/Chuvisco";"Simples";"Curva";"Não";2;0;1;0;1;0;1;1;-22,46857126;-43,22958698;"SPRF-RJ";"DEL06-RJ";"UOP01-DEL06-RJ"
496173;2022-12-30;"sexta-feira";"07:50:00";"RJ";116;320;"ITATIAIA";"Acumulo de água sobre o pavimento";"Colisão com objeto";"Com Vítimas Feridas";"Pleno dia";"Decrescente";"Chuva";"Dupla";"Reta";"Não";6;0;1;1;4;0;2;3;-22,47656315;-44,52710689;"SPRF-RJ";"DEL07-RJ";"UOP02-DEL07-RJ"
496174;2022-12-30;"sexta-feira";"05:30:00";"RJ";40;60;"PETROPOLIS";"Velocidade Incompatível";"Colisão lateral mesmo sentido";"Com Vítimas Feridas";"Amanhecer";"Crescente";"Chuva";"Dupla";"Curva";"Não";2;0;1;0;1;0;1;2;-22,39339228;-43,13385844;"SPRF-RJ";"DEL05-RJ";"UOP02-DEL05-RJ"
496175;2022-12-30;"sexta-feira";"09:40:00";"RN";406;168;"SAO GONCALO DO AMARANTE";"Ausência de reação do condutor";"Colisão traseira";"Sem Vítimas";"Pleno dia";"Crescente";"Sol";"Dupla";"Reta;Declive";"Não";2;0;0;0;2;0;0;2;-5,75269453;-35,31535484;"SPRF-RN";"DEL02-RN";"UOP01-DEL02-RN"
496176;2022-12-30;"sexta-feira";"08:50:00";"SC";101;406;"ARARANGUA";"Manobra de mudança de faixa";"Colisão lateral mesmo sentido";"Com Vítimas Feridas";"Pleno dia";"Decrescente";"Céu Claro";"Dupla";"Reta";"Não";2;0;1;0;1;0;1;2;-28,89284011;-49,46880088;"SPRF-SC";"DEL02-SC";"UOP02-DEL02-SC"
496177;2022-12-30;"sexta-feira";"09:30:00";"SC";101;115;"ITAJAI";"Condutor deixou de manter distância do veículo da frente";"Engavetamento";"Com Vítimas Feridas";"Pleno dia";"Decrescente";"Céu Claro";"Múltipla";"Reta";"Não";5;0;2;1;2;0;3;4;-26,87064015;-48,72954134;"SPRF-SC";"DEL04-SC";"UOP04-DEL04-SC"
496179;2022-12-30;"sexta-feira";"04:15:00";"MG";381;439,6;"SABARA";"Reação tardia ou ineficiente do condutor";"Tombamento";"Com Vítimas Feridas";"Plena Noite";"Decrescente";"Nublado";"Simples";"Curva";"Não";1;0;1;0;0;0;1;1;-19,80016039;-43,75944614;"SPRF-MG";"DEL01-MG";"UOP01-DEL01-MG"
496180;2022-12-30;"sexta-feira";"09:45:00";"SP";116;216;"GUARULHOS";"Demais falhas na via";"Colisão com objeto";"Com Vítimas Feridas";"Pleno dia";"Crescente";"Nublado";"Dupla";"Reta";"Sim";1;0;1;0;0;0;1;1;-23,45056589;-46,46258105;"SPRF-SP";"DEL01-SP";"UOP01-DEL01-SP"
496181;2022-12-30;"sexta-feira";"08:50:00";"PA";308;151;"CAPANEMA";"Frear bruscamente";"Colisão traseira";"Com Vítimas Feridas";"Pleno dia";"Decrescente";"Céu Claro";"Simples";"Reta";"Sim";3;0;1;1;0;1;2;2;-1,21064;-47,182743;"SPRF-PA";"DEL01-PA";"UOP03-DEL01-PA"
496182;2022-12-30;"sexta-feira";"09:00:00";"SC";280;33,7;"ARAQUARI";"Reação tardia ou ineficiente do condutor";"Colisão lateral mesmo sentido";"Com Vítimas Feridas";"Pleno dia";"Decrescente";"Sol";"Simples";"Reta";"Sim";2;0;1;0;1;0;1;2;-26,42849955;-48,79294395;"SPRF-SC";"DEL03-SC";"UOP03-DEL03-SC"
496184;2022-12-30;"sexta-feira";"09:35:00";"CE";222;2;"FORTALEZA";"Desrespeitar a preferência no cruzamento";"Colisão transversal";"Com Vítimas Feridas";"Pleno dia";"Decrescente";"Céu Claro";"Múltipla";"Reta";"Sim";3;0;1;0;2;0;1;2;-3,73979572;-38,59158039;"SPRF-CE";"DEL01-CE";"UOP01-DEL01-CE"
496185;2022-12-30;"sexta-feira";"10:00:00";"SC";280;28,6;"ARAQUARI";"Desrespeitar a preferência no cruzamento";"Colisão transversal";"Com Vítimas Feridas";"Pleno dia";"Decrescente";"Céu Claro";"Simples";"Reta";"Sim";2;0;1;0;1;0;1;2;-26,40450077;-48,74561031;"SPRF-SC";"DEL03-SC";"UOP03-DEL03-SC"
496187;2022-12-30;"sexta-feira";"10:20:00";"PE";232;16,8;"JABOATAO DOS GUARARAPES";"Objeto estático sobre o leito carroçável";"Colisão traseira";"Com Vítimas Feridas";"Pleno dia";"Crescente";"Céu Claro";"Dupla";"Reta;Retorno Regulamentado";"Não";3;0;1;0;2;0;1;3;-8,09414193;-35,03716601;"SPRF-PE";"DEL01-PE";"UOP01-DEL01-PE"