"id";"data_inversa";"dia_semana";"horario";"uf";"br";"km";"municipio";"causa_acidente";"tipo_acidente";"classificacao_acidente";"fase_dia";"sentido_via";"condicao_metereologica";"tipo_pista";"tracado_via";"uso_solo";"pessoas";"mortos";"feridos_leves";"feridos_graves";"ilesos";"ignorados";"feridos";"veiculos";"latitude";"longitude";"regional";"delegacia";"uop"
496188;2022-12-30;"sexta-feira";"09:30:00";"BA";101;935;"MUCURI";"Ingestão de álcool pelo condutor";"Colisão frontal";"Com Vítimas Feridas";"Pleno dia";"Crescente";"Céu Claro";"Simples";"Reta";"Sim";2;0;0;1;1;0;1;2;-18,16840196;-39,91873914;"SPRF-BA";"DEL09-BA";"UOP02-DEL09-BA"
496190;2022-11-27;"domingo";"17:30:00";"PE";232;319;"CUSTODIA";"Acessar a via sem observar a presença dos outros veículos";"Colisão lateral mesmo sentido";"Com Vítimas Fatais";"Anoitecer";"Decrescente";"Ignorado";"Simples";"Reta";"Não";2;1;0;0;1;0;0;2;-8,1236144;-37,53328221;"SPRF-PE";"DEL04-PE";"UOP02-DEL04-PE"
496191;2022-12-30;"sexta-feira";"08:20:00";"RS";392;45,3;"RIO GRANDE";"Demais falhas mecânicas ou elétricas";"Saída de leito carroçável";"Com Vítimas Feridas";"Pleno dia";"Crescente";"Céu Claro";"Dupla";"Reta";"Não";5;0;2;0;3;0;2;1;-31,91917407;-52,3144974;"SPRF-RS";"DEL07-RS";"UOP02-DEL07-RS"
496193;2022-12-30;"sexta-feira";"11:00:00";"SC";101;231,5;"PALHOCA";"Velocidade Incompatível";"Colisão traseira";"Com Vítimas Feridas";"Pleno dia";"Crescente";"Céu Claro";"Simples";"Declive";"Não";4;0;1;0;3;0;1;2;-27,78669984;-48,6356424;"SPRF-SC";"DEL01-SC";"UOP02-DEL01-SC"
496194;2022-12-30;"sexta-feira";"11:15:00";"RS";386;35;"FREDERICO WESTPHALEN";"Desrespeitar a preferência no cruzamento";"Colisão transversal";"Com Vítimas Feridas";"Pleno dia";"Crescente";"Céu Claro";"Simples";"Reta;Interseção de Vias";"Sim";3;0;1;0;2;0;1;2;-27,3651129;-53,39489631;"SPRF-RS";"DEL08-RS";"UOP02-DEL08-RS"
496195;2022-12-30;"sexta-feira";"10:55:00";"MG";365;20,4;"MONTES CLAROS";"Afundamento ou ondulação no pavimento";"Saída de leito carroçável";"Com Vítimas Feridas";"Pleno dia";"Decrescente";"Céu Claro";"Simples";"Reta";"Não";2;0;2;0;0;0;2;1;-16,86881617;-44,01763824;"SPRF-MG";"DEL12-MG";"UOP01-DEL12-MG"
496196;2022-12-30;"sexta-feira";"11:00:00";"PE";424;78,6;"GARANHUNS";"Demais falhas mecânicas ou elétricas";"Colisão com objeto";"Com Vítimas Feridas";"Pleno dia";"Crescente";"Céu Claro";"Simples";"Reta";"Não";2;0;1;1;0;0;2;1;-8,82024129;-36,5615102;"SPRF-PE";"DEL03-PE";"UOP01-DEL03-PE"
496200;2022-12-30;"sexta-feira";"11:50:00";"TO";226;1;"PALMEIRAS DO TOCANTINS";"Afundamento ou ondulação no pavimento";"Tombamento";"Com Vítimas Feridas";"Pleno dia";"Crescente";"Céu Claro";"Simples";"Curva";"Não";2;0;1;1;0;0;2;1;-6,561846;-47,467415;"SPRF-TO";"DEL02-TO";"UOP03-DEL02-TO"
496201;2022-12-30;"sexta-feira";"10:00:00";"RJ";40;43;"AREAL";"Velocidade Incompatível";"Saída de leito carroçável";"Com Vítimas Feridas";"Pleno dia";"Crescente";"Chuva";"Dupla";"Curva";"Não";1;0;1;0;0;0;1;1;-22,26924061;-43,11043739;"SPRF-RJ";"DEL05-RJ";"UOP02-DEL05-RJ"
496203;2022-12-18;"domingo";"05:30:00";"PR";369;172;"ROLANDIA";"Ausência de reação do condutor";"Colisão traseira";"Com Vítimas Feridas";"Plena Noite";"Crescente";"Céu Claro";"Simples";"Reta";"Sim";2;0;0;1;0;1;1;2;-23,31387101;-51,37398005;"SPRF-PR";"DEL07-PR";"UOP01-DEL07-PR"
496204;2022-12-30;"sexta-feira";"11:05:00";"PB";230;1;"CABEDELO";"Ausência de reação do condutor";"Colisão traseira";"Sem Vítimas";"Pleno dia";"Decrescente";"Céu Claro";"Simples";"Reta";"Sim";2;0;0;0;2;0;0;2;-6,9753;-34,8318;"SPRF-PB";"DEL01-PB";"UOP01-DEL01-PB"
496206;2022-12-30;"sexta-feira";"08:30:00";"RS";470;240;"BARAO";"Ausência de reação do condutor";"Saída de leito carroçável";"Sem Vítimas";"Pleno dia";"Crescente";"Céu Claro";"Simples";"Curva";"Não";1;0;0;0;0;1;0;1;-29,33853872;-51,5054282;"SPRF-RS";"DEL06-RS";"UOP01-DEL06-RS"
496207;2022-12-30;"sexta-feira";"08:50:00";"GO";153;580;"PROFESSOR JAMIL";"Demais falhas mecânicas ou elétricas";"Saída de leito carroçável";"Sem Vítimas";"Pleno dia";"Crescente";"Chuva";"Dupla";"Curva;Retorno Regulamentado";"Não";1;0;0;0;1;0;0;1;-17,3851;-49,2343;"SPRF-GO";"DEL03-GO";"UOP01-DEL03-GO"
496208;2022-12-30;"sexta-feira";"08:40:00";"SC";470;98,4;"APIUNA";"Trafegar com motocicleta (ou similar) entre as faixas";"Colisão transversal";"Com Vítimas Feridas";"Pleno dia";"Decrescente";"Sol";"Simples";"Interseção de Vias";"Sim";2;0;1;0;1;0;1;2;-27,032537;-49,385468;"SPRF-SC";"DEL04-SC";"UOP02-DEL04-SC"
496211;2022-12-30;"sexta-feira";"12:50:00";"RS";386;35;"FREDERICO WESTPHALEN";"Desrespeitar a preferência no cruzamento";"Colisão transversal";"Com Vítimas Feridas";"Pleno dia";"Crescente";"Sol";"Simples";"Interseção de Vias;Reta";"Sim";2;0;1;0;1;0;1;2;-27,365112;-53,394897;"SPRF-RS";"DEL08-RS";"UOP02-DEL08-RS"
496213;2022-12-30;"sexta-feira";"12:00:00";"MS";60;127;"PARAISO DAS AGUAS";"Velocidade Incompatível";"Capotamento";"Com Vítimas Feridas";"Pleno dia";"Crescente";"Céu Claro";"Simples";"Reta";"Não";2;0;1;1;0;0;2;1;-19,33727269;-53,46058004;"SPRF-MS";"DEL06-MS";"UOP02-DEL06-MS"
496214;2022-12-30;"sexta-feira";"12:36:00";"PE";101;65;"RECIFE";"Reação tardia ou ineficiente do condutor";"Colisão com objeto";"Com Vítimas Feridas";"Pleno dia";"Crescente";"Céu Claro";"Dupla";"Reta";"Sim";2;0;1;0;1;0;1;1;-8,027243;-34,943063;"SPRF-PE";"DEL01-PE";"UOP01-DEL01-PE"
496215;2022-12-30;"sexta-feira";"11:00:00";"MG";50;197;"DELTA";"Acumulo de óleo sobre o pavimento";"Tombamento";"Com Vítimas Feridas";"Pleno dia";"Crescente";"Chuva";"Dupla";"Reta";"Não";2;0;2;0;0;0;2;1;-19,91076436;-47,83254654;"SPRF-MG";"DEL13-MG";"UOP01-DEL13-MG"
496216;2022-12-30;"sexta-feira";"12:40:00";"PR";376;181;"MARINGA";"Acessar a via sem observar a presença dos outros veículos";"Colisão lateral mesmo sentido";"Com Vítimas Feridas";"Pleno dia";"Decrescente";"Céu Claro";"Múltipla";"Rotatória";"Sim";2;0;1;0;1;0;1;2;-23,43197477;-51,88671852;"SPRF-PR";"DEL09-PR";"UOP01-DEL09-PR"
496217;2022-12-30;"sexta-feira";"10:00:00";"RJ";101;429;"MANGARATIBA";"Demais falhas mecânicas ou elétricas";"Colisão lateral sentido oposto";"Sem Vítimas";"Pleno dia";"Crescente";"Chuva";"Simples";"Curva";"Não";2;0;0;0;2;0;0;2;-22,935335;-44,0004;"SPRF-RJ";"DEL03-RJ";"UOP02-DEL03-RJ"
496220;2022-12-30;"sexta-feira";"07:00:00";"SC";470;177,4;"POUSO REDONDO";"Condutor deixou de manter distância do veículo da frente";"Colisão traseira";"Com Vítimas Feridas";"Pleno dia";"Decrescente";"Sol";"Simples";"Reta";"Não";2;0;1;0;1;0;1;2;-27,251858;-49,958;"SPRF-SC";"DEL04-SC";"UOP02-DEL04-SC"
496221;2022-12-11;"domingo";"17:00:00";"RJ";40;33;"AREAL";"Reação tardia ou ineficiente do condutor";"Saída de leito carroçável";"Com Vítimas Feridas";"Pleno dia";"Decrescente";"Chuva";"Simples";"Declive;Curva";"Não";3;0;2;0;1;0;2;1;-22,20148139;-43,15009735;"SPRF-RJ";"DEL05-RJ";"UOP02-DEL05-RJ"
496222;2022-12-22;"quinta-feira";"07:00:00";"AM";319;17;"CAREIRO DA VARZEA";"Condutor Dormindo";"Saída de leito carroçável";"Com Vítimas Feridas";"Pleno dia";"Decrescente";"Nublado";"Simples";"Reta";"Não";2;0;2;0;0;0;2;1;-3,22496394;-59,86618579;"SPRF-AM";"DEL01-AM";"UOP04-DEL01-AM"
496224;2022-12-30;"sexta-feira";"10:30:00";"PE";101;162;"AGUA PRETA";"Condutor Dormindo";"Capotamento";"Com Vítimas Feridas";"Pleno dia";"Decrescente";"Céu Claro";"Dupla";"Reta";"Não";3;0;1;0;2;0;1;1;-8,55169716;-35,43739509;"SPRF-PE";"DEL01-PE";"UOP03-DEL01-PE"
496226;2022-12-30;"sexta-feira";"14:35:00";"RS";290;31,2;"SANTO ANTONIO DA PATRULHA";"Demais falhas mecânicas ou elétricas";"Incêndio";"Sem Vítimas";"Pleno dia";"Decrescente";"Céu Claro";"Dupla";"Reta";"Não";1;0;0;0;1;0;0;1;-29,88448;-50,568464;"SPRF-RS";"DEL03-RS";"UOP01-DEL03-RS"
496227;2022-12-30;"sexta-feira";"11:45:00";"SC";282;346;"CAMPOS NOVOS";"Ultrapassagem Indevida";"Colisão lateral mesmo sentido";"Com Vítimas Feridas";"Pleno dia";"Crescente";"Céu Claro";"Simples";"Reta;Declive";"Não";5;0;2;0;3;0;2;2;-27,368792;-51,254639;"SPRF-SC";"DEL07-SC";"UOP06-DEL07-SC"
496228;2022-12-19;"segunda-feira";"09:00:00";"RJ";116;173;"SAO JOAO DE MERITI";"Reação tardia ou ineficiente do condutor";"Colisão traseira";"Com Vítimas Feridas";"Pleno dia";"Decrescente";"Céu Claro";"Dupla";"Reta";"Sim";4;0;1;0;3;0;1;2;-22,79810324;-43,35726614;"SPRF-RJ";"DEL01-RJ";"UOP02-DEL01-RJ"
496230;2022-12-26;"segunda-feira";"13:10:00";"MG";381;907,3;"CAMBUI";"Chuva";"Colisão com objeto";"Com Vítimas Feridas";"Pleno dia";"Decrescente";"Chuva";"Dupla";"Curva;Declive";"Não";3;0;2;0;1;0;2;1;-22,67478208;-46,09726321;"SPRF-MG";"DEL16-MG";"UOP03-DEL16-MG"
496231;2022-11-24;"quinta-feira";"18:45:00";"PR";277;7;"PARANAGUA";"Pista Escorregadia";"Colisão transversal";"Sem Vítimas";"Anoitecer";"Crescente";"Garoa/Chuvisco";"Simples";"Interseção de Vias";"Sim";2;0;0;0;1;1;0;2;-25,51270672;-48,52087975;"SPRF-PR";"DEL01-PR";"UOP05-DEL01-PR"
496233;2022-03-24;"quinta-feira";"12:30:00";"SC";101;115;"ITAJAI";"Ausência de reação do condutor";"Colisão traseira";"Com Vítimas Feridas";"Pleno dia";"Crescente";"Nublado";"Dupla";"Curva";"Não";5;0;3;0;1;1;3;2;-26,87064015;-48,72954134;"SPRF-SC";"DEL04-SC";"UOP04-DEL04-SC"
496234;2022-12-28;"quarta-feira";"20:00:00";"BA";324;621,9;"SALVADOR";"Manobra de mudança de faixa";"Colisão traseira";"Com Vítimas Feridas";"Plena Noite";"Decrescente";"Céu Claro";"Dupla";"Reta";"Sim";2;0;1;0;1;0;1;2;-12,92678502;-38,46813809;"SPRF-BA";"DEL01-BA";"UOP01-DEL01-BA"
496235;2022-12-30;"sexta-feira";"12:30:00";"AC";364;136;"RIO BRANCO";"Condutor deixou de manter distância do veículo da frente";"Colisão traseira";"Com Vítimas Feridas";"Pleno dia";"Decrescente";"Garoa/Chuvisco";"Dupla";"Rotatória";"Sim";2;0;1;0;1;0;1;2;-9,977578;-67,8489;"SPRF-AC";"DEL01-AC";"UOP01-DEL01-AC"
496238;2022-12-30;"sexta-feira";"13:30:00";"TO";242;422;"CARIRI DO TOCANTINS";"Reação tardia ou ineficiente do condutor";"Saída de leito carroçável";"Com Vítimas Feridas";"Pleno dia";"Crescente";"Nublado";"Simples";"Reta";"Não";1;0;0;1;0;0;1;1;-11,93028018;-49,29724405;"SPRF-TO";"DEL01-TO";"UOP02-DEL01-TO"
496239;2022-12-30;"sexta-feira";"14:20:00";"PE";423;96,5;"GARANHUNS";"Ausência de reação do condutor";"Colisão traseira";"Com Vítimas Feridas";"Pleno dia";"Decrescente";"Céu Claro";"Simples";"Declive";"Sim";5;0;3;1;0;1;4;4;-8,881401;-36,491058;"SPRF-PE";"DEL03-PE";"UOP01-DEL03-PE"
496240;2022-12-30;"sexta-feira";"15:50:00";"GO";153;436;"ANAPOLIS";"Ingestão de álcool pelo condutor";"Colisão traseira";"Com Vítimas Feridas";"Pleno dia";"Decrescente";"Garoa/Chuvisco";"Dupla";"Em Obras;Reta";"Sim";4;0;1;0;3;0;1;3;-16,283987;-48,951763;"SPRF-GO";"DEL02-GO";"UOP01-DEL02-GO"
496241;2022-12-30;"sexta-feira";"11:45:00";"RJ";40;92;"PETROPOLIS";"Pista Escorregadia";"Saída de leito carroçável";"Com Vítimas Feridas";"Pleno dia";"Crescente";"Chuva";"Dupla";"Curva;Declive";"Não";2;0;1;0;1;0;1;1;-22,55191954;-43,25068815;"SPRF-RJ";"DEL06-RJ";"UOP01-DEL06-RJ"
496242;2022-12-30;"sexta-feira";"16:05:00";"RN";304;31;"MOSSORO";"Acessar a via sem observar a presença dos outros veículos";"Colisão transversal";"Com Vítimas Feridas";"Pleno dia";"Crescente";"Céu Claro";"Simples";"Reta";"Não";2;0;0;1;1;0;1;2;-5,12587296;-37,34293919;"SPRF-RN";"DEL04-RN";"UOP02-DEL04-RN"
496243;2022-12-30;"sexta-feira";"15:40:00";"AL";104;40,9;"UNIAO DOS PALMARES";"Condutor deixou de manter distância do veículo da frente";"Colisão lateral mesmo sentido";"Com Vítimas Feridas";"Pleno dia";"Crescente";"Céu Claro";"Simples";"Reta";"Não";3;0;2;0;1;0;2;2;-9,19644007;-36,03112528;"SPRF-AL";"DEL01-AL";"UOP02-DEL01-AL"
496247;2022-12-30;"sexta-feira";"14:19:00";"PE";423;96,9;"GARANHUNS";"Pedestre cruzava a pista fora da faixa";"Atropelamento de Pedestre";"Com Vítimas Feridas";"Pleno dia";"Decrescente";"Céu Claro";"Simples";"Reta";"Sim";5;0;2;0;0;3;2;2;-8,88021822;-36,48651678;"SPRF-PE";"DEL03-PE";"UOP01-DEL03-PE"
496249;2022-12-30;"sexta-feira";"16:30:00";"RS";290;92;"PORTO ALEGRE";"Reação tardia ou ineficiente do condutor";"Colisão com objeto";"Com Vítimas Feridas";"Pleno dia";"Crescente";"Céu Claro";"Simples";"Curva";"Não";1;0;1;0;0;0;1;1;-29,971916;-51,176838;"SPRF-RS";"DEL01-RS";"UOP01-DEL01-RS"
496250;2022-12-30;"sexta-feira";"14:00:00";"MA";135;49;"BACABEIRA";"Reação tardia ou ineficiente do condutor";"Colisão traseira";"Com Vítimas Feridas";"Pleno dia";"Crescente";"Nublado";"Dupla";"Curva";"Sim";3;0;1;0;2;0;1;2;-2,95543489;-44,32401174;"SPRF-MA";"DEL01-MA";"UOP01-DEL01-MA"
496255;2022-12-30;"sexta-feira";"16:40:00";"GO";452;1;"RIO VERDE";"Ingestão de álcool pelo condutor";"Colisão com objeto";"Sem Vítimas";"Pleno dia";"Decrescente";"Garoa/Chuvisco";"Dupla";"Reta";"Sim";1;0;0;0;1;0;0;1;-17,79126493;-50,89368296;"SPRF-GO";"DEL04-GO";"UOP01-DEL04-GO"
496256;2022-12-30;"sexta-feira";"16:40:00";"PB";101;85,9;"BAYEUX";"Condutor deixou de manter distância do veículo da frente";"Colisão traseira";"Com Vítimas Feridas";"Pleno dia";"Decrescente";"Sol";"Dupla";"Reta";"Sim";3;0;1;0;1;1;1;2;-7,15044634;-34,91081234;"SPRF-PB";"DEL01-PB";"UOP01-DEL01-PB"
496257;2022-12-30;"sexta-feira";"15:15:00";"MT";70;628;"POCONE";"Velocidade Incompatível";"Saída de leito carroçável";"Com Vítimas Fatais";"Pleno dia";"Decrescente";"Chuva";"Simples";"Reta";"Não";5;1;1;2;0;1;3;2;-15,936241;-56,93323;"SPRF-MT";"DEL03-MT";"UOP02-DEL03-MT"
496259;2022-12-30;"sexta-feira";"12:30:00";"RO";364;476;"ARIQUEMES";"Ingestão de álcool pelo condutor";"Saída de leito carroçável";"Sem Vítimas";"Pleno dia";"Decrescente";"Nublado";"Simples";"Reta";"Não";1;0;0;0;1;0;0;1;-10,16004307;-62,83555811;"SPRF-RO";"DEL03-RO";"UOP01-DEL03-RO"
496260;2022-12-30;"sexta-feira";"14:45:00";"ES";101;273;"SERRA";"Ausência de reação do condutor";"Saída de leito carroçável";"Com Vítimas Feridas";"Pleno dia";"Decrescente";"Céu Claro";"Múltipla";"Declive;Reta";"Não";1;0;1;0;0;0;1;1;-20,22029207;-40,29048811;"SPRF-ES";"DEL02-ES";"UOP01-DEL02-ES"
496261;2022-12-30;"sexta-feira";"16:30:00";"PI";343;340,5;"TERESINA";"Manobra de mudança de faixa";"Colisão lateral mesmo sentido";"Com Vítimas Feridas";"Pleno dia";"Decrescente";"Céu Claro";"Dupla";"Reta";"Sim";3;0;1;1;1;0;2;2;-5,074137;-42,73629;"SPRF-PI";"DEL01-PI";"UOP01-DEL01-PI"
496262;2022-12-30;"sexta-feira";"16:08:00";"RJ";101;194;"CASIMIRO DE ABREU";"Velocidade Incompatível";"Saída de leito carroçável";"Com Vítimas Feridas";"Pleno dia";"Decrescente";"Chuva";"Simples";"Curva";"Não";6;0;1;0;5;0;1;1;-22,48344609;-42,09700374;"SPRF-RJ";"DEL08-RJ";"UOP04-DEL08-RJ"
496263;2022-12-30;"sexta-feira";"18:00:00";"PA";163;982;"SANTAREM";"Acessar a via sem observar a presença dos outros veículos";"Colisão transversal";"Com Vítimas Feridas";"Anoitecer";"Decrescente";"Nublado";"Simples";"Declive;Reta";"Sim";2;0;2;0;0;0;2;2;-2,6226074;-54,73532058;"SPRF-PA";"DEL05-PA";"UOP01-DEL05-PA"
496264;2022-12-30;"sexta-feira";"18:40:00";"SP";101;40;"UBATUBA";"Ausência de reação do condutor";"Engavetamento";"Com Vítimas Feridas";"Anoitecer";"Crescente";"Nublado";"Simples";"Reta";"Não";7;0;2;0;5;0;2;3;-23,41495528;-45,03516778;"SPRF-SP";"DEL06-SP";"UOP01-DEL06-SP"
496265;2022-12-30;"sexta-feira";"17:00:00";"RS";290;360,7;"VILA NOVA DO SUL";"Ausência de reação do condutor";"Tombamento";"Com Vítimas Feridas";"Pleno dia";"Crescente";"Céu Claro";"Simples";"Reta;Declive";"Não";1;0;0;1;0;0;1;1;-30,377771;-53,786506;"SPRF-RS";"DEL09-RS";"UOP02-DEL09-RS"
496266;2022-12-30;"sexta-feira";"19:00:00";"MG";381;343;"BELA VISTA DE MINAS";"Velocidade Incompatível";"Saída de leito carroçável";"Com Vítimas Feridas";"Plena Noite";"Decrescente";"Garoa/Chuvisco";"Simples";"Curva;Declive";"Não";3;0;1;1;0;1;2;2;-19,85663904;-43,10916603;"SPRF-MG";"DEL03-MG";"UOP01-DEL03-MG"
496267;2022-12-30;"sexta-feira";"18:30:00";"RS";287;396;"SANTIAGO";"Acostamento em desnível";"Queda de ocupante de veículo";"Com Vítimas Feridas";"Pleno dia";"Crescente";"Céu Claro";"Simples";"Declive;Reta";"Não";1;0;1;0;0;0;1;1;-29,18599297;-54,84921445;"SPRF-RS";"DEL12-RS";"UOP02-DEL12-RS"
496268;2022-12-30;"sexta-feira";"18:20:00";"PR";376;491,1;"PONTA GROSSA";"Condutor deixou de manter distância do veículo da frente";"Colisão traseira";"Com Vítimas Feridas";"Anoitecer";"Decrescente";"Céu Claro";"Dupla";"Aclive;Reta";"Sim";6;0;2;0;4;0;2;2;-25,10745984;-50,19174814;"SPRF-PR";"DEL03-PR";"UOP04-DEL03-PR"
496269;2022-12-29;"quinta-feira";"21:30:00";"AC";364;583;"TARAUACA";"Acumulo de água sobre o pavimento";"Saída de leito carroçável";"Com Vítimas Feridas";"Plena Noite";"Decrescente";"Ignorado";"Simples";"Reta";"Não";4;0;4;0;0;0;4;1;-8,07631009;-71,15962201;"SPRF-AC";"DEL01-AC";"UOP01-DEL01-AC"
496270;2022-12-30;"sexta-feira";"15:45:00";"PI";343;118,4;"PIRACURUCA";"Pista em desnível";"Colisão com objeto";"Com Vítimas Feridas";"Pleno dia";"Decrescente";"Céu Claro";"Simples";"Reta;Ponte";"Não";2;0;2;0;0;0;2;1;-3,726262;-41,681381;"SPRF-PI";"DEL02-PI";"UOP01-DEL02-PI"
496271;2022-12-30;"sexta-feira";"19:00:00";"BA";116;349;"SERRINHA";"Ingestão de álcool ou de substâncias psicoativas pelo pedestre";"Atropelamento de Pedestre";"Com Vítimas Feridas";"Plena Noite";"Decrescente";"Céu Claro";"Simples";"Reta";"Sim";2;0;1;1;0;0;2;2;-11,58232003;-38,98685924;"SPRF-BA";"DEL02-BA";"UOP01-DEL02-BA"
496273;2022-12-30;"sexta-feira";"18:35:00";"RS";101;2,5;"TORRES";"Acessar a via sem observar a presença dos outros veículos";"Colisão transversal";"Com Vítimas Feridas";"Pleno dia";"Decrescente";"Sol";"Múltipla";"Interseção de Vias";"Sim";2;0;0;1;1;0;1;2;-29,316784;-49,774467;"SPRF-RS";"DEL03-RS";"UOP02-DEL03-RS"
496274;2022-12-30;"sexta-feira";"08:30:00";"PE";232;130;"CARUARU";"Reação tardia ou ineficiente do condutor";"Colisão traseira";"Com Vítimas Feridas";"Pleno dia";"Decrescente";"Sol";"Dupla";"Declive";"Sim";2;0;1;0;1;0;1;2;-8,26409256;-36,0344696;"SPRF-PE";"DEL02-PE";"UOP01-DEL02-PE"
496276;2022-12-30;"sexta-feira";"16:20:00";"MG";116;377,8;"MATHIAS LOBATO";"Ausência de reação do condutor";"Colisão com objeto";"Com Vítimas Feridas";"Pleno dia";"Decrescente";"Céu Claro";"Simples";"Reta";"Não";1;0;1;0;0;0;1;1;-18,6073651;-41,92702761;"SPRF-MG";"DEL06-MG";"UOP01-DEL06-MG"
496279;2022-12-30;"sexta-feira";"19:39:00";"ES";101;357,9;"ANCHIETA";"Ultrapassagem Indevida";"Tombamento";"Com Vítimas Feridas";"Plena Noite";"Crescente";"Céu Claro";"Simples";"Reta";"Não";1;0;1;0;0;0;1;1;-20,68939658;-40,69515524;"SPRF-ES";"DEL03-ES";"UOP01-DEL03-ES"
496282;2022-12-30;"sexta-feira";"19:15:00";"MA";222;680;"ACAILANDIA";"Acessar a via sem observar a presença dos outros veículos";"Colisão traseira";"Sem Vítimas";"Plena Noite";"Crescente";"Céu Claro";"Simples";"Reta";"Sim";2;0;0;0;2;0;0;2;-4,95480567;-47,50095021;"SPRF-MA";"DEL04-MA";"UOP03-DEL04-MA"
496285;2022-12-30;"sexta-feira";"20:00:00";"SP";116;230;"GUARULHOS";"Reação tardia ou ineficiente do condutor";"Colisão com objeto";"Com Vítimas Feridas";"Plena Noite";"Decrescente";"Nublado";"Dupla";"Curva";"Não";1;0;1;0;0;0;1;1;-23,5290581;-46,59398303;"SPRF-SP";"DEL01-SP";"UOP01-DEL01-SP"
496286;2022-12-30;"sexta-feira";"19:30:00";"ES";259;100;"BAIXO GUANDU";"Ingestão de álcool pelo condutor";"Colisão traseira";"Sem Vítimas";"Plena Noite";"Crescente";"Céu Claro";"Simples";"Reta";"Sim";2;0;0;0;2;0;0;2;-19,51441295;-40,99560702;"SPRF-ES";"DEL02-ES";"UOP01-DEL02-ES"
496287;2022-12-30;"sexta-feira";"21:00:00";"SC";470;6;"NAVEGANTES";"Ausência de reação do condutor";"Tombamento";"Com Vítimas Feridas";"Plena Noite";"Crescente";"Nublado";"Simples";"Reta";"Não";1;0;1;0;0;0;1;1;-26,852238;-48,709545;"SPRF-SC";"DEL04-SC";"UOP04-DEL04-SC"
496288;2022-12-30;"sexta-feira";"20:15:00";"RS";153;41,6;"ERECHIM";"Avarias e/ou desgaste excessivo no pneu";"Tombamento";"Com Vítimas Feridas";"Plena Noite";"Crescente";"Céu Claro";"Simples";"Reta";"Não";2;0;1;1;0;0;2;1;-27,59755702;-52,2349289;"SPRF-RS";"DEL08-RS";"UOP04-DEL08-RS"
496289;2022-12-30;"sexta-feira";"20:50:00";"SC";101;195,4;"BIGUACU";"Pedestre andava na pista";"Atropelamento de Pedestre";"Com Vítimas Feridas";"Plena Noite";"Decrescente";"Céu Claro";"Dupla";"Reta";"Sim";2;0;1;0;1;0;1;2;-27,50438887;-48,65003586;"SPRF-SC";"DEL01-SC";"UOP01-DEL01-SC"
496290;2022-12-30;"sexta-feira";"16:40:00";"MG";381;523,1;"BRUMADINHO";"Demais falhas mecânicas ou elétricas";"Incêndio";"Sem Vítimas";"Pleno dia";"Decrescente";"Nublado";"Dupla";"Curva;Aclive";"Não";51;0;0;0;51;0;0;1;-20,14551016;-44,32277183;"SPRF-MG";"DEL04-MG";"UOP03-DEL04-MG"
496291;2022-12-30;"sexta-feira";"20:35:00";"SE";101;159,4;"SANTA LUZIA DO ITANHY";"Transitar na contramão";"Colisão frontal";"Com Vítimas Fatais";"Plena Noite";"Decrescente";"Céu Claro";"Simples";"Curva";"Não";7;1;4;0;2;0;4;3;-11,29054695;-37,46926404;"SPRF-SE";"DEL02-SE";"UOP01-DEL02-SE"
496292;2022-12-30;"sexta-feira";"15:00:00";"MT";70;626,4;"POCONE";"Chuva";"Saída de leito carroçável";"Com Vítimas Feridas";"Pleno dia";"Crescente";"Chuva";"Simples";"Declive";"Não";1;0;1;0;0;0;1;1;-15,93428802;-57,00059121;"SPRF-MT";"DEL03-MT";"UOP02-DEL03-MT"
496293;2022-12-30;"sexta-feira";"21:20:00";"RJ";493;18;"GUAPIMIRIM";"Chuva";"Saída de leito carroçável";"Sem Vítimas";"Plena Noite";"Crescente";"Chuva";"Simples";"Reta";"Sim";1;0;0;0;1;0;0;1;-22,6687122;-43,01862696;"SPRF-RJ";"DEL04-RJ";"UOP02-DEL04-RJ"
496296;2022-12-30;"sexta-feira";"20:25:00";"RS";386;238,9;"SOLEDADE";"Demais falhas mecânicas ou elétricas";"Incêndio";"Sem Vítimas";"Plena Noite";"Decrescente";"Céu Claro";"Simples";"Curva";"Não";3;0;0;0;3;0;0;1;-28,757807;-52,532127;"SPRF-RS";"DEL04-RS";"UOP03-DEL04-RS"
496297;2022-12-30;"sexta-feira";"19:30:00";"BA";420;328;"ITAQUARA";"Ultrapassagem Indevida";"Colisão frontal";"Com Vítimas Feridas";"Plena Noite";"Crescente";"Céu Claro";"Simples";"Reta";"Sim";3;0;1;2;0;0;3;2;-13,44438292;-39,93544213;"SPRF-BA";"DEL03-BA";"UOP01-DEL03-BA"
496298;2022-12-30;"sexta-feira";"19:00:00";"RJ";101;537;"PARATY";"Frear bruscamente";"Colisão traseira";"Com Vítimas Feridas";"Anoitecer";"Decrescente";"Ignorado";"Simples";"Reta";"Não";5;0;2;0;3;0;2;3;-23,04205934;-44,57003488;"SPRF-RJ";"DEL03-RJ";"UOP04-DEL03-RJ"
496299;2022-12-30;"sexta-feira";"21:30:00";"PR";476;140,7;"CURITIBA";"Condutor usando celular";"Colisão lateral mesmo sentido";"Sem Vítimas";"Plena Noite";"Crescente";"Céu Claro";"Dupla";"Reta";"Sim";5;0;0;0;5;0;0;3;-25,52627272;-49,29733336;"SPRF-PR";"DEL01-PR";"UOP03-DEL01-PR"
496300;2022-12-30;"sexta-feira";"22:50:00";"SC";282;5,6;"SAO JOSE";"Manobra de mudança de faixa";"Colisão lateral mesmo sentido";"Com Vítimas Feridas";"Plena Noite";"Crescente";"Céu Claro";"Dupla";"Reta";"Não";2;0;1;0;1;0;1;2;-27,588425;-48,612919;"SPRF-SC";"DEL01-SC";"UOP01-DEL01-SC"