"id";"data_inversa";"dia_semana";"horario";"uf";"br";"km";"municipio";"causa_acidente";"tipo_acidente";"classificacao_acidente";"fase_dia";"sentido_via";"condicao_metereologica";"tipo_pista";"tracado_via";"uso_solo";"pessoas";"mortos";"feridos_leves";"feridos_graves";"ilesos";"ignorados";"feridos";"veiculos";"latitude";"longitude";"regional";"delegacia";"uop"
496301;2022-12-30;"sexta-feira";"21:00:00";"CE";222;109;"ITAPAJE";"Ingestão de substâncias psicoativas pelo condutor";"Saída de leito carroçável";"Com Vítimas Feridas";"Plena Noite";"Crescente";"Céu Claro";"Simples";"Aclive;Reta";"Não";1;0;1;0;0;0;1;1;-3,76033674;-39,48793598;"SPRF-CE";"DEL04-CE";"UOP03-DEL04-CE"
496302;2022-12-30;"sexta-feira";"14:40:00";"SP";381;84;"SAO PAULO";"Pedestre cruzava a pista fora da faixa";"Atropelamento de Pedestre";"Com Vítimas Fatais";"Pleno dia";"Crescente";"Céu Claro";"Dupla";"Reta";"Sim";2;1;0;0;1;0;0;2;-23,43937;-46,56807;"SPRF-SP";"DEL03-SP";"UOP01-DEL03-SP"
496303;2022-12-30;"sexta-feira";"22:50:00";"SP";153;85;"MIRASSOL";"Reação tardia ou ineficiente do condutor";"Saída de leito carroçável";"Com Vítimas Feridas";"Plena Noite";"Decrescente";"Céu Claro";"Simples";"Reta;Em Obras";"Não";1;0;0;1;0;0;1;1;-20,9344296;-49,51909431;"SPRF-SP";"DEL09-SP";"UOP01-DEL09-SP"
496305;2022-12-30;"sexta-feira";"22:05:00";"BA";110;367;"CATU";"Velocidade Incompatível";"Colisão transversal";"Com Vítimas Feridas";"Plena Noite";"Crescente";"Céu Claro";"Simples";"Reta";"Sim";2;0;1;0;1;0;1;2;-12,40823831;-38,39684499;"SPRF-BA";"DEL01-BA";"UOP04-DEL01-BA"
496306;2022-12-30;"sexta-feira";"22:30:00";"PR";116;83,8;"PIRAQUARA";"Ausência de reação do condutor";"Colisão com objeto";"Com Vítimas Fatais";"Plena Noite";"Decrescente";"Nublado";"Dupla";"Curva";"Não";1;1;0;0;0;0;0;1;-25,441683;-49,092152;"SPRF-PR";"DEL01-PR";"UOP07-DEL01-PR"
496307;2022-12-30;"sexta-feira";"06:30:00";"SP";381;87;"SAO PAULO";"Demais falhas mecânicas ou elétricas";"Incêndio";"Sem Vítimas";"Pleno dia";"Decrescente";"Nublado";"Múltipla";"Reta";"Não";1;0;0;0;1;0;0;1;-23,46885001;-46,56996601;"SPRF-SP";"DEL03-SP";"UOP01-DEL03-SP"
496310;2022-12-30;"sexta-feira";"23:15:00";"SP";101;51;"UBATUBA";"Ausência de reação do condutor";"Colisão traseira";"Com Vítimas Feridas";"Plena Noite";"Decrescente";"Nublado";"Simples";"Reta";"Sim";2;0;1;0;1;0;1;2;-23,45529397;-45,07226944;"SPRF-SP";"DEL06-SP";"UOP01-DEL06-SP"
496311;2022-12-30;"sexta-feira";"22:00:00";"MS";60;389;"CAMPO GRANDE";"Reação tardia ou ineficiente do condutor";"Colisão traseira";"Sem Vítimas";"Plena Noite";"Decrescente";"Céu Claro";"Simples";"Reta";"Não";4;0;0;0;4;0;0;2;-20,70324093;-54,77145328;"SPRF-MS";"DEL01-MS";"UOP04-DEL01-MS"
496312;2022-12-30;"sexta-feira";"21:20:00";"MS";262;407,5;"TERENOS";"Ausência de reação do condutor";"Atropelamento de Animal";"Com Vítimas Feridas";"Plena Noite";"Crescente";"Céu Claro";"Simples";"Reta";"Não";1;0;1;0;0;0;1;1;-20,434107;-55,086245;"SPRF-MS";"DEL01-MS";"UOP03-DEL01-MS"
496313;2022-12-30;"sexta-feira";"22:20:00";"PR";277;321;"GUARAPUAVA";"Ausência de reação do condutor";"Colisão traseira";"Com Vítimas Feridas";"Plena Noite";"Decrescente";"Céu Claro";"Simples";"Reta";"Não";7;0;2;0;5;0;2;2;-25,35344678;-51,22861718;"SPRF-PR";"DEL08-PR";"UOP01-DEL08-PR"
496316;2022-12-31;"sábado";"01:00:00";"MG";40;526;"CONTAGEM";"Velocidade Incompatível";"Colisão com objeto";"Sem Vítimas";"Plena Noite";"Decrescente";"Céu Claro";"Dupla";"Reta";"Sim";1;0;0;0;0;1;0;1;-19,89255399;-44,04985478;"SPRF-MG";"DEL01-MG";"UOP02-DEL01-MG"
496317;2022-12-31;"sábado";"01:40:00";"SC";101;196,7;"BIGUACU";"Ingestão de álcool pelo condutor";"Saída de leito carroçável";"Sem Vítimas";"Plena Noite";"Decrescente";"Nublado";"Múltipla";"Curva;Declive";"Sim";1;0;0;0;1;0;0;1;-27,51101091;-48,64322292;"SPRF-SC";"DEL01-SC";"UOP01-DEL01-SC"
496318;2022-12-31;"sábado";"00:15:00";"RJ";40;34;"AREAL";"Demais Fenômenos da natureza";"Colisão lateral mesmo sentido";"Sem Vítimas";"Plena Noite";"Decrescente";"Chuva";"Dupla";"Curva";"Não";1;0;0;0;1;0;0;1;-22,20122568;-43,14116761;"SPRF-RJ";"DEL05-RJ";"UOP02-DEL05-RJ"
496319;2022-12-30;"sexta-feira";"23:50:00";"RO";319;63;"PORTO VELHO";"Acessar a via sem observar a presença dos outros veículos";"Colisão lateral mesmo sentido";"Com Vítimas Feridas";"Plena Noite";"Decrescente";"Céu Claro";"Dupla";"Reta";"Sim";2;0;1;0;1;0;1;2;-8,75782739;-63,88637781;"SPRF-RO";"DEL01-RO";"UOP01-DEL01-RO"
496320;2022-12-31;"sábado";"01:25:00";"PR";376;299,1;"MAUA DA SERRA";"Ingestão de álcool pelo condutor";"Capotamento";"Com Vítimas Feridas";"Plena Noite";"Crescente";"Nevoeiro/Neblina";"Dupla";"Curva";"Não";5;0;3;2;0;0;5;1;-23,937295;-51,165739;"SPRF-PR";"DEL07-PR";"UOP02-DEL07-PR"
496321;2022-12-31;"sábado";"01:45:00";"RS";290;20;"SANTO ANTONIO DA PATRULHA";"Avarias e/ou desgaste excessivo no pneu";"Tombamento";"Com Vítimas Feridas";"Plena Noite";"Decrescente";"Céu Claro";"Dupla";"Reta";"Não";2;0;2;0;0;0;2;1;-29,887777;-50,454679;"SPRF-RS";"DEL03-RS";"UOP01-DEL03-RS"
496322;2022-12-31;"sábado";"01:05:00";"PI";343;306,4;"ALTOS";"Animais na Pista";"Colisão com objeto";"Sem Vítimas";"Plena Noite";"Crescente";"Chuva";"Simples";"Reta";"Sim";1;0;0;0;1;0;0;1;-5,038756;-42,450893;"SPRF-PI";"DEL01-PI";"UOP01-DEL01-PI"
496323;2022-12-31;"sábado";"01:50:00";"SC";101;423,1;"ARARANGUA";"Reação tardia ou ineficiente do condutor";"Capotamento";"Com Vítimas Feridas";"Plena Noite";"Crescente";"Ignorado";"Dupla";"Reta";"Sim";1;0;1;0;0;0;1;1;-29,01106757;-49,57413825;"SPRF-SC";"DEL02-SC";"UOP02-DEL02-SC"
496324;2022-12-31;"sábado";"02:30:00";"PR";369;152,1;"LONDRINA";"Ingestão de álcool pelo condutor";"Colisão com objeto";"Sem Vítimas";"Plena Noite";"Decrescente";"Nublado";"Dupla";"Reta";"Sim";1;0;0;0;0;1;0;1;-23,292636;-51,182121;"SPRF-PR";"DEL07-PR";"UOP01-DEL07-PR"
496325;2022-12-30;"sexta-feira";"23:55:00";"PE";101;124;"ESCADA";"Ausência de reação do condutor";"Incêndio";"Sem Vítimas";"Plena Noite";"Crescente";"Céu Claro";"Dupla";"Reta";"Sim";3;0;0;0;3;0;0;1;-8,362588;-35,216461;"SPRF-PE";"DEL01-PE";"UOP03-DEL01-PE"
496327;2022-12-31;"sábado";"02:30:00";"PE";423;73,5;"JUPI";"Conversão proibida";"Colisão frontal";"Com Vítimas Fatais";"Amanhecer";"Decrescente";"Céu Claro";"Simples";"Reta";"Sim";3;1;0;1;0;1;1;2;-8,709851;-36,41926432;"SPRF-PE";"DEL03-PE";"UOP01-DEL03-PE"
496328;2022-12-31;"sábado";"03:00:00";"CE";20;202;"BOA VIAGEM";"Iluminação deficiente";"Atropelamento de Pedestre";"Com Vítimas Fatais";"Plena Noite";"Crescente";"Céu Claro";"Simples";"Reta";"Sim";2;1;0;0;0;1;0;2;-5,13728811;-39,73839081;"SPRF-CE";"DEL02-CE";"UOP02-DEL02-CE"
496329;2022-12-31;"sábado";"03:20:00";"GO";50;180;"CAMPO ALEGRE DE GOIAS";"Condutor Dormindo";"Saída de leito carroçável";"Com Vítimas Feridas";"Plena Noite";"Decrescente";"Nublado";"Dupla";"Reta";"Não";4;0;1;0;3;0;1;1;-17,4105;-47,787;"SPRF-GO";"DEL06-GO";"UOP01-DEL06-GO"
496330;2022-12-30;"sexta-feira";"20:45:00";"MT";70;282;"PRIMAVERA DO LESTE";"Ingestão de álcool pelo condutor";"Queda de ocupante de veículo";"Com Vítimas Feridas";"Anoitecer";"Crescente";"Nublado";"Simples";"Reta";"Sim";1;0;1;0;0;0;1;1;-15,56869773;-54,30795193;"SPRF-MT";"DEL05-MT";"UOP01-DEL05-MT"
496331;2022-12-31;"sábado";"02:45:00";"RS";290;181,6;"MINAS DO LEAO";"Frear bruscamente";"Colisão com objeto";"Sem Vítimas";"Plena Noite";"Decrescente";"Céu Claro";"Simples";"Aclive;Reta";"Sim";1;0;0;0;1;0;0;1;-30,14281698;-52,03847051;"SPRF-RS";"DEL02-RS";"UOP03-DEL02-RS"
496335;2022-12-31;"sábado";"03:30:00";"BA";242;229;"ITABERABA";"Pista esburacada";"Tombamento";"Com Vítimas Feridas";"Plena Noite";"Crescente";"Céu Claro";"Simples";"Reta";"Sim";1;0;0;1;0;0;1;1;-12,51152241;-40,32249196;"SPRF-BA";"DEL06-BA";"UOP02-DEL06-BA"
496337;2022-12-31;"sábado";"03:10:00";"SC";470;20;"ILHOTA";"Ingestão de álcool pelo condutor";"Saída de leito carroçável";"Sem Vítimas";"Plena Noite";"Decrescente";"Céu Claro";"Dupla";"Reta";"Não";1;0;0;0;1;0;0;1;-26,870115;-48,820484;"SPRF-SC";"DEL04-SC";"UOP04-DEL04-SC"
496341;2022-12-31;"sábado";"05:30:00";"SP";116;118;"TAUBATE";"Condutor Dormindo";"Saída de leito carroçável";"Com Vítimas Feridas";"Amanhecer";"Decrescente";"Céu Claro";"Simples";"Reta;Aclive";"Sim";1;0;0;1;0;0;1;1;-23,06266296;-45,62665044;"SPRF-SP";"DEL02-SP";"UOP02-DEL02-SP"
496344;2022-12-27;"terça-feira";"19:30:00";"RJ";101;296;"ITABORAI";"Demais falhas mecânicas ou elétricas";"Incêndio";"Sem Vítimas";"Plena Noite";"Decrescente";"Chuva";"Dupla";"Reta";"Sim";1;0;0;0;1;0;0;1;-22,7670498;-42,91019601;"SPRF-RJ";"DEL02-RJ";"UOP02-DEL02-RJ"
496345;2022-12-31;"sábado";"06:00:00";"PE";101;45;"IGARASSU";"Velocidade Incompatível";"Saída de leito carroçável";"Com Vítimas Fatais";"Pleno dia";"Decrescente";"Céu Claro";"Múltipla";"Reta";"Sim";1;1;0;0;0;0;0;1;-7,863924;-34,90742;"SPRF-PE";"DEL01-PE";"UOP02-DEL01-PE"
496346;2022-12-31;"sábado";"04:30:00";"SC";470;85,7;"RODEIO";"Transitar na contramão";"Colisão frontal";"Com Vítimas Feridas";"Plena Noite";"Decrescente";"Nublado";"Simples";"Curva";"Não";5;0;5;0;0;0;5;2;-26,956114;-49,350414;"SPRF-SC";"DEL04-SC";"UOP01-DEL04-SC"
496348;2022-12-31;"sábado";"05:00:00";"PR";116;115;"CURITIBA";"Reação tardia ou ineficiente do condutor";"Colisão traseira";"Sem Vítimas";"Amanhecer";"Crescente";"Céu Claro";"Dupla";"Reta";"Sim";2;0;0;0;2;0;0;2;-25,55953326;-49,26560414;"SPRF-PR";"DEL01-PR";"UOP07-DEL01-PR"
496350;2022-12-31;"sábado";"06:15:00";"RS";290;38;"SANTO ANTONIO DA PATRULHA";"Avarias e/ou desgaste excessivo no pneu";"Tombamento";"Com Vítimas Feridas";"Pleno dia";"Decrescente";"Sol";"Múltipla";"Reta";"Não";2;0;2;0;0;0;2;1;-29,886322;-50,637886;"SPRF-RS";"DEL03-RS";"UOP01-DEL03-RS"
496351;2022-12-30;"sexta-feira";"20:20:00";"MG";381;565,6;"ITAGUARA";"Transitar na contramão";"Colisão frontal";"Com Vítimas Feridas";"Plena Noite";"Decrescente";"Nublado";"Dupla";"Curva";"Não";6;0;2;0;4;0;2;2;-20,40868701;-44,52561498;"SPRF-MG";"DEL04-MG";"UOP03-DEL04-MG"
496352;2022-12-31;"sábado";"06:08:00";"DF";20;3;"BRASILIA";"Ausência de reação do condutor";"Saída de leito carroçável";"Com Vítimas Feridas";"Pleno dia";"Crescente";"Chuva";"Dupla";"Reta";"Sim";1;0;1;0;0;0;1;1;-15,679851;-47,832211;"SPRF-DF";"DEL02-DF";"UOP01-DEL02-DF"
496354;2022-12-31;"sábado";"07:15:00";"MG";381;658,2;"SANTO ANTONIO DO AMPARO";"Ingestão de álcool pelo condutor";"Tombamento";"Com Vítimas Feridas";"Pleno dia";"Crescente";"Nublado";"Dupla";"Reta;Declive";"Não";2;0;2;0;0;0;2;1;-20,99864487;-44,96528149;"SPRF-MG";"DEL04-MG";"UOP02-DEL04-MG"
496355;2022-12-31;"sábado";"06:25:00";"PB";230;25;"JOAO PESSOA";"Avarias e/ou desgaste excessivo no pneu";"Tombamento";"Com Vítimas Feridas";"Pleno dia";"Decrescente";"Garoa/Chuvisco";"Múltipla";"Viaduto";"Não";1;0;1;0;0;0;1;1;-7,1707;-34,8684;"SPRF-PB";"DEL01-PB";"UOP01-DEL01-PB"
496356;2022-12-31;"sábado";"07:20:00";"PA";316;101;"SANTA MARIA DO PARA";"Ausência de reação do condutor";"Colisão traseira";"Com Vítimas Feridas";"Amanhecer";"Crescente";"Céu Claro";"Simples";"Reta";"Sim";4;0;1;0;3;0;1;2;-1,33498375;-47,60407895;"SPRF-PA";"DEL01-PA";"UOP02-DEL01-PA"
496357;2022-12-31;"sábado";"07:30:00";"PR";277;24;"MORRETES";"Demais falhas mecânicas ou elétricas";"Incêndio";"Sem Vítimas";"Pleno dia";"Decrescente";"Céu Claro";"Dupla";"Interseção de Vias";"Não";1;0;0;0;1;0;0;1;-25,5281559;-48,74015445;"SPRF-PR";"DEL01-PR";"UOP05-DEL01-PR"
496359;2022-12-31;"sábado";"07:55:00";"CE";116;3;"FORTALEZA";"Entrada inopinada do pedestre";"Atropelamento de Pedestre";"Com Vítimas Feridas";"Pleno dia";"Crescente";"Nublado";"Múltipla";"Reta";"Sim";3;0;2;1;0;0;3;2;-3,77866493;-38,51490171;"SPRF-CE";"DEL01-CE";"UOP02-DEL01-CE"
496360;2022-12-31;"sábado";"05:15:00";"RS";285;146;"MUITOS CAPOES";"Velocidade Incompatível";"Saída de leito carroçável";"Com Vítimas Feridas";"Amanhecer";"Decrescente";"Céu Claro";"Simples";"Curva";"Não";5;0;2;3;0;0;5;1;-28,357988;-51,106682;"SPRF-RS";"DEL05-RS";"UOP03-DEL05-RS"
496361;2022-11-17;"quinta-feira";"14:00:00";"PR";476;120;"CURITIBA";"Condutor deixou de manter distância do veículo da frente";"Colisão traseira";"Com Vítimas Feridas";"Pleno dia";"Crescente";"Céu Claro";"Múltipla";"Interseção de Vias";"Sim";2;0;1;0;1;0;1;2;-25,37191;-49,19146;"SPRF-PR";"DEL01-PR";"UOP01-DEL01-PR"
496362;2022-12-31;"sábado";"07:35:00";"ES";262;94;"DOMINGOS MARTINS";"Conversão proibida";"Colisão transversal";"Com Vítimas Feridas";"Pleno dia";"Decrescente";"Céu Claro";"Simples";"Interseção de Vias";"Não";2;0;1;0;1;0;1;2;-20,37386581;-41,05851884;"SPRF-ES";"DEL01-ES";"UOP02-DEL01-ES"
496363;2022-12-27;"terça-feira";"16:00:00";"SC";101;287,7;"IMBITUBA";"Ingestão de álcool pelo condutor";"Queda de ocupante de veículo";"Com Vítimas Feridas";"Pleno dia";"Decrescente";"Garoa/Chuvisco";"Dupla";"Curva;Aclive";"Sim";1;0;1;0;0;0;1;1;-28,23766496;-48,70059767;"SPRF-SC";"DEL02-SC";"UOP03-DEL02-SC"
496364;2022-12-31;"sábado";"01:50:00";"RJ";116;39;"TERESOPOLIS";"Avarias e/ou desgaste excessivo no pneu";"Capotamento";"Sem Vítimas";"Plena Noite";"Crescente";"Chuva";"Simples";"Reta";"Não";1;0;0;0;0;1;0;1;-22,13897769;-42,78583431;"SPRF-RJ";"DEL04-RJ";"UOP01-DEL04-RJ"
496366;2022-12-31;"sábado";"07:00:00";"RN";110;15,4;"AREIA BRANCA";"Ingestão de álcool pelo condutor";"Saída de leito carroçável";"Com Vítimas Feridas";"Pleno dia";"Crescente";"Nublado";"Simples";"Reta;Declive";"Não";4;0;3;1;0;0;4;1;-5,024522;-37,120025;"SPRF-RN";"DEL04-RN";"UOP01-DEL04-RN"
496367;2022-12-30;"sexta-feira";"21:05:00";"RJ";101;72;"CAMPOS DOS GOYTACAZES";"Ausência de reação do condutor";"Colisão frontal";"Com Vítimas Feridas";"Plena Noite";"Decrescente";"Chuva";"Simples";"Reta";"Sim";3;0;0;3;0;0;3;2;-21,797292;-41,393018;"SPRF-RJ";"DEL08-RJ";"UOP02-DEL08-RJ"
496368;2022-12-31;"sábado";"08:50:00";"SC";101;62;"ARAQUARI";"Condutor deixou de manter distância do veículo da frente";"Colisão traseira";"Com Vítimas Feridas";"Pleno dia";"Crescente";"Céu Claro";"Dupla";"Reta";"Não";2;0;1;0;1;0;1;2;-26,45504246;-48,76711901;"SPRF-SC";"DEL03-SC";"UOP02-DEL03-SC"
496370;2022-12-31;"sábado";"09:00:00";"RN";101;124;"SAO JOSE DE MIPIBU";"Ingestão de álcool pelo condutor";"Colisão traseira";"Com Vítimas Feridas";"Pleno dia";"Decrescente";"Nublado";"Dupla";"Interseção de Vias";"Sim";2;0;1;0;1;0;1;2;-6,07006831;-35,23832314;"SPRF-RN";"DEL01-RN";"UOP01-DEL01-RN"
496372;2022-12-31;"sábado";"08:30:00";"MG";381;519;"IGARAPE";"Condutor Dormindo";"Colisão com objeto";"Com Vítimas Feridas";"Pleno dia";"Decrescente";"Céu Claro";"Dupla";"Curva";"Não";1;0;1;0;0;0;1;1;-20,12834104;-44,30330781;"SPRF-MG";"DEL04-MG";"UOP03-DEL04-MG"
496373;2022-12-31;"sábado";"09:00:00";"SC";101;58;"ARAQUARI";"Condutor deixou de manter distância do veículo da frente";"Colisão traseira";"Com Vítimas Feridas";"Pleno dia";"Crescente";"Sol";"Múltipla";"Aclive";"Não";2;0;1;0;1;0;1;2;-26,44025049;-48,80129043;"SPRF-SC";"DEL03-SC";"UOP02-DEL03-SC"
496375;2022-12-31;"sábado";"09:20:00";"SP";116;205;"ARUJA";"Manobra de mudança de faixa";"Colisão traseira";"Com Vítimas Feridas";"Pleno dia";"Decrescente";"Céu Claro";"Dupla";"Reta";"Não";3;0;1;1;1;0;2;2;-23,41475243;-46,36600788;"SPRF-SP";"DEL01-SP";"UOP01-DEL01-SP"
496377;2022-12-31;"sábado";"09:00:00";"RJ";101;524;"ANGRA DOS REIS";"Acessar a via sem observar a presença dos outros veículos";"Colisão transversal";"Com Vítimas Feridas";"Pleno dia";"Decrescente";"Céu Claro";"Simples";"Reta;Declive";"Não";4;0;1;0;3;0;1;2;-22,99959786;-44,47765217;"SPRF-RJ";"DEL03-RJ";"UOP03-DEL03-RJ"
496378;2022-12-31;"sábado";"09:50:00";"RS";285;271,4;"MATO CASTELHANO";"Transitar na contramão";"Colisão frontal";"Com Vítimas Feridas";"Pleno dia";"Decrescente";"Céu Claro";"Simples";"Reta";"Sim";6;0;3;1;2;0;4;3;-28,282991;-52,177471;"SPRF-RS";"DEL08-RS";"UOP03-DEL08-RS"
496379;2022-10-24;"segunda-feira";"08:30:00";"BA";101;713;"EUNAPOLIS";"Estacionar ou parar em local proibido";"Atropelamento de Pedestre";"Com Vítimas Feridas";"Pleno dia";"Crescente";"Sol";"Simples";"Reta";"Sim";2;0;0;1;1;0;1;2;-16,33331857;-39,58185196;"SPRF-BA";"DEL09-BA";"UOP01-DEL09-BA"
496380;2022-12-31;"sábado";"09:50:00";"PE";101;51,8;"ABREU E LIMA";"Condutor deixou de manter distância do veículo da frente";"Colisão traseira";"Com Vítimas Feridas";"Pleno dia";"Decrescente";"Céu Claro";"Múltipla";"Reta";"Sim";2;0;1;0;1;0;1;2;-7,9169968;-34,89689272;"SPRF-PE";"DEL01-PE";"UOP02-DEL01-PE"
496382;2022-12-31;"sábado";"05:00:00";"SC";282;101,9;"ALFREDO WAGNER";"Ingestão de álcool pelo condutor";"Colisão frontal";"Com Vítimas Feridas";"Plena Noite";"Crescente";"Céu Claro";"Simples";"Reta";"Não";3;0;2;0;1;0;2;2;-27,694626;-49,305317;"SPRF-SC";"DEL01-SC";"UOP03-DEL01-SC"
496383;2022-12-31;"sábado";"10:15:00";"SP";101;44,2;"UBATUBA";"Frear bruscamente";"Colisão traseira";"Com Vítimas Feridas";"Pleno dia";"Decrescente";"Céu Claro";"Simples";"Reta";"Sim";8;0;1;0;7;0;1;3;-23,41014346;-45,06455371;"SPRF-SP";"DEL06-SP";"UOP01-DEL06-SP"
496384;2022-12-31;"sábado";"09:47:00";"GO";50;102;"CRISTALINA";"Velocidade Incompatível";"Saída de leito carroçável";"Sem Vítimas";"Pleno dia";"Crescente";"Céu Claro";"Dupla";"Reta";"Não";2;0;0;0;2;0;0;1;-16,9309;-47,7117;"SPRF-DF";"DEL01-DF";"UOP02-DEL01-DF"
496385;2022-12-27;"terça-feira";"13:20:00";"RJ";101;316;"SAO GONCALO";"Ausência de reação do condutor";"Tombamento";"Com Vítimas Feridas";"Pleno dia";"Decrescente";"Céu Claro";"Dupla";"Reta";"Não";1;0;1;0;0;0;1;1;-22,82835879;-43,09208739;"SPRF-RJ";"DEL02-RJ";"UOP02-DEL02-RJ"
496387;2022-12-31;"sábado";"06:15:00";"GO";364;40;"PARANAIGUARA";"Animais na Pista";"Saída de leito carroçável";"Com Vítimas Feridas";"Amanhecer";"Decrescente";"Céu Claro";"Simples";"Reta";"Não";1;0;1;0;0;0;1;1;-18,860813;-50,819042;"SPRF-GO";"DEL05-GO";"UOP02-DEL05-GO"
496388;2022-12-31;"sábado";"00:05:00";"PR";376;222,8;"CAMBIRA";"Ausência de reação do condutor";"Saída de leito carroçável";"Com Vítimas Feridas";"Plena Noite";"Decrescente";"Céu Claro";"Dupla";"Curva";"Não";1;0;1;0;0;0;1;1;-23,59812745;-51,58634268;"SPRF-PR";"DEL07-PR";"UOP03-DEL07-PR"
496390;2022-12-31;"sábado";"10:40:00";"SC";470;73,3;"INDAIAL";"Acessar a via sem observar a presença dos outros veículos";"Colisão transversal";"Com Vítimas Feridas";"Pleno dia";"Crescente";"Céu Claro";"Simples";"Reta";"Não";7;0;1;4;2;0;5;2;-26,908962;-49,275089;"SPRF-SC";"DEL04-SC";"UOP01-DEL04-SC"
496391;2022-12-31;"sábado";"11:00:00";"PA";222;35,8;"DOM ELISEU";"Pista esburacada";"Saída de leito carroçável";"Com Vítimas Feridas";"Pleno dia";"Decrescente";"Sol";"Simples";"Reta";"Não";3;0;2;0;1;0;2;1;-4,323041;-47,705612;"SPRF-PA";"DEL02-PA";"UOP02-DEL02-PA"
496392;2022-12-31;"sábado";"11:00:00";"SC";101;310;"LAGUNA";"Manobra de mudança de faixa";"Colisão lateral mesmo sentido";"Com Vítimas Feridas";"Pleno dia";"Decrescente";"Sol";"Dupla";"Viaduto;Reta;Aclive";"Não";3;0;0;1;1;1;1;3;-28,41679416;-48,79529064;"SPRF-SC";"DEL02-SC";"UOP01-DEL02-SC"
496393;2022-12-31;"sábado";"11:00:00";"RJ";101;473;"ANGRA DOS REIS";"Acessar a via sem observar a presença dos outros veículos";"Colisão transversal";"Sem Vítimas";"Pleno dia";"Decrescente";"Sol";"Simples";"Reta";"Não";2;0;0;0;2;0;0;2;-22,98960623;-44,24168693;"SPRF-RJ";"DEL03-RJ";"UOP03-DEL03-RJ"
496394;2022-12-30;"sexta-feira";"17:40:00";"PA";163;399;"ITAITUBA";"Chuva";"Colisão frontal";"Com Vítimas Fatais";"Pleno dia";"Decrescente";"Chuva";"Simples";"Declive;Curva";"Não";3;1;2;0;0;0;2;2;-6,30590545;-55,59070142;"SPRF-PA";"DEL05-PA";"UOP01-DEL05-PA"
496395;2022-12-31;"sábado";"12:00:00";"SP";116;283;"EMBU DAS ARTES";"Reação tardia ou ineficiente do condutor";"Queda de ocupante de veículo";"Com Vítimas Feridas";"Pleno dia";"Decrescente";"Nublado";"Dupla";"Reta";"Não";1;0;1;0;0;0;1;1;-23,69297005;-46,86352786;"SPRF-SP";"DEL04-SP";"UOP01-DEL04-SP"
496397;2022-12-31;"sábado";"12:15:00";"SC";101;205;"SAO JOSE";"Avarias e/ou desgaste excessivo no pneu";"Tombamento";"Com Vítimas Feridas";"Pleno dia";"Crescente";"Céu Claro";"Dupla";"Reta";"Sim";1;0;1;0;0;0;1;1;-27,58313237;-48,61532885;"SPRF-SC";"DEL01-SC";"UOP01-DEL01-SC"
496398;2022-12-31;"sábado";"10:11:00";"RO";425;128;"GUAJARA-MIRIM";"Ausência de reação do condutor";"Saída de leito carroçável";"Com Vítimas Feridas";"Pleno dia";"Crescente";"Sol";"Simples";"Reta";"Não";1;0;1;0;0;0;1;1;-10,645417;-65,289841;"SPRF-RO";"DEL01-RO";"UOP03-DEL01-RO"
496400;2022-12-31;"sábado";"12:28:00";"RN";406;146;"CEARA-MIRIM";"Acessar a via sem observar a presença dos outros veículos";"Queda de ocupante de veículo";"Com Vítimas Feridas";"Pleno dia";"Decrescente";"Céu Claro";"Simples";"Reta";"Sim";3;0;0;1;0;2;1;2;-5,64504995;-35,46805;"SPRF-RN";"DEL02-RN";"UOP01-DEL02-RN"
496401;2022-12-31;"sábado";"11:45:00";"PI";316;2,4;"TERESINA";"Condutor deixou de manter distância do veículo da frente";"Engavetamento";"Com Vítimas Feridas";"Pleno dia";"Decrescente";"Sol";"Simples";"Rotatória";"Sim";5;0;1;0;4;0;1;4;-5,122763;-42,795765;"SPRF-PI";"DEL01-PI";"UOP02-DEL01-PI"
496402;2022-12-31;"sábado";"12:30:00";"PR";116;117;"CURITIBA";"Carga excessiva e/ou mal acondicionada";"Tombamento";"Com Vítimas Feridas";"Pleno dia";"Decrescente";"Sol";"Múltipla";"Curva";"Sim";2;0;1;0;0;1;1;2;-25,54988723;-49,28248211;"SPRF-PR";"DEL01-PR";"UOP03-DEL01-PR"
496403;2022-12-31;"sábado";"11:50:00";"MA";10;250;"IMPERATRIZ";"Reação tardia ou ineficiente do condutor";"Colisão lateral mesmo sentido";"Com Vítimas Feridas";"Pleno dia";"Crescente";"Céu Claro";"Simples";"Reta;Ponte";"Sim";2;0;0;1;1;0;1;2;-5,550874;-47,459305;"SPRF-MA";"DEL04-MA";"UOP01-DEL04-MA"
496404;2022-12-31;"sábado";"12:10:00";"MG";381;921,1;"CAMANDUCAIA";"Acumulo de água sobre o pavimento";"Colisão com objeto";"Com Vítimas Feridas";"Pleno dia";"Crescente";"Chuva";"Dupla";"Curva;Declive";"Não";2;0;1;0;1;0;1;1;-22,7680939;-46,20854399;"SPRF-MG";"DEL16-MG";"UOP03-DEL16-MG"
496405;2022-12-31;"sábado";"13:00:00";"MG";381;924,6;"ITAPEVA";"Velocidade Incompatível";"Tombamento";"Com Vítimas Feridas";"Pleno dia";"Crescente";"Nublado";"Dupla";"Curva";"Não";2;0;2;0;0;0;2;1;-22,77002545;-46,19381016;"SPRF-MG";"DEL16-MG";"UOP03-DEL16-MG"
496406;2022-12-31;"sábado";"10:00:00";"BA";101;807,6;"ITAMARAJU";"Acessar a via sem observar a presença dos outros veículos";"Colisão transversal";"Com Vítimas Feridas";"Pleno dia";"Decrescente";"Sol";"Simples";"Reta;Interseção de Vias";"Sim";3;0;2;0;1;0;2;2;-17,18820805;-39,58798393;"SPRF-BA";"DEL09-BA";"UOP02-DEL09-BA"