"id";"data_inversa";"dia_semana";"horario";"uf";"br";"km";"municipio";"causa_acidente";"tipo_acidente";"classificacao_acidente";"fase_dia";"sentido_via";"condicao_metereologica";"tipo_pista";"tracado_via";"uso_solo";"pessoas";"mortos";"feridos_leves";"feridos_graves";"ilesos";"ignorados";"feridos";"veiculos";"latitude";"longitude";"regional";"delegacia";"uop"
496407;2022-12-31;"sábado";"12:15:00";"SC";101;223;"PALHOCA";"Demais falhas mecânicas ou elétricas";"Queda de ocupante de veículo";"Com Vítimas Feridas";"Pleno dia";"Crescente";"Céu Claro";"Simples";"Reta;Declive";"Sim";2;0;2;0;0;0;2;1;-27,71552634;-48,64881251;"SPRF-SC";"DEL01-SC";"UOP02-DEL01-SC"
496408;2022-12-31;"sábado";"12:30:00";"RS";158;110,5;"PALMEIRA DAS MISSOES";"Reação tardia ou ineficiente do condutor";"Saída de leito carroçável";"Com Vítimas Feridas";"Pleno dia";"Crescente";"Céu Claro";"Simples";"Declive;Reta";"Não";2;0;2;0;0;0;2;1;-27,9853117;-53,3285791;"SPRF-RS";"DEL08-RS";"UOP01-DEL08-RS"
496410;2022-12-27;"terça-feira";"23:00:00";"RJ";116;278;"BARRA MANSA";"Ausência de reação do condutor";"Colisão lateral mesmo sentido";"Com Vítimas Feridas";"Plena Noite";"Crescente";"Céu Claro";"Dupla";"Reta";"Sim";3;0;2;0;1;0;2;2;-22,55271018;-44,17778004;"SPRF-RJ";"DEL07-RJ";"UOP02-DEL07-RJ"
496412;2022-12-31;"sábado";"12:50:00";"MT";364;305,9;"JACIARA";"Reação tardia ou ineficiente do condutor";"Saída de leito carroçável";"Sem Vítimas";"Pleno dia";"Crescente";"Céu Claro";"Dupla";"Reta";"Não";2;0;0;0;2;0;0;1;-15,82596627;-55,1950521;"SPRF-MT";"DEL05-MT";"UOP02-DEL05-MT"
496413;2022-12-31;"sábado";"12:30:00";"MG";116;765;"LEOPOLDINA";"Desrespeitar a preferência no cruzamento";"Colisão transversal";"Com Vítimas Feridas";"Pleno dia";"Decrescente";"Céu Claro";"Simples";"Rotatória";"Sim";2;0;1;0;1;0;1;2;-21,5197389;-42,6491103;"SPRF-MG";"DEL07-MG";"UOP01-DEL07-MG"
496415;2022-12-31;"sábado";"13:47:00";"AL";316;150,5;"PALMEIRA DOS INDIOS";"Demais falhas mecânicas ou elétricas";"Queda de ocupante de veículo";"Com Vítimas Feridas";"Pleno dia";"Crescente";"Céu Claro";"Simples";"Reta";"Não";2;0;1;1;0;0;2;1;-9,41682953;-36,6729327;"SPRF-AL";"DEL03-AL";"UOP01-DEL03-AL"
496416;2022-12-31;"sábado";"15:10:00";"GO";60;108;"GOIANAPOLIS";"Chuva";"Capotamento";"Com Vítimas Feridas";"Pleno dia";"Crescente";"Chuva";"Dupla";"Reta";"Não";3;0;2;0;1;0;2;1;-16,4398;-49,0188;"SPRF-GO";"DEL02-GO";"UOP01-DEL02-GO"
496417;2022-12-29;"quinta-feira";"23:45:00";"PR";116;196;"CAMPO DO TENENTE";"Animais na Pista";"Atropelamento de Animal";"Sem Vítimas";"Plena Noite";"Decrescente";"Nevoeiro/Neblina";"Simples";"Reta";"Não";1;0;0;0;1;0;0;1;-26,00463004;-49,66991783;"SPRF-SC";"DEL06-SC";"UOP01-DEL06-SC"
496418;2022-12-31;"sábado";"15:20:00";"CE";116;7;"FORTALEZA";"Velocidade Incompatível";"Atropelamento de Pedestre";"Com Vítimas Fatais";"Pleno dia";"Decrescente";"Céu Claro";"Dupla";"Reta";"Não";2;2;0;0;0;0;0;2;-3,81073099;-38,50074867;"SPRF-CE";"DEL01-CE";"UOP02-DEL01-CE"
496419;2022-09-03;"sábado";"00:05:00";"MG";381;435,2;"SABARA";"Demais falhas na via";"Tombamento";"Com Vítimas Feridas";"Plena Noite";"Crescente";"Céu Claro";"Simples";"Reta;Em Obras;Declive";"Não";1;0;1;0;0;0;1;1;-19,80043184;-43,75031407;"SPRF-MG";"DEL01-MG";"UOP01-DEL01-MG"
496420;2022-12-31;"sábado";"14:00:00";"GO";414;363,1;"COCALZINHO DE GOIAS";"Reação tardia ou ineficiente do condutor";"Saída de leito carroçável";"Com Vítimas Feridas";"Pleno dia";"Decrescente";"Nublado";"Simples";"Reta";"Não";1;0;0;1;0;0;1;1;-15,72273363;-48,70045017;"SPRF-GO";"DEL02-GO";"UOP01-DEL02-GO"
496421;2022-12-29;"quinta-feira";"17:10:00";"MG";40;446,1;"PARAOPEBA";"Reação tardia ou ineficiente do condutor";"Saída de leito carroçável";"Com Vítimas Feridas";"Pleno dia";"Crescente";"Chuva";"Dupla";"Declive;Curva";"Sim";3;0;3;0;0;0;3;1;-19,28815;-44,392;"SPRF-MG";"DEL02-MG";"UOP01-DEL02-MG"
496422;2022-12-31;"sábado";"10:20:00";"MA";135;10,2;"SAO LUIS";"Reação tardia ou ineficiente do condutor";"Atropelamento de Pedestre";"Com Vítimas Feridas";"Pleno dia";"Crescente";"Céu Claro";"Dupla";"Reta";"Sim";2;0;1;1;0;0;2;2;-2,655912;-44,28629098;"SPRF-MA";"DEL01-MA";"UOP01-DEL01-MA"
496424;2022-12-31;"sábado";"14:20:00";"RN";101;83,2;"NATAL";"Pedestre cruzava a pista fora da faixa";"Atropelamento de Pedestre";"Com Vítimas Feridas";"Pleno dia";"Decrescente";"Céu Claro";"Dupla";"Viaduto";"Sim";3;0;2;1;0;0;3;2;-5,7710445;-35,26616981;"SPRF-RN";"DEL02-RN";"UOP01-DEL02-RN"
496425;2022-12-31;"sábado";"14:25:00";"MT";70;115,2;"GENERAL CARNEIRO";"Velocidade Incompatível";"Saída de leito carroçável";"Com Vítimas Feridas";"Pleno dia";"Decrescente";"Chuva";"Simples";"Reta";"Não";4;0;4;0;0;0;4;1;-15,60647382;-53,0811441;"SPRF-MT";"DEL07-MT";"UOP01-DEL07-MT"
496428;2022-12-31;"sábado";"15:30:00";"PR";469;13;"FOZ DO IGUACU";"Condutor deixou de manter distância do veículo da frente";"Colisão traseira";"Sem Vítimas";"Pleno dia";"Decrescente";"Céu Claro";"Simples";"Reta";"Não";3;0;0;0;3;0;0;3;-25,5754;-54,5489;"SPRF-PR";"DEL05-PR";"UOP04-DEL05-PR"
496430;2022-12-31;"sábado";"16:30:00";"GO";60;117,9;"TEREZOPOLIS DE GOIAS";"Ingestão de álcool pelo condutor";"Colisão transversal";"Com Vítimas Feridas";"Pleno dia";"Decrescente";"Nublado";"Dupla";"Reta;Interseção de Vias;Declive";"Sim";3;0;1;0;2;0;1;2;-16,48439972;-49,0931211;"SPRF-GO";"DEL01-GO";"UOP01-DEL01-GO"
496431;2022-12-31;"sábado";"15:30:00";"MG";381;480;"BETIM";"Velocidade Incompatível";"Colisão lateral mesmo sentido";"Sem Vítimas";"Pleno dia";"Crescente";"Céu Claro";"Múltipla";"Reta;Aclive";"Sim";3;0;0;0;3;0;0;2;-19,95749597;-44,07899901;"SPRF-MG";"DEL01-MG";"UOP03-DEL01-MG"
496433;2022-12-31;"sábado";"13:52:00";"ES";101;256,5;"SERRA";"Manobra de mudança de faixa";"Colisão lateral mesmo sentido";"Com Vítimas Feridas";"Pleno dia";"Crescente";"Céu Claro";"Simples";"Declive";"Sim";1;0;0;1;0;0;1;1;-20,119123;-40,311005;"SPRF-ES";"DEL02-ES";"UOP01-DEL02-ES"
496434;2022-12-31;"sábado";"15:45:00";"AL";101;88,9;"RIO LARGO";"Transitar na contramão";"Colisão frontal";"Com Vítimas Fatais";"Pleno dia";"Decrescente";"Nublado";"Dupla";"Curva";"Não";6;1;0;0;5;0;0;2;-9,48332809;-35,89354392;"SPRF-AL";"DEL01-AL";"UOP01-DEL01-AL"
496435;2022-12-31;"sábado";"16:20:00";"SP";381;45;"ATIBAIA";"Ausência de reação do condutor";"Colisão com objeto";"Com Vítimas Feridas";"Pleno dia";"Decrescente";"Nublado";"Simples";"Reta";"Não";1;0;1;0;0;0;1;1;-23,17274184;-46,57748439;"SPRF-SP";"DEL03-SP";"UOP01-DEL03-SP"
496436;2022-12-31;"sábado";"10:40:00";"SP";116;144;"SAO JOSE DOS CAMPOS";"Ausência de reação do condutor";"Tombamento";"Com Vítimas Feridas";"Pleno dia";"Crescente";"Sol";"Dupla";"Reta";"Não";2;0;1;0;0;1;1;1;-23,18274416;-45,84633592;"SPRF-SP";"DEL02-SP";"UOP01-DEL02-SP"
496438;2022-12-31;"sábado";"15:30:00";"PE";428;188;"PETROLINA";"Condutor deixou de manter distância do veículo da frente";"Engavetamento";"Com Vítimas Feridas";"Pleno dia";"Crescente";"Céu Claro";"Dupla";"Rotatória";"Sim";6;0;1;0;5;0;1;3;-9,36400596;-40,48266808;"SPRF-PE";"DEL06-PE";"UOP01-DEL06-PE"
496439;2022-12-31;"sábado";"15:50:00";"PB";230;4;"CABEDELO";"Reação tardia ou ineficiente do condutor";"Colisão traseira";"Com Vítimas Feridas";"Pleno dia";"Crescente";"Céu Claro";"Dupla";"Reta";"Não";2;0;0;1;1;0;1;2;-7,0004;-34,8284;"SPRF-PB";"DEL01-PB";"UOP01-DEL01-PB"
496440;2022-12-31;"sábado";"16:15:00";"SC";280;229;"TRES BARRAS";"Reação tardia ou ineficiente do condutor";"Tombamento";"Com Vítimas Feridas";"Pleno dia";"Crescente";"Céu Claro";"Simples";"Reta";"Não";1;0;1;0;0;0;1;1;-26,18601731;-50,35213894;"SPRF-SC";"DEL06-SC";"UOP04-DEL06-SC"
496441;2022-12-31;"sábado";"16:40:00";"PE";408;93;"SAO LOURENCO DA MATA";"Demais falhas mecânicas ou elétricas";"Saída de leito carroçável";"Com Vítimas Feridas";"Pleno dia";"Decrescente";"Nublado";"Dupla";"Reta;Declive";"Não";2;0;1;0;1;0;1;1;-7,99979861;-35,06313386;"SPRF-PE";"DEL01-PE";"UOP01-DEL01-PE"
496442;2022-12-31;"sábado";"16:00:00";"SC";101;146;"ITAPEMA";"Ultrapassagem Indevida";"Colisão lateral mesmo sentido";"Com Vítimas Feridas";"Pleno dia";"Decrescente";"Céu Claro";"Simples";"Reta";"Sim";2;0;0;1;1;0;1;2;-27,08666525;-48,60955587;"SPRF-SC";"DEL04-SC";"UOP03-DEL04-SC"
496443;2022-12-31;"sábado";"17:00:00";"PR";476;173;"CONTENDA";"Ingestão de álcool pelo condutor";"Colisão lateral sentido oposto";"Com Vítimas Feridas";"Pleno dia";"Crescente";"Céu Claro";"Dupla";"Rotatória;Interseção de Vias";"Não";3;0;3;0;0;0;3;2;-25,676279;-49,518272;"SPRF-PR";"DEL01-PR";"UOP06-DEL01-PR"
496444;2022-12-31;"sábado";"14:30:00";"MG";381;480;"CONTAGEM";"Frear bruscamente";"Eventos atípicos";"Com Vítimas Fatais";"Pleno dia";"Decrescente";"Céu Claro";"Múltipla";"Reta;Aclive";"Sim";2;1;0;0;1;0;0;1;-19,95749597;-44,07899901;"SPRF-MG";"DEL01-MG";"UOP03-DEL01-MG"
496445;2022-12-31;"sábado";"16:10:00";"CE";222;220,4;"SOBRAL";"Desrespeitar a preferência no cruzamento";"Colisão transversal";"Com Vítimas Feridas";"Pleno dia";"Decrescente";"Céu Claro";"Simples";"Aclive;Interseção de Vias";"Não";3;0;2;0;1;0;2;2;-3,72554492;-40,32310909;"SPRF-CE";"DEL04-CE";"UOP01-DEL04-CE"
496446;2022-12-31;"sábado";"16:30:00";"MG";40;708;"BARBACENA";"Velocidade Incompatível";"Colisão com objeto";"Com Vítimas Feridas";"Pleno dia";"Crescente";"Chuva";"Dupla";"Curva";"Não";1;0;1;0;0;0;1;1;-21,23770945;-43,70407647;"SPRF-MG";"DEL05-MG";"UOP02-DEL05-MG"
496447;2022-12-31;"sábado";"16:40:00";"SC";470;21,7;"ILHOTA";"Avarias e/ou desgaste excessivo no pneu";"Tombamento";"Com Vítimas Feridas";"Pleno dia";"Decrescente";"Céu Claro";"Dupla";"Reta";"Não";2;0;1;1;0;0;2;1;-26,876698;-48,827362;"SPRF-SC";"DEL04-SC";"UOP04-DEL04-SC"
496448;2022-12-31;"sábado";"17:00:00";"RS";285;211,5;"CASEIROS";"Acessar a via sem observar a presença dos outros veículos";"Colisão transversal";"Sem Vítimas";"Pleno dia";"Decrescente";"Céu Claro";"Simples";"Declive;Reta";"Não";4;0;0;0;3;1;0;2;-28,23704643;-51,63974404;"SPRF-RS";"DEL08-RS";"UOP05-DEL08-RS"
496449;2022-12-31;"sábado";"16:25:00";"PR";153;51,9;"SANTO ANTONIO DA PLATINA";"Ingestão de álcool pelo condutor";"Saída de leito carroçável";"Com Vítimas Feridas";"Pleno dia";"Crescente";"Céu Claro";"Simples";"Aclive;Reta";"Não";1;0;1;0;0;0;1;1;-23,37173099;-50,06416197;"SPRF-PR";"DEL07-PR";"UOP04-DEL07-PR"
496451;2022-12-31;"sábado";"14:30:00";"PR";153;508;"GENERAL CARNEIRO";"Acumulo de água sobre o pavimento";"Saída de leito carroçável";"Com Vítimas Feridas";"Pleno dia";"Crescente";"Chuva";"Múltipla";"Curva;Declive";"Não";2;0;0;1;1;0;1;1;-26,45858653;-51,32228851;"SPRF-PR";"DEL02-PR";"UOP03-DEL02-PR"
496452;2022-12-31;"sábado";"18:00:00";"SC";101;375;"ICARA";"Ausência de reação do condutor";"Saída de leito carroçável";"Com Vítimas Feridas";"Pleno dia";"Decrescente";"Céu Claro";"Dupla";"Reta";"Não";5;0;1;2;2;0;3;2;-28,72014713;-49,23508784;"SPRF-SC";"DEL02-SC";"UOP01-DEL02-SC"
496453;2022-12-31;"sábado";"13:30:00";"MG";365;300;"JOAO PINHEIRO";"Ultrapassagem Indevida";"Colisão frontal";"Com Vítimas Feridas";"Pleno dia";"Decrescente";"Céu Claro";"Simples";"Reta;Aclive";"Não";8;0;2;6;0;0;8;2;-18,14923115;-45,75725987;"SPRF-MG";"DEL10-MG";"UOP01-DEL10-MG"
496454;2022-12-31;"sábado";"18:00:00";"RS";470;219;"BENTO GONCALVES";"Ingestão de álcool ou de substâncias psicoativas pelo pedestre";"Saída de leito carroçável";"Sem Vítimas";"Pleno dia";"Crescente";"Sol";"Simples";"Curva";"Sim";1;0;0;0;1;0;0;1;-29,17909489;-51,51855675;"SPRF-RS";"DEL06-RS";"UOP01-DEL06-RS"
496456;2022-12-12;"segunda-feira";"04:30:00";"MG";365;753;"ITUIUTABA";"Acesso irregular";"Colisão transversal";"Com Vítimas Feridas";"Amanhecer";"Decrescente";"Vento";"Simples";"Curva;Aclive";"Sim";3;0;0;1;2;0;1;3;-18,947495;-49,45934;"SPRF-MG";"DEL15-MG";"UOP03-DEL15-MG"
496458;2022-12-31;"sábado";"17:00:00";"DF";251;23;"BRASILIA";"Mal súbito do condutor";"Saída de leito carroçável";"Com Vítimas Fatais";"Pleno dia";"Crescente";"Céu Claro";"Simples";"Aclive;Reta";"Não";4;1;1;1;1;0;2;2;-15,960293;-47,667312;"SPRF-DF";"DEL01-DF";"UOP01-DEL01-DF"
496460;2022-12-31;"sábado";"18:20:00";"SC";101;155;"PORTO BELO";"Ausência de reação do condutor";"Tombamento";"Com Vítimas Feridas";"Anoitecer";"Decrescente";"Nublado";"Múltipla";"Curva";"Não";1;0;1;0;0;0;1;1;-27,16292;-48,61129;"SPRF-SC";"DEL04-SC";"UOP03-DEL04-SC"
496461;2022-12-31;"sábado";"19:30:00";"PE";101;54;"PAULISTA";"Iluminação deficiente";"Colisão transversal";"Com Vítimas Feridas";"Plena Noite";"Decrescente";"Garoa/Chuvisco";"Dupla";"Reta";"Sim";2;0;1;0;1;0;1;2;-7,942969;-34,904092;"SPRF-PE";"DEL01-PE";"UOP02-DEL01-PE"
496462;2022-12-31;"sábado";"19:03:00";"PE";101;48;"ABREU E LIMA";"Acesso irregular";"Colisão transversal";"Com Vítimas Feridas";"Plena Noite";"Crescente";"Chuva";"Dupla";"Retorno Regulamentado";"Sim";2;0;1;0;1;0;1;2;-7,89174705;-34,9033493;"SPRF-PE";"DEL01-PE";"UOP02-DEL01-PE"
496463;2022-12-31;"sábado";"18:05:00";"SP";381;2;"VARGEM";"Reação tardia ou ineficiente do condutor";"Colisão com objeto";"Sem Vítimas";"Pleno dia";"Crescente";"Céu Claro";"Dupla";"Curva";"Sim";2;0;0;0;1;1;0;2;-22,881297;-46,391702;"SPRF-SP";"DEL03-SP";"UOP02-DEL03-SP"
496465;2022-12-31;"sábado";"19:20:00";"CE";20;84;"TAUA";"Deficiência do Sistema de Iluminação/Sinalização";"Colisão transversal";"Com Vítimas Feridas";"Plena Noite";"Decrescente";"Céu Claro";"Simples";"Reta";"Sim";2;0;1;0;1;0;1;2;-6,00124494;-40,28030806;"SPRF-CE";"DEL02-CE";"UOP02-DEL02-CE"
496466;2022-12-31;"sábado";"17:20:00";"RJ";116;136;"DUQUE DE CAXIAS";"Ausência de reação do condutor";"Eventos atípicos";"Com Vítimas Feridas";"Pleno dia";"Decrescente";"Nublado";"Dupla";"Reta";"Sim";2;0;0;1;1;0;1;1;-22,64988985;-43,17250297;"SPRF-RJ";"DEL01-RJ";"UOP01-DEL01-RJ"
496467;2022-12-31;"sábado";"15:45:00";"SC";282;97;"ALFREDO WAGNER";"Velocidade Incompatível";"Saída de leito carroçável";"Com Vítimas Feridas";"Pleno dia";"Crescente";"Sol";"Simples";"Curva";"Não";2;0;1;0;1;0;1;1;-27,707966;-49,272182;"SPRF-SC";"DEL01-SC";"UOP03-DEL01-SC"
496468;2022-12-31;"sábado";"19:40:00";"PR";376;627;"SAO JOSE DOS PINHAIS";"Reação tardia ou ineficiente do condutor";"Saída de leito carroçável";"Com Vítimas Feridas";"Plena Noite";"Crescente";"Céu Claro";"Simples";"Reta";"Não";1;0;1;0;0;0;1;1;-25,66963786;-49,15231858;"SPRF-PR";"DEL01-PR";"UOP04-DEL01-PR"
496470;2022-12-31;"sábado";"19:40:00";"MG";262;445,1;"NOVA SERRANA";"Manobra de mudança de faixa";"Colisão lateral mesmo sentido";"Com Vítimas Feridas";"Plena Noite";"Decrescente";"Chuva";"Dupla";"Declive;Reta";"Sim";7;0;4;0;3;0;4;3;-19,87799664;-44,94086286;"SPRF-MG";"DEL08-MG";"UOP03-DEL08-MG"
496471;2022-12-31;"sábado";"18:50:00";"RS";158;314,5;"ITAARA";"Ingestão de álcool pelo condutor";"Queda de ocupante de veículo";"Com Vítimas Feridas";"Anoitecer";"Decrescente";"Céu Claro";"Simples";"Declive;Reta";"Sim";1;0;1;0;0;0;1;1;-29,64934653;-53,75640392;"SPRF-RS";"DEL09-RS";"UOP01-DEL09-RS"
496472;2022-12-31;"sábado";"20:10:00";"SC";280;70,8;"JARAGUA DO SUL";"Ausência de reação do condutor";"Saída de leito carroçável";"Sem Vítimas";"Plena Noite";"Decrescente";"Céu Claro";"Simples";"Reta";"Sim";1;0;0;0;1;0;0;1;-26,46522052;-49,12675918;"SPRF-SC";"DEL03-SC";"UOP03-DEL03-SC"
496473;2022-12-31;"sábado";"19:40:00";"RN";101;135,9;"SAO JOSE DE MIPIBU";"Ausência de reação do condutor";"Tombamento";"Com Vítimas Feridas";"Plena Noite";"Decrescente";"Garoa/Chuvisco";"Dupla";"Reta";"Não";1;0;1;0;0;0;1;1;-6,16827832;-35,22197485;"SPRF-RN";"DEL01-RN";"UOP01-DEL01-RN"
496474;2022-12-31;"sábado";"15:30:00";"MG";381;416;"NOVA UNIAO";"Demais falhas na via";"Saída de leito carroçável";"Com Vítimas Feridas";"Pleno dia";"Decrescente";"Céu Claro";"Dupla";"Curva;Declive";"Não";1;0;0;1;0;0;1;1;-19,75309407;-43,62966384;"SPRF-MG";"DEL01-MG";"UOP01-DEL01-MG"
496476;2022-12-31;"sábado";"19:15:00";"MG";40;516,6;"RIBEIRAO DAS NEVES";"Animais na Pista";"Atropelamento de Animal";"Com Vítimas Feridas";"Plena Noite";"Decrescente";"Nublado";"Dupla";"Curva;Declive";"Não";2;0;1;0;1;0;1;2;-19,81628624;-44,08960124;"SPRF-MG";"DEL01-MG";"UOP02-DEL01-MG"
496477;2022-12-31;"sábado";"20:45:00";"ES";101;301,9;"VIANA";"Pedestre cruzava a pista fora da faixa";"Atropelamento de Pedestre";"Com Vítimas Feridas";"Plena Noite";"Crescente";"Nublado";"Dupla";"Viaduto";"Sim";2;0;2;0;0;0;2;2;-20,36958283;-40,44384551;"SPRF-ES";"DEL01-ES";"UOP01-DEL01-ES"
496478;2022-12-31;"sábado";"18:40:00";"PE";104;63,8;"CARUARU";"Manobra de mudança de faixa";"Colisão com objeto";"Com Vítimas Feridas";"Plena Noite";"Decrescente";"Céu Claro";"Múltipla";"Reta";"Sim";1;0;1;0;0;0;1;1;-8,2698;-35,9803;"SPRF-PE";"DEL02-PE";"UOP01-DEL02-PE"
496479;2022-12-31;"sábado";"18:50:00";"AL";316;165,2;"PALMEIRA DOS INDIOS";"Animais na Pista";"Atropelamento de Animal";"Com Vítimas Feridas";"Plena Noite";"Crescente";"Céu Claro";"Simples";"Reta";"Não";3;0;1;2;0;0;3;2;-9,48239127;-36,57309034;"SPRF-AL";"DEL03-AL";"UOP01-DEL03-AL"
496480;2022-12-31;"sábado";"20:30:00";"RN";110;47,2;"MOSSORO";"Desrespeitar a preferência no cruzamento";"Colisão transversal";"Com Vítimas Feridas";"Plena Noite";"Decrescente";"Céu Claro";"Simples";"Reta;Interseção de Vias";"Sim";3;0;0;1;2;0;1;2;-5,20338376;-37,32563418;"SPRF-RN";"DEL04-RN";"UOP01-DEL04-RN"
496481;2022-12-23;"sexta-feira";"15:05:00";"ES";101;147;"LINHARES";"Condutor desrespeitou a iluminação vermelha do semáforo";"Colisão transversal";"Com Vítimas Feridas";"Pleno dia";"Crescente";"Garoa/Chuvisco";"Dupla";"Reta";"Sim";2;0;0;1;1;0;1;2;-19,37887202;-40,06657892;"SPRF-ES";"DEL04-ES";"UOP01-DEL04-ES"
496482;2022-12-31;"sábado";"20:30:00";"RS";287;249;"SANTA MARIA";"Ingestão de álcool pelo condutor";"Atropelamento de Pedestre";"Com Vítimas Feridas";"Plena Noite";"Decrescente";"Céu Claro";"Dupla";"Reta";"Sim";2;0;1;0;1;0;1;2;-29,69400654;-53,86100019;"SPRF-RS";"DEL09-RS";"UOP01-DEL09-RS"
496483;2022-12-31;"sábado";"20:20:00";"PR";116;161;"QUITANDINHA";"Animais na Pista";"Atropelamento de Animal";"Com Vítimas Feridas";"Plena Noite";"Crescente";"Céu Claro";"Simples";"Aclive;Curva";"Não";4;0;1;0;2;1;1;2;-25,86249393;-49,40112698;"SPRF-PR";"DEL01-PR";"UOP03-DEL01-PR"
496484;2022-12-31;"sábado";"17:50:00";"SC";101;439,3;"SOMBRIO";"Ingestão de álcool pelo condutor";"Saída de leito carroçável";"Sem Vítimas";"Pleno dia";"Decrescente";"Céu Claro";"Dupla";"Reta";"Não";1;0;0;0;1;0;0;1;-29,12381624;-49,65693799;"SPRF-SC";"DEL02-SC";"UOP02-DEL02-SC"
496485;2022-12-31;"sábado";"12:00:00";"RO";364;795;"PORTO VELHO";"Ausência de reação do condutor";"Colisão frontal";"Com Vítimas Feridas";"Pleno dia";"Decrescente";"Céu Claro";"Simples";"Reta";"Não";3;0;0;3;0;0;3;2;-9,23914483;-64,35578909;"SPRF-RO";"DEL01-RO";"UOP02-DEL01-RO"
496486;2022-12-31;"sábado";"20:55:00";"GO";60;182,8;"ABADIA DE GOIAS";"Animais na Pista";"Atropelamento de Animal";"Com Vítimas Feridas";"Plena Noite";"Crescente";"Nublado";"Dupla";"Reta;Declive";"Não";2;0;1;1;0;0;2;1;-16,7778;-49,489;"SPRF-GO";"DEL01-GO";"UOP02-DEL01-GO"
496487;2022-12-31;"sábado";"18:35:00";"RJ";101;314;"SAO GONCALO";"Avarias e/ou desgaste excessivo no pneu";"Saída de leito carroçável";"Sem Vítimas";"Anoitecer";"Crescente";"Nublado";"Dupla";"Reta";"Sim";1;0;0;0;1;0;0;1;-22,81648739;-43,07728467;"SPRF-RJ";"DEL02-RJ";"UOP02-DEL02-RJ"
496488;2022-12-31;"sábado";"19:10:00";"SP";116;147,5;"SAO JOSE DOS CAMPOS";"Ausência de reação do condutor";"Colisão com objeto";"Sem Vítimas";"Plena Noite";"Crescente";"Céu Claro";"Múltipla";"Reta";"Sim";1;0;0;0;0;1;0;1;-23,19542994;-45,87176303;"SPRF-SP";"DEL02-SP";"UOP01-DEL02-SP"
496489;2022-12-31;"sábado";"21:30:00";"PR";369;37,5;"ANDIRA";"Pedestre cruzava a pista fora da faixa";"Atropelamento de Pedestre";"Com Vítimas Fatais";"Plena Noite";"Decrescente";"Céu Claro";"Dupla";"Reta;Rotatória;Aclive";"Sim";2;1;0;0;1;0;0;2;-23,0469976;-50,23497999;"SPRF-PR";"DEL07-PR";"UOP05-DEL07-PR"
496490;2022-12-22;"quinta-feira";"15:30:00";"MT";174;170,7;"PORTO ESPERIDIAO";"Ultrapassagem Indevida";"Saída de leito carroçável";"Com Vítimas Feridas";"Pleno dia";"Decrescente";"Ignorado";"Simples";"Reta";"Não";2;0;0;1;0;1;1;2;-15,85172;-58,472008;"SPRF-MT";"DEL03-MT";"UOP01-DEL03-MT"
496491;2022-12-31;"sábado";"21:00:00";"PR";116;105,5;"SAO JOSE DOS PINHAIS";"Ausência de reação do condutor";"Colisão traseira";"Com Vítimas Feridas";"Plena Noite";"Decrescente";"Nublado";"Dupla";"Reta";"Sim";2;0;1;0;1;0;1;2;-25,57093678;-49,21394348;"SPRF-PR";"DEL01-PR";"UOP07-DEL01-PR"
496492;2022-12-31;"sábado";"20:40:00";"SC";116;231,7;"CORREIA PINTO";"Velocidade Incompatível";"Saída de leito carroçável";"Com Vítimas Feridas";"Plena Noite";"Decrescente";"Céu Claro";"Simples";"Reta";"Não";2;0;1;0;1;0;1;1;-27,67428901;-50,33598326;"SPRF-SC";"DEL05-SC";"UOP03-DEL05-SC"
496493;2022-12-31;"sábado";"20:40:00";"MA";222;346,8;"MONCAO";"Reação tardia ou ineficiente do condutor";"Colisão lateral sentido oposto";"Com Vítimas Feridas";"Plena Noite";"Decrescente";"Nublado";"Simples";"Reta";"Não";2;0;1;0;1;0;1;2;-3,61739154;-45,14327026;"SPRF-MA";"DEL02-MA";"UOP01-DEL02-MA"
496494;2022-12-31;"sábado";"22:00:00";"DF";70;2;"BRASILIA";"Ingestão de álcool pelo condutor";"Saída de leito carroçável";"Com Vítimas Feridas";"Plena Noite";"Crescente";"Céu Claro";"Dupla";"Reta";"Sim";1;0;1;0;0;0;1;1;-15,798048;-48,073235;"SPRF-DF";"DEL03-DF";"UOP02-DEL03-DF"
496495;2022-12-31;"sábado";"21:30:00";"PR";277;98,7;"CURITIBA";"Reação tardia ou ineficiente do condutor";"Saída de leito carroçável";"Sem Vítimas";"Plena Noite";"Crescente";"Céu Claro";"Dupla";"Reta";"Sim";2;0;0;0;2;0;0;2;-25,43097656;-49,35877327;"SPRF-PR";"DEL01-PR";"UOP06-DEL01-PR"
496496;2022-12-31;"sábado";"20:30:00";"RS";285;86,9;"BOM JESUS";"Condutor Dormindo";"Colisão com objeto";"Com Vítimas Feridas";"Plena Noite";"Decrescente";"Céu Claro";"Simples";"Curva";"Não";3;0;3;0;0;0;3;1;-28,62950737;-50,67426682;"SPRF-RS";"DEL05-RS";"UOP03-DEL05-RS"
496497;2022-12-31;"sábado";"20:10:00";"MS";163;21,1;"MUNDO NOVO";"Ingestão de álcool pelo condutor";"Colisão lateral sentido oposto";"Com Vítimas Feridas";"Plena Noite";"Decrescente";"Céu Claro";"Simples";"Aclive;Reta";"Não";3;0;1;0;2;0;1;2;-23,91837576;-54,2894369;"SPRF-MS";"DEL09-MS";"UOP02-DEL09-MS"
496498;2022-12-31;"sábado";"20:35:00";"RS";293;183;"BAGE";"Ausência de reação do condutor";"Capotamento";"Com Vítimas Feridas";"Plena Noite";"Crescente";"Céu Claro";"Simples";"Reta";"Não";1;0;1;0;0;0;1;1;-31,28667718;-54,07908707;"SPRF-RS";"DEL11-RS";"UOP03-DEL11-RS"