"id";"data_inversa";"dia_semana";"horario";"uf";"br";"km";"municipio";"causa_acidente";"tipo_acidente";"classificacao_acidente";"fase_dia";"sentido_via";"condicao_metereologica";"tipo_pista";"tracado_via";"uso_solo";"pessoas";"mortos";"feridos_leves";"feridos_graves";"ilesos";"ignorados";"feridos";"veiculos";"latitude";"longitude";"regional";"delegacia";"uop"
496499;2022-12-31;"sábado";"22:45:00";"CE";116;15;"FORTALEZA";"Ausência de reação do condutor";"Colisão traseira";"Com Vítimas Feridas";"Plena Noite";"Crescente";"Céu Claro";"Dupla";"Reta";"Sim";3;0;1;0;2;0;1;2;-3,87839882;-38,50066893;"SPRF-CE";"DEL01-CE";"UOP02-DEL01-CE"
496502;2022-12-31;"sábado";"22:00:00";"PB";230;156;"CAMPINA GRANDE";"Condutor Dormindo";"Saída de leito carroçável";"Sem Vítimas";"Plena Noite";"Decrescente";"Céu Claro";"Simples";"Reta";"Sim";1;0;0;0;1;0;0;1;-7,2693;-35,9138;"SPRF-PB";"DEL02-PB";"UOP01-DEL02-PB"
496503;2022-12-31;"sábado";"20:40:00";"ES";101;148;"LINHARES";"Entrada inopinada do pedestre";"Atropelamento de Pedestre";"Com Vítimas Feridas";"Plena Noite";"Crescente";"Nublado";"Dupla";"Reta";"Sim";2;0;0;1;1;0;1;2;-19,37887202;-40,06657892;"SPRF-ES";"DEL04-ES";"UOP01-DEL04-ES"
496504;2022-12-31;"sábado";"23:50:00";"RS";116;572,1;"PEDRO OSORIO";"Ausência de reação do condutor";"Colisão traseira";"Com Vítimas Fatais";"Plena Noite";"Crescente";"Céu Claro";"Simples";"Reta";"Não";3;1;1;1;0;0;2;2;-31,97551004;-52,78900896;"SPRF-RS";"DEL07-RS";"UOP03-DEL07-RS"
496505;2022-12-31;"sábado";"14:00:00";"SC";101;269;"PAULO LOPES";"Ausência de reação do condutor";"Saída de leito carroçável";"Com Vítimas Feridas";"Pleno dia";"Decrescente";"Céu Claro";"Dupla";"Curva";"Não";3;0;3;0;0;0;3;1;-28,09417595;-48,70917593;"SPRF-SC";"DEL02-SC";"UOP03-DEL02-SC"
496508;2022-12-31;"sábado";"20:45:00";"SC";280;234,6;"CANOINHAS";"Transitar na contramão";"Colisão frontal";"Sem Vítimas";"Plena Noite";"Decrescente";"Céu Claro";"Simples";"Reta;Declive";"Sim";6;0;0;0;6;0;0;2;-26,19130591;-50,40255601;"SPRF-SC";"DEL06-SC";"UOP04-DEL06-SC"
496509;2022-12-31;"sábado";"19:40:00";"MT";163;859;"SINOP";"Condutor deixou de manter distância do veículo da frente";"Colisão traseira";"Com Vítimas Feridas";"Plena Noite";"Decrescente";"Céu Claro";"Simples";"Reta";"Não";5;0;2;0;3;0;2;2;-11,7772752;-55,47336929;"SPRF-MT";"DEL06-MT";"NPF/DEL06-MT"
496511;2022-12-31;"sábado";"23:00:00";"SC";116;218,3;"CORREIA PINTO";"Animais na Pista";"Atropelamento de Animal";"Com Vítimas Fatais";"Plena Noite";"Decrescente";"Céu Claro";"Simples";"Reta";"Não";1;1;0;0;0;0;0;1;-27,5727988;-50,3723302;"SPRF-SC";"DEL05-SC";"UOP03-DEL05-SC"
496514;2022-12-31;"sábado";"23:40:00";"AL";316;112,3;"CACIMBINHAS";"Velocidade Incompatível";"Colisão com objeto";"Com Vítimas Feridas";"Plena Noite";"Crescente";"Céu Claro";"Simples";"Reta";"Não";1;0;1;0;0;0;1;1;-9,39709982;-37,00908096;"SPRF-AL";"DEL03-AL";"UOP01-DEL03-AL"
496520;2022-12-31;"sábado";"19:54:00";"MA";135;11;"SAO LUIS";"Acessar a via sem observar a presença dos outros veículos";"Colisão transversal";"Com Vítimas Feridas";"Plena Noite";"Crescente";"Céu Claro";"Dupla";"Retorno Regulamentado;Reta";"Não";2;0;1;0;0;1;1;2;-2,66470782;-44,28673431;"SPRF-MA";"DEL01-MA";"UOP01-DEL01-MA"
496523;2022-12-31;"sábado";"23:00:00";"MT";364;227;"RONDONOPOLIS";"Acessar a via sem observar a presença dos outros veículos";"Atropelamento de Pedestre";"Com Vítimas Feridas";"Plena Noite";"Decrescente";"Céu Claro";"Dupla";"Reta";"Não";3;0;0;1;2;0;1;1;-16,29044795;-54,76386888;"SPRF-MT";"DEL02-MT";"UOP01-DEL02-MT"
496539;2022-12-31;"sábado";"22:40:00";"SC";101;131;"BALNEARIO CAMBORIU";"Ausência de reação do condutor";"Tombamento";"Com Vítimas Feridas";"Plena Noite";"Decrescente";"Céu Claro";"Dupla";"Reta";"Sim";1;0;0;1;0;0;1;1;-26,99064209;-48,66310912;"SPRF-SC";"DEL04-SC";"UOP03-DEL04-SC"
496544;2022-12-31;"sábado";"22:20:00";"RS";101;44,5;"TERRA DE AREIA";"Animais na Pista";"Atropelamento de Animal";"Com Vítimas Feridas";"Plena Noite";"Decrescente";"Céu Claro";"Dupla";"Reta;Aclive";"Não";3;0;3;0;0;0;3;1;-29,56374291;-50,0483036;"SPRF-RS";"DEL03-RS";"UOP02-DEL03-RS"
496552;2022-12-31;"sábado";"23:30:00";"ES";101;302;"VIANA";"Ingestão de álcool pelo condutor";"Capotamento";"Sem Vítimas";"Plena Noite";"Crescente";"Nublado";"Dupla";"Reta";"Não";1;0;0;0;0;1;0;1;-20,36958283;-40,44384551;"SPRF-ES";"DEL01-ES";"UOP01-DEL01-ES"
496608;2022-12-13;"terça-feira";"06:30:00";"ES";262;55;"MARECHAL FLORIANO";"Acesso irregular";"Tombamento";"Com Vítimas Feridas";"Pleno dia";"Decrescente";"Ignorado";"Simples";"Reta";"Não";1;0;1;0;0;0;1;1;-20,41120651;-40,7479394;"SPRF-ES";"DEL01-ES";"UOP01-DEL01-ES"
496679;2022-12-23;"sexta-feira";"03:15:00";"MG";365;646,5;"UBERLANDIA";"Condutor Dormindo";"Saída de leito carroçável";"Com Vítimas Feridas";"Plena Noite";"Decrescente";"Céu Claro";"Dupla";"Reta";"Não";1;0;1;0;0;0;1;1;-18,8740774;-48,53386402;"SPRF-MG";"DEL15-MG";"UOP01-DEL15-MG"
496697;2022-12-08;"quinta-feira";"08:20:00";"MG";381;486;"BETIM";"Trafegar com motocicleta (ou similar) entre as faixas";"Colisão traseira";"Com Vítimas Feridas";"Pleno dia";"Crescente";"Ignorado";"Dupla";"Reta";"Sim";2;0;0;1;1;0;1;2;-19,95527137;-44,11536455;"SPRF-MG";"DEL01-MG";"UOP03-DEL01-MG"
496744;2022-12-12;"segunda-feira";"20:45:00";"ES";101;66;"SAO MATEUS";"Reação tardia ou ineficiente do condutor";"Tombamento";"Com Vítimas Feridas";"Plena Noite";"Decrescente";"Céu Claro";"Dupla";"Reta";"Sim";1;0;1;0;0;0;1;1;-18,7165195;-39,87436378;"SPRF-ES";"DEL04-ES";"UOP02-DEL04-ES"
496768;2022-12-25;"domingo";"05:10:00";"PA";222;216;"BOM JESUS DO TOCANTINS";"Ausência de reação do condutor";"Colisão traseira";"Com Vítimas Feridas";"Amanhecer";"Decrescente";"Céu Claro";"Simples";"Declive;Reta";"Não";3;0;0;2;0;1;2;2;-5,174596;-48,962471;"SPRF-PA";"DEL03-PA";"UOP01-DEL03-PA"
496784;2022-12-01;"quinta-feira";"08:05:00";"MG";365;625,2;"UBERLANDIA";"Condutor deixou de manter distância do veículo da frente";"Colisão traseira";"Com Vítimas Feridas";"Pleno dia";"Crescente";"Céu Claro";"Dupla";"Ponte";"Sim";3;0;0;1;1;1;1;3;-18,91014346;-48,30597281;"SPRF-MG";"DEL15-MG";"UOP01-DEL15-MG"
496846;2022-12-27;"terça-feira";"14:00:00";"PB";230;252;"JUAZEIRINHO";"Ultrapassagem Indevida";"Colisão frontal";"Com Vítimas Feridas";"Pleno dia";"Decrescente";"Céu Claro";"Simples";"Reta";"Sim";3;0;3;0;0;0;3;3;-7,0468;-36,6581;"SPRF-PB";"DEL03-PB";"UOP01-DEL03-PB"
496872;2022-12-29;"quinta-feira";"22:50:00";"RJ";116;222;"PARACAMBI";"Reação tardia ou ineficiente do condutor";"Colisão com objeto";"Com Vítimas Feridas";"Plena Noite";"Decrescente";"Garoa/Chuvisco";"Dupla";"Curva";"Não";1;0;1;0;0;0;1;1;-22,6896952;-43,79175108;"SPRF-RJ";"DEL07-RJ";"UOP01-DEL07-RJ"
496873;2022-12-23;"sexta-feira";"09:45:00";"RS";116;488,6;"TURUCU";"Reação tardia ou ineficiente do condutor";"Saída de leito carroçável";"Com Vítimas Feridas";"Pleno dia";"Decrescente";"Céu Claro";"Simples";"Reta";"Não";2;0;1;0;1;0;1;1;-31,45150701;-52,20482999;"SPRF-RS";"DEL07-RS";"UOP01-DEL07-RS"
496878;2022-04-17;"domingo";"20:15:00";"RJ";101;391;"RIO DE JANEIRO";"Animais na Pista";"Atropelamento de Animal";"Com Vítimas Feridas";"Plena Noite";"Crescente";"Céu Claro";"Dupla";"Reta";"Não";6;0;1;4;1;0;5;3;-22,894827;-43,68492;"SPRF-RJ";"DEL03-RJ";"UOP01-DEL03-RJ"
496905;2022-12-21;"quarta-feira";"16:05:00";"RS";290;641,7;"URUGUAIANA";"Transitar na contramão";"Colisão lateral sentido oposto";"Com Vítimas Feridas";"Pleno dia";"Crescente";"Sol";"Simples";"Reta";"Não";4;0;4;0;0;0;4;2;-30,008638;-56,32848;"SPRF-RS";"DEL13-RS";"UOP02-DEL13-RS"
496935;2022-11-25;"sexta-feira";"04:00:00";"RN";101;96;"NATAL";"Ingestão de álcool pelo condutor";"Colisão com objeto";"Com Vítimas Feridas";"Amanhecer";"Crescente";"Céu Claro";"Múltipla";"Viaduto";"Sim";2;0;0;1;1;0;1;2;-5,84949622;-35,20890752;"SPRF-RN";"DEL01-RN";"UOP01-DEL01-RN"
496940;2022-12-25;"domingo";"19:10:00";"ES";101;186,2;"ARACRUZ";"Manobra de mudança de faixa";"Colisão lateral mesmo sentido";"Com Vítimas Feridas";"Plena Noite";"Crescente";"Garoa/Chuvisco";"Simples";"Reta;Declive";"Não";7;0;2;1;3;1;3;3;-19,66488404;-40,24929498;"SPRF-ES";"DEL04-ES";"UOP01-DEL04-ES"
496957;2022-12-30;"sexta-feira";"13:00:00";"PR";277;730,5;"FOZ DO IGUACU";"Condutor deixou de manter distância do veículo da frente";"Colisão traseira";"Com Vítimas Feridas";"Pleno dia";"Decrescente";"Céu Claro";"Dupla";"Curva";"Sim";2;0;1;0;0;1;1;2;-25,50992498;-54,59587466;"SPRF-PR";"DEL05-PR";"UOP03-DEL05-PR"
496976;2022-12-15;"quinta-feira";"05:30:00";"MG";40;526;"CONTAGEM";"Ausência de sinalização";"Queda de ocupante de veículo";"Com Vítimas Feridas";"Pleno dia";"Crescente";"Céu Claro";"Dupla";"Reta";"Não";2;0;1;0;1;0;1;1;-19,89255399;-44,04985478;"SPRF-MG";"DEL01-MG";"UOP02-DEL01-MG"
496990;2022-12-05;"segunda-feira";"20:55:00";"ES";101;288;"CARIACICA";"Velocidade Incompatível";"Saída de leito carroçável";"Com Vítimas Feridas";"Plena Noite";"Decrescente";"Céu Claro";"Dupla";"Reta";"Sim";1;0;0;1;0;0;1;1;-20,27160351;-40,39091743;"SPRF-ES";"DEL01-ES";"UOP01-DEL01-ES"
496994;2022-11-12;"sábado";"19:25:00";"PR";277;78,5;"CURITIBA";"Ausência de reação do condutor";"Colisão traseira";"Com Vítimas Fatais";"Plena Noite";"Decrescente";"Nublado";"Dupla";"Declive";"Sim";8;1;2;0;3;2;2;5;-25,48068001;-49,19731915;"SPRF-PR";"DEL01-PR";"UOP01-DEL01-PR"
496995;2022-12-30;"sexta-feira";"23:40:00";"GO";60;26,2;"ALEXANIA";"Neblina";"Atropelamento de Pedestre";"Com Vítimas Feridas";"Plena Noite";"Decrescente";"Nevoeiro/Neblina";"Dupla";"Reta;Aclive";"Não";2;0;1;0;1;0;1;2;-16,0963;-48,5202;"SPRF-DF";"DEL03-DF";"UOP01-DEL03-DF"
496997;2022-12-26;"segunda-feira";"16:30:00";"MG";40;445;"PARAOPEBA";"Velocidade Incompatível";"Saída de leito carroçável";"Com Vítimas Feridas";"Pleno dia";"Crescente";"Chuva";"Dupla";"Reta";"Não";5;0;4;1;0;0;5;1;-19,28815;-44,392;"SPRF-MG";"DEL02-MG";"UOP01-DEL02-MG"
497004;2022-12-14;"quarta-feira";"19:40:00";"AM";174;961;"MANAUS";"Ultrapassagem Indevida";"Colisão lateral sentido oposto";"Sem Vítimas";"Plena Noite";"Crescente";"Céu Claro";"Simples";"Reta";"Sim";3;0;0;0;3;0;0;3;-2,30154395;-60,04421049;"SPRF-AM";"DEL01-AM";"UOP01-DEL01-AM"
497021;2022-11-01;"terça-feira";"22:00:00";"MG";40;436,3;"PARAOPEBA";"Entrada inopinada do pedestre";"Atropelamento de Pedestre";"Com Vítimas Fatais";"Plena Noite";"Decrescente";"Chuva";"Dupla";"Retorno Regulamentado";"Não";3;1;1;0;1;0;1;2;-19,22540708;-44,44298306;"SPRF-MG";"DEL02-MG";"UOP01-DEL02-MG"
497036;2022-12-26;"segunda-feira";"23:00:00";"SC";101;21;"JOINVILLE";"Acumulo de água sobre o pavimento";"Colisão com objeto";"Com Vítimas Feridas";"Plena Noite";"Crescente";"Chuva";"Dupla";"Curva";"Não";1;0;1;0;0;0;1;1;-26,14793022;-48,90894562;"SPRF-SC";"DEL03-SC";"UOP01-DEL03-SC"
497080;2022-10-07;"sexta-feira";"12:50:00";"MG";40;521;"CONTAGEM";"Velocidade Incompatível";"Saída de leito carroçável";"Com Vítimas Feridas";"Pleno dia";"Crescente";"Chuva";"Dupla";"Curva";"Não";1;0;1;0;0;0;1;1;-19,85651501;-44,07213222;"SPRF-MG";"DEL01-MG";"UOP02-DEL01-MG"
497110;2022-05-21;"sábado";"19:26:00";"PA";163;985;"SANTAREM";"Transitar na contramão";"Colisão frontal";"Com Vítimas Feridas";"Plena Noite";"Decrescente";"Céu Claro";"Simples";"Reta";"Sim";2;0;2;0;0;0;2;2;-2,60170904;-54,7193154;"SPRF-PA";"DEL05-PA";"UOP01-DEL05-PA"
497143;2022-12-19;"segunda-feira";"18:50:00";"RS";285;3;"SAO BORJA";"Reação tardia ou ineficiente do condutor";"Saída de leito carroçável";"Sem Vítimas";"Pleno dia";"Crescente";"Sol";"Simples";"Interseção de Vias";"Sim";1;0;0;0;1;0;0;1;-28,64109446;-55,98793209;"SPRF-RS";"DEL12-RS";"UOP01-DEL12-RS"
497172;2022-12-29;"quinta-feira";"12:00:00";"MG";381;732,3;"CARMO DA CACHOEIRA";"Chuva";"Capotamento";"Com Vítimas Feridas";"Pleno dia";"Decrescente";"Chuva";"Dupla";"Reta";"Não";1;0;1;0;0;0;1;1;-21,55413799;-45,24499427;"SPRF-MG";"DEL16-MG";"UOP02-DEL16-MG"
497176;2022-12-09;"sexta-feira";"20:20:00";"RJ";40;51;"PETROPOLIS";"Transitar na contramão";"Colisão frontal";"Com Vítimas Feridas";"Plena Noite";"Decrescente";"Céu Claro";"Dupla";"Rotatória";"Sim";2;0;0;1;1;0;1;2;-22,32705315;-43,13253559;"SPRF-RJ";"DEL05-RJ";"UOP02-DEL05-RJ"
497177;2022-12-31;"sábado";"01:30:00";"BA";116;540;"ITATIM";"Manobra de mudança de faixa";"Saída de leito carroçável";"Com Vítimas Feridas";"Plena Noite";"Decrescente";"Céu Claro";"Simples";"Curva";"Não";2;0;2;0;0;0;2;1;-12,78714208;-39,8176587;"SPRF-BA";"DEL03-BA";"UOP02-DEL03-BA"
497190;2022-11-02;"quarta-feira";"21:30:00";"PR";277;598;"CASCAVEL";"Condutor deixou de manter distância do veículo da frente";"Colisão traseira";"Com Vítimas Feridas";"Plena Noite";"Decrescente";"Céu Claro";"Dupla";"Reta";"Não";2;0;0;1;1;0;1;2;-24,99599861;-53,51520034;"SPRF-PR";"DEL04-PR";"UOP01-DEL04-PR"
497191;2022-12-18;"domingo";"13:40:00";"BA";235;349;"JUAZEIRO";"Ingestão de álcool pelo condutor";"Colisão frontal";"Com Vítimas Feridas";"Pleno dia";"Crescente";"Céu Claro";"Simples";"Reta";"Sim";4;0;1;0;3;0;1;2;-9,43174507;-40,49803816;"SPRF-PE";"DEL06-PE";"UOP01-DEL06-PE"
497195;2022-10-30;"domingo";"12:00:00";"RN";110;47;"MOSSORO";"Reação tardia ou ineficiente do condutor";"Engavetamento";"Com Vítimas Feridas";"Pleno dia";"Decrescente";"Céu Claro";"Simples";"Reta";"Sim";3;0;1;0;2;0;1;3;-5,20338376;-37,32563418;"SPRF-RN";"DEL04-RN";"UOP01-DEL04-RN"
497207;2022-12-21;"quarta-feira";"09:40:00";"RS";290;90;"PORTO ALEGRE";"Reação tardia ou ineficiente do condutor";"Colisão traseira";"Sem Vítimas";"Pleno dia";"Crescente";"Céu Claro";"Dupla";"Reta";"Sim";6;0;0;0;6;0;0;2;-29,968319;-51,157398;"SPRF-RS";"DEL01-RS";"UOP01-DEL01-RS"
497211;2022-12-30;"sexta-feira";"15:00:00";"MS";267;24,5;"BATAGUASSU";"Reação tardia ou ineficiente do condutor";"Colisão com objeto";"Com Vítimas Feridas";"Pleno dia";"Crescente";"Céu Claro";"Simples";"Reta;Declive";"Não";3;0;2;1;0;0;3;1;-21,7260282;-52,3133591;"SPRF-MS";"DEL02-MS";"UOP04-DEL02-MS"
497227;2022-12-23;"sexta-feira";"20:00:00";"PR";376;179;"MARINGA";"Ausência de reação do condutor";"Colisão com objeto";"Com Vítimas Feridas";"Plena Noite";"Crescente";"Céu Claro";"Dupla";"Reta";"Sim";3;0;2;1;0;0;3;1;-23,42242637;-51,90420985;"SPRF-PR";"DEL09-PR";"UOP01-DEL09-PR"
497230;2022-11-29;"terça-feira";"00:00:00";"PI";343;512,9;"AMARANTE";"Ausência de reação do condutor";"Colisão frontal";"Com Vítimas Fatais";"Plena Noite";"Crescente";"Chuva";"Simples";"Reta";"Não";2;1;1;0;0;0;1;2;-6,296729;-42,812344;"SPRF-PI";"DEL03-PI";"UOP01-DEL03-PI"
497265;2022-12-19;"segunda-feira";"11:30:00";"ES";262;46,2;"MARECHAL FLORIANO";"Reação tardia ou ineficiente do condutor";"Colisão transversal";"Com Vítimas Feridas";"Pleno dia";"Crescente";"Chuva";"Simples";"Retorno Regulamentado";"Sim";2;0;0;1;1;0;1;2;-20,40565705;-40,67280081;"SPRF-ES";"DEL01-ES";"UOP01-DEL01-ES"
497322;2022-10-17;"segunda-feira";"03:00:00";"AL";316;93,7;"SANTANA DO IPANEMA";"Condutor Dormindo";"Colisão com objeto";"Com Vítimas Feridas";"Plena Noite";"Crescente";"Céu Claro";"Simples";"Reta";"Não";1;0;0;1;0;0;1;1;-9,38753121;-37,179845;"SPRF-AL";"DEL03-AL";"UOP02-DEL03-AL"
497325;2022-12-07;"quarta-feira";"22:00:00";"PB";101;75,4;"CONDE";"Restrição de visibilidade em curvas verticais";"Atropelamento de Pedestre";"Com Vítimas Fatais";"Plena Noite";"Decrescente";"Céu Claro";"Dupla";"Aclive";"Não";2;1;0;0;0;1;0;2;-7,229053;-34,919093;"SPRF-PB";"DEL01-PB";"UOP04-DEL01-PB"
497364;2022-12-24;"sábado";"19:40:00";"GO";60;258;"INDIARA";"Animais na Pista";"Atropelamento de Animal";"Com Vítimas Feridas";"Plena Noite";"Decrescente";"Céu Claro";"Dupla";"Reta";"Não";42;0;0;4;38;0;4;1;-17,156524;-50,029011;"SPRF-GO";"DEL01-GO";"UOP02-DEL01-GO"
497385;2022-12-27;"terça-feira";"23:30:00";"RJ";101;67;"CAMPOS DOS GOYTACAZES";"Reação tardia ou ineficiente do condutor";"Queda de ocupante de veículo";"Com Vítimas Feridas";"Plena Noite";"Crescente";"Nublado";"Simples";"Reta";"Sim";2;0;0;1;0;1;1;2;-21,76751094;-41,34876249;"SPRF-RJ";"DEL08-RJ";"UOP02-DEL08-RJ"
497399;2022-12-11;"domingo";"00:45:00";"SC";280;122;"RIO NEGRINHO";"Conversão proibida";"Colisão frontal";"Com Vítimas Feridas";"Plena Noite";"Crescente";"Nublado";"Simples";"Interseção de Vias";"Não";2;0;1;0;1;0;1;2;-26,24855895;-49,45712883;"SPRF-SC";"DEL06-SC";"UOP03-DEL06-SC"
497412;2022-12-19;"segunda-feira";"16:20:00";"RJ";393;281,7;"VOLTA REDONDA";"Acessar a via sem observar a presença dos outros veículos";"Colisão frontal";"Com Vítimas Feridas";"Pleno dia";"Crescente";"Nublado";"Simples";"Curva";"Sim";2;0;1;0;1;0;1;2;-22,47373905;-44,06126976;"SPRF-RJ";"DEL05-RJ";"UOP04-DEL05-RJ"
497418;2022-12-13;"terça-feira";"06:30:00";"RJ";116;107;"GUAPIMIRIM";"Ultrapassagem Indevida";"Colisão lateral mesmo sentido";"Com Vítimas Feridas";"Amanhecer";"Decrescente";"Céu Claro";"Simples";"Reta";"Sim";2;0;0;1;1;0;1;2;-22,56115318;-42,99666882;"SPRF-RJ";"DEL04-RJ";"UOP01-DEL04-RJ"
497422;2022-11-14;"segunda-feira";"17:05:00";"ES";101;158,5;"LINHARES";"Reação tardia ou ineficiente do condutor";"Colisão traseira";"Com Vítimas Feridas";"Anoitecer";"Decrescente";"Céu Claro";"Simples";"Reta";"Não";2;0;1;0;0;1;1;2;-19,46189856;-40,10541916;"SPRF-ES";"DEL04-ES";"UOP01-DEL04-ES"
497426;2022-12-05;"segunda-feira";"00:40:00";"RJ";40;88;"PETROPOLIS";"Mal súbito do condutor";"Saída de leito carroçável";"Com Vítimas Feridas";"Plena Noite";"Decrescente";"Céu Claro";"Simples";"Curva";"Não";1;0;1;0;0;0;1;1;-22,55074592;-43,24726626;"SPRF-RJ";"DEL06-RJ";"UOP01-DEL06-RJ"
497455;2022-10-23;"domingo";"12:05:00";"MT";158;563;"AGUA BOA";"Transitar na contramão";"Colisão frontal";"Com Vítimas Fatais";"Pleno dia";"Crescente";"Céu Claro";"Simples";"Reta";"Não";2;1;0;0;1;0;0;2;-14,0112489;-52,15202134;"SPRF-MT";"DEL07-MT";"UOP02-DEL07-MT"
497486;2022-11-26;"sábado";"15:50:00";"RS";101;52,7;"TERRA DE AREIA";"Velocidade Incompatível";"Colisão com objeto";"Com Vítimas Fatais";"Pleno dia";"Crescente";"Nublado";"Dupla";"Ponte";"Não";2;2;0;0;0;0;0;1;-29,63494909;-50,1014328;"SPRF-RS";"DEL03-RS";"UOP02-DEL03-RS"
497519;2022-03-14;"segunda-feira";"07:45:00";"PR";116;143;"MANDIRITUBA";"Acessar a via sem observar a presença dos outros veículos";"Colisão transversal";"Com Vítimas Fatais";"Pleno dia";"Crescente";"Nublado";"Simples";"Reta";"Não";6;3;2;0;0;1;2;3;-25,75533595;-49,31864209;"SPRF-PR";"DEL01-PR";"UOP03-DEL01-PR"
497524;2022-12-10;"sábado";"01:00:00";"ES";101;293;"CARIACICA";"Avarias e/ou desgaste excessivo no pneu";"Colisão com objeto";"Com Vítimas Feridas";"Plena Noite";"Decrescente";"Ignorado";"Dupla";"Reta";"Sim";2;0;1;0;1;0;1;1;-20,31526144;-40,39567044;"SPRF-ES";"DEL01-ES";"UOP01-DEL01-ES"
497535;2022-12-22;"quinta-feira";"08:20:00";"GO";452;175;"ITUMBIARA";"Manobra de mudança de faixa";"Colisão frontal";"Com Vítimas Feridas";"Pleno dia";"Decrescente";"Sol";"Simples";"Ponte;Reta";"Não";3;0;0;1;2;0;1;2;-18,35117173;-49,38769586;"SPRF-GO";"DEL03-GO";"UOP02-DEL03-GO"
497542;2022-12-01;"quinta-feira";"20:53:00";"MG";116;703;"MURIAE";"Chuva";"Tombamento";"Com Vítimas Feridas";"Plena Noite";"Crescente";"Garoa/Chuvisco";"Simples";"Interseção de Vias";"Sim";1;0;1;0;0;0;1;1;-21,12682309;-42,3832189;"SPRF-MG";"DEL07-MG";"UOP02-DEL07-MG"
497546;2022-12-18;"domingo";"04:00:00";"CE";116;428;"IPAUMIRIM";"Ausência de reação do condutor";"Tombamento";"Com Vítimas Feridas";"Pleno dia";"Crescente";"Céu Claro";"Simples";"Rotatória";"Não";2;0;1;1;0;0;2;1;-6,82429079;-38,75036573;"SPRF-CE";"DEL05-CE";"UOP01-DEL05-CE"
497550;2022-02-02;"quarta-feira";"23:50:00";"RO";364;419;"JARU";"Deficiência do Sistema de Iluminação/Sinalização";"Eventos atípicos";"Com Vítimas Feridas";"Plena Noite";"Crescente";"Nublado";"Simples";"Declive";"Não";3;0;2;0;0;1;2;3;-10,48262607;-62,44173207;"SPRF-RO";"DEL03-RO";"UOP02-DEL03-RO"
497551;2022-12-21;"quarta-feira";"18:35:00";"RJ";101;398;"ITAGUAI";"Reação tardia ou ineficiente do condutor";"Colisão traseira";"Com Vítimas Feridas";"Plena Noite";"Crescente";"Céu Claro";"Dupla";"Reta";"Não";3;0;1;0;2;0;1;2;-22,86787912;-43,74862922;"SPRF-RJ";"DEL03-RJ";"UOP01-DEL03-RJ"
497553;2022-12-18;"domingo";"21:00:00";"SC";101;335;"TUBARAO";"Acumulo de água sobre o pavimento";"Colisão com objeto";"Com Vítimas Feridas";"Plena Noite";"Decrescente";"Chuva";"Dupla";"Reta;Declive;Ponte";"Sim";2;0;2;0;0;0;2;1;-28,4819590758;-49,0349094862;"SPRF-SC";"DEL02-SC";"UOP01-DEL02-SC"
497558;2022-12-22;"quinta-feira";"21:00:00";"BA";101;297;"VALENCA";"Animais na Pista";"Atropelamento de Animal";"Com Vítimas Feridas";"Plena Noite";"Crescente";"Ignorado";"Simples";"Reta";"Não";1;0;0;1;0;0;1;1;-13,34350398;-39,38654101;"SPRF-BA";"DEL01-BA";"UOP02-DEL01-BA"
497573;2022-12-20;"terça-feira";"19:38:00";"MA";10;240,5;"IMPERATRIZ";"Manobra de mudança de faixa";"Colisão lateral sentido oposto";"Com Vítimas Feridas";"Plena Noite";"Crescente";"Nublado";"Simples";"Reta";"Não";2;0;1;0;1;0;1;2;-5,625862;-47,408913;"SPRF-MA";"DEL04-MA";"UOP01-DEL04-MA"
497582;2022-12-08;"quinta-feira";"09:40:00";"PR";376;175,7;"MARINGA";"Manobra de mudança de faixa";"Colisão traseira";"Com Vítimas Feridas";"Pleno dia";"Decrescente";"Céu Claro";"Dupla";"Reta";"Sim";2;0;0;1;1;0;1;2;-23,4113569;-51,9407767;"SPRF-PR";"DEL09-PR";"UOP01-DEL09-PR"
497584;2022-12-18;"domingo";"17:20:00";"ES";101;2;"PEDRO CANARIO";"Reação tardia ou ineficiente do condutor";"Saída de leito carroçável";"Com Vítimas Feridas";"Anoitecer";"Decrescente";"Chuva";"Simples";"Curva";"Não";2;0;0;2;0;0;2;1;-18,19250223;-39,92246769;"SPRF-ES";"DEL04-ES";"UOP02-DEL04-ES"
497593;2022-07-14;"quinta-feira";"18:10:00";"PR";369;132,1;"IBIPORA";"Reação tardia ou ineficiente do condutor";"Colisão traseira";"Com Vítimas Feridas";"Plena Noite";"Crescente";"Céu Claro";"Dupla";"Aclive";"Sim";1;0;0;1;0;0;1;1;-23,260246;-51,003398;"SPRF-PR";"DEL07-PR";"UOP01-DEL07-PR"
497594;2022-12-22;"quinta-feira";"08:15:00";"RN";304;30;"MOSSORO";"Acesso irregular";"Colisão lateral mesmo sentido";"Com Vítimas Feridas";"Pleno dia";"Crescente";"Céu Claro";"Dupla";"Reta";"Não";3;0;1;0;1;1;1;2;-5,11703801;-37,34100094;"SPRF-RN";"DEL04-RN";"UOP02-DEL04-RN"
497596;2022-08-26;"sexta-feira";"18:30:00";"BA";324;623;"SALVADOR";"Reação tardia ou ineficiente do condutor";"Colisão lateral mesmo sentido";"Com Vítimas Feridas";"Anoitecer";"Decrescente";"Nublado";"Dupla";"Reta";"Sim";2;0;1;0;0;1;1;2;-12,9357377;-38,4723476;"SPRF-BA";"DEL01-BA";"UOP01-DEL01-BA"