"id";"data_inversa";"dia_semana";"horario";"uf";"br";"km";"municipio";"causa_acidente";"tipo_acidente";"classificacao_acidente";"fase_dia";"sentido_via";"condicao_metereologica";"tipo_pista";"tracado_via";"uso_solo";"pessoas";"mortos";"feridos_leves";"feridos_graves";"ilesos";"ignorados";"feridos";"veiculos";"latitude";"longitude";"regional";"delegacia";"uop"
497603;2022-12-22;"quinta-feira";"07:45:00";"RS";116;521;"PELOTAS";"Ausência de reação do condutor";"Colisão traseira";"Com Vítimas Feridas";"Pleno dia";"Decrescente";"Céu Claro";"Simples";"Rotatória";"Não";2;0;1;0;1;0;1;2;-31,70752405;-52,36800695;"SPRF-RS";"DEL07-RS";"UOP01-DEL07-RS"
497673;2022-04-03;"domingo";"18:00:00";"MG";381;154;"GOVERNADOR VALADARES";"Transitar na contramão";"Colisão lateral sentido oposto";"Com Vítimas Feridas";"Plena Noite";"Decrescente";"Céu Claro";"Simples";"Reta";"Sim";3;0;0;2;1;0;2;2;-18,88666107;-42,00230199;"SPRF-MG";"DEL06-MG";"UOP01-DEL06-MG"
497701;2022-09-16;"sexta-feira";"16:30:00";"MG";381;503;"BETIM";"Ausência de reação do condutor";"Colisão traseira";"Com Vítimas Feridas";"Pleno dia";"Decrescente";"Ignorado";"Dupla";"Reta";"Sim";1;0;0;1;0;0;1;1;-20,03855134;-44,25495493;"SPRF-MG";"DEL01-MG";"UOP03-DEL01-MG"
497742;2022-12-05;"segunda-feira";"07:20:00";"MG";381;478,6;"CONTAGEM";"Manobra de mudança de faixa";"Colisão lateral mesmo sentido";"Com Vítimas Feridas";"Pleno dia";"Decrescente";"Céu Claro";"Múltipla";"Reta";"Sim";3;0;1;0;2;0;1;2;-19,96302293;-44,04105663;"SPRF-MG";"DEL01-MG";"UOP03-DEL01-MG"
497777;2022-12-26;"segunda-feira";"17:43:00";"MA";222;674;"ACAILANDIA";"Acessar a via sem observar a presença dos outros veículos";"Colisão transversal";"Com Vítimas Feridas";"Anoitecer";"Crescente";"Ignorado";"Simples";"Reta;Interseção de Vias";"Sim";2;0;1;0;1;0;1;2;-4,93412557;-47,45359225;"SPRF-MA";"DEL04-MA";"UOP03-DEL04-MA"
497807;2022-12-27;"terça-feira";"10:30:00";"MS";262;60;"TRES LAGOAS";"Condutor deixou de manter distância do veículo da frente";"Colisão traseira";"Com Vítimas Feridas";"Pleno dia";"Decrescente";"Sol";"Simples";"Reta";"Não";4;0;1;0;3;0;1;2;-20,71528406;-52,14631802;"SPRF-MS";"DEL07-MS";"UOP01-DEL07-MS"
497874;2022-12-26;"segunda-feira";"00:10:00";"SC";101;419,7;"ARARANGUA";"Reação tardia ou ineficiente do condutor";"Colisão lateral mesmo sentido";"Com Vítimas Feridas";"Plena Noite";"Decrescente";"Garoa/Chuvisco";"Múltipla";"Reta";"Sim";1;0;1;0;0;0;1;1;-28,99380392;-49,55081408;"SPRF-SC";"DEL02-SC";"UOP02-DEL02-SC"
497894;2022-11-24;"quinta-feira";"21:50:00";"PR";277;651,5;"MATELANDIA";"Entrada inopinada do pedestre";"Atropelamento de Pedestre";"Com Vítimas Fatais";"Plena Noite";"Decrescente";"Céu Claro";"Simples";"Reta";"Não";2;1;0;0;1;0;0;2;-25,1974441;-53,94341989;"SPRF-PR";"DEL05-PR";"UOP02-DEL05-PR"
497993;2022-12-19;"segunda-feira";"10:30:00";"PR";116;17;"CURITIBA";"Ausência de reação do condutor";"Queda de ocupante de veículo";"Com Vítimas Feridas";"Pleno dia";"Crescente";"Chuva";"Dupla";"Reta;Interseção de Vias";"Sim";2;0;1;0;1;0;1;2;-25,3891;-49,1966;"SPRF-PR";"DEL01-PR";"UOP02-DEL01-PR"
498015;2022-12-13;"terça-feira";"18:10:00";"SC";280;28,3;"ARAQUARI";"Conversão proibida";"Colisão transversal";"Com Vítimas Feridas";"Anoitecer";"Crescente";"Nublado";"Simples";"Reta";"Sim";3;0;2;0;1;0;2;2;-26,40450077;-48,74561031;"SPRF-SC";"DEL03-SC";"UOP03-DEL03-SC"
498104;2022-11-21;"segunda-feira";"17:45:00";"PR";376;107,9;"PARANAVAI";"Acessar a via sem observar a presença dos outros veículos";"Colisão transversal";"Com Vítimas Feridas";"Pleno dia";"Decrescente";"Céu Claro";"Múltipla";"Reta";"Não";2;0;1;0;1;0;1;2;-23,06646569;-52,42710114;"SPRF-PR";"DEL09-PR";"UOP02-DEL09-PR"
498107;2022-08-25;"quinta-feira";"15:05:00";"GO";40;100,9;"CRISTALINA";"Reação tardia ou ineficiente do condutor";"Capotamento";"Com Vítimas Feridas";"Pleno dia";"Decrescente";"Sol";"Simples";"Reta";"Não";2;0;2;0;0;0;2;1;-16,786355;-47,579207;"SPRF-DF";"DEL01-DF";"UOP02-DEL01-DF"
498162;2022-10-30;"domingo";"19:20:00";"MG";381;585;"CARMOPOLIS DE MINAS";"Chuva";"Queda de ocupante de veículo";"Com Vítimas Fatais";"Plena Noite";"Crescente";"Chuva";"Dupla";"Reta";"Não";5;2;0;0;3;0;0;4;-20,538292;-44,64046;"SPRF-MG";"DEL04-MG";"UOP01-DEL04-MG"
498165;2022-10-08;"sábado";"19:10:00";"SC";101;207;"SAO JOSE";"Ausência de reação do condutor";"Engavetamento";"Com Vítimas Feridas";"Plena Noite";"Crescente";"Céu Claro";"Múltipla";"Reta";"Sim";4;0;4;0;0;0;4;4;-27,60001226;-48,6226467;"SPRF-SC";"DEL01-SC";"UOP01-DEL01-SC"
498176;2022-12-27;"terça-feira";"05:00:00";"AL";101;181,5;"JUNQUEIRO";"Reação tardia ou ineficiente do condutor";"Saída de leito carroçável";"Sem Vítimas";"Amanhecer";"Decrescente";"Céu Claro";"Dupla";"Curva;Declive";"Não";5;0;0;0;1;4;0;1;-9,89535548;-36,41225988;"SPRF-AL";"DEL02-AL";"UOP02-DEL02-AL"
498210;2022-12-22;"quinta-feira";"11:20:00";"RS";158;327;"SANTA MARIA";"Acessar a via sem observar a presença dos outros veículos";"Engavetamento";"Sem Vítimas";"Pleno dia";"Crescente";"Céu Claro";"Dupla";"Em Obras;Reta";"Sim";9;0;0;0;9;0;0;3;-29,710454;-53,82100945;"SPRF-RS";"DEL09-RS";"UOP01-DEL09-RS"
498211;2022-10-24;"segunda-feira";"19:50:00";"RS";116;250;"SAO LEOPOLDO";"Objeto estático sobre o leito carroçável";"Colisão com objeto";"Com Vítimas Feridas";"Plena Noite";"Decrescente";"Céu Claro";"Dupla";"Reta";"Sim";5;0;2;0;3;0;2;2;-29,79148798;-51,16399615;"SPRF-RS";"DEL01-RS";"UOP02-DEL01-RS"
498214;2022-12-12;"segunda-feira";"17:40:00";"PR";163;32,9;"SANTO ANTONIO DO SUDOESTE";"Acessar a via sem observar a presença dos outros veículos";"Colisão transversal";"Com Vítimas Feridas";"Pleno dia";"Crescente";"Céu Claro";"Simples";"Interseção de Vias;Reta";"Sim";2;0;0;1;0;1;1;2;-26,07494976;-53,71908903;"SPRF-PR";"DEL02-PR";"UOP02-DEL02-PR"
498252;2022-12-16;"sexta-feira";"16:05:00";"SC";101;293,4;"IMBITUBA";"Velocidade Incompatível";"Colisão traseira";"Com Vítimas Feridas";"Pleno dia";"Crescente";"Nublado";"Dupla";"Reta";"Não";3;0;0;1;2;0;1;3;-28,2856298;-48,70438133;"SPRF-SC";"DEL02-SC";"UOP03-DEL02-SC"
498258;2022-09-19;"segunda-feira";"19:00:00";"PR";277;72;"SAO JOSE DOS PINHAIS";"Reação tardia ou ineficiente do condutor";"Colisão traseira";"Com Vítimas Feridas";"Anoitecer";"Decrescente";"Chuva";"Dupla";"Interseção de Vias";"Sim";2;0;1;0;1;0;1;2;-25,50641579;-49,13980722;"SPRF-PR";"DEL01-PR";"UOP01-DEL01-PR"
498388;2022-12-05;"segunda-feira";"14:30:00";"RO";364;11;"VILHENA";"Acessar a via sem observar a presença dos outros veículos";"Colisão transversal";"Com Vítimas Feridas";"Pleno dia";"Decrescente";"Nublado";"Simples";"Reta";"Sim";2;0;2;0;0;0;2;2;-12,74605898;-60,11270299;"SPRF-RO";"DEL04-RO";"UOP01-DEL04-RO"
498445;2022-12-25;"domingo";"19:40:00";"GO";251;30;"CRISTALINA";"Ingestão de álcool e/ou substâncias psicoativas pelo pedestre";"Atropelamento de Pedestre";"Com Vítimas Fatais";"Plena Noite";"Crescente";"Chuva";"Simples";"Reta";"Sim";2;1;0;0;0;1;0;2;-16,0820873;-47,52264448;"SPRF-DF";"DEL01-DF";"UOP01-DEL01-DF"
498449;2022-12-24;"sábado";"09:50:00";"RS";386;341;"LAJEADO";"Ausência de reação do condutor";"Colisão lateral sentido oposto";"Com Vítimas Feridas";"Pleno dia";"Decrescente";"Céu Claro";"Simples";"Reta";"Não";2;0;0;1;1;0;1;2;-29,425882;-52,019684;"SPRF-RS";"DEL04-RS";"UOP01-DEL04-RS"
498477;2022-12-30;"sexta-feira";"07:15:00";"PI";343;317,5;"ALTOS";"Condutor deixou de manter distância do veículo da frente";"Colisão traseira";"Com Vítimas Feridas";"Pleno dia";"Decrescente";"Nublado";"Simples";"Reta";"Não";6;0;2;0;4;0;2;4;-5,044959;-42,544502;"SPRF-PI";"DEL01-PI";"UOP01-DEL01-PI"
498559;2022-12-10;"sábado";"22:30:00";"SC";470;32,7;"GASPAR";"Velocidade Incompatível";"Tombamento";"Com Vítimas Feridas";"Plena Noite";"Crescente";"Nublado";"Dupla";"Reta";"Sim";1;0;0;1;0;0;1;1;-26,901793;-48,931812;"SPRF-SC";"DEL04-SC";"UOP01-DEL04-SC"
498599;2022-10-03;"segunda-feira";"18:20:00";"MG";262;802;"UBERABA";"Demais falhas mecânicas ou elétricas";"Tombamento";"Com Vítimas Feridas";"Plena Noite";"Decrescente";"Céu Claro";"Dupla";"Reta";"Não";1;0;0;1;0;0;1;1;-19,779234;-47,964844;"SPRF-MG";"DEL13-MG";"UOP01-DEL13-MG"
498645;2022-11-26;"sábado";"22:45:00";"PR";277;104,7;"CAMPO LARGO";"Pedestre cruzava a pista fora da faixa";"Atropelamento de Pedestre";"Com Vítimas Fatais";"Plena Noite";"Crescente";"Garoa/Chuvisco";"Dupla";"Declive";"Sim";4;1;0;0;3;0;0;2;-25,434201;-49,412146;"SPRF-PR";"DEL03-PR";"UOP03-DEL03-PR"
498665;2022-10-28;"sexta-feira";"14:15:00";"RJ";101;453;"MANGARATIBA";"Acessar a via sem observar a presença dos outros veículos";"Colisão transversal";"Com Vítimas Feridas";"Pleno dia";"Crescente";"Nublado";"Simples";"Reta";"Sim";5;0;0;2;1;2;2;4;-23,03368968;-44,14107408;"SPRF-RJ";"DEL03-RJ";"UOP02-DEL03-RJ"
498669;2022-12-31;"sábado";"15:40:00";"MG";262;409,4;"IGARATINGA";"Condutor Dormindo";"Saída de leito carroçável";"Com Vítimas Fatais";"Pleno dia";"Decrescente";"Céu Claro";"Dupla";"Reta";"Não";1;1;0;0;0;0;0;1;-19,8901412;-44,62313102;"SPRF-MG";"DEL08-MG";"UOP03-DEL08-MG"
498717;2022-12-23;"sexta-feira";"19:15:00";"GO";60;104,5;"GOIANAPOLIS";"Acumulo de água sobre o pavimento";"Saída de leito carroçável";"Com Vítimas Feridas";"Plena Noite";"Crescente";"Chuva";"Dupla";"Curva";"Não";5;0;0;2;3;0;2;3;-16,4118;-49,0004;"SPRF-GO";"DEL02-GO";"UOP01-DEL02-GO"
498730;2022-07-20;"quarta-feira";"09:40:00";"PR";376;180,5;"MARINGA";"Ausência de reação do condutor";"Tombamento";"Com Vítimas Feridas";"Pleno dia";"Decrescente";"Céu Claro";"Dupla";"Reta";"Sim";2;0;0;1;1;0;1;1;-23,425431;-51,898187;"SPRF-PR";"DEL09-PR";"UOP01-DEL09-PR"
498734;2022-09-15;"quinta-feira";"18:50:00";"SC";101;192;"BIGUACU";"Manobra de mudança de faixa";"Colisão frontal";"Com Vítimas Feridas";"Anoitecer";"Decrescente";"Céu Claro";"Dupla";"Aclive";"Sim";3;0;1;1;1;0;2;2;-27,48443781;-48,64765238;"SPRF-SC";"DEL01-SC";"UOP01-DEL01-SC"
498746;2022-12-22;"quinta-feira";"19:50:00";"SC";101;296,7;"LAGUNA";"Pedestre cruzava a pista fora da faixa";"Atropelamento de Pedestre";"Com Vítimas Fatais";"Plena Noite";"Decrescente";"Céu Claro";"Múltipla";"Reta";"Sim";4;1;0;0;3;0;0;2;-28,3337152;-48,7325837;"SPRF-SC";"DEL02-SC";"UOP03-DEL02-SC"
498756;2022-11-26;"sábado";"14:40:00";"PR";277;132,3;"BALSA NOVA";"Manobra de mudança de faixa";"Colisão traseira";"Com Vítimas Feridas";"Pleno dia";"Crescente";"Chuva";"Simples";"Reta";"Não";4;0;2;0;2;0;2;2;-25,47115641;-49,66078643;"SPRF-PR";"DEL03-PR";"UOP03-DEL03-PR"
498758;2022-11-20;"domingo";"18:00:00";"PR";277;24;"MORRETES";"Ingestão de álcool pelo condutor";"Colisão lateral mesmo sentido";"Sem Vítimas";"Anoitecer";"Crescente";"Nublado";"Dupla";"Reta";"Não";7;0;0;0;7;0;0;2;-25,52972301;-48,7457351;"SPRF-PR";"DEL01-PR";"UOP05-DEL01-PR"
498760;2022-12-20;"terça-feira";"06:40:00";"MG";116;414;"GOVERNADOR VALADARES";"Demais falhas na via";"Tombamento";"Com Vítimas Feridas";"Pleno dia";"Crescente";"Céu Claro";"Simples";"Reta";"Sim";1;0;0;1;0;0;1;1;-18,88102703;-41,95910802;"SPRF-MG";"DEL06-MG";"UOP01-DEL06-MG"
498781;2022-12-27;"terça-feira";"18:00:00";"RJ";116;67;"TERESOPOLIS";"Acessar a via sem observar a presença dos outros veículos";"Colisão transversal";"Com Vítimas Feridas";"Anoitecer";"Crescente";"Céu Claro";"Simples";"Retorno Regulamentado";"Sim";2;0;1;0;0;1;1;2;-22,29371693;-42,93354335;"SPRF-RJ";"DEL04-RJ";"UOP01-DEL04-RJ"
498798;2022-12-22;"quinta-feira";"03:50:00";"RJ";116;184;"NOVA IGUACU";"Acumulo de água sobre o pavimento";"Saída de leito carroçável";"Com Vítimas Feridas";"Plena Noite";"Decrescente";"Chuva";"Dupla";"Reta";"Sim";1;0;1;0;0;0;1;1;-22,74647215;-43,44594311;"SPRF-RJ";"DEL01-RJ";"UOP02-DEL01-RJ"
498824;2022-12-24;"sábado";"04:54:00";"SC";470;62;"INDAIAL";"Ingestão de álcool pelo condutor";"Colisão frontal";"Sem Vítimas";"Amanhecer";"Decrescente";"Céu Claro";"Simples";"Reta";"Não";2;0;0;0;2;0;0;2;-26,874521;-49,182938;"SPRF-SC";"DEL04-SC";"UOP01-DEL04-SC"
498844;2022-06-26;"domingo";"00:30:00";"PR";476;118;"COLOMBO";"Condutor desrespeitou a iluminação vermelha do semáforo";"Colisão transversal";"Com Vítimas Feridas";"Plena Noite";"Decrescente";"Ignorado";"Múltipla";"Reta;Interseção de Vias";"Sim";2;0;0;1;1;0;1;2;-25,35669833;-49,18082356;"SPRF-PR";"DEL01-PR";"UOP01-DEL01-PR"
498862;2022-09-12;"segunda-feira";"01:30:00";"RJ";116;165;"RIO DE JANEIRO";"Ingestão de álcool pelo condutor";"Atropelamento de Pedestre";"Com Vítimas Feridas";"Plena Noite";"Crescente";"Céu Claro";"Múltipla";"Reta";"Sim";2;0;0;1;1;0;1;2;-22,81548519;-43,29087405;"SPRF-RJ";"DEL01-RJ";"UOP02-DEL01-RJ"
498865;2022-12-30;"sexta-feira";"15:15:00";"RS";290;161;"SAO JERONIMO";"Acessar a via sem observar a presença dos outros veículos";"Colisão transversal";"Com Vítimas Feridas";"Pleno dia";"Crescente";"Céu Claro";"Simples";"Interseção de Vias;Reta";"Não";4;0;2;0;2;0;2;2;-30,112318;-51,818535;"SPRF-RS";"DEL02-RS";"UOP01-DEL02-RS"
498887;2022-12-28;"quarta-feira";"12:40:00";"PR";116;152;"MANDIRITUBA";"Desrespeitar a preferência no cruzamento";"Colisão transversal";"Com Vítimas Feridas";"Pleno dia";"Decrescente";"Nublado";"Simples";"Interseção de Vias";"Sim";2;0;1;0;1;0;1;2;-25,862027;-49,36179;"SPRF-PR";"DEL01-PR";"UOP03-DEL01-PR"
498892;2022-11-22;"terça-feira";"14:45:00";"RJ";101;331;"RIO DE JANEIRO";"Demais falhas mecânicas ou elétricas";"Incêndio";"Sem Vítimas";"Pleno dia";"Crescente";"Céu Claro";"Múltipla";"Reta";"Não";1;0;0;0;0;1;0;1;-22,867662;-43,195337;"SPRF-RJ";"DEL02-RJ";"UOP01-DEL02-RJ"
498914;2022-12-08;"quinta-feira";"13:20:00";"MG";381;248;"SANTANA DO PARAISO";"Reação tardia ou ineficiente do condutor";"Colisão transversal";"Com Vítimas Feridas";"Pleno dia";"Crescente";"Céu Claro";"Simples";"Reta;Rotatória";"Não";2;0;0;1;1;0;1;2;-19,47088645;-42,53935557;"SPRF-MG";"DEL06-MG";"UOP01-DEL06-MG"
498939;2022-12-08;"quinta-feira";"21:04:00";"DF";251;50;"BRASILIA";"Reação tardia ou ineficiente do condutor";"Colisão frontal";"Com Vítimas Feridas";"Plena Noite";"Crescente";"Chuva";"Simples";"Reta";"Não";3;0;2;0;1;0;2;3;-15,948113;-47,845235;"SPRF-DF";"DEL01-DF";"UOP01-DEL01-DF"
498986;2022-04-24;"domingo";"09:30:00";"RJ";101;508;"ANGRA DOS REIS";"Acessar a via sem observar a presença dos outros veículos";"Colisão frontal";"Com Vítimas Feridas";"Pleno dia";"Crescente";"Céu Claro";"Simples";"Reta";"Não";3;0;2;1;0;0;3;2;-22,93155828;-44,38812093;"SPRF-RJ";"DEL03-RJ";"UOP02-DEL03-RJ"
499079;2022-12-30;"sexta-feira";"11:40:00";"PA";230;116;"MARABA";"Reação tardia ou ineficiente do condutor";"Colisão transversal";"Com Vítimas Feridas";"Pleno dia";"Crescente";"Céu Claro";"Dupla";"Reta;Declive;Retorno Regulamentado;Interseção de Vias";"Sim";2;0;1;0;1;0;1;2;-5,35947454;-49,08301084;"SPRF-PA";"DEL03-PA";"UOP01-DEL03-PA"
499135;2022-07-07;"quinta-feira";"05:00:00";"SC";280;35,2;"ARAQUARI";"Deficiência do Sistema de Iluminação/Sinalização";"Atropelamento de Pedestre";"Com Vítimas Feridas";"Plena Noite";"Crescente";"Céu Claro";"Simples";"Curva";"Não";2;0;1;1;0;0;2;2;-26,43447549;-48,80453914;"SPRF-SC";"DEL03-SC";"UOP03-DEL03-SC"
499155;2022-10-28;"sexta-feira";"21:54:00";"MG";0;0;"TEOFILO OTONI";"Transitar na contramão";"Colisão frontal";"Com Vítimas Feridas";"Plena Noite";"Não Informado";"Céu Claro";"Simples";"Reta;Declive";"Sim";3;0;1;0;2;0;1;2;-17,86846089;-41,5171394;"SPRF-MG";"DEL11-MG";"UOP01-DEL11-MG"
499212;2022-07-31;"domingo";"02:00:00";"MG";365;795,1;"GURINHATA";"Condutor Dormindo";"Saída de leito carroçável";"Com Vítimas Fatais";"Plena Noite";"Crescente";"Céu Claro";"Simples";"Reta";"Não";2;1;0;1;0;0;1;1;-18,9221326;-49,86351686;"SPRF-MG";"DEL15-MG";"UOP03-DEL15-MG"
499323;2022-12-26;"segunda-feira";"20:00:00";"MG";381;221,9;"BELO ORIENTE";"Mal súbito do condutor";"Saída de leito carroçável";"Com Vítimas Feridas";"Plena Noite";"Crescente";"Ignorado";"Simples";"Reta";"Não";1;0;0;1;0;0;1;1;-19,30142288;-42,38113403;"SPRF-MG";"DEL06-MG";"UOP01-DEL06-MG"
499326;2022-12-12;"segunda-feira";"10:40:00";"BA";324;611;"SIMOES FILHO";"Condutor deixou de manter distância do veículo da frente";"Engavetamento";"Com Vítimas Feridas";"Pleno dia";"Crescente";"Céu Claro";"Dupla";"Reta";"Sim";7;0;2;0;5;0;2;4;-12,84664721;-38,41741648;"SPRF-BA";"DEL01-BA";"UOP01-DEL01-BA"
499348;2022-11-09;"quarta-feira";"07:20:00";"RN";304;40;"MOSSORO";"Acesso irregular";"Tombamento";"Com Vítimas Feridas";"Pleno dia";"Crescente";"Céu Claro";"Dupla";"Curva";"Não";2;0;2;0;0;0;2;1;-5,196199;-37,3785;"SPRF-RN";"DEL04-RN";"UOP01-DEL04-RN"
499399;2022-10-09;"domingo";"07:15:00";"MG";40;544,5;"NOVA LIMA";"Ingestão de substâncias psicoativas pelo condutor";"Saída de leito carroçável";"Com Vítimas Feridas";"Pleno dia";"Decrescente";"Céu Claro";"Dupla";"Curva;Interseção de Vias;Aclive";"Não";2;0;1;0;1;0;1;1;-20,00785079;-43,96440983;"SPRF-MG";"DEL01-MG";"UOP02-DEL01-MG"
499422;2022-05-13;"sexta-feira";"19:00:00";"SC";470;21,5;"ILHOTA";"Reação tardia ou ineficiente do condutor";"Tombamento";"Com Vítimas Feridas";"Plena Noite";"Crescente";"Céu Claro";"Dupla";"Desvio Temporário;Em Obras";"Não";1;0;0;1;0;0;1;1;-26,87637308;-48,82749081;"SPRF-SC";"DEL04-SC";"UOP04-DEL04-SC"
499467;2022-08-20;"sábado";"18:40:00";"BA";418;101,3;"NOVA VICOSA";"Acessar a via sem observar a presença dos outros veículos";"Saída de leito carroçável";"Com Vítimas Feridas";"Plena Noite";"Crescente";"Chuva";"Simples";"Reta";"Não";2;0;1;0;1;0;1;2;-17,90705273;-39,95412296;"SPRF-BA";"DEL09-BA";"UOP02-DEL09-BA"
499489;2022-12-08;"quinta-feira";"08:23:00";"CE";116;2;"FORTALEZA";"Manobra de mudança de faixa";"Colisão lateral mesmo sentido";"Com Vítimas Fatais";"Pleno dia";"Decrescente";"Céu Claro";"Múltipla";"Reta";"Sim";3;1;0;0;2;0;0;3;-3,77019802;-38,51724508;"SPRF-CE";"DEL01-CE";"UOP02-DEL01-CE"
499512;2022-04-29;"sexta-feira";"09:20:00";"MA";316;536;"CAXIAS";"Condutor Dormindo";"Colisão com objeto";"Com Vítimas Fatais";"Pleno dia";"Crescente";"Sol";"Simples";"Ponte";"Não";29;1;0;1;27;0;1;1;-4,834123;-43,485624;"SPRF-MA";"DEL03-MA";"UOP02-DEL03-MA"
499520;2022-10-10;"segunda-feira";"09:28:00";"PR";476;116,3;"COLOMBO";"Acessar a via sem observar a presença dos outros veículos";"Colisão transversal";"Sem Vítimas";"Pleno dia";"Decrescente";"Céu Claro";"Dupla";"Reta;Interseção de Vias";"Sim";2;0;0;0;0;2;0;2;-25,34920724;-49,16850881;"SPRF-PR";"DEL01-PR";"UOP01-DEL01-PR"
499528;2022-09-04;"domingo";"12:21:00";"AC";364;149;"RIO BRANCO";"Demais falhas na via";"Tombamento";"Com Vítimas Feridas";"Pleno dia";"Crescente";"Céu Claro";"Dupla";"Reta";"Não";1;0;0;1;0;0;1;1;-9,87942293;-67,9051469;"SPRF-AC";"DEL01-AC";"UOP01-DEL01-AC"
499533;2022-09-04;"domingo";"16:22:00";"SE";101;93;"NOSSA SENHORA DO SOCORRO";"Condutor deixou de manter distância do veículo da frente";"Colisão lateral mesmo sentido";"Com Vítimas Feridas";"Pleno dia";"Decrescente";"Céu Claro";"Dupla";"Rotatória";"Sim";3;0;0;2;0;1;2;2;-10,90212319;-37,14494787;"SPRF-SE";"DEL01-SE";"UOP01-DEL01-SE"
499550;2022-11-21;"segunda-feira";"13:00:00";"MT";70;380;"CAMPO VERDE";"Acessar a via sem observar a presença dos outros veículos";"Colisão transversal";"Com Vítimas Feridas";"Pleno dia";"Crescente";"Céu Claro";"Simples";"Reta";"Sim";2;0;1;0;1;0;1;2;-15,51448159;-55,11820542;"SPRF-MT";"DEL05-MT";"UOP02-DEL05-MT"
499552;2022-12-19;"segunda-feira";"07:45:00";"GO";153;495;"GOIANIA";"Condutor deixou de manter distância do veículo da frente";"Colisão traseira";"Com Vítimas Feridas";"Pleno dia";"Crescente";"Céu Claro";"Dupla";"Reta";"Sim";1;0;1;0;0;0;1;1;-16,6159794;-49,213221;"SPRF-GO";"DEL01-GO";"UOP01-DEL01-GO"
499556;2022-12-11;"domingo";"13:20:00";"PR";116;30;"CAMPINA GRANDE DO SUL";"Reação tardia ou ineficiente do condutor";"Colisão com objeto";"Com Vítimas Feridas";"Pleno dia";"Crescente";"Céu Claro";"Dupla";"Curva";"Não";2;0;2;0;0;0;2;1;-25,10003092;-48,82089801;"SPRF-PR";"DEL01-PR";"UOP02-DEL01-PR"
499580;2022-12-31;"sábado";"22:28:00";"ES";101;266;"SERRA";"Ausência de reação do condutor";"Colisão traseira";"Sem Vítimas";"Plena Noite";"Crescente";"Nublado";"Dupla";"Reta";"Não";2;0;0;0;1;1;0;2;-20,190199;-40,26828891;"SPRF-ES";"DEL02-ES";"UOP01-DEL02-ES"
499589;2022-12-26;"segunda-feira";"07:30:00";"PE";232;136;"CARUARU";"Acesso irregular";"Colisão transversal";"Com Vítimas Feridas";"Pleno dia";"Crescente";"Sol";"Dupla";"Reta";"Não";2;0;2;0;0;0;2;2;-8,31339932;-36,04175591;"SPRF-PE";"DEL02-PE";"UOP01-DEL02-PE"
499612;2022-12-02;"sexta-feira";"09:30:00";"BA";415;48;"ITABUNA";"Chuva";"Tombamento";"Com Vítimas Feridas";"Pleno dia";"Crescente";"Chuva";"Simples";"Reta";"Sim";2;0;0;1;1;0;1;1;-14,8187606;-39,3035485;"SPRF-BA";"DEL05-BA";"UOP01-DEL05-BA"
499617;2022-07-10;"domingo";"15:20:00";"SC";101;328,9;"CAPIVARI DE BAIXO";"Velocidade Incompatível";"Colisão lateral mesmo sentido";"Com Vítimas Feridas";"Pleno dia";"Crescente";"Céu Claro";"Dupla";"Reta;Ponte";"Não";5;0;1;1;3;0;2;3;-28,45058794;-48,97231048;"SPRF-SC";"DEL02-SC";"UOP01-DEL02-SC"
499637;2022-12-15;"quinta-feira";"00:05:00";"PE";232;509;"SALGUEIRO";"Animais na Pista";"Atropelamento de Animal";"Com Vítimas Feridas";"Plena Noite";"Decrescente";"Céu Claro";"Simples";"Reta";"Não";1;0;0;1;0;0;1;1;-8,06449154;-39,1298447;"SPRF-PE";"DEL05-PE";"UOP01-DEL05-PE"
499666;2022-09-05;"segunda-feira";"23:30:00";"RJ";101;294;"ITABORAI";"Demais falhas mecânicas ou elétricas";"Incêndio";"Sem Vítimas";"Plena Noite";"Decrescente";"Céu Claro";"Dupla";"Reta";"Sim";1;0;0;0;1;0;0;1;-22,7584434;-42,89502344;"SPRF-RJ";"DEL02-RJ";"UOP02-DEL02-RJ"
499699;2022-12-28;"quarta-feira";"07:40:00";"RS";448;15;"CANOAS";"Chuva";"Colisão com objeto";"Com Vítimas Feridas";"Pleno dia";"Crescente";"Chuva";"Múltipla";"Curva";"Não";3;0;3;0;0;0;3;2;-29,927263;-51,217751;"SPRF-RS";"DEL01-RS";"UOP01-DEL01-RS"
499711;2022-07-08;"sexta-feira";"15:50:00";"BA";324;283;"JACOBINA";"Velocidade Incompatível";"Colisão com objeto";"Com Vítimas Fatais";"Pleno dia";"Crescente";"Céu Claro";"Simples";"Interseção de Vias";"Não";1;1;0;0;0;0;0;1;-11,13522063;-40,60002427;"SPRF-BA";"DEL04-BA";"UOP02-DEL04-BA"
499712;2022-12-16;"sexta-feira";"07:20:00";"PR";476;264;"SAO MATEUS DO SUL";"Avarias e/ou desgaste excessivo no pneu";"Capotamento";"Sem Vítimas";"Amanhecer";"Crescente";"Sol";"Simples";"Reta";"Não";2;0;0;0;0;2;0;1;-25,88774747;-50,24818182;"SPRF-PR";"DEL02-PR";"UOP03-DEL02-PR"
499716;2022-04-27;"quarta-feira";"17:40:00";"PR";277;1;"PARANAGUA";"Pedestre cruzava a pista fora da faixa";"Atropelamento de Pedestre";"Com Vítimas Feridas";"Anoitecer";"Crescente";"Céu Claro";"Simples";"Reta";"Sim";2;0;1;1;0;0;2;2;-25,568198;-48,615292;"SPRF-PR";"DEL01-PR";"UOP05-DEL01-PR"