"id";"data_inversa";"dia_semana";"horario";"uf";"br";"km";"municipio";"causa_acidente";"tipo_acidente";"classificacao_acidente";"fase_dia";"sentido_via";"condicao_metereologica";"tipo_pista";"tracado_via";"uso_solo";"pessoas";"mortos";"feridos_leves";"feridos_graves";"ilesos";"ignorados";"feridos";"veiculos";"latitude";"longitude";"regional";"delegacia";"uop"
499722;2022-12-13;"terça-feira";"12:45:00";"SC";280;1,3;"SAO FRANCISCO DO SUL";"Ausência de reação do condutor";"Colisão frontal";"Com Vítimas Fatais";"Pleno dia";"Crescente";"Céu Claro";"Simples";"Reta";"Não";2;1;0;0;1;0;0;2;-26,2339273;-48,6249033;"SPRF-SC";"DEL03-SC";"UOP03-DEL03-SC"
499742;2022-10-30;"domingo";"01:15:00";"PR";277;5;"PARANAGUA";"Acessar a via sem observar a presença dos outros veículos";"Colisão transversal";"Com Vítimas Feridas";"Plena Noite";"Decrescente";"Ignorado";"Dupla";"Reta;Viaduto";"Sim";2;0;0;1;0;1;1;2;-25,52539997;-48,52707334;"SPRF-PR";"DEL01-PR";"UOP05-DEL01-PR"
499745;2022-11-23;"quarta-feira";"12:00:00";"BA";101;300;"VALENCA";"Reação tardia ou ineficiente do condutor";"Colisão frontal";"Com Vítimas Feridas";"Pleno dia";"Crescente";"Ignorado";"Simples";"Reta";"Não";3;0;0;1;2;0;1;2;-13,28489517;-39,32261713;"SPRF-BA";"DEL01-BA";"UOP02-DEL01-BA"
499748;2022-12-31;"sábado";"19:31:00";"PA";163;140;"ALTAMIRA";"Animais na Pista";"Atropelamento de Animal";"Com Vítimas Feridas";"Plena Noite";"Crescente";"Ignorado";"Simples";"Reta";"Não";1;0;1;0;0;0;1;1;-8,462672;-55,13387;"SPRF-PA";"DEL05-PA";"UOP01-DEL05-PA"
499780;2022-09-27;"terça-feira";"20:30:00";"RJ";101;549;"PARATY";"Ultrapassagem Indevida";"Colisão lateral mesmo sentido";"Com Vítimas Feridas";"Plena Noite";"Decrescente";"Céu Claro";"Simples";"Reta";"Não";2;0;1;0;1;0;1;2;-23,0453933;-44,61218476;"SPRF-RJ";"DEL03-RJ";"UOP04-DEL03-RJ"
499804;2022-11-02;"quarta-feira";"20:00:00";"PA";163;992;"SANTAREM";"Acessar a via sem observar a presença dos outros veículos";"Atropelamento de Pedestre";"Com Vítimas Feridas";"Plena Noite";"Decrescente";"Nublado";"Simples";"Reta";"Sim";1;0;1;0;0;0;1;1;-2,538837;-54,722717;"SPRF-PA";"DEL05-PA";"UOP01-DEL05-PA"
499866;2022-09-26;"segunda-feira";"20:25:00";"MT";163;833;"SINOP";"Condutor deixou de manter distância do veículo da frente";"Colisão traseira";"Com Vítimas Feridas";"Plena Noite";"Crescente";"Céu Claro";"Dupla";"Retorno Regulamentado";"Sim";3;0;1;0;2;0;1;2;-11,87197066;-55,49797297;"SPRF-MT";"DEL06-MT";"UOP01-DEL06-MT"
499870;2022-01-27;"quinta-feira";"19:45:00";"PE";0;0;"RECIFE";"Acesso irregular";"Colisão frontal";"Sem Vítimas";"Plena Noite";"Não Informado";"Céu Claro";"Múltipla";"Reta";"Sim";2;0;0;0;2;0;0;2;-7,98344307;-34,93176727;"SPRF-PE";"DEL01-PE";"UOP02-DEL01-PE"
499875;2022-11-20;"domingo";"17:38:00";"PA";230;630;"ALTAMIRA";"Redutor de velocidade em desacordo";"Queda de ocupante de veículo";"Com Vítimas Feridas";"Pleno dia";"Crescente";"Nublado";"Simples";"Reta";"Não";2;0;1;0;1;0;1;1;-3,17321239;-52,16297998;"SPRF-PA";"DEL04-PA";"UOP01-DEL04-PA"
499877;2022-12-30;"sexta-feira";"12:46:00";"ES";101;269;"SERRA";"Desrespeitar a preferência no cruzamento";"Colisão transversal";"Com Vítimas Feridas";"Pleno dia";"Crescente";"Céu Claro";"Múltipla";"Reta";"Sim";2;0;1;0;1;0;1;2;-20,21740496;-40,26990578;"SPRF-ES";"DEL02-ES";"UOP01-DEL02-ES"
499896;2022-11-15;"terça-feira";"17:25:00";"RS";290;92;"PORTO ALEGRE";"Manobra de mudança de faixa";"Colisão lateral mesmo sentido";"Com Vítimas Feridas";"Pleno dia";"Decrescente";"Céu Claro";"Múltipla";"Reta";"Sim";2;0;2;0;0;0;2;2;-29,971916;-51,176838;"SPRF-RS";"DEL01-RS";"UOP01-DEL01-RS"
499898;2022-12-17;"sábado";"19:50:00";"MG";146;462;"BOTELHOS";"Animais na Pista";"Atropelamento de Animal";"Com Vítimas Feridas";"Plena Noite";"Crescente";"Céu Claro";"Simples";"Reta";"Não";3;0;1;0;2;0;1;3;-21,53983687;-46,40648603;"SPRF-MG";"DEL09-MG";"UOP01-DEL09-MG"
499902;2022-10-27;"quinta-feira";"08:53:00";"SP";153;61,8;"SAO JOSE DO RIO PRETO";"Manobra de mudança de faixa";"Colisão lateral mesmo sentido";"Com Vítimas Feridas";"Pleno dia";"Crescente";"Céu Claro";"Dupla";"Reta";"Sim";2;0;0;1;1;0;1;2;-20,811814;-49,356776;"SPRF-SP";"DEL09-SP";"UOP01-DEL09-SP"
499906;2022-12-31;"sábado";"11:20:00";"ES";101;238,5;"FUNDAO";"Acessar a via sem observar a presença dos outros veículos";"Colisão transversal";"Com Vítimas Feridas";"Pleno dia";"Crescente";"Nublado";"Simples";"Curva";"Sim";4;0;0;2;0;2;2;3;-20,00196;-40,41321;"SPRF-ES";"DEL02-ES";"UOP01-DEL02-ES"
499908;2022-12-23;"sexta-feira";"02:10:00";"MG";50;177;"UBERABA";"Condutor Dormindo";"Saída de leito carroçável";"Com Vítimas Feridas";"Plena Noite";"Crescente";"Céu Claro";"Dupla";"Reta;Aclive";"Sim";2;0;2;0;0;0;2;1;-19,77914852;-47,95047701;"SPRF-MG";"DEL13-MG";"UOP01-DEL13-MG"
499911;2022-11-04;"sexta-feira";"15:18:00";"RS";392;76,4;"PELOTAS";"Reação tardia ou ineficiente do condutor";"Eventos atípicos";"Sem Vítimas";"Pleno dia";"Crescente";"Céu Claro";"Dupla";"Reta";"Não";1;0;0;0;1;0;0;1;-31,68143312;-52,44701385;"SPRF-RS";"DEL07-RS";"UOP01-DEL07-RS"
499917;2022-12-06;"terça-feira";"05:40:00";"PA";163;624,2;"TRAIRAO";"Reação tardia ou ineficiente do condutor";"Saída de leito carroçável";"Com Vítimas Feridas";"Amanhecer";"Decrescente";"Ignorado";"Simples";"Reta";"Não";1;0;1;0;0;0;1;1;-4,70629765;-56,00399883;"SPRF-PA";"DEL05-PA";"UOP01-DEL05-PA"
499920;2022-12-25;"domingo";"17:00:00";"PA";163;427,8;"ITAITUBA";"Falta de elemento de contenção que evite a saída do leito carroçável";"Saída de leito carroçável";"Com Vítimas Feridas";"Pleno dia";"Crescente";"Nublado";"Simples";"Reta;Declive";"Não";5;0;2;0;3;0;2;1;-6,09591458;-55,63917375;"SPRF-PA";"DEL05-PA";"UOP01-DEL05-PA"
499927;2022-12-23;"sexta-feira";"04:10:00";"SC";101;334,9;"TUBARAO";"Reação tardia ou ineficiente do condutor";"Colisão com objeto";"Com Vítimas Feridas";"Pleno dia";"Crescente";"Céu Claro";"Dupla";"Reta";"Sim";3;0;2;0;1;0;2;1;-28,474258;-49,026262;"SPRF-SC";"DEL02-SC";"UOP01-DEL02-SC"
499929;2022-11-25;"sexta-feira";"22:45:00";"PA";230;631;"ALTAMIRA";"Demais falhas mecânicas ou elétricas";"Incêndio";"Com Vítimas Feridas";"Plena Noite";"Decrescente";"Céu Claro";"Dupla";"Curva";"Não";4;0;1;0;3;0;1;1;-3,17369255;-52,17226002;"SPRF-PA";"DEL04-PA";"UOP01-DEL04-PA"
499954;2022-12-15;"quinta-feira";"21:19:00";"PA";163;172;"ALTAMIRA";"Ausência de reação do condutor";"Queda de ocupante de veículo";"Com Vítimas Feridas";"Plena Noite";"Decrescente";"Nublado";"Simples";"Reta";"Não";1;0;1;0;0;0;1;1;-8,196593;-55,12434;"SPRF-PA";"DEL05-PA";"UOP01-DEL05-PA"
500072;2022-08-04;"quinta-feira";"15:40:00";"GO";70;0;"AGUAS LINDAS DE GOIAS";"Ingestão de álcool pelo condutor";"Colisão com objeto";"Com Vítimas Fatais";"Pleno dia";"Decrescente";"Céu Claro";"Dupla";"Reta";"Não";4;1;3;0;0;0;3;1;-15,78337;-48,23317;"SPRF-DF";"DEL03-DF";"UOP02-DEL03-DF"
500085;2022-03-02;"quarta-feira";"08:00:00";"BA";101;706,8;"EUNAPOLIS";"Demais falhas mecânicas ou elétricas";"Tombamento";"Com Vítimas Feridas";"Pleno dia";"Decrescente";"Ignorado";"Simples";"Reta";"Não";1;0;1;0;0;0;1;1;-16,45977496;-39,5744642;"SPRF-BA";"DEL09-BA";"UOP01-DEL09-BA"
500088;2022-11-22;"terça-feira";"10:09:00";"PA";163;130;"ALTAMIRA";"Transitar na contramão";"Saída de leito carroçável";"Sem Vítimas";"Pleno dia";"Decrescente";"Céu Claro";"Simples";"Reta";"Não";4;0;0;0;0;4;0;1;-8,5417;-55,0956;"SPRF-PA";"DEL05-PA";"UOP01-DEL05-PA"
500091;2022-09-08;"quinta-feira";"06:59:00";"MG";381;485,9;"BETIM";"Condutor deixou de manter distância do veículo da frente";"Colisão traseira";"Com Vítimas Feridas";"Pleno dia";"Decrescente";"Céu Claro";"Dupla";"Reta";"Não";2;0;1;0;1;0;1;2;-19,95623;-44,10442;"SPRF-MG";"DEL01-MG";"UOP03-DEL01-MG"
500117;2022-11-28;"segunda-feira";"22:40:00";"PR";376;658;"TIJUCAS DO SUL";"Chuva";"Eventos atípicos";"Com Vítimas Feridas";"Plena Noite";"Decrescente";"Chuva";"Simples";"Reta";"Não";2;0;1;0;1;0;1;1;-25,85300602;-49,02166198;"SPRF-PR";"DEL01-PR";"UOP04-DEL01-PR"
500146;2022-09-21;"quarta-feira";"19:30:00";"ES";101;204;"JOAO NEIVA";"Entrada inopinada do pedestre";"Tombamento";"Com Vítimas Feridas";"Plena Noite";"Crescente";"Céu Claro";"Simples";"Reta";"Sim";1;0;0;1;0;0;1;1;-19,74948916;-40,37922678;"SPRF-ES";"DEL02-ES";"UOP01-DEL02-ES"
500201;2022-11-09;"quarta-feira";"12:30:00";"PA";230;120;"MARABA";"Condutor deixou de manter distância do veículo da frente";"Colisão traseira";"Com Vítimas Feridas";"Pleno dia";"Crescente";"Céu Claro";"Simples";"Reta";"Não";2;0;1;0;1;0;1;2;-5,35038318;-49,11434;"SPRF-PA";"DEL03-PA";"UOP01-DEL03-PA"
500215;2022-12-02;"sexta-feira";"00:20:00";"PA";163;514;"ITAITUBA";"Chuva";"Saída de leito carroçável";"Com Vítimas Feridas";"Plena Noite";"Decrescente";"Chuva";"Simples";"Curva";"Não";1;0;1;0;0;0;1;1;-5,40383926;-55,88351977;"SPRF-PA";"DEL05-PA";"UOP01-DEL05-PA"
500251;2022-08-17;"quarta-feira";"17:25:00";"BA";324;623;"SALVADOR";"Reação tardia ou ineficiente do condutor";"Colisão traseira";"Sem Vítimas";"Anoitecer";"Decrescente";"Céu Claro";"Dupla";"Reta";"Sim";4;0;0;0;2;2;0;4;-12,94793425;-38,46957207;"SPRF-BA";"DEL01-BA";"UOP01-DEL01-BA"
500265;2022-12-08;"quinta-feira";"18:15:00";"PA";163;344;"NOVO PROGRESSO";"Reação tardia ou ineficiente do condutor";"Colisão traseira";"Com Vítimas Feridas";"Anoitecer";"Crescente";"Ignorado";"Simples";"Reta";"Não";2;0;1;0;0;1;1;2;-6,776906;-55,4806;"SPRF-PA";"DEL05-PA";"UOP01-DEL05-PA"
500290;2022-11-13;"domingo";"08:15:00";"PA";230;116;"MARABA";"Acessar a via sem observar a presença dos outros veículos";"Colisão transversal";"Com Vítimas Feridas";"Pleno dia";"Crescente";"Céu Claro";"Dupla";"Declive;Reta";"Sim";2;0;1;0;1;0;1;2;-5,35947454;-49,08301084;"SPRF-PA";"DEL03-PA";"UOP01-DEL03-PA"
500294;2022-10-02;"domingo";"06:50:00";"PI";402;46;"LUIS CORREIA";"Condutor deixou de manter distância do veículo da frente";"Colisão traseira";"Com Vítimas Fatais";"Pleno dia";"Crescente";"Céu Claro";"Simples";"Reta";"Não";2;1;0;0;1;0;0;2;-3,00713;-41,684922;"SPRF-PI";"DEL05-PI";"UOP01-DEL05-PI"
500302;2022-12-23;"sexta-feira";"22:00:00";"PR";277;72,9;"SAO JOSE DOS PINHAIS";"Velocidade Incompatível";"Colisão frontal";"Com Vítimas Feridas";"Plena Noite";"Decrescente";"Nublado";"Simples";"Túnel";"Sim";2;0;1;0;1;0;1;2;-25,52522628;-49,09755612;"SPRF-PR";"DEL01-PR";"UOP01-DEL01-PR"
500307;2022-11-06;"domingo";"15:10:00";"PA";230;120;"MARABA";"Ultrapassagem Indevida";"Colisão lateral mesmo sentido";"Sem Vítimas";"Pleno dia";"Decrescente";"Céu Claro";"Múltipla";"Rotatória";"Sim";3;0;0;0;2;1;0;2;-5,35038318;-49,11434;"SPRF-PA";"DEL03-PA";"UOP01-DEL03-PA"
500384;2022-12-06;"terça-feira";"17:40:00";"MT";174;290;"PONTES E LACERDA";"Acessar a via sem observar a presença dos outros veículos";"Colisão lateral mesmo sentido";"Com Vítimas Feridas";"Anoitecer";"Crescente";"Céu Claro";"Simples";"Reta";"Sim";5;0;2;0;3;0;2;2;-15,21535504;-59,32007434;"SPRF-MT";"DEL04-MT";"UOP01-DEL04-MT"
500390;2022-07-10;"domingo";"14:35:00";"MG";40;635,2;"CONSELHEIRO LAFAIETE";"Conversão proibida";"Colisão transversal";"Com Vítimas Feridas";"Pleno dia";"Crescente";"Sol";"Simples";"Reta";"Não";2;0;1;0;1;0;1;2;-20,69796589;-43,79213914;"SPRF-MG";"DEL05-MG";"UOP02-DEL05-MG"
500410;2022-09-21;"quarta-feira";"07:55:00";"MT";70;6;"BARRA DO GARCAS";"Manobra de mudança de faixa";"Tombamento";"Com Vítimas Feridas";"Pleno dia";"Decrescente";"Céu Claro";"Dupla";"Reta";"Não";2;0;1;0;1;0;1;2;-15,878268;-52,306705;"SPRF-MT";"DEL07-MT";"UOP01-DEL07-MT"
500420;2022-11-08;"terça-feira";"17:45:00";"SP";116;230;"SAO PAULO";"Reação tardia ou ineficiente do condutor";"Colisão traseira";"Com Vítimas Feridas";"Anoitecer";"Decrescente";"Céu Claro";"Múltipla";"Reta";"Sim";2;0;0;1;1;0;1;2;-23,52251783;-46,5855702;"SPRF-SP";"DEL01-SP";"UOP01-DEL01-SP"
500559;2022-12-27;"terça-feira";"09:18:00";"PA";163;534,6;"TRAIRAO";"Reação tardia ou ineficiente do condutor";"Tombamento";"Sem Vítimas";"Pleno dia";"Crescente";"Ignorado";"Simples";"Reta";"Não";1;0;0;0;1;0;0;1;-5,294635;-55,985349;"SPRF-PA";"DEL05-PA";"UOP01-DEL05-PA"
500567;2022-12-13;"terça-feira";"06:30:00";"GO";70;9,5;"AGUAS LINDAS DE GOIAS";"Manobra de mudança de faixa";"Colisão lateral mesmo sentido";"Com Vítimas Feridas";"Pleno dia";"Decrescente";"Nublado";"Dupla";"Reta";"Sim";2;0;1;0;1;0;1;2;-15,73576731;-48,28288046;"SPRF-DF";"DEL03-DF";"UOP02-DEL03-DF"
500582;2022-12-10;"sábado";"23:00:00";"BA";420;278;"UBAIRA";"Transitar na contramão";"Colisão frontal";"Com Vítimas Fatais";"Plena Noite";"Decrescente";"Céu Claro";"Simples";"Reta";"Não";2;1;0;0;0;1;0;2;-13,264172;-39,661545;"SPRF-BA";"DEL03-BA";"UOP01-DEL03-BA"
500647;2022-10-29;"sábado";"21:00:00";"PI";343;340,4;"TERESINA";"Manobra de mudança de faixa";"Colisão transversal";"Com Vítimas Feridas";"Pleno dia";"Crescente";"Céu Claro";"Dupla";"Reta";"Sim";2;0;0;1;1;0;1;2;-5,07493558;-42,73762107;"SPRF-PI";"DEL01-PI";"UOP01-DEL01-PI"
500654;2022-12-31;"sábado";"08:15:00";"MG";262;405;"PARA DE MINAS";"Deficiência do Sistema de Iluminação/Sinalização";"Incêndio";"Sem Vítimas";"Pleno dia";"Crescente";"Nublado";"Dupla";"Curva";"Não";1;0;0;0;1;0;0;1;-19,88598963;-44,61809456;"SPRF-MG";"DEL01-MG";"UOP03-DEL01-MG"
500758;2022-10-07;"sexta-feira";"16:13:00";"GO";70;475;"ARAGARCAS";"Manobra de mudança de faixa";"Colisão lateral mesmo sentido";"Com Vítimas Feridas";"Pleno dia";"Crescente";"Céu Claro";"Dupla";"Reta";"Sim";2;0;1;0;0;1;1;2;-15,89631219;-52,24730925;"SPRF-GO";"DEL04-GO";"UOP02-DEL04-GO"
500786;2022-10-19;"quarta-feira";"20:42:00";"RN";101;122;"SAO JOSE DE MIPIBU";"Reação tardia ou ineficiente do condutor";"Colisão traseira";"Com Vítimas Feridas";"Plena Noite";"Crescente";"Céu Claro";"Dupla";"Reta";"Não";2;0;0;1;1;0;1;2;-6,0525261;-35,24358535;"SPRF-RN";"DEL01-RN";"UOP01-DEL01-RN"
500799;2022-11-30;"quarta-feira";"19:15:00";"PE";232;9,5;"RECIFE";"Velocidade Incompatível";"Tombamento";"Com Vítimas Feridas";"Plena Noite";"Crescente";"Ignorado";"Simples";"Reta;Em Obras";"Sim";1;0;0;1;0;0;1;1;-8,07764447;-34,97863609;"SPRF-PE";"DEL01-PE";"UOP01-DEL01-PE"
500860;2022-12-20;"terça-feira";"15:30:00";"BA";101;817;"EUNAPOLIS";"Ausência de reação do condutor";"Colisão transversal";"Com Vítimas Feridas";"Pleno dia";"Decrescente";"Céu Claro";"Simples";"Reta";"Não";2;0;1;0;0;1;1;2;-16,3721918;-39,5810473;"SPRF-BA";"DEL09-BA";"UOP02-DEL09-BA"
500885;2022-12-27;"terça-feira";"17:00:00";"SC";470;55,4;"BLUMENAU";"Retorno proibido";"Colisão lateral mesmo sentido";"Com Vítimas Feridas";"Pleno dia";"Crescente";"Nublado";"Simples";"Reta";"Sim";3;0;2;0;1;0;2;2;-26,87641614;-49,12229776;"SPRF-SC";"DEL04-SC";"UOP01-DEL04-SC"
500938;2022-08-25;"quinta-feira";"07:20:00";"BA";407;160;"FILADELFIA";"Ultrapassagem Indevida";"Colisão traseira";"Com Vítimas Feridas";"Pleno dia";"Crescente";"Céu Claro";"Simples";"Reta";"Não";2;0;0;1;0;1;1;2;-10,74425509;-40,12089819;"SPRF-BA";"DEL04-BA";"UOP01-DEL04-BA"
501025;2022-12-02;"sexta-feira";"09:50:00";"RS";116;153,7;"CAXIAS DO SUL";"Pista Escorregadia";"Tombamento";"Com Vítimas Feridas";"Pleno dia";"Decrescente";"Céu Claro";"Dupla";"Curva;Aclive";"Sim";1;0;0;1;0;0;1;1;-29,188067;-51,181308;"SPRF-RS";"DEL05-RS";"UOP01-DEL05-RS"
501033;2022-12-23;"sexta-feira";"11:00:00";"RJ";116;182;"NOVA IGUACU";"Ausência de reação do condutor";"Colisão lateral mesmo sentido";"Com Vítimas Feridas";"Pleno dia";"Crescente";"Nublado";"Dupla";"Reta";"Sim";4;0;2;0;2;0;2;3;-22,7567755;-43,43107234;"SPRF-RJ";"DEL01-RJ";"UOP02-DEL01-RJ"
501056;2022-05-10;"terça-feira";"15:05:00";"PR";376;174,4;"MARINGA";"Pista Escorregadia";"Tombamento";"Com Vítimas Feridas";"Pleno dia";"Crescente";"Chuva";"Múltipla";"Interseção de Vias";"Sim";1;0;0;1;0;0;1;1;-23,41430102;-51,94984299;"SPRF-PR";"DEL09-PR";"UOP01-DEL09-PR"
501059;2022-10-30;"domingo";"22:27:00";"SE";101;6,7;"CEDRO DE SAO JOAO";"Transitar na contramão";"Colisão frontal";"Sem Vítimas";"Plena Noite";"Decrescente";"Céu Claro";"Dupla";"Reta;Aclive";"Não";2;0;0;0;1;1;0;2;-10,24797206;-36,85696789;"SPRF-SE";"DEL02-SE";"UOP02-DEL02-SE"
501067;2022-11-20;"domingo";"20:40:00";"PI";407;568;"PAULISTANA";"Reação tardia ou ineficiente do condutor";"Saída de leito carroçável";"Com Vítimas Feridas";"Plena Noite";"Crescente";"Garoa/Chuvisco";"Simples";"Reta";"Sim";2;0;0;1;0;1;1;1;-8,126173;-41,151153;"SPRF-PI";"DEL04-PI";"UOP01-DEL04-PI"
501079;2022-11-30;"quarta-feira";"11:00:00";"RJ";101;388;"RIO DE JANEIRO";"Ausência de reação do condutor";"Colisão traseira";"Com Vítimas Feridas";"Pleno dia";"Decrescente";"Céu Claro";"Múltipla";"Reta";"Não";2;0;0;1;1;0;1;2;-22,88810094;-43,65827302;"SPRF-RJ";"DEL03-RJ";"UOP01-DEL03-RJ"
501091;2022-12-12;"segunda-feira";"14:20:00";"PR";376;212,4;"JANDAIA DO SUL";"Velocidade Incompatível";"Saída de leito carroçável";"Com Vítimas Feridas";"Pleno dia";"Crescente";"Chuva";"Dupla";"Curva";"Não";22;0;2;0;20;0;2;2;-23,57210607;-51,65384839;"SPRF-PR";"DEL09-PR";"UOP01-DEL09-PR"
501103;2022-11-26;"sábado";"12:00:00";"PA";10;18;"DOM ELISEU";"Conversão proibida";"Colisão transversal";"Com Vítimas Feridas";"Pleno dia";"Decrescente";"Céu Claro";"Simples";"Reta";"Sim";2;0;1;0;1;0;1;2;-4,293095;-47,556904;"SPRF-PA";"DEL02-PA";"UOP02-DEL02-PA"
501140;2022-12-24;"sábado";"22:45:00";"PR";369;429;"JURANDA";"Velocidade Incompatível";"Colisão traseira";"Com Vítimas Fatais";"Plena Noite";"Decrescente";"Céu Claro";"Simples";"Reta";"Não";8;2;2;4;0;0;6;3;-24,4486;-52,8448;"SPRF-PR";"DEL04-PR";"UOP03-DEL04-PR"
501172;2022-12-08;"quinta-feira";"17:00:00";"RO";421;14;"ARIQUEMES";"Reação tardia ou ineficiente do condutor";"Colisão traseira";"Com Vítimas Feridas";"Anoitecer";"Decrescente";"Nublado";"Simples";"Reta";"Não";8;0;3;2;3;0;5;3;-9,997284;-63,149162;"SPRF-RO";"DEL03-RO";"UOP01-DEL03-RO"
501191;2022-11-26;"sábado";"14:41:00";"ES";101;275,2;"SERRA";"Ingestão de álcool pelo condutor";"Colisão com objeto";"Com Vítimas Feridas";"Pleno dia";"Decrescente";"Nublado";"Dupla";"Reta";"Não";1;0;1;0;0;0;1;1;-20,20828089;-40,30388897;"SPRF-ES";"DEL02-ES";"UOP01-DEL02-ES"
501256;2022-12-04;"domingo";"18:00:00";"AP";210;83;"PORTO GRANDE";"Ausência de reação do condutor";"Saída de leito carroçável";"Com Vítimas Feridas";"Plena Noite";"Crescente";"Céu Claro";"Simples";"Curva";"Não";1;0;1;0;0;0;1;1;0,62689484;-51,26289368;"SPRF-AP";"DEL01-AP";"UOP01-DEL01-AP"
501263;2022-11-29;"terça-feira";"12:50:00";"RN";405;1,1;"MOSSORO";"Acessar a via sem observar a presença dos outros veículos";"Colisão transversal";"Com Vítimas Feridas";"Pleno dia";"Crescente";"Céu Claro";"Dupla";"Reta;Retorno Regulamentado";"Sim";2;0;1;0;0;1;1;2;-5,19282682;-37,37112402;"SPRF-RN";"DEL04-RN";"UOP02-DEL04-RN"
501292;2022-11-12;"sábado";"12:50:00";"PR";376;622;"SAO JOSE DOS PINHAIS";"Ultrapassagem Indevida";"Colisão transversal";"Com Vítimas Feridas";"Pleno dia";"Crescente";"Céu Claro";"Simples";"Interseção de Vias";"Sim";2;0;1;0;1;0;1;2;-25,62623389;-49,16547575;"SPRF-PR";"DEL01-PR";"UOP04-DEL01-PR"
501294;2022-12-01;"quinta-feira";"15:40:00";"PB";230;18;"JOAO PESSOA";"Condutor deixou de manter distância do veículo da frente";"Colisão traseira";"Com Vítimas Feridas";"Pleno dia";"Decrescente";"Sol";"Dupla";"Reta";"Sim";3;0;1;0;2;0;1;3;-7,1198;-34,8453;"SPRF-PB";"DEL01-PB";"UOP01-DEL01-PB"
501306;2022-10-02;"domingo";"21:00:00";"PE";232;418;"SERRA TALHADA";"Manobra de mudança de faixa";"Colisão frontal";"Com Vítimas Feridas";"Plena Noite";"Decrescente";"Céu Claro";"Simples";"Reta";"Não";2;0;1;1;0;0;2;2;-8,0002425;-38,370411;"SPRF-PE";"DEL04-PE";"UOP01-DEL04-PE"
501316;2022-10-02;"domingo";"08:20:00";"PR";369;77,6;"SANTA MARIANA";"Demais falhas mecânicas ou elétricas";"Tombamento";"Com Vítimas Feridas";"Pleno dia";"Decrescente";"Céu Claro";"Simples";"Reta";"Não";2;0;1;1;0;0;2;1;-23,14635817;-50,56354523;"SPRF-PR";"DEL07-PR";"UOP01-DEL07-PR"
501328;2022-12-10;"sábado";"01:18:00";"DF";70;18;"BRASILIA";"Condutor Dormindo";"Saída de leito carroçável";"Com Vítimas Feridas";"Plena Noite";"Crescente";"Chuva";"Dupla";"Reta";"Sim";2;0;1;0;1;0;1;1;-15,791093;-48,21096;"SPRF-DF";"DEL03-DF";"UOP02-DEL03-DF"
501334;2022-06-14;"terça-feira";"14:30:00";"SC";280;57,5;"GUARAMIRIM";"Desrespeitar a preferência no cruzamento";"Colisão transversal";"Com Vítimas Feridas";"Pleno dia";"Decrescente";"Nublado";"Dupla";"Rotatória";"Sim";2;0;1;0;1;0;1;2;-26,47811421;-49,01259213;"SPRF-SC";"DEL03-SC";"UOP03-DEL03-SC"
501357;2022-12-21;"quarta-feira";"20:15:00";"PA";163;490;"ITAITUBA";"Ausência de reação do condutor";"Colisão traseira";"Com Vítimas Feridas";"Plena Noite";"Crescente";"Chuva";"Simples";"Aclive";"Não";3;0;2;0;0;1;2;2;-5,583696;-55,816379;"SPRF-PA";"DEL05-PA";"UOP01-DEL05-PA"
501513;2022-11-27;"domingo";"12:30:00";"SC";101;40;"JOINVILLE";"Condutor deixou de manter distância do veículo da frente";"Colisão traseira";"Com Vítimas Feridas";"Pleno dia";"Crescente";"Chuva";"Dupla";"Reta";"Não";2;0;1;0;1;0;1;1;-26,27176094;-48,89468382;"SPRF-SC";"DEL03-SC";"UOP01-DEL03-SC"
501529;2022-08-25;"quinta-feira";"11:25:00";"RJ";101;293;"ITABORAI";"Condutor deixou de manter distância do veículo da frente";"Colisão lateral mesmo sentido";"Sem Vítimas";"Pleno dia";"Crescente";"Céu Claro";"Dupla";"Reta";"Não";1;0;0;0;0;1;0;1;-22,756203;-42,88724;"SPRF-RJ";"DEL02-RJ";"UOP02-DEL02-RJ"
501617;2022-12-11;"domingo";"10:30:00";"RO";435;89;"COLORADO DO OESTE";"Demais falhas mecânicas ou elétricas";"Queda de ocupante de veículo";"Com Vítimas Feridas";"Pleno dia";"Crescente";"Sol";"Simples";"Declive";"Não";2;0;0;1;1;0;1;1;-13,150676;-60,545036;"SPRF-RO";"DEL04-RO";"UOP02-DEL04-RO"
501682;2022-09-17;"sábado";"08:00:00";"MG";116;562;"MANHUACU";"Pista esburacada";"Saída de leito carroçável";"Com Vítimas Feridas";"Pleno dia";"Crescente";"Céu Claro";"Simples";"Curva;Declive";"Não";4;0;0;1;1;2;1;2;-20,033258;-42,174612;"SPRF-MG";"DEL06-MG";"UOP03-DEL06-MG"
501893;2022-11-19;"sábado";"20:20:00";"AL";316;148,5;"PALMEIRA DOS INDIOS";"Reação tardia ou ineficiente do condutor";"Tombamento";"Com Vítimas Feridas";"Plena Noite";"Decrescente";"Céu Claro";"Simples";"Reta";"Não";1;0;0;1;0;0;1;1;-9,40718239;-36,68829724;"SPRF-AL";"DEL03-AL";"UOP01-DEL03-AL"
501900;2022-12-30;"sexta-feira";"11:40:00";"MS";262;357;"CAMPO GRANDE";"Acessar a via sem observar a presença dos outros veículos";"Colisão transversal";"Com Vítimas Feridas";"Pleno dia";"Crescente";"Ignorado";"Simples";"Interseção de Vias;Reta";"Sim";2;0;1;0;1;0;1;2;-20,54634678;-54,68355959;"SPRF-MS";"DEL01-MS";"UOP03-DEL01-MS"