"id";"data_inversa";"dia_semana";"horario";"uf";"br";"km";"municipio";"causa_acidente";"tipo_acidente";"classificacao_acidente";"fase_dia";"sentido_via";"condicao_metereologica";"tipo_pista";"tracado_via";"uso_solo";"pessoas";"mortos";"feridos_leves";"feridos_graves";"ilesos";"ignorados";"feridos";"veiculos";"latitude";"longitude";"regional";"delegacia";"uop"
502134;2022-07-30;"sábado";"06:40:00";"RO";319;64;"PORTO VELHO";"Condutor desrespeitou a iluminação vermelha do semáforo";"Colisão transversal";"Com Vítimas Feridas";"Pleno dia";"Decrescente";"Céu Claro";"Dupla";"Interseção de Vias";"Sim";2;0;1;0;0;1;1;2;-8,76728581;-63,88394237;"SPRF-RO";"DEL01-RO";"UOP01-DEL01-RO"
502138;2022-11-18;"sexta-feira";"12:00:00";"SC";116;223,2;"CORREIA PINTO";"Acessar a via sem observar a presença dos outros veículos";"Colisão transversal";"Com Vítimas Feridas";"Pleno dia";"Crescente";"Céu Claro";"Simples";"Interseção de Vias";"Não";5;0;4;0;1;0;4;2;-27,60213889;-50,35543366;"SPRF-SC";"DEL05-SC";"UOP03-DEL05-SC"
502153;2022-02-03;"quinta-feira";"21:00:00";"MT";174;58;"VILA BELA DA SANTISSIMA TRINDADE";"Transitar na contramão";"Colisão lateral sentido oposto";"Com Vítimas Fatais";"Plena Noite";"Crescente";"Céu Claro";"Simples";"Reta";"Não";2;1;0;0;0;1;0;2;-15,0042;-59,9479;"SPRF-MT";"DEL04-MT";"UOP01-DEL04-MT"
502168;2022-11-23;"quarta-feira";"02:00:00";"CE";116;11,4;"FORTALEZA";"Condutor Dormindo";"Tombamento";"Com Vítimas Feridas";"Plena Noite";"Crescente";"Ignorado";"Dupla";"Reta";"Sim";1;0;0;1;0;0;1;1;-3,84756288;-38,49709868;"SPRF-CE";"DEL01-CE";"UOP02-DEL01-CE"
502221;2022-08-13;"sábado";"01:30:00";"SC";470;175;"POUSO REDONDO";"Transitar na contramão";"Colisão frontal";"Com Vítimas Feridas";"Plena Noite";"Crescente";"Céu Claro";"Simples";"Reta";"Sim";6;0;0;3;1;2;3;3;-27,25617;-49,938969;"SPRF-SC";"DEL04-SC";"UOP02-DEL04-SC"
502232;2022-11-14;"segunda-feira";"20:15:00";"MT";163;748;"SORRISO";"Ausência de reação do condutor";"Queda de ocupante de veículo";"Com Vítimas Feridas";"Plena Noite";"Crescente";"Céu Claro";"Simples";"Reta";"Sim";1;0;1;0;0;0;1;1;-12,59104645;-55,74130297;"SPRF-MT";"DEL06-MT";"UOP02-DEL06-MT"
502237;2022-12-06;"terça-feira";"07:45:00";"PR";116;13;"COLOMBO";"Reação tardia ou ineficiente do condutor";"Colisão lateral mesmo sentido";"Com Vítimas Feridas";"Pleno dia";"Crescente";"Ignorado";"Dupla";"Reta";"Sim";2;0;0;1;0;1;1;2;-25,37837201;-49,15652812;"SPRF-PR";"DEL01-PR";"UOP02-DEL01-PR"
502274;2022-09-09;"sexta-feira";"15:50:00";"BA";324;620;"SALVADOR";"Condutor Dormindo";"Atropelamento de Pedestre";"Com Vítimas Fatais";"Pleno dia";"Crescente";"Céu Claro";"Dupla";"Curva";"Sim";2;1;0;0;1;0;0;2;-12,91120991;-38,45867157;"SPRF-BA";"DEL01-BA";"UOP01-DEL01-BA"
502287;2022-12-30;"sexta-feira";"20:15:00";"RS";386;226;"MORMACO";"Objeto estático sobre o leito carroçável";"Colisão com objeto";"Sem Vítimas";"Plena Noite";"Crescente";"Céu Claro";"Simples";"Curva";"Não";2;0;0;0;2;0;0;1;-28,671412;-52,609882;"SPRF-RS";"DEL04-RS";"UOP03-DEL04-RS"
502290;2022-11-29;"terça-feira";"05:20:00";"GO";153;226;"HIDROLINA";"Avarias e/ou desgaste excessivo no pneu";"Saída de leito carroçável";"Com Vítimas Feridas";"Amanhecer";"Crescente";"Chuva";"Simples";"Aclive";"Não";5;0;5;0;0;0;5;1;-14,733307;-49,240131;"SPRF-GO";"DEL07-GO";"UOP02-DEL07-GO"
502299;2022-10-20;"quinta-feira";"22:00:00";"MG";116;193,1;"CARAI";"Pedestre andava na pista";"Atropelamento de Pedestre";"Com Vítimas Fatais";"Plena Noite";"Decrescente";"Céu Claro";"Simples";"Reta";"Não";2;1;0;0;0;1;0;2;-17,18459593;-41,48605058;"SPRF-MG";"DEL11-MG";"UOP01-DEL11-MG"
502304;2022-12-25;"domingo";"17:30:00";"MT";163;697;"SORRISO";"Ultrapassagem Indevida";"Colisão lateral mesmo sentido";"Com Vítimas Feridas";"Anoitecer";"Decrescente";"Nublado";"Simples";"Reta";"Não";3;0;2;0;1;0;2;2;-13,004629;-55,888555;"SPRF-MT";"DEL06-MT";"UOP02-DEL06-MT"
502326;2022-12-18;"domingo";"17:50:00";"PR";476;120,8;"COLOMBO";"Ausência de reação do condutor";"Colisão lateral mesmo sentido";"Com Vítimas Feridas";"Pleno dia";"Crescente";"Céu Claro";"Múltipla";"Reta";"Sim";2;0;1;0;1;0;1;2;-25,37191;-49,19146;"SPRF-PR";"DEL01-PR";"UOP01-DEL01-PR"
502362;2022-12-02;"sexta-feira";"16:10:00";"MG";262;360;"BETIM";"Manobra de mudança de faixa";"Colisão lateral mesmo sentido";"Com Vítimas Feridas";"Pleno dia";"Crescente";"Nublado";"Dupla";"Reta";"Não";2;0;1;0;1;0;1;2;-19,9830204;-44,20924834;"SPRF-MG";"DEL01-MG";"UOP03-DEL01-MG"
502377;2022-12-05;"segunda-feira";"15:49:00";"MG";40;525;"CONTAGEM";"Trafegar com motocicleta (ou similar) entre as faixas";"Tombamento";"Com Vítimas Feridas";"Pleno dia";"Decrescente";"Céu Claro";"Dupla";"Reta";"Não";2;0;2;0;0;0;2;1;-19,88361702;-44,05039336;"SPRF-MG";"DEL01-MG";"UOP02-DEL01-MG"
502387;2022-12-10;"sábado";"14:35:00";"RS";285;217,7;"CASEIROS";"Afundamento ou ondulação no pavimento";"Eventos atípicos";"Com Vítimas Feridas";"Pleno dia";"Crescente";"Ignorado";"Simples";"Reta";"Não";1;0;1;0;0;0;1;1;-28,273781;-51,681526;"SPRF-RS";"DEL08-RS";"UOP05-DEL08-RS"
502416;2022-03-02;"quarta-feira";"12:25:00";"MT";174;385;"NOVA LACERDA";"Reação tardia ou ineficiente do condutor";"Saída de leito carroçável";"Com Vítimas Feridas";"Pleno dia";"Crescente";"Céu Claro";"Simples";"Curva";"Não";1;0;0;1;0;0;1;1;-14,49541795;-59,52226818;"SPRF-MT";"DEL04-MT";"UOP01-DEL04-MT"
502457;2022-12-23;"sexta-feira";"19:45:00";"PR";277;72;"SAO JOSE DOS PINHAIS";"Pedestre cruzava a pista fora da faixa";"Atropelamento de Pedestre";"Com Vítimas Fatais";"Plena Noite";"Crescente";"Nublado";"Dupla";"Reta";"Sim";2;1;0;0;1;0;0;2;-25,507596;-49,136657;"SPRF-PR";"DEL01-PR";"UOP01-DEL01-PR"
502501;2022-07-12;"terça-feira";"19:00:00";"MG";116;375;"MATHIAS LOBATO";"Animais na Pista";"Atropelamento de Animal";"Com Vítimas Feridas";"Plena Noite";"Crescente";"Céu Claro";"Simples";"Reta;Ponte";"Sim";1;0;1;0;0;0;1;1;-18,5735246;-41,91301346;"SPRF-MG";"DEL06-MG";"UOP01-DEL06-MG"
502546;2022-06-04;"sábado";"07:40:00";"MG";381;358;"JOAO MONLEVADE";"Velocidade Incompatível";"Tombamento";"Com Vítimas Feridas";"Pleno dia";"Crescente";"Céu Claro";"Simples";"Curva";"Sim";1;0;0;1;0;0;1;1;-19,8389389;-43,18119407;"SPRF-MG";"DEL03-MG";"UOP01-DEL03-MG"
502595;2022-06-07;"terça-feira";"07:50:00";"PR";277;728;"FOZ DO IGUACU";"Reação tardia ou ineficiente do condutor";"Colisão traseira";"Com Vítimas Feridas";"Pleno dia";"Crescente";"Céu Claro";"Dupla";"Reta";"Sim";3;0;0;2;1;0;2;2;-25,5097634;-54,57387201;"SPRF-PR";"DEL05-PR";"UOP03-DEL05-PR"
502628;2022-08-26;"sexta-feira";"00:10:00";"SP";381;10;"VARGEM";"Ingestão de álcool pelo condutor";"Colisão frontal";"Com Vítimas Feridas";"Plena Noite";"Crescente";"Céu Claro";"Simples";"Rotatória";"Não";4;0;3;0;1;0;3;2;-22,92240388;-46,44345503;"SPRF-SP";"DEL03-SP";"UOP02-DEL03-SP"
502632;2022-12-24;"sábado";"20:00:00";"PR";277;720;"FOZ DO IGUACU";"Animais na Pista";"Atropelamento de Animal";"Com Vítimas Feridas";"Plena Noite";"Decrescente";"Céu Claro";"Dupla";"Reta;Em Obras";"Não";2;0;1;0;1;0;1;1;-25,48750984;-54,50317706;"SPRF-PR";"DEL05-PR";"UOP03-DEL05-PR"
502802;2022-12-17;"sábado";"09:50:00";"MG";40;47;"PARACATU";"Reação tardia ou ineficiente do condutor";"Colisão lateral mesmo sentido";"Com Vítimas Feridas";"Pleno dia";"Crescente";"Céu Claro";"Simples";"Reta";"Não";3;0;1;0;1;1;1;3;-17,23875763;-46,83697693;"SPRF-MG";"DEL14-MG";"UOP01-DEL14-MG"
502807;2022-07-17;"domingo";"09:00:00";"MA";316;457,9;"CODO";"Manobra de mudança de faixa";"Colisão lateral mesmo sentido";"Com Vítimas Feridas";"Pleno dia";"Decrescente";"Céu Claro";"Simples";"Reta";"Não";5;0;2;2;0;1;4;5;-4,506791;-44,080015;"SPRF-MA";"DEL03-MA";"UOP01-DEL03-MA"
502814;2022-10-31;"segunda-feira";"19:13:00";"PR";376;109,5;"PARANAVAI";"Obras na pista";"Colisão com objeto";"Com Vítimas Feridas";"Plena Noite";"Decrescente";"Nublado";"Dupla";"Reta";"Sim";1;0;0;1;0;0;1;1;-23,08086594;-52,40984795;"SPRF-PR";"DEL09-PR";"UOP02-DEL09-PR"
502870;2022-11-02;"quarta-feira";"17:50:00";"PE";104;70;"CARUARU";"Animais na Pista";"Atropelamento de Animal";"Com Vítimas Feridas";"Plena Noite";"Crescente";"Céu Claro";"Dupla";"Reta";"Não";2;0;2;0;0;0;2;1;-8,3264;-35,9852;"SPRF-PE";"DEL02-PE";"UOP01-DEL02-PE"
502885;2022-10-20;"quinta-feira";"16:40:00";"MG";50;74,6;"UBERLANDIA";"Reação tardia ou ineficiente do condutor";"Colisão lateral mesmo sentido";"Com Vítimas Feridas";"Pleno dia";"Crescente";"Céu Claro";"Simples";"Reta";"Sim";2;0;0;1;1;0;1;2;-18,85140204;-48,25345932;"SPRF-MG";"DEL15-MG";"UOP01-DEL15-MG"
502991;2022-12-22;"quinta-feira";"18:30:00";"ES";101;299;"VIANA";"Acessar a via sem observar a presença dos outros veículos";"Colisão transversal";"Com Vítimas Feridas";"Anoitecer";"Crescente";"Nublado";"Múltipla";"Retorno Regulamentado;Viaduto;Interseção de Vias;Declive";"Sim";3;0;1;1;1;0;2;3;-20,35860628;-40,42327504;"SPRF-ES";"DEL01-ES";"UOP01-DEL01-ES"
503015;2022-10-11;"terça-feira";"08:20:00";"MG";50;71;"UBERLANDIA";"Ultrapassagem Indevida";"Tombamento";"Com Vítimas Feridas";"Pleno dia";"Decrescente";"Céu Claro";"Dupla";"Reta";"Sim";3;0;1;1;0;1;2;2;-18,89097196;-48,25701714;"SPRF-MG";"DEL15-MG";"UOP01-DEL15-MG"
503016;2022-10-13;"quinta-feira";"22:04:00";"MG";50;92;"UBERLANDIA";"Ingestão de álcool pelo condutor";"Saída de leito carroçável";"Com Vítimas Feridas";"Plena Noite";"Crescente";"Céu Claro";"Dupla";"Reta";"Não";2;0;1;1;0;0;2;1;-19,06618803;-48,19153611;"SPRF-MG";"DEL15-MG";"UOP01-DEL15-MG"
503063;2022-09-02;"sexta-feira";"07:45:00";"MG";251;447;"GRAO MOGOL";"Objeto estático sobre o leito carroçável";"Queda de ocupante de veículo";"Com Vítimas Feridas";"Pleno dia";"Crescente";"Céu Claro";"Simples";"Reta";"Não";1;0;0;1;0;0;1;1;-16,43408996;-43,27992195;"SPRF-MG";"DEL12-MG";"UOP01-DEL12-MG"
503254;2022-11-22;"terça-feira";"07:49:00";"PA";230;630;"ALTAMIRA";"Condutor usando celular";"Colisão traseira";"Com Vítimas Feridas";"Pleno dia";"Decrescente";"Céu Claro";"Simples";"Reta";"Sim";3;0;1;1;1;0;2;2;-3,1732123877;-52,1629799785;"SPRF-PA";"DEL04-PA";"UOP01-DEL04-PA"
503257;2022-11-29;"terça-feira";"17:00:00";"PA";316;50;"SANTA IZABEL DO PARA";"Reação tardia ou ineficiente do condutor";"Saída de leito carroçável";"Com Vítimas Feridas";"Pleno dia";"Crescente";"Chuva";"Dupla";"Reta";"Sim";1;0;1;0;0;0;1;1;-1,30425632;-48,04278374;"SPRF-PA";"DEL01-PA";"UOP01-DEL01-PA"
503267;2022-11-09;"quarta-feira";"10:33:00";"PA";316;63;"CASTANHAL";"Desrespeitar a preferência no cruzamento";"Colisão transversal";"Sem Vítimas";"Pleno dia";"Decrescente";"Céu Claro";"Dupla";"Reta";"Sim";2;0;0;0;2;0;0;2;-1,29786885;-47,93764104;"SPRF-PA";"DEL01-PA";"UOP01-DEL01-PA"
503286;2022-12-15;"quinta-feira";"11:45:00";"MG";40;646,4;"CRISTIANO OTONI";"Ausência de reação do condutor";"Colisão lateral mesmo sentido";"Com Vítimas Feridas";"Pleno dia";"Crescente";"Nublado";"Simples";"Reta";"Não";7;0;5;0;1;1;5;3;-20,79758609;-43,80995843;"SPRF-MG";"DEL05-MG";"UOP02-DEL05-MG"
503490;2022-12-27;"terça-feira";"15:00:00";"GO";60;138;"GOIANIA";"Demais falhas mecânicas ou elétricas";"Eventos atípicos";"Sem Vítimas";"Pleno dia";"Decrescente";"Nublado";"Dupla";"Reta";"Sim";1;0;0;0;1;0;0;1;-16,6117;-49,2053;"SPRF-GO";"DEL01-GO";"UOP01-DEL01-GO"
503502;2022-12-09;"sexta-feira";"11:08:00";"PI";316;316;"PICOS";"Acesso irregular";"Colisão lateral mesmo sentido";"Com Vítimas Feridas";"Pleno dia";"Crescente";"Céu Claro";"Simples";"Reta";"Sim";2;0;0;1;1;0;1;2;-7,08133721;-41,42347604;"SPRF-PI";"DEL04-PI";"UOP01-DEL04-PI"
503515;2022-12-12;"segunda-feira";"05:20:00";"PA";316;61;"CASTANHAL";"Reação tardia ou ineficiente do condutor";"Colisão traseira";"Com Vítimas Feridas";"Amanhecer";"Decrescente";"Céu Claro";"Dupla";"Reta;Interseção de Vias";"Sim";2;0;1;0;1;0;1;2;-1,29686015;-47,94639002;"SPRF-PA";"DEL01-PA";"UOP01-DEL01-PA"
503521;2022-11-14;"segunda-feira";"23:10:00";"PR";476;114,1;"COLOMBO";"Transitar na contramão";"Colisão frontal";"Com Vítimas Feridas";"Plena Noite";"Decrescente";"Céu Claro";"Simples";"Reta";"Sim";6;0;2;1;2;1;3;3;-25,34140802;-49,15773511;"SPRF-PR";"DEL01-PR";"UOP01-DEL01-PR"
503524;2022-11-26;"sábado";"18:40:00";"MS";262;310;"CAMPO GRANDE";"Ausência de reação do condutor";"Tombamento";"Com Vítimas Feridas";"Anoitecer";"Crescente";"Ignorado";"Simples";"Reta";"Não";1;0;0;1;0;0;1;1;-20,47531859;-54,38179695;"SPRF-MS";"DEL01-MS";"UOP01-DEL01-MS"
503536;2022-10-16;"domingo";"15:30:00";"PR";476;70;"BOCAIUVA DO SUL";"Velocidade Incompatível";"Saída de leito carroçável";"Com Vítimas Feridas";"Pleno dia";"Crescente";"Céu Claro";"Simples";"Curva";"Não";2;0;0;2;0;0;2;1;-25,082552;-49,088314;"SPRF-PR";"DEL01-PR";"UOP01-DEL01-PR"
503553;2022-12-12;"segunda-feira";"08:55:00";"PR";376;182;"MARINGA";"Reação tardia ou ineficiente do condutor";"Tombamento";"Com Vítimas Feridas";"Pleno dia";"Crescente";"Chuva";"Dupla";"Interseção de Vias;Reta";"Sim";1;0;0;1;0;0;1;1;-23,43206405;-51,88842773;"SPRF-PR";"DEL09-PR";"UOP01-DEL09-PR"
503580;2022-12-09;"sexta-feira";"20:20:00";"PA";230;631,6;"ALTAMIRA";"Ausência de reação do condutor";"Saída de leito carroçável";"Com Vítimas Feridas";"Plena Noite";"Decrescente";"Céu Claro";"Simples";"Reta";"Não";1;0;1;0;0;0;1;1;-3,17496765;-52,1805954;"SPRF-PA";"DEL04-PA";"UOP01-DEL04-PA"
503587;2022-12-12;"segunda-feira";"11:45:00";"RJ";393;217;"VASSOURAS";"Acessar a via sem observar a presença dos outros veículos";"Colisão transversal";"Com Vítimas Feridas";"Pleno dia";"Crescente";"Céu Claro";"Simples";"Interseção de Vias";"Não";3;0;1;2;0;0;3;2;-22,325438;-43,5354113;"SPRF-RJ";"DEL05-RJ";"UOP03-DEL05-RJ"
503636;2022-12-18;"domingo";"10:25:00";"PI";135;514;"GILBUES";"Reação tardia ou ineficiente do condutor";"Saída de leito carroçável";"Com Vítimas Feridas";"Pleno dia";"Decrescente";"Céu Claro";"Simples";"Curva";"Não";3;0;2;1;0;0;3;1;-9,82643362;-45,33449932;"SPRF-PI";"DEL03-PI";"UOP02-DEL03-PI"
503640;2022-12-07;"quarta-feira";"13:30:00";"RS";158;264;"JULIO DE CASTILHOS";"Ausência de reação do condutor";"Colisão transversal";"Sem Vítimas";"Pleno dia";"Crescente";"Céu Claro";"Simples";"Rotatória;Viaduto;Interseção de Vias;Reta";"Sim";2;0;0;0;2;0;0;2;-29,238945;-53,66561;"SPRF-RS";"DEL10-RS";"UOP02-DEL10-RS"
503651;2022-12-17;"sábado";"17:45:00";"MG";116;264,5;"MURIAE";"Pista Escorregadia";"Colisão lateral mesmo sentido";"Com Vítimas Feridas";"Anoitecer";"Crescente";"Garoa/Chuvisco";"Simples";"Interseção de Vias;Reta";"Sim";3;0;0;1;0;2;1;3;-21,12479412;-42,38027757;"SPRF-MG";"DEL11-MG";"UOP01-DEL11-MG"
503704;2022-12-29;"quinta-feira";"22:14:00";"PE";104;22;"TAQUARITINGA DO NORTE";"Ultrapassagem Indevida";"Colisão frontal";"Com Vítimas Feridas";"Plena Noite";"Crescente";"Nublado";"Simples";"Curva";"Não";8;0;6;2;0;0;8;2;-7,967257;-36,116974;"SPRF-PE";"DEL02-PE";"UOP01-DEL02-PE"
503717;2022-12-18;"domingo";"14:30:00";"PA";316;198;"SANTA LUZIA DO PARA";"Transitar na contramão";"Colisão frontal";"Com Vítimas Feridas";"Pleno dia";"Crescente";"Garoa/Chuvisco";"Simples";"Reta";"Sim";6;0;3;1;2;0;4;2;-1,52589977;-46,89748377;"SPRF-PA";"DEL01-PA";"UOP03-DEL01-PA"
503759;2022-12-15;"quinta-feira";"18:05:00";"PI";230;307;"FLORIANO";"Conversão proibida";"Colisão transversal";"Com Vítimas Feridas";"Anoitecer";"Crescente";"Céu Claro";"Simples";"Reta";"Sim";2;0;0;1;0;1;1;2;-6,78667452;-42,99358035;"SPRF-PI";"DEL03-PI";"UOP01-DEL03-PI"
503768;2022-02-12;"sábado";"22:15:00";"PE";101;105;"CABO DE SANTO AGOSTINHO";"Reação tardia ou ineficiente do condutor";"Saída de leito carroçável";"Com Vítimas Feridas";"Plena Noite";"Decrescente";"Ignorado";"Dupla";"Curva";"Não";2;0;0;1;0;1;1;1;-8,30242751;-35,06989924;"SPRF-PE";"DEL01-PE";"UOP03-DEL01-PE"
503814;2022-11-25;"sexta-feira";"23:00:00";"MG";381;158;"GOVERNADOR VALADARES";"Acesso irregular";"Colisão transversal";"Com Vítimas Feridas";"Plena Noite";"Crescente";"Nublado";"Simples";"Reta";"Sim";3;0;1;0;0;2;1;3;-18,91795246;-42,01337465;"SPRF-MG";"DEL06-MG";"UOP01-DEL06-MG"
503821;2022-12-01;"quinta-feira";"08:30:00";"PR";476;133,5;"CURITIBA";"Reação tardia ou ineficiente do condutor";"Colisão lateral mesmo sentido";"Sem Vítimas";"Pleno dia";"Decrescente";"Sol";"Dupla";"Reta";"Sim";5;0;0;0;4;1;0;5;-25,47144817;-49,252992;"SPRF-PR";"DEL01-PR";"UOP03-DEL01-PR"
503847;2022-08-08;"segunda-feira";"06:00:00";"PR";469;15;"FOZ DO IGUACU";"Manobra de mudança de faixa";"Queda de ocupante de veículo";"Com Vítimas Feridas";"Pleno dia";"Decrescente";"Chuva";"Simples";"Retorno Regulamentado";"Sim";2;0;0;1;1;0;1;2;-25,58212399;-54,52692747;"SPRF-PR";"DEL05-PR";"UOP04-DEL05-PR"
503868;2022-11-21;"segunda-feira";"18:40:00";"PI";316;13,5;"TERESINA";"Reação tardia ou ineficiente do condutor";"Saída de leito carroçável";"Com Vítimas Feridas";"Plena Noite";"Decrescente";"Céu Claro";"Dupla";"Reta";"Sim";1;0;0;1;0;0;1;1;-5,2096314;-42,75526995;"SPRF-PI";"DEL01-PI";"UOP02-DEL01-PI"
503870;2022-12-20;"terça-feira";"19:00:00";"AP";156;108;"MAZAGAO";"Reação tardia ou ineficiente do condutor";"Saída de leito carroçável";"Com Vítimas Fatais";"Plena Noite";"Decrescente";"Céu Claro";"Simples";"Reta";"Não";4;1;2;1;0;0;3;1;-0,2198022;-51,74985731;"SPRF-AP";"DEL01-AP";"UOP01-DEL01-AP"
503873;2022-12-27;"terça-feira";"06:20:00";"PA";316;39;"SANTA IZABEL DO PARA";"Reação tardia ou ineficiente do condutor";"Colisão traseira";"Sem Vítimas";"Amanhecer";"Crescente";"Nublado";"Simples";"Reta;Aclive";"Não";4;0;0;0;4;0;0;2;-1,28141702;-48,131196;"SPRF-PA";"DEL01-PA";"UOP01-DEL01-PA"
503876;2022-12-14;"quarta-feira";"12:00:00";"SP";116;229,1;"SAO PAULO";"Reação tardia ou ineficiente do condutor";"Colisão lateral mesmo sentido";"Com Vítimas Feridas";"Pleno dia";"Crescente";"Céu Claro";"Múltipla";"Reta";"Sim";2;0;1;0;1;0;1;2;-23,51291902;-46,57604698;"SPRF-SP";"DEL01-SP";"UOP01-DEL01-SP"
503927;2022-07-26;"terça-feira";"10:30:00";"RO";364;734;"PORTO VELHO";"Acostamento em desnível";"Saída de leito carroçável";"Com Vítimas Feridas";"Pleno dia";"Crescente";"Céu Claro";"Simples";"Reta";"Não";2;0;0;1;1;0;1;1;-8,92864681;-63,97285044;"SPRF-RO";"DEL01-RO";"UOP02-DEL01-RO"
503937;2022-12-23;"sexta-feira";"00:35:00";"PI";316;9,5;"TERESINA";"Reação tardia ou ineficiente do condutor";"Colisão traseira";"Com Vítimas Feridas";"Plena Noite";"Decrescente";"Chuva";"Simples";"Reta";"Sim";2;0;0;1;1;0;1;2;-5,17381686;-42,76624952;"SPRF-PI";"DEL01-PI";"UOP02-DEL01-PI"
503998;2022-11-29;"terça-feira";"16:19:00";"PA";163;522;"ITAITUBA";"Reação tardia ou ineficiente do condutor";"Saída de leito carroçável";"Com Vítimas Feridas";"Anoitecer";"Crescente";"Ignorado";"Simples";"Reta";"Não";2;0;1;0;1;0;1;1;-5,34400208;-55,91296824;"SPRF-PA";"DEL05-PA";"UOP01-DEL05-PA"
504008;2022-12-19;"segunda-feira";"11:00:00";"PA";230;115;"MARABA";"Manobra de mudança de faixa";"Queda de ocupante de veículo";"Com Vítimas Feridas";"Pleno dia";"Crescente";"Céu Claro";"Dupla";"Reta";"Sim";1;0;1;0;0;0;1;1;-5,36241425;-49,07496007;"SPRF-PA";"DEL03-PA";"UOP01-DEL03-PA"
504028;2022-12-11;"domingo";"22:30:00";"TO";153;307;"GUARAI";"Reação tardia ou ineficiente do condutor";"Colisão com objeto";"Com Vítimas Feridas";"Plena Noite";"Decrescente";"Céu Claro";"Simples";"Reta";"Não";2;0;1;0;1;0;1;1;-8,59672901;-48,48314149;"SPRF-TO";"DEL02-TO";"UOP02-DEL02-TO"
504031;2022-12-12;"segunda-feira";"13:15:00";"PR";469;15,3;"FOZ DO IGUACU";"Declive acentuado";"Colisão transversal";"Com Vítimas Feridas";"Pleno dia";"Crescente";"Céu Claro";"Simples";"Declive";"Sim";2;0;0;1;1;0;1;2;-25,5813;-54,5315;"SPRF-PR";"DEL05-PR";"UOP04-DEL05-PR"
504062;2022-12-21;"quarta-feira";"08:47:00";"PI";316;8,7;"TERESINA";"Ausência de reação do condutor";"Colisão traseira";"Com Vítimas Feridas";"Pleno dia";"Decrescente";"Sol";"Múltipla";"Reta";"Não";4;0;0;3;1;0;3;2;-5,16483402;-42,76899508;"SPRF-PI";"DEL01-PI";"UOP02-DEL01-PI"
504064;2022-08-22;"segunda-feira";"13:25:00";"PE";232;141,4;"SAO CAITANO";"Pista esburacada";"Queda de ocupante de veículo";"Com Vítimas Feridas";"Pleno dia";"Crescente";"Céu Claro";"Dupla";"Declive";"Não";2;0;1;1;0;0;2;1;-8,32108263;-36,08591505;"SPRF-PE";"DEL03-PE";"UOP02-DEL03-PE"
504090;2022-12-23;"sexta-feira";"18:40:00";"PR";469;13,5;"FOZ DO IGUACU";"Acessar a via sem observar a presença dos outros veículos";"Colisão transversal";"Com Vítimas Feridas";"Pleno dia";"Crescente";"Céu Claro";"Simples";"Reta";"Sim";4;0;1;0;1;2;1;3;-25,5754;-54,5489;"SPRF-PR";"DEL05-PR";"UOP04-DEL05-PR"
504093;2022-12-21;"quarta-feira";"09:30:00";"PA";230;509;"ANAPU";"Manobra de mudança de faixa";"Colisão traseira";"Com Vítimas Feridas";"Pleno dia";"Crescente";"Céu Claro";"Simples";"Reta";"Não";3;0;1;0;2;0;1;2;-3,40067729;-51,2835062;"SPRF-PA";"DEL04-PA";"UOP01-DEL04-PA"
504101;2022-11-02;"quarta-feira";"17:10:00";"PA";10;165,7;"PARAGOMINAS";"Conversão proibida";"Colisão transversal";"Com Vítimas Feridas";"Pleno dia";"Crescente";"Céu Claro";"Simples";"Reta";"Sim";4;0;1;1;2;0;2;4;-2,99184245;-47,45688018;"SPRF-PA";"DEL02-PA";"UOP01-DEL02-PA"
504122;2022-11-24;"quinta-feira";"15:06:00";"BA";324;518;"FEIRA DE SANTANA";"Ultrapassagem Indevida";"Colisão frontal";"Com Vítimas Feridas";"Pleno dia";"Crescente";"Céu Claro";"Simples";"Reta";"Não";2;0;0;1;1;0;1;2;-12,26037636;-38,93225312;"SPRF-BA";"DEL02-BA";"UOP01-DEL02-BA"
504227;2022-11-18;"sexta-feira";"20:45:00";"PR";116;125;"FAZENDA RIO GRANDE";"Manobra de mudança de faixa";"Colisão lateral mesmo sentido";"Com Vítimas Feridas";"Plena Noite";"Crescente";"Céu Claro";"Dupla";"Reta";"Sim";3;0;1;0;2;0;1;3;-25,62457364;-49,31540608;"SPRF-PR";"DEL01-PR";"UOP03-DEL01-PR"
504302;2022-09-11;"domingo";"23:50:00";"MT";70;746;"CACERES";"Animais na Pista";"Atropelamento de Animal";"Com Vítimas Feridas";"Plena Noite";"Decrescente";"Céu Claro";"Simples";"Reta";"Não";2;0;1;0;1;0;1;1;-16,05323713;-57,81194687;"SPRF-MT";"DEL03-MT";"UOP01-DEL03-MT"
504306;2022-10-13;"quinta-feira";"18:40:00";"MG";365;627;"UBERLANDIA";"Ausência de reação do condutor";"Tombamento";"Com Vítimas Feridas";"Anoitecer";"Crescente";"Céu Claro";"Dupla";"Curva";"Sim";2;0;0;1;1;0;1;2;-18,90549178;-48,32209289;"SPRF-MG";"DEL15-MG";"UOP01-DEL15-MG"
504388;2022-11-21;"segunda-feira";"20:00:00";"MA";135;4;"SAO LUIS";"Acessar a via sem observar a presença dos outros veículos";"Colisão transversal";"Com Vítimas Feridas";"Plena Noite";"Crescente";"Céu Claro";"Dupla";"Retorno Regulamentado";"Sim";2;0;0;1;0;1;1;2;-2,61424881;-44,25257023;"SPRF-MA";"DEL01-MA";"UOP01-DEL01-MA"