"id";"data_inversa";"dia_semana";"horario";"uf";"br";"km";"municipio";"causa_acidente";"tipo_acidente";"classificacao_acidente";"fase_dia";"sentido_via";"condicao_metereologica";"tipo_pista";"tracado_via";"uso_solo";"pessoas";"mortos";"feridos_leves";"feridos_graves";"ilesos";"ignorados";"feridos";"veiculos";"latitude";"longitude";"regional";"delegacia";"uop"
504422;2022-12-24;"sábado";"06:20:00";"MG";40;119;"LAGOA GRANDE";"Acessar a via sem observar a presença dos outros veículos";"Colisão transversal";"Com Vítimas Fatais";"Amanhecer";"Decrescente";"Nublado";"Simples";"Reta;Interseção de Vias;Rotatória";"Não";20;3;0;2;15;0;2;2;-17,6604168;-46,37414974;"SPRF-MG";"DEL14-MG";"UOP01-DEL14-MG"
504428;2022-12-11;"domingo";"19:25:00";"PA";230;631;"ALTAMIRA";"Ausência de reação do condutor";"Atropelamento de Pedestre";"Com Vítimas Feridas";"Plena Noite";"Crescente";"Céu Claro";"Simples";"Reta";"Sim";2;0;0;2;0;0;2;2;-3,17369255;-52,17226002;"SPRF-PA";"DEL04-PA";"UOP01-DEL04-PA"
504632;2022-09-24;"sábado";"16:00:00";"PE";232;79,6;"GRAVATA";"Ingestão de álcool pelo condutor";"Colisão frontal";"Com Vítimas Fatais";"Pleno dia";"Crescente";"Céu Claro";"Simples";"Reta";"Sim";4;1;3;0;0;0;3;2;-8,195395;-35,56722;"SPRF-PE";"DEL02-PE";"UOP02-DEL02PE"
504655;2022-09-01;"quinta-feira";"08:00:00";"MG";365;623;"UBERLANDIA";"Avarias e/ou desgaste excessivo no pneu";"Queda de ocupante de veículo";"Com Vítimas Feridas";"Pleno dia";"Crescente";"Céu Claro";"Dupla";"Reta";"Sim";2;0;0;2;0;0;2;1;-18,89135928;-48,27108264;"SPRF-MG";"DEL15-MG";"UOP01-DEL15-MG"
504657;2022-12-09;"sexta-feira";"21:10:00";"PI";316;5;"TERESINA";"Ingestão de álcool pelo condutor";"Capotamento";"Com Vítimas Feridas";"Plena Noite";"Crescente";"Nublado";"Múltipla";"Reta";"Sim";3;0;0;1;2;0;1;3;-5,14169858;-42,78157276;"SPRF-PI";"DEL01-PI";"UOP02-DEL01-PI"
504872;2022-12-19;"segunda-feira";"18:43:00";"PR";376;133;"CURITIBA";"Trafegar com motocicleta (ou similar) entre as faixas";"Tombamento";"Com Vítimas Feridas";"Anoitecer";"Decrescente";"Garoa/Chuvisco";"Múltipla";"Reta";"Sim";1;0;1;0;0;0;1;1;-25,47439896;-49,25772786;"SPRF-PR";"DEL09-PR";"UOP02-DEL09-PR"
504875;2022-12-18;"domingo";"17:50:00";"PA";316;40;"SANTA IZABEL DO PARA";"Chuva";"Queda de ocupante de veículo";"Com Vítimas Feridas";"Anoitecer";"Decrescente";"Nublado";"Dupla";"Curva";"Não";1;0;1;0;0;0;1;1;-1,278363;-48,112501;"SPRF-PA";"DEL01-PA";"UOP01-DEL01-PA"
504923;2022-06-18;"sábado";"11:05:00";"RN";226;3;"NATAL";"Desrespeitar a preferência no cruzamento";"Colisão transversal";"Com Vítimas Feridas";"Pleno dia";"Crescente";"Sol";"Simples";"Reta";"Sim";2;0;1;0;1;0;1;2;-5,82085671;-35,25187091;"SPRF-RN";"DEL01-RN";"UOP02-DEL01-RN"
504939;2022-12-27;"terça-feira";"19:00:00";"SC";101;132;"BALNEARIO CAMBORIU";"Conversão proibida";"Colisão transversal";"Com Vítimas Feridas";"Plena Noite";"Crescente";"Nublado";"Dupla";"Reta";"Sim";3;0;2;0;1;0;2;2;-26,99654133;-48,65564711;"SPRF-SC";"DEL04-SC";"UOP03-DEL04-SC"
504965;2022-12-08;"quinta-feira";"19:22:00";"PI";135;387;"BOM JESUS";"Animais na Pista";"Atropelamento de Animal";"Com Vítimas Feridas";"Plena Noite";"Decrescente";"Céu Claro";"Simples";"Aclive";"Não";2;0;1;1;0;0;2;1;-9,32512007;-44,51784779;"SPRF-PI";"DEL03-PI";"UOP02-DEL03-PI"
504966;2022-12-17;"sábado";"19:30:00";"PA";316;160;"TRACUATEUA";"Pedestre andava na pista";"Atropelamento de Pedestre";"Com Vítimas Feridas";"Plena Noite";"Crescente";"Nublado";"Simples";"Declive";"Não";2;0;0;1;1;0;1;2;-1,27057168;-47,12558864;"SPRF-PA";"DEL01-PA";"UOP03-DEL01-PA"
504981;2022-12-23;"sexta-feira";"18:05:00";"PI";343;340;"TERESINA";"Ingestão de álcool pelo condutor";"Tombamento";"Com Vítimas Feridas";"Anoitecer";"Decrescente";"Chuva";"Dupla";"Reta;Aclive";"Sim";1;0;0;1;0;0;1;1;-5,074137;-42,73629;"SPRF-PI";"DEL01-PI";"UOP01-DEL01-PI"
505004;2022-12-11;"domingo";"19:00:00";"PA";316;7;"ANANINDEUA";"Ingestão de álcool pelo condutor";"Colisão lateral mesmo sentido";"Sem Vítimas";"Plena Noite";"Decrescente";"Ignorado";"Múltipla";"Reta";"Sim";5;0;0;0;5;0;0;2;-1,37246314;-48,38458692;"SPRF-PA";"DEL01-PA";"UOP01-DEL01-PA"
505081;2022-12-20;"terça-feira";"16:00:00";"PI";343;305,2;"ALTOS";"Acessar a via sem observar a presença dos outros veículos";"Colisão transversal";"Com Vítimas Feridas";"Pleno dia";"Decrescente";"Céu Claro";"Simples";"Interseção de Vias";"Sim";2;0;0;2;0;0;2;2;-5,03444;-42,443382;"SPRF-PI";"DEL01-PI";"UOP01-DEL01-PI"
505094;2022-10-03;"segunda-feira";"21:30:00";"PR";369;40;"ANDIRA";"Transitar na contramão";"Colisão frontal";"Com Vítimas Fatais";"Plena Noite";"Decrescente";"Nevoeiro/Neblina";"Simples";"Reta";"Não";4;1;0;0;3;0;0;2;-23,06103;-50,25207;"SPRF-PR";"DEL07-PR";"UOP01-DEL07-PR"
505104;2022-11-18;"sexta-feira";"23:30:00";"RJ";356;135;"CAMPOS DOS GOYTACAZES";"Animais na Pista";"Atropelamento de Animal";"Com Vítimas Feridas";"Plena Noite";"Decrescente";"Céu Claro";"Simples";"Reta";"Sim";1;0;1;0;0;0;1;1;-21,73467416;-41,34288121;"SPRF-RJ";"DEL08-RJ";"UOP01-DEL08-RJ"
505225;2022-12-16;"sexta-feira";"06:40:00";"PA";10;354;"SANTA MARIA DO PARA";"Ausência de reação do condutor";"Colisão transversal";"Com Vítimas Feridas";"Pleno dia";"Decrescente";"Céu Claro";"Simples";"Reta";"Sim";3;0;1;1;1;0;2;3;-1,34759789;-47,57735696;"SPRF-PA";"DEL01-PA";"UOP02-DEL01-PA"
505248;2022-03-10;"quinta-feira";"02:10:00";"SC";163;71;"SAO MIGUEL DO OESTE";"Acessar a via sem observar a presença dos outros veículos";"Colisão transversal";"Com Vítimas Feridas";"Plena Noite";"Decrescente";"Céu Claro";"Simples";"Reta";"Sim";4;0;2;1;1;0;3;2;-26,72772401;-53,51281303;"SPRF-SC";"DEL07-SC";"UOP03-DEL07-SC"
505274;2022-10-14;"sexta-feira";"17:15:00";"PE";104;70;"CARUARU";"Reação tardia ou ineficiente do condutor";"Saída de leito carroçável";"Com Vítimas Fatais";"Anoitecer";"Decrescente";"Céu Claro";"Dupla";"Curva";"Não";1;1;0;0;0;0;0;1;-8,3264;-35,9852;"SPRF-PE";"DEL02-PE";"UOP01-DEL02-PE"
505284;2022-07-30;"sábado";"19:45:00";"PE";104;42,1;"CARUARU";"Transitar na contramão";"Colisão frontal";"Com Vítimas Fatais";"Plena Noite";"Crescente";"Céu Claro";"Dupla";"Reta";"Não";2;1;0;0;1;0;0;2;-8,1065;-36,0218;"SPRF-PE";"DEL02-PE";"UOP01-DEL02-PE"
505399;2022-12-02;"sexta-feira";"10:30:00";"ES";101;13;"PEDRO CANARIO";"Acumulo de água sobre o pavimento";"Tombamento";"Com Vítimas Feridas";"Pleno dia";"Crescente";"Chuva";"Simples";"Reta";"Não";2;0;1;0;1;0;1;1;-18,27406403;-39,9597724;"SPRF-ES";"DEL04-ES";"UOP02-DEL04-ES"
505400;2022-12-26;"segunda-feira";"18:40:00";"PE";104;68;"CARUARU";"Desrespeitar a preferência no cruzamento";"Colisão lateral mesmo sentido";"Com Vítimas Feridas";"Plena Noite";"Crescente";"Céu Claro";"Dupla";"Reta";"Não";4;0;2;0;1;1;2;3;-8,3107;-35,9904;"SPRF-PE";"DEL02-PE";"UOP01-DEL02-PE"
505446;2022-10-26;"quarta-feira";"07:00:00";"SP";116;142;"SAO JOSE DOS CAMPOS";"Reação tardia ou ineficiente do condutor";"Colisão lateral mesmo sentido";"Com Vítimas Feridas";"Pleno dia";"Crescente";"Céu Claro";"Dupla";"Reta";"Não";3;0;2;0;1;0;2;3;-23,2334077;-45,8969667;"SPRF-SP";"DEL02-SP";"UOP01-DEL02-SP"
505455;2022-11-09;"quarta-feira";"04:30:00";"PR";467;102;"CASCAVEL";"Reação tardia ou ineficiente do condutor";"Saída de leito carroçável";"Com Vítimas Feridas";"Plena Noite";"Crescente";"Ignorado";"Dupla";"Reta";"Não";2;0;2;0;0;0;2;1;-24,9036;-53,5184;"SPRF-PR";"DEL04-PR";"UOP01-DEL04-PR"
505463;2022-12-17;"sábado";"16:30:00";"ES";101;407,9;"ITAPEMIRIM";"Chuva";"Colisão com objeto";"Com Vítimas Feridas";"Pleno dia";"Crescente";"Chuva";"Simples";"Curva";"Não";3;0;2;0;1;0;2;1;-20,89011816;-41,0380264;"SPRF-ES";"DEL03-ES";"UOP02-DEL03-ES"
505498;2022-12-27;"terça-feira";"07:40:00";"PI";135;465;"MONTE ALEGRE DO PIAUI";"Ausência de reação do condutor";"Saída de leito carroçável";"Com Vítimas Feridas";"Pleno dia";"Crescente";"Céu Claro";"Simples";"Curva";"Não";2;0;1;1;0;0;2;1;-9,58262796;-45,03172408;"SPRF-PI";"DEL03-PI";"UOP02-DEL03-PI"
505650;2022-09-24;"sábado";"22:10:00";"RN";304;300;"MACAIBA";"Velocidade Incompatível";"Colisão traseira";"Sem Vítimas";"Plena Noite";"Decrescente";"Céu Claro";"Múltipla";"Reta";"Não";2;0;0;0;2;0;0;2;-5,8737673;-35,3150361;"SPRF-RN";"DEL01-RN";"UOP02-DEL01-RN"
505666;2022-08-05;"sexta-feira";"14:00:00";"RJ";40;109;"DUQUE DE CAXIAS";"Reação tardia ou ineficiente do condutor";"Atropelamento de Pedestre";"Com Vítimas Feridas";"Pleno dia";"Crescente";"Nublado";"Múltipla";"Reta";"Não";2;0;0;1;0;1;1;2;-22,67374628;-43,28638368;"SPRF-RJ";"DEL01-RJ";"UOP01-DEL01-RJ"
505724;2022-02-04;"sexta-feira";"18:40:00";"BA";101;364;"GANDU";"Reação tardia ou ineficiente do condutor";"Colisão transversal";"Com Vítimas Feridas";"Anoitecer";"Crescente";"Céu Claro";"Simples";"Reta";"Não";2;0;1;0;1;0;1;2;-13,86515405;-39,49574188;"SPRF-BA";"DEL05-BA";"UOP03-DEL05-BA"
505864;2022-12-01;"quinta-feira";"00:28:00";"MG";153;8;"ARAPORA";"Condutor Dormindo";"Saída de leito carroçável";"Com Vítimas Feridas";"Plena Noite";"Decrescente";"Céu Claro";"Dupla";"Reta";"Não";2;0;2;0;0;0;2;1;-18,48778001;-49,18862284;"SPRF-MG";"DEL15-MG";"UOP03-DEL15-MG"
505908;2022-09-04;"domingo";"04:50:00";"PI";343;207,8;"PIRIPIRI";"Condutor deixou de manter distância do veículo da frente";"Colisão traseira";"Com Vítimas Feridas";"Amanhecer";"Decrescente";"Céu Claro";"Simples";"Reta";"Não";4;0;1;3;0;0;4;2;-4,429796;-41,90117;"SPRF-PI";"DEL02-PI";"UOP01-DEL02-PI"
506116;2022-12-18;"domingo";"22:00:00";"BA";101;360;"WENCESLAU GUIMARAES";"Velocidade Incompatível";"Saída de leito carroçável";"Com Vítimas Feridas";"Plena Noite";"Crescente";"Nublado";"Simples";"Reta";"Não";2;0;0;2;0;0;2;1;-13,70769162;-39,48068363;"SPRF-BA";"DEL05-BA";"UOP03-DEL05-BA"
506307;2022-11-23;"quarta-feira";"08:00:00";"BA";367;22,5;"PORTO SEGURO";"Ultrapassagem Indevida";"Colisão lateral mesmo sentido";"Com Vítimas Feridas";"Pleno dia";"Decrescente";"Céu Claro";"Simples";"Reta";"Sim";3;0;1;0;2;0;1;2;-16,44149625;-39,06566204;"SPRF-BA";"DEL09-BA";"UOP03-DEL09-BA"
506318;2022-11-18;"sexta-feira";"20:40:00";"CE";116;9;"FORTALEZA";"Velocidade Incompatível";"Colisão traseira";"Sem Vítimas";"Plena Noite";"Decrescente";"Céu Claro";"Dupla";"Reta";"Sim";2;0;0;0;2;0;0;2;-3,82779096;-38,50486117;"SPRF-CE";"DEL01-CE";"UOP02-DEL01-CE"
506367;2022-12-30;"sexta-feira";"08:30:00";"MG";381;203,2;"PERIQUITO";"Condutor deixou de manter distância do veículo da frente";"Engavetamento";"Com Vítimas Feridas";"Pleno dia";"Decrescente";"Céu Claro";"Simples";"Curva";"Não";3;0;1;0;2;0;1;3;-19,19209037;-42,27541577;"SPRF-MG";"DEL06-MG";"UOP01-DEL06-MG"
506429;2022-07-15;"sexta-feira";"18:10:00";"ES";101;193;"ARACRUZ";"Mal súbito do condutor";"Colisão lateral sentido oposto";"Com Vítimas Feridas";"Plena Noite";"Decrescente";"Céu Claro";"Simples";"Reta;Declive";"Não";4;0;2;1;1;0;3;2;-19,69809864;-40,30350816;"SPRF-ES";"DEL04-ES";"UOP01-DEL04-ES"
506601;2022-09-09;"sexta-feira";"13:45:00";"PR";369;184;"ARAPONGAS";"Condutor deixou de manter distância do veículo da frente";"Colisão traseira";"Com Vítimas Feridas";"Pleno dia";"Crescente";"Céu Claro";"Dupla";"Reta";"Sim";4;0;3;0;1;0;3;3;-23,403282;-51,428234;"SPRF-PR";"DEL07-PR";"UOP03-DEL07-PR"
506602;2022-12-15;"quinta-feira";"09:40:00";"PA";230;119;"MARABA";"Condutor deixou de manter distância do veículo da frente";"Colisão lateral mesmo sentido";"Com Vítimas Feridas";"Pleno dia";"Decrescente";"Céu Claro";"Dupla";"Reta;Interseção de Vias";"Sim";4;0;1;0;2;1;1;3;-5,350407;-49,105981;"SPRF-PA";"DEL03-PA";"UOP01-DEL03-PA"
506699;2022-12-05;"segunda-feira";"15:58:00";"MG";40;142,9;"JOAO PINHEIRO";"Reação tardia ou ineficiente do condutor";"Colisão transversal";"Com Vítimas Feridas";"Pleno dia";"Crescente";"Céu Claro";"Simples";"Reta";"Sim";2;0;1;0;1;0;1;2;-17,740382;-46,185728;"SPRF-MG";"DEL14-MG";"UOP01-DEL14-MG"
506774;2022-04-04;"segunda-feira";"12:50:00";"MA";10;361;"ITINGA DO MARANHAO";"Reação tardia ou ineficiente do condutor";"Colisão traseira";"Com Vítimas Feridas";"Pleno dia";"Decrescente";"Céu Claro";"Simples";"Reta";"Não";2;0;0;1;1;0;1;2;-4,59314;-47,491745;"SPRF-MA";"DEL04-MA";"UOP03-DEL04-MA"
506799;2022-12-08;"quinta-feira";"19:10:00";"PR";369;157;"LONDRINA";"Demais falhas mecânicas ou elétricas";"Tombamento";"Com Vítimas Feridas";"Anoitecer";"Crescente";"Céu Claro";"Dupla";"Reta";"Sim";1;0;0;1;0;0;1;1;-23,28773765;-51,22547686;"SPRF-PR";"DEL07-PR";"UOP01-DEL07-PR"
506827;2022-11-24;"quinta-feira";"01:00:00";"PR";116;115,8;"CURITIBA";"Ausência de reação do condutor";"Queda de ocupante de veículo";"Com Vítimas Fatais";"Plena Noite";"Crescente";"Nublado";"Dupla";"Reta";"Sim";1;1;0;0;0;0;0;1;-25,55953326;-49,26560414;"SPRF-PR";"DEL01-PR";"UOP03-DEL01-PR"
506936;2022-10-31;"segunda-feira";"17:45:00";"PA";163;987;"SANTAREM";"Manobra de mudança de faixa";"Colisão frontal";"Com Vítimas Feridas";"Pleno dia";"Crescente";"Céu Claro";"Simples";"Reta";"Não";2;0;0;2;0;0;2;2;-2,583771;-54,720398;"SPRF-PA";"DEL05-PA";"UOP01-DEL05-PA"
507109;2022-12-31;"sábado";"11:25:00";"MA";135;37;"BACABEIRA";"Manobra de mudança de faixa";"Colisão lateral mesmo sentido";"Com Vítimas Feridas";"Pleno dia";"Decrescente";"Chuva";"Dupla";"Reta";"Não";4;0;1;0;3;0;1;2;-2,867093;-44,37482;"SPRF-MA";"DEL01-MA";"UOP01-DEL01-MA"
507121;2022-10-28;"sexta-feira";"21:13:00";"SC";282;16;"PALHOCA";"Acessar a via sem observar a presença dos outros veículos";"Colisão transversal";"Com Vítimas Feridas";"Plena Noite";"Crescente";"Ignorado";"Simples";"Reta";"Não";2;0;1;0;0;1;1;2;-27,658611;-48,681847;"SPRF-SC";"DEL01-SC";"UOP02-DEL01-SC"
507143;2022-11-17;"quinta-feira";"21:35:00";"RS";290;55,7;"GLORINHA";"Ausência de reação do condutor";"Colisão traseira";"Com Vítimas Feridas";"Plena Noite";"Decrescente";"Céu Claro";"Dupla";"Reta";"Não";5;0;2;2;1;0;4;2;-29,91574;-50,816269;"SPRF-RS";"DEL03-RS";"UOP01-DEL03-RS"
507181;2022-03-03;"quinta-feira";"05:25:00";"RJ";40;101;"DUQUE DE CAXIAS";"Pista Escorregadia";"Tombamento";"Com Vítimas Feridas";"Amanhecer";"Crescente";"Vento";"Dupla";"Reta";"Não";1;0;1;0;0;0;1;1;-22,60416289;-43,28452778;"SPRF-RJ";"DEL01-RJ";"UOP01-DEL01-RJ"
507277;2022-12-08;"quinta-feira";"12:30:00";"MG";354;705,2;"CAXAMBU";"Velocidade Incompatível";"Tombamento";"Com Vítimas Feridas";"Pleno dia";"Decrescente";"Ignorado";"Simples";"Curva";"Não";1;0;0;1;0;0;1;1;-21,99205276;-44,9251702;"SPRF-MG";"DEL17-MG";"UOP01-DEL17-MG"
507406;2022-07-28;"quinta-feira";"11:30:00";"RO";319;63,4;"PORTO VELHO";"Reação tardia ou ineficiente do condutor";"Colisão transversal";"Com Vítimas Feridas";"Pleno dia";"Crescente";"Céu Claro";"Dupla";"Interseção de Vias;Reta";"Sim";2;0;0;1;1;0;1;2;-8,76098729;-63,88565898;"SPRF-RO";"DEL01-RO";"UOP01-DEL01-RO"
507454;2022-12-21;"quarta-feira";"19:45:00";"PR";376;179;"MARINGA";"Animais na Pista";"Atropelamento de Animal";"Com Vítimas Feridas";"Plena Noite";"Crescente";"Céu Claro";"Dupla";"Reta";"Sim";1;0;1;0;0;0;1;1;-23,42244278;-51,90360392;"SPRF-PR";"DEL09-PR";"UOP01-DEL09-PR"
507462;2022-12-05;"segunda-feira";"12:30:00";"MG";50;72,6;"UBERLANDIA";"Ausência de sinalização";"Tombamento";"Com Vítimas Feridas";"Pleno dia";"Decrescente";"Ignorado";"Dupla";"Reta";"Sim";1;0;1;0;0;0;1;1;-18,90442903;-48,23271632;"SPRF-MG";"DEL15-MG";"UOP01-DEL15-MG"
507501;2022-05-29;"domingo";"09:00:00";"PA";308;201;"BRAGANCA";"Acessar a via sem observar a presença dos outros veículos";"Colisão transversal";"Com Vítimas Feridas";"Pleno dia";"Decrescente";"Céu Claro";"Dupla";"Reta";"Sim";3;0;2;0;1;0;2;2;-1,0647404;-46,77962017;"SPRF-PA";"DEL01-PA";"UOP03-DEL01-PA"
507627;2022-05-27;"sexta-feira";"20:00:00";"PA";10;25,1;"DOM ELISEU";"Afundamento ou ondulação no pavimento";"Tombamento";"Com Vítimas Feridas";"Plena Noite";"Crescente";"Ignorado";"Simples";"Aclive";"Não";1;0;0;1;0;0;1;1;-4,24085813;-47,55672076;"SPRF-PA";"DEL02-PA";"UOP02-DEL02-PA"
507684;2022-02-12;"sábado";"12:08:00";"RJ";116;280;"BARRA MANSA";"Condutor deixou de manter distância do veículo da frente";"Colisão traseira";"Com Vítimas Feridas";"Pleno dia";"Decrescente";"Céu Claro";"Dupla";"Reta;Aclive";"Não";2;0;1;0;1;0;1;2;-22,54134895;-44,19176093;"SPRF-RJ";"DEL07-RJ";"UOP02-DEL07-RJ"
507827;2022-01-10;"segunda-feira";"15:30:00";"MG";381;361;"JOAO MONLEVADE";"Pista esburacada";"Tombamento";"Com Vítimas Feridas";"Pleno dia";"Crescente";"Céu Claro";"Simples";"Curva";"Não";1;0;0;1;0;0;1;1;-19,84975425;-43,21015304;"SPRF-MG";"DEL03-MG";"UOP01-DEL03-MG"
507849;2022-10-19;"quarta-feira";"11:00:00";"RN";101;98;"NATAL";"Reação tardia ou ineficiente do condutor";"Colisão traseira";"Com Vítimas Feridas";"Pleno dia";"Crescente";"Sol";"Múltipla";"Viaduto";"Sim";2;0;0;1;1;0;1;2;-5,86567888;-35,21651625;"SPRF-RN";"DEL01-RN";"UOP01-DEL01-RN"
507850;2022-12-04;"domingo";"04:41:00";"RN";226;63;"SENADOR ELOI DE SOUZA";"Animais na Pista";"Colisão frontal";"Com Vítimas Fatais";"Amanhecer";"Decrescente";"Céu Claro";"Simples";"Reta";"Não";4;1;1;2;0;0;3;2;-6,06649374;-35,6820364;"SPRF-RN";"DEL01-RN";"UOP02-DEL01-RN"
507855;2022-12-08;"quinta-feira";"07:30:00";"GO";153;614,5;"MORRINHOS";"Condutor Dormindo";"Saída de leito carroçável";"Com Vítimas Feridas";"Pleno dia";"Decrescente";"Céu Claro";"Dupla";"Reta";"Não";4;0;2;0;2;0;2;1;-17,6693;-49,1651;"SPRF-GO";"DEL03-GO";"UOP01-DEL03-GO"
508071;2022-11-27;"domingo";"20:25:00";"BA";101;934,4;"MUCURI";"Animais na Pista";"Atropelamento de Animal";"Com Vítimas Feridas";"Plena Noite";"Decrescente";"Ignorado";"Simples";"Declive;Reta";"Sim";1;0;0;1;0;0;1;1;-18,16840196;-39,91873914;"SPRF-BA";"DEL09-BA";"UOP02-DEL09-BA"
508184;2022-12-01;"quinta-feira";"18:30:00";"MG";262;40;"MANHUACU";"Ingestão de álcool pelo condutor";"Colisão transversal";"Com Vítimas Feridas";"Plena Noite";"Crescente";"Nublado";"Simples";"Reta";"Sim";3;0;1;0;2;0;1;2;-20,27334219;-42,04913988;"SPRF-MG";"DEL06-MG";"UOP03-DEL06-MG"
508186;2022-11-17;"quinta-feira";"13:00:00";"MG";381;895;"CAMBUI";"Ultrapassagem Indevida";"Colisão lateral mesmo sentido";"Com Vítimas Feridas";"Pleno dia";"Decrescente";"Céu Claro";"Dupla";"Reta";"Não";1;0;1;0;0;0;1;1;-22,69514484;-46,1125442;"SPRF-MG";"DEL16-MG";"UOP03-DEL16-MG"
508273;2022-06-07;"terça-feira";"13:40:00";"MG";381;584;"CARMOPOLIS DE MINAS";"Objeto estático sobre o leito carroçável";"Engavetamento";"Com Vítimas Feridas";"Pleno dia";"Decrescente";"Ignorado";"Dupla";"Reta";"Não";1;0;0;1;0;0;1;1;-20,52949002;-44,63874994;"SPRF-MG";"DEL04-MG";"UOP01-DEL04-MG"
508285;2022-12-25;"domingo";"16:50:00";"MG";251;443,5;"GRAO MOGOL";"Condutor Dormindo";"Saída de leito carroçável";"Com Vítimas Feridas";"Pleno dia";"Crescente";"Nublado";"Simples";"Reta";"Não";5;0;0;1;4;0;1;1;-16,41500882;-43,25228005;"SPRF-MG";"DEL12-MG";"UOP01-DEL12-MG"
508372;2022-11-24;"quinta-feira";"18:22:00";"RS";116;264;"CANOAS";"Manobra de mudança de faixa";"Colisão lateral mesmo sentido";"Com Vítimas Feridas";"Pleno dia";"Decrescente";"Céu Claro";"Dupla";"Reta";"Sim";3;0;2;0;1;0;2;3;-29,914435;-51,17754495;"SPRF-RS";"DEL01-RS";"UOP01-DEL01-RS"
508405;2022-12-25;"domingo";"20:15:00";"PR";376;148;"PRESIDENTE CASTELO BRANCO";"Animais na Pista";"Atropelamento de Animal";"Com Vítimas Feridas";"Plena Noite";"Decrescente";"Ignorado";"Dupla";"Aclive;Curva";"Não";4;0;0;1;3;0;1;1;-23,28944544;-52,13939667;"SPRF-PR";"DEL09-PR";"UOP02-DEL09-PR"
508678;2022-08-22;"segunda-feira";"08:00:00";"RJ";101;413;"ITAGUAI";"Pedestre andava na pista";"Atropelamento de Pedestre";"Com Vítimas Feridas";"Pleno dia";"Crescente";"Céu Claro";"Dupla";"Reta";"Sim";2;0;0;1;0;1;1;2;-22,89931896;-43,865293;"SPRF-RJ";"DEL03-RJ";"UOP01-DEL03-RJ"
508683;2022-09-04;"domingo";"23:00:00";"BA";101;285;"LAJE";"Ultrapassagem Indevida";"Queda de ocupante de veículo";"Com Vítimas Feridas";"Plena Noite";"Decrescente";"Ignorado";"Simples";"Curva";"Não";2;0;1;1;0;0;2;1;-13,18379393;-39,32556152;"SPRF-BA";"DEL01-BA";"UOP02-DEL01-BA"
508739;2022-08-09;"terça-feira";"19:00:00";"MG";116;378;"MATHIAS LOBATO";"Acessar a via sem observar a presença dos outros veículos";"Colisão frontal";"Com Vítimas Feridas";"Plena Noite";"Crescente";"Céu Claro";"Simples";"Curva";"Não";6;0;5;0;1;0;5;2;-18,6073651;-41,92702761;"SPRF-MG";"DEL06-MG";"UOP01-DEL06-MG"
508812;2022-12-07;"quarta-feira";"14:20:00";"SP";381;58,4;"MAIRIPORA";"Ausência de reação do condutor";"Tombamento";"Com Vítimas Feridas";"Pleno dia";"Decrescente";"Chuva";"Dupla";"Reta";"Não";2;0;2;0;0;0;2;1;-23,27438497;-46,58530615;"SPRF-SP";"DEL03-SP";"UOP01-DEL03-SP"
508862;2022-12-06;"terça-feira";"04:15:00";"TO";153;646,8;"DUERE";"Pedestre andava na pista";"Atropelamento de Pedestre";"Com Vítimas Fatais";"Plena Noite";"Decrescente";"Chuva";"Simples";"Reta";"Não";5;1;0;0;1;3;0;2;-11,50048609;-49,00682672;"SPRF-TO";"DEL01-TO";"UOP02-DEL01-TO"
508874;2022-10-23;"domingo";"10:15:00";"RN";405;134;"SAO FRANCISCO DO OESTE";"Transitar na contramão";"Colisão frontal";"Com Vítimas Fatais";"Pleno dia";"Crescente";"Céu Claro";"Simples";"Reta";"Não";3;1;1;1;0;0;2;2;-5,97876709;-38,15403188;"SPRF-RN";"DEL04-RN";"UOP02-DEL04-RN"
508958;2022-12-20;"terça-feira";"17:09:00";"PR";376;186;"SARANDI";"Reação tardia ou ineficiente do condutor";"Queda de ocupante de veículo";"Com Vítimas Feridas";"Pleno dia";"Crescente";"Céu Claro";"Dupla";"Declive";"Sim";1;0;0;1;0;0;1;1;-23,4524083;-51,85248613;"SPRF-PR";"DEL09-PR";"UOP01-DEL09-PR"
509151;2022-10-06;"quinta-feira";"14:40:00";"PR";476;135;"CURITIBA";"Ausência de reação do condutor";"Tombamento";"Com Vítimas Feridas";"Pleno dia";"Decrescente";"Chuva";"Múltipla";"Reta";"Sim";1;0;0;1;0;0;1;1;-25,48549832;-49,26674008;"SPRF-PR";"DEL01-PR";"UOP03-DEL01-PR"
509164;2022-10-18;"terça-feira";"12:30:00";"SP";101;50;"UBATUBA";"Reação tardia ou ineficiente do condutor";"Colisão transversal";"Com Vítimas Feridas";"Pleno dia";"Crescente";"Chuva";"Simples";"Reta";"Sim";2;0;1;0;1;0;1;2;-23,45018939;-45,07743735;"SPRF-SP";"DEL06-SP";"UOP01-DEL06-SP"
509224;2022-06-01;"quarta-feira";"01:40:00";"RJ";101;329;"RIO DE JANEIRO";"Velocidade Incompatível";"Tombamento";"Com Vítimas Feridas";"Plena Noite";"Decrescente";"Céu Claro";"Múltipla";"Reta";"Não";2;0;0;2;0;0;2;1;-22,86939305;-43,175642;"SPRF-RJ";"DEL02-RJ";"UOP01-DEL02-RJ"
509250;2022-09-07;"quarta-feira";"05:55:00";"SC";101;123,6;"ITAJAI";"Demais falhas mecânicas ou elétricas";"Incêndio";"Sem Vítimas";"Amanhecer";"Decrescente";"Chuva";"Múltipla";"Reta";"Não";2;0;0;0;2;0;0;1;-26,93668609;-48,69876905;"SPRF-SC";"DEL04-SC";"UOP04-DEL04-SC"