"id";"data_inversa";"dia_semana";"horario";"uf";"br";"km";"municipio";"causa_acidente";"tipo_acidente";"classificacao_acidente";"fase_dia";"sentido_via";"condicao_metereologica";"tipo_pista";"tracado_via";"uso_solo";"pessoas";"mortos";"feridos_leves";"feridos_graves";"ilesos";"ignorados";"feridos";"veiculos";"latitude";"longitude";"regional";"delegacia";"uop"
509255;2022-04-28;"quinta-feira";"20:00:00";"BA";30;260,9;"CAETITE";"Conversão proibida";"Colisão frontal";"Com Vítimas Feridas";"Plena Noite";"Decrescente";"Nublado";"Simples";"Reta";"Não";3;0;2;0;0;1;2;2;-14,09789655;-42,58010043;"SPRF-BA";"DEL08-BA";"UOP01-DEL08-BA"
509261;2022-12-18;"domingo";"04:00:00";"PR";277;175;"PALMEIRA";"Ingestão de álcool pelo condutor";"Colisão com objeto";"Com Vítimas Feridas";"Plena Noite";"Decrescente";"Céu Claro";"Simples";"Reta;Declive";"Não";1;0;0;1;0;0;1;1;-25,43987872;-49,97389289;"SPRF-PR";"DEL08-PR";"UOP02-DEL08-PR"
509387;2022-11-20;"domingo";"20:20:00";"MG";262;800;"UBERABA";"Reação tardia ou ineficiente do condutor";"Tombamento";"Sem Vítimas";"Plena Noite";"Crescente";"Céu Claro";"Dupla";"Reta";"Sim";1;0;0;0;0;1;0;1;-19,779129;-47,945794;"SPRF-MG";"DEL13-MG";"UOP01-DEL13-MG"
509400;2022-08-27;"sábado";"19:15:00";"GO";153;693;"ITUMBIARA";"Reação tardia ou ineficiente do condutor";"Saída de leito carroçável";"Com Vítimas Feridas";"Plena Noite";"Decrescente";"Céu Claro";"Dupla";"Reta";"Não";1;0;1;0;0;0;1;1;-18,3345;-49,2245;"SPRF-GO";"DEL03-GO";"UOP02-DEL03-GO"
509411;2022-09-10;"sábado";"18:40:00";"RJ";493;6;"ITABORAI";"Ausência de reação do condutor";"Tombamento";"Com Vítimas Feridas";"Anoitecer";"Decrescente";"Céu Claro";"Simples";"Reta";"Não";3;0;1;0;0;2;1;2;-22,73124198;-42,95145305;"SPRF-RJ";"DEL02-RJ";"UOP02-DEL02-RJ"
509585;2022-10-22;"sábado";"22:39:00";"RJ";116;305,9;"RESENDE";"Ingestão de álcool ou de substâncias psicoativas pelo pedestre";"Atropelamento de Pedestre";"Com Vítimas Fatais";"Plena Noite";"Crescente";"Nublado";"Dupla";"Reta";"Não";2;1;0;0;1;0;0;2;-22,45573779;-44,39454802;"SPRF-RJ";"DEL07-RJ";"UOP02-DEL07-RJ"
509602;2022-02-21;"segunda-feira";"11:30:00";"MG";40;528;"CONTAGEM";"Acessar a via sem observar a presença dos outros veículos";"Colisão lateral mesmo sentido";"Com Vítimas Feridas";"Pleno dia";"Decrescente";"Nublado";"Dupla";"Curva";"Sim";3;0;0;1;2;0;1;3;-19,90883179;-44,04436577;"SPRF-MG";"DEL01-MG";"UOP02-DEL01-MG"
510034;2022-12-27;"terça-feira";"10:45:00";"PR";277;592;"CASCAVEL";"Acesso irregular";"Colisão frontal";"Com Vítimas Feridas";"Pleno dia";"Decrescente";"Céu Claro";"Simples";"Reta";"Sim";1;0;1;0;0;0;1;1;-24,98285697;-53,47319399;"SPRF-PR";"DEL04-PR";"UOP01-DEL04-PR"
510265;2022-07-16;"sábado";"20:49:00";"TO";153;287;"BRASILANDIA DO TOCANTINS";"Deficiência do Sistema de Iluminação/Sinalização";"Tombamento";"Com Vítimas Feridas";"Plena Noite";"Decrescente";"Céu Claro";"Simples";"Curva;Declive";"Não";24;0;21;1;2;0;22;1;-8,41697697;-48,48102566;"SPRF-TO";"DEL02-TO";"UOP02-DEL02-TO"
510277;2022-10-02;"domingo";"01:00:00";"BA";324;514;"FEIRA DE SANTANA";"Condutor deixou de manter distância do veículo da frente";"Colisão transversal";"Com Vítimas Feridas";"Plena Noite";"Decrescente";"Céu Claro";"Simples";"Curva";"Sim";3;0;0;2;1;0;2;2;-12,23229233;-38,95215305;"SPRF-BA";"DEL02-BA";"UOP01-DEL02-BA"
510284;2022-10-02;"domingo";"01:45:00";"DF";20;1,8;"BRASILIA";"Condutor deixou de manter distância do veículo da frente";"Colisão traseira";"Com Vítimas Feridas";"Plena Noite";"Decrescente";"Céu Claro";"Dupla";"Reta";"Sim";2;0;2;0;0;0;2;2;-15,68258442;-47,84104943;"SPRF-DF";"DEL02-DF";"UOP01-DEL02-DF"
510291;2022-07-03;"domingo";"03:40:00";"PB";230;314;"SAO MAMEDE";"Ausência de reação do condutor";"Colisão traseira";"Com Vítimas Feridas";"Plena Noite";"Crescente";"Céu Claro";"Simples";"Reta";"Não";6;0;1;0;5;0;1;2;-6,9412;-37,1016;"SPRF-PB";"DEL03-PB";"UOP01-DEL03-PB"
510314;2022-08-17;"quarta-feira";"08:00:00";"GO";153;494,1;"GOIANIA";"Condutor deixou de manter distância do veículo da frente";"Colisão traseira";"Com Vítimas Feridas";"Pleno dia";"Crescente";"Céu Claro";"Múltipla";"Reta";"Sim";3;0;2;0;1;0;2;2;-16,6614;-49,2218;"SPRF-GO";"DEL01-GO";"UOP01-DEL01-GO"
510372;2022-11-21;"segunda-feira";"10:00:00";"PR";277;714;"SANTA TEREZINHA DE ITAIPU";"Problema com o freio";"Saída de leito carroçável";"Sem Vítimas";"Pleno dia";"Decrescente";"Céu Claro";"Dupla";"Interseção de Vias";"Não";2;0;0;0;2;0;0;1;-25,4650714;-54,44902954;"SPRF-PR";"DEL05-PR";"UOP01-DEL05-PR"
510395;2022-11-06;"domingo";"16:00:00";"RJ";40;80;"PETROPOLIS";"Condutor deixou de manter distância do veículo da frente";"Colisão traseira";"Com Vítimas Feridas";"Pleno dia";"Decrescente";"Céu Claro";"Simples";"Reta";"Não";3;0;1;0;2;0;1;2;-22,49798597;-43,22878703;"SPRF-RJ";"DEL06-RJ";"UOP01-DEL06-RJ"
510452;2022-08-10;"quarta-feira";"20:48:00";"GO";70;8,9;"AGUAS LINDAS DE GOIAS";"Pedestre cruzava a pista fora da faixa";"Atropelamento de Pedestre";"Com Vítimas Fatais";"Plena Noite";"Crescente";"Céu Claro";"Simples";"Reta";"Sim";2;1;1;0;0;0;1;2;-15,735806;-48,28286;"SPRF-DF";"DEL03-DF";"UOP02-DEL03-DF"
510492;2022-07-21;"quinta-feira";"19:10:00";"MT";158;406,1;"RIBEIRAO CASCALHEIRA";"Ultrapassagem Indevida";"Colisão frontal";"Com Vítimas Fatais";"Plena Noite";"Crescente";"Céu Claro";"Simples";"Reta";"Não";3;2;1;0;0;0;1;2;-12,830668;-51,78291;"SPRF-MT";"DEL07-MT";"UOP02-DEL07-MT"
510497;2022-05-25;"quarta-feira";"17:40:00";"PA";316;63;"CASTANHAL";"Acessar a via sem observar a presença dos outros veículos";"Colisão transversal";"Com Vítimas Feridas";"Anoitecer";"Crescente";"Céu Claro";"Dupla";"Reta";"Sim";2;0;1;0;1;0;1;2;-1,29679363;-47,92878096;"SPRF-PA";"DEL01-PA";"UOP01-DEL01-PA"
510520;2022-11-14;"segunda-feira";"21:30:00";"RN";101;83;"NATAL";"Animais na Pista";"Atropelamento de Animal";"Com Vítimas Feridas";"Plena Noite";"Decrescente";"Sol";"Dupla";"Declive";"Sim";3;0;3;0;0;0;3;1;-5,7710445;-35,26616981;"SPRF-RN";"DEL02-RN";"UOP01-DEL02-RN"
510615;2022-12-11;"domingo";"03:09:00";"PA";163;308;"NOVO PROGRESSO";"Reação tardia ou ineficiente do condutor";"Queda de ocupante de veículo";"Com Vítimas Feridas";"Plena Noite";"Decrescente";"Ignorado";"Simples";"Reta";"Não";1;0;1;0;0;0;1;1;-7,07445201;-55,40737611;"SPRF-PA";"DEL05-PA";"UOP02-DEL05-PA"
510651;2022-12-02;"sexta-feira";"20:00:00";"GO";40;13;"LUZIANIA";"Ingestão de álcool pelo condutor";"Colisão frontal";"Com Vítimas Feridas";"Plena Noite";"Decrescente";"Nublado";"Dupla";"Reta";"Sim";2;0;0;1;1;0;1;2;-16,151832;-47,939162;"SPRF-DF";"DEL01-DF";"UOP01-DEL01-DF"
510678;2022-12-17;"sábado";"10:55:00";"GO";40;18,8;"LUZIANIA";"Chuva";"Colisão lateral mesmo sentido";"Com Vítimas Feridas";"Pleno dia";"Crescente";"Chuva";"Dupla";"Reta";"Sim";3;0;1;0;2;0;1;2;-16,19349;-47,925575;"SPRF-DF";"DEL01-DF";"UOP01-DEL01-DF"
510685;2022-04-30;"sábado";"04:40:00";"GO";40;9;"LUZIANIA";"Ingestão de álcool pelo condutor";"Colisão com objeto";"Com Vítimas Feridas";"Plena Noite";"Crescente";"Céu Claro";"Dupla";"Reta";"Sim";2;0;2;0;0;0;2;1;-16,131158;-47,957739;"SPRF-DF";"DEL01-DF";"UOP01-DEL01-DF"
510738;2022-12-05;"segunda-feira";"15:00:00";"SP";116;58;"LORENA";"Pista Escorregadia";"Queda de ocupante de veículo";"Com Vítimas Feridas";"Pleno dia";"Crescente";"Garoa/Chuvisco";"Dupla";"Reta";"Não";1;0;1;0;0;0;1;1;-22,78005511;-45,14572791;"SPRF-SP";"DEL08-SP";"UOP01-DEL08-SP"
510864;2022-10-11;"terça-feira";"19:30:00";"BA";324;621;"SALVADOR";"Ausência de reação do condutor";"Tombamento";"Com Vítimas Feridas";"Plena Noite";"Crescente";"Ignorado";"Dupla";"Reta";"Sim";1;0;0;1;0;0;1;1;-12,91233708;-38,45956983;"SPRF-BA";"DEL01-BA";"UOP01-DEL01-BA"
511078;2022-09-15;"quinta-feira";"05:30:00";"MG";381;764,3;"CAMPANHA";"Transitar no acostamento";"Colisão frontal";"Com Vítimas Fatais";"Amanhecer";"Crescente";"Chuva";"Dupla";"Curva;Ponte;Declive";"Não";2;1;0;0;0;1;0;2;-21,72878653;-45,38358931;"SPRF-MG";"DEL16-MG";"UOP02-DEL16-MG"
511139;2022-11-30;"quarta-feira";"14:40:00";"BA";324;544;"AMELIA RODRIGUES";"Acessar a via sem observar a presença dos outros veículos";"Colisão transversal";"Com Vítimas Feridas";"Pleno dia";"Decrescente";"Céu Claro";"Dupla";"Reta";"Sim";2;0;1;0;0;1;1;2;-12,40640079;-38,75324249;"SPRF-BA";"DEL01-BA";"UOP03-DEL01-BA"
511301;2022-12-25;"domingo";"01:59:00";"PR";376;176,8;"MARINGA";"Reação tardia ou ineficiente do condutor";"Queda de ocupante de veículo";"Com Vítimas Feridas";"Plena Noite";"Crescente";"Ignorado";"Dupla";"Reta";"Sim";1;0;1;0;0;0;1;1;-23,41269173;-51,93158327;"SPRF-PR";"DEL09-PR";"UOP01-DEL09-PR"
511531;2022-11-21;"segunda-feira";"22:20:00";"BA";324;533;"FEIRA DE SANTANA";"Ausência de reação do condutor";"Queda de ocupante de veículo";"Com Vítimas Feridas";"Plena Noite";"Crescente";"Céu Claro";"Dupla";"Reta";"Não";1;0;1;0;0;0;1;1;-12,34449694;-38,84017496;"SPRF-BA";"DEL01-BA";"UOP03-DEL01-BA"
511764;2022-02-05;"sábado";"19:30:00";"PR";376;5;"MANDAGUARI";"Desrespeitar a preferência no cruzamento";"Colisão transversal";"Com Vítimas Feridas";"Plena Noite";"Crescente";"Ignorado";"Simples";"Interseção de Vias";"Sim";2;0;0;1;0;1;1;2;-23,52328105;-51,67847514;"SPRF-PR";"DEL09-PR";"UOP01-DEL09-PR"
511838;2022-09-30;"sexta-feira";"19:00:00";"MA";10;252;"IMPERATRIZ";"Desrespeitar a preferência no cruzamento";"Colisão transversal";"Com Vítimas Feridas";"Plena Noite";"Decrescente";"Céu Claro";"Simples";"Reta";"Sim";2;0;1;1;0;0;2;2;-5,53562;-47,469585;"SPRF-MA";"DEL04-MA";"UOP01-DEL04-MA"
511960;2022-07-05;"terça-feira";"17:20:00";"SC";101;431,1;"SOMBRIO";"Ausência de reação do condutor";"Atropelamento de Pedestre";"Com Vítimas Feridas";"Pleno dia";"Crescente";"Nublado";"Múltipla";"Reta";"Sim";2;0;1;0;1;0;1;2;-29,072289;-49,627142;"SPRF-SC";"DEL02-SC";"UOP02-DEL02-SC"
511968;2022-08-17;"quarta-feira";"21:04:00";"BA";324;626,4;"SALVADOR";"Reação tardia ou ineficiente do condutor";"Colisão traseira";"Com Vítimas Feridas";"Plena Noite";"Crescente";"Ignorado";"Dupla";"Curva";"Não";2;0;0;1;0;1;1;2;-12,96574326;-38,47724748;"SPRF-BA";"DEL01-BA";"UOP01-DEL01-BA"
511971;2022-08-01;"segunda-feira";"13:50:00";"BA";110;206,8;"CIPO";"Ausência de reação do condutor";"Saída de leito carroçável";"Com Vítimas Feridas";"Pleno dia";"Decrescente";"Céu Claro";"Simples";"Curva";"Não";2;0;0;2;0;0;2;1;-11,15935894;-38,50706282;"SPRF-BA";"DEL07-BA";"UOP02-DEL07-BA"
512132;2022-10-08;"sábado";"18:30:00";"BA";135;187;"BARREIRAS";"Reação tardia ou ineficiente do condutor";"Colisão traseira";"Com Vítimas Feridas";"Anoitecer";"Decrescente";"Céu Claro";"Simples";"Reta";"Não";4;0;2;0;1;1;2;3;-12,21064305;-45,0171418;"SPRF-BA";"DEL10-BA";"UOP01-DEL10-BA"
512144;2022-03-25;"sexta-feira";"03:00:00";"PE";232;79,2;"GRAVATA";"Ingestão de álcool pelo condutor";"Saída de leito carroçável";"Com Vítimas Fatais";"Plena Noite";"Crescente";"Céu Claro";"Simples";"Curva";"Sim";1;1;0;0;0;0;0;1;-8,19487149;-35,56393504;"SPRF-PE";"DEL02-PE";"UOP02-DEL02PE"
512256;2022-11-09;"quarta-feira";"09:40:00";"PB";230;93,6;"GURINHEM";"Reação tardia ou ineficiente do condutor";"Saída de leito carroçável";"Com Vítimas Feridas";"Pleno dia";"Crescente";"Céu Claro";"Dupla";"Reta";"Não";2;0;2;0;0;0;2;1;-7,1777;-35,4181;"SPRF-PB";"DEL01-PB";"UOP03-DEL01-PB"
512331;2022-08-20;"sábado";"01:30:00";"DF";60;0,4;"BRASILIA";"Reação tardia ou ineficiente do condutor";"Saída de leito carroçável";"Com Vítimas Fatais";"Plena Noite";"Crescente";"Céu Claro";"Dupla";"Reta";"Não";1;1;0;0;0;0;0;1;-15,883489;-48,064463;"SPRF-DF";"DEL03-DF";"UOP01-DEL03-DF"
512352;2022-10-06;"quinta-feira";"17:35:00";"BA";110;220,9;"NOVA SOURE";"Conversão proibida";"Queda de ocupante de veículo";"Com Vítimas Feridas";"Pleno dia";"Crescente";"Céu Claro";"Simples";"Reta";"Sim";2;0;1;0;0;1;1;2;-11,268002;-38,448806;"SPRF-BA";"DEL07-BA";"UOP02-DEL07-BA"
512368;2022-12-21;"quarta-feira";"17:40:00";"MG";116;411;"GOVERNADOR VALADARES";"Reação tardia ou ineficiente do condutor";"Tombamento";"Com Vítimas Feridas";"Anoitecer";"Decrescente";"Ignorado";"Dupla";"Retorno Regulamentado";"Sim";1;0;0;1;0;0;1;1;-18,8672653;-41,97267652;"SPRF-MG";"DEL06-MG";"UOP01-DEL06-MG"
512515;2022-12-14;"quarta-feira";"22:30:00";"MG";365;17;"MONTES CLAROS";"Objeto estático sobre o leito carroçável";"Colisão com objeto";"Com Vítimas Feridas";"Plena Noite";"Decrescente";"Chuva";"Simples";"Declive";"Não";3;0;0;1;1;1;1;3;-16,87724015;-43,993381;"SPRF-MG";"DEL12-MG";"UOP01-DEL12-MG"
512540;2022-10-19;"quarta-feira";"11:20:00";"MG";116;413,6;"GOVERNADOR VALADARES";"Ultrapassagem Indevida";"Colisão lateral mesmo sentido";"Com Vítimas Feridas";"Pleno dia";"Decrescente";"Nublado";"Simples";"Reta";"Sim";2;0;2;0;0;0;2;2;-18,873907;-41,966366;"SPRF-MG";"DEL06-MG";"UOP01-DEL06-MG"
513160;2022-11-15;"terça-feira";"02:50:00";"BA";324;619;"SALVADOR";"Reação tardia ou ineficiente do condutor";"Colisão com objeto";"Com Vítimas Fatais";"Plena Noite";"Decrescente";"Nublado";"Dupla";"Interseção de Vias";"Sim";1;1;0;0;0;0;0;1;-12,89820999;-38,45012202;"SPRF-BA";"DEL01-BA";"UOP01-DEL01-BA"
513169;2022-10-24;"segunda-feira";"22:30:00";"GO";153;643,7;"MORRINHOS";"Acessar a via sem observar a presença dos outros veículos";"Colisão traseira";"Sem Vítimas";"Plena Noite";"Crescente";"Céu Claro";"Dupla";"Reta";"Não";3;0;0;0;3;0;0;3;-17,9057;-49,2375;"SPRF-GO";"DEL03-GO";"UOP01-DEL03-GO"
513260;2022-08-07;"domingo";"01:30:00";"GO";20;175,2;"ALVORADA DO NORTE";"Transitar na contramão";"Colisão frontal";"Com Vítimas Fatais";"Plena Noite";"Crescente";"Céu Claro";"Simples";"Reta";"Não";5;3;0;2;0;0;2;2;-14,512442;-46,522091;"SPRF-DF";"DEL02-DF";"UOP03-DEL02-DF"
513537;2022-05-21;"sábado";"12:30:00";"ES";393;0,5;"CACHOEIRO DE ITAPEMIRIM";"Condutor deixou de manter distância do veículo da frente";"Colisão traseira";"Com Vítimas Feridas";"Pleno dia";"Crescente";"Céu Claro";"Simples";"Reta";"Sim";2;0;0;1;0;1;1;2;-20,841324;-41,15929;"SPRF-ES";"DEL03-ES";"UOP02-DEL03-ES"
513675;2022-12-02;"sexta-feira";"13:20:00";"MG";262;12,9;"MARTINS SOARES";"Ausência de reação do condutor";"Colisão traseira";"Com Vítimas Feridas";"Pleno dia";"Crescente";"Chuva";"Simples";"Reta";"Não";4;0;1;1;0;2;2;3;-20,25303293;-41,85361008;"SPRF-MG";"DEL06-MG";"UOP03-DEL06-MG"
513914;2022-11-13;"domingo";"08:50:00";"PE";104;37,4;"CARUARU";"Condutor Dormindo";"Saída de leito carroçável";"Com Vítimas Feridas";"Pleno dia";"Crescente";"Céu Claro";"Dupla";"Aclive;Curva";"Não";1;0;0;1;0;0;1;1;-8,069729;-36,046792;"SPRF-PE";"DEL02-PE";"UOP01-DEL02-PE"
513924;2022-10-04;"terça-feira";"18:45:00";"PR";163;137;"CAPITAO LEONIDAS MARQUES";"Ausência de reação do condutor";"Colisão frontal";"Com Vítimas Feridas";"Anoitecer";"Decrescente";"Céu Claro";"Múltipla";"Reta";"Sim";2;0;0;1;1;0;1;2;-25,5216371;-53,5943858;"SPRF-PR";"DEL05-PR";"UOP05-DEL05-PR"
514099;2022-09-17;"sábado";"17:00:00";"MG";365;0,8;"MONTES CLAROS";"Pista Escorregadia";"Queda de ocupante de veículo";"Com Vítimas Feridas";"Pleno dia";"Decrescente";"Chuva";"Simples";"Curva";"Não";2;0;0;1;1;0;1;1;-16,716154;-43,863327;"SPRF-MG";"DEL12-MG";"UOP01-DEL12-MG"
514192;2022-12-17;"sábado";"13:45:00";"GO";20;160,3;"ALVORADA DO NORTE";"Ultrapassagem Indevida";"Colisão lateral sentido oposto";"Com Vítimas Fatais";"Pleno dia";"Crescente";"Garoa/Chuvisco";"Simples";"Reta";"Não";10;5;5;0;0;0;5;3;-14,61786;-46,61105;"SPRF-DF";"DEL02-DF";"UOP03-DEL02-DF"
514209;2022-12-11;"domingo";"16:40:00";"PE";101;43,4;"IGARASSU";"Ultrapassagem Indevida";"Colisão lateral mesmo sentido";"Com Vítimas Feridas";"Pleno dia";"Decrescente";"Céu Claro";"Múltipla";"Reta";"Sim";5;0;2;0;3;0;2;2;-7,84753808;-34,90977038;"SPRF-PE";"DEL01-PE";"UOP02-DEL01-PE"
514392;2022-08-05;"sexta-feira";"07:15:00";"MG";40;42,3;"PARACATU";"Acessar a via sem observar a presença dos outros veículos";"Colisão transversal";"Com Vítimas Feridas";"Pleno dia";"Decrescente";"Céu Claro";"Simples";"Reta;Declive;Interseção de Vias";"Não";2;0;0;1;0;1;1;2;-17,2188441;-46,8666753;"SPRF-MG";"DEL14-MG";"UOP01-DEL14-MG"
514423;2022-12-20;"terça-feira";"08:30:00";"MG";381;732,6;"CARMO DA CACHOEIRA";"Velocidade Incompatível";"Saída de leito carroçável";"Com Vítimas Feridas";"Pleno dia";"Decrescente";"Garoa/Chuvisco";"Dupla";"Curva";"Não";5;0;4;0;1;0;4;2;-21,55413799;-45,24499427;"SPRF-MG";"DEL16-MG";"UOP02-DEL16-MG"
514650;2022-10-24;"segunda-feira";"19:50:00";"RS";116;250;"SAO LEOPOLDO";"Objeto estático sobre o leito carroçável";"Colisão com objeto";"Com Vítimas Feridas";"Plena Noite";"Decrescente";"Céu Claro";"Dupla";"Reta";"Não";5;0;2;0;3;0;2;2;-29,79148798;-51,16399615;"SPRF-RS";"DEL01-RS";"UOP02-DEL01-RS"
514762;2022-12-25;"domingo";"09:45:00";"RJ";493;115;"ITAGUAI";"Ausência de reação do condutor";"Colisão com objeto";"Com Vítimas Fatais";"Pleno dia";"Crescente";"Céu Claro";"Dupla";"Reta";"Não";2;2;0;0;0;0;0;1;-22,842106;-43,81079;"SPRF-RJ";"DEL03-RJ";"UOP01-DEL03-RJ"
514997;2022-10-31;"segunda-feira";"16:40:00";"RJ";40;39;"PETROPOLIS";"Reação tardia ou ineficiente do condutor";"Saída de leito carroçável";"Com Vítimas Fatais";"Anoitecer";"Decrescente";"Chuva";"Dupla";"Curva";"Não";3;1;0;2;0;0;2;1;-22,23332;-43,114136;"SPRF-RJ";"DEL05-RJ";"UOP02-DEL05-RJ"
515006;2022-11-20;"domingo";"10:30:00";"RJ";40;62;"PETROPOLIS";"Velocidade Incompatível";"Saída de leito carroçável";"Com Vítimas Fatais";"Pleno dia";"Crescente";"Céu Claro";"Dupla";"Curva";"Não";1;1;0;0;0;0;0;1;-22,40542358;-43,14664526;"SPRF-RJ";"DEL05-RJ";"UOP02-DEL05-RJ"
515278;2022-11-08;"terça-feira";"07:50:00";"MS";60;411,5;"SIDROLANDIA";"Transitar na contramão";"Colisão frontal";"Com Vítimas Feridas";"Pleno dia";"Decrescente";"Céu Claro";"Simples";"Reta";"Não";4;0;2;1;1;0;3;2;-20,889191;-54,844847;"SPRF-MS";"DEL01-MS";"UOP04-DEL01-MS"
515568;2022-11-05;"sábado";"22:10:00";"GO";251;25,8;"CRISTALINA";"Transitar na contramão";"Colisão frontal";"Com Vítimas Fatais";"Plena Noite";"Crescente";"Nublado";"Simples";"Curva";"Não";8;3;1;4;0;0;5;2;-16,1088234;-47,49312401;"SPRF-DF";"DEL01-DF";"UOP01-DEL01-DF"
515622;2022-12-16;"sexta-feira";"12:40:00";"RS";116;262;"CANOAS";"Ultrapassagem Indevida";"Colisão lateral mesmo sentido";"Com Vítimas Feridas";"Pleno dia";"Decrescente";"Céu Claro";"Dupla";"Reta";"Sim";2;0;0;1;1;0;1;2;-29,896475;-51,17593;"SPRF-RS";"DEL01-RS";"UOP01-DEL01-RS"
515772;2022-12-02;"sexta-feira";"16:00:00";"MG";262;12,9;"MARTINS SOARES";"Acessar a via sem observar a presença dos outros veículos";"Colisão transversal";"Com Vítimas Feridas";"Pleno dia";"Crescente";"Chuva";"Simples";"Reta";"Não";4;0;2;1;1;0;3;3;-20,25303293;-41,85361008;"SPRF-MG";"DEL06-MG";"UOP03-DEL06-MG"
516141;2022-09-10;"sábado";"12:45:00";"RJ";101;443;"MANGARATIBA";"Mal súbito do condutor";"Saída de leito carroçável";"Com Vítimas Feridas";"Pleno dia";"Crescente";"Céu Claro";"Simples";"Curva";"Não";8;0;6;2;0;0;8;1;-22,98107919;-44,08441596;"SPRF-RJ";"DEL03-RJ";"UOP02-DEL03-RJ"
516157;2022-04-20;"quarta-feira";"08:30:00";"PR";116;128;"FAZENDA RIO GRANDE";"Acessar a via sem observar a presença dos outros veículos";"Colisão traseira";"Com Vítimas Feridas";"Pleno dia";"Decrescente";"Céu Claro";"Múltipla";"Interseção de Vias;Reta";"Sim";2;0;0;1;1;0;1;2;-25,62150831;-49,31621728;"SPRF-PR";"DEL01-PR";"UOP03-DEL01-PR"
516202;2022-07-09;"sábado";"04:40:00";"MG";381;342;"BELA VISTA DE MINAS";"Reação tardia ou ineficiente do condutor";"Queda de ocupante de veículo";"Com Vítimas Feridas";"Plena Noite";"Decrescente";"Nublado";"Simples";"Reta";"Não";1;0;1;0;0;0;1;1;-19,84962291;-43,10954212;"SPRF-MG";"DEL03-MG";"UOP01-DEL03-MG"
516216;2022-10-10;"segunda-feira";"15:00:00";"PI";343;344;"TERESINA";"Acessar a via sem observar a presença dos outros veículos";"Colisão transversal";"Com Vítimas Feridas";"Pleno dia";"Crescente";"Sol";"Simples";"Reta";"Sim";2;0;1;0;1;0;1;2;-5,094729;-42,762775;"SPRF-PI";"DEL01-PI";"UOP01-DEL01-PI"
516288;2022-09-24;"sábado";"17:15:00";"RJ";393;285;"VOLTA REDONDA";"Deficiência do Sistema de Iluminação/Sinalização";"Saída de leito carroçável";"Com Vítimas Feridas";"Anoitecer";"Crescente";"Ignorado";"Simples";"Reta";"Sim";1;0;0;1;0;0;1;1;-22,481726;-44,06308602;"SPRF-RJ";"DEL05-RJ";"UOP04-DEL05-RJ"
516346;2022-12-17;"sábado";"16:40:00";"MG";262;660,6;"IBIA";"Ingestão de álcool pelo condutor";"Saída de leito carroçável";"Com Vítimas Feridas";"Pleno dia";"Crescente";"Chuva";"Simples";"Curva";"Não";3;0;2;0;1;0;2;1;-19,577911;-46,718506;"SPRF-MG";"DEL08-MG";"UOP01-DEL08-MG"
516358;2022-10-14;"sexta-feira";"09:30:00";"PI";343;244,8;"CAMPO MAIOR";"Ausência de reação do condutor";"Colisão traseira";"Com Vítimas Feridas";"Pleno dia";"Crescente";"Céu Claro";"Simples";"Curva";"Não";2;0;0;1;1;0;1;2;-4,678555;-42,079998;"SPRF-PI";"DEL01-PI";"UOP03-DEL01-PI"
516485;2022-11-07;"segunda-feira";"15:45:00";"PI";343;439,6;"LAGOINHA DO PIAUI";"Acessar a via sem observar a presença dos outros veículos";"Colisão transversal";"Com Vítimas Feridas";"Pleno dia";"Crescente";"Nublado";"Simples";"Interseção de Vias";"Sim";5;0;0;4;1;0;4;2;-5,85194926;-42,62525797;"SPRF-PI";"DEL01-PI";"UOP02-DEL01-PI"
516527;2022-11-16;"quarta-feira";"08:00:00";"SP";381;88;"SAO PAULO";"Ausência de reação do condutor";"Colisão traseira";"Com Vítimas Feridas";"Pleno dia";"Crescente";"Céu Claro";"Múltipla";"Reta";"Sim";3;0;1;1;1;0;2;2;-23,47469314;-46,56112919;"SPRF-SP";"DEL03-SP";"UOP01-DEL03-SP"
516543;2022-11-06;"domingo";"20:00:00";"PI";316;313;"PICOS";"Ausência de reação do condutor";"Colisão transversal";"Com Vítimas Feridas";"Plena Noite";"Crescente";"Nublado";"Dupla";"Reta";"Sim";4;0;0;1;1;2;1;3;-7,07959049;-41,44975182;"SPRF-PI";"DEL04-PI";"UOP01-DEL04-PI"
516590;2022-09-28;"quarta-feira";"10:30:00";"BA";116;378;"SANTA BARBARA";"Velocidade Incompatível";"Saída de leito carroçável";"Com Vítimas Feridas";"Pleno dia";"Crescente";"Céu Claro";"Simples";"Curva;Aclive";"Não";3;0;1;0;2;0;1;1;-11,83178196;-38,9739194;"SPRF-BA";"DEL02-BA";"UOP01-DEL02-BA"
516703;2022-05-03;"terça-feira";"02:30:00";"ES";262;17;"VIANA";"Velocidade Incompatível";"Saída de leito carroçável";"Sem Vítimas";"Plena Noite";"Crescente";"Céu Claro";"Simples";"Curva";"Sim";1;0;0;0;0;1;0;1;-20,38635961;-40,47272969;"SPRF-ES";"DEL01-ES";"UOP01-DEL01-ES"
516707;2022-11-29;"terça-feira";"19:00:00";"MG";146;459;"BOTELHOS";"Transitar na contramão";"Colisão frontal";"Com Vítimas Feridas";"Plena Noite";"Crescente";"Chuva";"Simples";"Reta";"Não";2;0;1;1;0;0;2;2;-21,62224461;-46,40968323;"SPRF-MG";"DEL09-MG";"UOP01-DEL09-MG"