"id";"data_inversa";"dia_semana";"horario";"uf";"br";"km";"municipio";"causa_acidente";"tipo_acidente";"classificacao_acidente";"fase_dia";"sentido_via";"condicao_metereologica";"tipo_pista";"tracado_via";"uso_solo";"pessoas";"mortos";"feridos_leves";"feridos_graves";"ilesos";"ignorados";"feridos";"veiculos";"latitude";"longitude";"regional";"delegacia";"uop"
516846;2022-07-31;"domingo";"09:54:00";"CE";116;5;"FORTALEZA";"Manobra de mudança de faixa";"Tombamento";"Com Vítimas Feridas";"Pleno dia";"Decrescente";"Céu Claro";"Múltipla";"Reta";"Sim";2;0;1;0;0;1;1;2;-3,79654632;-38,50665092;"SPRF-CE";"DEL01-CE";"UOP02-DEL01-CE"
516931;2022-11-17;"quinta-feira";"18:13:00";"PR";277;11,8;"PARANAGUA";"Animais na Pista";"Atropelamento de Animal";"Com Vítimas Feridas";"Anoitecer";"Crescente";"Sol";"Dupla";"Reta";"Sim";2;0;0;2;0;0;2;1;-25,56418984;-48,63272406;"SPRF-PR";"DEL01-PR";"UOP05-DEL01-PR"
517351;2022-07-26;"terça-feira";"16:30:00";"MG";40;531;"CONTAGEM";"Condutor deixou de manter distância do veículo da frente";"Colisão traseira";"Com Vítimas Feridas";"Pleno dia";"Crescente";"Céu Claro";"Dupla";"Reta;Aclive";"Não";2;0;1;0;1;0;1;2;-19,91962483;-44,02522683;"SPRF-MG";"DEL01-MG";"UOP02-DEL01-MG"
517436;2022-02-17;"quinta-feira";"14:42:00";"PR";476;29;"ADRIANOPOLIS";"Ausência de reação do condutor";"Atropelamento de Pedestre";"Com Vítimas Feridas";"Pleno dia";"Crescente";"Ignorado";"Simples";"Reta";"Não";4;0;3;0;0;1;3;2;-24,807476;-49,042061;"SPRF-PR";"DEL01-PR";"UOP01-DEL01-PR"
517501;2022-04-02;"sábado";"23:30:00";"MT";163;934;"ITAUBA";"Objeto estático sobre o leito carroçável";"Atropelamento de Animal";"Com Vítimas Feridas";"Plena Noite";"Crescente";"Céu Claro";"Simples";"Aclive";"Sim";2;0;1;1;0;0;2;1;-11,01171779;-55,25204659;"SPRF-MT";"DEL06-MT";"UOP02-DEL06-MT"
517597;2022-09-25;"domingo";"19:18:00";"MS";262;350;"CAMPO GRANDE";"Ausência de reação do condutor";"Tombamento";"Com Vítimas Feridas";"Plena Noite";"Crescente";"Céu Claro";"Simples";"Reta";"Não";2;0;2;0;0;0;2;1;-20,56750706;-54,63127698;"SPRF-MS";"DEL01-MS";"UOP03-DEL01-MS"
517793;2022-11-22;"terça-feira";"17:14:00";"PE";101;49,2;"ABREU E LIMA";"Condutor deixou de manter distância do veículo da frente";"Colisão traseira";"Com Vítimas Feridas";"Pleno dia";"Decrescente";"Céu Claro";"Dupla";"Reta";"Sim";2;0;0;1;0;1;1;2;-7,9005152;-34,90180641;"SPRF-PE";"DEL01-PE";"UOP02-DEL01-PE"
517828;2022-11-29;"terça-feira";"15:40:00";"PB";230;259;"JUNCO DO SERIDO";"Ausência de reação do condutor";"Saída de leito carroçável";"Sem Vítimas";"Pleno dia";"Decrescente";"Céu Claro";"Simples";"Reta";"Não";1;0;0;0;1;0;0;1;-7,0085;-36,697;"SPRF-PB";"DEL03-PB";"UOP01-DEL03-PB"
518008;2022-10-26;"quarta-feira";"16:00:00";"RJ";393;181,6;"PARAIBA DO SUL";"Ausência de reação do condutor";"Colisão lateral sentido oposto";"Com Vítimas Feridas";"Pleno dia";"Crescente";"Céu Claro";"Simples";"Curva";"Sim";7;0;2;0;5;0;2;2;-22,13626025;-43,25137178;"SPRF-RJ";"DEL05-RJ";"UOP03-DEL05-RJ"
518010;2022-10-24;"segunda-feira";"16:30:00";"MT";364;1249;"COMODORO";"Acessar a via sem observar a presença dos outros veículos";"Colisão transversal";"Com Vítimas Feridas";"Pleno dia";"Crescente";"Céu Claro";"Simples";"Reta";"Não";10;0;2;7;1;0;9;2;-13,70470702;-59,71755806;"SPRF-MT";"DEL04-MT";"UOP01-DEL04-MT"
518664;2022-09-18;"domingo";"21:01:00";"DF";80;19,8;"BRASILIA";"Reação tardia ou ineficiente do condutor";"Colisão traseira";"Com Vítimas Feridas";"Plena Noite";"Decrescente";"Chuva";"Dupla";"Reta";"Sim";2;0;1;0;1;0;1;2;-15,675205;-48,204636;"SPRF-DF";"DEL03-DF";"UOP02-DEL03-DF"
519158;2022-10-09;"domingo";"05:20:00";"MA";316;111,7;"SANTA LUZIA DO PARUA";"Transitar na contramão";"Colisão frontal";"Com Vítimas Fatais";"Amanhecer";"Decrescente";"Céu Claro";"Simples";"Reta";"Sim";2;1;0;0;1;0;0;2;-2,512794;-45,783772;"SPRF-MA";"DEL02-MA";"UOP02-DEL02-MA"
519326;2022-12-03;"sábado";"20:00:00";"PR";376;180;"MARINGA";"Ausência de reação do condutor";"Colisão traseira";"Com Vítimas Feridas";"Plena Noite";"Decrescente";"Céu Claro";"Múltipla";"Reta";"Sim";2;0;2;0;0;0;2;1;-23,42033926;-51,90998197;"SPRF-PR";"DEL09-PR";"UOP01-DEL09-PR"
519450;2022-04-08;"sexta-feira";"10:05:00";"PE";101;50;"ABREU E LIMA";"Acessar a via sem observar a presença dos outros veículos";"Colisão transversal";"Com Vítimas Feridas";"Pleno dia";"Crescente";"Sol";"Múltipla";"Reta";"Sim";2;0;0;1;1;0;1;2;-7,90938602;-34,90123228;"SPRF-PE";"DEL01-PE";"UOP02-DEL01-PE"
519575;2022-12-17;"sábado";"15:50:00";"DF";70;11;"BRASILIA";"Demais falhas mecânicas ou elétricas";"Queda de ocupante de veículo";"Com Vítimas Feridas";"Pleno dia";"Crescente";"Céu Claro";"Dupla";"Reta";"Não";2;0;2;0;0;0;2;1;-15,789762;-48,148727;"SPRF-DF";"DEL03-DF";"UOP02-DEL03-DF"
519597;2022-10-22;"sábado";"15:50:00";"PA";230;711,7;"BRASIL NOVO";"Pista esburacada";"Saída de leito carroçável";"Com Vítimas Feridas";"Pleno dia";"Decrescente";"Ignorado";"Simples";"Reta;Declive";"Não";2;0;1;0;1;0;1;1;-3,35188187;-52,6206871;"SPRF-PA";"DEL04-PA";"UOP01-DEL04-PA"
519710;2022-10-29;"sábado";"11:30:00";"PR";376;294;"MAUA DA SERRA";"Pista esburacada";"Tombamento";"Com Vítimas Feridas";"Pleno dia";"Crescente";"Céu Claro";"Dupla";"Reta";"Não";1;0;0;1;0;0;1;1;-23,9055611;-51,2005645;"SPRF-PR";"DEL07-PR";"UOP02-DEL07-PR"
520153;2022-07-09;"sábado";"17:00:00";"PA";163;106;"ALTAMIRA";"Reação tardia ou ineficiente do condutor";"Saída de leito carroçável";"Sem Vítimas";"Pleno dia";"Crescente";"Ignorado";"Simples";"Reta";"Não";5;0;0;0;0;5;0;1;-8,72242639;-54,98145019;"SPRF-PA";"DEL05-PA";"UOP02-DEL05-PA"
520348;2022-09-23;"sexta-feira";"15:30:00";"PR";116;67;"QUATRO BARRAS";"Desrespeitar a preferência no cruzamento";"Colisão transversal";"Com Vítimas Feridas";"Pleno dia";"Decrescente";"Céu Claro";"Dupla";"Interseção de Vias";"Não";3;0;0;1;2;0;1;2;-25,31679789;-49,01854527;"SPRF-PR";"DEL01-PR";"UOP02-DEL01-PR"
520773;2022-08-21;"domingo";"13:20:00";"MG";116;730;"LARANJAL";"Pista Escorregadia";"Saída de leito carroçável";"Com Vítimas Feridas";"Pleno dia";"Decrescente";"Nublado";"Simples";"Reta";"Não";1;0;1;0;0;0;1;1;-21,29737149;-42,4243927;"SPRF-MG";"DEL07-MG";"UOP02-DEL07-MG"
520799;2022-11-23;"quarta-feira";"17:00:00";"SC";470;139;"RIO DO SUL";"Acessar a via sem observar a presença dos outros veículos";"Colisão transversal";"Com Vítimas Feridas";"Pleno dia";"Crescente";"Chuva";"Simples";"Retorno Regulamentado";"Sim";2;0;0;1;1;0;1;2;-27,217564;-49,65461;"SPRF-SC";"DEL04-SC";"UOP02-DEL04-SC"
521138;2022-06-15;"quarta-feira";"23:30:00";"RS";470;160;"NOVA PRATA";"Reação tardia ou ineficiente do condutor";"Tombamento";"Com Vítimas Feridas";"Plena Noite";"Crescente";"Céu Claro";"Simples";"Reta";"Não";2;0;1;1;0;0;2;1;-28,81066741;-51,60061401;"SPRF-RS";"DEL06-RS";"UOP02-DEL06-RS"
521208;2022-11-15;"terça-feira";"06:50:00";"PI";316;169;"ELESBAO VELOSO";"Condutor Dormindo";"Colisão com objeto";"Com Vítimas Feridas";"Pleno dia";"Decrescente";"Céu Claro";"Simples";"Reta";"Não";4;0;1;3;0;0;4;1;-6,23502676;-42,0509168;"SPRF-PI";"DEL04-PI";"UOP02-DEL04-PI"
521908;2022-12-10;"sábado";"23:50:00";"PR";376;601;"CURITIBA";"Manobra de mudança de faixa";"Tombamento";"Com Vítimas Feridas";"Plena Noite";"Crescente";"Céu Claro";"Dupla";"Reta";"Sim";1;0;1;0;0;0;1;1;-25,537054;-49,31404;"SPRF-PR";"DEL01-PR";"UOP06-DEL01-PR"
521963;2022-07-10;"domingo";"00:29:00";"PR";376;595;"CURITIBA";"Ingestão de substâncias psicoativas pelo condutor";"Saída de leito carroçável";"Com Vítimas Feridas";"Plena Noite";"Decrescente";"Céu Claro";"Dupla";"Reta";"Sim";1;0;0;1;0;0;1;1;-25,49317991;-49,34370776;"SPRF-PR";"DEL01-PR";"UOP06-DEL01-PR"
522191;2022-09-13;"terça-feira";"06:30:00";"RN";110;9;"AREIA BRANCA";"Animais na Pista";"Queda de ocupante de veículo";"Com Vítimas Feridas";"Pleno dia";"Decrescente";"Céu Claro";"Simples";"Declive";"Não";1;0;1;0;0;0;1;1;-4,988728;-37,08793;"SPRF-RN";"DEL04-RN";"UOP01-DEL04-RN"
522308;2022-06-14;"terça-feira";"03:30:00";"RJ";116;136;"DUQUE DE CAXIAS";"Demais falhas mecânicas ou elétricas";"Incêndio";"Sem Vítimas";"Amanhecer";"Crescente";"Céu Claro";"Dupla";"Reta";"Sim";1;0;0;0;0;1;0;1;-22,64988985;-43,17250297;"SPRF-RJ";"DEL01-RJ";"UOP01-DEL01-RJ"
522517;2022-12-03;"sábado";"15:11:00";"MG";365;117;"JEQUITAI";"Condutor deixou de manter distância do veículo da frente";"Tombamento";"Com Vítimas Feridas";"Pleno dia";"Crescente";"Céu Claro";"Simples";"Reta";"Não";2;0;0;1;0;1;1;1;-17,17731829;-44,67423732;"SPRF-MG";"DEL12-MG";"UOP01-DEL12-MG"
522519;2022-04-05;"terça-feira";"06:30:00";"BA";415;48,9;"ITABUNA";"Ausência de reação do condutor";"Tombamento";"Com Vítimas Feridas";"Pleno dia";"Decrescente";"Ignorado";"Simples";"Reta";"Sim";1;0;1;0;0;0;1;1;-14,81574494;-39,29612388;"SPRF-BA";"DEL05-BA";"UOP01-DEL05-BA"
522637;2022-02-10;"quinta-feira";"17:00:00";"MG";262;12;"MARTINS SOARES";"Transitar na contramão";"Colisão frontal";"Com Vítimas Feridas";"Pleno dia";"Crescente";"Ignorado";"Simples";"Curva";"Não";1;0;0;1;0;0;1;1;-20,26417;-41,868195;"SPRF-MG";"DEL06-MG";"UOP03-DEL06-MG"
522912;2022-05-18;"quarta-feira";"23:40:00";"MG";381;435;"SABARA";"Condutor deixou de manter distância do veículo da frente";"Capotamento";"Com Vítimas Feridas";"Plena Noite";"Decrescente";"Céu Claro";"Simples";"Reta";"Sim";1;0;0;1;0;0;1;1;-19,78684513;-43,72634768;"SPRF-MG";"DEL01-MG";"UOP01-DEL01-MG"
523434;2022-09-06;"terça-feira";"22:55:00";"SP";116;216;"GUARULHOS";"Acessar a via sem observar a presença dos outros veículos";"Atropelamento de Pedestre";"Com Vítimas Fatais";"Plena Noite";"Crescente";"Garoa/Chuvisco";"Dupla";"Declive";"Sim";2;1;0;0;0;1;0;2;-23,45056589;-46,46258105;"SPRF-SP";"DEL01-SP";"UOP01-DEL01-SP"
523585;2022-01-15;"sábado";"05:30:00";"RJ";116;181;"NOVA IGUACU";"Ausência de reação do condutor";"Tombamento";"Com Vítimas Feridas";"Amanhecer";"Decrescente";"Ignorado";"Dupla";"Reta";"Não";1;0;0;1;0;0;1;1;-22,761312;-43,423492;"SPRF-RJ";"DEL01-RJ";"UOP02-DEL01-RJ"
523613;2022-05-02;"segunda-feira";"08:00:00";"SC";470;42;"GASPAR";"Transitar no acostamento";"Colisão transversal";"Com Vítimas Feridas";"Pleno dia";"Crescente";"Nublado";"Simples";"Reta";"Não";2;0;1;0;1;0;1;2;-26,875719;-49,003746;"SPRF-SC";"DEL04-SC";"UOP01-DEL04-SC"
523616;2022-12-23;"sexta-feira";"23:15:00";"SC";101;25;"JOINVILLE";"Demais falhas na via";"Tombamento";"Com Vítimas Feridas";"Plena Noite";"Decrescente";"Ignorado";"Simples";"Reta";"Sim";1;0;1;0;0;0;1;1;-26,1834739;-48,9105912;"SPRF-SC";"DEL03-SC";"UOP01-DEL03-SC"
523626;2022-12-10;"sábado";"16:40:00";"SC";101;89;"BARRA VELHA";"Ausência de reação do condutor";"Colisão traseira";"Com Vítimas Feridas";"Pleno dia";"Crescente";"Sol";"Múltipla";"Reta";"Sim";2;0;0;1;1;0;1;2;-26,65175997;-48,68721921;"SPRF-SC";"DEL03-SC";"UOP02-DEL03-SC"
523944;2022-08-26;"sexta-feira";"17:20:00";"PI";343;339,4;"TERESINA";"Manobra de mudança de faixa";"Colisão lateral mesmo sentido";"Com Vítimas Feridas";"Anoitecer";"Crescente";"Céu Claro";"Dupla";"Reta";"Não";3;0;0;1;2;0;1;3;-5,067146;-42,730965;"SPRF-PI";"DEL01-PI";"UOP01-DEL01-PI"
523956;2022-12-24;"sábado";"03:20:00";"SC";470;148;"AGRONOMICA";"Ausência de reação do condutor";"Colisão traseira";"Com Vítimas Feridas";"Plena Noite";"Crescente";"Chuva";"Simples";"Reta";"Não";3;0;1;0;2;0;1;2;-27,246288;-49,694355;"SPRF-SC";"DEL04-SC";"UOP02-DEL04-SC"
524012;2022-11-25;"sexta-feira";"05:26:00";"RJ";465;4;"SEROPEDICA";"Reação tardia ou ineficiente do condutor";"Atropelamento de Pedestre";"Com Vítimas Feridas";"Amanhecer";"Crescente";"Nublado";"Simples";"Reta";"Não";2;0;0;1;0;1;1;2;-22,74281784;-43,70398343;"SPRF-RJ";"DEL01-RJ";"UOP03-DEL01-RJ"
524674;2022-12-05;"segunda-feira";"15:40:00";"MG";116;507,6;"UBAPORANGA";"Acessar a via sem observar a presença dos outros veículos";"Colisão frontal";"Com Vítimas Feridas";"Pleno dia";"Decrescente";"Céu Claro";"Simples";"Interseção de Vias";"Sim";3;0;1;1;1;0;2;2;-19,61953715;-42,10872923;"SPRF-MG";"DEL06-MG";"UOP02-DEL06-MG"
524677;2022-01-09;"domingo";"04:30:00";"PR";376;103;"PARANAVAI";"Velocidade Incompatível";"Saída de leito carroçável";"Sem Vítimas";"Plena Noite";"Decrescente";"Céu Claro";"Dupla";"Declive";"Não";2;0;0;0;0;2;0;1;-23,04403674;-52,46990114;"SPRF-PR";"DEL09-PR";"UOP02-DEL09-PR"
525200;2022-06-19;"domingo";"18:40:00";"PR";163;75,2;"PLANALTO";"Transitar na contramão";"Colisão frontal";"Com Vítimas Fatais";"Anoitecer";"Decrescente";"Céu Claro";"Simples";"Curva";"Não";11;4;2;2;0;3;4;3;-25,80839378;-53,76947058;"SPRF-PR";"DEL02-PR";"UOP02-DEL02-PR"
525299;2022-12-04;"domingo";"14:30:00";"ES";262;108;"VENDA NOVA DO IMIGRANTE";"Acessar a via sem observar a presença dos outros veículos";"Colisão transversal";"Com Vítimas Feridas";"Pleno dia";"Crescente";"Ignorado";"Simples";"Reta";"Não";2;0;1;0;1;0;1;2;-20,33204822;-41,13033816;"SPRF-ES";"DEL01-ES";"UOP02-DEL01-ES"
525403;2022-09-17;"sábado";"22:30:00";"PR";116;156;"ARAUCARIA";"Pista Escorregadia";"Queda de ocupante de veículo";"Com Vítimas Feridas";"Pleno dia";"Crescente";"Ignorado";"Dupla";"Reta";"Sim";1;0;1;0;0;0;1;1;-25,58434682;-49,40177858;"SPRF-PR";"DEL01-PR";"UOP03-DEL01-PR"
525486;2022-08-26;"sexta-feira";"07:35:00";"AL";104;87,5;"RIO LARGO";"Acessar a via sem observar a presença dos outros veículos";"Colisão transversal";"Com Vítimas Feridas";"Pleno dia";"Decrescente";"Céu Claro";"Dupla";"Reta";"Sim";3;0;3;0;0;0;3;2;-9,47532901;-35,82160002;"SPRF-AL";"DEL01-AL";"UOP01-DEL01-AL"
525508;2022-12-21;"quarta-feira";"22:05:00";"PR";376;2;"MANDAGUARI";"Condutor deixou de manter distância do veículo da frente";"Colisão traseira";"Com Vítimas Feridas";"Plena Noite";"Crescente";"Céu Claro";"Simples";"Reta";"Sim";2;0;1;1;0;0;2;2;-23,547966;-51,671265;"SPRF-PR";"DEL09-PR";"UOP01-DEL09-PR"
526251;2022-12-14;"quarta-feira";"07:15:00";"SC";101;326,3;"CAPIVARI DE BAIXO";"Demais falhas mecânicas ou elétricas";"Tombamento";"Com Vítimas Feridas";"Pleno dia";"Crescente";"Céu Claro";"Simples";"Reta";"Não";1;0;1;0;0;0;1;1;-28,43850625;-48,96160126;"SPRF-SC";"DEL02-SC";"UOP01-DEL02-SC"
526364;2022-12-05;"segunda-feira";"13:18:00";"RJ";354;5;"RESENDE";"Pista Escorregadia";"Saída de leito carroçável";"Com Vítimas Feridas";"Pleno dia";"Crescente";"Céu Claro";"Simples";"Curva;Declive";"Não";2;0;0;1;1;0;1;1;-22,3965720801;-44,7572097293;"SPRF-RJ";"DEL07-RJ";"UOP02-DEL07-RJ"
526441;2022-04-14;"quinta-feira";"07:00:00";"PR";277;101,9;"CURITIBA";"Reação tardia ou ineficiente do condutor";"Colisão com objeto";"Com Vítimas Feridas";"Pleno dia";"Decrescente";"Céu Claro";"Dupla";"Reta";"Não";1;0;1;0;0;0;1;1;-25,52228492;-49,3331539;"SPRF-PR";"DEL01-PR";"UOP01-DEL01-PR"
526484;2022-10-21;"sexta-feira";"08:03:00";"BA";324;517,6;"FEIRA DE SANTANA";"Acessar a via sem observar a presença dos outros veículos";"Colisão transversal";"Com Vítimas Feridas";"Pleno dia";"Crescente";"Céu Claro";"Simples";"Curva";"Sim";2;0;0;1;0;1;1;2;-12,24953308;-38,93362525;"SPRF-BA";"DEL02-BA";"UOP01-DEL02-BA"
526633;2022-12-23;"sexta-feira";"03:00:00";"MG";251;248,4;"SANTA CRUZ DE SALINAS";"Chuva";"Colisão traseira";"Com Vítimas Feridas";"Amanhecer";"Crescente";"Chuva";"Simples";"Reta";"Não";3;0;2;1;0;0;3;2;-15,99185;-41,820384;"SPRF-MG";"DEL11-MG";"UOP02-DEL11-MG"
526662;2022-11-19;"sábado";"11:30:00";"PB";230;369,9;"MALTA";"Transitar na contramão";"Colisão frontal";"Com Vítimas Feridas";"Pleno dia";"Decrescente";"Céu Claro";"Simples";"Reta";"Não";3;0;0;1;0;2;1;3;-6,9068;-37,5407;"SPRF-PB";"DEL03-PB";"UOP02-DEL03-PB"
526856;2022-10-03;"segunda-feira";"06:30:00";"PR";476;148,1;"ARAUCARIA";"Chuva";"Tombamento";"Com Vítimas Feridas";"Pleno dia";"Crescente";"Chuva";"Dupla";"Reta";"Sim";1;0;0;1;0;0;1;1;-25,557041;-49,349231;"SPRF-PR";"DEL01-PR";"UOP06-DEL01-PR"
527722;2022-11-11;"sexta-feira";"20:15:00";"GO";60;105,1;"GOIANAPOLIS";"Chuva";"Saída de leito carroçável";"Com Vítimas Feridas";"Plena Noite";"Crescente";"Chuva";"Dupla";"Declive;Curva";"Não";12;0;1;0;11;0;1;8;-16,414064;-49,007611;"SPRF-GO";"DEL02-GO";"UOP01-DEL02-GO"
527904;2022-07-15;"sexta-feira";"18:30:00";"GO";153;498,5;"GOIANIA";"Condutor deixou de manter distância do veículo da frente";"Engavetamento";"Com Vítimas Feridas";"Anoitecer";"Crescente";"Céu Claro";"Dupla";"Reta";"Sim";6;0;1;0;5;0;1;6;-16,6939;-49,2321;"SPRF-GO";"DEL01-GO";"UOP01-DEL01-GO"
527922;2022-12-23;"sexta-feira";"18:30:00";"RO";435;117;"CEREJEIRAS";"Velocidade Incompatível";"Queda de ocupante de veículo";"Com Vítimas Feridas";"Plena Noite";"Decrescente";"Ignorado";"Simples";"Reta";"Não";2;0;2;0;0;0;2;1;-13,18754689;-60,75678299;"SPRF-RO";"DEL04-RO";"UOP02-DEL04-RO"
528184;2022-12-04;"domingo";"20:00:00";"MG";116;481;"DOM CAVATI";"Condutor deixou de manter distância do veículo da frente";"Colisão traseira";"Com Vítimas Feridas";"Plena Noite";"Decrescente";"Céu Claro";"Simples";"Reta";"Não";6;0;0;1;5;0;1;2;-19,40270706;-42,11572072;"SPRF-MG";"DEL06-MG";"UOP02-DEL06-MG"
529794;2022-06-12;"domingo";"12:15:00";"RJ";101;297;"ITABORAI";"Reação tardia ou ineficiente do condutor";"Colisão traseira";"Sem Vítimas";"Pleno dia";"Decrescente";"Céu Claro";"Simples";"Reta";"Não";2;0;0;0;1;1;0;2;-22,76942037;-42,91873581;"SPRF-RJ";"DEL02-RJ";"UOP02-DEL02-RJ"
529803;2022-12-23;"sexta-feira";"22:00:00";"BA";116;912,2;"ENCRUZILHADA";"Acumulo de água sobre o pavimento";"Colisão lateral mesmo sentido";"Com Vítimas Feridas";"Plena Noite";"Crescente";"Chuva";"Simples";"Reta";"Sim";3;0;0;2;1;0;2;2;-15,52315973;-41,24336243;"SPRF-BA";"DEL08-BA";"UOP03-DEL08-BA"
530683;2022-01-21;"sexta-feira";"21:00:00";"MG";381;493,3;"BETIM";"Ingestão de álcool e/ou substâncias psicoativas pelo pedestre";"Atropelamento de Pedestre";"Com Vítimas Feridas";"Pleno dia";"Decrescente";"Céu Claro";"Múltipla";"Reta";"Sim";3;0;0;2;1;0;2;2;-19,97670801;-44,19962698;"SPRF-MG";"DEL01-MG";"UOP03-DEL01-MG"
531016;2022-12-29;"quinta-feira";"19:11:00";"PE";116;25;"SALGUEIRO";"Animais na Pista";"Atropelamento de Animal";"Com Vítimas Feridas";"Plena Noite";"Crescente";"Ignorado";"Simples";"Reta";"Não";1;0;1;0;0;0;1;1;-8,055594;-39,137128;"SPRF-PE";"DEL05-PE";"UOP01-DEL05-PE"
531781;2022-03-07;"segunda-feira";"07:55:00";"RS";386;442;"CANOAS";"Retorno proibido";"Colisão lateral mesmo sentido";"Com Vítimas Feridas";"Pleno dia";"Crescente";"Sol";"Simples";"Reta";"Não";4;0;1;1;2;0;2;2;-29,88353844;-51,23084664;"SPRF-RS";"DEL01-RS";"UOP01-DEL01-RS"
532519;2022-04-23;"sábado";"16:10:00";"PR";116;132,6;"FAZENDA RIO GRANDE";"Reação tardia ou ineficiente do condutor";"Saída de leito carroçável";"Com Vítimas Feridas";"Pleno dia";"Decrescente";"Céu Claro";"Dupla";"Reta";"Sim";3;0;1;2;0;0;3;1;-25,693548;-49,317721;"SPRF-PR";"DEL01-PR";"UOP03-DEL01-PR"
532560;2022-11-09;"quarta-feira";"18:21:00";"PR";376;177,5;"MARINGA";"Manobra de mudança de faixa";"Tombamento";"Com Vítimas Feridas";"Pleno dia";"Crescente";"Céu Claro";"Dupla";"Interseção de Vias";"Sim";1;0;1;0;0;0;1;1;-23,41495398;-51,925807;"SPRF-PR";"DEL09-PR";"UOP01-DEL09-PR"
533125;2022-06-19;"domingo";"10:00:00";"PA";316;98;"IGARAPE-ACU";"Acumulo de areia ou detritos sobre o pavimento";"Tombamento";"Com Vítimas Feridas";"Pleno dia";"Crescente";"Céu Claro";"Simples";"Reta";"Não";1;0;1;0;0;0;1;1;-1,33605113;-47,61152089;"SPRF-PA";"DEL01-PA";"UOP02-DEL01-PA"
533458;2022-09-18;"domingo";"21:35:00";"SC";470;56;"BLUMENAU";"Acessar a via sem observar a presença dos outros veículos";"Colisão transversal";"Com Vítimas Feridas";"Plena Noite";"Crescente";"Garoa/Chuvisco";"Dupla";"Rotatória";"Não";2;0;1;0;1;0;1;2;-26,86616148;-49,10033584;"SPRF-SC";"DEL04-SC";"UOP01-DEL04-SC"
533673;2022-08-16;"terça-feira";"07:20:00";"RS";116;152;"CAXIAS DO SUL";"Transitar na contramão";"Colisão frontal";"Com Vítimas Feridas";"Amanhecer";"Crescente";"Nevoeiro/Neblina";"Dupla";"Declive";"Sim";2;0;0;1;1;0;1;2;-29,1829343;-51,16801501;"SPRF-RS";"DEL05-RS";"UOP01-DEL05-RS"
534028;2022-08-14;"domingo";"11:30:00";"PA";316;28;"BENEVIDES";"Acumulo de areia ou detritos sobre o pavimento";"Colisão com objeto";"Com Vítimas Feridas";"Pleno dia";"Crescente";"Céu Claro";"Dupla";"Curva";"Não";2;0;2;0;0;0;2;1;-1,308943;-48,219137;"SPRF-PA";"DEL01-PA";"UOP01-DEL01-PA"
534221;2022-02-26;"sábado";"07:20:00";"PA";316;94;"SAO FRANCISCO DO PARA";"Reação tardia ou ineficiente do condutor";"Saída de leito carroçável";"Com Vítimas Feridas";"Pleno dia";"Crescente";"Nublado";"Simples";"Declive;Reta";"Não";1;0;1;0;0;0;1;1;-1,323228;-47,670179;"SPRF-PA";"DEL01-PA";"UOP02-DEL01-PA"
534917;2022-03-31;"quinta-feira";"06:45:00";"BA";242;402;"SEABRA";"Acumulo de água sobre o pavimento";"Saída de leito carroçável";"Com Vítimas Feridas";"Pleno dia";"Crescente";"Chuva";"Simples";"Reta";"Não";2;0;1;0;1;0;1;1;-12,47110529;-41,70823799;"SPRF-BA";"DEL06-BA";"UOP01-DEL06-BA"
535132;2022-09-22;"quinta-feira";"11:30:00";"GO";70;316;"JUSSARA";"Avarias e/ou desgaste excessivo no pneu";"Saída de leito carroçável";"Com Vítimas Feridas";"Pleno dia";"Decrescente";"Chuva";"Simples";"Declive;Reta";"Sim";1;0;1;0;0;0;1;1;-15,87817124;-50,88308215;"SPRF-GO";"DEL04-GO";"UOP01-DEL04-GO"
535178;2022-05-20;"sexta-feira";"07:48:00";"SC";101;207;"SAO JOSE";"Ausência de reação do condutor";"Colisão traseira";"Com Vítimas Feridas";"Pleno dia";"Crescente";"Céu Claro";"Dupla";"Reta";"Sim";2;0;1;0;1;0;1;2;-27,60001226;-48,6226467;"SPRF-SC";"DEL01-SC";"UOP01-DEL01-SC"
535317;2022-04-01;"sexta-feira";"08:20:00";"PR";369;155;"LONDRINA";"Condutor deixou de manter distância do veículo da frente";"Colisão traseira";"Com Vítimas Feridas";"Pleno dia";"Crescente";"Chuva";"Dupla";"Reta";"Sim";2;0;1;0;1;0;1;2;-23,3523426;-51,16333008;"SPRF-PR";"DEL07-PR";"UOP01-DEL07-PR"
535442;2022-10-02;"domingo";"00:40:00";"PA";230;115;"MARABA";"Ausência de reação do condutor";"Colisão traseira";"Com Vítimas Feridas";"Plena Noite";"Decrescente";"Céu Claro";"Dupla";"Reta";"Sim";7;0;3;0;4;0;3;2;-5,35947454;-49,08301084;"SPRF-PA";"DEL03-PA";"UOP01-DEL03-PA"
535587;2022-12-10;"sábado";"08:36:00";"MG";262;24,7;"MARTINS SOARES";"Desrespeitar a preferência no cruzamento";"Colisão transversal";"Com Vítimas Feridas";"Pleno dia";"Crescente";"Nublado";"Simples";"Curva";"Não";2;0;0;1;1;0;1;2;-20,24814827;-41,94094189;"SPRF-MG";"DEL06-MG";"UOP03-DEL06-MG"
535739;2022-11-12;"sábado";"23:00:00";"MG";116;10,7;"DIVISA ALEGRE";"Transitar na contramão";"Colisão frontal";"Com Vítimas Feridas";"Plena Noite";"Crescente";"Nublado";"Simples";"Reta";"Não";2;0;1;0;1;0;1;2;-15,78393094;-41,34012643;"SPRF-BA";"DEL08-BA";"UOP03-DEL08-BA"