"id";"data_inversa";"dia_semana";"horario";"uf";"br";"km";"municipio";"causa_acidente";"tipo_acidente";"classificacao_acidente";"fase_dia";"sentido_via";"condicao_metereologica";"tipo_pista";"tracado_via";"uso_solo";"pessoas";"mortos";"feridos_leves";"feridos_graves";"ilesos";"ignorados";"feridos";"veiculos";"latitude";"longitude";"regional";"delegacia";"uop"
536470;2022-03-18;"sexta-feira";"21:45:00";"SP";116;550;"BARRA DO TURVO";"Curva acentuada";"Colisão com objeto";"Com Vítimas Feridas";"Plena Noite";"Decrescente";"Ignorado";"Dupla";"Curva";"Não";1;0;1;0;0;0;1;1;-24,95749618;-48,46440871;"SPRF-SP";"DEL05-SP";"UOP02-DEL05-SP"
536477;2022-10-01;"sábado";"18:34:00";"GO";20;8;"FORMOSA";"Ultrapassagem Indevida";"Colisão frontal";"Com Vítimas Feridas";"Plena Noite";"Crescente";"Céu Claro";"Simples";"Reta";"Não";3;0;1;0;2;0;1;2;-15,551153;-47,283253;"SPRF-DF";"DEL02-DF";"UOP02-DEL02-DF"
536549;2022-10-15;"sábado";"08:00:00";"CE";116;32;"AQUIRAZ";"Acessar a via sem observar a presença dos outros veículos";"Capotamento";"Com Vítimas Feridas";"Pleno dia";"Decrescente";"Céu Claro";"Dupla";"Reta";"Não";1;0;1;0;0;0;1;1;-4,02676186;-38,51392889;"SPRF-CE";"DEL01-CE";"UOP02-DEL01-CE"
536618;2022-09-25;"domingo";"21:30:00";"PE";232;156,6;"TACAIMBO";"Acessar a via sem observar a presença dos outros veículos";"Colisão transversal";"Com Vítimas Feridas";"Plena Noite";"Crescente";"Céu Claro";"Simples";"Reta";"Não";5;0;2;2;1;0;4;2;-8,32936019;-36,21722099;"SPRF-PE";"DEL03-PE";"UOP02-DEL03-PE"
537191;2022-08-03;"quarta-feira";"08:15:00";"PA";0;0;"TUCUMA";"Demais falhas mecânicas ou elétricas";"Eventos atípicos";"Sem Vítimas";"Pleno dia";"Não Informado";"Sol";"Simples";"Reta";"Não";2;0;0;0;2;0;0;1;-6,75373968;-51,23966575;"SPRF-TO";"DEL02-TO";"UOP01-DEL02-TO"
537662;2022-09-20;"terça-feira";"07:30:00";"PR";376;437,7;"TIBAGI";"Pista Escorregadia";"Saída de leito carroçável";"Com Vítimas Feridas";"Pleno dia";"Crescente";"Nublado";"Dupla";"Curva";"Não";2;0;1;0;1;0;1;1;-24,84975558;-50,46706404;"SPRF-PR";"DEL03-PR";"UOP02-DEL03-PR"
537878;2022-12-04;"domingo";"15:10:00";"RJ";40;108;"DUQUE DE CAXIAS";"Velocidade Incompatível";"Colisão com objeto";"Com Vítimas Feridas";"Pleno dia";"Crescente";"Céu Claro";"Simples";"Curva";"Não";1;0;1;0;0;0;1;1;-22,66476979;-43,28495144;"SPRF-RJ";"DEL01-RJ";"UOP01-DEL01-RJ"
537946;2022-02-02;"quarta-feira";"03:40:00";"MT";163;758;"SORRISO";"Acessar a via sem observar a presença dos outros veículos";"Colisão transversal";"Com Vítimas Feridas";"Plena Noite";"Decrescente";"Garoa/Chuvisco";"Dupla";"Retorno Regulamentado";"Sim";2;0;0;1;0;1;1;2;-12,50834511;-55,69324851;"SPRF-MT";"DEL06-MT";"UOP01-DEL06-MT"
538319;2022-12-19;"segunda-feira";"03:30:00";"SC";101;329;"CAPIVARI DE BAIXO";"Conversão proibida";"Saída de leito carroçável";"Com Vítimas Feridas";"Plena Noite";"Crescente";"Chuva";"Dupla";"Reta";"Não";1;0;0;1;0;0;1;1;-28,44404822;-48,96611372;"SPRF-SC";"DEL02-SC";"UOP01-DEL02-SC"
539595;2022-08-04;"quinta-feira";"21:30:00";"RS";116;149,1;"CAXIAS DO SUL";"Velocidade Incompatível";"Colisão lateral mesmo sentido";"Sem Vítimas";"Plena Noite";"Crescente";"Céu Claro";"Dupla";"Curva";"Não";2;0;0;0;1;1;0;2;-29,15996905;-51,15645292;"SPRF-RS";"DEL05-RS";"UOP01-DEL05-RS"
539703;2022-09-28;"quarta-feira";"18:52:00";"RJ";393;298;"BARRA MANSA";"Transitar na contramão";"Colisão frontal";"Com Vítimas Feridas";"Plena Noite";"Crescente";"Chuva";"Simples";"Curva";"Não";3;0;3;0;0;0;3;2;-22,546857;-44,11376;"SPRF-RJ";"DEL07-RJ";"UOP02-DEL07-RJ"
539952;2022-10-28;"sexta-feira";"07:41:00";"BA";116;525;"ITATIM";"Transitar na contramão";"Colisão frontal";"Com Vítimas Feridas";"Pleno dia";"Decrescente";"Céu Claro";"Simples";"Reta";"Não";3;0;0;1;2;0;1;1;-12,72072602;-39,74578857;"SPRF-BA";"DEL03-BA";"UOP02-DEL03-BA"
540005;2022-10-09;"domingo";"23:35:00";"MS";262;371;"TERENOS";"Acumulo de areia ou detritos sobre o pavimento";"Saída de leito carroçável";"Sem Vítimas";"Plena Noite";"Crescente";"Nublado";"Simples";"Curva";"Não";1;0;0;0;1;0;0;1;-20,48333308;-54,79532188;"SPRF-MS";"DEL01-MS";"UOP03-DEL01-MS"
540179;2022-12-06;"terça-feira";"23:05:00";"SC";101;66,9;"ARAQUARI";"Reação tardia ou ineficiente do condutor";"Saída de leito carroçável";"Com Vítimas Feridas";"Plena Noite";"Decrescente";"Nublado";"Dupla";"Curva";"Não";1;0;1;0;0;0;1;1;-26,48656943;-48,73435915;"SPRF-SC";"DEL03-SC";"UOP02-DEL03-SC"
540841;2022-12-15;"quinta-feira";"07:20:00";"MG";116;410;"GOVERNADOR VALADARES";"Acessar a via sem observar a presença dos outros veículos";"Colisão transversal";"Com Vítimas Feridas";"Amanhecer";"Decrescente";"Céu Claro";"Dupla";"Retorno Regulamentado";"Sim";2;0;0;1;1;0;1;2;-18,855625;-41,975623;"SPRF-MG";"DEL06-MG";"UOP01-DEL06-MG"
541020;2022-12-17;"sábado";"21:55:00";"PR";277;723,4;"FOZ DO IGUACU";"Ingestão de substâncias psicoativas pelo condutor";"Colisão traseira";"Com Vítimas Feridas";"Plena Noite";"Decrescente";"Céu Claro";"Dupla";"Reta";"Sim";6;0;5;0;1;0;5;2;-25,49878215;-54,52985294;"SPRF-PR";"DEL05-PR";"UOP03-DEL05-PR"
541035;2022-08-16;"terça-feira";"00:00:00";"RJ";40;55;"PETROPOLIS";"Reação tardia ou ineficiente do condutor";"Colisão lateral mesmo sentido";"Com Vítimas Feridas";"Plena Noite";"Crescente";"Céu Claro";"Dupla";"Reta";"Não";1;0;1;0;0;0;1;1;-22,35382783;-43,12184226;"SPRF-RJ";"DEL05-RJ";"UOP02-DEL05-RJ"
541558;2022-06-13;"segunda-feira";"18:15:00";"MG";116;423,7;"ALPERCATA";"Retorno proibido";"Colisão transversal";"Com Vítimas Feridas";"Plena Noite";"Crescente";"Céu Claro";"Simples";"Reta";"Sim";2;0;0;1;1;0;1;2;-18,95208996;-41,95709803;"SPRF-MG";"DEL06-MG";"UOP01-DEL06-MG"
541565;2022-09-15;"quinta-feira";"17:35:00";"MT";163;932;"ITAUBA";"Acesso irregular";"Colisão transversal";"Com Vítimas Feridas";"Anoitecer";"Decrescente";"Céu Claro";"Simples";"Declive";"Não";3;0;0;1;2;0;1;2;-11,15451395;-55,31485065;"SPRF-MT";"DEL06-MT";"NPF/DEL06-MT"
542279;2022-03-31;"quinta-feira";"15:15:00";"MG";381;492,2;"BETIM";"Pedestre andava na pista";"Atropelamento de Pedestre";"Com Vítimas Fatais";"Pleno dia";"Crescente";"Céu Claro";"Dupla";"Reta";"Sim";2;1;0;0;1;0;0;2;-19,96314394;-44,1672492;"SPRF-MG";"DEL01-MG";"UOP03-DEL01-MG"
542351;2022-09-20;"terça-feira";"08:05:00";"PB";230;18;"JOAO PESSOA";"Ausência de reação do condutor";"Colisão lateral mesmo sentido";"Com Vítimas Feridas";"Pleno dia";"Decrescente";"Ignorado";"Dupla";"Viaduto";"Sim";1;0;1;0;0;0;1;1;-7,1198;-34,8453;"SPRF-PB";"DEL01-PB";"UOP01-DEL01-PB"
542623;2022-11-16;"quarta-feira";"18:30:00";"BA";415;49;"ITABUNA";"Acessar a via sem observar a presença dos outros veículos";"Atropelamento de Pedestre";"Com Vítimas Feridas";"Plena Noite";"Crescente";"Céu Claro";"Simples";"Reta";"Sim";2;0;1;0;1;0;1;2;-14,81574494;-39,29612388;"SPRF-BA";"DEL05-BA";"UOP01-DEL05-BA"
542871;2022-07-06;"quarta-feira";"02:20:00";"TO";153;261;"COLINAS DO TOCANTINS";"Condutor Dormindo";"Colisão frontal";"Com Vítimas Fatais";"Plena Noite";"Crescente";"Céu Claro";"Simples";"Reta";"Não";10;1;7;1;1;0;8;2;-8,18088398;-48,46225788;"SPRF-TO";"DEL02-TO";"UOP02-DEL02-TO"
543009;2022-11-14;"segunda-feira";"00:15:00";"SC";470;7;"NAVEGANTES";"Ingestão de álcool pelo condutor";"Colisão traseira";"Com Vítimas Feridas";"Plena Noite";"Crescente";"Nublado";"Dupla";"Reta";"Não";3;0;2;0;1;0;2;2;-26,84499;-48,71505;"SPRF-SC";"DEL04-SC";"UOP04-DEL04-SC"
543654;2022-01-21;"sexta-feira";"17:25:00";"MG";116;96;"MEDINA";"Velocidade Incompatível";"Tombamento";"Com Vítimas Feridas";"Pleno dia";"Crescente";"Ignorado";"Simples";"Curva;Aclive";"Não";2;0;2;0;0;0;2;1;-16,40244787;-41,47432334;"SPRF-MG";"DEL11-MG";"UOP02-DEL11-MG"
543864;2022-11-28;"segunda-feira";"05:40:00";"RS";116;317;"BARRA DO RIBEIRO";"Condutor Dormindo";"Saída de leito carroçável";"Com Vítimas Feridas";"Amanhecer";"Decrescente";"Céu Claro";"Dupla";"Curva";"Não";1;0;0;1;0;0;1;1;-30,26392997;-51,40669528;"SPRF-RS";"DEL02-RS";"UOP01-DEL02-RS"
543868;2022-10-02;"domingo";"11:50:00";"RJ";40;104;"DUQUE DE CAXIAS";"Transitar na contramão";"Colisão frontal";"Com Vítimas Feridas";"Pleno dia";"Crescente";"Nublado";"Múltipla";"Reta";"Não";2;0;1;0;1;0;1;2;-22,62897902;-43,28579508;"SPRF-RJ";"DEL01-RJ";"UOP01-DEL01-RJ"
543912;2022-08-02;"terça-feira";"20:05:00";"TO";153;721;"FIGUEIROPOLIS";"Acessar a via sem observar a presença dos outros veículos";"Colisão transversal";"Com Vítimas Feridas";"Plena Noite";"Crescente";"Ignorado";"Simples";"Reta";"Sim";2;0;0;1;1;0;1;2;-12,12383528;-49,17348585;"SPRF-TO";"DEL01-TO";"UOP02-DEL01-TO"
543925;2022-10-31;"segunda-feira";"09:00:00";"BA";367;23;"PORTO SEGURO";"Acessar a via sem observar a presença dos outros veículos";"Queda de ocupante de veículo";"Com Vítimas Feridas";"Pleno dia";"Decrescente";"Céu Claro";"Simples";"Reta";"Sim";2;0;0;1;0;1;1;2;-16,43517732;-39,07201198;"SPRF-BA";"DEL09-BA";"UOP03-DEL09-BA"
544473;2022-12-17;"sábado";"10:30:00";"CE";222;2;"FORTALEZA";"Condutor desrespeitou a iluminação vermelha do semáforo";"Colisão transversal";"Com Vítimas Feridas";"Pleno dia";"Decrescente";"Céu Claro";"Dupla";"Interseção de Vias";"Sim";2;0;0;1;1;0;1;2;-3,73913194;-38,58768582;"SPRF-CE";"DEL01-CE";"UOP01-DEL01-CE"
545709;2022-11-15;"terça-feira";"11:00:00";"PA";10;7,2;"DOM ELISEU";"Acessar a via sem observar a presença dos outros veículos";"Colisão transversal";"Com Vítimas Feridas";"Pleno dia";"Decrescente";"Sol";"Simples";"Reta;Aclive";"Não";4;0;2;0;2;0;2;2;-4,38439306;-47,53529121;"SPRF-PA";"DEL02-PA";"UOP02-DEL02-PA"
546574;2022-08-12;"sexta-feira";"12:00:00";"BA";324;610;"SIMOES FILHO";"Frear bruscamente";"Queda de ocupante de veículo";"Com Vítimas Feridas";"Pleno dia";"Crescente";"Céu Claro";"Dupla";"Reta";"Sim";2;0;1;0;1;0;1;1;-12,82931703;-38,41113193;"SPRF-BA";"DEL01-BA";"UOP01-DEL01-BA"
546927;2022-02-08;"terça-feira";"11:00:00";"MT";70;684;"CACERES";"Chuva";"Saída de leito carroçável";"Com Vítimas Feridas";"Pleno dia";"Crescente";"Chuva";"Simples";"Curva";"Não";2;0;0;1;1;0;1;1;-16,24868908;-57,53184915;"SPRF-MT";"DEL03-MT";"UOP02-DEL03-MT"
547151;2022-09-06;"terça-feira";"18:20:00";"SE";101;114;"ITAPORANGA DAJUDA";"Condutor deixou de manter distância do veículo da frente";"Colisão lateral mesmo sentido";"Com Vítimas Feridas";"Anoitecer";"Crescente";"Céu Claro";"Dupla";"Ponte";"Sim";3;0;1;1;1;0;2;2;-10,997623;-37,302944;"SPRF-SE";"DEL02-SE";"UOP01-DEL02-SE"
547204;2022-01-08;"sábado";"16:50:00";"PA";316;65,6;"CASTANHAL";"Ingestão de álcool pelo condutor";"Colisão traseira";"Sem Vítimas";"Pleno dia";"Crescente";"Chuva";"Dupla";"Reta";"Sim";2;0;0;0;2;0;0;2;-1,295019;-47,897547;"SPRF-PA";"DEL01-PA";"UOP01-DEL01-PA"
547540;2022-03-13;"domingo";"05:00:00";"BA";101;718;"EUNAPOLIS";"Reação tardia ou ineficiente do condutor";"Queda de ocupante de veículo";"Com Vítimas Feridas";"Amanhecer";"Decrescente";"Ignorado";"Simples";"Reta";"Sim";1;0;1;0;0;0;1;1;-16,37845032;-39,58219528;"SPRF-BA";"DEL09-BA";"UOP01-DEL09-BA"
548031;2022-12-31;"sábado";"03:30:00";"SP";381;34,6;"ATIBAIA";"Ingestão de álcool pelo condutor";"Colisão com objeto";"Com Vítimas Feridas";"Plena Noite";"Crescente";"Céu Claro";"Dupla";"Reta";"Não";3;0;0;2;1;0;2;2;-23,079939;-46,569862;"SPRF-SP";"DEL03-SP";"UOP02-DEL03-SP"
548431;2022-12-03;"sábado";"21:30:00";"PR";476;285;"SAO MATEUS DO SUL";"Reação tardia ou ineficiente do condutor";"Colisão traseira";"Com Vítimas Fatais";"Plena Noite";"Crescente";"Nublado";"Simples";"Reta";"Não";4;1;1;1;0;1;2;3;-25,907349;-50,444057;"SPRF-PR";"DEL02-PR";"UOP03-DEL02-PR"
549098;2022-11-06;"domingo";"23:55:00";"GO";153;642,9;"MORRINHOS";"Velocidade Incompatível";"Saída de leito carroçável";"Com Vítimas Feridas";"Plena Noite";"Decrescente";"Céu Claro";"Dupla";"Curva";"Não";1;0;1;0;0;0;1;1;-17,8972;-49,2348;"SPRF-GO";"DEL03-GO";"UOP01-DEL03-GO"
549907;2022-12-20;"terça-feira";"17:00:00";"BA";367;82;"EUNAPOLIS";"Desrespeitar a preferência no cruzamento";"Colisão transversal";"Com Vítimas Feridas";"Pleno dia";"Decrescente";"Céu Claro";"Simples";"Reta;Retorno Regulamentado";"Sim";2;0;0;1;1;0;1;2;-16,37205962;-39,56163401;"SPRF-BA";"DEL09-BA";"UOP03-DEL09-BA"
550021;2022-06-07;"terça-feira";"16:32:00";"MG";365;472;"PATROCINIO";"Condutor deixou de manter distância do veículo da frente";"Colisão traseira";"Com Vítimas Feridas";"Pleno dia";"Crescente";"Céu Claro";"Simples";"Rotatória";"Sim";2;0;0;1;1;0;1;2;-18,92444801;-46,99964415;"SPRF-MG";"DEL10-MG";"UOP01-DEL10-MG"
550876;2022-10-15;"sábado";"18:00:00";"PR";376;199;"MANDAGUARI";"Ingestão de álcool pelo condutor";"Colisão traseira";"Com Vítimas Feridas";"Anoitecer";"Crescente";"Céu Claro";"Dupla";"Reta;Declive";"Não";3;0;1;0;2;0;1;2;-23,50719669;-51,73201193;"SPRF-PR";"DEL09-PR";"UOP01-DEL09-PR"
551628;2022-11-01;"terça-feira";"15:30:00";"SC";101;339;"TUBARAO";"Desrespeitar a preferência no cruzamento";"Colisão transversal";"Com Vítimas Feridas";"Pleno dia";"Decrescente";"Céu Claro";"Simples";"Interseção de Vias";"Sim";3;0;0;2;1;0;2;2;-28,49351117;-49,04178985;"SPRF-SC";"DEL02-SC";"UOP01-DEL02-SC"
552253;2022-06-23;"quinta-feira";"18:30:00";"PR";476;132;"CURITIBA";"Reação tardia ou ineficiente do condutor";"Queda de ocupante de veículo";"Com Vítimas Feridas";"Anoitecer";"Crescente";"Ignorado";"Múltipla";"Reta";"Sim";1;0;1;0;0;0;1;1;-25,46536181;-49,25209522;"SPRF-PR";"DEL01-PR";"UOP03-DEL01-PR"
552469;2022-08-15;"segunda-feira";"10:20:00";"PB";230;17,5;"JOAO PESSOA";"Ausência de reação do condutor";"Queda de ocupante de veículo";"Com Vítimas Feridas";"Pleno dia";"Crescente";"Céu Claro";"Dupla";"Curva";"Sim";1;0;1;0;0;0;1;1;-7,1121;-34,8426;"SPRF-PB";"DEL01-PB";"UOP01-DEL01-PB"
552562;2022-09-25;"domingo";"22:34:00";"RJ";40;112;"DUQUE DE CAXIAS";"Pedestre cruzava a pista fora da faixa";"Atropelamento de Pedestre";"Com Vítimas Fatais";"Plena Noite";"Crescente";"Céu Claro";"Dupla";"Reta";"Sim";2;1;1;0;0;0;1;2;-22,7004454;-43,29014851;"SPRF-RJ";"DEL01-RJ";"UOP01-DEL01-RJ"
552753;2022-06-20;"segunda-feira";"06:30:00";"RJ";101;555;"PARATY";"Demais falhas mecânicas ou elétricas";"Incêndio";"Sem Vítimas";"Pleno dia";"Crescente";"Céu Claro";"Simples";"Reta";"Não";1;0;0;0;1;0;0;1;-23,07564299;-44,69734406;"SPRF-RJ";"DEL03-RJ";"UOP04-DEL03-RJ"
553836;2022-03-07;"segunda-feira";"20:30:00";"CE";0;0;"FORTALEZA";"Acesso irregular";"Colisão transversal";"Com Vítimas Feridas";"Plena Noite";"Não Informado";"Nublado";"Dupla";"Reta";"Sim";3;0;3;0;0;0;3;2;-3,868144;-38,509952;"SPRF-CE";"DEL01-CE";"UOP02-DEL01-CE"
554152;2022-11-20;"domingo";"13:46:00";"RJ";116;298;"PORTO REAL";"Avarias e/ou desgaste excessivo no pneu";"Tombamento";"Com Vítimas Feridas";"Pleno dia";"Decrescente";"Ignorado";"Dupla";"Reta";"Não";2;0;1;0;1;0;1;1;-22,45083254;-44,33823701;"SPRF-RJ";"DEL07-RJ";"UOP02-DEL07-RJ"
555442;2022-06-12;"domingo";"03:55:00";"MT";70;516;"VARZEA GRANDE";"Ausência de reação do condutor";"Queda de ocupante de veículo";"Com Vítimas Feridas";"Plena Noite";"Decrescente";"Céu Claro";"Simples";"Reta";"Não";2;0;1;1;0;0;2;1;-15,70212748;-56,15566134;"SPRF-MT";"DEL01-MT";"UOP02-DEL01-MT"
555508;2022-10-13;"quinta-feira";"19:40:00";"PR";376;2,7;"SAO JOSE DOS PINHAIS";"Entrada inopinada do pedestre";"Atropelamento de Pedestre";"Com Vítimas Feridas";"Plena Noite";"Decrescente";"Chuva";"Dupla";"Reta";"Sim";2;0;1;0;1;0;1;2;-25,5307;-49,1958;"SPRF-PR";"DEL01-PR";"UOP04-DEL01-PR"
555783;2022-01-08;"sábado";"09:00:00";"RJ";101;470;"ANGRA DOS REIS";"Velocidade Incompatível";"Colisão traseira";"Com Vítimas Feridas";"Pleno dia";"Crescente";"Chuva";"Simples";"Curva";"Não";3;0;3;0;0;0;3;2;-23,00904327;-44,23336029;"SPRF-RJ";"DEL03-RJ";"UOP03-DEL03-RJ"
556158;2022-07-31;"domingo";"02:20:00";"PR";376;106,9;"PARANAVAI";"Acesso irregular";"Colisão com objeto";"Com Vítimas Feridas";"Plena Noite";"Decrescente";"Céu Claro";"Dupla";"Reta";"Sim";4;0;2;2;0;0;4;2;-23,061387;-52,434008;"SPRF-PR";"DEL09-PR";"UOP02-DEL09-PR"
557489;2022-07-30;"sábado";"05:30:00";"BA";101;565,5;"ARATACA";"Neblina";"Colisão frontal";"Com Vítimas Feridas";"Amanhecer";"Decrescente";"Nevoeiro/Neblina";"Simples";"Reta";"Não";1;0;0;1;0;0;1;1;-15,249635;-39,447848;"SPRF-BA";"DEL05-BA";"UOP02-DEL05-BA"
558105;2022-07-09;"sábado";"06:40:00";"RJ";40;46;"PETROPOLIS";"Reação tardia ou ineficiente do condutor";"Colisão traseira";"Com Vítimas Feridas";"Pleno dia";"Decrescente";"Céu Claro";"Dupla";"Reta";"Não";3;0;2;0;1;0;2;2;-22,28561813;-43,12096273;"SPRF-RJ";"DEL05-RJ";"UOP02-DEL05-RJ"
558272;2022-01-01;"sábado";"17:00:00";"BA";101;579;"CAMACAN";"Velocidade Incompatível";"Colisão traseira";"Com Vítimas Fatais";"Pleno dia";"Decrescente";"Céu Claro";"Simples";"Reta";"Não";2;1;0;0;1;0;0;2;-15,506674;-39,431982;"SPRF-BA";"DEL05-BA";"UOP02-DEL05-BA"
558308;2022-12-24;"sábado";"08:45:00";"RJ";101;181;"RIO DAS OSTRAS";"Transitar na contramão";"Colisão lateral sentido oposto";"Com Vítimas Feridas";"Pleno dia";"Decrescente";"Céu Claro";"Simples";"Curva;Declive";"Não";18;0;12;2;4;0;14;4;-22,41692381;-42,00103036;"SPRF-RJ";"DEL08-RJ";"UOP04-DEL08-RJ"
558448;2022-05-18;"quarta-feira";"05:20:00";"PR";376;3,7;"APUCARANA";"Ausência de reação do condutor";"Tombamento";"Com Vítimas Feridas";"Amanhecer";"Crescente";"Céu Claro";"Dupla";"Reta;Interseção de Vias";"Sim";1;0;1;0;0;0;1;1;-23,5574443;-51,44178092;"SPRF-PR";"DEL07-PR";"UOP03-DEL07-PR"
558468;2022-10-23;"domingo";"00:30:00";"MT";174;290;"PONTES E LACERDA";"Ausência de reação do condutor";"Saída de leito carroçável";"Com Vítimas Feridas";"Plena Noite";"Crescente";"Céu Claro";"Simples";"Reta";"Sim";1;0;0;1;0;0;1;1;-15,24096;-59,314924;"SPRF-MT";"DEL04-MT";"UOP01-DEL04-MT"
559512;2022-09-09;"sexta-feira";"15:25:00";"PR";376;57;"GUAIRACA";"Ultrapassagem Indevida";"Colisão frontal";"Com Vítimas Feridas";"Pleno dia";"Crescente";"Céu Claro";"Simples";"Reta";"Não";4;0;2;2;0;0;4;2;-22,922052;-52,870415;"SPRF-PR";"DEL09-PR";"UOP02-DEL09-PR"
559670;2022-08-20;"sábado";"13:00:00";"BA";116;823;"VITORIA DA CONQUISTA";"Condutor deixou de manter distância do veículo da frente";"Colisão lateral mesmo sentido";"Com Vítimas Feridas";"Pleno dia";"Decrescente";"Céu Claro";"Simples";"Reta";"Sim";2;0;1;0;1;0;1;2;-14,8079923;-40,78877284;"SPRF-BA";"DEL08-BA";"UOP01-DEL08-BA"
559681;2022-03-15;"terça-feira";"03:10:00";"MG";381;495,5;"BETIM";"Reação tardia ou ineficiente do condutor";"Saída de leito carroçável";"Com Vítimas Fatais";"Plena Noite";"Decrescente";"Céu Claro";"Dupla";"Reta;Interseção de Vias";"Sim";2;2;0;0;0;0;0;1;-19,97506412;-44,18995837;"SPRF-MG";"DEL01-MG";"UOP03-DEL01-MG"
560082;2022-12-30;"sexta-feira";"10:40:00";"AL";316;216,8;"ATALAIA";"Velocidade Incompatível";"Saída de leito carroçável";"Com Vítimas Fatais";"Pleno dia";"Crescente";"Céu Claro";"Simples";"Curva";"Não";1;1;0;0;0;0;0;1;-9,50359801;-36,21487807;"SPRF-AL";"DEL01-AL";"UOP01-DEL01-AL"
560796;2022-01-13;"quinta-feira";"20:25:00";"RO";319;40,5;"PORTO VELHO";"Pedestre andava na pista";"Atropelamento de Pedestre";"Com Vítimas Fatais";"Plena Noite";"Decrescente";"Nublado";"Simples";"Reta";"Não";2;1;0;0;0;1;0;2;-8,63091;-63,99644;"SPRF-RO";"DEL01-RO";"UOP01-DEL01-RO"
561093;2022-11-21;"segunda-feira";"17:30:00";"SC";280;12,7;"SAO FRANCISCO DO SUL";"Acessar a via sem observar a presença dos outros veículos";"Colisão transversal";"Com Vítimas Feridas";"Pleno dia";"Decrescente";"Céu Claro";"Simples";"Reta";"Não";2;0;1;0;1;0;1;2;-26,31323107;-48,64449483;"SPRF-SC";"DEL03-SC";"UOP03-DEL03-SC"
561210;2022-12-15;"quinta-feira";"12:00:00";"BA";110;365;"CATU";"Reação tardia ou ineficiente do condutor";"Queda de ocupante de veículo";"Com Vítimas Feridas";"Pleno dia";"Crescente";"Céu Claro";"Simples";"Reta";"Não";1;0;1;0;0;0;1;1;-12,40218146;-38,38093209;"SPRF-BA";"DEL01-BA";"UOP04-DEL01-BA"
561352;2022-08-29;"segunda-feira";"10:20:00";"PB";230;344,9;"PATOS";"Ultrapassagem Indevida";"Colisão lateral mesmo sentido";"Com Vítimas Feridas";"Pleno dia";"Decrescente";"Céu Claro";"Simples";"Reta;Declive";"Não";5;0;5;0;0;0;5;2;-6,9799;-37,3373;"SPRF-PB";"DEL03-PB";"UOP01-DEL03-PB"
562850;2022-05-20;"sexta-feira";"04:30:00";"PE";232;119,3;"CARUARU";"Velocidade Incompatível";"Colisão traseira";"Com Vítimas Feridas";"Plena Noite";"Decrescente";"Céu Claro";"Dupla";"Declive;Reta";"Não";4;0;0;3;0;1;3;2;-8,2962792;-35,89314995;"SPRF-PE";"DEL02-PE";"UOP01-DEL02-PE"
563087;2022-11-23;"quarta-feira";"22:00:00";"SC";101;131,7;"BALNEARIO CAMBORIU";"Área urbana sem a presença de local apropriado para a travessia de pedestres";"Atropelamento de Pedestre";"Com Vítimas Fatais";"Plena Noite";"Crescente";"Nublado";"Múltipla";"Reta";"Sim";2;1;0;0;1;0;0;2;-26,99549751;-48,6577008;"SPRF-SC";"DEL04-SC";"UOP03-DEL04-SC"
564962;2022-09-26;"segunda-feira";"08:20:00";"MG";116;527;"CARATINGA";"Acessar a via sem observar a presença dos outros veículos";"Tombamento";"Com Vítimas Feridas";"Pleno dia";"Decrescente";"Nublado";"Simples";"Reta";"Sim";3;0;1;1;1;0;2;2;-19,77659798;-42,13326573;"SPRF-MG";"DEL06-MG";"UOP02-DEL06-MG"
565596;2022-08-25;"quinta-feira";"01:00:00";"SC";101;365;"SANGAO";"Ausência de reação do condutor";"Colisão traseira";"Com Vítimas Feridas";"Plena Noite";"Crescente";"Céu Claro";"Dupla";"Reta";"Não";3;0;0;2;1;0;2;2;-28,68290284;-49,14759308;"SPRF-SC";"DEL02-SC";"UOP01-DEL02-SC"
565859;2022-07-31;"domingo";"21:10:00";"CE";20;358,8;"MARANGUAPE";"Curva acentuada";"Tombamento";"Com Vítimas Feridas";"Plena Noite";"Crescente";"Nublado";"Simples";"Retorno Regulamentado";"Não";7;0;6;0;1;0;6;1;-4,03936964;-38,99855442;"SPRF-CE";"DEL02-CE";"UOP01-DEL02-CE"
565903;2022-07-17;"domingo";"05:30:00";"GO";20;239,6;"GUARANI DE GOIAS";"Velocidade Incompatível";"Colisão transversal";"Com Vítimas Fatais";"Amanhecer";"Crescente";"Céu Claro";"Simples";"Reta";"Não";5;1;3;1;0;0;4;2;-14,032931;-46,24836;"SPRF-DF";"DEL02-DF";"UOP03-DEL02-DF"
567085;2022-08-14;"domingo";"17:40:00";"MG";40;515;"RIBEIRAO DAS NEVES";"Manobra de mudança de faixa";"Colisão lateral mesmo sentido";"Com Vítimas Feridas";"Anoitecer";"Crescente";"Céu Claro";"Dupla";"Aclive;Reta";"Sim";3;0;1;0;1;1;1;3;-19,81007292;-44,09478664;"SPRF-MG";"DEL01-MG";"UOP02-DEL01-MG"
567124;2022-11-23;"quarta-feira";"18:25:00";"ES";101;272;"SERRA";"Demais falhas mecânicas ou elétricas";"Incêndio";"Sem Vítimas";"Plena Noite";"Crescente";"Nublado";"Múltipla";"Declive";"Não";1;0;0;0;0;1;0;1;-20,22724888;-40,28426988;"SPRF-ES";"DEL02-ES";"UOP01-DEL02-ES"