"id";"data_inversa";"dia_semana";"horario";"uf";"br";"km";"municipio";"causa_acidente";"tipo_acidente";"classificacao_acidente";"fase_dia";"sentido_via";"condicao_metereologica";"tipo_pista";"tracado_via";"uso_solo";"pessoas";"mortos";"feridos_leves";"feridos_graves";"ilesos";"ignorados";"feridos";"veiculos";"latitude";"longitude";"regional";"delegacia";"uop"
567860;2022-11-01;"terça-feira";"20:30:00";"RS";0;0;"SAO MARCOS";"Acumulo de areia ou detritos sobre o pavimento";"Colisão traseira";"Sem Vítimas";"Plena Noite";"Não Informado";"Céu Claro";"Dupla";"Interseção de Vias;Reta";"Sim";3;0;0;0;3;0;0;2;-28,96971958;-51,06091261;"SPRF-RS";"DEL05-RS";"UOP01-DEL05-RS"
568738;2022-09-23;"sexta-feira";"22:00:00";"TO";153;626;"ALIANCA DO TOCANTINS";"Deficiência do Sistema de Iluminação/Sinalização";"Colisão traseira";"Com Vítimas Feridas";"Plena Noite";"Crescente";"Céu Claro";"Simples";"Reta";"Não";3;0;2;0;1;0;2;2;-11,32701095;-48,94753813;"SPRF-TO";"DEL01-TO";"UOP02-DEL01-TO"
573534;2022-07-02;"sábado";"10:00:00";"RS";471;174;"RIO PARDO";"Acessar a via sem observar a presença dos outros veículos";"Colisão transversal";"Sem Vítimas";"Pleno dia";"Crescente";"Céu Claro";"Simples";"Rotatória";"Sim";2;0;0;0;2;0;0;2;-29,98192548;-52,36925125;"SPRF-RS";"DEL02-RS";"UOP03-DEL02-RS"
573541;2022-07-25;"segunda-feira";"17:30:00";"GO";414;439;"ANAPOLIS";"Ingestão de álcool pelo condutor";"Colisão traseira";"Sem Vítimas";"Anoitecer";"Decrescente";"Céu Claro";"Simples";"Rotatória;Viaduto";"Sim";2;0;0;0;2;0;0;2;-16,28128823;-48,94258908;"SPRF-GO";"DEL02-GO";"UOP01-DEL02-GO"
573550;2022-10-23;"domingo";"19:00:00";"MS";163;144,6;"NAVIRAI";"Ingestão de álcool pelo condutor";"Tombamento";"Com Vítimas Feridas";"Anoitecer";"Decrescente";"Céu Claro";"Simples";"Reta";"Não";1;0;1;0;0;0;1;1;-22,9978191;-54,38541902;"SPRF-MS";"DEL09-MS";"UOP01-DEL09-MS"
573598;2022-06-12;"domingo";"07:30:00";"RS";386;392,5;"TRIUNFO";"Ingestão de álcool pelo condutor";"Saída de leito carroçável";"Sem Vítimas";"Amanhecer";"Crescente";"Céu Claro";"Dupla";"Curva";"Não";1;0;0;0;1;0;0;1;-29,7064684;-51,65179253;"SPRF-RS";"DEL04-RS";"UOP02-DEL04-RS"
573998;2022-05-02;"segunda-feira";"04:50:00";"PR";376;310;"MAUA DA SERRA";"Obstrução na via";"Colisão com objeto";"Com Vítimas Feridas";"Plena Noite";"Crescente";"Céu Claro";"Dupla";"Reta";"Não";1;0;1;0;0;0;1;1;-23,98736915;-51,08456976;"SPRF-PR";"DEL07-PR";"UOP02-DEL07-PR"
574161;2022-02-17;"quinta-feira";"01:40:00";"PE";232;138,1;"CARUARU";"Animais na Pista";"Atropelamento de Animal";"Com Vítimas Feridas";"Plena Noite";"Crescente";"Céu Claro";"Dupla";"Reta";"Não";3;0;1;0;2;0;1;1;-8,31829493;-36,05907802;"SPRF-PE";"DEL02-PE";"UOP03-DEL02-PE"
574193;2022-07-03;"domingo";"18:30:00";"CE";222;2,1;"FORTALEZA";"Ingestão de álcool pelo condutor";"Colisão traseira";"Sem Vítimas";"Plena Noite";"Decrescente";"Nublado";"Múltipla";"Reta";"Sim";2;0;0;0;2;0;0;2;-3,73911117;-38,58687498;"SPRF-CE";"DEL01-CE";"UOP01-DEL01-CE"
574227;2022-01-25;"terça-feira";"23:00:00";"MS";262;361;"CAMPO GRANDE";"Ingestão de álcool pelo condutor";"Saída de leito carroçável";"Com Vítimas Feridas";"Plena Noite";"Crescente";"Nublado";"Simples";"Reta";"Não";1;0;1;0;0;0;1;1;-20,51862128;-54,71615777;"SPRF-MS";"DEL01-MS";"UOP03-DEL01-MS"
574369;2022-11-12;"sábado";"05:32:00";"PE";101;46;"IGARASSU";"Ingestão de álcool pelo condutor";"Colisão traseira";"Sem Vítimas";"Amanhecer";"Decrescente";"Céu Claro";"Múltipla";"Reta";"Sim";2;0;0;0;2;0;0;2;-7,87406004;-34,90588126;"SPRF-PE";"DEL01-PE";"UOP02-DEL01-PE"
574756;2022-08-07;"domingo";"16:20:00";"PE";232;176;"BELO JARDIM";"Entrada inopinada do pedestre";"Atropelamento de Pedestre";"Com Vítimas Fatais";"Pleno dia";"Crescente";"Céu Claro";"Simples";"Reta";"Sim";2;1;0;0;1;0;0;2;-8,34573608;-36,39481995;"SPRF-PE";"DEL03-PE";"UOP02-DEL03-PE"
574869;2022-06-02;"quinta-feira";"20:30:00";"MS";262;590;"MIRANDA";"Ingestão de álcool pelo condutor";"Tombamento";"Com Vítimas Feridas";"Plena Noite";"Decrescente";"Vento";"Simples";"Reta";"Não";1;0;1;0;0;0;1;1;-20,13470228;-56,65510301;"SPRF-MS";"DEL03-MS";"UOP02-DEL03-MS"
574889;2022-12-09;"sexta-feira";"10:00:00";"PR";476;121;"CURITIBA";"Acessar a via sem observar a presença dos outros veículos";"Colisão transversal";"Com Vítimas Feridas";"Pleno dia";"Decrescente";"Ignorado";"Múltipla";"Reta;Interseção de Vias";"Sim";2;0;0;1;0;1;1;2;-25,38351;-49,2011;"SPRF-PR";"DEL01-PR";"UOP01-DEL01-PR"
575235;2022-02-11;"sexta-feira";"00:05:00";"PE";232;141;"SAO CAITANO";"Animais na Pista";"Atropelamento de Animal";"Sem Vítimas";"Plena Noite";"Decrescente";"Céu Claro";"Dupla";"Declive";"Não";1;0;0;0;0;1;0;1;-8,32108263;-36,08591505;"SPRF-PE";"DEL03-PE";"UOP02-DEL03-PE"
575309;2022-10-03;"segunda-feira";"09:40:00";"MA";135;180;"SAO MATEUS DO MARANHAO";"Condutor deixou de manter distância do veículo da frente";"Colisão transversal";"Com Vítimas Feridas";"Pleno dia";"Decrescente";"Sol";"Simples";"Reta";"Sim";4;0;1;1;2;0;2;2;-4,02061306;-44,46649723;"SPRF-MA";"DEL03-MA";"UOP01-DEL03-MA"
575664;2022-07-17;"domingo";"23:55:00";"GO";80;2,5;"PADRE BERNARDO";"Reação tardia ou ineficiente do condutor";"Colisão com objeto";"Com Vítimas Fatais";"Plena Noite";"Crescente";"Céu Claro";"Dupla";"Curva";"Não";1;1;0;0;0;0;0;1;-15,50142921;-48,21612954;"SPRF-DF";"DEL03-DF";"UOP02-DEL03-DF"
575711;2022-12-23;"sexta-feira";"17:40:00";"RJ";40;6,5;"COMENDADOR LEVY GASPARIAN";"Ingestão de álcool pelo condutor";"Colisão traseira";"Com Vítimas Feridas";"Pleno dia";"Crescente";"Céu Claro";"Simples";"Reta";"Não";3;0;1;0;1;1;1;3;-22,02486387;-43,23469877;"SPRF-RJ";"DEL05-RJ";"UOP02-DEL05-RJ"
576394;2022-06-27;"segunda-feira";"20:20:00";"BA";235;349;"JUAZEIRO";"Ingestão de álcool pelo condutor";"Colisão traseira";"Sem Vítimas";"Plena Noite";"Crescente";"Céu Claro";"Dupla";"Curva";"Sim";3;0;0;0;1;2;0;2;-9,43174507;-40,49803816;"SPRF-PE";"DEL06-PE";"UOP01-DEL06-PE"
576448;2022-06-24;"sexta-feira";"23:50:00";"CE";116;11,8;"FORTALEZA";"Ingestão de álcool pelo condutor";"Colisão lateral mesmo sentido";"Com Vítimas Feridas";"Plena Noite";"Crescente";"Céu Claro";"Dupla";"Reta";"Sim";3;0;0;2;1;0;2;2;-3,84811751;-38,49692523;"SPRF-CE";"DEL01-CE";"UOP02-DEL01-CE"
576591;2022-01-23;"domingo";"01:20:00";"AL";101;173;"TEOTONIO VILELA";"Ingestão de álcool e/ou substâncias psicoativas pelo pedestre";"Colisão frontal";"Sem Vítimas";"Plena Noite";"Crescente";"Céu Claro";"Simples";"Reta";"Sim";5;0;0;0;1;4;0;3;-9,90706536;-36,35090419;"SPRF-AL";"DEL02-AL";"UOP02-DEL02-AL"
576696;2022-07-10;"domingo";"17:30:00";"RJ";101;433;"MANGARATIBA";"Ingestão de álcool e/ou substâncias psicoativas pelo pedestre";"Colisão transversal";"Com Vítimas Feridas";"Anoitecer";"Decrescente";"Céu Claro";"Simples";"Interseção de Vias";"Sim";2;0;0;1;1;0;1;2;-22,93842518;-44,03644001;"SPRF-RJ";"DEL03-RJ";"UOP02-DEL03-RJ"
576955;2022-11-27;"domingo";"00:30:00";"PB";230;11;"CABEDELO";"Ingestão de álcool pelo condutor";"Colisão lateral mesmo sentido";"Com Vítimas Feridas";"Plena Noite";"Crescente";"Céu Claro";"Dupla";"Reta";"Sim";3;0;1;1;1;0;2;3;-7,0596;-34,8506;"SPRF-PB";"DEL01-PB";"UOP01-DEL01-PB"
577024;2022-08-21;"domingo";"18:55:00";"RS";285;293;"PASSO FUNDO";"Ingestão de álcool pelo condutor";"Colisão transversal";"Sem Vítimas";"Anoitecer";"Crescente";"Céu Claro";"Dupla";"Rotatória";"Não";2;0;0;0;2;0;0;2;-28,236645;-52,375156;"SPRF-RS";"DEL08-RS";"UOP03-DEL08-RS"
578015;2022-05-29;"domingo";"20:30:00";"PR";277;122,9;"CAMPO LARGO";"Condutor deixou de manter distância do veículo da frente";"Colisão traseira";"Com Vítimas Feridas";"Plena Noite";"Decrescente";"Chuva";"Dupla";"Reta";"Sim";2;0;2;0;0;0;2;2;-25,459087;-49,52876;"SPRF-PR";"DEL03-PR";"UOP03-DEL03-PR"
578130;2022-12-22;"quinta-feira";"17:50:00";"MG";381;492;"BETIM";"Ausência de reação do condutor";"Colisão traseira";"Com Vítimas Feridas";"Pleno dia";"Decrescente";"Céu Claro";"Múltipla";"Reta";"Sim";2;0;0;1;1;0;1;2;-19,97490091;-44,19004301;"SPRF-MG";"DEL01-MG";"UOP03-DEL01-MG"
579202;2022-04-30;"sábado";"06:30:00";"SP";116;161,2;"JACAREI";"Ingestão de álcool pelo condutor";"Colisão frontal";"Com Vítimas Fatais";"Amanhecer";"Decrescente";"Chuva";"Simples";"Reta";"Sim";3;1;0;0;2;0;0;2;-23,27617003;-45,97592098;"SPRF-SP";"DEL02-SP";"UOP01-DEL02-SP"
579543;2022-12-06;"terça-feira";"22:36:00";"SP";101;51,8;"UBATUBA";"Ingestão de álcool pelo condutor";"Colisão transversal";"Com Vítimas Feridas";"Plena Noite";"Decrescente";"Garoa/Chuvisco";"Simples";"Reta";"Sim";2;0;1;0;1;0;1;2;-23,4598633;-45,06743073;"SPRF-SP";"DEL06-SP";"UOP01-DEL06-SP"
579709;2022-03-12;"sábado";"14:20:00";"RJ";393;131;"SAPUCAIA";"Ingestão de álcool pelo condutor";"Colisão com objeto";"Sem Vítimas";"Pleno dia";"Decrescente";"Céu Claro";"Simples";"Curva";"Sim";2;0;0;0;2;0;0;1;-21,96975292;-42,87664106;"SPRF-RJ";"DEL05-RJ";"UOP01-DEL05-RJ"
579778;2022-12-30;"sexta-feira";"08:38:00";"SP";153;256;"MARILIA";"Ingestão de álcool pelo condutor";"Atropelamento de Pedestre";"Com Vítimas Fatais";"Pleno dia";"Crescente";"Céu Claro";"Dupla";"Reta";"Sim";5;1;0;0;1;3;0;2;-22,234128;-49,919046;"SPRF-SP";"DEL07-SP";"UOP02-DEL07-SP"
580932;2022-06-11;"sábado";"23:38:00";"SP";153;53,5;"SAO JOSE DO RIO PRETO";"Ingestão de álcool pelo condutor";"Colisão lateral mesmo sentido";"Sem Vítimas";"Plena Noite";"Crescente";"Céu Claro";"Dupla";"Reta";"Sim";5;0;0;0;4;1;0;3;-20,74488916;-49,33894564;"SPRF-SP";"DEL09-SP";"UOP01-DEL09-SP"
581673;2022-05-06;"sexta-feira";"18:40:00";"MG";262;889,9;"CAMPO FLORIDO";"Reação tardia ou ineficiente do condutor";"Saída de leito carroçável";"Com Vítimas Feridas";"Anoitecer";"Decrescente";"Ignorado";"Dupla";"Interseção de Vias;Reta";"Não";1;0;1;0;0;0;1;1;-19,62908735;-48,84881973;"SPRF-MG";"DEL13-MG";"UOP02-DEL13-MG"
582123;2022-11-04;"sexta-feira";"10:10:00";"RJ";40;123;"DUQUE DE CAXIAS";"Entrada inopinada do pedestre";"Atropelamento de Pedestre";"Com Vítimas Feridas";"Pleno dia";"Decrescente";"Céu Claro";"Dupla";"Reta";"Sim";3;0;0;1;2;0;1;2;-22,79907687;-43,29015739;"SPRF-RJ";"DEL01-RJ";"UOP01-DEL01-RJ"
583118;2022-01-23;"domingo";"04:15:00";"SC";101;204;"SAO JOSE";"Ingestão de álcool pelo condutor";"Colisão com objeto";"Com Vítimas Feridas";"Amanhecer";"Decrescente";"Céu Claro";"Múltipla";"Reta";"Sim";1;0;1;0;0;0;1;1;-27,57413014;-48,61363083;"SPRF-SC";"DEL01-SC";"UOP01-DEL01-SC"
584009;2022-10-21;"sexta-feira";"21:00:00";"PI";135;600;"CORRENTE";"Animais na Pista";"Atropelamento de Animal";"Com Vítimas Feridas";"Plena Noite";"Decrescente";"Céu Claro";"Simples";"Reta";"Não";1;0;0;1;0;0;1;1;-10,51777342;-45,18700262;"SPRF-PI";"DEL03-PI";"UOP02-DEL03-PI"
584571;2022-11-24;"quinta-feira";"21:05:00";"MG";50;175;"UBERABA";"Ingestão de álcool pelo condutor";"Colisão traseira";"Sem Vítimas";"Plena Noite";"Decrescente";"Céu Claro";"Dupla";"Reta";"Sim";5;0;0;0;4;1;0;3;-19,77880359;-47,9695118;"SPRF-MG";"DEL13-MG";"UOP01-DEL13-MG"
584967;2022-01-15;"sábado";"20:30:00";"PR";163;275;"QUATRO PONTES";"Ingestão de álcool pelo condutor";"Saída de leito carroçável";"Sem Vítimas";"Plena Noite";"Crescente";"Céu Claro";"Dupla";"Curva";"Não";1;0;0;0;1;0;0;1;-24,61125308;-53,95455801;"SPRF-PR";"DEL06-PR";"UOP02-DEL06-PR"
584970;2022-08-27;"sábado";"05:00:00";"PR";116;128;"FAZENDA RIO GRANDE";"Ingestão de álcool pelo condutor";"Colisão traseira";"Com Vítimas Feridas";"Amanhecer";"Crescente";"Nevoeiro/Neblina";"Dupla";"Reta";"Sim";2;0;1;0;1;0;1;2;-25,659585;-49,312783;"SPRF-PR";"DEL01-PR";"UOP03-DEL01-PR"
585174;2022-03-20;"domingo";"21:30:00";"RJ";101;267;"RIO BONITO";"Ausência de reação do condutor";"Colisão traseira";"Com Vítimas Feridas";"Plena Noite";"Crescente";"Chuva";"Dupla";"Reta";"Sim";3;0;1;1;1;0;2;2;-22,70728329;-42,66059086;"SPRF-RJ";"DEL02-RJ";"UOP03-DEL02-RJ"
585224;2022-01-15;"sábado";"22:50:00";"PR";163;286;"MARECHAL CANDIDO RONDON";"Ingestão de álcool pelo condutor";"Colisão transversal";"Com Vítimas Feridas";"Plena Noite";"Crescente";"Céu Claro";"Simples";"Reta";"Não";5;0;0;1;4;0;1;2;-24,568102;-54,034168;"SPRF-PR";"DEL06-PR";"UOP02-DEL06-PR"
585317;2022-04-30;"sábado";"11:00:00";"PR";277;33;"MORRETES";"Ingestão de álcool pelo condutor";"Colisão traseira";"Sem Vítimas";"Pleno dia";"Crescente";"Garoa/Chuvisco";"Dupla";"Curva";"Não";2;0;0;0;2;0;0;2;-25,56164558;-48,81603241;"SPRF-PR";"DEL01-PR";"UOP05-DEL01-PR"
585825;2022-09-14;"quarta-feira";"02:45:00";"PR";277;687,7;"SAO MIGUEL DO IGUACU";"Ingestão de álcool pelo condutor";"Colisão transversal";"Sem Vítimas";"Plena Noite";"Crescente";"Céu Claro";"Dupla";"Interseção de Vias";"Sim";2;0;0;0;2;0;0;2;-25,344716;-54,23169;"SPRF-PR";"DEL05-PR";"UOP01-DEL05-PR"
585893;2022-06-05;"domingo";"01:50:00";"SC";282;21,7;"SANTO AMARO DA IMPERATRIZ";"Ingestão de álcool pelo condutor";"Saída de leito carroçável";"Com Vítimas Feridas";"Plena Noite";"Crescente";"Garoa/Chuvisco";"Simples";"Curva";"Sim";2;0;2;0;0;0;2;1;-27,68907;-48,717541;"SPRF-SC";"DEL01-SC";"UOP02-DEL01-SC"
586083;2022-10-03;"segunda-feira";"06:30:00";"MT";364;207;"RONDONOPOLIS";"Condutor deixou de manter distância do veículo da frente";"Colisão traseira";"Com Vítimas Feridas";"Pleno dia";"Crescente";"Céu Claro";"Dupla";"Rotatória";"Não";2;0;0;1;1;0;1;2;-16,44808343;-54,66557622;"SPRF-MT";"DEL02-MT";"UOP01-DEL02-MT"
586640;2022-08-07;"domingo";"16:30:00";"PR";116;43;"CAMPINA GRANDE DO SUL";"Ingestão de álcool pelo condutor";"Saída de leito carroçável";"Sem Vítimas";"Pleno dia";"Crescente";"Chuva";"Dupla";"Curva";"Não";1;0;0;0;1;0;0;1;-25,18101149;-48,88196442;"SPRF-PR";"DEL01-PR";"UOP02-DEL01-PR"
586961;2022-10-02;"domingo";"07:00:00";"RS";392;315,4;"SAO SEPE";"Ingestão de álcool pelo condutor";"Saída de leito carroçável";"Com Vítimas Feridas";"Pleno dia";"Crescente";"Céu Claro";"Simples";"Reta";"Não";1;0;1;0;0;0;1;1;-30,02945506;-53,68153036;"SPRF-RS";"DEL09-RS";"UOP01-DEL09-RS"
587255;2022-05-31;"terça-feira";"06:15:00";"PA";10;21;"DOM ELISEU";"Desrespeitar a preferência no cruzamento";"Colisão transversal";"Com Vítimas Feridas";"Amanhecer";"Crescente";"Céu Claro";"Simples";"Declive";"Não";2;0;1;1;0;0;2;2;-4,26099379;-47,56135941;"SPRF-PA";"DEL02-PA";"UOP02-DEL02-PA"
587867;2022-02-06;"domingo";"18:45:00";"PR";369;157;"CAMBE";"Ingestão de álcool pelo condutor";"Colisão com objeto";"Sem Vítimas";"Anoitecer";"Decrescente";"Céu Claro";"Dupla";"Reta";"Sim";2;0;0;0;2;0;0;2;-23,2853801;-51,238851;"SPRF-PR";"DEL07-PR";"UOP01-DEL07-PR"
588085;2022-12-19;"segunda-feira";"15:20:00";"SC";282;564;"NOVA ERECHIM";"Acessar a via sem observar a presença dos outros veículos";"Queda de ocupante de veículo";"Com Vítimas Feridas";"Pleno dia";"Crescente";"Ignorado";"Simples";"Curva";"Não";2;0;1;0;1;0;1;2;-26,90148184;-52,8694725;"SPRF-SC";"DEL07-SC";"UOP02-DEL07-SC"
588107;2022-07-24;"domingo";"17:00:00";"RR";174;628;"AMAJARI";"Condutor deixou de manter distância do veículo da frente";"Colisão traseira";"Com Vítimas Fatais";"Anoitecer";"Crescente";"Nublado";"Simples";"Reta";"Não";8;1;2;2;0;3;4;2;3,835898;-60,997311;"SPRF-RR";"DEL01-RR";"UOP01-DEL01-RR"
588115;2022-11-13;"domingo";"06:30:00";"PI";343;15,5;"PARNAIBA";"Ingestão de álcool pelo condutor";"Colisão frontal";"Com Vítimas Feridas";"Pleno dia";"Decrescente";"Céu Claro";"Simples";"Reta";"Sim";4;0;1;0;3;0;1;2;-2,93980507;-41,75549269;"SPRF-PI";"DEL05-PI";"UOP01-DEL05-PI"
588312;2022-01-03;"segunda-feira";"09:30:00";"MG";251;404,8;"GRAO MOGOL";"Reação tardia ou ineficiente do condutor";"Colisão frontal";"Com Vítimas Fatais";"Pleno dia";"Decrescente";"Garoa/Chuvisco";"Simples";"Reta";"Não";3;1;0;1;1;0;1;2;-16,2558969;-42,94907706;"SPRF-MG";"DEL12-MG";"UOP01-DEL12-MG"
588722;2022-05-07;"sábado";"17:30:00";"ES";259;95,9;"BAIXO GUANDU";"Avarias e/ou desgaste excessivo no pneu";"Tombamento";"Com Vítimas Feridas";"Anoitecer";"Crescente";"Nublado";"Simples";"Reta";"Não";2;0;1;1;0;0;2;1;-19,50504875;-40,93851854;"SPRF-ES";"DEL02-ES";"UOP01-DEL02-ES"
589634;2022-12-09;"sexta-feira";"19:45:00";"RO";364;717;"PORTO VELHO";"Afundamento ou ondulação no pavimento";"Queda de ocupante de veículo";"Com Vítimas Feridas";"Plena Noite";"Crescente";"Nublado";"Dupla";"Reta";"Não";1;0;0;1;0;0;1;1;-8,792073;-63,904822;"SPRF-RO";"DEL01-RO";"UOP01-DEL01-RO"
591714;2022-11-09;"quarta-feira";"19:10:00";"DF";80;5,2;"BRASILIA";"Acessar a via sem observar a presença dos outros veículos";"Colisão transversal";"Com Vítimas Feridas";"Plena Noite";"Crescente";"Céu Claro";"Simples";"Reta";"Não";7;0;4;0;3;0;4;3;-15,72935078;-48,1240654;"SPRF-DF";"DEL03-DF";"UOP02-DEL03-DF"
592600;2022-04-02;"sábado";"03:00:00";"GO";153;73;"PORANGATU";"Acessar a via sem observar a presença dos outros veículos";"Colisão transversal";"Com Vítimas Feridas";"Plena Noite";"Decrescente";"Céu Claro";"Simples";"Reta";"Sim";19;0;0;1;18;0;1;2;-13,475327;-49,136101;"SPRF-GO";"DEL07-GO";"UOP01-DEL07-GO"
592871;2022-12-29;"quinta-feira";"00:15:00";"RN";101;75;"SAO GONCALO DO AMARANTE";"Ausência de reação do condutor";"Atropelamento de Pedestre";"Com Vítimas Fatais";"Plena Noite";"Crescente";"Céu Claro";"Simples";"Reta";"Não";2;1;0;0;0;1;0;2;-5,72019795;-35,27552247;"SPRF-RN";"DEL02-RN";"UOP01-DEL02-RN"
593086;2022-11-17;"quinta-feira";"19:30:00";"PR";369;137;"IBIPORA";"Ingestão de álcool pelo condutor";"Colisão frontal";"Com Vítimas Feridas";"Plena Noite";"Decrescente";"Céu Claro";"Simples";"Reta";"Sim";4;0;0;2;1;1;2;3;-23,27053997;-51,0453397;"SPRF-PR";"DEL07-PR";"UOP01-DEL07-PR"
593241;2022-02-23;"quarta-feira";"09:20:00";"MG";116;701,5;"MURIAE";"Manobra de mudança de faixa";"Colisão traseira";"Com Vítimas Feridas";"Pleno dia";"Crescente";"Céu Claro";"Simples";"Reta";"Sim";2;0;2;0;0;0;2;2;-21,11084891;-42,3806104;"SPRF-MG";"DEL07-MG";"UOP02-DEL07-MG"
593251;2022-09-09;"sexta-feira";"16:00:00";"RO";319;15;"PORTO VELHO";"Demais falhas mecânicas ou elétricas";"Saída de leito carroçável";"Com Vítimas Feridas";"Pleno dia";"Decrescente";"Céu Claro";"Simples";"Reta";"Não";1;0;0;1;0;0;1;1;-8;-63;"SPRF-RO";"DEL01-RO";"UOP01-DEL01-RO"
594534;2022-09-12;"segunda-feira";"04:47:00";"RJ";101;382;"RIO DE JANEIRO";"Acessar a via sem observar a presença dos outros veículos";"Queda de ocupante de veículo";"Com Vítimas Feridas";"Amanhecer";"Decrescente";"Céu Claro";"Dupla";"Reta";"Sim";2;0;0;1;0;1;1;2;-22,87265669;-43,60655915;"SPRF-RJ";"DEL03-RJ";"UOP01-DEL03-RJ"
596798;2022-10-22;"sábado";"19:30:00";"MG";356;264,3;"MURIAE";"Condutor deixou de manter distância do veículo da frente";"Colisão traseira";"Com Vítimas Feridas";"Plena Noite";"Decrescente";"Céu Claro";"Simples";"Reta";"Não";2;0;1;0;0;1;1;2;-21,12552649;-42,37547729;"SPRF-MG";"DEL05-MG";"UOP01-DEL05-MG"
599471;2022-12-19;"segunda-feira";"10:58:00";"TO";153;503,2;"PARAISO DO TOCANTINS";"Ultrapassagem Indevida";"Colisão frontal";"Com Vítimas Feridas";"Pleno dia";"Crescente";"Chuva";"Simples";"Reta";"Não";7;0;2;2;3;0;4;2;-10,22749198;-48,87609117;"SPRF-TO";"DEL01-TO";"UOP01-DEL01-TO"
600660;2022-07-02;"sábado";"17:45:00";"BA";415;22;"ILHEUS";"Velocidade Incompatível";"Tombamento";"Com Vítimas Feridas";"Plena Noite";"Crescente";"Garoa/Chuvisco";"Simples";"Curva";"Não";1;0;0;1;0;0;1;1;-14,8482;-39,281986;"SPRF-BA";"DEL05-BA";"UOP01-DEL05-BA"
601844;2022-11-22;"terça-feira";"01:20:00";"SP";381;28;"ATIBAIA";"Condutor Dormindo";"Saída de leito carroçável";"Com Vítimas Feridas";"Plena Noite";"Decrescente";"Ignorado";"Dupla";"Reta";"Não";3;0;3;0;0;0;3;1;-23,03614495;-46,55183601;"SPRF-SP";"DEL03-SP";"UOP02-DEL03-SP"
601983;2022-07-30;"sábado";"22:52:00";"PR";116;10;"COLOMBO";"Ultrapassagem Indevida";"Colisão lateral mesmo sentido";"Sem Vítimas";"Plena Noite";"Decrescente";"Céu Claro";"Dupla";"Reta";"Sim";2;0;0;0;2;0;0;2;-25,3719;-49,134;"SPRF-PR";"DEL01-PR";"UOP02-DEL01-PR"
602627;2022-11-23;"quarta-feira";"12:50:00";"SC";101;389;"CRICIUMA";"Ausência de reação do condutor";"Tombamento";"Com Vítimas Feridas";"Pleno dia";"Decrescente";"Céu Claro";"Simples";"Aclive;Interseção de Vias;Reta";"Não";2;0;2;0;0;0;2;1;-28,80434687;-49,36966717;"SPRF-SC";"DEL02-SC";"UOP02-DEL02-SC"
605349;2022-06-20;"segunda-feira";"01:30:00";"SC";101;207;"SAO JOSE";"Ingestão de álcool pelo condutor";"Colisão frontal";"Com Vítimas Feridas";"Plena Noite";"Crescente";"Céu Claro";"Múltipla";"Curva";"Sim";3;0;1;2;0;0;3;2;-27,60001226;-48,6226467;"SPRF-SC";"DEL01-SC";"UOP01-DEL01-SC"
605467;2022-06-22;"quarta-feira";"12:20:00";"RJ";101;524;"ANGRA DOS REIS";"Reação tardia ou ineficiente do condutor";"Colisão transversal";"Com Vítimas Feridas";"Pleno dia";"Crescente";"Céu Claro";"Simples";"Reta";"Não";2;0;1;0;1;0;1;2;-22,99959786;-44,47765217;"SPRF-RJ";"DEL03-RJ";"UOP03-DEL03-RJ"
608101;2022-12-24;"sábado";"14:00:00";"MT";70;3,8;"BARRA DO GARCAS";"Reação tardia ou ineficiente do condutor";"Tombamento";"Com Vítimas Feridas";"Pleno dia";"Crescente";"Céu Claro";"Dupla";"Declive;Reta";"Sim";1;0;0;1;0;0;1;1;-15,87860466;-52,28657484;"SPRF-MT";"DEL07-MT";"UOP01-DEL07-MT"
608153;2022-07-10;"domingo";"22:20:00";"SC";116;36;"ITAIOPOLIS";"Transitar na contramão";"Colisão frontal";"Com Vítimas Feridas";"Plena Noite";"Crescente";"Céu Claro";"Simples";"Reta";"Não";4;0;2;2;0;0;4;2;-26,3385056;-50,01471809;"SPRF-SC";"DEL06-SC";"UOP01-DEL06-SC"
610529;2022-11-09;"quarta-feira";"23:41:00";"PE";232;87,7;"GRAVATA";"Ausência de reação do condutor";"Saída de leito carroçável";"Sem Vítimas";"Plena Noite";"Crescente";"Céu Claro";"Dupla";"Reta";"Não";1;0;0;0;0;1;0;1;-8,21379064;-35,62898606;"SPRF-PE";"DEL02-PE";"UOP02-DEL02PE"
614333;2022-07-26;"terça-feira";"02:30:00";"SC";101;201;"SAO JOSE";"Acessar a via sem observar a presença dos outros veículos";"Atropelamento de Pedestre";"Com Vítimas Feridas";"Plena Noite";"Crescente";"Céu Claro";"Dupla";"Reta";"Sim";2;0;0;2;0;0;2;2;-27,54836599;-48,61977975;"SPRF-SC";"DEL01-SC";"UOP01-DEL01-SC"
614646;2022-01-19;"quarta-feira";"04:10:00";"MA";222;638,3;"ACAILANDIA";"Velocidade Incompatível";"Tombamento";"Com Vítimas Feridas";"Plena Noite";"Crescente";"Céu Claro";"Simples";"Curva";"Não";6;0;2;3;1;0;5;1;-4,781428;-47,18019;"SPRF-MA";"DEL04-MA";"UOP03-DEL04-MA"
617171;2022-09-30;"sexta-feira";"13:05:00";"SC";470;56;"BLUMENAU";"Acesso irregular";"Colisão transversal";"Com Vítimas Feridas";"Pleno dia";"Decrescente";"Nublado";"Simples";"Reta";"Não";2;0;1;0;1;0;1;2;-26,87674;-49,127743;NA;NA;NA
621057;2022-07-03;"domingo";"00:52:00";"TO";153;137;"ARAGUAINA";"Velocidade Incompatível";"Saída de leito carroçável";"Com Vítimas Feridas";"Plena Noite";"Decrescente";"Céu Claro";"Simples";"Reta";"Sim";29;0;9;2;17;1;11;2;-7,14630299;-48,20255603;NA;NA;NA